elapsed_runtime_s,Temperature TS inlet (Mean),Temperature TS outlet (Mean),Tank temperature (Mean),Bypass temperature (Mean),Pump outlet pressure (Mean),TS inlet pressure (Mean),TS outlet pressure (Mean),Differential pressure (Mean),Pump to inlet DP,Total system DP,Flow rate (Mean),Pressure_Ratio,Relative_Ratio_Dev,run_specific_time_s,label,rel_tot_dp_change,rel_ts_dp_change,rel_p_ts_dp_change,anomaly_score,smooth_score
5615.0,-1.515871,21.03078,-2.124647,23.02663,0.130673,0.077267,0.07412,0.0031469999999999,0.053406,0.056553,1.27358,0.0589248600370737,0.313433271822964,0.0,0,1.0233521827640815,1.316185696361368,1.0091836734693886,0.1293027648409244,0.1293027648409244
5616.0,-1.505108,21.029861,-2.125041,23.02978,0.130121,0.077083,0.074745,0.0023379999999999,0.0530379999999999,0.0553759999999999,1.598902,0.0440807707535962,0.017441010145007,1.0,0,1.002053833974213,0.9778335424508564,1.0022297808012084,0.2569760117313014,0.2569760117313014
5617.0,-1.496577,21.042724,-2.121235,23.027943,0.130691,0.07639,0.074262,0.002128,0.054301,0.056429,1.301869,0.039188243526942,0.1264952877240189,2.0,0,1.0211083465279358,0.8900041823505181,1.0260959939531378,0.1516643613917974,0.1516643613917974
5618.0,-1.491327,21.031567,-2.119922,23.026499,0.130167,0.075739,0.073401,0.002338,0.054428,0.056766,1.278295,0.042955042348748,0.0425334607852567,3.0,0,1.0272065143632672,0.9778335424508982,1.028495842781558,0.13349797765169447,0.13349797765169447
5619.0,-1.471376,21.038393,-2.12491,23.030699,0.130241,0.076138,0.073705,0.0024329999999999,0.054103,0.0565359999999999,1.146281,0.0449689486914089,0.0023564480770117,4.0,0,1.0230445600542855,1.017565872020076,1.0223544973544982,0.14689244442429772,0.14689244442429772
5620.0,-1.468882,21.025135,-2.125041,23.028599,0.13002,0.076406,0.073238,0.003168,0.0536139999999999,0.056782,1.349017,0.0590879418073301,0.3170683593386199,5.0,0,1.027496041619544,1.324968632371448,1.013114134542705,0.12307745910366263,0.15968762708466586
5621.0,-1.452344,21.029861,-2.126616,23.022298,0.129386,0.076185,0.073448,0.002737,0.053201,0.055938,1.339588,0.0514454343821661,0.1467171098651571,6.0,0,1.0122234788509397,1.1447093266416204,1.0053099017384741,0.1863382495703182,0.17100520277203587
5622.0,-1.441713,21.038393,-2.126879,23.032012,0.129386,0.077041,0.074566,0.002475,0.052345,0.05482,1.334873,0.0472815496886104,0.0539042513686001,7.0,0,0.991992761818594,1.035131744040194,0.9891345427059722,0.23435277121875747,0.1654091416270947
5623.0,-1.435937,21.033274,-2.12386,23.027943,0.129827,0.076805,0.074125,0.00268,0.053022,0.055702,2.042094,0.0505441035022537,0.1266264729785606,8.0,0,1.0079529518208559,1.1208699289000887,1.0019274376417242,0.1991664856774819,0.16234792767226822
5624.0,-1.420187,21.020016,-2.129372,23.029912,0.130222,0.076306,0.074949,0.0013569999999999,0.053916,0.055273,1.523465,0.0251683142608082,0.4389990688981948,9.0,0,1.0001900022619326,0.5675449602676523,1.0188208616780055,0.03560774523642307,0.16729324853865657
5625.0,-1.413362,21.023298,-2.133704,23.031749,0.129818,0.076506,0.074157,0.002349,0.0533119999999999,0.0556609999999999,1.297155,0.044060548083957,0.0178917728134714,10.0,0,1.0072110382266446,0.9824341279799658,1.0074074074074064,0.24247852171462447,0.16916678853517358
5626.0,-1.399186,21.019622,-2.127535,23.031093,0.129671,0.076359,0.073768,0.0025909999999999,0.053312,0.055903,1.349017,0.0485997786656161,0.0832875336910541,11.0,0,1.011590137977834,1.0836470096194095,1.0074074074074082,0.2010154002818893,0.1701072405632778
5627.0,-1.388555,21.020541,-2.120447,23.031881,0.129258,0.077178,0.073863,0.0033149999999999,0.05208,0.055395,1.415025,0.0636508515581497,0.418775473776928,12.0,0,1.0023976475910437,1.3864491844416722,0.9841269841269851,0.12105222184353293,0.1668035453617824
5628.0,-1.381992,21.033274,-2.130685,23.031487,0.129249,0.076401,0.073647,0.0027539999999999,0.052848,0.055602,1.424454,0.0521107305720068,0.1615465409542444,13.0,0,1.0061434064691255,1.1518193224592284,0.9986394557823138,0.182951186315578,0.16654761423839382
5629.0,-1.375167,21.023954,-2.131079,23.034769,0.128872,0.0766,0.074776,0.001824,0.0522719999999999,0.0540959999999999,1.28301,0.0348937309892297,0.2222198367470168,14.0,0,0.9788916534720642,0.7628607277290156,0.9877551020408153,0.16562784438946787,0.1647315905690672
5630.0,-1.37241,21.01004,-2.132522,23.029255,0.129148,0.077278,0.07433,0.002948,0.05187,0.054818,1.787495,0.0568332979892426,0.2668124197415997,15.0,0,0.9919565709115593,1.2329569217900975,0.980158730158731,0.13248197938470463,0.1847509227341011
5631.0,-1.355741,21.032749,-2.130029,23.035556,0.129405,0.077041,0.07422,0.002821,0.0523639999999999,0.055185,1.433884,0.0538718609758427,0.2008020821122826,16.0,0,0.9985976023524098,1.1798410706817726,0.9894935752078599,0.15330129755536448,0.18567336667754514
5632.0,-1.341697,21.026185,-2.125041,23.034769,0.129001,0.076012,0.073485,0.002527,0.052989,0.055516,1.499891,0.0476882430647292,0.0629694338957755,17.0,0,1.0045871974666374,1.0568799665412403,1.0013038548752844,0.23179345998487155,0.19111568105986915
5633.0,-1.330409,21.016997,-2.137247,23.034112,0.12889,0.076926,0.074267,0.0026589999999999,0.051964,0.054623,1.726202,0.0511690560954487,0.140556646570791,18.0,0,0.9884279574756851,1.1120869928900088,0.9819349962207115,0.1810062489842157,0.20394960704633597
5634.0,-1.323715,21.034717,-2.130422,23.034375,0.129065,0.075708,0.073338,0.0023699999999999,0.053357,0.055727,1.396165,0.0444169571573146,0.0099474258089489,19.0,0,1.0084053381587885,0.9912170639899619,1.0082577475434626,0.235801066886762,0.20346045600684542
5635.0,-1.315709,21.016866,-2.128454,23.034244,0.128725,0.076705,0.074414,0.002291,0.05202,0.054311,1.627191,0.0440399069606505,0.0183518628009843,20.0,0,0.9827821759782863,0.958176495190337,0.9829931972789123,0.25170296114906504,0.20023928176449993
5636.0,-1.309015,21.022116,-2.130685,23.02978,0.128679,0.075949,0.073852,0.002097,0.0527299999999999,0.0548269999999999,1.457458,0.0397678784775559,0.1135752429556682,21.0,0,0.9921194299932132,0.8770388958595096,0.9964096749811026,0.25543854410512945,0.1993480265394491
5637.0,-1.299433,21.029205,-2.130554,23.031224,0.128955,0.07596,0.073773,0.0021869999999999,0.0529949999999999,0.0551819999999999,1.40088,0.0412672654539964,0.0801539545392692,22.0,0,0.9985433159918561,0.9146800501882021,1.0014172335600897,0.24939148170820108,0.20445505092351182
5638.0,-1.285651,21.028417,-2.129897,23.030437,0.128642,0.076511,0.074661,0.0018499999999999,0.052131,0.053981,1.641336,0.03548684109568,0.208999431180061,23.0,0,0.9768106763175761,0.7737348389794969,0.9850907029478466,0.17805967592067234,0.19217454126771677
5639.0,-1.280007,21.021329,-2.133704,23.028205,0.128936,0.076684,0.073684,0.003,0.0522519999999999,0.0552519999999999,1.740347,0.0574129715040285,0.2797333241041271,24.0,0,0.9998099977380673,1.254705144291144,0.9873771730914579,0.13341610196601272,0.18606453794821723
5640.0,-1.266619,21.036949,-2.12806,23.030437,0.128697,0.076416,0.073311,0.0031049999999999,0.052281,0.055386,1.353732,0.05938946482537,0.3237892979011372,25.0,0,1.0022347885093879,1.298619824341292,0.9879251700680282,0.12356942713419694,0.1837169607397411
5641.0,-1.256119,21.02566,-2.127666,23.027943,0.128725,0.075765,0.073107,0.0026579999999999,0.05296,0.055618,1.396165,0.0501878740960328,0.1186861307488467,26.0,0,1.0064329337254023,1.1116687578419118,1.000755857898716,0.20437154139599129,0.17283001878990814
5642.0,-1.257169,21.031042,-2.123204,23.024398,0.128964,0.075865,0.074167,0.001698,0.0530989999999999,0.054797,1.311299,0.0319774011299436,0.2872247373337512,27.0,0,0.991576566387696,0.7101631116687875,1.0033824640967488,0.10898836342692098,0.1690343210569309
5643.0,-1.2426,21.033405,-2.129897,23.024136,0.129065,0.076674,0.073212,0.003462,0.052391,0.055853,1.466888,0.0660787906550619,0.4728941596734732,28.0,0,1.0106853653019687,1.44792973651198,0.9900037792894945,0.11990621578922045,0.16300136309435928
5644.0,-1.235775,21.023298,-2.128716,23.025054,0.129386,0.075702,0.073432,0.00227,0.0536839999999999,0.055954,1.565899,0.0422836919064917,0.0574978409697444,29.0,0,1.0125130061072165,0.9493935591802989,1.0144368858654562,0.21232529480200069,0.16247252193737935
5645.0,-1.228556,21.021066,-2.123729,23.024923,0.129074,0.076406,0.073406,0.003,0.0526679999999999,0.0556679999999999,1.188714,0.0569595017942243,0.2696254985743598,30.0,0,1.0073377064012656,1.254705144291144,0.9952380952380943,0.14283354165073547,0.16829425226878283
5646.0,-1.215562,21.026054,-2.128585,23.020066,0.128881,0.076275,0.073695,0.0025799999999999,0.052606,0.055186,1.405595,0.0490429030357176,0.0931647619251252,31.0,0,0.9986156978059272,1.0790464240903421,0.9940665154950878,0.21748156677535702,0.18112182895733914
5647.0,-1.211755,21.03078,-2.122679,23.021641,0.128909,0.075015,0.073033,0.0019819999999999,0.053894,0.0558759999999999,1.617761,0.0367752110585397,0.1802817053412116,32.0,0,1.0111015607328648,0.8289418653283074,1.0184051398337122,0.18906190208248486,0.18305721811019793
5648.0,-1.197842,21.023035,-2.123729,23.020066,0.128881,0.07618,0.07338,0.0027999999999999,0.052701,0.0555009999999999,1.556469,0.0531289135137185,0.1842418066130058,33.0,0,1.004315765663876,1.1710581346716924,0.995861678004536,0.17277126435087314,0.19847079133310824
5649.0,-1.190754,21.031042,-2.118872,23.027024,0.128679,0.076112,0.073437,0.0026749999999999,0.0525669999999999,0.0552419999999999,1.424454,0.0508864708567949,0.1342578305135209,34.0,0,0.9996290432028944,1.1187787536595617,0.9933295540438387,0.1916334052800473,0.20871936042012723
5650.0,-1.180385,21.029073,-2.11336,23.021773,0.128991,0.075839,0.073595,0.002244,0.0531519999999999,0.055396,1.53761,0.0422177487630051,0.0589677115583114,35.0,0,1.002415743044561,0.9385194479297757,1.0043839758125463,0.2518451940197603,0.21146952881003206
5651.0,-1.178942,21.034717,-2.11756,23.021641,0.129129,0.076007,0.073469,0.0025379999999999,0.0531219999999999,0.0556599999999999,1.490462,0.0477759162697889,0.0649236668714734,36.0,0,1.0071929427731272,1.0614805520702661,1.00381708238851,0.22372543292457908,0.21943940815537794
5652.0,-1.172248,21.027761,-2.11861,23.023742,0.128734,0.075949,0.073537,0.0024119999999999,0.0527849999999999,0.0551969999999999,1.509321,0.0456939339976508,0.0185163476881733,37.0,0,0.9988147477946157,1.008782936010038,0.9974489795918358,0.263124095656024,0.217617378389266
5653.0,-1.161091,21.028286,-2.113622,23.027811,0.128872,0.076327,0.073789,0.002538,0.0525449999999999,0.0550829999999999,1.150995,0.0483005366726299,0.0766174391050431,38.0,0,0.9967518660936431,1.0614805520703077,0.9929138321995454,0.2223919066594104,0.22348116093784848
5654.0,-1.153216,21.030386,-2.115591,23.029124,0.129001,0.076569,0.074083,0.002486,0.052432,0.054918,1.405595,0.0474128888295539,0.0568317966779863,39.0,0,0.9937661162632898,1.0397323295692613,0.9907785336356774,0.2398269787010494,0.2302514434396168
5655.0,-1.147966,21.033799,-2.113885,23.019541,0.129184,0.077194,0.074739,0.0024549999999999,0.0519899999999999,0.0544449999999999,1.481032,0.0472197111038448,0.0525258712644725,40.0,0,0.9852069667496033,1.026767043078211,0.9824263038548742,0.22253233510419368,0.23506460836969872
5656.0,-1.13694,21.027761,-2.115854,23.017834,0.129203,0.076978,0.074351,0.002627,0.052225,0.054852,1.405595,0.0503006165511431,0.1211991565175258,41.0,0,0.9925718163311477,1.0987034713509451,0.9868669690098271,0.19926126911423786,0.2218398390477993
5657.0,-1.128671,21.023823,-2.09866,23.013371,0.129469,0.077425,0.075254,0.0021709999999999,0.052044,0.054215,1.367877,0.0417139014314534,0.0701984526879953,42.0,0,0.9810450124406251,0.9079882894186494,0.9834467120181415,0.2476997275683096,0.22267346329082213
5658.0,-1.123158,21.044168,-2.106666,23.023217,0.129322,0.077173,0.074839,0.002334,0.0521489999999999,0.0544829999999999,1.136851,0.0447555129434324,0.0024010280139348,43.0,0,0.9858945939832607,0.9761606022585101,0.9854308390022665,0.24047408936855652,0.21509792112974724
5659.0,-1.120271,21.031567,-2.112966,23.01836,0.129212,0.076332,0.073852,0.0024799999999999,0.0528799999999999,0.0553599999999999,1.575328,0.0468977515553789,0.0453494030832983,44.0,0,1.0017643067179363,1.037222919280637,0.999244142101284,0.23976505458086644,0.2109357199293537
5660.0,-1.107539,21.031961,-2.107979,23.017178,0.129414,0.07617,0.074398,0.0017719999999999,0.053244,0.0550159999999999,1.499891,0.0332801201990796,0.258187170368552,45.0,0,0.9955394707079837,0.7411125052279272,1.0061224489795928,0.11959750080076614,0.21195448497609473
5661.0,-1.102027,21.021985,-2.09866,23.013634,0.129212,0.075944,0.073894,0.0020499999999999,0.0532679999999999,0.0553179999999999,1.622476,0.0384839212299836,0.1421946095099328,46.0,0,1.0010042976702094,0.8573818485989065,1.0065759637188199,0.23206167535480726,0.18929125084574483
5662.0,-1.095989,21.036161,-2.103123,23.019804,0.129285,0.07533,0.073101,0.0022289999999999,0.053955,0.056184,1.363162,0.0413114389502556,0.0791693287008182,47.0,0,1.0166749604161962,0.9322459222082781,1.0195578231292526,0.18736867404527502,0.19550594832522974
5663.0,-1.088245,21.036818,-2.094066,23.014553,0.129386,0.07659,0.073831,0.002759,0.0527959999999999,0.055555,1.853502,0.0522567570127092,0.1648014657120413,48.0,0,1.0052929201538123,1.1539104976997554,0.9976568405139823,0.18076989465547494,0.1962483985234753
5664.0,-1.08352,21.03288,-2.102598,23.008908,0.129157,0.076133,0.074052,0.0020809999999999,0.0530239999999999,0.0551049999999999,1.448028,0.0392456388495992,0.1252159477921532,49.0,0,0.9971499660710237,0.8703471350899151,1.001965230536658,0.2500146291684598,0.1917480889467278
5665.0,-1.069607,21.030648,-2.096035,23.009302,0.128661,0.075162,0.074052,0.0011099999999999,0.0534989999999999,0.0546089999999999,1.674339,0.0207476635514018,0.5375352337900416,50.0,0,0.988174621126441,0.4642409033876814,1.0109410430838992,-0.004100006199305173,0.19231484414528918
5666.0,-1.073807,21.036161,-2.095904,23.013502,0.1289,0.076164,0.073847,0.0023169999999999,0.0527359999999999,0.0550529999999999,1.660195,0.0439349981986081,0.0206902757982399,51.0,0,0.9962090024881239,0.9690506064408183,0.9965230536659099,0.26140824390908673,0.20437996977649595
5667.0,-1.0616,21.037343,-2.08816,23.011796,0.128725,0.076448,0.074372,0.002076,0.052277,0.054353,1.278295,0.0397107769998853,0.1148480330920482,52.0,0,0.9835421850260131,0.8682559598494717,0.9878495842781565,0.2551242295507654,0.2063445609401593
5668.0,-1.058975,21.036424,-2.090654,23.012452,0.128808,0.075755,0.073086,0.002669,0.053053,0.055722,1.268866,0.050307234138802,0.1213466623377332,53.0,0,1.008314860891202,1.1162693433710211,1.0025132275132285,0.19547099360108122,0.20581103661230782
5669.0,-1.049394,21.028548,-2.08396,23.014553,0.12889,0.076185,0.074141,0.002044,0.052705,0.054749,1.52818,0.0387811634349031,0.1355690901368584,54.0,0,0.9907079846188653,0.8548724383103661,0.9959372637944076,0.24543260656648047,0.19351673661586838
5670.0,-1.043093,21.031173,-2.080154,23.015865,0.12912,0.076548,0.074514,0.002034,0.052572,0.054606,1.349017,0.0386890609248094,0.1376220521820684,55.0,0,0.988120334765891,0.8506900878293955,0.99342403628118,0.24024875711283367,0.18464001296799015
5671.0,-1.037187,21.032355,-2.077791,23.014684,0.129065,0.07597,0.073616,0.0023539999999999,0.053095,0.055449,1.160425,0.0443347898146751,0.0117789332849458,56.0,0,1.003374802080978,0.9845253032204092,1.0033068783068793,0.25170758699144063,0.209449548254602
5672.0,-1.029705,21.037211,-2.084223,23.014159,0.128688,0.075639,0.073731,0.0019079999999999,0.053049,0.0549569999999999,1.490462,0.0359660697455229,0.1983174396892282,57.0,0,0.9944718389504628,0.7979924717691258,1.002437641723357,0.1820334307667606,0.20817048952046716
5673.0,-1.022749,21.048237,-2.072673,23.018491,0.129092,0.075692,0.074262,0.00143,0.0534,0.05483,1.240577,0.0267785247467275,0.4031075279507222,58.0,0,0.9921737163537669,0.5980761187787786,1.0090702947845815,0.057826894691080266,0.20759121658796537
5674.0,-1.019074,21.031698,-2.071098,23.011796,0.129184,0.075918,0.074062,0.0018559999999999,0.0532659999999999,0.0551219999999999,1.349017,0.034843336399647,0.2233431305594452,59.0,0,0.9974575887808179,0.7762442492680793,1.006538170823884,0.1612473926896777,0.20626704557847303
5675.0,-1.014349,21.038524,-2.077135,23.011402,0.129157,0.075912,0.073474,0.0024379999999999,0.053245,0.0556829999999999,1.377306,0.0457874769935769,0.0206014181171565,60.0,0,1.0076091382040253,1.019657047260561,1.0061413454270607,0.24399534666681294,0.200079459575612
5676.0,-1.007786,21.034849,-2.080023,23.01219,0.129239,0.076149,0.073926,0.0022229999999999,0.05309,0.0553129999999999,1.594187,0.0418715036446853,0.0666855043255975,61.0,0,1.000913820402623,0.9297365119196959,1.0032123960695398,0.24861765656773877,0.19641802051852908
5677.0,-1.00188,21.031436,-2.069785,23.00707,0.129377,0.076521,0.074067,0.002454,0.0528559999999999,0.05531,1.490462,0.0464271525058178,0.0348597651105817,62.0,0,1.0008595340420727,1.0263488080301557,0.998790627362055,0.24933150022574774,0.19543006464733903
5678.0,-0.998861,21.031305,-2.073067,23.011271,0.129506,0.076527,0.074634,0.0018929999999999,0.052979,0.054872,1.433884,0.0357304643261606,0.2035690770561657,63.0,0,0.9929337254014937,0.79171894604767,1.0011148904006055,0.1822292835061573,0.18931076274377284
5679.0,-0.985735,21.051781,-2.069654,23.008777,0.129432,0.076941,0.075065,0.0018759999999999,0.0524909999999999,0.0543669999999999,1.547039,0.035738779242551,0.2033837378320643,64.0,0,0.9837955213752536,0.7846089502300203,0.9918934240362801,0.18355674653787013,0.18581219932812426
5680.0,-0.984029,21.036161,-2.066767,23.010746,0.129892,0.077598,0.07496,0.002638,0.052294,0.054932,1.542325,0.0504445931733435,0.1244083908855611,65.0,0,0.994019452612532,1.1033040568800128,0.9881708238851105,0.20363436654200456,0.1923629999243777
5681.0,-0.978123,21.04023,-2.063223,23.007201,0.129901,0.0766,0.074445,0.002155,0.0533009999999999,0.0554559999999999,1.259436,0.0404300026265431,0.0988165165571643,66.0,0,1.0035014702555973,0.9012965286491383,1.0071995464852597,0.24182802827954036,0.18751083270013247
5682.0,-0.979698,21.03813,-2.045635,23.012058,0.129846,0.075109,0.072755,0.0023539999999999,0.0547369999999999,0.0570909999999999,1.207573,0.0430048595125871,0.041423037774443,67.0,0,1.033087536756389,0.9845253032204092,1.0343348450491296,0.12084041173109872,0.18819998086576822
5683.0,-0.972872,21.035768,-2.055085,23.007858,0.129524,0.075676,0.074356,0.0013199999999999,0.053848,0.0551679999999999,1.570613,0.0245129900276697,0.4536062253868893,68.0,0,0.9982899796426138,0.5520702634880615,1.0175359032501898,0.022841260534594565,0.18697046219457242
5684.0,-0.965653,21.032355,-2.059679,23.00602,0.129396,0.075755,0.073595,0.00216,0.053641,0.055801,1.41031,0.0402669549979495,0.1024508430562344,69.0,0,1.009744401719069,0.9033877038896236,1.0136243386243395,0.2267553986522119,0.18586874047843016
5685.0,-0.957516,21.035899,-2.049179,23.007595,0.129423,0.07587,0.073322,0.002548,0.053553,0.056101,1.509321,0.0475781454233112,0.0605153609408859,70.0,0,1.01517303777426,1.0656629025512783,1.0119614512471664,0.19547367442436048,0.19290588026153893
5686.0,-0.952134,21.037736,-2.051279,23.008908,0.129166,0.07649,0.074409,0.0020809999999999,0.052676,0.054757,1.41974,0.0395049072650302,0.1194368629891402,71.0,0,0.9908527482470039,0.8703471350899151,0.9953892668178391,0.2555091382240966,0.1944264017832978
5687.0,-0.948065,21.037605,-2.046554,23.007595,0.129827,0.076905,0.074393,0.002512,0.052922,0.055434,1.556469,0.0474651852691646,0.057997482667556,72.0,0,1.0031033702782184,1.0506064408197846,1.0000377928949367,0.23703631351378973,0.19339149171070394
5688.0,-0.946753,21.044037,-2.043535,23.007989,0.129781,0.076091,0.074199,0.001892,0.05369,0.055582,1.311299,0.0352386805982381,0.2145309208414227,73.0,0,1.0057814973987795,0.7913007109996149,1.0145502645502655,0.17121206634473451,0.20337288000888618
5689.0,-0.938615,21.039312,-2.039336,23.005363,0.130075,0.077362,0.074997,0.002365,0.0527129999999999,0.055078,1.476317,0.0448647418143188,3.3680073205699657e-05,74.0,0,0.9966613888260584,0.9891258887495185,0.9960884353741486,0.25392814436895766,0.21231291727290333
5690.0,-0.934546,21.033536,-2.033167,23.007464,0.129984,0.076416,0.07412,0.0022959999999999,0.0535679999999999,0.0558639999999999,1.693198,0.042860609680972,0.0446383619717154,75.0,0,1.0108844152906573,0.9602676704307804,1.0122448979591827,0.2188395817595934,0.20350769757237114
5691.0,-0.929558,21.044168,-2.034217,23.00497,0.129726,0.076285,0.073926,0.002359,0.053441,0.0558,1.551754,0.0441413120766438,0.0160915459636615,76.0,0,1.0097263062655517,0.9866164784609363,1.0098450491307644,0.231478927553602,0.19757647605727172
5692.0,-0.924571,21.035899,-2.036579,23.006414,0.12968,0.076101,0.074052,0.0020489999999999,0.0535789999999999,0.0556279999999999,1.438599,0.038241881298992,0.1475896719381503,77.0,0,1.0066138882605735,0.8569636135508094,1.0124527588813292,0.22065429471292108,0.19675487184900448
5693.0,-0.917877,21.039705,-2.026736,23.000769,0.129616,0.076868,0.07518,0.001688,0.052748,0.054436,1.457458,0.0320006066465716,0.2867074870999795,78.0,0,0.9850441076679493,0.705980761187817,0.9967498110355263,0.1122416331747661,0.18743574820745237
5694.0,-0.910133,21.032224,-2.026342,22.9988,0.13003,0.075587,0.073416,0.002171,0.054443,0.056614,1.726202,0.039875835721108,0.1111688794017045,79.0,0,1.024456005428637,0.9079882894186913,1.028779289493576,0.13870320164688976,0.18380534785323305
5695.0,-0.912758,21.030648,-2.032773,22.998669,0.129873,0.075445,0.073301,0.0021439999999999,0.0544279999999999,0.0565719999999999,1.339588,0.039390765951974,0.121981069257315,80.0,0,1.0236959963809085,0.896695943120029,1.028495842781556,0.13616145927336631,0.16997494118099896
5696.0,-0.900026,21.040099,-2.025554,23.003394,0.129616,0.07639,0.073973,0.002417,0.053226,0.055643,1.15571,0.0454092847614932,0.0121715251916389,81.0,0,1.006885320063335,1.010874111250565,1.005782312925171,0.24729309614142403,0.1687570229305813
5697.0,-0.898714,21.049156,-2.020567,22.99985,0.129487,0.075414,0.072923,0.0024909999999999,0.0540729999999999,0.0565639999999999,1.415025,0.0460665014609607,0.0268208646951217,82.0,0,1.02355123275277,1.0418235048097046,1.02178760393046,0.14384507709826888,0.16483711972355264
5698.0,-0.894382,21.042987,-2.024242,22.9988,0.129267,0.075519,0.072571,0.002948,0.0537479999999999,0.0566959999999999,1.603617,0.0548475320471079,0.2225497595195547,83.0,0,1.0259398326170541,1.2329569217900975,1.0156462585034003,0.1349080628025412,0.16550410155222148
5699.0,-0.887295,21.041543,-2.014398,22.995649,0.128945,0.075114,0.073359,0.001755,0.053831,0.055586,1.160425,0.0326014266607223,0.2733152279335398,84.0,0,1.0058538792128486,0.7340025094103193,1.017214663643236,0.11562407764661697,0.1721048674993068
5700.0,-0.886507,21.03288,-2.022011,22.993286,0.129129,0.075986,0.074015,0.001971,0.0531429999999999,0.0551139999999999,1.631906,0.0370879120879121,0.1733116092586315,85.0,0,0.9973128251526795,0.8243412797992816,1.0042139077853354,0.20666039925541652,0.16822512812034796
5701.0,-0.884538,21.041018,-2.016236,22.995124,0.129423,0.076752,0.074083,0.002669,0.052671,0.05534,1.443314,0.0506720838396112,0.1294791506619472,86.0,0,1.0014023976475919,1.1162693433710211,0.9952947845804998,0.19227989548331542,0.16868043130710586
5702.0,-0.877319,21.036293,-2.006655,22.992105,0.129267,0.076107,0.074104,0.0020029999999999,0.05316,0.0551629999999999,1.306584,0.0376779970278962,0.1601586345567965,87.0,0,0.9981995023750273,0.8377248013383453,1.0045351473922912,0.22732411299960947,0.16328048748824256
5703.0,-0.873644,21.035374,-2.010986,22.988823,0.129331,0.076521,0.073716,0.002805,0.0528099999999999,0.055615,1.221718,0.053113934596959,0.1839079270308476,88.0,0,1.0063786473648504,1.1731493099122197,0.9979213907785326,0.17824929264561956,0.17011047182746142
5704.0,-0.865769,21.034455,-2.011904,22.984885,0.129175,0.075939,0.074288,0.0016509999999999,0.053236,0.054887,1.702628,0.0310122659052914,0.3087375710523029,89.0,0,0.9932051572042533,0.6905060644081844,1.0059712773998497,0.09990580785730141,0.168708532469849
5705.0,-0.861962,21.046006,-2.011904,22.983835,0.129524,0.075293,0.072975,0.002318,0.054231,0.056549,1.561184,0.0427422923735064,0.0472756510235707,90.0,0,1.0232798009500124,0.9694688414889573,1.0247732426303864,0.14071449114094514,0.1825861597506642
5706.0,-0.856975,21.0485,-2.008098,22.987116,0.129414,0.075823,0.07329,0.002533,0.053591,0.056124,1.334873,0.0472645170921034,0.0535245953296408,91.0,0,1.0155892332051581,1.0593893768298226,1.0126795162509457,0.1932936579527909,0.17486611547212028
5707.0,-0.854087,21.036555,-2.006392,22.980553,0.12901,0.075335,0.07329,0.002045,0.053675,0.05572,1.438599,0.0380989641553022,0.1507752905635997,92.0,0,1.0082786699841673,0.8552906733584631,1.0142668178382472,0.21214492049045774,0.16954732574932746
5708.0,-0.853168,21.043643,-2.016104,22.980028,0.129699,0.076301,0.074535,0.0017659999999999,0.053398,0.055164,1.688484,0.0330717803704187,0.2628310585786723,93.0,0,0.9982175978285465,0.738603094939345,1.0090325018896456,0.1208886692264165,0.15705429879963956
5709.0,-0.845424,21.040887,-2.012036,22.97609,0.129184,0.076143,0.073847,0.002296,0.0530409999999999,0.055337,1.41031,0.0432864522453905,0.0351463446412751,94.0,0,1.00134811128704,0.9602676704308222,1.002286470143612,0.2544003504547692,0.1640978066493379
5710.0,-0.838993,21.039574,-2.012692,22.974383,0.128945,0.075639,0.073852,0.0017869999999999,0.053306,0.055093,1.221718,0.0335228018834298,0.2527778032782085,95.0,0,0.9969328206288179,0.7473860309493829,1.007294028722601,0.12945995646997743,0.16131148757051195
5711.0,-0.834793,21.051256,-2.007442,22.975958,0.129028,0.075844,0.07402,0.0018239999999999,0.053184,0.055008,1.344303,0.0342953840368523,0.2355569714445264,96.0,0,0.9953947070798471,0.7628607277289737,1.0049886621315203,0.1390919982553871,0.16864453895570913
5712.0,-0.829936,21.041543,-2.018467,22.971101,0.129589,0.075293,0.073479,0.0018139999999999,0.054296,0.05611,1.396165,0.0334088439508627,0.2553179220010638,97.0,0,1.0153358968559159,0.7586783772480032,1.0260015117157983,0.1023938435027304,0.17549281376770157
5713.0,-0.827574,21.045481,-2.014004,22.969395,0.129423,0.07617,0.073847,0.002323,0.053253,0.055576,1.41974,0.0436211364404552,0.0276862444887301,98.0,0,1.0056729246776757,0.9715600167294425,1.0062925170068036,0.24868437114260317,0.1748918163133248
5714.0,-0.819042,21.038524,-2.00508,22.970314,0.129322,0.075398,0.07381,0.001588,0.0539239999999999,0.0555119999999999,1.386736,0.029448307834956,0.3435981471151408,99.0,0,1.0045148156525665,0.6641572563781122,1.0189720332577465,0.0720426170690418,0.18258130653271193
5715.0,-0.819567,21.043118,-2.013086,22.967163,0.129184,0.075645,0.073238,0.002407,0.0535389999999999,0.0559459999999999,1.372591,0.0449570414643258,0.0020910363608659,100.0,0,1.0123682424790763,1.0066917607695944,1.0116969009826142,0.21404500499291718,0.17349200513379043
5716.0,-0.815761,21.05375,-2.015711,22.969263,0.129497,0.076637,0.074235,0.002402,0.05286,0.055262,1.570613,0.0454399273566523,0.0128545476713131,101.0,0,0.9999909522732422,1.0046005855291094,0.9988662131519283,0.261776406072715,0.17180917115980723
5717.0,-0.816155,21.049156,-2.016498,22.967163,0.129166,0.075797,0.073821,0.001976,0.053369,0.055345,1.217003,0.037024545624883,0.1747240457210652,102.0,0,1.0014928749151784,0.8264324550397668,1.0084845049130773,0.20613494594668985,0.16297134144423012
5718.0,-0.809854,21.051125,-2.018729,22.965981,0.129497,0.075608,0.073348,0.0022599999999999,0.053889,0.056149,1.721487,0.0419372796437186,0.065219359381623,103.0,0,1.0160416195430906,0.9452112086992867,1.0183106575963727,0.1977835714202883,0.1631478214486642
5719.0,-0.79896,21.049681,-2.016367,22.970445,0.128964,0.075162,0.07328,0.001882,0.0538019999999999,0.055684,1.52818,0.0349794621117783,0.2203088927292428,104.0,0,1.0076272336575445,0.7871183605186444,1.0166666666666657,0.16350733646555426,0.14471859889538624
5720.0,-0.802767,21.039312,-2.019648,22.969395,0.129221,0.075603,0.073847,0.001756,0.053618,0.055374,1.264151,0.0327495850351555,0.2700127824401204,105.0,0,1.0020176430671803,0.7344207444584163,1.0131897203325784,0.11263161673014532,0.16132224750820334
5721.0,-0.790035,21.053094,-2.014398,22.969132,0.129267,0.07545,0.07402,0.00143,0.0538169999999999,0.0552469999999999,1.240577,0.0265710357129585,0.4077324519695362,106.0,0,0.9997195204704808,0.5980761187787786,1.0169501133786838,0.05071370109961593,0.14990023750779707
5722.0,-0.784916,21.045875,-2.020042,22.970445,0.128798,0.076028,0.074414,0.001614,0.05277,0.054384,1.476317,0.030584980386955,0.3182617517800642,107.0,0,0.9841031440850495,0.6750313676286355,0.9971655328798195,0.10415864354707094,0.13608957570672323
5723.0,-0.786754,21.041281,-2.017286,22.966769,0.128945,0.075582,0.074083,0.001499,0.053363,0.054862,1.41031,0.0280900981935387,0.3738725971863995,108.0,0,0.9927527708663207,0.6269343370974749,1.00837112622827,0.06439214560982387,0.13959657874172263
5724.0,-0.778353,21.039837,-2.019123,22.966244,0.128991,0.075608,0.073506,0.0021019999999999,0.053383,0.0554849999999999,1.316014,0.0393750936610218,0.1223304041283568,109.0,0,1.0040262384075993,0.879130071099953,1.0087490551776275,0.23807910319721276,0.13703966247191685
5725.0,-0.780847,21.060445,-2.021748,22.971889,0.129074,0.07544,0.073768,0.0016719999999999,0.053634,0.0553059999999999,1.495176,0.0311736739069636,0.3051397917856009,110.0,0,1.0007871522280019,0.6992890004182224,1.0134920634920643,0.09982490498885443,0.13902300141951157
5726.0,-0.776778,21.051256,-2.016892,22.972151,0.128918,0.075277,0.073485,0.001792,0.053641,0.055433,1.603617,0.0334066589612617,0.2553666253503597,111.0,0,1.0030852748247012,0.74947720618991,1.0136243386243395,0.1236697880619766,0.13286540037822656
5727.0,-0.773235,21.040756,-2.025948,22.97202,0.128945,0.076395,0.07392,0.002475,0.05255,0.055025,1.29244,0.047097105668779,0.0497929999836492,112.0,0,0.9957023297896412,1.035131744040194,0.9930083144368868,0.24120497629668386,0.12962955333016188
5728.0,-0.767984,21.040099,-2.026998,22.967688,0.128991,0.076983,0.074262,0.002721,0.052008,0.054729,1.202858,0.0523178680612971,0.1661636290577115,113.0,0,0.9903460755485193,1.1380175658720675,0.9827664399092979,0.17221440872223043,0.1177480400283543
5729.0,-0.76024,21.036818,-2.024636,22.964931,0.128854,0.075865,0.073962,0.001903,0.0529889999999999,0.0548919999999999,1.367877,0.0359124363087375,0.1995129273036556,114.0,0,0.993295634471838,0.7959012965286824,1.0013038548752824,0.18334072594150141,0.11669467418500941
5730.0,-0.76339,21.052438,-2.015579,22.965063,0.129386,0.074883,0.073254,0.001629,0.0545029999999999,0.056132,1.53761,0.029887714663144,0.333803782773075,115.0,0,1.0157339968332966,0.6813048933500911,1.0299130763416469,0.051055606317295554,0.10134292265842007
5731.0,-0.757615,21.041412,-2.025686,22.96375,0.129276,0.076222,0.07507,0.001152,0.053054,0.054206,1.382021,0.0217133163698049,0.516010862923107,116.0,0,0.9808821533589693,0.4818067754077993,1.0025321239606961,0.018355230618969043,0.09637591343511613
5732.0,-0.750396,21.042724,-2.021354,22.9627,0.129543,0.07596,0.074981,0.0009789999999999,0.0535829999999999,0.0545619999999999,1.264151,0.0182703792176768,0.5927538234588695,117.0,0,0.9873241348111278,0.4094521120869682,1.0125283446712008,-0.01465648947100473,0.10108102789652365
5733.0,-0.753153,21.047844,-2.026342,22.960731,0.130011,0.076196,0.07475,0.001446,0.0538149999999999,0.0552609999999999,1.499891,0.0268693325405084,0.401083425091291,118.0,0,0.9999728568197231,0.6047678795483314,1.016912320483748,0.05385848717637476,0.08471828144326488
5734.0,-0.74554,21.054275,-2.024636,22.967425,0.130149,0.075781,0.07402,0.0017609999999999,0.0543679999999999,0.0561289999999999,1.179284,0.0323897809413452,0.2780328043434613,119.0,0,1.0156797104727429,0.7365119196988597,1.0273620559334835,0.08456158793131918,0.07560221836065124
5735.0,-0.745277,21.054669,-2.031592,22.967557,0.129947,0.075513,0.073894,0.0016189999999999,0.054434,0.056053,1.372591,0.0297418940020206,0.3370541207105468,120.0,0,1.0143044560054295,0.6771225428690789,1.0286092214663654,0.05015481275581524,0.07203038758355225
5736.0,-0.74764,21.041937,-2.025292,22.966113,0.12969,0.075487,0.073437,0.0020499999999999,0.054203,0.056253,1.481032,0.0378200870784443,0.1569914518113905,121.0,0,1.0179235467088903,0.8573818485989065,1.0242441421012858,0.17072093267605154,0.08515591463181231
5737.0,-0.74449,21.060182,-2.035267,22.964275,0.13002,0.075671,0.073947,0.001724,0.0543489999999999,0.056073,1.495176,0.0317203311867525,0.2929548182598709,122.0,0,1.0146663650757757,0.7210372229193107,1.0270030234315939,0.07757751176409633,0.09836689449448623
5738.0,-0.734777,21.050863,-2.037892,22.964144,0.129947,0.075902,0.074262,0.00164,0.054045,0.055685,1.561184,0.0303445213336787,0.3236215764938676,123.0,0,1.0076453291110616,0.6859054788791586,1.0212585034013615,0.08105377789609403,0.11733935156061497
5739.0,-0.734646,21.044825,-2.034348,22.963881,0.129984,0.07586,0.073448,0.0024119999999999,0.0541239999999999,0.0565359999999999,1.377306,0.0445635103926096,0.0066807588162971,124.0,0,1.0230445600542855,1.008782936010038,1.0227513227513219,0.14762241817051147,0.1349601355446832
5740.0,-0.724802,21.046137,-2.032773,22.963093,0.129001,0.074889,0.072765,0.002124,0.054112,0.056236,1.221718,0.0392511965701402,0.1250920663765761,125.0,0,1.017615923999096,0.88833124215813,1.0225245653817092,0.18231087679989622,0.14515189196833983
5741.0,-0.724933,21.037736,-2.033692,22.962437,0.129478,0.076978,0.07517,0.001808,0.0525,0.054308,1.316014,0.0344374392868708,0.2323905644018288,126.0,0,0.9827278896177345,0.7561689669594628,0.9920634920634929,0.15046502924570826,0.14631735363655646
5742.0,-0.728214,21.038655,-2.028311,22.956924,0.130112,0.076406,0.074508,0.0018979999999999,0.053706,0.055604,1.481032,0.0353398998268381,0.2122747474282343,127.0,0,1.0061795973761603,0.7938101212881553,1.0148526077097515,0.1750680811902826,0.13426135316913185
5743.0,-0.724408,21.042199,-2.035398,22.957711,0.13014,0.076574,0.074424,0.0021499999999999,0.053566,0.055716,1.768635,0.0401366512965071,0.1053553084517977,128.0,0,1.0082062881700982,0.8992053534086113,1.012207105064249,0.23006632701705726,0.15109018974076976
5744.0,-0.728608,21.045743,-2.035529,22.960337,0.129717,0.075697,0.073705,0.0019919999999999,0.05402,0.0560119999999999,1.363162,0.0368745487865828,0.1780674705160951,129.0,0,1.0135625424112182,0.8331242158092779,1.0207860922146645,0.1864791521678852,0.14677890891642095
5745.0,-0.717714,21.048762,-2.033692,22.963225,0.130011,0.075256,0.073469,0.0017869999999999,0.0547549999999999,0.0565419999999999,1.231147,0.0326356928921031,0.2725514347167698,130.0,0,1.0231531327753893,0.7473860309493829,1.0346749811035516,0.061809429437981844,0.1460757870384652
5746.0,-0.71627,21.056376,-2.034611,22.958368,0.129653,0.075576,0.074083,0.001493,0.0540769999999999,0.0555699999999999,1.429169,0.0276082695365954,0.3846125427534979,131.0,0,1.00556435195657,0.6244249268088926,1.0218631897203316,0.05016092800180516,0.15138091610870297
5747.0,-0.714433,21.037736,-2.042485,22.960993,0.129763,0.076674,0.074472,0.002202,0.0530889999999999,0.0552909999999999,1.448028,0.0414767376153703,0.0754848266686892,132.0,0,1.0005157204252424,0.9209535759096997,1.0031934996220702,0.24586587748047567,0.1518263785889554
5748.0,-0.716795,21.05165,-2.038679,22.962831,0.129901,0.075235,0.073632,0.0016029999999999,0.0546659999999999,0.0562689999999999,1.839357,0.0293229919329759,0.3463914346179997,133.0,0,1.0182130739651654,0.6704307820995261,1.0329931972789106,0.03794096965260607,0.13492310287588932
5749.0,-0.713645,21.038524,-2.042092,22.956136,0.13003,0.075907,0.074015,0.001892,0.054123,0.056015,1.598902,0.0349567659448674,0.2208147895738827,134.0,0,1.013616828771772,0.7913007109996149,1.0227324263038557,0.14059119939095344,0.12529031732324453
5750.0,-0.705901,21.057294,-2.041436,22.960337,0.129497,0.076096,0.073747,0.002349,0.053401,0.05575,1.52818,0.0439871165873938,0.0195285585559459,135.0,0,1.0088215335896864,0.9824341279799658,1.0090891912320492,0.235362167502274,0.12068749604177911
5751.0,-0.706426,21.051519,-2.044192,22.955348,0.129634,0.075807,0.073941,0.0018659999999999,0.053827,0.0556929999999999,1.594187,0.0346659730995019,0.2272965529259001,136.0,0,1.0077900927391985,0.7804265997490498,1.0171390778533644,0.15491965404823282,0.1296864334292423
5752.0,-0.701701,21.053357,-2.037236,22.956792,0.13002,0.076427,0.075212,0.0012149999999999,0.053593,0.0548079999999999,1.52818,0.0226704481844981,0.4946764249601246,137.0,0,0.9917756163763845,0.5081555834378715,1.0127173091458814,0.006035324059621816,0.12498461018205738
5753.0,-0.70682,21.0527,-2.040911,22.958499,0.13003,0.076112,0.074283,0.0018289999999999,0.053918,0.055747,1.367877,0.0339212522487434,0.243896357201908,138.0,0,1.0087672472291345,0.7649519029694589,1.0188586545729412,0.13373847149060902,0.12489931754467191
5754.0,-0.698157,21.057688,-2.046029,22.957843,0.130002,0.075713,0.073458,0.002255,0.054289,0.056544,1.53761,0.0415361945109597,0.074159534341183,139.0,0,1.0231893236824257,0.9431200334588432,1.0258692365835231,0.14045093935323127,0.1260785328709471
5755.0,-0.693563,21.050075,-2.040911,22.953511,0.129993,0.076653,0.073747,0.002906,0.05334,0.056246,1.584758,0.0544796685476463,0.2143500937184295,140.0,0,1.017796878534269,1.2153910497700215,1.0079365079365088,0.15179880331261353,0.11679326710765943
5756.0,-0.70367,21.057294,-2.049442,22.950754,0.1298,0.075744,0.074503,0.001241,0.0540559999999999,0.055297,1.353732,0.0229572488299388,0.4882836476185211,141.0,0,1.0006242931463478,0.5190296946884365,1.0214663643235062,0.003142695529956163,0.10589995434025154
5757.0,-0.692776,21.057163,-2.04511,22.95548,0.129653,0.077335,0.074907,0.0024279999999999,0.0523179999999999,0.0547459999999999,1.594187,0.0464076148244423,0.0344242708089126,142.0,0,0.9906536982583116,1.0154746967795907,0.9886243386243376,0.24501295110662097,0.1012528273802765
5758.0,-0.691988,21.044825,-2.041436,22.947866,0.130039,0.075813,0.074256,0.001557,0.0542259999999999,0.0557829999999999,1.594187,0.0287126339277482,0.3599962953047307,143.0,0,1.0094186835557557,0.6511919698871037,1.0246787603930452,0.04973312291535781,0.11272973688340512
5759.0,-0.692382,21.061495,-2.038548,22.957974,0.129947,0.075093,0.073395,0.0016979999999999,0.054854,0.056552,1.382021,0.0309543341536777,0.3100288679686903,144.0,0,1.023334087310564,0.7101631116687457,1.0365457294028733,0.04773854175807668,0.10610166875035199
5760.0,-0.689101,21.046006,-2.047079,22.953642,0.130011,0.075319,0.073322,0.0019969999999999,0.0546919999999999,0.0566889999999999,1.448028,0.0365128992741301,0.1861286267427734,145.0,0,1.0258131644424329,0.835215391049763,1.0334845049130754,0.12642903982819553,0.10203760199304919
5761.0,-0.684638,21.046268,-2.046292,22.955217,0.130204,0.075865,0.074025,0.00184,0.0543389999999999,0.0561789999999999,1.589473,0.0338608759661392,0.2452421426369752,146.0,0,1.0165844831486082,0.7695524884985684,1.0268140589569152,0.10844838444848226,0.10000264145185885
5762.0,-0.682538,21.057951,-2.051935,22.95758,0.12969,0.075036,0.072776,0.00226,0.0546539999999999,0.056914,1.66491,0.0413502881712562,0.0783033807899615,147.0,0,1.029884641483828,0.9452112086993284,1.032766439909296,0.120804419090908,0.10726322348805657
5763.0,-0.683457,21.056244,-2.049573,22.951541,0.129625,0.075676,0.074099,0.0015769999999999,0.053949,0.0555259999999999,1.52818,0.0292307692307691,0.34844707574162,148.0,0,1.0047681520018086,0.6595566708490029,1.0194444444444453,0.06745779016007758,0.09683369944302266
5764.0,-0.680963,21.043381,-2.054035,22.94826,0.128973,0.075051,0.073369,0.001682,0.053922,0.055604,1.485747,0.031192626523005,0.3047173385717741,149.0,0,1.0061795973761603,0.7034713508992347,1.0189342403628125,0.0998102717802033,0.09178258765936445
5765.0,-0.679781,21.065433,-2.053773,22.953642,0.129184,0.075214,0.07338,0.001834,0.0539699999999999,0.0558039999999999,1.570613,0.0339812121324415,0.2425598532853234,150.0,0,1.009798688079619,0.767043078209986,1.0198412698412689,0.13144919790071008,0.11170979250130508
5766.0,-0.679913,21.048631,-2.050098,22.954561,0.129442,0.076175,0.074619,0.001556,0.0532669999999999,0.054823,1.183999,0.0292107832094315,0.3488925635269042,151.0,0,0.9920470481791458,0.6507737348390067,1.006557067271352,0.07574851589193332,0.11735515043028763
5767.0,-0.680307,21.056244,-2.05246,22.955217,0.128991,0.075083,0.073233,0.0018499999999999,0.053908,0.0557579999999999,1.372591,0.0343170899107753,0.2350731481993531,152.0,0,1.008966297217823,0.7737348389794969,1.0186696900982624,0.14071771065628202,0.12595172040342312
5768.0,-0.675713,21.057426,-2.052854,22.949047,0.128955,0.07503,0.073863,0.001167,0.0539249999999999,0.0550919999999999,1.589473,0.0216407669769684,0.5176279866013305,153.0,0,0.9969147251752988,0.48808030112925505,1.0189909297052144,-0.0007779949212243231,0.12844908867193117
5769.0,-0.66915,21.055063,-2.052854,22.951541,0.129046,0.075807,0.073563,0.0022439999999999,0.0532389999999999,0.0554829999999999,1.396165,0.0421487603305784,0.060505461541308,154.0,0,1.0039900475005645,0.938519447929734,1.0060279667422514,0.2470105901774831,0.13334151932119903
5770.0,-0.671119,21.069502,-2.054167,22.951673,0.12946,0.075414,0.073222,0.0021919999999999,0.054046,0.0562379999999999,1.481032,0.0405572927267008,0.0959792242391929,155.0,0,1.0176521149061288,0.9167712254286875,1.0212773998488294,0.18288261911802095,0.136150862628399
5771.0,-0.6702,21.06097,-2.055085,22.95036,0.128991,0.07587,0.073936,0.001934,0.0531209999999999,0.0550549999999999,1.391451,0.0364067617936072,0.1884944278362078,156.0,0,0.9962451933951586,0.8088665830196908,1.003798185941042,0.1944140841798369,0.13086401880593282
5772.0,-0.66495,21.064514,-2.047998,22.950491,0.129313,0.075639,0.073794,0.0018449999999999,0.053674,0.055519,1.683769,0.0343735444806706,0.2338147776168812,157.0,0,1.0046414838271893,0.7716436637390117,1.0142479213907794,0.1457781017759887,0.1291249504334861
5773.0,-0.658912,21.055326,-2.06401,22.95036,0.12934,0.075907,0.074172,0.001735,0.053433,0.055168,1.452743,0.0324699629449414,0.2762455500121247,158.0,0,0.9982899796426157,0.7256378084483782,1.0096938775510214,0.11638209665275623,0.13430261890747106
5774.0,-0.659175,21.05887,-2.051279,22.953117,0.129028,0.076306,0.07454,0.001766,0.052722,0.054488,1.485747,0.033495817764543,0.2533792784371564,159.0,0,0.9859850712508491,0.7386030949393868,0.9962585034013614,0.12790370485220326,0.1430729374133723
5775.0,-0.658781,21.056901,-2.048917,22.956136,0.129589,0.075839,0.074241,0.001598,0.05375,0.055348,1.429169,0.0297296794478242,0.3373263827383557,160.0,0,1.0015471612757303,0.6683396068590827,1.015684051398338,0.07858075967604783,0.12582118257307412
5776.0,-0.665475,21.060445,-2.050754,22.952854,0.129974,0.076007,0.074487,0.00152,0.053967,0.055487,1.396165,0.0281648384227691,0.3722066398340492,161.0,0,1.0040624293146356,0.635717273107513,1.0197845804988672,0.05835783216746626,0.11152743181913678
5777.0,-0.655368,21.052307,-2.053642,22.952198,0.129653,0.07565,0.073616,0.0020339999999999,0.0540029999999999,0.0560369999999999,1.334873,0.0376638767498702,0.1604733751086621,162.0,0,1.014014928749151,0.8506900878293538,1.0204648526077087,0.1924943953961316,0.11149074739109592
5778.0,-0.651824,21.059395,-2.063092,22.956005,0.12935,0.075135,0.07339,0.0017449999999999,0.054215,0.0559599999999999,1.245292,0.032186070532684,0.2825735029277935,163.0,0,1.0126215788283184,0.729820158929307,1.0244708994709004,0.0869251901377881,0.1067478179659463
5779.0,-0.656287,21.051781,-2.05561,22.952067,0.129699,0.076684,0.075144,0.0015399999999999,0.053015,0.054555,1.476317,0.0290478346159649,0.352524682536116,164.0,0,0.9871974666365084,0.644081974069412,1.001795162509449,0.07449304177450122,0.09774569769632392
5780.0,-0.64933,21.054407,-2.067423,22.954692,0.12968,0.075718,0.07433,0.001388,0.0539619999999999,0.0553499999999999,1.570613,0.0257213275763022,0.4266724195370586,165.0,0,1.001583352182763,0.5805102467587026,1.0196900982615258,0.03994511157864766,0.09552675680068243
5781.0,-0.648805,21.05992,-2.057842,22.956924,0.129827,0.075828,0.073684,0.002144,0.0539989999999999,0.056143,1.443314,0.0397037037037038,0.1150056966408535,166.0,0,1.015933046821987,0.896695943120071,1.0203892668178374,0.19404723989942835,0.10182029399403014
5782.0,-0.645262,21.051781,-2.059417,22.957055,0.129598,0.075823,0.074162,0.0016609999999999,0.0537749999999999,0.0554359999999999,1.471602,0.0308873847069323,0.3115211690251565,167.0,0,1.0031395611852514,0.6946884148891549,1.016156462585033,0.09834880752449249,0.11815448757165778
5783.0,-0.647099,21.055982,-2.06086,22.96375,0.129589,0.076112,0.074808,0.0013039999999999,0.053477,0.054781,1.481032,0.0243838587830509,0.4564845567568323,168.0,0,0.9912870391314191,0.5453785027185089,1.0105253212396077,0.026360893956532405,0.11030502082247831
5784.0,-0.647624,21.058607,-2.063879,22.962831,0.129478,0.076301,0.07464,0.0016609999999999,0.053177,0.054838,1.367877,0.0312347211252772,0.3037790512147286,169.0,0,0.9923184799819054,0.6946884148891549,1.004856386999245,0.1057142958957884,0.12310007359875122
5785.0,-0.639749,21.049156,-2.070048,22.958236,0.129625,0.075755,0.073905,0.00185,0.0538699999999999,0.0557199999999999,1.481032,0.0343412968016187,0.2345335773659039,170.0,0,1.0082786699841657,0.7737348389795389,1.0179516250944811,0.14151613160952492,0.12506551955832781
5786.0,-0.640536,21.063332,-2.065585,22.963356,0.129396,0.075986,0.073957,0.002029,0.05341,0.055439,1.556469,0.0379884293497594,0.1532391078930437,171.0,0,1.003193847545805,0.8485989125889104,1.0092592592592602,0.22169976794374263,0.13148669006697555
5787.0,-0.640143,21.05375,-2.059285,22.962831,0.129322,0.076154,0.074424,0.0017299999999999,0.0531679999999999,0.0548979999999999,1.452743,0.0325377569636441,0.2747344234733648,172.0,0,0.9934042071929419,0.7235466332078512,1.0046863189720323,0.11399972790433688,0.13516816886663263
5788.0,-0.638043,21.058738,-2.064535,22.966638,0.129451,0.075844,0.073548,0.0022959999999999,0.053607,0.055903,1.41974,0.0428294284435157,0.0453333907712066,173.0,0,1.011590137977834,0.9602676704307804,1.0129818594104318,0.21487571790051702,0.137236410492192
5789.0,-0.637255,21.051388,-2.07241,22.963225,0.129377,0.075366,0.073705,0.0016609999999999,0.0540109999999999,0.0556719999999999,1.499891,0.0307524253869509,0.3145294080111238,174.0,0,1.007410088215335,0.6946884148891549,1.0206160241874518,0.0941475013702675,0.1329260590263081
5790.0,-0.642768,21.047844,-2.072017,22.967425,0.129442,0.075561,0.073857,0.0017039999999999,0.053881,0.0555849999999999,1.721487,0.031624661296908,0.2950872970872191,175.0,0,1.0058357837593295,0.712672521957328,1.0181594860166296,0.10415681666512489,0.12978228471847397
5791.0,-0.635549,21.052307,-2.064273,22.967032,0.129368,0.075876,0.073595,0.002281,0.053492,0.055773,1.226432,0.0426410932271513,0.0495313768041543,176.0,0,1.0092377290205845,0.9539941447093665,1.010808767951626,0.23086202789599908,0.1402031474782596
5792.0,-0.635943,21.055588,-2.075954,22.965981,0.129267,0.075876,0.074115,0.0017609999999999,0.0533909999999999,0.0551519999999999,1.438599,0.0329824692837878,0.2648217998829348,177.0,0,0.9980004523863371,0.7365119196988597,1.0089002267573686,0.11903122378008635,0.1181117262236461
5793.0,-0.633974,21.056376,-2.072673,22.965194,0.129487,0.075828,0.074834,0.000994,0.0536589999999999,0.0546529999999999,1.264151,0.0185240402534478,0.5870997269716298,178.0,0,0.9889708210812025,0.4157256378084657,1.0139644746787595,-0.01674262070230681,0.12485297367035428
5794.0,-0.627017,21.058082,-2.070835,22.962306,0.129837,0.076385,0.07485,0.0015349999999999,0.053452,0.054987,1.721487,0.0287168166426579,0.3599030627213102,179.0,0,0.9950147025559837,0.6419907988289268,1.010052910052911,0.07427655281744727,0.1173150989432001
5795.0,-0.632661,21.051519,-2.071492,22.961781,0.129873,0.076653,0.074493,0.0021599999999999,0.0532199999999999,0.0553799999999999,1.330158,0.040585483173935,0.095350860059428,180.0,0,1.0021262157882822,0.9033877038895818,1.0056689342403617,0.24572475920738113,0.1280639549831654
5796.0,-0.63463,21.059001,-2.061123,22.962962,0.129543,0.075372,0.074115,0.0012569999999999,0.054171,0.0554279999999999,1.424454,0.0232038691574982,0.4827864882952656,181.0,0,1.002994797557113,0.5257214554579475,1.0236394557823139,0.0007855553976076068,0.11670990769489438
5797.0,-0.632399,21.053488,-2.071623,22.961256,0.129322,0.075834,0.073926,0.0019079999999999,0.0534879999999999,0.0553959999999999,1.570613,0.0356708856026471,0.2048970849242564,182.0,0,1.002415743044559,0.7979924717691258,1.0107331821617525,0.1814122023714188,0.09122057476832589
5798.0,-0.628592,21.053619,-2.072279,22.960074,0.13014,0.075839,0.073537,0.0023019999999999,0.054301,0.056603,1.146281,0.0423925453942764,0.0550715001601024,183.0,0,1.0242569554399465,0.9627770807193626,1.0260959939531378,0.13949697062897526,0.08761791312894725
5799.0,-0.628199,21.052438,-2.065323,22.9627,0.129506,0.075592,0.073574,0.002018,0.053914,0.055932,1.613047,0.037429286840397,0.1657023767922,184.0,0,1.0121149061298358,0.8439983270598428,1.0187830687830697,0.20163606176992038,0.09973289214156278
5800.0,-0.627411,21.058345,-2.073723,22.959418,0.1298,0.074721,0.073374,0.001347,0.055079,0.056426,1.320729,0.0244553376906318,0.4548912941611945,185.0,0,1.0210540601673839,0.5633626097867237,1.0407974300831453,-0.009383656217585301,0.11552382473931253
5801.0,-0.629905,21.072521,-2.066898,22.960074,0.129396,0.07523,0.074172,0.001058,0.054166,0.055224,1.457458,0.0195321874942308,0.5646281567700564,186.0,0,0.9993033250395847,0.44249268088667676,1.0235449735449744,-0.024031301369685787,0.10378922251904073
5802.0,-0.627017,21.061889,-2.06926,22.961649,0.129368,0.075466,0.073836,0.00163,0.053902,0.055532,1.551754,0.0302395042947518,0.3259624029794666,187.0,0,1.0048767247229142,0.6817231283981882,1.018556311413455,0.08300460738629989,0.12543122192780376
5803.0,-0.624917,21.06727,-2.081335,22.955742,0.12935,0.075477,0.073768,0.001709,0.0538729999999999,0.0555819999999999,1.367877,0.0317221665367339,0.2929139083666717,188.0,0,1.0057814973987778,0.714763697197855,1.0180083144368848,0.10440716942384853,0.1058239525866834
5804.0,-0.62413,21.084859,-2.07136,22.96585,0.129258,0.075718,0.073642,0.0020759999999999,0.05354,0.055616,1.495176,0.0387740236454304,0.1357282358190249,189.0,0,1.0063967428183678,0.8682559598494298,1.0117157974300839,0.23218587879494468,0.11721410831847127
5805.0,-0.617304,21.067008,-2.08081,22.960731,0.12991,0.07628,0.074477,0.0018029999999999,0.05363,0.0554329999999999,1.367877,0.033618616098898,0.2506421074372633,190.0,0,1.0030852748246994,0.7540777917189357,1.0134164777021928,0.12837873700466318,0.1061580790309579
5806.0,-0.617436,21.074752,-2.074117,22.954167,0.129736,0.076002,0.073915,0.002087,0.0537339999999999,0.0558209999999999,1.631906,0.0388387456964735,0.1342855833425135,191.0,0,1.0101063107894133,0.8728565453785391,1.01538170823885,0.21720554948523818,0.12109119281932657
5807.0,-0.615992,21.070421,-2.08081,22.956661,0.130048,0.075734,0.074592,0.0011419999999999,0.054314,0.0554559999999999,1.268866,0.0210254994016384,0.5313422814508033,192.0,0,1.0035014702555973,0.47762442492678703,1.02634164777022,-0.01466049103978495,0.12964396051785032
5808.0,-0.623736,21.077377,-2.073723,22.960074,0.130066,0.077157,0.074881,0.002276,0.0529089999999999,0.0551849999999999,1.41974,0.043016443016443,0.0411648418388218,193.0,0,0.998597602352408,0.9519029694688812,0.9997921390778524,0.2533985279468538,0.13585489644330467
5809.0,-0.619273,21.066614,-2.080285,22.960599,0.129589,0.07555,0.073889,0.001661,0.054039,0.0557,1.245292,0.030736491487787,0.3148845741209569,194.0,0,1.0079167609138213,0.6946884148891967,1.0211451247165542,0.09107576889478686,0.1285671759746014
5810.0,-0.614023,21.078953,-2.077529,22.955348,0.129276,0.07502,0.072792,0.002228,0.054256,0.056484,1.518751,0.041063825865787,0.0846886165442711,195.0,0,1.0221035964713874,0.9318276871602229,1.0252456538170833,0.13994748166610127,0.12996789997238262
5811.0,-0.617698,21.071339,-2.08081,22.95758,0.129662,0.075345,0.073721,0.001624,0.054317,0.055941,1.287725,0.0298980080268051,0.3335743440217082,196.0,0,1.0122777652114914,0.679213718109606,1.0263983371126237,0.06149637561555188,0.1400088131989722
5812.0,-0.616517,21.07869,-2.086323,22.957186,0.129818,0.075534,0.073605,0.001929,0.0542839999999999,0.0562129999999999,1.504606,0.0355346780878695,0.2079331461328636,197.0,0,1.0171997285681964,0.8067754077792055,1.025774754346182,0.1451139666408432,0.12896461527082154
5813.0,-0.612186,21.07449,-2.088029,22.953117,0.12969,0.075162,0.073632,0.00153,0.0545279999999999,0.056058,1.52818,0.0280584643033982,0.3745777155999439,198.0,0,1.014394933273016,0.6398996235884834,1.0303854875283438,0.03152996473681602,0.1495437830125007
5814.0,-0.604179,21.077509,-2.084091,22.954692,0.129258,0.076485,0.07443,0.002055,0.052773,0.054828,1.481032,0.0389396293629438,0.1320368895986121,199.0,0,0.9921375254467324,0.8594730238394336,0.9972222222222231,0.24619311877275651,0.1461024291421648
5815.0,-0.609692,21.067664,-2.080679,22.950754,0.129414,0.075918,0.0737,0.0022179999999999,0.053496,0.055714,1.250006,0.0414602688001195,0.0758519160412257,200.0,0,1.0081700972630636,0.9276453366792107,1.0108843537414975,0.22878786927055922,0.15989152832236028
5816.0,-0.618223,21.071864,-2.087373,22.949572,0.129166,0.075965,0.074288,0.0016769999999999,0.053201,0.0548779999999999,1.193429,0.0315213713770158,0.2973896261440029,201.0,0,0.9930422981225958,0.7013801756587076,1.0053099017384741,0.10676357020373162,0.14267350698661177
5817.0,-0.614942,21.076852,-2.087241,22.951016,0.129239,0.075687,0.073117,0.00257,0.0535519999999999,0.0561219999999999,1.721487,0.0479898418389259,0.0696920610606399,202.0,0,1.0155530422981218,1.0748640736094133,1.0119425547996965,0.19113118637700682,0.13266201867545607
5818.0,-0.610348,21.08289,-2.087241,22.953117,0.129754,0.076075,0.073947,0.002128,0.053679,0.055807,1.382021,0.0396423248882266,0.1163738285020432,203.0,0,1.0098529744401727,0.8900041823505181,1.0143424036281188,0.2189849892434948,0.1317986204316173
5819.0,-0.605754,21.074621,-2.085929,22.950885,0.129726,0.076133,0.073973,0.00216,0.053593,0.055753,1.202858,0.0403030189946637,0.1016469777068798,204.0,0,1.0088758199502383,0.9033877038896236,1.0127173091458814,0.22896676069674154,0.14618762858196738
5820.0,-0.600373,21.086041,-2.082123,22.957317,0.129313,0.074558,0.073479,0.0010789999999999,0.054755,0.055834,1.245292,0.0197056030389363,0.5607627297478434,205.0,0,1.01034155168514,0.45127561689667295,1.0346749811035534,-0.032232731691383854,0.13328932172448466
5821.0,-0.603785,21.081315,-2.089604,22.95548,0.129285,0.075823,0.075485,0.000338,0.053462,0.0538,1.66491,0.0063221293230833,0.8590799367791314,206.0,0,0.9735353992309441,0.14136344625680222,1.0102418745275898,-0.03861850749600482,0.13322701063530135
5822.0,-0.605754,21.084728,-2.087504,22.952198,0.128982,0.07555,0.073742,0.001808,0.053432,0.05524,1.712058,0.0338367675406584,0.2457795186805983,207.0,0,0.9995928522958615,0.7561689669594628,1.0096749811035535,0.13647998420245522,0.146257566815047
5823.0,-0.611661,21.084203,-2.091966,22.952592,0.129883,0.075981,0.074041,0.00194,0.0539019999999999,0.055842,1.457458,0.0359905756636923,0.1977712035461121,208.0,0,1.0104863153132786,0.8113759933082731,1.0185563114134533,0.17542004624031687,0.14227195786521085
5824.0,-0.608642,21.083941,-2.090523,22.955348,0.129616,0.075366,0.073516,0.00185,0.05425,0.0561,1.301869,0.0341007539031539,0.2398952709863159,209.0,0,1.0151549423207427,0.7737348389795389,1.025132275132276,0.11721005019792907,0.12508466928886483
5825.0,-0.603391,21.088141,-2.088029,22.955611,0.129607,0.076238,0.073794,0.002444,0.053369,0.055813,1.702628,0.045793516957092,0.0207360487134171,210.0,0,1.0099615471612766,1.0221664575491853,1.0084845049130773,0.22816475837872602,0.09837327208851807
5826.0,-0.601029,21.087616,-2.080548,22.951935,0.129634,0.076275,0.07392,0.0023549999999999,0.053359,0.055714,1.669624,0.0441341829085456,0.0162504548957266,211.0,0,1.0081700972630636,0.9849435382685062,1.0082955404383984,0.23706913200118834,0.11408112831679307
5827.0,-0.605492,21.085384,-2.088816,22.951673,0.129763,0.075587,0.07329,0.002297,0.0541759999999999,0.0564729999999999,1.40088,0.0423980655997934,0.0549484549532277,212.0,0,1.0219045464826952,0.9606859054789193,1.0237339380196513,0.15127509687864527,0.12186043907212765
5828.0,-0.606148,21.076196,-2.089079,22.950491,0.129846,0.075251,0.073621,0.0016299999999999,0.0545949999999999,0.0562249999999999,1.481032,0.0298556670818373,0.3345181223496682,213.0,0,1.017416874010404,0.6817231283981464,1.0316515495086913,0.047112103480034695,0.11205004751049404
5829.0,-0.60221,21.071077,-2.097479,22.954298,0.12991,0.075288,0.074414,0.0008739999999999,0.054622,0.055496,1.481032,0.0160005858338062,0.6433474463993992,214.0,0,1.0042252883962912,0.36553743203677813,1.0321617535903258,-0.03814721130672616,0.10520045176900247
5830.0,-0.600504,21.079215,-2.085535,22.956136,0.129524,0.075923,0.07413,0.001793,0.0536009999999999,0.055394,1.108562,0.0334502443938659,0.2543951074322319,215.0,0,1.0023795521375263,0.7498954412380071,1.0128684807256225,0.12484583059136611,0.09978854047361085
5831.0,-0.600766,21.084728,-2.089341,22.950491,0.129524,0.075461,0.074052,0.0014089999999999,0.054063,0.0554719999999999,1.443314,0.0260617046463449,0.4190854253807997,216.0,0,1.0037909975118744,0.5892931827686988,1.0215986394557832,0.03917460005734097,0.08646107066147612
5832.0,-0.602735,21.084072,-2.096823,22.953379,0.129763,0.074768,0.073075,0.001693,0.0549949999999999,0.0566879999999999,1.613047,0.0307840570223289,0.313824339856165,217.0,0,1.0257950689889157,0.7080719364283022,1.0392101284958417,0.03837606858611908,0.07641971122606557
5833.0,-0.596566,21.083809,-2.092229,22.948785,0.129405,0.076201,0.074503,0.001698,0.0532039999999999,0.0549019999999999,1.542325,0.0319142937693826,0.2886313984103408,218.0,0,0.9934765890070111,0.7101631116687875,1.0053665910808758,0.10692408882540139,0.057690044411912035
5834.0,-0.600898,21.068714,-2.097216,22.951016,0.129267,0.07566,0.07413,0.00153,0.0536069999999999,0.0551369999999999,1.561184,0.0285405163408447,0.3638327908884744,219.0,0,0.9977290205835775,0.6398996235884834,1.0129818594104298,0.06309093724401293,0.07451255636369163
5835.0,-0.598798,21.074227,-2.094329,22.95036,0.129653,0.075965,0.074319,0.001646,0.0536879999999999,0.0553339999999999,1.509321,0.0306580491348322,0.3166330516943618,220.0,0,1.0012938249264862,0.688414889167741,1.0145124716553278,0.09489006025737867,0.09854882966218782
5836.0,-0.599716,21.083284,-2.097479,22.951279,0.129497,0.076191,0.074372,0.001819,0.053306,0.055125,1.495176,0.0341230982797756,0.2393972155361264,221.0,0,0.9975118751413716,0.7607695524885304,1.007294028722601,0.13665553764708271,0.10868074916598594
5837.0,-0.591841,21.073046,-2.085404,22.945634,0.129837,0.075618,0.074718,0.0008999999999999,0.054219,0.055119,1.150995,0.0165990409443009,0.6300079008608664,222.0,0,0.9974033024202679,0.37641154328730136,1.024546485260772,-0.036021571262890184,0.11059876766116288
5838.0,-0.595385,21.075802,-2.102598,22.945503,0.129451,0.075855,0.073569,0.002286,0.053596,0.055882,1.235862,0.0426516409500533,0.0492962683933271,223.0,0,1.0112101334539707,0.9560853199498517,1.012773998488285,0.2153372229978308,0.11067745051799424
5839.0,-0.603129,21.079871,-2.094854,22.949178,0.129616,0.075729,0.073542,0.002187,0.053887,0.056074,1.438599,0.0405841745843231,0.0953800284806045,224.0,0,1.0146844605292928,0.914680050188244,1.018272864701437,0.20221552167823564,0.11116060919870001
5840.0,-0.600635,21.083678,-2.103648,22.951541,0.129368,0.075744,0.073632,0.002112,0.053624,0.055736,1.301869,0.0393846153846154,0.1221181652097578,225.0,0,1.0085681972404443,0.8833124215809655,1.0133030990173857,0.22616502562934737,0.11016583123606835
5841.0,-0.596041,21.073833,-2.10181,22.948916,0.129184,0.075855,0.074424,0.001431,0.0533289999999999,0.0547599999999999,1.405595,0.0268329270579411,0.4018949021495407,226.0,0,0.9909070346075539,0.5984943538268757,1.0077286470143603,0.05835478500911018,0.10091275934742025
5842.0,-0.602735,21.084203,-2.10181,22.947078,0.129193,0.074847,0.073322,0.0015249999999999,0.054346,0.055871,1.877076,0.028060426518483,0.3745339778875893,227.0,0,1.0110110834652801,0.6378084483479564,1.026946334089192,0.03916289715443311,0.08333169332214452
5843.0,-0.596698,21.075015,-2.089079,22.942746,0.129056,0.075671,0.073947,0.001724,0.053385,0.055109,1.580043,0.0322931105533286,0.2801875842435093,228.0,0,0.9972223478850948,0.7210372229193107,1.0087868480725632,0.1117556756324588,0.08981331079597482
5844.0,-0.597616,21.066745,-2.093804,22.944059,0.129258,0.075519,0.074046,0.001473,0.053739,0.055212,1.518751,0.0274097506512839,0.3890375224460966,229.0,0,0.999086179597377,0.6160602258469516,1.0154761904761913,0.0531431576176965,0.07931043996561535
5845.0,-0.596566,21.088272,-2.093935,22.947078,0.129221,0.076007,0.074928,0.001079,0.053214,0.054293,1.306584,0.0202762379028471,0.5480432966282551,230.0,0,0.9824564578149749,0.4512756168967148,1.0055555555555564,0.0023593413708977717,0.06791344533183505
5846.0,-0.592891,21.070814,-2.100629,22.942221,0.129258,0.074988,0.074146,0.0008419999999999,0.05427,0.055112,1.504606,0.0155147316246244,0.6541771213989341,231.0,0,0.9972766342456467,0.3521539104976726,1.0255102040816335,-0.039155122605674886,0.04573931762229807
5847.0,-0.592891,21.088403,-2.103123,22.947603,0.129102,0.075907,0.074603,0.0013039999999999,0.0531949999999999,0.0544989999999999,1.532895,0.0245131212873148,0.4536032996135399,232.0,0,0.9861841212395377,0.5453785027185089,1.005196523053665,0.02879460347541285,0.05416083399179681
5848.0,-0.594991,21.07449,-2.107716,22.940383,0.129157,0.075744,0.074025,0.001719,0.0534129999999999,0.055132,1.306584,0.0321825738570414,0.282651443717586,233.0,0,0.9976385433159928,0.7189460476788255,1.0093159486016618,0.11030851469423608,0.05574195546773455
5849.0,-0.595647,21.080528,-2.103385,22.942746,0.129432,0.07533,0.073642,0.0016879999999999,0.054102,0.0557899999999999,1.372591,0.0311997486276176,0.3045585870845816,234.0,0,1.009545351730377,0.7059807611877752,1.0223356009070304,0.08824557534043276,0.056319668556331436
5850.0,-0.591054,21.081578,-2.102466,22.941958,0.129533,0.075177,0.073884,0.0012929999999999,0.054356,0.055649,1.320729,0.0237871847232185,0.4697844027322756,235.0,0,1.0069938927844388,0.5407779171894412,1.0271352985638709,0.004423748533977534,0.062892061653722
5851.0,-0.591054,21.065958,-2.100498,22.941696,0.129662,0.075424,0.073506,0.001918,0.0542379999999999,0.056156,1.598902,0.0353620088865945,0.2117819371835509,236.0,0,1.0161682877177118,0.802174822250138,1.0249055177626596,0.14256994870409756,0.0630574514776848
5852.0,-0.593022,21.07869,-2.108241,22.942746,0.129239,0.075456,0.073999,0.001457,0.053783,0.05524,1.462173,0.0270898408448609,0.3961683019417821,237.0,0,0.9995928522958615,0.609368465077399,1.0163076341647779,0.05497411191381052,0.06465033786368636
5853.0,-0.596566,21.081053,-2.105091,22.940514,0.129276,0.076138,0.074382,0.0017559999999999,0.053138,0.054894,1.518751,0.0330454092098081,0.263418870916975,238.0,0,0.9933318253788744,0.7344207444583745,1.0041194255479977,0.11753280651842768,0.06290114809689594
5854.0,-0.592629,21.074752,-2.107454,22.942615,0.129451,0.076149,0.074372,0.001777,0.053302,0.055079,1.499891,0.0333377108230306,0.2569034771770087,239.0,0,0.9966794842795758,0.7432036804684543,1.0072184429327296,0.11886708859160222,0.048427613759147205
5855.0,-0.587247,21.083678,-2.103779,22.940514,0.129405,0.07576,0.074571,0.0011889999999999,0.053645,0.0548339999999999,1.330158,0.0221638146366923,0.5059692707622399,240.0,0,0.9922460981678344,0.49728147218734825,1.013699924414211,0.004013239610525576,0.053337697661089964
5856.0,-0.58856,21.074227,-2.104698,22.937758,0.12957,0.075597,0.074592,0.0010049999999999,0.0539729999999999,0.0549779999999999,1.396165,0.0186200763330491,0.5849590857861536,241.0,0,0.9948518434743262,0.4203262233374914,1.0198979591836725,-0.0232262587456592,0.05591109147239006
5857.0,-0.594072,21.073702,-2.104698,22.937364,0.129993,0.075293,0.073931,0.001362,0.0547,0.056062,1.339588,0.0248989963620409,0.4450021563678269,242.0,0,1.0144673150870853,0.5696361355081794,1.0336356764928203,0.011302705807508695,0.051401342092357194
5858.0,-0.588166,21.076327,-2.107454,22.939727,0.12969,0.075382,0.074424,0.000958,0.0543079999999999,0.0552659999999999,1.278295,0.0176398018744591,0.6068093725517097,243.0,0,1.0000633340873095,0.40066917607697194,1.026228269085411,-0.03442682868325131,0.05129220628702587
5859.0,-0.590529,21.069502,-2.10601,22.935395,0.129736,0.076065,0.074241,0.0018239999999999,0.0536709999999999,0.0554949999999999,1.334873,0.0339842003279175,0.242493246502406,244.0,0,1.0042071929427723,0.7628607277289737,1.014191232048374,0.1373464143598604,0.03698946531368833
5860.0,-0.588691,21.082234,-2.101679,22.931719,0.129699,0.075246,0.073784,0.0014619999999999,0.054453,0.055915,1.41031,0.0268483490652659,0.4015511460926591,245.0,0,1.0118072834200416,0.6114596403178424,1.028968253968255,0.030157686646978488,0.032779940205742354
5861.0,-0.588429,21.07554,-2.107454,22.93592,0.129442,0.075981,0.074361,0.00162,0.0534609999999999,0.055081,1.518751,0.0303018966742735,0.3245716788076915,246.0,0,0.9967156751866102,0.6775407779172177,1.01022297808012,0.09747245490376888,0.04740442373082615
5862.0,-0.591579,21.064383,-2.10706,22.936839,0.129276,0.075513,0.074052,0.0014609999999999,0.053763,0.0552239999999999,1.65548,0.0271743173870989,0.3942853224795615,247.0,0,0.9993033250395829,0.6110414052697454,1.0159297052154204,0.053882753860497234,0.06343956203848285
5863.0,-0.592366,21.068583,-2.106535,22.933688,0.12935,0.075366,0.074398,0.0009679999999999,0.0539839999999999,0.0549519999999999,1.547039,0.0179309067333518,0.6003206544280111,248.0,0,0.9943813616828762,0.40485152655790063,1.020105820105819,-0.025494603214947675,0.07473635743125454
5864.0,-0.593022,21.066877,-2.109947,22.934213,0.129396,0.07523,0.073579,0.0016509999999999,0.054166,0.055817,1.796924,0.0304798124319234,0.3206059421808749,249.0,0,1.0100339289753457,0.6905060644081844,1.0235449735449744,0.07677183751214245,0.08334478001559062
5865.0,-0.58856,21.079346,-2.105616,22.938414,0.129561,0.07618,0.074335,0.0018449999999999,0.053381,0.055226,1.179284,0.0345622119815668,0.2296093849722021,250.0,0,0.9993395159466193,0.7716436637390117,1.0087112622826917,0.15025807486136356,0.08281596156512726
5866.0,-0.591579,21.082628,-2.106798,22.933032,0.129809,0.075366,0.073311,0.002055,0.054443,0.056498,1.334873,0.0377452060833149,0.158660546831187,251.0,0,1.0223569328206297,0.8594730238394336,1.028779289493576,0.13712512433090773,0.08717181501283168
5867.0,-0.581997,21.073308,-2.113885,22.935526,0.129873,0.076385,0.074608,0.001777,0.0534879999999999,0.0552649999999999,1.339588,0.0332217839181888,0.2594874842297682,252.0,0,1.0000452386337924,0.7432036804684543,1.0107331821617525,0.12427065973522566,0.09760059776890313
5868.0,-0.589085,21.081053,-2.112047,22.934345,0.129745,0.075855,0.074382,0.001473,0.0538899999999999,0.0553629999999999,1.504606,0.027332949843202,0.3907494100360583,253.0,0,1.0018185930784882,0.6160602258469516,1.0183295540438388,0.05165739716010953,0.09890460910240598
5869.0,-0.587247,21.07449,-2.107848,22.937758,0.129579,0.075004,0.072991,0.002013,0.054575,0.056588,1.28301,0.0368843447669305,0.1778491184230968,254.0,0,1.023985523637187,0.8419071518193576,1.0312736205593358,0.13205822985522675,0.11499605171093315
5870.0,-0.585541,21.057819,-2.109554,22.934345,0.129717,0.075755,0.074146,0.0016089999999999,0.0539619999999999,0.0555709999999999,1.834643,0.0298167262754109,0.335386111696778,255.0,0,1.0055824474100872,0.6729401923881084,1.0196900982615258,0.07371622112402265,0.11633781774781651
5871.0,-0.574384,21.073308,-2.112047,22.936445,0.129276,0.075366,0.073201,0.002165,0.05391,0.056075,1.556469,0.0401587802118306,0.1048620556271514,256.0,0,1.0147025559828102,0.9054788791301088,1.0187074829931981,0.2017602824644834,0.1054594272845383
5872.0,-0.582785,21.062545,-2.120316,22.93907,0.129708,0.076201,0.074676,0.0015249999999999,0.0535069999999999,0.0550319999999999,1.509321,0.0285004111534723,0.3647267342501458,257.0,0,0.9958289979642606,0.6378084483479564,1.0110922146636423,0.06692286719552576,0.10812621027206681
5873.0,-0.580422,21.083809,-2.113622,22.941958,0.129423,0.076175,0.073096,0.003079,0.053248,0.056327,1.65548,0.0578226821160963,0.2888657607254477,258.0,0,1.0192626102691709,1.2877457130908108,1.0061980347694641,0.13541982287032395,0.09271780853755336
5874.0,-0.584097,21.068058,-2.115985,22.938283,0.129965,0.07607,0.07443,0.00164,0.053895,0.055535,1.443314,0.0304289743209144,0.3217391220719082,259.0,0,1.0049310110834662,0.6859054788791586,1.01842403628118,0.09018949788097597,0.08722981858006071
5875.0,-0.585147,21.088666,-2.115066,22.939333,0.129634,0.075309,0.073779,0.00153,0.054325,0.055855,1.316014,0.0281633103854508,0.3722406997376826,260.0,0,1.0107215562090035,0.6398996235884834,1.0265495086923666,0.041474170228581464,0.07468860166077318
5876.0,-0.589347,21.072521,-2.115722,22.940252,0.129368,0.076327,0.074461,0.001866,0.053041,0.054907,1.339588,0.0351796689415935,0.2158462888068897,261.0,0,0.9935670662745993,0.7804265997490916,1.0022864701436138,0.16379295420619294,0.08973317766409049
5877.0,-0.586328,21.064251,-2.114804,22.941433,0.129726,0.075634,0.074661,0.000973,0.054092,0.055065,1.613047,0.0179875399774462,0.5990583012032743,262.0,0,0.9964261479303335,0.40694270179842773,1.0221466364323517,-0.029813357609908775,0.0692971674293477
5878.0,-0.589741,21.072783,-2.118085,22.943665,0.129543,0.075382,0.074193,0.001189,0.0541609999999999,0.0553499999999999,1.306584,0.0219526605369079,0.5106758889869429,263.0,0,1.001583352182763,0.49728147218739005,1.0234504913076332,-0.00322250241481703,0.06507975500374182
5879.0,-0.583703,21.076459,-2.11336,22.938545,0.129497,0.075561,0.074314,0.0012469999999999,0.053936,0.0551829999999999,1.617761,0.0231195654189146,0.4846656159694782,264.0,0,0.9985614114453734,0.5215391049769771,1.019198790627363,0.006646060662351516,0.06798980813721497
5880.0,-0.582785,21.081447,-2.117954,22.941171,0.129717,0.07607,0.073947,0.002123,0.053647,0.05577,1.396165,0.0395727706531464,0.1179241902083423,265.0,0,1.0091834426600326,0.8879130071100328,1.0137377173091469,0.2241619811571957,0.06128936027884927
5881.0,-0.582391,21.071602,-2.117166,22.937889,0.129414,0.075141,0.073884,0.0012569999999999,0.054273,0.0555299999999999,1.674339,0.0231602608984042,0.4837585150151293,266.0,0,1.004840533815878,0.5257214554579475,1.0255668934240372,-0.002599819882944443,0.06478886241762608
5882.0,-0.585672,21.058738,-2.120316,22.936445,0.129129,0.074295,0.072765,0.00153,0.0548339999999999,0.056364,1.433884,0.0279018874806237,0.3780678080413849,267.0,0,1.019932142049311,0.6398996235884834,1.0361678004535138,0.024748742939466828,0.04729093639168695
5883.0,-0.582391,21.085122,-2.114541,22.939858,0.128909,0.075965,0.074104,0.001861,0.0529439999999999,0.0548049999999999,1.438599,0.0351496836339598,0.2165146603683538,268.0,0,0.9917213300158326,0.7783354245086064,1.000453514739228,0.16452035420505562,0.06681769841154478
5884.0,-0.58436,21.078296,-2.117822,22.938939,0.12935,0.076112,0.074823,0.0012889999999999,0.0532379999999999,0.0545269999999999,1.580043,0.0242115742219049,0.4603247741911749,269.0,0,0.9866907939380222,0.5391049769970531,1.0060090702947837,0.023185019297318865,0.08344307456687865
5885.0,-0.583441,21.087485,-2.12176,22.940777,0.129313,0.075723,0.074136,0.001587,0.05359,0.055177,1.466888,0.0296131813177586,0.3399231223833382,270.0,0,0.9984528387242714,0.6637390213300152,1.0126606198034778,0.07646919161634946,0.09397196449595599
5886.0,-0.581472,21.081578,-2.11966,22.94419,0.129396,0.075582,0.074456,0.001126,0.053814,0.05494,1.391451,0.020923534330577,0.5336150796689336,271.0,0,0.9941642162406704,0.4709326641572761,1.0168934240362821,-0.011186306053198258,0.07002891758546771
5887.0,-0.579503,21.074883,-2.122154,22.941958,0.129497,0.075482,0.073548,0.0019339999999999,0.054015,0.055949,1.518751,0.0358042061611372,0.2019253738802457,272.0,0,1.01242252883963,0.808866583019649,1.020691609977325,0.16545426258866958,0.07876597773196306
5888.0,-0.583178,21.084991,-2.122941,22.937889,0.129304,0.075057,0.072996,0.0020609999999999,0.054247,0.056308,1.551754,0.0379921840436512,0.1531554158846131,273.0,0,1.0189187966523419,0.8619824341279742,1.0250755857898723,0.16303125913852168,0.07867390662048095
5889.0,-0.579241,21.073965,-2.125304,22.93592,0.129193,0.075256,0.0735,0.001756,0.053937,0.055693,1.344303,0.0325558975119583,0.2743300712235681,274.0,0,1.0077900927392,0.7344207444584163,1.0192176870748308,0.11193495995312497,0.059745617824327746
5890.0,-0.580291,21.080396,-2.120316,22.942484,0.1289,0.07492,0.073836,0.001084,0.0539799999999999,0.0550639999999999,1.514036,0.0200811396602508,0.5523920303026145,275.0,0,0.9964080524768142,0.4533667921372,1.0200302343159477,-0.015268487947687204,0.05541259266452978
5891.0,-0.573859,21.081053,-2.124516,22.939464,0.128633,0.0744,0.072671,0.0017289999999999,0.054233,0.055962,1.462173,0.0318803702474461,0.2893875526444082,276.0,0,1.012657769735355,0.7231283981597542,1.0248110355253222,0.08477078158200901,0.0484271397666939
5892.0,-0.58121,21.088666,-2.12281,22.941827,0.129432,0.074742,0.073248,0.001494,0.0546899999999999,0.056184,1.547039,0.027317108847891,0.391102505321939,277.0,0,1.0166749604161962,0.6248431618569897,1.0334467120181396,0.023828031824645768,0.0438304043072821
5893.0,-0.585016,21.087616,-2.129372,22.945372,0.129193,0.075445,0.074608,0.000837,0.053748,0.054585,1.325443,0.0155723827420045,0.6528920798107631,278.0,0,0.9877403302420276,0.35006273525722914,1.0156462585034023,-0.024762533756476413,0.03289756860401999
5894.0,-0.581341,21.089322,-2.127141,22.938677,0.129028,0.075177,0.074193,0.0009839999999999,0.053851,0.054835,1.433884,0.0182723018643689,0.5927109677247382,279.0,0,0.9922641936213535,0.41154328732745343,1.0175925925925935,-0.020145232300660787,0.022430225906914448
5895.0,-0.582128,21.089191,-2.128191,22.944978,0.129166,0.076222,0.075149,0.001073,0.052944,0.054017,1.726202,0.0202663140995373,0.5482644978910485,280.0,0,0.977462112644199,0.4487662066081325,1.00045351473923,0.006614662637990598,0.014481759405278637
5896.0,-0.575172,21.08801,-2.126354,22.944453,0.12968,0.075088,0.074608,0.00048,0.0545919999999999,0.0550719999999999,1.589473,0.0087923360137748,0.804019107550304,281.0,0,0.9965528161049527,0.20075282308658304,1.0315948601662877,-0.057153660647316196,0.022426627339881412
5897.0,-0.578059,21.089322,-2.12386,22.941302,0.129102,0.07554,0.074099,0.0014409999999999,0.053562,0.0550029999999999,1.212288,0.0269028993895039,0.4003352210858314,282.0,0,0.9953042298122587,0.6026767043078044,1.0121315192743774,0.05612590555604846,0.019482460237846378
5898.0,-0.579241,21.084334,-2.130422,22.94104,0.129037,0.075078,0.073558,0.00152,0.053959,0.055479,1.570613,0.0281690140845071,0.3721135644656037,283.0,0,1.0039176656864972,0.635717273107513,1.0196334089191241,0.05835783216746626,0.04072073490452972
5899.0,-0.58436,21.086697,-2.12176,22.945503,0.129065,0.075529,0.074199,0.0013299999999999,0.053536,0.054866,1.28301,0.0248426321982927,0.4462585118001321,284.0,0,0.99282515268039,0.556252613969032,1.0116402116402126,0.03245029493676688,0.06714118008934047
5900.0,-0.576484,21.082497,-2.12281,22.945634,0.129212,0.075991,0.074514,0.001477,0.0532209999999999,0.054698,1.481032,0.027751681635414,0.381415891593838,285.0,0,0.9897851164894829,0.6177331660393399,1.0056878306878296,0.06418019139834052,0.07530707316355076
5901.0,-0.577272,21.086434,-2.129372,22.94314,0.129166,0.07597,0.07454,0.00143,0.053196,0.054626,1.41974,0.026881215106115,0.4008185630786794,286.0,0,0.9884822438362371,0.5980761187787786,1.0052154195011347,0.05532911056165868,0.08785224840940523
5902.0,-0.575303,21.082365,-2.135147,22.944715,0.128844,0.076443,0.074451,0.0019919999999999,0.0524009999999999,0.0543929999999999,1.301869,0.0380138162665546,0.1526732343183461,287.0,0,0.9842660031667034,0.8331242158092779,0.9901927437641713,0.23621077849147926,0.09990359536419353
5903.0,-0.573859,21.09326,-2.128454,22.940252,0.129175,0.075697,0.073542,0.002155,0.053478,0.055633,1.207573,0.0402961910282541,0.1017991728628058,288.0,0,1.006704365528162,0.9012965286491383,1.0105442176870756,0.239441918091631,0.1024168100545861
5904.0,-0.577666,21.085384,-2.13436,22.940383,0.128762,0.076254,0.074818,0.001436,0.0525079999999999,0.0539439999999999,1.462173,0.0273476927764765,0.3904207905183404,289.0,0,0.9761411445374341,0.600585529067361,0.9922146636432341,0.061513698441442166,0.10819842535719808
5905.0,-0.575697,21.081053,-2.132916,22.942615,0.128991,0.074988,0.073149,0.0018389999999999,0.0540029999999999,0.0558419999999999,1.217003,0.0340530331086584,0.2409589659905756,290.0,0,1.0104863153132766,0.7691342534504294,1.0204648526077087,0.13206641509653527,0.11558153834679193
5906.0,-0.579766,21.095754,-2.13751,22.941827,0.129092,0.075445,0.073915,0.00153,0.053647,0.055177,1.353732,0.0285192365046227,0.3643071177667267,291.0,0,0.9984528387242714,0.6398996235884834,1.0137377173091469,0.0633598089005668,0.12563348849969952
5907.0,-0.575828,21.094966,-2.134754,22.944715,0.129368,0.075986,0.074409,0.0015769999999999,0.053382,0.054959,1.556469,0.0295412397205101,0.3415266983170748,292.0,0,0.9945080298574992,0.6595566708490029,1.0087301587301596,0.08125805245997408,0.1391697629759781
5908.0,-0.580685,21.098642,-2.138166,22.947341,0.129148,0.07565,0.073905,0.0017449999999999,0.053498,0.055243,1.349017,0.0326174321015345,0.2729584671626247,293.0,0,0.9996471386564135,0.729820158929307,1.010922146636433,0.11617398519358613,0.12170168284412922
5909.0,-0.573072,21.083547,-2.137772,22.944059,0.129377,0.075996,0.074304,0.0016919999999999,0.053381,0.055073,1.297155,0.0316960773294368,0.2934954359745073,294.0,0,0.9965709115584718,0.7076537013801634,1.0087112622826917,0.1062814248327053,0.11014104210480014
5910.0,-0.571103,21.083941,-2.129897,22.943271,0.12923,0.07523,0.073301,0.001929,0.054,0.055929,1.556469,0.0357215607118386,0.2037675383385957,295.0,0,1.0120606197692839,0.8067754077792055,1.020408163265307,0.16469969292741676,0.10907237324596382
5911.0,-0.578716,21.091291,-2.138035,22.939989,0.129138,0.076327,0.073626,0.002701,0.052811,0.055512,1.438599,0.051143679466788,0.1399910023182851,296.0,0,1.004514815652568,1.1296528649101265,0.9979402872260024,0.19069185532444427,0.11987004222675127
5912.0,-0.577928,21.086697,-2.140791,22.948128,0.12923,0.076663,0.075249,0.0014139999999999,0.052567,0.053981,1.617761,0.026898493380003,0.4004334308986474,297.0,0,0.9768106763175761,0.591384358009184,0.9933295540438407,0.06152997717299025,0.12451261323616125
5913.0,-0.583441,21.093654,-2.142628,22.949704,0.130103,0.075639,0.073227,0.0024119999999999,0.054464,0.0568759999999999,1.490462,0.0442853208482511,0.0128815949863598,298.0,0,1.0291970142501687,1.008782936010038,1.0291761148904015,0.1238355106983402,0.1371993063465355
5914.0,-0.578716,21.098379,-2.128585,22.949572,0.129589,0.074805,0.073054,0.001751,0.054784,0.056535,1.443314,0.0319613032764443,0.2875835579805474,299.0,0,1.02302646460077,0.732329569217931,1.0352229780801219,0.050827009853079086,0.1422186377997402
5915.0,-0.578847,21.087485,-2.138954,22.948128,0.128991,0.076175,0.074141,0.002034,0.0528159999999999,0.0548499999999999,1.499891,0.0385103281140543,0.14160600089683,300.0,0,0.9925356254241112,0.8506900878293955,0.9980347694633398,0.24004310490440983,0.14339372128743305
5916.0,-0.577141,21.097198,-2.140004,22.948653,0.129423,0.075944,0.074251,0.001693,0.053479,0.055172,1.471602,0.031656694091249,0.2943732871116243,301.0,0,0.9983623614566849,0.7080719364283022,1.0105631141345435,0.10978551899466649,0.1496465343445829
5917.0,-0.574384,21.095885,-2.146172,22.947341,0.129561,0.075765,0.07371,0.002055,0.053796,0.055851,1.613047,0.0381991560867706,0.1485420155710756,302.0,0,1.0106491743949342,0.8594730238394336,1.0165532879818602,0.20812498356371678,0.14426975344094223
5918.0,-0.575434,21.096017,-2.129241,22.946028,0.129726,0.075944,0.074062,0.0018819999999999,0.053782,0.055664,1.575328,0.0349924697395086,0.2200189531173748,303.0,0,1.0072653245871983,0.7871183605186025,1.0162887377173102,0.16636729972563297,0.14977465383395996
5919.0,-0.573597,21.096279,-2.131866,22.940514,0.129267,0.075639,0.073868,0.0017709999999999,0.0536279999999999,0.0553989999999999,1.217003,0.0330231777583023,0.2639144092698919,304.0,0,1.002470029405111,0.7406942701798302,1.0133786848072552,0.11803225970963371,0.13538567172436053
5920.0,-0.573991,21.081972,-2.139085,22.947341,0.129092,0.075865,0.073343,0.0025219999999999,0.053227,0.055749,1.433884,0.0473810776283158,0.0561227260056675,305.0,0,1.0088034381361692,1.0547887913007132,1.0058012093726387,0.22722782349891518,0.14027665260365263
5921.0,-0.577403,21.090241,-2.13961,22.950491,0.129138,0.075645,0.073831,0.001814,0.053493,0.055307,1.499891,0.0339103450854303,0.244139477528161,306.0,0,1.000805247681521,0.7586783772480451,1.0108276643990939,0.13692404628803767,0.1280243426857802
5922.0,-0.577272,21.094573,-2.135279,22.953117,0.129092,0.075282,0.073521,0.0017609999999999,0.05381,0.055571,1.287725,0.0327256508892233,0.270546273798102,307.0,0,1.0055824474100892,0.7365119196988597,1.0168178382464106,0.11657898110316767,0.12338177167637025
5923.0,-0.572415,21.088666,-2.143153,22.948653,0.129368,0.075424,0.074382,0.001042,0.053944,0.054986,1.53761,0.0193159699694133,0.569447638579057,308.0,0,0.9949966071024664,0.435800920117124,1.019349962207106,-0.02005431039765404,0.12056511268912637
5924.0,-0.573072,21.08801,-2.145516,22.950754,0.129442,0.076322,0.074671,0.0016509999999999,0.05312,0.054771,1.570613,0.0310799871990361,0.3072280655505628,309.0,0,0.991106084596246,0.6905060644081844,1.0037792894935762,0.09973681864600015,0.12277430034701009
5925.0,-0.577403,21.095098,-2.14381,22.95141,0.129414,0.076243,0.074482,0.0017609999999999,0.0531709999999999,0.0549319999999999,1.504606,0.0331189347777025,0.2617799883274967,310.0,0,0.9940194526125301,0.7365119196988597,1.004743008314436,0.11752000572568566,0.10957575840967282
5926.0,-0.576353,21.091422,-2.149322,22.94931,0.129432,0.075792,0.074277,0.001515,0.0536399999999999,0.0551549999999999,1.523465,0.0282433213400198,0.3704572580837686,311.0,0,0.9980547387468889,0.6336260978670277,1.0136054421768699,0.0633598089005668,0.09047670884925081
5927.0,-0.575566,21.084334,-2.144991,22.944978,0.129074,0.076227,0.074351,0.001876,0.0528469999999999,0.0547229999999999,1.27358,0.0354980320920376,0.2087499842241977,312.0,0,0.9902375028274136,0.784608950230062,0.9986205593348441,0.17995839369127775,0.09309023572727401
5928.0,-0.579897,21.075671,-2.151553,22.946422,0.129359,0.075393,0.073175,0.0022179999999999,0.053966,0.056184,1.405595,0.0410991902458909,0.0839003456270952,313.0,0,1.0166749604161962,0.9276453366792107,1.0197656840513993,0.1884591763044704,0.0942080205805534
5929.0,-0.572153,21.078296,-2.147747,22.948128,0.129065,0.075104,0.074015,0.001089,0.053961,0.05505,1.485747,0.0201808680182351,0.5501690883484299,314.0,0,0.9961547161275739,0.45545796737768524,1.01967120181406,-0.013953159663739001,0.09911227975992036
5930.0,-0.578584,21.084728,-2.154441,22.950754,0.129451,0.076695,0.075401,0.001294,0.052756,0.05405,1.702628,0.0245275508463332,0.4532816651981064,315.0,0,0.9780592626102701,0.5411961522375801,0.9969009826152692,0.036237327894695026,0.10405465883699708
5931.0,-0.577009,21.097723,-2.142628,22.952723,0.129616,0.076143,0.074277,0.001866,0.053473,0.055339,1.391451,0.0348954632157685,0.2221812254720994,316.0,0,1.0013843021940747,0.7804265997490916,1.0104497354497364,0.16305931506826982,0.08871103042433251
5932.0,-0.578059,21.088666,-2.155228,22.949966,0.129414,0.076374,0.074587,0.0017869999999999,0.05304,0.054827,1.377306,0.0336909183461849,0.2490304926255436,317.0,0,0.9921194299932151,0.7473860309493829,1.002267573696146,0.12775682963596136,0.08090877763628798
5933.0,-0.576747,21.082628,-2.150766,22.955348,0.129763,0.075272,0.0738,0.001472,0.0544909999999999,0.0559629999999999,1.415025,0.0270131395434192,0.3978779715318709,318.0,0,1.0126758651888703,0.6156419907988546,1.0296863189720322,0.028988281396015725,0.05979745584516827
5934.0,-0.574384,21.100611,-2.142891,22.953642,0.12968,0.076306,0.074466,0.0018399999999999,0.0533739999999999,0.0552139999999999,1.386736,0.0344730679156907,0.2315964033891061,319.0,0,0.9991223705044099,0.7695524884985265,1.0085789871504147,0.14916060941676712,0.06216390124547877
5935.0,-0.576222,21.084597,-2.147747,22.951279,0.129377,0.074946,0.073999,0.000947,0.0544309999999999,0.055378,1.532895,0.0173978542034098,0.6122023785087249,320.0,0,1.0020900248812494,0.39606859054790444,1.0285525321239597,-0.0359162784009599,0.08984225365716972
5936.0,-0.573859,21.079215,-2.14486,22.949441,0.129368,0.07524,0.074115,0.001125,0.054128,0.055253,1.740347,0.0207836834229341,0.5367323519896017,321.0,0,0.9998280931915865,0.47051442910917896,1.0228269085411952,-0.014662718979878475,0.08629389917143651
5937.0,-0.575828,21.072521,-2.147747,22.949441,0.129249,0.075629,0.074918,0.000711,0.05362,0.054331,1.547039,0.0132597303295351,0.704441029147052,322.0,0,0.9831440850486324,0.29736511919700115,1.0132275132275141,-0.03115482421991933,0.08160507436553482
5938.0,-0.574778,21.081184,-2.139347,22.945503,0.129359,0.07566,0.07339,0.00227,0.053699,0.055969,1.504606,0.042271880819367,0.0577611097292501,323.0,0,1.012784437909976,0.9493935591802989,1.0147203325774763,0.21212363030757536,0.07863286931035604
5939.0,-0.572547,21.090766,-2.140135,22.949572,0.129304,0.07639,0.073999,0.002391,0.052914,0.055305,1.40088,0.0451856751393745,0.0071872737669311,324.0,0,1.0007690567744862,1.0000000000000417,0.9998866213151937,0.26283036445317054,0.09777254949003852
5940.0,-0.571365,21.080265,-2.152078,22.953773,0.129579,0.075865,0.074697,0.001168,0.053714,0.054882,1.485747,0.0217443916969189,0.5153181948618051,325.0,0,0.9931146799366668,0.48849853617735206,1.0150037792894944,0.0007537830373628429,0.08363356218234227
5941.0,-0.575434,21.083547,-2.146172,22.949966,0.129405,0.075718,0.073952,0.0017659999999999,0.053687,0.0554529999999999,1.452743,0.0328937565191474,0.2667992046088978,326.0,0,1.0034471838950454,0.738603094939345,1.0144935752078619,0.11617106700925295,0.08497416767346758
5942.0,-0.573334,21.087222,-2.14801,22.946684,0.129285,0.075414,0.073758,0.0016559999999999,0.053871,0.055527,1.235862,0.0307395307395305,0.3148168292954466,327.0,0,1.0047862474553277,0.6925972396486696,1.017970521541951,0.09803477908417357,0.09737259838261804
5943.0,-0.577797,21.079215,-2.156672,22.943928,0.129148,0.075755,0.073752,0.002003,0.053393,0.055396,1.306584,0.0375135783046785,0.1638235227117946,328.0,0,1.002415743044561,0.8377248013383871,1.0089380196523063,0.22038508319284056,0.10643859920790955
5944.0,-0.568609,21.087091,-2.143153,22.951935,0.128697,0.07503,0.073789,0.001241,0.053667,0.054908,1.584758,0.0231236491018857,0.4845745908048446,329.0,0,0.9935851617281166,0.5190296946884365,1.0141156462585044,0.007770736339804629,0.10372604296481244
5945.0,-0.574384,21.080396,-2.151947,22.946028,0.129386,0.075445,0.07443,0.001015,0.053941,0.054956,1.438599,0.0188165066182196,0.5805806609248254,330.0,0,0.9944537434969473,0.42450857381850376,1.0192932728647024,-0.022510223489706993,0.09470354241109037
5946.0,-0.57189,21.075146,-2.142103,22.944846,0.129065,0.075697,0.073978,0.0017189999999999,0.053368,0.055087,1.53761,0.0322097097566002,0.2820465853722471,331.0,0,0.9968242479077141,0.7189460476787837,1.0084656084656094,0.10932158811162618,0.12044515194356842
5947.0,-0.574122,21.081184,-2.153785,22.942352,0.129001,0.075225,0.073721,0.001504,0.053776,0.05528,1.636621,0.0279673466351787,0.3766087255508406,332.0,0,1.0003166704365538,0.6290255123379601,1.0161753590325027,0.05950518403299576,0.11595095305036815
5948.0,-0.574516,21.086566,-2.160872,22.94419,0.128973,0.075608,0.073705,0.0019029999999999,0.053365,0.055268,1.561184,0.0356594086122247,0.2051529066788036,333.0,0,1.000099524994346,0.7959012965286405,1.0084089191232057,0.18499806787660455,0.11280291730416132
5949.0,-0.577009,21.080003,-2.156278,22.937758,0.129019,0.075891,0.074015,0.001876,0.0531279999999999,0.055004,1.495176,0.0353102825199044,0.2129349162657006,334.0,0,0.9953223252657778,0.784608950230062,1.003930461073317,0.17260535891594964,0.1009239516317472
5950.0,-0.575041,21.07764,-2.156278,22.939202,0.128835,0.076353,0.07402,0.002333,0.052482,0.054815,1.330158,0.0444524893775127,0.0091554137413678,335.0,0,0.9919022845510075,0.975742367210413,0.9917233560090711,0.2581698783621434,0.11757687770050049
5951.0,-0.574384,21.08079,-2.159428,22.936445,0.12969,0.075261,0.073548,0.0017129999999999,0.054429,0.056142,1.297155,0.0314716149182434,0.298498696040794,336.0,0,1.0159149513684695,0.7164366373902014,1.028514739229026,0.07122907807725043,0.1261803964026718
5952.0,-0.574778,21.079215,-2.15746,22.93802,0.12935,0.076338,0.074823,0.001515,0.0530119999999999,0.0545269999999999,1.613047,0.0285778959877766,0.3629995997372612,337.0,0,0.9866907939380222,0.6336260978670277,1.0017384731670436,0.06655442162210512,0.12326992980581357
5953.0,-0.574253,21.08184,-2.158116,22.936314,0.129837,0.07565,0.073857,0.0017929999999999,0.054187,0.05598,1.405595,0.0330885066804456,0.2624582296556952,338.0,0,1.0129834878986663,0.7498954412379653,1.0239417989417998,0.10159542646869923,0.13913762619370051
5954.0,-0.571103,21.079871,-2.155622,22.930144,0.129203,0.075015,0.07296,0.002055,0.054188,0.056243,1.660195,0.0379228256657255,0.1547014119411163,339.0,0,1.0177425921737173,0.8594730238394336,1.0239606953892677,0.17429999702733756,0.14136132384049196
5955.0,-0.571103,21.074752,-2.163366,22.926731,0.128826,0.075015,0.073474,0.001541,0.053811,0.055352,1.382021,0.0286367353006764,0.3616880733084299,340.0,0,1.0016195430897996,0.644500209117551,1.0168367346938785,0.06352496353200643,0.12383147910591101
5956.0,-0.570709,21.078428,-2.161397,22.928043,0.129285,0.075051,0.073374,0.001677,0.054234,0.055911,1.254721,0.0309209919793493,0.3107720639829066,341.0,0,1.0117349016059725,0.7013801756587495,1.02482993197279,0.08021692214304355,0.10996045353567316
5957.0,-0.567822,21.090897,-2.156541,22.930013,0.129157,0.075445,0.073369,0.0020759999999999,0.0537119999999999,0.0557879999999999,1.499891,0.0386498612998714,0.1384958105856384,342.0,0,1.0095091608233422,0.8682559598494298,1.0149659863945568,0.2181821479118652,0.12732344215213673
5958.0,-0.573203,21.081578,-2.161266,22.927256,0.129313,0.076154,0.074183,0.001971,0.053159,0.05513,1.575328,0.0370767494356659,0.1735604244251455,343.0,0,0.9976023524089581,0.8243412797992816,1.0045162509448233,0.20723504434451906,0.1221162105659213
5959.0,-0.575566,21.076065,-2.16376,22.922136,0.12923,0.075786,0.07465,0.001136,0.053444,0.05458,1.556469,0.0212554963046124,0.5262156577372761,344.0,0,0.987649852974441,0.47511501463824657,1.0099017384731679,-0.0026930884298597135,0.11874799735983939
5960.0,-0.568347,21.08289,-2.159428,22.924499,0.129506,0.075781,0.07401,0.0017709999999999,0.053725,0.055496,1.40088,0.0329635558202731,0.2652433803881743,345.0,0,1.0042252883962912,0.7406942701798302,1.0152116402116411,0.11945962265976473,0.11259042442882738
5961.0,-0.568609,21.074621,-2.166122,22.917804,0.12901,0.076416,0.074372,0.002044,0.052594,0.054638,1.29244,0.0388630097918053,0.1337447374228211,346.0,0,0.9886993892784447,0.8548724383103661,0.9938397581254733,0.2448589642418862,0.11015460639568028
5962.0,-0.571628,21.070683,-2.164285,22.920036,0.129634,0.075293,0.073952,0.0013409999999999,0.054341,0.0556819999999999,1.198144,0.0246770453792645,0.4499494367739051,347.0,0,1.007591042750508,0.5608531994980995,1.0268518518518528,0.014482105759950903,0.12724317960627424
5963.0,-0.571365,21.071864,-2.161791,22.919905,0.129386,0.075676,0.07412,0.0015559999999999,0.05371,0.0552659999999999,1.372591,0.0289698571987113,0.3542627967074054,348.0,0,1.0000633340873095,0.6507737348389648,1.014928193499623,0.06791329440787996,0.11592709296222323
5964.0,-0.569528,21.072127,-2.154703,22.918592,0.129285,0.075792,0.074067,0.001725,0.053493,0.055218,1.202858,0.032246607096123,0.2812241448379725,349.0,0,0.999194752318481,0.7214554579674077,1.0108276643990939,0.11272426771721744,0.11555415197824508
5965.0,-0.566115,21.075015,-2.162316,22.919117,0.12957,0.07512,0.073553,0.001567,0.0544499999999999,0.056017,1.127421,0.0287781675267674,0.3585355534494262,350.0,0,1.0136530196788065,0.6553743203680742,1.0289115646258493,0.03916678320053557,0.12701556697720337
5966.0,-0.560996,21.07344,-2.159953,22.91531,0.129451,0.076306,0.074052,0.0022539999999999,0.053145,0.055399,1.617761,0.0424114702893913,0.0546496648448544,351.0,0,1.0024700294051128,0.9427017984107045,1.004251700680273,0.25110265424898326,0.13498390012754935
5967.0,-0.560078,21.090635,-2.155491,22.918986,0.129129,0.075776,0.074088,0.0016879999999999,0.053353,0.0550409999999999,1.589473,0.0316377403756043,0.2947957648355722,352.0,0,0.9959918570459163,0.7059807611877752,1.008182161753591,0.10502128147135492,0.1119594620956231
5968.0,-0.56874,21.080265,-2.158378,22.914391,0.129405,0.076516,0.074571,0.001945,0.0528889999999999,0.0548339999999999,1.476317,0.036774437511817,0.1802989476732637,353.0,0,0.9922460981678344,0.8134671685487583,0.9994142101284949,0.2035056345047374,0.12814848611464402
5969.0,-0.56349,21.075409,-2.159297,22.919905,0.129625,0.075566,0.073773,0.0017929999999999,0.0540589999999999,0.0558519999999999,1.669624,0.0331668516463187,0.2607119228372697,354.0,0,1.0106672698484498,0.7498954412379653,1.02152305366591,0.11192106155972326,0.13241383686669422
5970.0,-0.56559,21.083941,-2.155753,22.911503,0.129616,0.075739,0.073679,0.00206,0.053877,0.055937,1.358447,0.0382345298637663,0.1477535351974773,355.0,0,1.0122053833974223,0.861564199079919,1.0180839002267583,0.19914295416322442,0.1257670997822686
5971.0,-0.564934,21.078559,-2.152603,22.912947,0.129359,0.075125,0.073794,0.0013309999999999,0.054234,0.055565,1.117992,0.0245413478381118,0.4529741306864971,356.0,0,1.0054738746889853,0.556670849017129,1.02482993197279,0.014614583922623936,0.13237330019587698
5972.0,-0.562178,21.064645,-2.154178,22.913341,0.129239,0.075067,0.073028,0.0020389999999999,0.054172,0.056211,1.245292,0.0376386760932567,0.1610350969497853,357.0,0,1.0171635376611634,0.8527812630698389,1.0236583522297817,0.17637234595016016,0.10909690067989301
5973.0,-0.562834,21.071996,-2.155885,22.915179,0.129515,0.07554,0.073779,0.0017609999999999,0.0539749999999999,0.0557359999999999,1.41974,0.0326256113828367,0.2727761512403598,358.0,0,1.0085681972404423,0.7365119196988597,1.019935752078608,0.11056680192838175,0.10185637063909514
5974.0,-0.568215,21.082759,-2.153653,22.914916,0.129745,0.075918,0.074498,0.00142,0.053827,0.055247,1.504606,0.0263803225087316,0.41198344327694,359.0,0,0.9997195204704826,0.5938937682978082,1.0171390778533644,0.04625689687296142,0.106297295151108
5975.0,-0.561259,21.074096,-2.156672,22.915441,0.129662,0.075891,0.074199,0.0016919999999999,0.053771,0.055463,1.334873,0.0314661905824592,0.2986196043143486,360.0,0,1.0036281384302204,0.7076537013801634,1.0160808767951635,0.10522878733661922,0.11151090655440983
5976.0,-0.559421,21.088535,-2.142497,22.915704,0.129552,0.074931,0.073506,0.0014249999999999,0.054621,0.056046,1.202858,0.0260883892936911,0.4184906254330485,361.0,0,1.0141777878308085,0.5959849435382516,1.0321428571428581,0.018338659089143672,0.0874349739009225
5977.0,-0.561521,21.073833,-2.151553,22.915047,0.129368,0.075041,0.0736,0.0014409999999999,0.054327,0.055768,1.481032,0.0265240759829185,0.4087791828710867,362.0,0,1.009147251752998,0.6026767043078044,1.0265873015873026,0.032615981063376265,0.08202147131931933
5978.0,-0.563359,21.083547,-2.153916,22.915573,0.129313,0.076028,0.073658,0.0023699999999999,0.053285,0.055655,1.339588,0.0444769733138159,0.0086096675733567,363.0,0,1.0071024655055427,0.9912170639899619,1.0068972033257757,0.2479148796248659,0.06078563418944516
5979.0,-0.564015,21.085909,-2.160741,22.913341,0.129726,0.076017,0.074141,0.001876,0.053709,0.055585,1.207573,0.0349283187488363,0.2214488766762319,364.0,0,1.0058357837593315,0.784608950230062,1.0149092970521552,0.16405717559274152,0.06878613328810772
5980.0,-0.558765,21.083284,-2.145516,22.914129,0.129285,0.074537,0.073721,0.000816,0.054748,0.055564,1.297155,0.0149043818151931,0.6677817994016229,365.0,0,1.0054557792354681,0.34127979924719115,1.0345427059712782,-0.041616372371648946,0.06798045338015149
5981.0,-0.559159,21.078953,-2.157066,22.914391,0.129377,0.074379,0.073338,0.001041,0.0549979999999999,0.0560389999999999,1.41031,0.0189276168657612,0.5781040170113769,366.0,0,1.0140511196561854,0.435382685069027,1.0392668178382454,-0.03952044189340764,0.06725283447244519
5982.0,-0.55719,21.082234,-2.149978,22.911897,0.12935,0.074558,0.073521,0.0010369999999999,0.0547919999999999,0.0558289999999999,1.245292,0.0189257751902614,0.5781450679001824,367.0,0,1.0102510744175517,0.4337097448765969,1.035374149659863,-0.03598602534858153,0.0773455706812606
5983.0,-0.556665,21.091422,-2.148403,22.919642,0.129267,0.075256,0.073196,0.00206,0.0540109999999999,0.0560709999999999,1.424454,0.0381396726653337,0.1498678991588844,368.0,0,1.0146301741687391,0.861564199079919,1.0206160241874518,0.19057179291500725,0.08944840160395318
5984.0,-0.556796,21.08079,-2.155753,22.913078,0.129258,0.075508,0.074146,0.001362,0.05375,0.055112,1.64605,0.0253390634592845,0.4351930746493369,369.0,0,0.9972766342456467,0.5696361355081794,1.015684051398338,0.03820009779339906,0.08724514144267045
5985.0,-0.563753,21.09116,-2.140135,22.911372,0.129111,0.075534,0.073873,0.001661,0.053577,0.055238,1.316014,0.031001530478928,0.3089768633673618,370.0,0,0.999556661388827,0.6946884148891967,1.0124149659863955,0.09795259825955627,0.07217869287547467
5986.0,-0.558503,21.082103,-2.151947,22.910453,0.129129,0.075492,0.073716,0.0017759999999999,0.0536369999999999,0.0554129999999999,1.78278,0.0331108542451247,0.2619601031438078,371.0,0,1.0027233657543533,0.7427854454203154,1.0135487528344662,0.1192660211772979,0.08403984048362988
5987.0,-0.56139,21.085647,-2.146697,22.915573,0.129046,0.07471,0.072681,0.002029,0.0543359999999999,0.056365,1.466888,0.0373410383348363,0.1676694331979192,372.0,0,1.0199502375028282,0.8485989125889104,1.0267573696145114,0.1536442902903019,0.10071902113127529
5988.0,-0.549052,21.090635,-2.150635,22.915573,0.128679,0.075104,0.073044,0.00206,0.0535749999999999,0.0556349999999999,1.438599,0.038450052262207,0.1429495477334937,373.0,0,1.0067405564351948,0.861564199079919,1.012377173091458,0.2258822780120387,0.11045621579343494
5989.0,-0.554696,21.084728,-2.144203,22.916229,0.1289,0.074721,0.073401,0.00132,0.0541789999999999,0.0554989999999999,1.231147,0.0243632336655592,0.4569442899752359,374.0,0,1.0042795747568414,0.5520702634881034,1.023790627362055,0.013392689920783685,0.10236116571473017
5990.0,-0.558765,21.08906,-2.145778,22.916098,0.129037,0.075246,0.073642,0.0016039999999999,0.053791,0.055395,1.53761,0.0298185603807256,0.3353452295471578,375.0,0,1.0023976475910437,0.6708490171476231,1.016458805744521,0.07699510370990315,0.11448781172996614
5991.0,-0.549052,21.08696,-2.140529,22.912816,0.128826,0.075009,0.073217,0.001792,0.0538169999999999,0.0556089999999999,1.745061,0.0332974097885466,0.2578017859646212,376.0,0,1.006270074643745,0.74947720618991,1.0169501133786838,0.12727136458304655,0.12165844992606996
5992.0,-0.550234,21.081184,-2.140529,22.914522,0.128945,0.075776,0.074293,0.0014829999999999,0.053169,0.054652,1.41974,0.0278916682339664,0.3782955947270755,377.0,0,0.9889527256276869,0.6202425763278804,1.004705215419502,0.06138592127301501,0.10867367705010955
5993.0,-0.55404,21.084728,-2.138035,22.914391,0.128826,0.075566,0.073857,0.0017089999999999,0.05326,0.0549689999999999,1.136851,0.0320872683577099,0.2847758002918905,378.0,0,0.9946889843926704,0.7147636971978132,1.0064247921390788,0.10962129212795946,0.11720994810660323
5994.0,-0.554434,21.083941,-2.141972,22.913603,0.129083,0.075561,0.073695,0.001866,0.053522,0.055388,1.466888,0.0348635166190237,0.2228933141059925,379.0,0,1.0022709794164226,0.7804265997490916,1.0113756613756624,0.15946655794575865,0.1034645096507814
5995.0,-0.551677,21.082365,-2.144203,22.918723,0.129148,0.075156,0.073217,0.0019389999999999,0.053992,0.055931,1.301869,0.0359120626747911,0.1995212555925378,380.0,0,1.0120968106763184,0.8109577582601343,1.020256991685564,0.16965898022059472,0.1092764244462249
5996.0,-0.549971,21.086434,-2.143416,22.92148,0.12957,0.07576,0.07465,0.0011099999999999,0.05381,0.05492,1.349017,0.0206277526899704,0.5402080431095357,381.0,0,0.9938023071703243,0.4642409033876814,1.0168178382464106,-0.010581707582306366,0.12175319460952361
5997.0,-0.552334,21.083547,-2.143941,22.917148,0.129423,0.075928,0.073821,0.0021069999999999,0.053495,0.055602,1.438599,0.0393861223269028,0.1220845755136972,382.0,0,1.0061434064691255,0.8812212463404384,1.0108654572940297,0.23900700085523874,0.12790458923990608
5998.0,-0.551415,21.075146,-2.14381,22.922005,0.129396,0.075466,0.073826,0.00164,0.05393,0.05557,1.41974,0.0304092266043648,0.322179298050983,383.0,0,1.0055643519565718,0.6859054788791586,1.0190854119425556,0.0884278934538204,0.14074821444825278
5999.0,-0.550627,21.093785,-2.139479,22.926337,0.129414,0.075933,0.074414,0.001519,0.053481,0.055,1.542325,0.0284020792042183,0.3669185502977724,384.0,0,0.9952499434517087,0.6352990380594159,1.0106009070294795,0.07151183787521864,0.13280185390015467
6000.0,-0.549183,21.089454,-2.132916,22.924893,0.129414,0.076054,0.073406,0.0026479999999999,0.05336,0.056008,1.358447,0.0496242574164651,0.1061231327369249,385.0,0,1.013490160597151,1.1074864073609412,1.0083144368858663,0.20176280534289026,0.11388346412602383
6001.0,-0.551415,21.071077,-2.140791,22.920298,0.129414,0.076149,0.073427,0.0027219999999999,0.053265,0.0559869999999999,1.41031,0.0511020162955729,0.1390623315458958,386.0,0,1.0131101560732856,1.1384358009201228,1.0065192743764182,0.18878531088687134,0.10132429107065524
6002.0,-0.552859,21.083415,-2.138297,22.929356,0.12934,0.07587,0.073931,0.001939,0.05347,0.055409,1.608332,0.0362626470423221,0.1917067410971848,387.0,0,1.002650983940286,0.810957758260176,1.0103930461073327,0.18982217335648188,0.10780604671586654
6003.0,-0.553515,21.082103,-2.137641,22.924368,0.128808,0.074358,0.072907,0.0014509999999999,0.05445,0.055901,1.405595,0.0266478117940899,0.4060211155425203,388.0,0,1.0115539470707993,0.6068590547887749,1.0289115646258513,0.030157686646978488,0.08695476005066462
6004.0,-0.553909,21.080134,-2.132785,22.926599,0.129129,0.075356,0.074587,0.000769,0.0537729999999999,0.0545419999999999,1.462173,0.0143005913638562,0.6812402695192602,389.0,0,0.9869622257407817,0.32162275198662993,1.0161186696900972,-0.02971733979554969,0.08055195941235105
6005.0,-0.545771,21.082103,-2.13016,22.92463,0.129001,0.07554,0.074183,0.0013569999999999,0.053461,0.054818,1.433884,0.0253825146833264,0.4342245482358305,390.0,0,0.9919565709115593,0.5675449602676523,1.010222978080122,0.04406724966690856,0.09867849125273821
6006.0,-0.549577,21.065433,-2.135147,22.926599,0.129359,0.07565,0.074199,0.0014509999999999,0.053709,0.05516,1.075559,0.0270154533606403,0.3978263966189866,391.0,0,0.9981452160144773,0.6068590547887749,1.0149092970521552,0.05423584886980681,0.08828508252111658
6007.0,-0.547477,21.070814,-2.136722,22.922136,0.129249,0.075561,0.074209,0.001352,0.053688,0.05504,1.240577,0.025182067090093,0.4386925187671799,392.0,0,0.9959737615924008,0.5654537850272089,1.0145124716553298,0.030494134203219447,0.06773095708078433
6008.0,-0.551152,21.083284,-2.135016,22.922399,0.129148,0.074752,0.073338,0.0014139999999999,0.054396,0.05581,1.41031,0.0259940805559129,0.4205927642237641,393.0,0,1.0099072608007247,0.591384358009184,1.0278911564625859,0.024399887070684745,0.06013830946225411
6009.0,-0.54669,21.080659,-2.133966,22.926337,0.129157,0.076306,0.07413,0.0021759999999999,0.0528509999999999,0.0550269999999999,1.448028,0.0411715734503897,0.0822869262816778,394.0,0,0.9957385206966741,0.9100794646591346,0.9986961451247155,0.25277715627909025,0.06353491476771243
6010.0,-0.54879,21.091685,-2.129766,22.926731,0.12946,0.075324,0.073553,0.001771,0.0541359999999999,0.055907,1.532895,0.0327133014389421,0.2708215426553876,395.0,0,1.0116625197919031,0.740694270179872,1.0229780801209363,0.09782871802667403,0.07817872740872181
6011.0,-0.548002,21.075146,-2.137116,22.926074,0.129083,0.075041,0.073978,0.0010629999999999,0.054042,0.055105,1.448028,0.0196695224173342,0.5615669656654236,396.0,0,0.9971499660710256,0.4445838561271202,1.0212018140589578,-0.016755943516451266,0.07958750638732734
6012.0,-0.545902,21.074227,-2.136591,22.928043,0.129092,0.07566,0.073936,0.001724,0.053432,0.055156,1.448028,0.032264705331911,0.2808207357330488,397.0,0,0.9980728342004079,0.7210372229193107,1.0096749811035535,0.11389569717117976,0.09073581457054995
6013.0,-0.544983,21.076721,-2.133441,22.928437,0.129193,0.075834,0.07434,0.0014939999999999,0.053359,0.054853,1.28301,0.027998500749625,0.3759143013223854,398.0,0,0.9925899117846649,0.6248431618569479,1.0082955404383984,0.06412373970156171,0.08477735994714504
6014.0,-0.541439,21.071471,-2.133179,22.926337,0.129763,0.075529,0.073684,0.0018449999999999,0.0542339999999999,0.0560789999999999,1.40088,0.0340186226606434,0.2417259737915752,399.0,0,1.0147749377968776,0.7716436637390117,1.024829931972788,0.11672078661454399,0.10740604550619079
6015.0,-0.542096,21.089847,-2.129897,22.931063,0.129561,0.0747,0.072902,0.001798,0.054861,0.056659,1.631906,0.03277313987824,0.2694877457306521,400.0,0,1.0252703008369157,0.7519866164784923,1.0366780045351482,0.058155039452963964,0.08717358821180074
6016.0,-0.538158,21.078559,-2.132522,22.932376,0.129396,0.075162,0.073164,0.0019979999999999,0.054234,0.056232,1.41031,0.0368396791739651,0.1788447130816083,401.0,0,1.017543542185027,0.8356336260978601,1.02482993197279,0.16571893070203297,0.08197797320170346
6017.0,-0.54564,21.063201,-2.12701,22.929225,0.128973,0.075041,0.074162,0.0008789999999999,0.053932,0.054811,1.080273,0.016297999369588,0.6367181080668094,402.0,0,0.9918299027369382,0.3676286072772634,1.0191232048374914,-0.029090412030829738,0.10369310010655197
6018.0,-0.54564,21.072783,-2.120841,22.928437,0.129001,0.075849,0.073443,0.002406,0.053152,0.055558,1.386736,0.0452655541549866,0.0089677745056582,403.0,0,1.0053472065143643,1.0062735257214976,1.0043839758125481,0.2506867426611422,0.09619223005301418
6019.0,-0.540652,21.082365,-2.130422,22.932638,0.128909,0.075786,0.074382,0.001404,0.0531229999999999,0.0545269999999999,1.674339,0.0264287327761464,0.4109043799430523,404.0,0,0.9866907939380222,0.5872020075282555,1.0038359788359779,0.05045258333518976,0.09185822099136438
6020.0,-0.528314,21.079215,-2.121104,22.934213,0.129046,0.075771,0.074403,0.001368,0.0532749999999999,0.054643,1.03784,0.0256776034236806,0.4276470295200003,405.0,0,0.9887898665460312,0.5721455457967617,1.006708238851095,0.04587256792570127,0.07880360814005542
6021.0,-0.545377,21.078953,-2.132391,22.934213,0.129396,0.075571,0.073579,0.0019919999999999,0.053825,0.055817,1.391451,0.037008137331401,0.1750897860652842,406.0,0,1.0100339289753457,0.8331242158092779,1.0171012849584287,0.20039532553203387,0.07804762994840324
6022.0,-0.543671,21.079084,-2.130685,22.93592,0.129331,0.074878,0.073301,0.0015769999999999,0.054453,0.0560299999999999,1.466888,0.0289602233077458,0.3544775358331877,407.0,0,1.0138882605745296,0.6595566708490029,1.028968253968255,0.03888699663580175,0.08211621843414096
6023.0,-0.541571,21.080003,-2.136985,22.936182,0.128991,0.07491,0.073584,0.001326,0.0540809999999999,0.055407,1.29244,0.0245183240264784,0.4534873307216694,408.0,0,1.0026147930332512,0.5545796737766856,1.0219387755102032,0.020783649085063804,0.10269787564106439
6024.0,-0.536452,21.080659,-2.12491,22.938939,0.128973,0.074626,0.073474,0.001152,0.054347,0.055499,1.481032,0.021196732170457,0.5275255084342652,409.0,0,1.0042795747568432,0.4818067754077993,1.0269652305366601,-0.013825341898545562,0.08044118184001711
6025.0,-0.538027,21.083284,-2.11861,22.937101,0.128982,0.075666,0.074262,0.001404,0.053316,0.05472,0.995407,0.0263330645010034,0.413036822778752,410.0,0,0.9901832164668636,0.5872020075282555,1.0074829931972797,0.05059525753644212,0.09384854092555021
6026.0,-0.543802,21.074883,-2.117429,22.934738,0.129276,0.076233,0.074267,0.0019659999999999,0.053043,0.055009,1.334873,0.0370635698665258,0.173854196605614,411.0,0,0.9954128025333644,0.8222501045587546,1.0023242630385496,0.2064048155594102,0.08738014020090443
6027.0,-0.538946,21.084334,-2.124516,22.940252,0.129487,0.075834,0.073196,0.002638,0.0536529999999999,0.0562909999999999,1.532895,0.0491668841092929,0.0959282961449368,412.0,0,1.018611173942546,1.1033040568800128,1.0138510959939522,0.17672616003840452,0.08464524619228274
6028.0,-0.535402,21.070946,-2.122416,22.93907,0.129157,0.075471,0.074146,0.0013249999999999,0.053686,0.0550109999999999,1.580043,0.0246800901521782,0.449881568881687,413.0,0,0.9954489934403972,0.5541614387285468,1.014474678760394,0.028119804650669322,0.09562493074736451
6029.0,-0.535533,21.087485,-2.12071,22.937101,0.129138,0.076044,0.07413,0.0019139999999999,0.053094,0.055008,1.688484,0.0360485921461531,0.1964780179818175,414.0,0,0.9953947070798471,0.800501882057708,1.0032879818594114,0.18452617419052086,0.0986032541477915
6030.0,-0.534089,21.082497,-2.117297,22.939858,0.129138,0.075036,0.073931,0.001105,0.054102,0.055207,1.532895,0.0204240060625105,0.5447495490097478,415.0,0,0.9989957023297905,0.4621497281472381,1.0223356009070304,-0.018811439320756573,0.10146379849134375
6031.0,-0.534352,21.086566,-2.124647,22.939333,0.129249,0.075708,0.07381,0.0018979999999999,0.053541,0.055439,1.495176,0.0354488065443949,0.2098472201286501,416.0,0,1.003193847545805,0.7938101212881553,1.011734693877552,0.17304638544581702,0.10268646716605101
6032.0,-0.534614,21.083941,-2.118216,22.939727,0.129589,0.076054,0.074204,0.0018499999999999,0.053535,0.055385,1.358447,0.0345561864913327,0.229743692959484,417.0,0,1.0022166930558705,0.7737348389794969,1.0116213151927447,0.14868384218661945,0.0843984080055876
6033.0,-0.530545,21.103498,-2.120972,22.943534,0.129772,0.075634,0.074078,0.001556,0.0541379999999999,0.0556939999999999,1.65548,0.0287408337797152,0.3593677214937685,418.0,0,1.0078081881927157,0.6507737348390067,1.023015873015872,0.05056688308933355,0.06538480947413958
6034.0,-0.532383,21.089847,-2.119004,22.941433,0.129414,0.075839,0.074577,0.0012619999999999,0.053575,0.054837,1.066129,0.0235553232790801,0.4749525870095502,419.0,0,0.9923003845283881,0.5278126306984328,1.0123771730914597,0.014780101536977064,0.06705167791768389
6035.0,-0.532645,21.085122,-2.11231,22.941958,0.129644,0.075991,0.074466,0.0015249999999999,0.053653,0.055178,1.334873,0.0284228575688671,0.3664554012050699,420.0,0,0.9984709341777886,0.6378084483479564,1.013851095993954,0.06282194428351462,0.06456525868878457
6036.0,-0.53317,21.085516,-2.118741,22.94524,0.129653,0.07608,0.074781,0.0012989999999999,0.0535729999999999,0.0548719999999999,1.570613,0.0242468361518646,0.4595387868844838,421.0,0,0.9929337254014919,0.5432873274780236,1.012339380196522,0.023524223954776047,0.06345050797163046
6037.0,-0.528708,21.087353,-2.120579,22.94314,0.129487,0.075503,0.074403,0.0011,0.0539839999999999,0.0550839999999999,1.367877,0.020376030378809,0.5458189254863731,422.0,0,0.9967699615471604,0.46005855290675285,1.020105820105819,-0.013409825276075482,0.06412094286423081
6038.0,-0.530939,21.081184,-2.122022,22.946947,0.129984,0.075781,0.074325,0.0014559999999999,0.0542029999999999,0.0556589999999999,1.509321,0.026861486237178,0.4012583189450648,423.0,0,1.00717484731961,0.6089502300292601,1.024244142101284,0.044788489086112326,0.04833537371699091
6039.0,-0.53107,21.091816,-2.116904,22.946028,0.129717,0.075886,0.074015,0.0018709999999999,0.053831,0.055702,1.452743,0.0347562787932827,0.2252836418596352,424.0,0,1.0079529518208559,0.782517774989535,1.017214663643236,0.1596619819015278,0.0452112471479329
6040.0,-0.529495,21.072521,-2.121104,22.944846,0.129671,0.075456,0.074466,0.0009899999999999,0.054215,0.055205,1.608332,0.0182602921646744,0.5929786635521609,425.0,0,0.9989595114227559,0.4140526976160357,1.0244708994709004,-0.02995894649229791,0.04728983803168122
6041.0,-0.524901,21.092998,-2.108373,22.946947,0.129432,0.076038,0.074151,0.0018869999999999,0.053394,0.055281,1.834643,0.0353403876767487,0.2122638732691131,426.0,0,1.000334765890071,0.7892095357590878,1.008956916099774,0.17975073437182065,0.0429402053432051
6042.0,-0.527527,21.091554,-2.110472,22.942746,0.129295,0.074862,0.073611,0.001251,0.0544329999999999,0.055684,1.65548,0.0229819598045339,0.4877328407741443,427.0,0,1.0076272336575445,0.523212045169407,1.0285903250188955,-0.00917184928577952,0.05048313697103217
6043.0,-0.531989,21.08801,-2.11651,22.94629,0.129157,0.074658,0.073259,0.0013989999999999,0.0544989999999999,0.0558979999999999,1.415025,0.0256697247706421,0.4278226444477463,428.0,0,1.0114996607102456,0.5851108322877284,1.0298374905517753,0.01932561739875338,0.0622979709976096
6044.0,-0.532514,21.094179,-2.111391,22.94629,0.129212,0.075382,0.07401,0.0013719999999999,0.0538299999999999,0.0552019999999999,1.226432,0.025487172818636,0.4318917217005419,429.0,0,0.9989052250622021,0.573818485989108,1.017195767195766,0.03556601037446028,0.07023116640089765
6045.0,-0.528577,21.091947,-2.109685,22.945897,0.129249,0.074752,0.073359,0.001393,0.054497,0.05589,1.438599,0.0255605710301296,0.4302556778812219,430.0,0,1.0113548970821091,0.5826014219991879,1.0297996976568413,0.01932561739875338,0.06440802502744435
6046.0,-0.528839,21.080396,-2.112441,22.943796,0.129331,0.075309,0.073595,0.001714,0.054022,0.055736,1.325443,0.0317272272920794,0.2928011042896286,431.0,0,1.0085681972404443,0.7168548724383402,1.0208238851096003,0.09895354023304681,0.07400814115871264
6047.0,-0.524245,21.099429,-2.111916,22.943928,0.129533,0.075282,0.073469,0.0018129999999999,0.054251,0.056064,1.565899,0.0334181228341811,0.2551110959845398,432.0,0,1.0145035059941199,0.7582601421999062,1.025151171579744,0.10473851498969877,0.06268369201913639
6048.0,-0.527001,21.085253,-2.10916,22.943271,0.129414,0.076527,0.07475,0.001777,0.052887,0.054664,1.561184,0.0335993041899864,0.2510725692778339,433.0,0,0.9891698710698945,0.7432036804684543,0.9993764172335611,0.12412044311899284,0.07963261492765454
6049.0,-0.524114,21.097198,-2.110735,22.943665,0.129322,0.075293,0.073553,0.00174,0.0540289999999999,0.055769,1.363162,0.0322043309272627,0.2821664793085396,434.0,0,1.0091653472065152,0.7277289836888635,1.0209561602418735,0.1014305681669948,0.09047746546469328
6050.0,-0.520439,21.102711,-2.111785,22.942221,0.129331,0.07587,0.074367,0.001503,0.0534609999999999,0.054964,1.457458,0.0281134263589092,0.3733526131160272,435.0,0,0.9945985071250857,0.6286072772898631,1.01022297808012,0.06604221482038497,0.1108335579323442
6051.0,-0.523064,21.085909,-2.113229,22.938939,0.129442,0.075545,0.073978,0.0015669999999999,0.053897,0.055464,1.339588,0.0290734350068648,0.3519540506303578,436.0,0,1.0036462338837375,0.6553743203680324,1.0184618291761158,0.06650624297605812,0.12019291292406449
6052.0,-0.520833,21.095229,-2.110341,22.943402,0.129469,0.07565,0.073044,0.0026059999999999,0.053819,0.056425,1.17457,0.0484206614641396,0.0792950169192356,437.0,0,1.0210359647138667,1.0899205353408652,1.0169879062736213,0.16031737979940208,0.1319699192773935
6053.0,-0.526083,21.094835,-2.111391,22.940383,0.129451,0.075529,0.07371,0.001819,0.053922,0.055741,1.372591,0.0337332863527622,0.2480861110951597,438.0,0,1.0086586745080308,0.7607695524885304,1.0189342403628125,0.12777412276914069,0.1181479104795679
6054.0,-0.520833,21.083415,-2.104173,22.940252,0.129166,0.075786,0.073647,0.002139,0.05338,0.055519,1.669624,0.0400704370468893,0.1068312219874779,439.0,0,1.0046414838271893,0.8946047678795856,1.0086923658352238,0.23912693505096944,0.11285274859418874
6055.0,-0.523458,21.082234,-2.107585,22.942352,0.129037,0.076107,0.074398,0.0017089999999999,0.05293,0.054639,1.608332,0.0322873174510209,0.2803167123112429,440.0,0,0.988717484731962,0.7147636971978132,1.0001889644746795,0.11291916731595619,0.10840407933740077
6056.0,-0.52057,21.086303,-2.102991,22.940646,0.129304,0.075561,0.073443,0.002118,0.053743,0.055861,1.542325,0.0394090503125931,0.1215735114357752,441.0,0,1.0108301289301072,0.8858218318695477,1.0155517762660629,0.21672360376633693,0.11130461824391766
6057.0,-0.516764,21.102055,-2.10496,22.943271,0.128872,0.074248,0.073217,0.0010309999999999,0.0546239999999999,0.0556549999999999,1.547039,0.01887414187643,0.5792959728370463,442.0,0,1.0071024655055407,0.43120033458801466,1.0321995464852598,-0.03348157298855703,0.10146158974473515
6058.0,-0.521883,21.094704,-2.103779,22.941696,0.128679,0.07524,0.073716,0.0015239999999999,0.0534389999999999,0.0549629999999999,1.264151,0.0285179640718562,0.3643354802529621,443.0,0,0.9945804116715666,0.6373902132998593,1.0098072562358267,0.07116882426520132,0.09207528171992174
6059.0,-0.522933,21.098773,-2.102991,22.943271,0.128863,0.074873,0.073364,0.0015089999999999,0.05399,0.055499,1.490462,0.0279491026282157,0.3770153838906559,444.0,0,1.0042795747568432,0.6311166875784036,1.0202191987906284,0.056943875599114846,0.08031318730330568
6060.0,-0.516764,21.096542,-2.094854,22.945109,0.128615,0.0744,0.072634,0.0017659999999999,0.054215,0.055981,1.207573,0.0325734100634497,0.2739397170031451,445.0,0,1.0130015833521837,0.738603094939345,1.0244708994709004,0.095047603885554,0.05155362723867529
6061.0,-0.515714,21.093129,-2.098791,22.947341,0.128725,0.074868,0.074094,0.000774,0.053857,0.054631,1.674339,0.0143711240669911,0.6796680977908804,446.0,0,0.9885727211038235,0.3237139272271151,1.0177059712774008,-0.03192404201576704,0.06576417838901027
6062.0,-0.51847,21.103761,-2.099973,22.944584,0.129083,0.075036,0.073453,0.001583,0.054047,0.05563,1.344303,0.0292887803433984,0.3471540098706972,447.0,0,1.00665007916761,0.662066081137627,1.0212962962962973,0.06645429955126803,0.0560613873659867
6063.0,-0.521883,21.090372,-2.10496,22.950623,0.12878,0.075781,0.074671,0.0011099999999999,0.052999,0.054109,1.287725,0.020943396226415,0.5331723586371176,448.0,0,0.9791268943677909,0.4642409033876814,1.001492819349963,0.01015317860298004,0.059624970500364416
6064.0,-0.51847,21.090504,-2.10391,22.94314,0.129212,0.07419,0.073422,0.000768,0.0550219999999999,0.0557899999999999,1.334873,0.013957799465678,0.6888810901184994,449.0,0,1.009545351730377,0.32120451693853286,1.0397203325774744,-0.04846866559533436,0.04891646023374829
6065.0,-0.51952,21.089847,-2.103123,22.948785,0.129203,0.076201,0.073889,0.002312,0.053002,0.055314,1.631906,0.0436201724430694,0.0277077319600579,450.0,0,1.000931915856142,0.9669594312003749,1.0015495086923667,0.255024678819306,0.05405899730817432
6066.0,-0.512301,21.088928,-2.098266,22.951016,0.129396,0.075545,0.073768,0.001777,0.053851,0.055628,1.113277,0.0329978459481542,0.2644790545191653,451.0,0,1.0066138882605753,0.7432036804684543,1.0175925925925935,0.11969569353610121,0.04988620531553378
6067.0,-0.511513,21.096804,-2.104173,22.951016,0.129046,0.074957,0.073726,0.0012309999999999,0.054089,0.0553199999999999,1.372591,0.0227583656868181,0.4927167466061996,452.0,0,1.001040488577244,0.5148473442074243,1.022089947089948,0.0021542583552200956,0.07459691182593964
6068.0,-0.51007,21.10363,-2.103385,22.950229,0.129221,0.074757,0.073842,0.0009149999999999,0.054464,0.055379,1.443314,0.0167997796750206,0.625533440884129,453.0,0,1.0021081203347668,0.3826850690087571,1.0291761148904015,-0.0359162784009599,0.07283180446329421
6069.0,-0.508101,21.08801,-2.104829,22.954298,0.129386,0.075687,0.073957,0.00173,0.053699,0.055429,1.438599,0.0322160148975793,0.2819060439786783,454.0,0,1.003012893010632,0.723546633207893,1.0147203325774763,0.10836924634337508,0.0724310925851844
6070.0,-0.509807,21.094966,-2.105485,22.955742,0.12934,0.075041,0.073448,0.0015929999999999,0.054299,0.055892,1.226432,0.0293370165745855,0.3460788257988366,455.0,0,1.0113910879891437,0.6662484316185556,1.026058201058202,0.053319683959148656,0.0784421819346545
6071.0,-0.511513,21.09641,-2.112179,22.949835,0.12968,0.076038,0.073821,0.0022169999999999,0.0536419999999999,0.0558589999999999,1.481032,0.0413287847435825,0.0787826915146234,456.0,0,1.0107939380230708,0.9272271016311135,1.0136432350718054,0.21518302308829146,0.06628243877045385
6072.0,-0.501932,21.089454,-2.099841,22.95036,0.1298,0.075713,0.074246,0.0014669999999999,0.0540869999999999,0.0555539999999999,1.669624,0.0271224670906669,0.3954410639517487,457.0,0,1.0052748247002932,0.6135508155583276,1.0220521541950103,0.04880322592481379,0.053455962690115565
6073.0,-0.50692,21.083941,-2.107323,22.953511,0.129405,0.075366,0.074115,0.001251,0.0540389999999999,0.0552899999999999,1.320729,0.0231495188749075,0.4839979543800846,458.0,0,1.000497624971725,0.523212045169407,1.0211451247165524,0.006146059821881988,0.050160948046717516
6074.0,-0.508626,21.095492,-2.105354,22.953642,0.129524,0.075345,0.074046,0.0012989999999999,0.054179,0.055478,1.320729,0.0239756367663343,0.4655838126347239,459.0,0,1.0038995702329798,0.5432873274780236,1.0237906273620567,0.011642227899366753,0.05587782290010557
6075.0,-0.507051,21.074621,-2.10286,22.952723,0.129092,0.075802,0.073999,0.0018029999999999,0.05329,0.055093,1.570613,0.0338331050271152,0.2458611559919665,460.0,0,0.9969328206288179,0.7540777917189357,1.006991685563115,0.13342724717729937,0.06706459401008344
6076.0,-0.511251,21.08906,-2.100366,22.951804,0.129148,0.074663,0.073432,0.0012309999999999,0.054485,0.055716,1.429169,0.0225929596593619,0.4964036417415362,461.0,0,1.0082062881700982,0.5148473442074243,1.029572940287227,-0.008569067267281572,0.06961376506384323
6077.0,-0.505738,21.092735,-2.099841,22.952985,0.129203,0.075629,0.074934,0.000695,0.053574,0.054269,1.617761,0.0129724685020998,0.7108440862207682,462.0,0,0.9820221669305595,0.29067335842744835,1.0123582766439918,-0.030795888078760436,0.05452145650397837
6078.0,-0.503901,21.082628,-2.101548,22.951935,0.128936,0.075309,0.07401,0.0012989999999999,0.0536269999999999,0.0549259999999999,1.518751,0.0242224211232937,0.4600829971013153,463.0,0,0.9939108798914263,0.5432873274780236,1.0133597883597874,0.02125247013292053,0.05509225964634858
6079.0,-0.506001,21.09536,-2.09971,22.950491,0.1289,0.075382,0.073049,0.002333,0.0535179999999999,0.0558509999999999,1.584758,0.0435919953661317,0.028335798116336,464.0,0,1.0106491743949324,0.975742367210413,1.0113000755857888,0.2202369574431538,0.053855566700611424
6080.0,-0.504032,21.084466,-2.103648,22.950623,0.129001,0.074768,0.073096,0.001672,0.054233,0.055905,1.386736,0.0308293690304975,0.3128143366231589,465.0,0,1.0116263288848686,0.6992890004182643,1.0248110355253222,0.07881139449674657,0.05838573147058623
6081.0,-0.502982,21.095885,-2.099579,22.952329,0.129368,0.074868,0.073185,0.001683,0.0545,0.056183,1.306584,0.0308801673363792,0.3116820439871615,466.0,0,1.016656864962679,0.7038895859473318,1.029856386999245,0.06425993748964298,0.0510285067516564
6082.0,-0.490382,21.094966,-2.094066,22.95036,0.128982,0.075744,0.074314,0.00143,0.053238,0.054668,1.344303,0.0268600086402825,0.4012912545332653,467.0,0,0.9892422528839638,0.5980761187787786,1.0060090702947855,0.05451125734851581,0.05234665446707278
6083.0,-0.504426,21.097854,-2.097479,22.949704,0.129726,0.075629,0.074461,0.001168,0.054097,0.055265,1.509321,0.0215904469666161,0.5187496180450639,468.0,0,1.0000452386337941,0.48849853617735206,1.022241118669691,-0.006220869635489623,0.058004336637753375
6084.0,-0.508626,21.092341,-2.095773,22.951016,0.129304,0.075272,0.073752,0.00152,0.054032,0.055552,1.448028,0.0281309570077546,0.372961855506153,469.0,0,1.0052386337932604,0.635717273107513,1.021012849584279,0.056943875599114846,0.07039048628854563
6085.0,-0.501407,21.089716,-2.089604,22.95246,0.129423,0.075823,0.074319,0.001504,0.0536,0.055104,1.495176,0.0280591780004105,0.3745618073160494,470.0,0,0.9971318706175083,0.6290255123379601,1.0128495842781566,0.059854999988001145,0.051070233667684296
6086.0,-0.499701,21.104286,-2.09341,22.955348,0.129919,0.076007,0.074808,0.001199,0.053912,0.055111,1.429169,0.0222395340641404,0.5042814871124996,471.0,0,0.9972585387921293,0.5014638226683605,1.018745275888134,0.004612409886882163,0.03914242123776224
6087.0,-0.498257,21.093916,-2.09446,22.951279,0.129772,0.07555,0.074172,0.001378,0.0542219999999999,0.0556,1.268866,0.0254135698873172,0.4335323287183098,472.0,0,1.006107215562091,0.5763278962777322,1.0246031746031736,0.025780933628045455,0.031375444961190394
6088.0,-0.500619,21.085516,-2.09551,22.948522,0.130177,0.075897,0.073968,0.001929,0.0542799999999999,0.0562089999999999,1.509321,0.0355372966599731,0.2078747782432617,473.0,0,1.017127346754127,0.8067754077792055,1.0256991685563104,0.1451139666408432,0.045398653072098234
6089.0,-0.495238,21.094966,-2.096298,22.949441,0.13014,0.075324,0.073779,0.001545,0.054816,0.056361,1.443314,0.0281846872320631,0.3717642105008895,474.0,0,1.019877855688759,0.6461731493099391,1.0358276643990938,0.027034431234540413,0.04551894085709179
6090.0,-0.499176,21.091422,-2.095773,22.947866,0.130103,0.075067,0.074031,0.0010359999999999,0.055036,0.056072,1.532895,0.0188237004197175,0.5804203113163179,475.0,0,1.0146482696222583,0.43329150982849995,1.0399848828420266,-0.04046672980247401,0.056417830890924205
6091.0,-0.499438,21.095229,-2.098135,22.952854,0.129745,0.075708,0.074603,0.0011049999999999,0.054037,0.055142,1.353732,0.0204485732262481,0.5442019477048503,476.0,0,0.9978194978511657,0.4621497281471962,1.0211073318216184,-0.013409825276075482,0.05608086184789609
6092.0,-0.500882,21.095098,-2.08921,22.952985,0.129405,0.075487,0.07329,0.002197,0.0539179999999999,0.056115,1.547039,0.0407463046421485,0.091766154605022,477.0,0,1.0154263741235023,0.9188624006692145,1.0188586545729392,0.19474333845759423,0.052585699999438094
6093.0,-0.496944,21.099561,-2.091179,22.951016,0.129589,0.075429,0.074251,0.0011779999999999,0.05416,0.055338,1.457458,0.0217499676889274,0.5151939061757953,478.0,0,1.0013662067405573,0.49268088665828075,1.023431594860167,-0.005017991785554066,0.0551211529056105
6094.0,-0.498913,21.10573,-2.089998,22.950885,0.129763,0.075713,0.073364,0.002349,0.0540499999999999,0.0563989999999999,1.622476,0.0434589554309819,0.0313012540749405,479.0,0,1.020565482922415,0.9824341279799658,1.021352985638699,0.16593277593743894,0.06255509529616657
6095.0,-0.493925,21.103105,-2.089604,22.952723,0.129497,0.075592,0.074094,0.001498,0.0539049999999999,0.055403,1.547039,0.0277891143842988,0.3805815168017697,480.0,0,1.002542411219182,0.6265161020493779,1.018613000755857,0.05648530955772013,0.08305410765724089
6096.0,-0.495369,21.108486,-2.094723,22.955348,0.129607,0.075828,0.075081,0.000747,0.0537789999999999,0.054526,1.29244,0.0138899219040537,0.6903940788263467,481.0,0,0.9866726984845066,0.31242158092849487,1.0162320483749046,-0.030339208597697787,0.1002061034273064
6097.0,-0.494975,21.094048,-2.090654,22.952985,0.12969,0.075513,0.073978,0.0015349999999999,0.054177,0.055712,1.641336,0.0283325335006828,0.36846872183621,482.0,0,1.0081339063560288,0.6419907988289268,1.0237528344671212,0.05113546268976943,0.10050132919395127
6098.0,-0.495763,21.096017,-2.08711,22.95758,0.129625,0.07596,0.073926,0.0020339999999999,0.0536649999999999,0.0556989999999999,1.377306,0.0379010919390302,0.1551858560237055,483.0,0,1.0078986654603022,0.8506900878293538,1.0140778533635666,0.21945339054640395,0.09020584429970036
6099.0,-0.496813,21.10573,-2.088423,22.956005,0.129791,0.076416,0.073999,0.002417,0.0533749999999999,0.0557919999999999,1.17457,0.0452825239808154,0.0093460313881779,484.0,0,1.0095815426374113,1.010874111250565,1.0085978835978826,0.23202455484528345,0.10808366869018964
6100.0,-0.494975,21.090897,-2.085798,22.954561,0.130048,0.075361,0.073243,0.0021179999999999,0.054687,0.0568049999999999,1.150995,0.0387287887653597,0.1367365198691598,485.0,0,1.02791223705044,0.8858218318695058,1.0333900226757378,0.1310532278981812,0.10986057144929648
6101.0,-0.492088,21.106386,-2.082779,22.957186,0.129837,0.074432,0.07297,0.001462,0.055405,0.056867,1.622476,0.026387033895246,0.4118338466831994,486.0,0,1.029034155168515,0.6114596403178841,1.046957671957673,-0.010457567609626683,0.10970018337510012
6102.0,-0.489857,21.100348,-2.082385,22.95141,0.129506,0.075162,0.073385,0.001777,0.054344,0.056121,1.358447,0.0326985003220167,0.2711514590848483,487.0,0,1.0155349468446062,0.7432036804684543,1.0269085411942565,0.09178848951508511,0.13780721843050636
6103.0,-0.4871,21.104024,-2.084879,22.955611,0.129589,0.075681,0.073742,0.0019389999999999,0.053908,0.055847,1.40088,0.0359680201821587,0.1982739645181305,488.0,0,1.010576792580865,0.8109577582601343,1.0186696900982624,0.1737602521193387,0.1334026311491044
6104.0,-0.490382,21.100086,-2.083304,22.954561,0.129616,0.076437,0.073695,0.002742,0.053179,0.055921,1.306584,0.0515607371192179,0.1492872042375621,489.0,0,1.0119158561411454,1.1468005018821057,1.0048941798941808,0.1837018035285074,0.119757752833094
6105.0,-0.490382,21.102317,-2.079235,22.956136,0.129717,0.07586,0.074409,0.0014509999999999,0.053857,0.0553079999999999,1.674339,0.026941215789669,0.3994811497345941,490.0,0,1.0008233431350364,0.6068590547887749,1.0177059712774008,0.05488142881575642,0.10588486345850398
6106.0,-0.488938,21.096804,-2.083041,22.956924,0.129928,0.076737,0.074482,0.0022549999999999,0.0531909999999999,0.0554459999999999,1.415025,0.0423935930215068,0.0550481485821763,491.0,0,1.0033205157204244,0.9431200334588014,1.0051209372637935,0.2507311419563646,0.09457073227881094
6107.0,-0.489594,21.097723,-2.086585,22.956399,0.130103,0.075524,0.074178,0.001346,0.054579,0.055925,1.518751,0.0246610480029314,0.4503060177878359,492.0,0,1.0119882379552148,0.5629443747386266,1.0313492063492073,0.007089589875749813,0.10649201377781062
6108.0,-0.489332,21.099692,-2.083435,22.951804,0.129873,0.07597,0.07434,0.0016299999999999,0.0539029999999999,0.0555329999999999,1.556469,0.030238943306619,0.3259749073872531,493.0,0,1.0048948201764298,0.6817231283981464,1.0185752078609212,0.08300460738629989,0.12138142694879708
6109.0,-0.492613,21.097985,-2.084223,22.951673,0.129763,0.075408,0.073621,0.0017869999999999,0.0543549999999999,0.0561419999999999,1.268866,0.032875855471337,0.2671982184000192,494.0,0,1.0159149513684678,0.7473860309493829,1.0271164021164012,0.09329566109938336,0.12526068416052377
6110.0,-0.490382,21.084334,-2.086585,22.950623,0.129717,0.075477,0.074136,0.001341,0.05424,0.055581,1.301869,0.0247229955199942,0.4489252095862399,495.0,0,1.0057634019452621,0.5608531994981414,1.0249433106575971,0.017911916101250758,0.10728601824435535
6111.0,-0.492482,21.093916,-2.090129,22.956399,0.129442,0.074883,0.072981,0.001902,0.0545589999999999,0.056461,1.415025,0.0348607038123167,0.2229560114787794,496.0,0,1.0216874010404895,0.7954830614805853,1.0309712773998478,0.10875524738037001,0.09900992651587628
6112.0,-0.48185,21.090504,-2.084223,22.951279,0.129487,0.076201,0.073978,0.002223,0.0532859999999999,0.0555089999999999,1.221718,0.0417174920712369,0.0701184174404634,497.0,0,1.0044605292920143,0.9297365119197377,1.0069160997732416,0.24068262122494982,0.08026171779578513
6113.0,-0.487625,21.096542,-2.081466,22.952854,0.129938,0.076542,0.074031,0.0025109999999999,0.053396,0.055907,1.556469,0.0470251137704365,0.0481883028401139,498.0,0,1.0116625197919031,1.0501882057716456,1.0089947089947098,0.21255282423660543,0.08494904489360693
6114.0,-0.488413,21.101005,-2.082123,22.953511,0.129947,0.07481,0.073348,0.001462,0.055137,0.056599,1.457458,0.0265152889114586,0.4089750464167968,499.0,0,1.0241845736258774,0.6114596403178841,1.041893424036282,0.0039551443668235375,0.09302787957559625
6115.0,-0.485919,21.087616,-2.079498,22.952067,0.129552,0.074983,0.073899,0.0010839999999999,0.054569,0.0556529999999999,1.499891,0.0198643943558729,0.5572232763013698,500.0,0,1.0070662745985062,0.4533667921371582,1.0311602418745285,-0.02787948846903443,0.08718748647322497
6116.0,-0.483163,21.099954,-2.081466,22.953379,0.129111,0.075597,0.074125,0.001472,0.053514,0.054986,1.669624,0.0275063066429973,0.3868852924360407,501.0,0,0.9949966071024664,0.6156419907988546,1.0112244897959193,0.06324905475545306,0.10165348345404368
6117.0,-0.487625,21.103105,-2.082385,22.955611,0.12912,0.075377,0.07392,0.001457,0.053743,0.0552,1.391451,0.0271100029770765,0.3957188886505808,502.0,0,0.9988690341551694,0.609368465077399,1.0155517762660629,0.05396286085396784,0.10410348656578301
6118.0,-0.481588,21.09011,-2.082779,22.954823,0.129708,0.076668,0.074802,0.001866,0.0530399999999999,0.0549059999999999,1.212288,0.0351803321958486,0.2158315048904626,503.0,0,0.9935489708210803,0.7804265997490916,1.0022675736961442,0.16379295420619294,0.10489305789290071
6119.0,-0.482375,21.099429,-2.070967,22.954955,0.129359,0.075172,0.073758,0.0014139999999999,0.054187,0.055601,1.603617,0.0260943382298663,0.4183580238333226,504.0,0,1.006125311015608,0.591384358009184,1.0239417989417998,0.0348917300756707,0.10166460558900206
6120.0,-0.480669,21.092341,-2.088685,22.955742,0.129157,0.075419,0.073548,0.0018709999999999,0.0537379999999999,0.0556089999999999,1.405595,0.0348164275479632,0.22394292801481,505.0,0,1.006270074643745,0.782517774989535,1.0154572940287216,0.16257188590943794,0.10310932848681076
6121.0,-0.479094,21.095098,-2.075823,22.956005,0.129037,0.076248,0.074461,0.0017869999999999,0.052789,0.054576,1.429169,0.033851108164425,0.2454598666291242,506.0,0,0.9875774711603719,0.7473860309493829,0.9975245653817092,0.1332552784977632,0.10455661897203208
6122.0,-0.484344,21.100086,-2.077398,22.957449,0.129423,0.07638,0.074225,0.002155,0.053043,0.055198,1.608332,0.0406266495739386,0.0944332623016739,507.0,0,0.9988328432481347,0.9012965286491383,1.0023242630385496,0.24857833449612676,0.11706584868605543
6123.0,-0.476075,21.108618,-2.077923,22.951804,0.129781,0.075986,0.074041,0.001945,0.053795,0.05574,1.433884,0.0361551044687337,0.1941038616707364,508.0,0,1.0086405790545134,0.8134671685487583,1.0165343915343925,0.18026830119761905,0.1337890901282962
6124.0,-0.477912,21.102055,-2.07976,22.952592,0.129653,0.074694,0.073191,0.0015029999999999,0.0549589999999999,0.0564619999999999,1.415025,0.0273471615720522,0.3904326310482051,509.0,0,1.021705496494005,0.6286072772898214,1.0385298563869982,0.01840237334491046,0.11289311289061892
6125.0,-0.485131,21.105336,-2.081073,22.953773,0.129166,0.07429,0.073075,0.0012149999999999,0.054876,0.056091,1.429169,0.0221404231280863,0.5064906667513334,510.0,0,1.014992083239087,0.5081555834378715,1.0369614512471665,-0.013406583616821233,0.11217459686020421
6126.0,-0.481719,21.097329,-2.075429,22.949572,0.128835,0.074904,0.072618,0.0022859999999999,0.053931,0.056217,1.28301,0.0423867091893494,0.0552015889838587,511.0,0,1.0172721103822675,0.9560853199498099,1.0191043083900235,0.18834135189568657,0.11784188807655989
6127.0,-0.480012,21.107568,-2.079629,22.956136,0.129074,0.07555,0.073511,0.0020389999999999,0.0535239999999999,0.0555629999999999,1.438599,0.0380943484353105,0.1508781748166411,512.0,0,1.0054376837819488,0.8527812630698389,1.0114134542705961,0.2211952752763756,0.11871539756991926
6128.0,-0.475944,21.096804,-2.081335,22.949441,0.129285,0.075004,0.074272,0.0007319999999999,0.054281,0.055013,1.330158,0.0134851331933236,0.6994168064220798,513.0,0,0.9954851843474336,0.30614805520699734,1.0257180650037803,-0.04516681817057977,0.11596682334078542
6129.0,-0.475812,21.101136,-2.078316,22.952592,0.12912,0.074957,0.0736,0.0013569999999999,0.054163,0.05552,1.509321,0.0250535410974078,0.4415573590906133,514.0,0,1.0046595792807067,0.5675449602676523,1.023488284202571,0.027706569771523415,0.11671706870382914
6130.0,-0.478569,21.10468,-2.074248,22.951148,0.129138,0.075902,0.073915,0.001987,0.053236,0.055223,1.499891,0.0373236658714804,0.1680566648582215,515.0,0,0.9992852295860675,0.8310330405688344,1.0059712773998497,0.2192447980729949,0.1189701337394485
6131.0,-0.472925,21.101005,-2.077266,22.95036,0.129414,0.075813,0.073978,0.001835,0.0536009999999999,0.055436,1.268866,0.0342337972463714,0.2369297390619884,516.0,0,1.0031395611852532,0.7674613132580831,1.0128684807256225,0.141990373431357,0.13871117705088068
6132.0,-0.472268,21.100086,-2.070573,22.950097,0.12969,0.076327,0.074325,0.002002,0.0533629999999999,0.055365,1.405595,0.0375159283412038,0.1637711404717607,517.0,0,1.0018547839855245,0.83730656629029,1.008371126228268,0.22109259220478839,0.11840335822470074
6133.0,-0.473581,21.098642,-2.077529,22.952198,0.129662,0.075918,0.073952,0.0019659999999999,0.053744,0.0557099999999999,1.339588,0.0365801469904176,0.184629677267619,518.0,0,1.0080977154489925,0.8222501045587546,1.0155706727135307,0.18777075482805605,0.09736035257478888
6134.0,-0.475944,21.093785,-2.080416,22.948785,0.12935,0.075072,0.07359,0.0014819999999999,0.0542779999999999,0.0557599999999999,1.466888,0.0273033769966284,0.3914085878534993,519.0,0,1.0090024881248578,0.6198243412797834,1.0256613756613748,0.040933023701103965,0.10355822989414616
6135.0,-0.466231,21.095098,-2.073854,22.952067,0.12969,0.076054,0.07349,0.0025639999999999,0.053636,0.0562,1.29244,0.0478028226783749,0.0655234098702663,520.0,0,1.0169644876724733,1.0723546633207892,1.013529856387,0.18400384949750054,0.10507603314244171
6136.0,-0.472662,21.099298,-2.075954,22.953511,0.12901,0.074631,0.073479,0.001152,0.054379,0.055531,1.509321,0.0211842589187201,0.5278035368220936,521.0,0,1.0048586292693968,0.4818067754077993,1.027569916855632,-0.014736836366112782,0.09535266234578614
6137.0,-0.477125,21.09431,-2.06926,22.950623,0.1289,0.074705,0.073411,0.0012939999999999,0.0541949999999999,0.0554889999999999,1.452743,0.0238763008340097,0.4677980074333309,522.0,0,1.0040986202216684,0.5411961522375383,1.024092970521541,0.010765218777257002,0.09948231311887044
6138.0,-0.466887,21.103892,-2.070442,22.949178,0.12912,0.075424,0.074141,0.001283,0.053696,0.054979,1.565899,0.0238933273739688,0.4674184863946331,523.0,0,0.9948699389278453,0.5365955667085126,1.0146636432350726,0.01681195502299293,0.09216167737881395
6139.0,-0.467806,21.09536,-2.071754,22.947078,0.128762,0.07482,0.073427,0.0013929999999999,0.0539419999999999,0.0553349999999999,1.471602,0.0258235544927051,0.4243937847945264,524.0,0,1.0013119203800036,0.582601421999146,1.0193121693121683,0.0428846022544791,0.09917374659849407
6140.0,-0.465181,21.100086,-2.07766,22.945372,0.128863,0.075582,0.073805,0.001777,0.053281,0.055058,1.325443,0.033350850193311,0.2566106010278535,525.0,0,0.9962994797557123,0.7432036804684543,1.0068216175359042,0.12201109010643918,0.11801059952435584
6141.0,-0.465837,21.092079,-2.073985,22.944715,0.128945,0.075204,0.073259,0.0019449999999999,0.053741,0.055686,1.033125,0.0361914331435374,0.193294096655116,526.0,0,1.007663424564579,0.8134671685487165,1.015513983371127,0.18328688116220004,0.12557165111330462
6142.0,-0.465049,21.091554,-2.069523,22.94931,0.128477,0.075435,0.0736,0.001835,0.053042,0.054877,1.358447,0.0345945742133741,0.2288880318458743,527.0,0,0.9930242026690803,0.7674613132580831,1.0023053665910817,0.14788623480422347,0.1465554456162107
6143.0,-0.471612,21.089191,-2.075166,22.948916,0.128468,0.075671,0.073406,0.002265,0.052797,0.055062,1.523465,0.0428993522481912,0.0437747913702828,528.0,0,0.9963718615697815,0.9473023839398137,0.9976757369614521,0.25789144702485717,0.17012376498391552
6144.0,-0.459143,21.088928,-2.067554,22.945897,0.129102,0.075933,0.073905,0.002028,0.0531689999999999,0.0551969999999999,1.424454,0.0381418092909535,0.1498202738412044,529.0,0,0.9988147477946157,0.8481806775408133,1.0047052154195,0.22930155295972193,0.18560416040706657
6145.0,-0.459274,21.101661,-2.079891,22.950229,0.129212,0.076574,0.074346,0.002228,0.0526379999999999,0.054866,1.424454,0.042326032029484,0.0565540809635918,530.0,0,0.99282515268039,0.9318276871602229,0.994671201814058,0.259614365386988,0.1912192428384492
6146.0,-0.462293,21.099692,-2.077266,22.94826,0.129377,0.076044,0.073348,0.002696,0.0533329999999999,0.0560289999999999,1.438599,0.0505493681328984,0.126743821429591,531.0,0,1.0138701651210125,1.1275616896696414,1.0078042328042318,0.195101108662948,0.1824791353059078
6147.0,-0.460193,21.100611,-2.076348,22.949178,0.129111,0.075939,0.073726,0.002213,0.053172,0.055385,1.712058,0.0416188667180713,0.0723167734520265,532.0,0,1.0022166930558705,0.9255541614387672,1.0047619047619056,0.2464484124543055,0.1894560053276429
6148.0,-0.457568,21.097329,-2.069785,22.952067,0.129322,0.075876,0.073086,0.00279,0.0534459999999999,0.0562359999999999,1.518751,0.0522012460942616,0.163564129090576,533.0,0,1.0176159239990943,1.166875784190764,1.0099395313681019,0.17161590925450304,0.1891503463704762
6149.0,-0.455205,21.101005,-2.06506,22.948785,0.129386,0.076353,0.074724,0.001629,0.053033,0.054662,1.339588,0.0307161443602218,0.3153381109526657,534.0,0,0.98913368016286,0.6813048933500911,1.0021352985638707,0.099035426568306,0.1812077876662705
6150.0,-0.465443,21.091947,-2.080154,22.953904,0.129249,0.075083,0.073663,0.0014199999999999,0.054166,0.0555859999999999,1.363162,0.0262152232909334,0.4156634996346751,535.0,0,1.0058538792128469,0.5938937682977664,1.0235449735449744,0.0346100147810251,0.15545868001212176
6151.0,-0.459406,21.097723,-2.067292,22.948916,0.129423,0.076516,0.074319,0.002197,0.052907,0.055104,1.415025,0.0415249111665533,0.0744110397321426,536.0,0,0.9971318706175083,0.9188624006692145,0.9997543461829186,0.2530555813795506,0.1509255912471754
6152.0,-0.45468,21.094179,-2.078448,22.953248,0.129322,0.07513,0.073217,0.0019129999999999,0.0541919999999999,0.0561049999999999,1.481032,0.0352997619618769,0.21316941917233,537.0,0,1.0152454195883276,0.800083647009611,1.0240362811791373,0.1448296452325567,0.13400796015435754
6153.0,-0.462031,21.098773,-2.065717,22.952854,0.129396,0.075986,0.074099,0.0018869999999999,0.05341,0.055297,1.344303,0.0353298009773267,0.2124998504653406,538.0,0,1.0006242931463478,0.7892095357590878,1.0092592592592602,0.17846585998280023,0.11965219613225016
6154.0,-0.459537,21.096148,-2.063485,22.955873,0.129671,0.074805,0.073679,0.001126,0.054866,0.055992,1.339588,0.0205223540561722,0.5425573753327804,539.0,0,1.013200633340874,0.4709326641572761,1.0367724867724877,-0.02818952358176552,0.10533154857455815
6155.0,-0.460849,21.096148,-2.064404,22.953904,0.129386,0.075676,0.073642,0.0020339999999999,0.05371,0.055744,1.301869,0.0378693377520432,0.1558936558501646,540.0,0,1.0087129608685828,0.8506900878293538,1.014928193499623,0.21428347773752449,0.0990833129666405
6156.0,-0.458224,21.100873,-2.064798,22.953379,0.129634,0.075078,0.073584,0.001494,0.0545559999999999,0.05605,1.452743,0.0273842036768885,0.3896069636996567,541.0,0,1.0142501696448776,0.6248431618569897,1.0309145880574442,0.0259247977347693,0.10060720539040133
6157.0,-0.458881,21.101005,-2.07346,22.957317,0.129552,0.075881,0.074204,0.0016769999999999,0.0536709999999999,0.0553479999999999,1.377306,0.0312453420778058,0.303542310517835,542.0,0,1.0015471612757285,0.7013801756587076,1.014191232048374,0.10289077223323162,0.08976847854353957
6158.0,-0.454943,21.099561,-2.056267,22.957317,0.129267,0.076002,0.074692,0.00131,0.0532649999999999,0.054575,1.339588,0.0245935493560621,0.4518105604977455,543.0,0,0.9875593757068545,0.5478879130071329,1.0065192743764162,0.028409433677583085,0.09148885302191771
6159.0,-0.457699,21.104549,-2.062042,22.957055,0.129625,0.075135,0.073563,0.0015719999999999,0.05449,0.0560619999999999,1.367877,0.0288488007193846,0.3569611418136549,544.0,0,1.0144673150870833,0.6574654956085176,1.0296674225245663,0.03655307048912937,0.08360940399147213
6160.0,-0.453762,21.105861,-2.062435,22.957449,0.129579,0.07565,0.074209,0.0014409999999999,0.053929,0.05537,1.481032,0.0267198219914703,0.4044160105140069,545.0,0,1.001945261253111,0.6026767043078044,1.0190665154950878,0.04984893901863352,0.09129859425679374
6161.0,-0.456518,21.099429,-2.063748,22.957186,0.129561,0.075823,0.073983,0.00184,0.053738,0.055578,1.334873,0.0342395653063884,0.2368011691861263,546.0,0,1.0057091155847102,0.7695524884985684,1.0154572940287234,0.14466831291093296,0.06704222059505323
6162.0,-0.456255,21.095623,-2.069523,22.958105,0.129598,0.07576,0.073878,0.0018819999999999,0.053838,0.0557199999999999,1.089703,0.0349560727353776,0.2208302411915481,547.0,0,1.0082786699841657,0.7871183605186025,1.017346938775511,0.1620333900163381,0.0688664709666212
6163.0,-0.45363,21.098511,-2.075691,22.956661,0.129726,0.075954,0.074277,0.0016769999999999,0.053772,0.055449,1.183999,0.0311866550127386,0.3048504433472793,548.0,0,1.003374802080978,0.7013801756587076,1.0160997732426313,0.09967136967834433,0.0811791640693437
6164.0,-0.45258,21.110193,-2.053904,22.957843,0.12968,0.075461,0.073936,0.0015249999999999,0.0542189999999999,0.0557439999999999,1.53761,0.0281261527111766,0.3730689431253561,549.0,0,1.0087129608685808,0.6378084483479564,1.02454648526077,0.048702379071450586,0.07667714856198826
6165.0,-0.458487,21.101792,-2.06401,22.956924,0.129442,0.075408,0.074461,0.000947,0.054034,0.054981,1.466888,0.017525677801425,0.6093531945403335,550.0,0,0.9949061298348799,0.39606859054790444,1.0210506424792147,-0.028280258879880726,0.0858691858188049
6166.0,-0.456649,21.090372,-2.063223,22.953511,0.129726,0.07523,0.073621,0.0016089999999999,0.054496,0.056105,1.415025,0.0295245609850083,0.3418984668053881,551.0,0,1.0152454195883294,0.6729401923881084,1.0297808012093737,0.044167301450449115,0.09517397093155558
6167.0,-0.449955,21.088272,-2.060992,22.955086,0.129221,0.075897,0.073878,0.002019,0.0533239999999999,0.055343,1.443314,0.0378621659634319,0.1560535147921231,552.0,0,1.0014566840081438,0.8444165621079399,1.0076341647770208,0.22601770326045645,0.08972106686225245
6168.0,-0.452055,21.099823,-2.067554,22.955086,0.129524,0.074899,0.073737,0.0011619999999999,0.054625,0.055787,1.457458,0.0212719217954819,0.5258495340638308,553.0,0,1.0094910653698268,0.485989125888728,1.0322184429327295,-0.016610721395971084,0.07277603521965614
6169.0,-0.451924,21.10783,-2.060467,22.958236,0.129827,0.075508,0.073616,0.001892,0.0543189999999999,0.056211,1.433884,0.0348306332842416,0.2236262826011934,554.0,0,1.0171635376611634,0.7913007109996149,1.0264361300075577,0.1284734430572958,0.08701146470114536
6170.0,-0.452843,21.104155,-2.064667,22.954561,0.129533,0.07545,0.073563,0.0018869999999999,0.054083,0.05597,1.358447,0.0348901708453516,0.2222991922417776,555.0,0,1.0128025333634934,0.7892095357590878,1.0219765684051407,0.1428967901461401,0.09556386012104454
6171.0,-0.455337,21.105336,-2.065848,22.955348,0.130002,0.076264,0.074624,0.00164,0.053738,0.055378,1.580043,0.0305178734252591,0.3197575638398103,556.0,0,1.0020900248812494,0.6859054788791586,1.0154572940287234,0.09013927221790186,0.11686323409639679
6172.0,-0.457174,21.096017,-2.059285,22.957711,0.129478,0.075114,0.073894,0.0012199999999999,0.054364,0.055584,1.212288,0.0224409086728593,0.4997928534352148,557.0,0,1.005817688305814,0.5102467586783567,1.027286470143614,-0.007416926409624991,0.12555558096535177
6173.0,-0.454812,21.101005,-2.059548,22.955742,0.129469,0.076233,0.074015,0.0022179999999999,0.053236,0.055454,1.16514,0.0416627533482352,0.0713385418497936,558.0,0,1.0034652793485646,0.9276453366792107,1.0059712773998497,0.24202566449323637,0.10572446761645848
6174.0,-0.450874,21.098904,-2.051673,22.955217,0.129736,0.076149,0.074325,0.0018239999999999,0.0535869999999999,0.0554109999999999,1.570613,0.0340374710756138,0.2413058432163383,559.0,0,1.0026871748473187,0.7628607277289737,1.0126039304610723,0.13422633327044264,0.10613585095670383
6175.0,-0.451005,21.099167,-2.05561,22.956792,0.129634,0.075849,0.073385,0.0024639999999999,0.053785,0.0562489999999999,1.325443,0.0458111776298664,0.021129704552566,560.0,0,1.0178511648948194,1.0305311585110843,1.0163454270597136,0.1847134808736416,0.1124369910926071
6176.0,-0.449955,21.090897,-2.05666,22.947472,0.129781,0.075335,0.07339,0.001945,0.054446,0.056391,1.330158,0.0357228130108178,0.2037396246338445,561.0,0,1.0204207192942782,0.8134671685487583,1.0288359788359798,0.13109077013999915,0.09671523636826021
6177.0,-0.450743,21.094966,-2.063879,22.95141,0.130039,0.075844,0.074466,0.0013779999999999,0.0541949999999999,0.0555729999999999,1.570613,0.025426230718134,0.4332501191987088,562.0,0,1.005618638317122,0.5763278962776903,1.024092970521541,0.027706569771523415,0.09995094239418967
6178.0,-0.452055,21.104942,-2.060467,22.949441,0.129864,0.075041,0.073779,0.0012619999999999,0.054823,0.056085,1.429169,0.0230191157157449,0.4869046366850953,563.0,0,1.0148835105179834,0.5278126306984328,1.035959939531369,-0.012496887993517669,0.11175165443094112
6179.0,-0.443655,21.109405,-2.055479,22.954955,0.129414,0.07617,0.073458,0.002712,0.053244,0.055956,1.429169,0.0509343600338061,0.1353252787587451,564.0,0,1.012549197014251,1.1342534504391941,1.0061224489795928,0.19148484441632851,0.0931630247456191
6180.0,-0.447593,21.102842,-2.063485,22.953904,0.12934,0.075288,0.074193,0.0010949999999999,0.054052,0.055147,1.301869,0.020257895028953,0.5484521587088474,565.0,0,0.9979099751187523,0.45796737766622575,1.0213907785336367,-0.014320757097328829,0.0855502054384073
6181.0,-0.446674,21.102186,-2.059154,22.956136,0.129708,0.076248,0.074482,0.0017659999999999,0.0534599999999999,0.0552259999999999,1.518751,0.0330334262359475,0.2636859710264023,566.0,0,0.9993395159466175,0.738603094939345,1.010204081632652,0.12249633247719638,0.0863815808302868
6182.0,-0.450349,21.105599,-2.059417,22.953904,0.129965,0.076159,0.074435,0.001724,0.0538059999999999,0.0555299999999999,1.466888,0.0320404408348356,0.2858195842998862,567.0,0,1.004840533815878,0.7210372229193107,1.0167422524565373,0.11059019395788983,0.0837356734143783
6183.0,-0.445624,21.102842,-2.061517,22.957317,0.129708,0.075046,0.073369,0.0016769999999999,0.0546619999999999,0.0563389999999999,1.565899,0.0306788869985181,0.3161685763699985,568.0,0,1.0194797557113766,0.7013801756587076,1.032917611489039,0.056139367640016036,0.10565931808699887
6184.0,-0.44418,21.098379,-2.06296,22.954692,0.129487,0.07607,0.07464,0.00143,0.0534169999999999,0.0548469999999999,1.547039,0.0267700026208394,0.4032974858679939,569.0,0,0.9924813390635594,0.5980761187787786,1.0093915343915334,0.05809814019832449,0.13043221858688986
6185.0,-0.443524,21.098117,-2.063485,22.955086,0.129478,0.075797,0.073826,0.001971,0.053681,0.055652,1.433884,0.0367162177266122,0.1815966648493111,570.0,0,1.0070481791449908,0.8243412797992816,1.0143801965230546,0.19302723479243677,0.10531480657068341
6186.0,-0.442867,21.105336,-2.058367,22.955217,0.129763,0.075902,0.074199,0.0017029999999999,0.0538609999999999,0.0555639999999999,1.396165,0.03161783817905,0.2952393841690808,571.0,0,1.0054557792354661,0.7122542869092309,1.0177815570672704,0.10463169598091415,0.12626592109318097
6187.0,-0.450743,21.093129,-2.056398,22.951673,0.12991,0.076773,0.074587,0.0021859999999999,0.053137,0.055323,1.27358,0.041138168542286,0.0830315206297682,572.0,0,1.0010947749377976,0.9142618151401051,1.0041005291005298,0.24694301649772915,0.10745052727104813
6188.0,-0.446018,21.098904,-2.051935,22.95036,0.129956,0.076495,0.074183,0.0023119999999999,0.0534609999999999,0.0557729999999999,1.325443,0.0432456698215554,0.0360553835823435,573.0,0,1.0092377290205827,0.9669594312003332,1.01022297808012,0.23523211700539198,0.09517211491862636
6189.0,-0.441555,21.090766,-2.060335,22.954823,0.130011,0.075009,0.074466,0.000543,0.0550019999999999,0.0555449999999999,1.481032,0.0098721887897024,0.7799492232318459,574.0,0,1.0051119656186374,0.22710163111669704,1.039342403628117,-0.05968927574573579,0.11080414114787732
6190.0,-0.441161,21.097854,-2.051673,22.948916,0.13025,0.076338,0.074109,0.002229,0.053912,0.056141,1.240577,0.0413443881809583,0.078434891387625,575.0,0,1.0158968559149524,0.93224592220832,1.018745275888134,0.19519038812764672,0.1161511082773524
6191.0,-0.445361,21.10468,-2.054954,22.952198,0.129956,0.074532,0.073989,0.000543,0.0554239999999999,0.0559669999999999,1.716772,0.0097970230040595,0.7816246662232066,576.0,0,1.0127482470029396,0.22710163111669704,1.0473167044595606,-0.06565760574413193,0.1034582820348177
6192.0,-0.439586,21.100217,-2.04616,22.953117,0.129616,0.074873,0.073611,0.0012619999999999,0.054743,0.056005,1.386736,0.0230527546397778,0.4861548261293232,577.0,0,1.013435874236599,0.5278126306984328,1.034448223733939,-0.012193929566328032,0.0974118425817712
6193.0,-0.439192,21.096935,-2.049442,22.944321,0.130149,0.076516,0.074141,0.002375,0.0536329999999999,0.0560079999999999,1.405595,0.0442816124100384,0.0129642559571615,578.0,0,1.0134901605971491,0.9933082392304889,1.0134731670445947,0.2124596299325256,0.07230815558610452
6194.0,-0.44103,21.08906,-2.059942,22.947209,0.129736,0.075461,0.073626,0.001835,0.0542749999999999,0.0561099999999999,1.084988,0.0338086815535412,0.2464055544476509,579.0,0,1.015335896855914,0.7674613132580831,1.025604686318971,0.11156781149307549,0.057917870252163016
6195.0,-0.440374,21.09536,-2.050885,22.94629,0.129754,0.075188,0.073427,0.0017609999999999,0.054566,0.056327,1.448028,0.0322722524602781,0.280652510479771,580.0,0,1.0192626102691709,0.7365119196988597,1.031103552532125,0.06609897236708973,0.061438966229372095
6196.0,-0.445099,21.100086,-2.047079,22.94524,0.129947,0.075466,0.073852,0.001614,0.054481,0.056095,1.523465,0.029624463125436,0.3396716512460219,581.0,0,1.0150644650531564,0.6750313676286355,1.0294973544973554,0.044167301450449115,0.049933339741508105
6197.0,-0.447199,21.09431,-2.05351,22.943009,0.13002,0.074673,0.073117,0.001556,0.0553469999999999,0.0569029999999999,1.547039,0.0281130302811303,0.3733614416772266,582.0,0,1.029685591495136,0.6507737348390067,1.0458616780045342,-0.004093853458937646,0.06469509563436764
6198.0,-0.440505,21.09641,-2.051673,22.940383,0.129533,0.075928,0.074298,0.0016299999999999,0.053605,0.055235,1.344303,0.0304070439876131,0.3222279485095419,583.0,0,0.999502375028275,0.6817231283981464,1.012944066515496,0.09132926366597693,0.07846267625920542
6199.0,-0.442867,21.088666,-2.050754,22.943796,0.129736,0.075267,0.074151,0.001116,0.0544689999999999,0.0555849999999999,1.386736,0.0204883422067194,0.5433154983844001,584.0,0,1.0058357837593295,0.4667503136763056,1.029270597127739,-0.024478315973645026,0.060634225594366487
6200.0,-0.440505,21.088666,-2.05246,22.942484,0.129533,0.075356,0.073684,0.001672,0.054177,0.055849,1.377306,0.0308612351877146,0.3121040409838015,585.0,0,1.0106129834878996,0.6992890004182643,1.0237528344671212,0.08013412324900682,0.04591716855875103
6201.0,-0.435386,21.08801,-2.047867,22.941696,0.129901,0.075755,0.074088,0.001667,0.0541459999999999,0.0558129999999999,1.382021,0.0307865625057713,0.3137684927092518,586.0,0,1.0099615471612748,0.6971978251777791,1.0231670445956151,0.08195995318446347,0.0439329610093382
6202.0,-0.440111,21.089716,-2.048654,22.940646,0.129616,0.075319,0.073443,0.001876,0.054297,0.056173,1.29244,0.0345500755092269,0.229879906557892,587.0,0,1.016475910427506,0.784608950230062,1.0260204081632662,0.1254818766820498,0.036415067141247426
6203.0,-0.441949,21.094966,-2.047735,22.94524,0.129377,0.074322,0.072603,0.0017189999999999,0.0550549999999999,0.0567739999999999,1.52818,0.0312227550130775,0.3040457754782666,588.0,0,1.0273512779914038,0.7189460476787837,1.0403439153439145,0.03417512328413619,0.05693489868577659
6204.0,-0.437355,21.094835,-2.044323,22.942484,0.129212,0.074715,0.0738,0.0009149999999999,0.0544969999999999,0.0554119999999999,1.433884,0.0167896069580534,0.6257601904244943,589.0,0,1.002705270300836,0.3826850690087571,1.0297996976568395,-0.035602758863079065,0.045086115153910755
6205.0,-0.429348,21.093785,-2.042223,22.941827,0.128532,0.0747,0.07328,0.00142,0.053832,0.055252,1.344303,0.0263778723088069,0.4120380581559848,590.0,0,0.9998099977380692,0.5938937682978082,1.0172335600907039,0.04625689687296142,0.046309336973911555
6206.0,-0.432236,21.087616,-2.052985,22.938283,0.128504,0.074532,0.073668,0.000864,0.053972,0.054836,1.358447,0.016008004002001,0.6431820956642953,591.0,0,0.9922822890748709,0.36135508155584944,1.0198790627362064,-0.031011637230458633,0.050040511262419415
6207.0,-0.440242,21.088797,-2.050623,22.942877,0.128964,0.075639,0.073684,0.0019549999999999,0.053325,0.0552799999999999,1.358447,0.0366612909275025,0.1828209814691576,592.0,0,1.0003166704365518,0.817649519029687,1.0076530612244907,0.201104461986354,0.04682186263360497
6208.0,-0.433548,21.089716,-2.05351,22.93592,0.129148,0.074694,0.073616,0.0010779999999999,0.054454,0.055532,1.495176,0.0197961619685978,0.5587441740617833,593.0,0,1.0048767247229142,0.45085738184857593,1.0289871504157229,-0.02715857165268143,0.03216714651943432
6209.0,-0.43893,21.088272,-2.060204,22.941958,0.129065,0.074705,0.073527,0.0011779999999999,0.05436,0.055538,1.377306,0.0216699472047975,0.5169775602433224,594.0,0,1.004985297444018,0.49268088665828075,1.0272108843537424,-0.012246097773637055,0.02829886879049508
6210.0,-0.429348,21.095754,-2.038417,22.944978,0.128936,0.075786,0.074025,0.001761,0.0531499999999999,0.054911,1.754491,0.0331320200936955,0.2614883170467036,595.0,0,0.9936394480886687,0.7365119196989015,1.0043461829176104,0.11744586613408547,0.03130745667712417
6211.0,-0.43263,21.088666,-2.050623,22.944453,0.129184,0.075083,0.073569,0.001514,0.0541009999999999,0.055615,1.40088,0.0279841780340837,0.3762335542000836,596.0,0,1.0063786473648504,0.6332078628189306,1.0223167044595607,0.04977346689631901,0.030635046828018698
6212.0,-0.433155,21.098379,-2.049704,22.942615,0.128817,0.074925,0.073947,0.000978,0.0538919999999999,0.0548699999999999,1.358447,0.0181470691926596,0.5955024000274849,597.0,0,0.9928975344944573,0.4090338770389129,1.0183673469387744,-0.02106528445965672,0.035458856568540864
6213.0,-0.425279,21.092735,-2.047998,22.940252,0.129001,0.074789,0.073579,0.0012099999999999,0.054212,0.055422,1.542325,0.0223193698928299,0.5025019490089164,598.0,0,1.0028862248360109,0.5060644081973862,1.0244142101284968,-0.004507654005256212,0.024868063575389353
6214.0,-0.428955,21.099823,-2.044979,22.943534,0.128955,0.074673,0.073448,0.001225,0.0542819999999999,0.0555069999999999,1.245292,0.0225669178195752,0.4969841135290602,599.0,0,1.0044243383849798,0.5123379339188838,1.0257369614512462,-0.005516879996788182,0.051711307252454784
6215.0,-0.431842,21.095229,-2.046423,22.939858,0.129322,0.075456,0.074073,0.0013829999999999,0.053866,0.0552489999999999,1.04727,0.025674346074591,0.427719635728475,600.0,0,0.9997557113775155,0.5784190715181755,1.0178760393046116,0.03953279838190671,0.07535288769409201
6216.0,-0.430923,21.092998,-2.050623,22.939333,0.129148,0.075004,0.073674,0.0013299999999999,0.054144,0.055474,1.29244,0.0245636716224951,0.4524765342366548,601.0,0,1.0038271884189107,0.556252613969032,1.0231292517006811,0.017226460174763036,0.07190951817776456
6217.0,-0.422129,21.088403,-2.045767,22.941565,0.129276,0.075067,0.073285,0.0017819999999999,0.054209,0.055991,1.448028,0.0328721638074154,0.2672805054724023,602.0,0,1.0131825378873567,0.7452948557088978,1.024357520786093,0.09519653205483891,0.07372445689541687
6218.0,-0.423704,21.099823,-2.044979,22.938414,0.128716,0.075477,0.073401,0.002076,0.0532389999999999,0.055315,1.575328,0.038993238166792,0.1308419510515794,603.0,0,1.0009500113096594,0.8682559598494717,1.0060279667422514,0.24127386511797283,0.09893421555270822
6219.0,-0.425017,21.097723,-2.046029,22.94104,0.128413,0.074794,0.072723,0.002071,0.053619,0.05569,1.53761,0.0386236478925774,0.1390801066074889,604.0,0,1.0077358063786483,0.8661647846089864,1.0132086167800463,0.22416970664273528,0.11200757715656282
6220.0,-0.423573,21.093523,-2.036842,22.942746,0.128835,0.074862,0.073227,0.0016349999999999,0.053973,0.055608,1.358447,0.0302923629895875,0.3247841843386637,605.0,0,1.0062519791902294,0.6838143036386316,1.0198979591836743,0.08301217097081093,0.11937918780775758
6221.0,-0.426592,21.076984,-2.055742,22.938283,0.128844,0.075345,0.073815,0.0015299999999999,0.0534989999999999,0.0550289999999999,1.509321,0.0285981308411213,0.3625485654943859,606.0,0,0.9957747116037086,0.6398996235884415,1.0109410430838992,0.06792285407284215,0.13713590773144374
6222.0,-0.416748,21.096279,-2.036973,22.940777,0.12867,0.075471,0.073432,0.0020389999999999,0.053199,0.055238,1.367877,0.0383270676691729,0.1456908704334724,607.0,0,0.999556661388827,0.8527812630698389,1.0052721088435383,0.2310323021132567,0.14118593393374085
6223.0,-0.424492,21.086303,-2.046029,22.939858,0.12856,0.076212,0.074503,0.001709,0.052348,0.054057,1.443314,0.0326462778658618,0.2723154959855218,608.0,0,0.9781859307848911,0.714763697197855,0.9891912320483758,0.12622596203328995,0.13384309882844964
6224.0,-0.41386,21.08801,-2.038417,22.938939,0.12901,0.075445,0.07391,0.0015349999999999,0.053565,0.0551,1.575328,0.0286562371653659,0.3612533773595602,609.0,0,0.9970594888034391,0.6419907988289268,1.012188208616781,0.0681992265151593,0.1330517918914867
6225.0,-0.420029,21.089322,-2.041173,22.94104,0.129653,0.076164,0.073731,0.0024329999999999,0.0534889999999999,0.0559219999999999,1.287725,0.0454851374088613,0.0138622783091915,610.0,0,1.011933951594661,1.017565872020076,1.0107520786092203,0.21709999761876847,0.12074679828309236
6226.0,-0.41911,21.084334,-2.044192,22.938152,0.129579,0.075603,0.074083,0.00152,0.0539759999999999,0.055496,1.462173,0.0281601422828243,0.3723113166453113,611.0,0,1.0042252883962912,0.635717273107513,1.0199546485260762,0.057726722197734226,0.13321821793119887
6227.0,-0.416354,21.088272,-2.043142,22.937233,0.129423,0.07576,0.074456,0.0013039999999999,0.053663,0.054967,1.504606,0.0242993440667859,0.4583683871169105,612.0,0,0.9946527934856376,0.5453785027185089,1.0140400604686328,0.021768181001926568,0.13146670048243259
6228.0,-0.415567,21.093916,-2.048392,22.937889,0.129313,0.07586,0.073653,0.002207,0.053453,0.05566,1.547039,0.0412878362704381,0.0796954316895571,613.0,0,1.0071929427731292,0.923044751150185,1.0100718065003789,0.2333607957483434,0.1289719158947312
6229.0,-0.411891,21.088797,-2.044454,22.933163,0.129432,0.075718,0.074041,0.0016769999999999,0.053714,0.0553909999999999,1.382021,0.0312203295168946,0.3040998397116865,614.0,0,1.0023252657769726,0.7013801756587076,1.0150037792894944,0.10111977055879195,0.12647631875353502
6230.0,-0.41281,21.093785,-2.040386,22.932507,0.129634,0.075744,0.073626,0.002118,0.0538899999999999,0.056008,1.415025,0.0393015531350319,0.1239696201333117,615.0,0,1.013490160597151,0.8858218318695477,1.0183295540438388,0.20772636745187595,0.13306526165130603
6231.0,-0.416092,21.084597,-2.039992,22.935657,0.129258,0.075797,0.074414,0.001383,0.053461,0.054844,1.523465,0.0258688414200742,0.4233843406117514,616.0,0,0.9924270527030092,0.5784190715182174,1.010222978080122,0.05040767958517933,0.11251948467936587
6232.0,-0.421736,21.078821,-2.046029,22.936314,0.129515,0.075755,0.073406,0.002349,0.0537599999999999,0.0561089999999999,1.561184,0.0436933836796191,0.0260758558063394,617.0,0,1.0153178014023967,0.9824341279799658,1.015873015873015,0.20608445623624277,0.13024534897042409
6233.0,-0.416354,21.086434,-2.044979,22.936182,0.12912,0.074999,0.073227,0.0017719999999999,0.054121,0.055893,1.391451,0.0327408447581389,0.2702076029391663,618.0,0,1.0114091834426608,0.7411125052279272,1.02269463340892,0.10126999062132847,0.13921816151197308
6234.0,-0.410448,21.085778,-2.033167,22.933163,0.129386,0.075634,0.073821,0.001813,0.0537519999999999,0.055565,1.547039,0.033728350045579,0.2481961412265908,619.0,0,1.0054738746889853,0.758260142199948,1.0157218442932718,0.1340886554928692,0.13687499162460748
6235.0,-0.414517,21.077377,-2.046292,22.933163,0.129074,0.074868,0.073563,0.001305,0.0542059999999999,0.0555109999999999,1.580043,0.0240743815374398,0.4633827948010474,620.0,0,1.0044967201990491,0.5457967377666476,1.0243008314436877,0.011642227899366753,0.12447668383368467
6236.0,-0.415173,21.086566,-2.034873,22.930932,0.128881,0.075828,0.073779,0.002049,0.0530529999999999,0.055102,1.429169,0.0386210276322239,0.1391385121281295,621.0,0,0.9970956797104736,0.8569636135508514,1.0025132275132265,0.2349853651083163,0.10255329655968812
6237.0,-0.413598,21.089847,-2.046948,22.930538,0.1289,0.074904,0.073122,0.0017819999999999,0.0539959999999999,0.0557779999999999,1.349017,0.0330018334351907,0.2643901735588813,622.0,0,1.0093282062881692,0.7452948557088978,1.0203325774754335,0.1114963064174167,0.10265174085084953
6238.0,-0.405854,21.090504,-2.038023,22.934345,0.128596,0.074752,0.072618,0.0021339999999999,0.0538439999999999,0.0559779999999999,1.325443,0.0396322778345249,0.1165977770121835,623.0,0,1.01294729699163,0.8925135926390585,1.0174603174603165,0.20992909687468742,0.092873140346267
6239.0,-0.413598,21.099692,-2.04406,22.936182,0.128798,0.074684,0.073626,0.001058,0.0541139999999999,0.055172,1.41974,0.0195509562967754,0.5642098007532781,624.0,0,0.9983623614566849,0.44249268088667676,1.022562358276643,-0.02286330735043607,0.09849106429429558
6240.0,-0.410973,21.094179,-2.038679,22.935001,0.128762,0.0747,0.073579,0.0011209999999999,0.0540619999999999,0.0551829999999999,1.240577,0.0207350683461886,0.53781598051701,625.0,0,0.9985614114453734,0.46884148891674904,1.0215797430083136,-0.011507505288089526,0.09625853960232005
6241.0,-0.407823,21.080659,-2.042485,22.932244,0.128863,0.075256,0.073815,0.0014409999999999,0.053607,0.055048,1.287725,0.0268803163706909,0.4008385958629382,626.0,0,0.9961185252205392,0.6026767043078044,1.0129818594104318,0.05139212249679337,0.09721359471447322
6242.0,-0.404279,21.092998,-2.029886,22.933032,0.128909,0.075172,0.073448,0.001724,0.0537369999999999,0.0554609999999999,1.608332,0.0320815810041312,0.2849025712237891,627.0,0,1.0035919475231838,0.7210372229193107,1.0154383975812538,0.10829845119041737,0.07480375594978399
6243.0,-0.416223,21.081447,-2.033036,22.930013,0.12901,0.075456,0.073595,0.001861,0.053554,0.055415,1.372591,0.0347493231257585,0.2254386834693775,628.0,0,1.0027595566613896,0.7783354245086064,1.0119803476946343,0.15744923010161427,0.07032853114436102
6244.0,-0.412942,21.090897,-2.04406,22.930932,0.128844,0.076028,0.074351,0.0016769999999999,0.0528159999999999,0.0544929999999999,1.311299,0.0317511407312039,0.2922680744857382,629.0,0,0.9860755485184338,0.7013801756587076,0.9980347694633398,0.11176340857311384,0.05201970392578827
6245.0,-0.406248,21.08906,-2.039467,22.933951,0.129653,0.075928,0.074613,0.0013149999999999,0.0537249999999999,0.0550399999999999,1.66491,0.0244760451178199,0.4544297262622521,630.0,0,0.995973761592399,0.5499790882475764,1.0152116402116391,0.021192779020898556,0.07512765791824703
6246.0,-0.405198,21.083809,-2.041436,22.927518,0.129579,0.075461,0.074172,0.0012889999999999,0.054118,0.055407,1.41031,0.0238178828137991,0.4691001432614047,631.0,0,1.0026147930332512,0.5391049769970531,1.0226379440665163,0.010886977461423863,0.08729590376183198
6247.0,-0.406641,21.09326,-2.035792,22.929225,0.129304,0.074883,0.073212,0.001671,0.054421,0.056092,1.202858,0.0307044945058984,0.3155977858381149,632.0,0,1.0150101786926045,0.6988707653701672,1.0283635676492828,0.06674405836318709,0.10475528521512649
6248.0,-0.407429,21.079215,-2.028704,22.927781,0.129019,0.075036,0.073705,0.0013309999999999,0.0539829999999999,0.0553139999999999,1.547039,0.0246554534676941,0.4504307198018333,633.0,0,1.0009319158561403,0.556670849017129,1.0200869236583512,0.026840824688959986,0.119072514554736
6249.0,-0.409004,21.088403,-2.039336,22.925812,0.129313,0.075608,0.073616,0.0019919999999999,0.053705,0.055697,1.429169,0.0370908278404646,0.1732466172261944,634.0,0,1.0078624745532694,0.8331242158092779,1.0148337112622836,0.20821623257415156,0.11390751401609248
6250.0,-0.405723,21.079084,-2.040386,22.921742,0.1289,0.075188,0.073448,0.00174,0.0537119999999999,0.0554519999999999,1.594187,0.0323943924189675,0.2779300146526985,635.0,0,1.003429088441528,0.7277289836888635,1.0149659863945568,0.11017495314775994,0.10621565339777436
6251.0,-0.404016,21.082234,-2.034611,22.918329,0.129359,0.075897,0.073532,0.002365,0.0534619999999999,0.055827,1.382021,0.0442362007369583,0.013976480717899,636.0,0,1.010214883510519,0.9891258887495185,1.0102418745275878,0.22598593702973846,0.11050874946584069
6252.0,-0.39496,21.082759,-2.035661,22.918592,0.129111,0.07596,0.07371,0.00225,0.053151,0.055401,1.429169,0.0423314268512944,0.0564338305555819,637.0,0,1.0025062203121475,0.9410288582183579,1.0043650793650802,0.25147074458651236,0.11851792646161101
6253.0,-0.401522,21.082103,-2.043273,22.921217,0.129239,0.075545,0.073831,0.001714,0.0536939999999999,0.055408,1.353732,0.0319210354781638,0.2884811259342322,638.0,0,1.0026328884867686,0.7168548724383402,1.014625850340135,0.10579922471517922,0.11840205463686934
6254.0,-0.40441,21.095885,-2.037761,22.919773,0.129092,0.074694,0.07318,0.001514,0.054398,0.055912,1.334873,0.0278313939594478,0.379639106405135,639.0,0,1.0117529970594898,0.6332078628189306,1.0279289493575217,0.034844802389932816,0.11340161666282866
6255.0,-0.396272,21.078165,-2.043142,22.920167,0.129019,0.075676,0.074188,0.0014879999999999,0.053343,0.0548309999999999,1.169855,0.0278944211157766,0.3782342330783489,640.0,0,0.9921918118072826,0.6223337515683656,1.0079931972789125,0.06412373970156171,0.11715621648711035
6256.0,-0.393385,21.083153,-2.031461,22.918461,0.129331,0.074542,0.072624,0.001918,0.054789,0.056707,1.561184,0.0350063880270122,0.2197087149278815,641.0,0,1.0261388826057463,0.802174822250138,1.035317460317461,0.09097874741912693,0.10630356173371566
6257.0,-0.398635,21.083941,-2.033954,22.91531,0.129184,0.075708,0.074209,0.001499,0.0534759999999999,0.0549749999999999,1.433884,0.0280307421882304,0.3751956406727194,642.0,0,0.9947975571137743,0.6269343370974749,1.010506424792138,0.06558534011577055,0.10692174768062375
6258.0,-0.397716,21.086041,-2.029886,22.921611,0.129239,0.074001,0.072792,0.001209,0.0552379999999999,0.056447,1.221718,0.0218867104762939,0.5121459137580616,643.0,0,1.0214340646912472,0.505646173149331,1.0438019652305357,-0.02316355505144696,0.10474817838155923
6259.0,-0.396666,21.088403,-2.031986,22.919379,0.128936,0.075797,0.073632,0.002165,0.0531389999999999,0.0553039999999999,1.188714,0.0407414377117049,0.091874638331113,644.0,0,1.0007509613209673,0.9054788791301088,1.0041383219954638,0.24576223081696846,0.09692476634649354
6260.0,-0.393516,21.078953,-2.034611,22.920167,0.128973,0.074626,0.073338,0.0012879999999999,0.054347,0.055635,1.316014,0.0236991241628026,0.4717472698466449,645.0,0,1.0067405564351966,0.5386867419489559,1.0269652305366601,0.0016484056138130754,0.10243020539796173
6261.0,-0.397585,21.075409,-2.028573,22.91426,0.129037,0.076353,0.074351,0.002002,0.052684,0.054686,1.27358,0.0379994305779634,0.1529938908633397,646.0,0,0.9895679710472752,0.83730656629029,0.9955404383975822,0.2321677964988193,0.09750741082253034
6262.0,-0.391153,21.081184,-2.024111,22.91531,0.129368,0.076374,0.074372,0.002002,0.052994,0.054996,1.443314,0.0377771487876215,0.1579485449596199,647.0,0,0.9951775616376395,0.83730656629029,1.0013983371126236,0.22973505159586716,0.09504013254575885
6263.0,-0.39496,21.088928,-2.032117,22.915573,0.129469,0.07491,0.073432,0.001478,0.0545589999999999,0.056037,1.556469,0.0270894428152493,0.3961771740092698,648.0,0,1.0140149287491527,0.6181514010874369,1.0309712773998478,0.02756510436452242,0.11472031861030225
6264.0,-0.393647,21.086566,-2.038679,22.91124,0.129184,0.075062,0.073327,0.001735,0.0541219999999999,0.0558569999999999,1.64605,0.0320566117916597,0.2854591341822859,649.0,0,1.0107577471160363,0.7256378084483782,1.022713529856386,0.08989919290461457,0.12929107485686855
6265.0,-0.394697,21.081578,-2.035792,22.908878,0.129193,0.074616,0.073248,0.001368,0.054577,0.055945,1.344303,0.0250650445234345,0.4413009480872795,650.0,0,1.0123501470255607,0.5721455457967617,1.0313114134542716,0.014895793947247937,0.10874409888323174
6266.0,-0.399685,21.078953,-2.031329,22.908615,0.128982,0.075093,0.073527,0.0015659999999999,0.053889,0.055455,1.202858,0.0290591946557802,0.3522714676069128,651.0,0,1.0034833748020817,0.6549560853199353,1.0183106575963727,0.06630596465141192,0.11042679475643027
6267.0,-0.39811,21.084072,-2.034479,22.906383,0.129056,0.076196,0.073863,0.002333,0.05286,0.055193,1.466888,0.0441346172036095,0.0162407744724504,652.0,0,0.9987423659805482,0.975742367210413,0.9988662131519283,0.2623872007612047,0.09378757474390308
6268.0,-0.388134,21.07449,-2.025554,22.906908,0.129083,0.075366,0.07359,0.0017759999999999,0.053717,0.055493,1.245292,0.0330615436166648,0.2630592354969949,653.0,0,1.0041710020357395,0.7427854454203154,1.015060468631898,0.1225440074142159,0.073278760929475
6269.0,-0.394435,21.088141,-2.026211,22.911897,0.129313,0.075246,0.073831,0.0014149999999999,0.054067,0.055482,1.509321,0.0261707479470296,0.4166548536476031,654.0,0,1.003971952047049,0.5918025930572811,1.0216742252456548,0.0402924710806003,0.06682692624759058
6270.0,-0.39076,21.087878,-2.027129,22.907302,0.129285,0.075172,0.073842,0.0013299999999999,0.054113,0.055443,1.330158,0.0245777432826994,0.4521628773744995,655.0,0,1.0032662293598742,0.556252613969032,1.022543461829177,0.01847536434579833,0.06910016863014365
6271.0,-0.387741,21.077509,-2.022011,22.909796,0.129396,0.074957,0.07329,0.001667,0.054439,0.056106,1.66491,0.0306208670095518,0.3174618400941931,656.0,0,1.0152635150418468,0.6971978251777791,1.0287037037037046,0.06577559637354757,0.07793201966193405
6272.0,-0.387478,21.083678,-2.032642,22.90809,0.128835,0.073944,0.072393,0.0015509999999999,0.054891,0.056442,1.250006,0.0282554834948625,0.3701861640358999,657.0,0,1.0213435874236607,0.6486825595984795,1.0372448979591846,0.024646913451586316,0.09258425071832806
6273.0,-0.39391,21.089979,-2.036317,22.905202,0.128863,0.074705,0.073863,0.0008419999999999,0.054158,0.055,1.29244,0.0155468158570135,0.6534619648708719,658.0,0,0.9952499434517087,0.3521539104976726,1.0233938019652313,-0.036953242454321744,0.07318488165872257
6274.0,-0.386822,21.07659,-2.031329,22.908878,0.129184,0.075555,0.073805,0.00175,0.0536289999999999,0.055379,1.41974,0.0326309901174715,0.2726562594149875,659.0,0,1.0021081203347668,0.731911334169834,1.0133975812547231,0.11263161673014532,0.06616020377737698
6275.0,-0.38971,21.096017,-2.023979,22.903889,0.128771,0.074516,0.072708,0.001808,0.054255,0.056063,1.287725,0.03332350339133,0.257220160381532,660.0,0,1.0144854105406027,0.7561689669594628,1.0252267573696154,0.10321430426515199,0.06562166630944745
6276.0,-0.388659,21.084203,-2.028704,22.905727,0.129028,0.075282,0.073243,0.0020389999999999,0.053746,0.055785,1.306584,0.037937001134947,0.1543854411792421,661.0,0,1.0094548744627923,0.8527812630698389,1.0156084656084665,0.21282827521535186,0.07021334443585
6277.0,-0.384591,21.092866,-2.026998,22.908352,0.12878,0.076112,0.074629,0.0014829999999999,0.052668,0.054151,1.443314,0.0281569803869448,0.3723817952047429,662.0,0,0.9798869034155177,0.6202425763278804,0.9952380952380961,0.06839351016514983,0.08905506370156159
6278.0,-0.387347,21.084991,-2.017023,22.906646,0.129331,0.075991,0.074582,0.001409,0.05334,0.054749,1.754491,0.0264149528505278,0.4112115340504911,663.0,0,0.9907079846188653,0.5892931827687407,1.0079365079365088,0.052297228600760026,0.11095991762925403
6279.0,-0.386691,21.078034,-2.032511,22.907565,0.129267,0.075188,0.073794,0.001394,0.0540789999999999,0.0554729999999999,1.235862,0.025776627218935,0.4254397922468441,664.0,0,1.0038090929653916,0.583019657047285,1.0219009826152674,0.03490709640130496,0.11398866812424213
6280.0,-0.382228,21.090897,-2.027654,22.907696,0.129322,0.075975,0.074487,0.001488,0.0533469999999999,0.0548349999999999,1.405595,0.0278923296093574,0.3782808526904687,665.0,0,0.9922641936213517,0.6223337515684074,1.008068783068782,0.06439214560982387,0.10989138099135029
6281.0,-0.379472,21.08696,-2.029623,22.908615,0.129001,0.076054,0.073789,0.002265,0.052947,0.055212,1.27358,0.042777819747677,0.0464837469737894,666.0,0,0.999086179597377,0.9473023839398137,1.0005102040816336,0.25419278903066345,0.1258487454468485
6282.0,-0.374484,21.087091,-2.025423,22.904939,0.129414,0.076038,0.073731,0.0023069999999999,0.053376,0.0556829999999999,1.429169,0.0432208629184852,0.0366083286694031,667.0,0,1.0076091382040253,0.9648682559598478,1.0086167800453523,0.2436954527285108,0.10945050161601566
6283.0,-0.379734,21.084991,-2.030804,22.903627,0.129625,0.075188,0.07392,0.001268,0.0544369999999999,0.0557049999999999,1.466888,0.023292552996069,0.4808097283304805,668.0,0,1.008007238181406,0.5303220409870568,1.028665910808767,-0.006665737504440772,0.10777689031551163
6284.0,-0.378947,21.076196,-2.030017,22.902314,0.129524,0.075114,0.073401,0.001713,0.05441,0.056123,1.377306,0.0314826046203893,0.2982537359265609,669.0,0,1.0155711377516408,0.7164366373902432,1.0281557067271363,0.07165874540122685,0.11265914451131484
6285.0,-0.380653,21.089322,-2.029754,22.910059,0.128945,0.076086,0.0737,0.0023859999999999,0.052859,0.055245,1.429169,0.0451381006432084,0.0061268397478186,670.0,0,0.9996833295634481,0.9979088247595147,0.9988473167044605,0.2627879488201338,0.13134286005075674
6286.0,-0.375797,21.076984,-2.028179,22.903495,0.128909,0.075225,0.07381,0.0014149999999999,0.0536839999999999,0.0550989999999999,1.198144,0.0263574555276147,0.412493147564843,671.0,0,0.9970413933499199,0.5918025930572811,1.0144368858654562,0.04884583690702382,0.1338202280698836
6287.0,-0.376847,21.072783,-2.024636,22.898244,0.12923,0.075335,0.073863,0.001472,0.053895,0.055367,1.471602,0.0273118598782841,0.3912195046889328,672.0,0,1.001890974892559,0.6156419907988546,1.01842403628118,0.05165739716010953,0.11377870681069793
6288.0,-0.372909,21.088666,-2.020173,22.901789,0.129469,0.07575,0.074073,0.0016769999999999,0.053719,0.055396,1.669624,0.031217423678332,0.3041646107616017,673.0,0,1.002415743044561,0.7013801756587076,1.0150982615268338,0.10111977055879195,0.10735335347254608
6289.0,-0.377503,21.089454,-2.024373,22.894306,0.129028,0.075576,0.073563,0.002013,0.053452,0.055465,1.349017,0.0376592520532056,0.1605764594514607,674.0,0,1.003664329337255,0.8419071518193576,1.010052910052911,0.22174425179572416,0.11300227389824846
6290.0,-0.376453,21.086828,-2.029492,22.897719,0.129239,0.075393,0.073758,0.0016349999999999,0.0538459999999999,0.0554809999999999,1.495176,0.0303638085687224,0.3231916646330348,675.0,0,1.00395385659353,0.6838143036386316,1.0174981103552523,0.08916582580109245,0.12257188288773288
6291.0,-0.377765,21.079084,-2.027917,22.896538,0.129203,0.075293,0.073831,0.001462,0.05391,0.055372,1.405595,0.0271187698243402,0.3955234759015664,676.0,0,1.0019814521601456,0.6114596403178841,1.0187074829931981,0.05377757643880676,0.10393124082186485
6292.0,-0.373828,21.078953,-2.027129,22.894569,0.129212,0.075545,0.072965,0.0025799999999999,0.0536669999999999,0.0562469999999999,1.749776,0.0480733397928001,0.0715532278190926,677.0,0,1.0178149739877846,1.0790464240903421,1.0141156462585024,0.17944191934699233,0.09763535128173662
6293.0,-0.372646,21.085909,-2.020304,22.894963,0.129285,0.075261,0.073789,0.001472,0.054024,0.055496,1.457458,0.027246645071726,0.3926731406703327,678.0,0,1.0042252883962912,0.6156419907988546,1.020861678004536,0.04982346675258298,0.10091145053058362
6294.0,-0.372909,21.092079,-2.029098,22.895356,0.129157,0.07524,0.072755,0.002485,0.0539169999999999,0.0564019999999999,1.523465,0.0460885047664973,0.0273113176815789,679.0,0,1.0206197692829666,1.039314094521164,1.0188397581254716,0.16735483529607126,0.10112825698251064
6295.0,-0.36884,21.09116,-2.021354,22.893256,0.12878,0.075251,0.073684,0.0015669999999999,0.053529,0.055096,1.311299,0.0292733046889594,0.347498961720064,680.0,0,0.9969871069893698,0.6553743203680324,1.0115079365079374,0.07638152816145316,0.08749159645087468
6296.0,-0.36779,21.073177,-2.022011,22.887217,0.129295,0.074789,0.073621,0.0011679999999999,0.054506,0.0556739999999999,1.523465,0.0214284403838037,0.5223607396665046,681.0,0,1.0074462791223695,0.48849853617731026,1.0299697656840523,-0.014113058494258368,0.10144945190704646
6297.0,-0.36569,21.092079,-2.021092,22.889712,0.128844,0.075162,0.073558,0.001604,0.0536819999999999,0.0552859999999999,1.391451,0.0298791051170763,0.3339956892833928,682.0,0,1.0004252431576557,0.670849017147665,1.0143990929705207,0.0844183896485795,0.10388116301764813
6298.0,-0.373696,21.079609,-2.018467,22.892206,0.128909,0.075204,0.073506,0.0016979999999999,0.053705,0.0554029999999999,1.495176,0.031616579153167,0.2952674478163055,683.0,0,1.0025424112191803,0.7101631116687457,1.0148337112622836,0.10328783507806216,0.08295563532195802
6299.0,-0.363327,21.087747,-2.020436,22.891812,0.128661,0.075072,0.073453,0.0016189999999999,0.053589,0.0552079999999999,1.518751,0.0302108602351184,0.3266008781653035,684.0,0,0.9990137977833061,0.6771225428690789,1.0126417233560099,0.08537764647936463,0.08431718990013218
6300.0,-0.364771,21.084203,-2.028967,22.892862,0.12889,0.075797,0.073269,0.002528,0.053093,0.055621,1.235862,0.0476136663276453,0.0613071207782169,685.0,0,1.0064872200859543,1.0572982015893373,1.0032690854119435,0.2287443803628102,0.07505295818649285
6301.0,-0.372778,21.079084,-2.032117,22.888005,0.128798,0.074852,0.073233,0.0016189999999999,0.0539459999999999,0.0555649999999999,1.518751,0.0300109366600551,0.3310571683481678,686.0,0,1.0054738746889835,0.6771225428690789,1.0193877551020398,0.07809468754482352,0.08189559508149133
6302.0,-0.361359,21.090766,-2.016367,22.88853,0.128927,0.074946,0.074062,0.0008839999999999,0.053981,0.054865,1.301869,0.0163758289800303,0.6349832885046824,687.0,0,0.9928070572268726,0.36971978251774856,1.0200491307634174,-0.029813357609908775,0.08785417287813942
6303.0,-0.36359,21.075802,-2.026342,22.884723,0.129092,0.075561,0.074067,0.001494,0.053531,0.055025,1.415025,0.027908540685945,0.3779195083046063,688.0,0,0.9957023297896412,0.6248431618569897,1.0115457294028731,0.06343901253432438,0.08147999418442431
6304.0,-0.36569,21.093523,-2.021617,22.884855,0.129046,0.075666,0.074125,0.001541,0.05338,0.054921,1.29244,0.0288679492703396,0.3565343212167855,689.0,0,0.9938204026238416,0.644500209117551,1.0086923658352238,0.07471251815967794,0.07740649367305255
6305.0,-0.36674,21.081447,-2.023717,22.880916,0.129083,0.075708,0.073873,0.001835,0.053375,0.05521,1.622476,0.0343787470023981,0.2336988135716561,690.0,0,0.9990499886903424,0.7674613132580831,1.0085978835978844,0.14480789711143827,0.09054661103173303
6306.0,-0.362277,21.074883,-2.024504,22.882754,0.12855,0.075377,0.074015,0.001362,0.053173,0.054535,1.438599,0.0256140218903976,0.4290642598916105,691.0,0,0.9868355575661624,0.5696361355081794,1.0047808012093735,0.04547271947222242,0.08189446299712957
6307.0,-0.358865,21.089847,-2.013086,22.88236,0.129166,0.075477,0.074183,0.001294,0.053689,0.054983,1.306584,0.0241013224064072,0.4627822836814397,692.0,0,0.9949423207419145,0.5411961522375801,1.0145313681027976,0.02067660271142835,0.09773191114944416
6308.0,-0.362277,21.083153,-2.016236,22.880129,0.129166,0.075456,0.073936,0.0015199999999999,0.05371,0.05523,1.613047,0.0282996034331886,0.3692027320020905,693.0,0,0.9994118977606885,0.6357172731074711,1.014928193499623,0.06255282996434464,0.10820230812222978
6309.0,-0.368053,21.089585,-2.027129,22.880654,0.129313,0.075713,0.073432,0.002281,0.0536,0.055881,1.212288,0.0425551762093991,0.0514464644201529,694.0,0,1.0111920380004533,0.9539941447093665,1.0128495842781566,0.21677882006616928,0.11763136732263617
6310.0,-0.361227,21.088141,-2.020304,22.878947,0.129092,0.075351,0.073516,0.001835,0.053741,0.055576,1.65548,0.034144616873209,0.23891756676716,695.0,0,1.0056729246776757,0.7674613132580831,1.015513983371127,0.14222290001677562,0.12989001512702883
6311.0,-0.365165,21.07659,-2.017417,22.876847,0.128881,0.075865,0.073353,0.002512,0.0530159999999999,0.0555279999999999,1.485747,0.0473810287266348,0.0561216359887408,696.0,0,1.0048043429088431,1.0506064408197846,1.001814058956915,0.23646916906796944,0.11909843917273429
6312.0,-0.359652,21.092341,-2.016629,22.873434,0.12923,0.074962,0.073311,0.0016509999999999,0.054268,0.055919,1.268866,0.0304225248300134,0.3218828810206832,697.0,0,1.0118796652341109,0.6905060644081844,1.0254724111866977,0.07489061211794734,0.13852759883179117
6313.0,-0.362934,21.085516,-2.021486,22.881179,0.129644,0.075477,0.073537,0.0019399999999999,0.054167,0.056107,1.495176,0.0358145030276177,0.2016958570511445,698.0,0,1.015281610495364,0.8113759933082313,1.0235638699924423,0.15772960453838836,0.1369326852471992
6314.0,-0.357421,21.078821,-2.022011,22.87304,0.129313,0.076217,0.073548,0.0026689999999999,0.053096,0.055765,1.28301,0.0502664933988735,0.1204385525296303,699.0,0,1.009092965392446,1.1162693433709794,1.003325774754347,0.19729899620360453,0.15345418244628417
6315.0,-0.355583,21.084859,-2.017154,22.870283,0.12912,0.074647,0.07307,0.001577,0.054473,0.05605,1.429169,0.0289495906303926,0.3547145378760526,700.0,0,1.0142501696448776,0.6595566708490447,1.0293461829176125,0.036892137568492855,0.14647812679058198
6316.0,-0.36044,21.078296,-2.020961,22.871596,0.128973,0.075529,0.073416,0.002113,0.053444,0.055557,1.41031,0.0395359715595472,0.1187444408440784,701.0,0,1.0053291110608469,0.8837306566290624,1.0099017384731679,0.23976431606279097,0.13679851269678994
6317.0,-0.362671,21.072127,-2.023061,22.86792,0.129019,0.075477,0.074325,0.001152,0.0535419999999999,0.0546939999999999,1.40088,0.0215154175148945,0.5204220221576199,702.0,0,0.9897127346754119,0.4818067754077993,1.0117535903250179,0.004727466865509289,0.11856474801600625
6318.0,-0.359915,21.089191,-2.015711,22.869496,0.129157,0.076899,0.074398,0.0025009999999999,0.052258,0.0547589999999999,0.990692,0.0478577852618685,0.0667485241229002,703.0,0,0.9908889391540366,1.0460058552906752,0.9874905517762669,0.22776780195519392,0.11935846898426998
6319.0,-0.360571,21.07659,-2.014136,22.865032,0.129423,0.075093,0.072933,0.0021599999999999,0.05433,0.05649,1.429169,0.0397563085531279,0.1138331362062696,704.0,0,1.0222121691924912,0.9033877038895818,1.0266439909297063,0.1470182635091476,0.1218222190831694
6320.0,-0.35729,21.089191,-2.018992,22.867001,0.129249,0.075361,0.073952,0.0014089999999999,0.053888,0.055297,1.29244,0.0261463378426022,0.4171989541054307,705.0,0,1.0006242931463478,0.5892931827686988,1.0182917611489049,0.045426759078855294,0.12181540152767849
6321.0,-0.360834,21.077902,-2.015317,22.869364,0.129166,0.075261,0.073805,0.0014559999999999,0.053905,0.055361,1.589473,0.0270099803361406,0.3979483901624736,706.0,0,1.0017824021714554,0.6089502300292601,1.018613000755859,0.05413152226013229,0.13216642532985232
6322.0,-0.355846,21.09746,-2.018467,22.869496,0.129451,0.074999,0.073217,0.0017819999999999,0.054452,0.056234,1.264151,0.0327254696710923,0.2705503131445271,707.0,0,1.0175797330920615,0.7452948557088978,1.028949357520787,0.08282782180058479,0.1260828461523755
6323.0,-0.363721,21.083547,-2.011117,22.868577,0.129019,0.075204,0.073254,0.0019499999999999,0.053815,0.0557649999999999,1.523465,0.0362345770774489,0.1923324197289239,708.0,0,1.0090929653924443,0.8155583437892018,1.01691232048375,0.1823671055273826,0.12899553266352787
6324.0,-0.359915,21.079871,-2.009542,22.862538,0.12912,0.07566,0.073695,0.001965,0.05346,0.055425,1.306584,0.0367557658854119,0.1807151376369573,709.0,0,1.0029405111965628,0.8218318695106994,1.010204081632654,0.1972308206486954,0.12573779128077311
6325.0,-0.363196,21.073965,-2.014792,22.864901,0.129129,0.075645,0.073821,0.001824,0.0534839999999999,0.0553079999999999,1.391451,0.0341030195381883,0.2398447700528526,710.0,0,1.0008233431350364,0.7628607277290156,1.0106575963718811,0.14040237559023105,0.11583932450632742
6326.0,-0.359521,21.073177,-2.019779,22.862144,0.129487,0.07566,0.073716,0.001944,0.0538269999999999,0.0557709999999999,1.41974,0.0361150330682916,0.1949970519227987,711.0,0,1.009201538113548,0.8130489335006613,1.0171390778533627,0.17892852428802297,0.1290954566207263
6327.0,-0.356896,21.081053,-2.010198,22.86477,0.129203,0.075083,0.073689,0.0013939999999999,0.05412,0.055514,1.367877,0.0257570998318581,0.4258750570889239,712.0,0,1.0045510065596028,0.5830196570472431,1.022675736961452,0.03385433197703258,0.13040093103198608
6328.0,-0.356765,21.083022,-2.012823,22.867526,0.129184,0.075288,0.073059,0.0022289999999999,0.053896,0.0561249999999999,1.41031,0.041356661780804,0.0781613132341566,713.0,0,1.0156073286586735,0.9322459222082781,1.018442932728648,0.19519038812764672,0.13192352415881275
6329.0,-0.357552,21.088666,-1.999042,22.869233,0.129157,0.074731,0.073117,0.001614,0.0544259999999999,0.0560399999999999,1.481032,0.0296543994708509,0.3390043710508711,714.0,0,1.0140692151097028,0.6750313676286355,1.0284580498866203,0.04803359576469035,0.12488784671555983
6330.0,-0.357815,21.071471,-2.022273,22.864901,0.128743,0.074605,0.07254,0.002065,0.0541379999999999,0.056203,1.40088,0.038142558968581,0.149803563550531,715.0,0,1.0170187740330252,0.8636553743204041,1.023015873015872,0.17798808022284424,0.12777225454428465
6331.0,-0.355715,21.081053,-2.027261,22.867001,0.128624,0.074595,0.073012,0.001583,0.0540289999999999,0.0556119999999999,1.702628,0.0292985378493429,0.3469365153709316,716.0,0,1.0063243610042967,0.662066081137627,1.0209561602418735,0.06718626637273006,0.13937097245380214
6332.0,-0.356896,21.08696,-2.016367,22.863851,0.128734,0.074726,0.073038,0.0016879999999999,0.0540079999999999,0.0556959999999999,1.396165,0.031254050250884,0.3033482056145664,717.0,0,1.0078443790997502,0.7059807611877752,1.0205593348450481,0.09805375306885156,0.12129260287729834
6333.0,-0.352302,21.08289,-2.010067,22.866345,0.128762,0.075939,0.074267,0.001672,0.0528229999999999,0.0544949999999999,1.532895,0.0316522792669999,0.294471693404899,718.0,0,0.9861117394254684,0.6992890004182643,0.998167044595615,0.11201033109485325,0.13821249845992964
6334.0,-0.353221,21.088272,-2.012692,22.86372,0.129193,0.075797,0.073737,0.00206,0.053396,0.055456,1.499891,0.0385789463827557,0.140076501851596,719.0,0,1.003501470255599,0.861564199079919,1.0089947089947098,0.22607489893594357,0.12697030005507223
6335.0,-0.35204,21.078559,-2.018861,22.863194,0.129359,0.076558,0.074377,0.002181,0.052801,0.054982,1.52818,0.0413052535888792,0.0793072002108211,720.0,0,0.9949242252883972,0.9121706398996617,0.9977513227513236,0.2563895546854061,0.11712826322327685
6336.0,-0.348627,21.09326,-2.013348,22.864638,0.129111,0.074411,0.073107,0.0013039999999999,0.0547,0.056004,1.589473,0.0238386866784885,0.4686364257736033,721.0,0,1.0134177787830816,0.5453785027185089,1.0336356764928203,-0.0018551714770148608,0.12379259698773186
6337.0,-0.354533,21.082365,-2.013611,22.865295,0.129276,0.076285,0.074335,0.00195,0.0529909999999999,0.054941,1.386736,0.0367980072463769,0.1797735790332777,722.0,0,0.9941823116941877,0.8155583437892435,1.0013416477702182,0.2030532878033453,0.12387274138113469
6338.0,-0.349677,21.089716,-2.019254,22.862669,0.129046,0.075204,0.073579,0.0016249999999999,0.053842,0.0554669999999999,1.396165,0.030180339134149,0.3272811925433196,723.0,0,1.0037005202442877,0.6796319531576611,1.0174225245653827,0.08276840407907282,0.13201576547422525
6339.0,-0.345608,21.088403,-2.013742,22.864376,0.129386,0.074007,0.073122,0.0008849999999999,0.055379,0.0562639999999999,1.443314,0.0159804983748645,0.643795195225682,724.0,0,1.0181225966975789,0.37013801756584563,1.0464663643235081,-0.050386772553263404,0.141372870393444
6340.0,-0.354008,21.074883,-2.00403,22.861488,0.129019,0.076254,0.074204,0.0020499999999999,0.0527649999999999,0.0548149999999999,1.40088,0.0388507751203425,0.1340174478638631,725.0,0,0.9919022845510056,0.8573818485989065,0.9970710506424783,0.24463141786739406,0.1185201910942412
6341.0,-0.356108,21.075671,-2.014267,22.863457,0.129193,0.075398,0.073826,0.001572,0.0537949999999999,0.055367,1.565899,0.0292215034575062,0.3486536095354219,726.0,0,1.001890974892559,0.6574654956085595,1.0165343915343905,0.06798771030675854,0.11622325683517958
6342.0,-0.351252,21.095229,-1.997992,22.860963,0.129625,0.075624,0.07329,0.002334,0.0540009999999999,0.0563349999999999,1.207573,0.0432206214584645,0.0366137108056497,727.0,0,1.0194073738973073,0.9761606022585101,1.0204270597127731,0.17948399399975706,0.12274475487293772
6343.0,-0.348496,21.080396,-2.00718,22.857681,0.129056,0.075151,0.073044,0.0021069999999999,0.053905,0.056012,1.452743,0.0390865580825881,0.128761853071657,728.0,0,1.01356254241122,0.8812212463404384,1.018613000755859,0.20558138028704098,0.1117789800485292
6344.0,-0.348496,21.080528,-2.008229,22.855187,0.129359,0.074574,0.073264,0.00131,0.054785,0.056095,1.53761,0.0239112181944293,0.4670197005708194,729.0,0,1.0150644650531564,0.5478879130071329,1.0352418745275898,-0.0024518940560847025,0.10795326352124061
6345.0,-0.348364,21.08289,-2.003767,22.860963,0.129285,0.075818,0.073616,0.0022019999999999,0.053467,0.055669,1.64605,0.0411835116331262,0.0820208245649931,730.0,0,1.007355801854785,0.9209535759096578,1.010336356764929,0.23342021209478997,0.1225392840629302
6346.0,-0.351646,21.089847,-2.012823,22.864113,0.128991,0.075377,0.073863,0.001514,0.0536139999999999,0.0551279999999999,1.580043,0.0282383661288818,0.3705677095837532,731.0,0,0.9975661615019217,0.6332078628189306,1.013114134542705,0.0633598089005668,0.11342323813339583
6347.0,-0.346527,21.071733,-2.003505,22.854399,0.128716,0.075561,0.073957,0.001604,0.0531549999999999,0.054759,1.193429,0.0301753329821658,0.3273927795131385,732.0,0,0.9908889391540385,0.670849017147665,1.0044406651549498,0.09339553955925994,0.1098860652090576
6348.0,-0.352696,21.080396,-2.007967,22.856106,0.128945,0.074715,0.073264,0.001451,0.05423,0.055681,1.688484,0.026755914513839,0.4036115093287135,733.0,0,1.0075729472969925,0.6068590547888166,1.0247543461829185,0.044511238806186904,0.1060497091177121
6349.0,-0.346002,21.075277,-2.011904,22.854137,0.128982,0.075004,0.073338,0.001666,0.053978,0.055644,1.061414,0.0308638544619203,0.3120456574443647,734.0,0,1.0069034155168524,0.6967795901296819,1.0199924414210138,0.09547343286363263,0.1094555860501782
6350.0,-0.347971,21.084072,-2.005605,22.857812,0.128798,0.075298,0.073443,0.001855,0.0534999999999999,0.055355,1.353732,0.0346722491168391,0.2271566606973916,735.0,0,1.0016738294503515,0.7758260142200241,1.010959939531367,0.15347095857205018,0.13175426077256408
6351.0,-0.347052,21.088928,-2.010854,22.854005,0.12923,0.07491,0.073474,0.001436,0.05432,0.055756,1.386736,0.0264354485373981,0.4107546858365559,736.0,0,1.0089301063107903,0.600585529067361,1.0264550264550274,0.032615981063376265,0.11239222049506421
6352.0,-0.343114,21.086303,-2.007311,22.85138,0.128771,0.075618,0.073789,0.001829,0.0531529999999999,0.054982,1.202858,0.0344094517816159,0.2330144050112758,737.0,0,0.9949242252883972,0.7649519029695008,1.0044028722600142,0.14112043308630196,0.1252512546730332
6353.0,-0.346133,21.08289,-2.005736,22.852955,0.128918,0.075545,0.073416,0.002129,0.053373,0.055502,1.372591,0.0398883351444524,0.1108902676495707,738.0,0,1.0043338611173953,0.8904224173986152,1.0085600907029486,0.23964014961170205,0.14078768061041022
6354.0,-0.345083,21.094966,-2.013217,22.846523,0.129313,0.075692,0.073663,0.0020289999999999,0.053621,0.05565,1.679054,0.0378389467009807,0.1565710714198589,739.0,0,1.007011988237956,0.8485989125888684,1.013246409674982,0.22053485316777405,0.14719074236772892
6355.0,-0.336289,21.089979,-2.004555,22.849017,0.128817,0.074505,0.072996,0.0015089999999999,0.0543119999999999,0.0558209999999999,1.377306,0.02778340360503,0.3807088098915616,740.0,0,1.0101063107894133,0.6311166875784036,1.0263038548752825,0.03979980931979121,0.1393346239948415
6356.0,-0.342064,21.081447,-2.006655,22.850461,0.128642,0.075813,0.073096,0.002717,0.052829,0.055546,1.598902,0.0514291122468296,0.1463532899832831,741.0,0,1.0051300610721565,1.1363446256796794,0.9982804232804242,0.19195015068025684,0.14996776466708514
6357.0,-0.346921,21.082497,-1.998123,22.844947,0.1289,0.07565,0.073385,0.0022649999999999,0.0532499999999999,0.0555149999999999,1.320729,0.0425344124992955,0.0519092868635049,742.0,0,1.0045691020131182,0.9473023839397718,1.0062358276643981,0.24875979893303024,0.1681937383507992
6358.0,-0.345608,21.095098,-2.007048,22.848098,0.128835,0.075681,0.073983,0.001698,0.053154,0.054852,1.462173,0.0319443137992663,0.2879622528910206,743.0,0,0.9925718163311477,0.7101631116687875,1.004421768707484,0.10854185637937364,0.16038615123544647
6359.0,-0.341277,21.087616,-2.001798,22.844422,0.128881,0.075786,0.074566,0.00122,0.0530949999999999,0.054315,1.452743,0.0229772487569687,0.4878378498757936,744.0,0,0.9828545577923556,0.5102467586783985,1.0033068783068773,0.01691224913475864,0.1520447301447571
6360.0,-0.341933,21.07869,-2.004948,22.847179,0.129046,0.076448,0.074199,0.002249,0.0525979999999999,0.0548469999999999,1.240577,0.0427574668719937,0.0469374119308688,745.0,0,0.9924813390635594,0.940610623170261,0.993915343915343,0.2598023652944866,0.1301176849961688
6361.0,-0.338127,21.094179,-2.002192,22.847967,0.128817,0.075193,0.072897,0.0022959999999999,0.0536239999999999,0.0559199999999999,1.65548,0.0428158508158506,0.0456360356636424,746.0,0,1.0118977606876263,0.9602676704307804,1.0133030990173837,0.21487571790051702,0.14985845326615
6362.0,-0.346133,21.081447,-2.008098,22.844685,0.129111,0.074805,0.07317,0.0016349999999999,0.054306,0.055941,1.471602,0.0301066160900067,0.328924476872135,747.0,0,1.0122777652114914,0.6838143036386316,1.0261904761904772,0.0630445619327743,0.14089329552319016
6363.0,-0.33747,21.083941,-2.003242,22.844029,0.128734,0.07597,0.073117,0.0028529999999999,0.0527639999999999,0.0556169999999999,1.660195,0.0540699327205533,0.2052170950549898,748.0,0,1.0064148382718834,1.193224592220836,0.9970521541950104,0.1562259387048086,0.12247285685581095
6364.0,-0.334845,21.082234,-2.005342,22.841797,0.129129,0.075015,0.0738,0.0012149999999999,0.0541139999999999,0.0553289999999999,1.490462,0.0224521851612306,0.4995415008650635,749.0,0,1.0012033476588997,0.5081555834378715,1.022562358276643,0.0012644016818907922,0.10877161931282116
6365.0,-0.343902,21.082103,-2.007836,22.838778,0.129001,0.075807,0.073747,0.00206,0.053194,0.055254,1.650765,0.0387254441206881,0.1368110718934051,750.0,0,0.9998461886451038,0.861564199079919,1.005177626606199,0.23720749201960317,0.11469953252649963
6366.0,-0.338652,21.072652,-2.007048,22.841141,0.129285,0.075881,0.07423,0.0016509999999999,0.053404,0.055055,1.452743,0.0309147083606403,0.3109121256457533,751.0,0,0.9962451933951604,0.6905060644081844,1.0091458805744529,0.1022985732506585,0.10857890303967024
6367.0,-0.336158,21.081578,-2.010198,22.840484,0.128651,0.074873,0.073327,0.0015459999999999,0.0537779999999999,0.0553239999999999,1.179284,0.0287472805370124,0.3592240234769346,752.0,0,1.0011128703913132,0.6465913843579945,1.0162131519274367,0.06455541225923833,0.11250279852487714
6368.0,-0.341014,21.077115,-2.014398,22.840222,0.128918,0.074731,0.073731,0.001,0.054187,0.055187,1.415025,0.0184542703181516,0.5886548966289403,753.0,0,0.9986337932594445,0.418235048097048,1.0239417989417998,-0.028470519050524334,0.11518865953919433
6369.0,-0.348102,21.082497,-2.007967,22.847442,0.129258,0.07492,0.073233,0.0016869999999999,0.054338,0.056025,1.41031,0.0310458418447154,0.3079891644214767,754.0,0,1.013797783306945,0.7055625261396782,1.0267951625094491,0.07619138127154323,0.09990992578828772
6370.0,-0.342064,21.089585,-2.012036,22.843241,0.12935,0.075503,0.073185,0.002318,0.0538469999999999,0.0561649999999999,1.349017,0.0430470955281533,0.0404815983195344,755.0,0,1.0163311467993659,0.9694688414889573,1.0175170068027202,0.19859607042619282,0.11628281247679124
6371.0,-0.341933,21.088928,-2.009673,22.845473,0.128798,0.075755,0.073448,0.002307,0.0530429999999999,0.0553499999999999,1.627191,0.0434921951587362,0.0305603415916296,756.0,0,1.001583352182763,0.9648682559598898,1.0023242630385478,0.2541146727525859,0.1031375744652866
6372.0,-0.343508,21.087091,-2.005342,22.842585,0.128725,0.075456,0.073857,0.0015989999999999,0.053269,0.054868,1.41031,0.0300168950628869,0.3309243557369659,757.0,0,0.9928613435874245,0.6687578419071379,1.0065948601662895,0.08990317207594634,0.08848629968704633
6373.0,-0.340095,21.086434,-2.002192,22.843635,0.128808,0.074784,0.073542,0.001242,0.054024,0.055266,1.391451,0.0229893567792689,0.4875679624405906,758.0,0,1.0000633340873115,0.5194479297365336,1.020861678004536,0.0034386011957424634,0.08481516170406848
6374.0,-0.341145,21.080922,-2.008886,22.840484,0.128642,0.076653,0.073894,0.0027589999999999,0.051989,0.054748,1.15571,0.0530678976726292,0.1828817654394754,759.0,0,0.9906898891653481,1.1539104976997137,0.9824074074074083,0.16499326856692598,0.108405856679113
6375.0,-0.33852,21.085516,-2.014004,22.847573,0.129432,0.075597,0.073915,0.001682,0.0538349999999999,0.055517,1.405595,0.0312430344007727,0.3035937485661224,760.0,0,1.0046052929201545,0.7034713508992347,1.0172902494331055,0.10575511190455678,0.10286805675114133
6376.0,-0.33852,21.077509,-2.002192,22.84311,0.129699,0.075198,0.074409,0.0007889999999999,0.054501,0.05529,1.17457,0.014476532971267,0.6773185366390124,761.0,0,1.0004976249717268,0.32998745294852905,1.0298752834467129,-0.044214174531744144,0.09668357388678388
6377.0,-0.336289,21.076459,-1.996417,22.842322,0.129304,0.074946,0.073537,0.0014089999999999,0.054358,0.055767,1.405595,0.0259202707923249,0.4222379815262892,762.0,0,1.0091291562994806,0.5892931827686988,1.0271730914588066,0.027844032429459764,0.08043064671997915
6378.0,-0.33852,21.091291,-2.000223,22.843766,0.129487,0.075676,0.073642,0.0020339999999999,0.053811,0.0558449999999999,1.301869,0.037798260611016,0.1574779630819927,763.0,0,1.0105406016738285,0.8506900878293538,1.0168367346938785,0.2074364306999209,0.08888102786854384
6379.0,-0.338258,21.096017,-1.999436,22.842716,0.129092,0.074253,0.072744,0.0015089999999999,0.054839,0.056348,1.429169,0.0275164113785557,0.3866600581991321,764.0,0,1.0196426147930342,0.6311166875784036,1.036262282690855,0.020813381991826252,0.10978946886896716
6380.0,-0.337733,21.090372,-2.005342,22.846785,0.129396,0.075135,0.072723,0.0024119999999999,0.054261,0.056673,1.485747,0.0444509970144852,0.0091886784661846,765.0,0,1.025523637186158,1.008782936010038,1.0253401360544225,0.13675124178261844,0.10831790653040674
6381.0,-0.330776,21.084203,-2.001667,22.841797,0.128826,0.07524,0.073611,0.001629,0.0535859999999999,0.055215,1.509321,0.0303991639763376,0.3224035937123495,766.0,0,0.9991404659579289,0.6813048933500911,1.0125850340136044,0.09158540108453872,0.10586820058594845
6382.0,-0.333533,21.087616,-2.00193,22.843241,0.129166,0.07545,0.072865,0.002585,0.053716,0.056301,1.622476,0.0481225682744755,0.0726505291230434,767.0,0,1.0187921284777208,1.0811375993308692,1.0150415721844301,0.17440698356159323,0.12920258472092205
6383.0,-0.331039,21.093523,-2.003111,22.842059,0.128918,0.075172,0.073164,0.0020079999999999,0.053746,0.055754,1.660195,0.0373602247567305,0.1672417684590098,768.0,0,1.0088939154037557,0.8398159765788306,1.0156084656084665,0.2125230111999758,0.15214729153379722
6384.0,-0.331695,21.087353,-2.002717,22.835758,0.128624,0.075671,0.073836,0.001835,0.0529529999999999,0.0547879999999999,1.53761,0.0346527174528837,0.2275920208709578,769.0,0,0.9914137073060384,0.7674613132580831,1.000623582766439,0.15027764518132158,0.14214716196955426
6385.0,-0.33957,21.100742,-2.005342,22.841009,0.129148,0.07575,0.074172,0.0015779999999999,0.053398,0.054976,1.495176,0.0295511151894229,0.341306574426467,770.0,0,0.9948156525672933,0.6599749058971,1.0090325018896456,0.08125805245997408,0.1445721679887755
6386.0,-0.330383,21.103892,-2.004292,22.845866,0.129239,0.076233,0.074314,0.0019189999999999,0.053006,0.0549249999999999,1.264151,0.0362027656724581,0.1930414949428837,771.0,0,0.993892784437909,0.8025930572981933,1.0016250944822382,0.18912966681799176,0.13674697916150624
6387.0,-0.32802,21.08801,-1.995892,22.841534,0.129589,0.07671,0.074409,0.0023009999999999,0.052879,0.05518,1.29244,0.0435136157337367,0.030082877650442,772.0,0,0.9985071250848233,0.9623588456712656,0.999225245653818,0.2572911005582115,0.14426587132926222
6388.0,-0.331433,21.100479,-1.999042,22.844029,0.129497,0.075624,0.073894,0.0017299999999999,0.053873,0.055603,1.183999,0.0321119649552659,0.2842253139112622,773.0,0,1.0061615019226429,0.7235466332078512,1.0180083144368868,0.10743513505749114,0.1483991462542372
6389.0,-0.332876,21.091554,-1.999567,22.836152,0.129203,0.075062,0.073558,0.001504,0.054141,0.055645,1.316014,0.0277788038860774,0.3808113374819467,774.0,0,1.0069215109703695,0.6290255123379601,1.0230725623582775,0.04506344218403879,0.12801960472513105
6390.0,-0.335108,21.090766,-2.004292,22.83904,0.129313,0.07597,0.074519,0.0014509999999999,0.053343,0.054794,1.334873,0.0272008098380322,0.3936948065837915,775.0,0,0.9915222800271442,0.6068590547887749,1.0079931972789125,0.058499353509925855,0.13648491874900248
6391.0,-0.333664,21.096017,-2.001011,22.845473,0.129855,0.075634,0.073569,0.002065,0.0542209999999999,0.056286,1.594187,0.0380841724761169,0.1511049966261334,776.0,0,1.0185206966749614,0.8636553743204041,1.0245842781557057,0.16677432276209853,0.13833143503117493
6392.0,-0.32907,21.092473,-2.004948,22.845866,0.129258,0.075597,0.073595,0.002002,0.053661,0.055663,1.297155,0.0373075919645187,0.1684149517374502,777.0,0,1.007247229133681,0.83730656629029,1.014002267573697,0.21573973281134295,0.1240638185648196
6393.0,-0.328151,21.078953,-2.004948,22.846654,0.129469,0.074568,0.073191,0.0013769999999999,0.054901,0.0562779999999999,1.382021,0.025081053513533,0.4409441082028837,778.0,0,1.018375933046821,0.5759096612295933,1.0374338624338633,0.008727595908914254,0.1171188715320752
6394.0,-0.332351,21.093523,-1.998255,22.850067,0.129267,0.075771,0.073695,0.002076,0.0534959999999999,0.0555719999999999,1.504606,0.0388059143503375,0.1350173930124321,779.0,0,1.0056005428636046,0.8682559598494717,1.0108843537414955,0.23493078542003604,0.13042059773032505
6395.0,-0.330514,21.104811,-1.999436,22.846129,0.129414,0.075897,0.074251,0.001646,0.0535169999999999,0.055163,1.363162,0.0307560073246386,0.3144495667330356,780.0,0,0.9981995023750291,0.688414889167741,1.011281179138321,0.09972321528169847,0.1378610585808921
6396.0,-0.334976,21.099298,-1.992217,22.850461,0.129487,0.075429,0.073994,0.0014349999999999,0.0540579999999999,0.0554929999999999,1.66491,0.0265450711259918,0.4083112017941388,781.0,0,1.0041710020357375,0.600167294019222,1.021504157218442,0.04645350215443844,0.15265780905172463
6397.0,-0.328151,21.09116,-1.999698,22.846523,0.129056,0.075776,0.073038,0.0027379999999999,0.05328,0.056018,1.41974,0.0513879244008181,0.1454352141946899,782.0,0,1.0136711151323239,1.1451275616896754,1.0068027210884363,0.1878416302307676,0.15913689253186808
6398.0,-0.329333,21.101792,-1.99353,22.855318,0.129726,0.076343,0.074104,0.0022389999999999,0.053383,0.055622,1.627191,0.0419414056646184,0.0651273905058955,783.0,0,1.0065053155394716,0.9364282726892487,1.0087490551776275,0.24045239703998955,0.14114252172857028
6399.0,-0.330645,21.096279,-1.989592,22.849936,0.129506,0.074852,0.072571,0.002281,0.054654,0.056935,1.570613,0.0417345165126704,0.069738943177836,784.0,0,1.0302646460076914,0.9539941447093665,1.032766439909298,0.11946805068970945,0.1655928229885022
6400.0,-0.332089,21.093523,-2.002586,22.84521,0.128909,0.075188,0.073196,0.001992,0.0537209999999999,0.055713,1.490462,0.0370797810952683,0.1734928488282204,785.0,0,1.0081520018095462,0.8331242158093195,1.0151360544217678,0.20646685821825117,0.1516448369971152
6401.0,-0.334451,21.094966,-2.001798,22.850067,0.129037,0.075629,0.073238,0.002391,0.053408,0.055799,1.382021,0.0447677357748694,0.0021285814866941,786.0,0,1.0097082108120343,1.0000000000000417,1.0092214663643244,0.23156515756353296,0.1470109723957421
6402.0,-0.329464,21.096542,-1.996548,22.851774,0.129028,0.074584,0.073049,0.0015349999999999,0.054444,0.055979,1.259436,0.0281935898613278,0.3715657711753548,787.0,0,1.0129653924451492,0.6419907988289268,1.028798185941044,0.035796024778364965,0.14129850109324998
6403.0,-0.323426,21.091554,-1.98828,22.850067,0.129258,0.076233,0.073973,0.0022599999999999,0.053025,0.055285,1.367877,0.0426206012144984,0.0499881431198975,788.0,0,1.0004071477041403,0.9452112086992867,1.0019841269841279,0.25323060850823337,0.12230942293598598
6404.0,-0.328151,21.103892,-1.998517,22.852561,0.129157,0.074946,0.07317,0.0017759999999999,0.0542109999999999,0.0559869999999999,1.169855,0.0327602744779753,0.2697745150967973,789.0,0,1.0131101560732856,0.7427854454203154,1.0243953136810269,0.09545092550616596,0.11577339241138236
6405.0,-0.330383,21.104417,-1.997861,22.855712,0.129019,0.075435,0.073978,0.001457,0.0535839999999999,0.0550409999999999,1.27358,0.0271904450872445,0.3939258365519605,790.0,0,0.9959918570459163,0.609368465077399,1.0125472411186687,0.05338456926796742,0.11342275388600132
6406.0,-0.330514,21.094835,-1.995761,22.849148,0.129148,0.075592,0.07454,0.001052,0.053556,0.054608,1.391451,0.0196426237466626,0.562166536186349,791.0,0,0.9881565256729256,0.4399832705980945,1.01201814058957,-0.010671210870482506,0.10014854717671366
6407.0,-0.330908,21.096673,-1.999961,22.846523,0.129827,0.075981,0.074813,0.001168,0.0538459999999999,0.0550139999999999,1.688484,0.0216910877114788,0.5165063390161357,792.0,0,0.9955032798009491,0.48849853617735206,1.0174981103552523,-0.002049151341872446,0.07846008351437422
6408.0,-0.325132,21.101923,-1.99038,22.851642,0.129561,0.075855,0.073238,0.002617,0.053706,0.056323,1.367877,0.0487273539762043,0.0861311833405271,793.0,0,1.0191902284551015,1.0945211208699746,1.0148526077097515,0.17509209179395335,0.08511897040051561
6409.0,-0.328282,21.099823,-2.00193,22.850067,0.129515,0.075377,0.072424,0.0029529999999999,0.0541379999999999,0.0570909999999999,1.278295,0.0545447828737139,0.2158014899928646,794.0,0,1.033087536756389,1.235048097030541,1.023015873015872,0.09596166543589901,0.06738246274761403
6410.0,-0.325789,21.105074,-1.993792,22.851905,0.129267,0.07545,0.073868,0.001582,0.0538169999999999,0.0553989999999999,1.499891,0.0293953695789512,0.3447781391718928,795.0,0,1.002470029405111,0.66164784608953,1.0169501133786838,0.07372479112537456,0.058243907190022357
6411.0,-0.32802,21.101398,-2.000617,22.852299,0.129506,0.073844,0.071972,0.001872,0.055662,0.057534,1.349017,0.0336309577277547,0.2503670129192835,796.0,0,1.0411038226645566,0.7829360100376739,1.0518140589569172,0.014680520940138497,0.0736185440622928
6412.0,-0.324082,21.100217,-1.994186,22.851774,0.129111,0.075555,0.073878,0.0016769999999999,0.053556,0.055233,1.476317,0.0313124334820844,0.3020468452324298,797.0,0,0.9994661841212403,0.7013801756587076,1.01201814058957,0.10238489363977887,0.08517339512856884
6413.0,-0.327495,21.091947,-1.997467,22.845604,0.129239,0.076017,0.074461,0.001556,0.0532219999999999,0.0547779999999999,1.349017,0.0292354809011142,0.3483420527582274,798.0,0,0.9912327527708654,0.6507737348390067,1.0057067271352975,0.07586553197921764,0.09542703880648899
6414.0,-0.335108,21.096935,-1.995105,22.844816,0.129368,0.075429,0.074225,0.0012039999999999,0.053939,0.055143,1.136851,0.0223210975157581,0.5024634403483321,799.0,0,0.997837593304683,0.503554997908804,1.0192554799697666,0.004065369930249196,0.08517343616619669
6415.0,-0.32277,21.098773,-2.000486,22.850067,0.12935,0.076212,0.073579,0.0026329999999999,0.0531379999999999,0.0557709999999999,1.481032,0.0495492952445472,0.1044522282890716,800.0,0,1.009201538113548,1.1012128816394857,1.004119425547996,0.2071309379906719,0.09907991701593584
6416.0,-0.326182,21.101398,-1.99983,22.84626,0.129442,0.075078,0.073248,0.00183,0.0543639999999999,0.056194,1.462173,0.0336613630092892,0.2496892801528163,801.0,0,1.0168559149513694,0.7653701380175979,1.027286470143612,0.10487729979227767,0.09922198447348718
6417.0,-0.329726,21.096673,-2.000748,22.845735,0.129092,0.074994,0.073217,0.001777,0.054098,0.055875,1.169855,0.0328471875635409,0.2678372251606515,802.0,0,1.0110834652793494,0.7432036804684543,1.0222600151171588,0.10048728543732921,0.11325560376918489
6418.0,-0.324476,21.096542,-1.992611,22.844816,0.129157,0.074999,0.073359,0.00164,0.054158,0.055798,1.235862,0.0302812090326631,0.3250328056867291,803.0,0,1.0096901153585172,0.6859054788791586,1.0233938019652313,0.07255606539103021,0.10995348357792759
6419.0,-0.324607,21.098642,-1.993136,22.847573,0.128927,0.075991,0.073495,0.0024959999999999,0.052936,0.055432,1.27358,0.0471503863082531,0.0509806237571353,804.0,0,1.0030671793711838,1.0439146800501902,1.0003023431594869,0.23502647393329057,0.10747524615251516
6420.0,-0.326182,21.08906,-1.992611,22.845079,0.129276,0.075503,0.07392,0.001583,0.053773,0.055356,1.424454,0.0294380183731915,0.3438274988933582,805.0,0,1.001691924903869,0.662066081137627,1.0161186696900992,0.07514546570088809,0.12494060436633336
6421.0,-0.330251,21.095229,-1.994711,22.848098,0.129304,0.075356,0.073469,0.0018869999999999,0.0539479999999999,0.0558349999999999,1.457458,0.0349774787299115,0.2203531022484993,806.0,0,1.0103596471386556,0.7892095357590878,1.0194255479969756,0.15501671389711558,0.10066723468095826
6422.0,-0.32592,21.100873,-1.991167,22.850198,0.129386,0.07575,0.074193,0.001557,0.053636,0.055193,1.565899,0.0290284691537558,0.3529563380779993,807.0,0,0.9987423659805482,0.6511919698871037,1.013529856387,0.0693636917272058,0.10678304408966466
6423.0,-0.327495,21.098773,-1.993005,22.843897,0.12923,0.074605,0.072949,0.001656,0.054625,0.056281,1.358447,0.0303152345037162,0.3242743790100681,808.0,0,1.0184302194073747,0.6925972396487114,1.0322184429327295,0.05108315772509342,0.1076579980047914
6424.0,-0.32802,21.09746,-1.996942,22.844029,0.12923,0.075771,0.073873,0.001898,0.053459,0.055357,1.103847,0.0355031799476245,0.2086352386855197,809.0,0,1.001710020357386,0.7938101212881971,1.010185185185186,0.17871895206843125,0.1133848092651705
6425.0,-0.321589,21.110849,-1.999173,22.847179,0.129267,0.074789,0.073863,0.0009259999999999,0.054478,0.0554039999999999,1.452743,0.0169973751353731,0.6211290443047408,810.0,0,1.0025605066726975,0.3872856545378246,1.0294406651549517,-0.035602758863079065,0.10731310343336567
6426.0,-0.328151,21.10468,-1.996942,22.842453,0.129653,0.075403,0.073411,0.0019919999999999,0.0542499999999999,0.0562419999999999,1.316014,0.0367182171757201,0.1815520971917563,811.0,0,1.0177244967201982,0.8331242158092779,1.0251322751322742,0.1660353938793414,0.11030547029825648
6427.0,-0.327626,21.093916,-1.996023,22.848492,0.129873,0.076112,0.074398,0.0017139999999999,0.0537609999999999,0.0554749999999999,1.240577,0.0318812544176182,0.2893678445191568,812.0,0,1.003845283872426,0.7168548724382985,1.0158919123204828,0.10923682458859674,0.10817369605015277
6428.0,-0.323032,21.095623,-1.992742,22.842716,0.129157,0.075015,0.073149,0.0018659999999999,0.0541419999999999,0.0560079999999999,1.117992,0.0344642890124299,0.2317920848659169,813.0,0,1.0134901605971491,0.7804265997490498,1.0230914588057436,0.12982417799482127,0.09939307757906726
6429.0,-0.325132,21.089979,-1.995105,22.842978,0.129717,0.075708,0.073742,0.0019659999999999,0.054009,0.055975,1.325443,0.0364006665432326,0.1886302907748229,814.0,0,1.0128930106310798,0.8222501045587546,1.020578231292518,0.17430941561524227,0.11575917926155468
6430.0,-0.323032,21.100086,-1.990773,22.843897,0.129561,0.075188,0.072513,0.002675,0.054373,0.057048,1.405595,0.0491963070585208,0.0965841327552701,815.0,0,1.032309432255147,1.1187787536596034,1.0274565381708247,0.10506913434979614,0.12094611361197131
6431.0,-0.315288,21.09116,-1.988148,22.844554,0.129193,0.075466,0.073653,0.001813,0.053727,0.05554,1.504606,0.0337440440738536,0.2478463218313159,816.0,0,1.0050214883510526,0.758260142199948,1.015249433106577,0.13369897141607834,0.12692208380331577
6432.0,-0.324476,21.098117,-1.989067,22.845735,0.129258,0.074448,0.073296,0.001152,0.05481,0.055962,1.53761,0.0210176789330608,0.5315165994487503,817.0,0,1.012657769735355,0.4818067754077993,1.0357142857142865,-0.018442492983649195,0.12332899114252929
6433.0,-0.322507,21.106124,-1.994711,22.844422,0.128982,0.075214,0.073059,0.002155,0.053768,0.055923,1.41974,0.0400788558463055,0.1066435672140078,818.0,0,1.01195204704818,0.9012965286491383,1.0160241874527598,0.21474417454996758,0.12286492908361564
6434.0,-0.329201,21.100742,-1.987361,22.842059,0.128743,0.075267,0.072933,0.002334,0.0534759999999999,0.05581,1.28301,0.0436449314658638,0.0271558541228325,819.0,0,1.0099072608007247,0.9761606022585101,1.010506424792138,0.2305882955725978,0.11704754297621296
6435.0,-0.324476,21.09746,-1.99458,22.85138,0.129184,0.075634,0.07434,0.001294,0.0535499999999999,0.0548439999999999,1.311299,0.0241638811600157,0.4613878510365163,820.0,0,0.9924270527030075,0.5411961522375801,1.011904761904761,0.02415694305036542,0.10477012557297427
6436.0,-0.320145,21.095754,-1.987886,22.849279,0.128854,0.075177,0.073374,0.0018029999999999,0.053677,0.05548,1.811069,0.0335891799247363,0.2512982388309526,821.0,0,1.0039357611400146,0.7540777917189357,1.014304610733183,0.1301044672714765,0.11955724904546905
6437.0,-0.323164,21.104024,-1.993398,22.849411,0.128854,0.075361,0.07371,0.0016509999999999,0.053493,0.055144,1.226432,0.0308632743859124,0.3120585873202872,822.0,0,0.9978556887582004,0.6905060644081844,1.0108276643990939,0.10459620399946012,0.10995130450192789
6438.0,-0.321457,21.094835,-1.993398,22.847442,0.129175,0.075666,0.074125,0.001541,0.053509,0.05505,1.40088,0.0287983554475798,0.3580855653312136,823.0,0,0.9961547161275739,0.644500209117551,1.0111300075585798,0.0716503169207946,0.12392269286009157
6439.0,-0.321195,21.10363,-1.986836,22.852824,0.129487,0.074915,0.073269,0.0016459999999999,0.0545719999999999,0.0562179999999999,1.367877,0.0301614351419199,0.3277025619339033,824.0,0,1.017290205835783,0.6884148891676991,1.0312169312169301,0.05153524158285527,0.11503101064107088
6440.0,-0.318045,21.100086,-1.98828,22.848098,0.129313,0.076233,0.073926,0.0023069999999999,0.05308,0.055387,1.377306,0.0434618790150899,0.0312360874773786,825.0,0,1.0022528839629052,0.9648682559598478,1.0030234315948612,0.2529403690747441,0.10566864152758215
6441.0,-0.31542,21.101398,-1.990905,22.850198,0.128872,0.07513,0.073773,0.0013569999999999,0.0537419999999999,0.0550989999999999,1.264151,0.02524979997395,0.437182754922203,826.0,0,0.9970413933499199,0.5675449602676523,1.0155328798185932,0.037639525980666666,0.10235446579426548
6442.0,-0.322639,21.099823,-1.992873,22.847573,0.129046,0.074805,0.072324,0.0024809999999999,0.054241,0.0567219999999999,1.693198,0.045739463884075,0.0195312074206222,827.0,0,1.026410314408504,1.0376411543287343,1.024962207105065,0.12127139059798742,0.10147776902043755
6443.0,-0.317126,21.094441,-1.99143,22.845866,0.129111,0.074757,0.072865,0.001892,0.054354,0.056246,1.424454,0.0348082053168982,0.2241262012859318,828.0,0,1.017796878534269,0.7913007109996149,1.027097505668935,0.12582735235976106,0.10134693212829778
6444.0,-0.316076,21.114393,-1.991823,22.850067,0.129046,0.075135,0.073301,0.0018339999999999,0.053911,0.0557449999999999,1.580043,0.0340184003561357,0.2417309289520425,829.0,0,1.0087310563220981,0.7670430782099442,1.018726379440666,0.1369646044377103,0.11488866967336049
6445.0,-0.31647,21.089847,-1.998386,22.844947,0.128909,0.0745,0.073254,0.0012459999999999,0.054409,0.0556549999999999,1.41031,0.0229002021687189,0.489555215897946,830.0,0,1.0071024655055407,0.52112086992888,1.0281368102796684,-0.008984814282801179,0.13352258793480581
6446.0,-0.314632,21.109274,-1.99143,22.848623,0.128973,0.076348,0.074619,0.0017289999999999,0.052625,0.054354,1.570613,0.0328544825751528,0.2676746195818955,831.0,0,0.9835602804795304,0.7231283981597542,0.9944255479969775,0.12133749953319728,0.118995948880072
6447.0,-0.315682,21.103761,-1.99038,22.849279,0.129267,0.075597,0.073905,0.0016919999999999,0.0536699999999999,0.0553619999999999,1.631906,0.0315254047809804,0.2972997216968408,832.0,0,1.0018004976249708,0.7076537013801634,1.014172335600906,0.10328783507806216,0.11591219140757217
6448.0,-0.314632,21.106124,-1.986836,22.847442,0.129295,0.075529,0.073532,0.0019969999999999,0.0537659999999999,0.0557629999999999,1.231147,0.0371417412167314,0.1721117596749403,833.0,0,1.0090567744854098,0.835215391049763,1.015986394557822,0.2070676923714218,0.11054421814475549
6449.0,-0.310432,21.109143,-1.989592,22.846654,0.129258,0.075765,0.073611,0.002154,0.053493,0.055647,1.429169,0.0402661980782892,0.1024677147715908,834.0,0,1.0069577018774043,0.9008782936010414,1.0108276643990939,0.2378744241973086,0.11311530464989177
6450.0,-0.308857,21.109668,-1.993923,22.841928,0.1298,0.075293,0.07276,0.0025329999999999,0.054507,0.0570399999999999,1.64605,0.0464702429001246,0.0358202486406731,835.0,0,1.0321646686270067,1.0593893768297806,1.0299886621315202,0.10767397852740601,0.11606259034319644
6451.0,-0.309644,21.096804,-1.989986,22.840747,0.129487,0.074222,0.072582,0.00164,0.0552649999999999,0.056905,1.547039,0.0296746643505953,0.3385526675204928,836.0,0,1.0297217824021723,0.6859054788791586,1.0443121693121682,0.006801951255668404,0.13125603360178223
6452.0,-0.311088,21.115443,-1.989855,22.841797,0.129129,0.074952,0.073317,0.001635,0.0541769999999999,0.055812,1.264151,0.0301783011554507,0.3273266190242296,837.0,0,1.0099434517077592,0.6838143036386735,1.0237528344671192,0.06759165796982047,0.1442864930062164
6453.0,-0.315026,21.107436,-1.992611,22.842322,0.129065,0.075282,0.072498,0.0027839999999999,0.053783,0.056567,1.551754,0.0517626059794733,0.153786854766009,838.0,0,1.0236055191133238,1.1643663739021397,1.0163076341647779,0.15153821741112383,0.15331805457264042
6454.0,-0.311088,21.10468,-1.993398,22.844816,0.129221,0.075818,0.072991,0.0028269999999999,0.053403,0.05623,1.438599,0.0529361096547074,0.1799442146763974,839.0,0,1.0175073512779924,1.182350480970313,1.009126984126985,0.166437461370757,0.15817812631801695
6455.0,-0.31332,21.101267,-1.989592,22.842847,0.129028,0.075723,0.073889,0.001834,0.053305,0.055139,1.198144,0.0344051326304731,0.2331106787540278,840.0,0,0.9977652114906139,0.767043078209986,1.0072751322751332,0.14294961830305686,0.1539692711424423
6456.0,-0.307019,21.10573,-1.986705,22.842453,0.129083,0.075902,0.073611,0.002291,0.053181,0.055472,1.457458,0.04307848520176,0.0397819234848257,841.0,0,1.003790997511876,0.958176495190337,1.0049319727891166,0.2516420935775388,0.14948406771805317
6457.0,-0.302425,21.103761,-1.98093,22.844554,0.12912,0.075975,0.074041,0.001934,0.053145,0.055079,1.471602,0.0363903210025214,0.1888608925509926,842.0,0,0.9966794842795758,0.8088665830196908,1.004251700680273,0.19360345074230245,0.15000717496386992
6458.0,-0.303869,21.103498,-1.991298,22.843503,0.129083,0.075986,0.073584,0.002402,0.053097,0.055499,1.424454,0.0452371087423255,0.0083337271545684,843.0,0,1.0042795747568432,1.0046005855291094,1.0033446712018148,0.25566840982518696,0.14514603831267847
6459.0,-0.313188,21.105861,-1.987098,22.845866,0.129533,0.075723,0.073742,0.0019809999999999,0.05381,0.055791,1.485747,0.0368140343052535,0.1794163363963892,844.0,0,1.009563447183896,0.8285236302802103,1.0168178382464106,0.19578587244156215,0.14544340595129207
6460.0,-0.305707,21.105205,-1.989461,22.842453,0.129487,0.075823,0.074298,0.0015249999999999,0.0536639999999999,0.0551889999999999,1.103847,0.0284170315848318,0.3665852622054748,845.0,0,0.9986699841664772,0.6378084483479564,1.0140589569160987,0.06282194428351462,0.12840505403954897
6461.0,-0.312007,21.102711,-1.984998,22.841272,0.129589,0.074742,0.073338,0.001404,0.054847,0.056251,1.443314,0.025598016336056,0.429421023193092,846.0,0,1.0178873558018557,0.5872020075282555,1.036413454270598,0.012033023713836077,0.1274270346368706
6462.0,-0.303738,21.098511,-1.983686,22.842191,0.129212,0.074264,0.072755,0.0015089999999999,0.054948,0.0564569999999999,1.212288,0.0274618282407322,0.3878767146197455,847.0,0,1.0216150192264186,0.6311166875784036,1.0383219954648535,0.01898029145790603,0.10599502344001392
6463.0,-0.309251,21.107436,-1.987361,22.842191,0.129295,0.075524,0.072797,0.0027269999999999,0.053771,0.0564979999999999,1.339588,0.0507141263110911,0.1304162760252765,848.0,0,1.022356932820628,1.140526976160608,1.0160808767951635,0.15451189379725971,0.1066418455981762
6464.0,-0.306232,21.106517,-1.986836,22.842978,0.129662,0.074773,0.073453,0.00132,0.0548889999999999,0.0562089999999999,1.631906,0.0240480961923848,0.4639686943133227,849.0,0,1.017127346754127,0.5520702634881034,1.037207105064247,-0.003946057746674114,0.08646328000170722
6465.0,-0.30505,21.096279,-1.984736,22.844816,0.129644,0.075282,0.073359,0.001923,0.054362,0.056285,1.382021,0.0353733237680041,0.211529728833787,850.0,0,1.018502601221444,0.8042659974906233,1.0272486772486782,0.1331694242762732,0.09318616593641689
6466.0,-0.305444,21.088141,-1.987755,22.844685,0.129671,0.075046,0.073458,0.001588,0.054625,0.056213,1.372591,0.0290704060337569,0.3520215663454029,851.0,0,1.0171997285681982,0.6641572563781122,1.0322184429327295,0.037321981608972266,0.08538962957220433
6467.0,-0.304525,21.093785,-1.985917,22.845473,0.129129,0.075303,0.072996,0.0023069999999999,0.053826,0.0561329999999999,1.301869,0.0428595314619055,0.044662395440703,852.0,0,1.015752092286812,0.9648682559598478,1.0171201814058966,0.20007167232392503,0.1024230496230311
6468.0,-0.303607,21.086566,-1.984342,22.844816,0.12923,0.075482,0.07401,0.0014719999999999,0.053748,0.05522,1.438599,0.0273865560289491,0.3895545298464165,853.0,0,0.9992309432255154,0.6156419907988129,1.0156462585034023,0.053882753860497234,0.10347019588032151
6469.0,-0.306757,21.096673,-1.983817,22.840615,0.129267,0.0766,0.074225,0.002375,0.0526669999999999,0.0550419999999999,1.499891,0.0450937950937951,0.0051392704487276,854.0,0,0.9960099524994336,0.9933082392304889,0.9952191987906264,0.26301473178865886,0.08419399667376432
6470.0,-0.301113,21.093129,-1.980667,22.841403,0.129148,0.073928,0.072587,0.0013409999999999,0.05522,0.056561,1.405595,0.0242842396914216,0.4587050631674102,855.0,0,1.0234969463922199,0.5608531994980995,1.0434618291761157,-0.015143419358611077,0.09515473572502406
6471.0,-0.303475,21.097723,-1.982373,22.840222,0.129267,0.075256,0.073044,0.002212,0.0540109999999999,0.0562229999999999,1.433884,0.0409538621047175,0.0871397053104142,856.0,0,1.0173806831033694,0.9251359263906702,1.0206160241874518,0.18236722422210394,0.10765826057316688
6472.0,-0.307413,21.092735,-1.977255,22.843372,0.12912,0.074406,0.072844,0.0015619999999999,0.054714,0.056276,1.509321,0.0285479301836789,0.3636675365655213,857.0,0,1.0183397421397882,0.6532831451275471,1.0339002267573705,0.02945175403081024,0.12094688084743561
6473.0,-0.302163,21.100479,-1.985523,22.843766,0.128679,0.07387,0.072986,0.000884,0.0548089999999999,0.0556929999999999,1.490462,0.0161284437146507,0.6404974982678242,858.0,0,1.0077900927391985,0.3697197825177904,1.0356953892668168,-0.038250098268312493,0.11368693198565467
6474.0,-0.310826,21.102055,-1.98198,22.842322,0.128615,0.07523,0.073553,0.001677,0.053385,0.055062,1.405595,0.0314127299291951,0.2998112405895353,859.0,0,0.9963718615697815,0.7013801756587495,1.0087868480725632,0.10566133276592349,0.12336844550598727
6475.0,-0.308594,21.10468,-1.99563,22.83589,0.128578,0.075839,0.073647,0.0021919999999999,0.0527389999999999,0.0549309999999999,1.316014,0.0415623814941221,0.0735758273123939,860.0,0,0.9940013571590128,0.9167712254286875,0.9965797430083134,0.25820467275770115,0.12113173955884815
6476.0,-0.305182,21.102055,-1.982373,22.840484,0.129239,0.075251,0.073306,0.001945,0.0539879999999999,0.055933,1.556469,0.0360258571190428,0.1969847810190765,861.0,0,1.012133001583353,0.8134671685487583,1.0201814058956906,0.1702081843516598,0.14531098753474453
6477.0,-0.299407,21.110062,-1.989067,22.841534,0.12935,0.075676,0.073884,0.0017919999999999,0.053674,0.0554659999999999,1.495176,0.0333861201676756,0.2558244344116311,862.0,0,1.0036824247907703,0.7494772061898682,1.0142479213907794,0.12747218370611557,0.15303397432199803
6478.0,-0.307676,21.091291,-1.981717,22.840878,0.129653,0.075372,0.073427,0.0019449999999999,0.0542809999999999,0.0562259999999999,1.278295,0.035831398990457,0.2013192465723302,863.0,0,1.0174349694639213,0.8134671685487165,1.0257180650037783,0.1506978890638231,0.16411865017276006
6479.0,-0.304394,21.087353,-1.973974,22.838909,0.129589,0.076164,0.073889,0.0022749999999999,0.053425,0.0557,1.363162,0.0425822633174858,0.0508426936351885,864.0,0,1.0079167609138213,0.9514847344207423,1.0095427059712783,0.24064767231726786,0.18059111208910342
6480.0,-0.303213,21.088141,-1.991692,22.837727,0.129249,0.076023,0.07401,0.0020129999999999,0.053226,0.0552389999999999,1.245292,0.0378191519341684,0.1570122961478056,865.0,0,0.9995747568423424,0.8419071518193157,1.005782312925171,0.22664906040035243,0.18713593854329574
6481.0,-0.303344,21.09431,-1.985261,22.838778,0.129377,0.076443,0.074078,0.0023649999999999,0.0529339999999999,0.0552989999999999,1.316014,0.0446774345895908,0.0041413920585877,866.0,0,1.0006604840533806,0.9891258887494767,1.0002645502645493,0.2595970920946392,0.16596281616770597
6482.0,-0.301113,21.093654,-1.98198,22.83799,0.129662,0.075697,0.073836,0.001861,0.053965,0.055826,1.330158,0.0344846755364489,0.2313376698884945,867.0,0,1.0101967880570015,0.7783354245086064,1.0197467876039314,0.1402985125384303,0.17240167088486863
6483.0,-0.299538,21.096935,-1.988673,22.839434,0.129974,0.07586,0.074004,0.0018559999999999,0.054114,0.05597,1.565899,0.0342973297606947,0.2355136013214447,868.0,0,1.0128025333634934,0.7762442492680793,1.022562358276645,0.12647452089512135,0.18251642229215753
6484.0,-0.300194,21.094704,-1.980667,22.835758,0.129928,0.075739,0.073611,0.002128,0.0541889999999999,0.0563169999999999,1.16514,0.0392692378667651,0.1246899264438027,869.0,0,1.019081655733996,0.8900041823505181,1.0239795918367336,0.17110959730784658,0.18587880700269058
6485.0,-0.301507,21.09641,-1.985655,22.841797,0.129846,0.075356,0.073731,0.001625,0.0544899999999999,0.0561149999999999,1.627191,0.029821438402672,0.3352810785287412,870.0,0,1.0154263741235006,0.679631953157703,1.0296674225245643,0.04647344900180361,0.18382158426481585
6486.0,-0.300325,21.084991,-1.976336,22.839828,0.129524,0.075954,0.073847,0.0021069999999999,0.05357,0.055677,1.259436,0.0393309813145171,0.1233136669407092,871.0,0,1.0075005654829232,0.8812212463404384,1.0122826908541203,0.23459673152328636,0.1659096209580763
6487.0,-0.301638,21.080528,-1.983292,22.842453,0.129285,0.076002,0.073537,0.0024649999999999,0.053283,0.055748,1.481032,0.0462615419262817,0.031168310515836,872.0,0,1.0087853426826519,1.0309493935591816,1.00685941043084,0.22861969777900443,0.13618313864410814
6488.0,-0.30085,21.096017,-1.980667,22.842978,0.129616,0.076138,0.073411,0.0027269999999999,0.053478,0.056205,1.438599,0.0509919781596513,0.136609584966644,873.0,0,1.0170549649400598,1.140526976160608,1.0105442176870756,0.18432173616915337,0.12962191313475618
6489.0,-0.305313,21.099692,-1.980798,22.843241,0.129736,0.07639,0.074393,0.0019969999999999,0.0533459999999999,0.0553429999999999,1.429169,0.0374341574971413,0.1655938100069828,874.0,0,1.001456684008142,0.835215391049763,1.0080498866213141,0.22007544493852088,0.1289165487857699
6490.0,-0.303869,21.094179,-1.985261,22.841534,0.129524,0.075078,0.073464,0.001614,0.0544459999999999,0.05606,1.278295,0.0296435065292854,0.3392471743748189,875.0,0,1.0144311241800505,0.6750313676286355,1.0288359788359778,0.04752942733295684,0.11915827861067532
6491.0,-0.302819,21.096673,-1.97673,22.840222,0.129405,0.074621,0.073679,0.000942,0.0547839999999999,0.055726,1.40088,0.0171944875422106,0.6167354149729685,876.0,0,1.0083872427052711,0.3939774153074192,1.03522297808012,-0.037667731045042396,0.13449280414661308
6492.0,-0.301244,21.092998,-1.976205,22.837727,0.129267,0.075219,0.073595,0.001624,0.054048,0.055672,1.631906,0.0300468093766767,0.3302575666260456,877.0,0,1.0074100882153367,0.679213718109606,1.0213151927437651,0.07468625744491086,0.1308101536245286
6493.0,-0.30085,21.097067,-1.973974,22.838778,0.129386,0.07524,0.073401,0.001839,0.054146,0.055985,1.325443,0.0339631004487784,0.2429635621429577,878.0,0,1.0130739651662528,0.7691342534504713,1.023167044595617,0.11942087740525842,0.12714183689758726
6494.0,-0.300457,21.091422,-1.974498,22.841272,0.128872,0.074479,0.072755,0.001724,0.0543929999999999,0.0561169999999999,1.382021,0.0316946722064934,0.2935267561206011,879.0,0,1.0154625650305353,0.7210372229193107,1.0278344671201805,0.07352689555690062,0.10950069241771576
6495.0,-0.298357,21.103892,-1.975155,22.841272,0.128881,0.076044,0.074115,0.001929,0.0528369999999999,0.0547659999999999,1.53761,0.0365078163442976,0.1862419250884307,880.0,0,0.9910156073286577,0.8067754077792055,0.9984315948601652,0.19981870436118132,0.09465902246398639
6496.0,-0.299932,21.087485,-1.97673,22.838121,0.128955,0.076248,0.073595,0.002653,0.0527069999999999,0.0553599999999999,1.735632,0.0503339151551947,0.1219413813516456,881.0,0,1.0017643067179363,1.1095775826014682,0.9959750566893414,0.1977702263024419,0.1105989194810529
6497.0,-0.2956,21.09641,-1.978042,22.839697,0.128964,0.075088,0.072713,0.002375,0.0538759999999999,0.0562509999999999,1.433884,0.0440818902314531,0.0174160570188839,882.0,0,1.0178873558018537,0.9933082392304889,1.0180650037792887,0.19193653050959086,0.12752066650640828
6498.0,-0.296781,21.090504,-1.978305,22.838121,0.129396,0.076133,0.074986,0.001147,0.053263,0.05441,1.542325,0.0215342445178734,0.5200023688549977,883.0,0,0.9845736258764994,0.47971560016731407,1.0064814814814824,0.007910291370438527,0.14196385444357196
6499.0,-0.300719,21.097723,-1.980405,22.839565,0.129368,0.074962,0.073248,0.001714,0.054406,0.05612,1.443314,0.0315032992078226,0.29779245422535,884.0,0,1.015516851391089,0.7168548724383402,1.0280801209372648,0.07165874540122685,0.12985477796812162
6500.0,-0.296256,21.083415,-1.980536,22.83392,0.129102,0.075592,0.073611,0.001981,0.0535099999999999,0.055491,1.41031,0.0370204257068642,0.1748158785637678,885.0,0,1.0041348111287047,0.8285236302802521,1.0111489040060457,0.20692839750362202,0.14705864289979195
6501.0,-0.293631,21.095098,-1.980142,22.841272,0.129396,0.075246,0.072676,0.0025699999999999,0.05415,0.05672,1.64605,0.0474598807039572,0.0578792440763809,886.0,0,1.0263741235014712,1.0748640736093715,1.0232426303854885,0.13154973920851132,0.14701205968926212
6502.0,-0.294288,21.10678,-1.977517,22.839565,0.12923,0.075608,0.073348,0.0022599999999999,0.053622,0.055882,1.613047,0.0421460940268168,0.0605648933680638,887.0,0,1.0112101334539707,0.9452112086992867,1.01326530612245,0.21911813681654763,0.14829355677769146
6503.0,-0.296256,21.082628,-1.980142,22.837727,0.128991,0.074726,0.073458,0.001268,0.0542649999999999,0.055533,1.631906,0.023366380422364,0.4791641173267736,888.0,0,1.0048948201764316,0.5303220409870568,1.0254157218442923,-0.0016698873492448918,0.1380776124443701
6504.0,-0.295206,21.091291,-1.975417,22.837202,0.129056,0.075692,0.073443,0.002249,0.053364,0.055613,1.551754,0.0421437271619975,0.0606176507102368,889.0,0,1.0063424564578158,0.940610623170261,1.0083900226757379,0.24556554487360405,0.16206763451990205
6505.0,-0.294025,21.084072,-1.980798,22.834971,0.12889,0.07565,0.073695,0.0019549999999999,0.05324,0.055195,1.641336,0.0367198211904359,0.1815163437543305,890.0,0,0.9987785568875829,0.817649519029687,1.0060468631897213,0.19935287225588294,0.18038592409137894
6506.0,-0.291531,21.090504,-1.977648,22.835627,0.128964,0.075172,0.073149,0.0020229999999999,0.0537919999999999,0.0558149999999999,1.490462,0.0376071236034427,0.1617384009526202,891.0,0,1.0099977380683094,0.8460895023002862,1.0164777021919869,0.21058519718673518,0.1833287682698513
6507.0,-0.292713,21.08289,-1.974498,22.830507,0.128955,0.074841,0.073107,0.0017339999999999,0.0541139999999999,0.0558479999999999,1.547039,0.0320428716622008,0.2857654012345809,892.0,0,1.0105948880343805,0.7252195734002393,1.022562358276643,0.08977708717637733,0.18983312639362354
6508.0,-0.294681,21.101398,-1.977517,22.83799,0.128973,0.075912,0.0737,0.0022119999999999,0.053061,0.055273,1.523465,0.04168708303494,0.070796233900464,893.0,0,1.0001900022619326,0.9251359263906282,1.0026643990929713,0.24781051212575816,0.17915525209546246
6509.0,-0.296256,21.095098,-1.982111,22.834577,0.128991,0.075944,0.0736,0.0023439999999999,0.053047,0.0553909999999999,1.40088,0.0441863972251545,0.0150865994252767,894.0,0,1.0023252657769726,0.9803429527394387,1.0023998488284211,0.2548416411159955,0.18767963886964775
6510.0,-0.297306,21.100873,-1.97673,22.836021,0.129138,0.076086,0.074046,0.00204,0.053052,0.055092,1.547039,0.038452113923812,0.1429035933613411,895.0,0,0.9969147251753007,0.853199498117978,1.0024943310657606,0.236356839288346,0.18245810460412787
6511.0,-0.294813,21.090372,-1.977648,22.836809,0.129359,0.075456,0.073264,0.0021919999999999,0.053903,0.056095,1.669624,0.0406648857227663,0.0935809797502164,896.0,0,1.0150644650531564,0.9167712254286875,1.0185752078609231,0.19659332044623368,0.1839924998006632
6512.0,-0.288119,21.084072,-1.973711,22.837727,0.129203,0.075671,0.073936,0.001735,0.053532,0.055267,1.438599,0.0324099153792987,0.2775840083564881,897.0,0,1.0000814295408287,0.7256378084483782,1.011564625850341,0.11233939383493663,0.17103417939192567
6513.0,-0.291663,21.094441,-1.977123,22.834839,0.129405,0.07576,0.074151,0.0016089999999999,0.053645,0.055254,1.339588,0.0299929165268612,0.3314588365487312,898.0,0,0.9998461886451038,0.6729401923881084,1.013699924414211,0.08357398039260822,0.17494820513157916
6514.0,-0.287069,21.088535,-1.974498,22.831951,0.129267,0.075351,0.073054,0.002297,0.0539159999999999,0.056213,1.617761,0.0426025186861288,0.0503912021069612,899.0,0,1.0171997285681982,0.9606859054789193,1.0188208616780037,0.1933502022184052,0.1706694337818814
6515.0,-0.2893,21.089979,-1.97778,22.833002,0.12946,0.075923,0.073485,0.002438,0.0535369999999999,0.055975,1.311299,0.04553774888864,0.0150349865341707,900.0,0,1.0128930106310798,1.019657047260603,1.0116591080876784,0.21469682422123615,0.16279419043650212
6516.0,-0.285887,21.112949,-1.973842,22.836809,0.12934,0.07596,0.074382,0.0015779999999999,0.05338,0.054958,1.29244,0.0295610797849421,0.341084463906613,901.0,0,0.9944899344039819,0.6599749058971,1.0086923658352238,0.08100199309935974,0.16434241422534718
6517.0,-0.290087,21.090372,-1.967936,22.834446,0.129956,0.075372,0.07339,0.0019819999999999,0.0545839999999999,0.0565659999999999,1.721487,0.0363103416689566,0.1906436293737216,902.0,0,1.0235874236598046,0.8289418653283074,1.0314436885865448,0.12891734457291248,0.16868806672900885
6518.0,-0.283919,21.093916,-1.977255,22.839565,0.12923,0.075986,0.073416,0.00257,0.053244,0.055814,1.363162,0.0482674429523899,0.0758797811246205,903.0,0,1.009979642614794,1.0748640736094133,1.0061224489795928,0.20502279862878037,0.16677379845389692
6519.0,-0.287069,21.083284,-1.983948,22.839171,0.129478,0.076773,0.074025,0.002748,0.052705,0.055453,1.278295,0.0521382764770614,0.1621605383091526,904.0,0,1.0034471838950474,1.149309912170688,0.9959372637944076,0.1760892076622027,0.17908094174813677
6520.0,-0.287069,21.083941,-1.970692,22.837465,0.129827,0.076962,0.074524,0.0024379999999999,0.0528649999999999,0.0553029999999999,1.481032,0.0461165966783943,0.0279374855117866,905.0,0,1.00073286586745,1.019657047260561,0.9989606953892658,0.25183907717679654,0.18239247722712132
6521.0,-0.286544,21.084334,-1.970692,22.836546,0.129809,0.076458,0.074109,0.002349,0.053351,0.0557,1.598902,0.0440283400809717,0.0186096881842223,906.0,0,1.0079167609138213,0.9824341279799658,1.0081443688586555,0.24004984548285058,0.17415399952812655
6522.0,-0.285887,21.093129,-1.97358,22.837596,0.129524,0.07545,0.073763,0.001687,0.054074,0.055761,1.396165,0.0311974110032363,0.3046106926583135,907.0,0,1.0090205835783768,0.7055625261397199,1.0218065003779297,0.09319671108381722,0.19103854204831475
6523.0,-0.285494,21.097329,-1.97673,22.841666,0.129249,0.075702,0.073212,0.00249,0.053547,0.056037,1.471602,0.0465003361470084,0.0364910261646156,908.0,0,1.0140149287491527,1.0414052697616496,1.011848072562359,0.2066454133350067,0.20297958653006135
6524.0,-0.28615,21.089716,-1.976336,22.838909,0.129065,0.07566,0.073605,0.002055,0.053405,0.05546,1.40088,0.0384788226042017,0.1423082577178059,909.0,0,1.0035738520696684,0.8594730238394336,1.0091647770219208,0.22646555700825088,0.18033674276807787
6525.0,-0.287331,21.090766,-1.976598,22.843503,0.129258,0.074799,0.072582,0.002217,0.054459,0.056676,1.462173,0.0407087770840986,0.09260264269039,910.0,0,1.0255779235467097,0.9272271016311553,1.029081632653062,0.1323120472312881,0.16777202430124488
6526.0,-0.29035,21.095754,-1.977255,22.841009,0.129019,0.07596,0.073731,0.0022289999999999,0.0530589999999999,0.0552879999999999,1.207573,0.0420090463626082,0.0636196814809901,911.0,0,1.0004614340646902,0.9322459222082781,1.0026266061980338,0.24984741830124185,0.14561846599810355
6527.0,-0.28825,21.09641,-1.971874,22.842191,0.129524,0.076296,0.073905,0.002391,0.053228,0.055619,1.584758,0.0449191230344361,0.0012458357545166,912.0,0,1.0064510291789197,1.0000000000000417,1.0058201058201066,0.2483277893903787,0.1421543798290859
6528.0,-0.289694,21.096673,-1.974892,22.841666,0.129212,0.074736,0.073605,0.0011309999999999,0.054476,0.0556069999999999,1.41974,0.0207610551241807,0.5372367360551515,913.0,0,1.0062338837367102,0.4730238393977195,1.029402872260016,-0.02140563899105452,0.15458722641524197
6529.0,-0.292319,21.081709,-1.975811,22.838384,0.129129,0.075151,0.073695,0.0014559999999999,0.053978,0.055434,1.683769,0.0269734526389892,0.3987625913799496,914.0,0,1.0031033702782184,0.6089502300292601,1.0199924414210138,0.05044202299387279,0.1540414164328207
6530.0,-0.28405,21.08906,-1.976467,22.836415,0.129589,0.074952,0.07339,0.001562,0.054637,0.056199,1.589473,0.0285881620849959,0.3627707687540207,915.0,0,1.0169463922189559,0.653283145127589,1.032445200302344,0.030303494145383136,0.1464483956536467
6531.0,-0.285231,21.101005,-1.976467,22.844947,0.129285,0.076086,0.073485,0.002601,0.053199,0.0558,1.627191,0.0488909774436091,0.0897783452685356,916.0,0,1.0097263062655517,1.0878293601004219,1.0052721088435383,0.20540898379267453,0.1458333492805847
6532.0,-0.285231,21.090372,-1.962686,22.839171,0.128854,0.075225,0.073012,0.002213,0.0536289999999999,0.055842,1.334873,0.0412642177885513,0.0802218869059222,917.0,0,1.0104863153132786,0.9255541614387672,1.0133975812547231,0.21752517694537749,0.1327811266092717
6533.0,-0.285625,21.100479,-1.969249,22.843897,0.12901,0.07512,0.073038,0.002082,0.05389,0.055972,1.193429,0.0386335380675808,0.1388596549185847,918.0,0,1.012838724270528,0.870765370138054,1.0183295540438406,0.2011873135107941,0.13037573576623623
6534.0,-0.293894,21.090766,-1.979092,22.842585,0.128817,0.074826,0.072949,0.001877,0.0539909999999999,0.0558679999999999,1.858217,0.0347644095421544,0.2251024077237166,919.0,0,1.0109567971047264,0.7850271852781591,1.0202380952380943,0.15053534921651068,0.1581176966046593
6535.0,-0.289169,21.090897,-1.97883,22.838253,0.128927,0.07491,0.07308,0.0018299999999999,0.054017,0.055847,1.565899,0.0338775963567699,0.2448694456571546,920.0,0,1.010576792580865,0.765370138017556,1.0207294028722609,0.12616158350066808,0.16378455339472348
6536.0,-0.283262,21.089979,-1.977648,22.839697,0.128578,0.074841,0.073075,0.001766,0.0537369999999999,0.055503,1.334873,0.0328631508429789,0.2674814041654358,921.0,0,1.0043519565709125,0.7386030949393868,1.0154383975812538,0.11932519158811195,0.16931905550578336
6537.0,-0.282081,21.094179,-1.959142,22.844029,0.12856,0.07513,0.072723,0.002407,0.05343,0.055837,1.481032,0.0450487544683798,0.0041353163287369,922.0,0,1.0103958380456919,1.0066917607695944,1.0096371882086177,0.22427388096002382,0.15525964838743272
6538.0,-0.281162,21.097329,-1.974761,22.841009,0.128881,0.076154,0.073973,0.002181,0.0527269999999999,0.054908,1.221718,0.0413632225762403,0.0780150733107983,923.0,0,0.9935851617281166,0.9121706398996617,0.9963529856386989,0.25601396939317655,0.15810204599683192
6539.0,-0.277881,21.096017,-1.961374,22.84416,0.12889,0.075256,0.073527,0.001729,0.053634,0.055363,1.287725,0.0322364127901558,0.2814513755964672,924.0,0,1.00181859307849,0.723128398159796,1.0134920634920643,0.10711059089451469,0.1436507906212167
6540.0,-0.28615,21.091554,-1.983161,22.840353,0.129102,0.07545,0.073831,0.001619,0.0536519999999999,0.055271,1.316014,0.0301753862784934,0.3273915915396771,925.0,0,1.000153811354898,0.6771225428691207,1.0138321995464843,0.0856485152559816,0.15214298942597154
6541.0,-0.274206,21.088272,-1.974367,22.839828,0.128688,0.075408,0.073931,0.001477,0.0532799999999999,0.054757,1.514036,0.0277209511833487,0.3821008724011795,926.0,0,0.9908527482470039,0.6177331660393399,1.0068027210884343,0.06481491260916827,0.14913816000465435
6542.0,-0.277881,21.086697,-1.975155,22.837071,0.128688,0.075408,0.073301,0.0021069999999999,0.0532799999999999,0.0553869999999999,1.471602,0.039545053583829,0.1185420028092701,927.0,0,1.0022528839629035,0.8812212463404384,1.0068027210884343,0.24594915303936926,0.15971300982392472
6543.0,-0.279981,21.082759,-1.977648,22.84009,0.128697,0.075587,0.074146,0.0014409999999999,0.05311,0.054551,1.301869,0.0271318559243847,0.3952317871442902,928.0,0,0.9871250848224393,0.6026767043078044,1.0035903250188973,0.05667475975464198,0.1412947880294418
6544.0,-0.27565,21.09221,-1.98093,22.839565,0.128679,0.075288,0.07307,0.0022179999999999,0.0533909999999999,0.0556089999999999,1.391451,0.0415418040155828,0.074034498660051,929.0,0,1.006270074643745,0.9276453366792107,1.0089002267573686,0.23545733726405937,0.13684027766116355
6545.0,-0.279062,21.083415,-1.975417,22.836677,0.129028,0.075639,0.07402,0.0016189999999999,0.053389,0.055008,1.41974,0.0303240307173627,0.3240783116853084,930.0,0,0.9953947070798471,0.6771225428690789,1.0088624338624348,0.09611328928749596,0.13609635553954652
6546.0,-0.2767,21.087878,-1.972399,22.835496,0.129331,0.075786,0.073579,0.002207,0.0535449999999999,0.0557519999999999,1.532895,0.0412168976207373,0.0812766519540874,931.0,0,1.0088577244967192,0.923044751150185,1.0118102796674215,0.2250736897808157,0.13810161982525818
6547.0,-0.278406,21.096148,-1.976861,22.837334,0.129772,0.07586,0.074477,0.0013829999999999,0.053912,0.055295,1.287725,0.0256524400422902,0.428207920497575,932.0,0,1.0005881022393133,0.5784190715181755,1.018745275888134,0.04009166301519462,0.1442084832453219
6548.0,-0.279062,21.093129,-1.974236,22.835365,0.129552,0.075839,0.0738,0.0020389999999999,0.053713,0.0557519999999999,1.207573,0.0379603082995122,0.1538659252161581,933.0,0,1.0088577244967192,0.8527812630698389,1.0149848828420265,0.21146886571039397,0.13583546660502355
6549.0,-0.273812,21.09641,-1.973711,22.837859,0.129616,0.075855,0.074172,0.001683,0.053761,0.055444,1.382021,0.0313046389643243,0.3022205847874759,934.0,0,1.0032843248133916,0.7038895859473318,1.0158919123204848,0.09967136967834433,0.1288879923192379
6550.0,-0.274731,21.094441,-1.972792,22.839565,0.1298,0.075608,0.073794,0.0018139999999999,0.054192,0.056006,1.433884,0.0334729577620725,0.2538888271712538,935.0,0,1.0134539696901164,0.7586783772480032,1.0240362811791393,0.1057011581130981,0.12518711380293937
6551.0,-0.276568,21.099036,-1.97568,22.834052,0.129671,0.074952,0.072939,0.002013,0.054719,0.056732,1.330158,0.0367872807017543,0.1800126733746151,936.0,0,1.0265912689436787,0.8419071518193576,1.03399470899471,0.12588354680980574,0.1253191652621533
6552.0,-0.280112,21.09431,-1.96623,22.834971,0.129644,0.075739,0.073201,0.0025379999999999,0.053905,0.056443,1.259436,0.0470819574815419,0.049455347367886,937.0,0,1.021361682877178,1.0614805520702661,1.018613000755859,0.16221898663638568,0.11985918435716143
6553.0,-0.274206,21.086697,-1.976336,22.832083,0.129322,0.074626,0.073432,0.001194,0.0546959999999999,0.0558899999999999,1.589473,0.0218293507870632,0.5134244594219729,938.0,0,1.0113548970821071,0.4993726474278753,1.0335600907029467,-0.01279998310321473,0.12120858541012174
6554.0,-0.278537,21.096804,-1.973317,22.834971,0.129487,0.075545,0.073521,0.0020239999999999,0.0539419999999999,0.0559659999999999,1.495176,0.0375210870733922,0.1636561524939808,939.0,0,1.0127301515494223,0.8465077373483834,1.0193121693121683,0.19844855210107426,0.11051687099594179
6555.0,-0.273418,21.101267,-1.967017,22.836809,0.12912,0.07439,0.072498,0.0018919999999999,0.05473,0.056622,1.476317,0.0345690741992653,0.2294564263561263,940.0,0,1.0246007690567753,0.791300710999573,1.0342025699168567,0.09743380387963552,0.10949260527589326
6556.0,-0.271843,21.087616,-1.961242,22.834577,0.129166,0.075408,0.073516,0.001892,0.053758,0.05565,1.796924,0.035194107033241,0.2155244641994238,941.0,0,1.007011988237956,0.7913007109996149,1.015835222978081,0.17047388073089687,0.11688038497990116
6557.0,-0.278406,21.107043,-1.972792,22.832476,0.129129,0.074679,0.073049,0.0016299999999999,0.05445,0.0560799999999999,1.504606,0.0299351710712382,0.332745980933362,942.0,0,1.014793033250395,0.6817231283981464,1.0289115646258513,0.05358567354479771,0.11702521222993463
6558.0,-0.268299,21.085778,-1.965705,22.828932,0.129212,0.075566,0.073868,0.0016979999999999,0.053646,0.0553439999999999,1.240577,0.0316513504949016,0.294492395705678,943.0,0,1.0014747794616594,0.7101631116687457,1.013718820861679,0.10455172156859438,0.11103356679215312
6559.0,-0.275518,21.087485,-1.975155,22.830114,0.129368,0.075597,0.073957,0.00164,0.053771,0.055411,1.339588,0.0304991445361898,0.3201750301864831,944.0,0,1.0026871748473205,0.6859054788791586,1.0160808767951635,0.089428712477859,0.13254286223694242
6560.0,-0.276831,21.099298,-1.962686,22.830639,0.129166,0.075267,0.072834,0.002433,0.053899,0.056332,1.358447,0.045139146567718,0.0061501533721513,945.0,0,1.0193530875367574,1.0175658720201177,1.0184996220710516,0.1795789551531774,0.12050747578131737
6561.0,-0.273812,21.076852,-1.972267,22.826569,0.128587,0.074805,0.073012,0.001793,0.053782,0.055575,1.499891,0.0333376717550155,0.2569043480018316,946.0,0,1.0056548292241583,0.7498954412380071,1.0162887377173102,0.12733181931014004,0.1210228747110063
6562.0,-0.267512,21.086434,-1.968199,22.825256,0.128982,0.074925,0.07317,0.001755,0.054057,0.055812,1.198144,0.0324651300455067,0.2763532751881001,947.0,0,1.0099434517077592,0.7340025094103193,1.021485260770976,0.10230253225857078,0.1284825093042652
6563.0,-0.270137,21.092079,-1.971349,22.827882,0.128762,0.075414,0.073448,0.0019659999999999,0.0533479999999999,0.0553139999999999,1.202858,0.0368516748205213,0.1785773304981944,948.0,0,1.0009319158561403,0.8222501045587546,1.00808767951625,0.20229297134467844,0.1438659218994809
6564.0,-0.265937,21.085909,-1.970167,22.823944,0.12855,0.074605,0.072986,0.001619,0.0539449999999999,0.055564,1.466888,0.0300114929744561,0.3310447681177159,949.0,0,1.0054557792354681,0.6771225428691207,1.019368858654572,0.07809468754482352,0.15343472917262482
6565.0,-0.268693,21.09116,-1.964917,22.828276,0.128854,0.076065,0.07444,0.0016249999999999,0.052789,0.0544139999999999,1.438599,0.0307823451411249,0.3138624976342103,950.0,0,0.9846460076905668,0.6796319531576611,0.9975245653817092,0.10258779317652489,0.1625716262386129
6566.0,-0.268824,21.092604,-1.967674,22.829982,0.128835,0.075566,0.073453,0.0021129999999999,0.053269,0.055382,1.476317,0.0396658532006756,0.1158493831596038,951.0,0,1.0021624066953188,0.8837306566290206,1.0065948601662895,0.2450702266634856,0.16613419867262863
6567.0,-0.262655,21.089322,-1.975942,22.821975,0.128881,0.075356,0.073374,0.001982,0.0535249999999999,0.055507,1.481032,0.0370287336995107,0.1746306936696985,952.0,0,1.0044243383849818,0.828941865328349,1.011432350718064,0.20741979949695466,0.16658262705474297
6568.0,-0.264493,21.083809,-1.977911,22.821975,0.129028,0.075734,0.073784,0.0019499999999999,0.053294,0.055244,1.259436,0.0365887981987051,0.1844368421077357,953.0,0,0.9996652341099308,0.8155583437892018,1.0070672713529865,0.2002397943000339,0.1793869918635797
6569.0,-0.266855,21.07869,-1.972792,22.81738,0.129138,0.07502,0.072981,0.0020389999999999,0.054118,0.056157,1.429169,0.0376762320072432,0.1601979768114844,954.0,0,1.016186383171229,0.8527812630698389,1.0226379440665163,0.18079768313773992,0.18282889859983673
6570.0,-0.260818,21.087091,-1.969642,22.820006,0.128927,0.075141,0.072991,0.0021499999999999,0.053786,0.055936,1.462173,0.0399724840574859,0.1090145910319865,955.0,0,1.012187287943905,0.8992053534086113,1.0163643235071815,0.2152046794933346,0.2011231498131559
6571.0,-0.255305,21.090372,-1.95153,22.817511,0.129193,0.074784,0.072461,0.002323,0.054409,0.056732,1.683769,0.0426943576548429,0.048344114390789,956.0,0,1.0265912689436787,0.9715600167294425,1.0281368102796684,0.13181610313128345,0.19442800731795512
6572.0,-0.262524,21.079478,-1.968986,22.816855,0.129138,0.075807,0.073758,0.0020489999999999,0.053331,0.05538,1.64605,0.0384197104927622,0.1436258648174848,957.0,0,1.002126215788284,0.8569636135508094,1.007766439909298,0.23034618034693793,0.19587347178642373
6573.0,-0.257536,21.087747,-1.96308,22.817643,0.129111,0.076217,0.074193,0.0020239999999999,0.052894,0.054918,1.575328,0.038264486246337,0.147085808374758,958.0,0,0.9937661162632898,0.8465077373483834,0.9995086923658361,0.23671203870724872,0.19143718646110933
6574.0,-0.254255,21.078296,-1.966755,22.812392,0.129543,0.076899,0.074571,0.0023279999999999,0.0526439999999999,0.0549719999999999,1.514036,0.0442207237154525,0.0143214630391427,959.0,0,0.9947432707532223,0.9736511919698859,0.9947845804988652,0.2610371996780153,0.1872268906917402
6575.0,-0.257668,21.089585,-1.955074,22.813967,0.129386,0.074694,0.073107,0.0015869999999999,0.054692,0.0562789999999999,1.363162,0.0290165103395314,0.3532228996698989,960.0,0,1.0183940285003383,0.6637390213299733,1.0334845049130772,0.03563636822451732,0.1852353833626792
6576.0,-0.253468,21.08696,-1.968199,22.813704,0.129102,0.076469,0.074104,0.0023649999999999,0.052633,0.0549979999999999,1.358447,0.0449329330850779,0.0015536613477724,961.0,0,0.9952137525446723,0.9891258887494767,0.9945767195767204,0.2595248713481714,0.17265156052369607
6577.0,-0.256355,21.090897,-1.973055,22.814755,0.129533,0.075666,0.073107,0.0025589999999999,0.053867,0.056426,1.358447,0.0475050122521718,0.0588852248627014,962.0,0,1.0210540601673839,1.070263488080304,1.0178949357520795,0.16305694624381067,0.17277061632642282
6578.0,-0.255568,21.085778,-1.966755,22.811604,0.129258,0.075393,0.072797,0.002596,0.053865,0.056461,1.471602,0.0481936657631901,0.0742352899041813,963.0,0,1.0216874010404895,1.0857381848599366,1.017857142857144,0.1581368366063426,0.1710303292828858
6579.0,-0.258455,21.090897,-1.968986,22.81121,0.129524,0.07533,0.073159,0.0021709999999999,0.054194,0.056365,1.391451,0.0400590460374571,0.1070851272284659,964.0,0,1.0199502375028282,0.9079882894186494,1.024074074074075,0.16088260984713004,0.15566767052676603
6580.0,-0.256093,21.094179,-1.970167,22.812654,0.129276,0.075167,0.073469,0.0016979999999999,0.054109,0.0558069999999999,1.64605,0.0313805211605986,0.3005291730257348,965.0,0,1.009852974440171,0.7101631116687457,1.0224678760393056,0.08936645110350294,0.15062404207857516
6581.0,-0.254911,21.084597,-1.969642,22.812129,0.129019,0.075608,0.073805,0.0018029999999999,0.053411,0.055214,1.518751,0.0337564592226465,0.2475695885562772,966.0,0,0.9991223705044117,0.7540777917189357,1.009278155706728,0.1330066611585511,0.1570250316077504
6582.0,-0.249136,21.077771,-1.975811,22.811341,0.128945,0.075193,0.073143,0.0020499999999999,0.053752,0.055802,1.466888,0.0381374062843003,0.1499184167206411,967.0,0,1.0097624971725863,0.8573818485989065,1.0157218442932738,0.21294330991156807,0.1445873397281078
6583.0,-0.253205,21.087353,-1.958224,22.814098,0.129589,0.075456,0.073784,0.0016719999999999,0.054133,0.055805,1.334873,0.0308863191340006,0.3115449206121978,968.0,0,1.0098167835331382,0.6992890004182224,1.0229213907785346,0.08308545114605093,0.15155193254990856
6584.0,-0.252943,21.081578,-1.96623,22.81121,0.128835,0.075246,0.072818,0.0024279999999999,0.053589,0.056017,1.556469,0.0453069602537786,0.009890715141845,969.0,0,1.0136530196788065,1.0154746967795907,1.0126417233560099,0.21060091519610635,0.15743170609622567
6585.0,-0.256618,21.084597,-1.967017,22.811341,0.129258,0.075377,0.07371,0.001667,0.053881,0.055548,1.598902,0.0309379755762592,0.3103935001434221,970.0,0,1.005166251979191,0.6971978251777791,1.0181594860166296,0.09964626351626982,0.1539369590891652
6586.0,-0.257011,21.087747,-1.972792,22.818168,0.129543,0.075356,0.073464,0.001892,0.0541869999999999,0.0560789999999999,1.070844,0.0349154794419429,0.2217350644219535,971.0,0,1.0147749377968776,0.7913007109996149,1.023941798941798,0.1351479525517455,0.1414597591490966
6587.0,-0.250186,21.088272,-1.95993,22.812523,0.129102,0.076154,0.074136,0.002018,0.0529479999999999,0.054966,1.514036,0.0381121456495874,0.1504814754717078,972.0,0,0.9946346980321203,0.8439983270598428,1.0005291005290995,0.2327028744618186,0.15458828398875413
6588.0,-0.247955,21.082103,-1.958617,22.814098,0.129193,0.075471,0.073343,0.0021279999999999,0.053722,0.05585,1.41974,0.0396105950896262,0.1170810847121344,973.0,0,1.0106310789414168,0.8900041823504763,1.0151549508692375,0.2169345720695134,0.1582723017176993
6589.0,-0.259899,21.079215,-1.967149,22.812129,0.129432,0.07545,0.073626,0.001824,0.0539819999999999,0.0558059999999999,1.466888,0.0337884148713485,0.2468572981545452,974.0,0,1.0098348789866536,0.7628607277290156,1.0200680272108833,0.12593513977652526,0.17279342875633086
6590.0,-0.251367,21.083547,-1.96623,22.815148,0.128955,0.074064,0.07307,0.000994,0.0548909999999999,0.0558849999999999,1.551754,0.0181082853603441,0.5963668904266133,975.0,0,1.0112644198145206,0.4157256378084657,1.0372448979591826,-0.03540554829718301,0.173852709647016
6591.0,-0.257011,21.077902,-1.961242,22.813836,0.128936,0.07597,0.073584,0.0023859999999999,0.052966,0.055352,1.631906,0.0450469160043045,0.0040943370224799,976.0,0,1.0016195430897996,0.9979088247595147,1.0008692365835232,0.2642919095551263,0.17380743808845764
6592.0,-0.254124,21.089716,-1.962817,22.811867,0.128725,0.075471,0.073122,0.0023489999999999,0.053254,0.055603,1.382021,0.0441085344099143,0.016822159121302,977.0,0,1.0061615019226429,0.982434127979924,1.0063114134542714,0.24978348720101978,0.17563571738154676
6593.0,-0.256224,21.09116,-1.965836,22.81528,0.128817,0.075618,0.073595,0.002023,0.0531989999999999,0.0552219999999999,1.264151,0.0380263157894739,0.1523946203466913,978.0,0,0.9992671341325483,0.8460895023003281,1.0052721088435363,0.22829672153236658,0.1687705831492769
6594.0,-0.256224,21.091422,-1.968461,22.814886,0.128651,0.075093,0.073054,0.0020389999999999,0.0535579999999999,0.0555969999999999,1.622476,0.0380701656117552,0.1514172091909991,979.0,0,1.0060529292015372,0.8527812630698389,1.0120559334845038,0.22119372410295746,0.16956431146342593
6595.0,-0.253599,21.087747,-1.969642,22.809241,0.129037,0.075172,0.073495,0.0016769999999999,0.053865,0.055542,1.556469,0.0311328110496416,0.3060506235865526,980.0,0,1.0050576792580874,0.7013801756587076,1.017857142857144,0.09919354793068658,0.17778920644305035
6596.0,-0.251761,21.084203,-1.972661,22.812392,0.129046,0.075309,0.073448,0.001861,0.0537369999999999,0.0555979999999999,1.250006,0.0346309873832297,0.2280763834382094,981.0,0,1.0060710246550544,0.7783354245086064,1.0154383975812538,0.1534307454826368,0.20649511177780555
6597.0,-0.249661,21.084466,-1.96728,22.808453,0.128707,0.075093,0.073217,0.0018759999999999,0.0536139999999999,0.0554899999999999,1.551754,0.0349902079641889,0.2200693680179188,982.0,0,1.0041167156751858,0.7846089502300203,1.013114134542705,0.16405153213912,0.20259625652804733
6598.0,-0.247561,21.080528,-1.960586,22.808585,0.12878,0.075424,0.073385,0.0020389999999999,0.053356,0.055395,1.551754,0.038214292407744,0.148204627453956,983.0,0,1.0023976475910437,0.8527812630698389,1.0082388510959948,0.2248718552110035,0.20240219827999767
6599.0,-0.250186,21.083809,-1.966886,22.808585,0.128707,0.075723,0.073752,0.001971,0.0529839999999999,0.0549549999999999,1.509321,0.0371992073228272,0.1708308419824612,984.0,0,0.9944356480434282,0.8243412797992816,1.001209372637943,0.20818408957276985,0.17450723430049828
6600.0,-0.251367,21.080528,-1.96203,22.811867,0.129092,0.075939,0.073558,0.002381,0.053153,0.055534,1.183999,0.0447943710727322,0.0015348815373718,985.0,0,1.0049129156299488,0.9958176495190713,1.004402872260016,0.2516535050503688,0.17417261178720753
6601.0,-0.254649,21.083415,-1.963605,22.812392,0.12901,0.075666,0.073642,0.0020239999999999,0.053344,0.055368,1.561184,0.0379417002530695,0.1542806979844938,986.0,0,1.0019090703460765,0.8465077373483834,1.0080120937263803,0.22530335705754423,0.17549867620798776
6602.0,-0.254911,21.078034,-1.964655,22.814229,0.129056,0.075986,0.073905,0.0020809999999999,0.05307,0.055151,1.466888,0.0392116221665316,0.1259741785848945,987.0,0,0.9979823569328214,0.8703471350899151,1.0028344671201823,0.247842904720523,0.17685373925186582
6603.0,-0.255305,21.086828,-1.965442,22.808453,0.129184,0.074673,0.073973,0.0007,0.0545109999999999,0.0552109999999999,1.514036,0.0128412092750221,0.7137698502526083,988.0,0,0.999068084143858,0.2927645336679336,1.0300642479213897,-0.0506529182626273,0.17548697216674355
6604.0,-0.255436,21.071996,-1.962161,22.806747,0.129203,0.075477,0.073338,0.002139,0.053726,0.055865,1.514036,0.0398123848344408,0.1125831976643694,989.0,0,1.0109025107441765,0.8946047678795856,1.015230536659109,0.21784749897004985,0.1647575247805541
6605.0,-0.255174,21.08079,-1.963342,22.80504,0.128909,0.075461,0.073742,0.0017189999999999,0.0534479999999999,0.0551669999999999,1.386736,0.0321614997474227,0.2831211849563406,990.0,0,0.9982718841890965,0.7189460476787837,1.0099773242630374,0.11245419213848862,0.1482169554340944
6606.0,-0.252549,21.079084,-1.962686,22.811867,0.128523,0.074369,0.072398,0.001971,0.0541539999999999,0.0561249999999999,1.466888,0.0363955313452128,0.1887447541767282,991.0,0,1.0156073286586735,0.8243412797992816,1.023318216175358,0.16698137592141743,0.12515450738691966
6607.0,-0.254124,21.07659,-1.960324,22.808322,0.128964,0.07565,0.073805,0.0018449999999999,0.053314,0.055159,1.382021,0.0346056456907061,0.2286412489653209,992.0,0,0.99812712056096,0.7716436637390117,1.007445200302344,0.1503838612878976,0.11165400278563584
6608.0,-0.258849,21.083809,-1.966361,22.810554,0.128817,0.075524,0.073768,0.0017559999999999,0.0532929999999999,0.0550489999999999,1.481032,0.0329493001088301,0.2655611397466342,993.0,0,0.9961366206740546,0.7344207444583745,1.0070483749055168,0.117577381349109,0.11169235008704695
6609.0,-0.26003,21.079478,-1.960849,22.806353,0.129157,0.07461,0.072996,0.0016139999999999,0.054547,0.0561609999999999,1.561184,0.0295886191977705,0.3404706112632192,994.0,0,1.0162587649852965,0.6750313676285936,1.0307445200302352,0.0427783961081728,0.13534431508007888
6610.0,-0.257011,21.074358,-1.967805,22.806353,0.129001,0.074143,0.072676,0.0014669999999999,0.054858,0.056325,1.650765,0.0267412821961755,0.4039376632279514,995.0,0,1.019226419362136,0.6135508155583276,1.0366213151927446,0.021029024578621547,0.1295529038500099
6611.0,-0.262393,21.087222,-1.959799,22.808847,0.128753,0.074647,0.072944,0.001703,0.054106,0.055809,1.339588,0.0314746705601864,0.2984305858782546,996.0,0,1.0098891653472073,0.7122542869092727,1.022411186696902,0.09029831104470587,0.12343373301816955
6612.0,-0.263049,21.068583,-1.966492,22.805303,0.128697,0.075687,0.07359,0.002097,0.05301,0.055107,1.52818,0.0395578276206825,0.1182572699306814,997.0,0,0.9971861569780602,0.8770388958595096,1.0017006802721098,0.2482263777346339,0.13085919986087863
6613.0,-0.261868,21.082234,-1.961767,22.809372,0.128624,0.076138,0.073443,0.002695,0.0524859999999999,0.0551809999999999,1.603617,0.0513460475927373,0.1445017814633018,998.0,0,0.9985252205383388,1.1271434546215444,0.9917989417989408,0.18586673166769213,0.12852416469813915
6614.0,-0.25898,21.08184,-1.96413,22.809504,0.128844,0.076054,0.073159,0.0028949999999999,0.0527899999999999,0.0556849999999999,1.438599,0.0548388929931237,0.2223571952787091,999.0,0,1.0076453291110599,1.210790464240912,0.9975434618291751,0.15993338666936008,0.12738259249641853
6615.0,-0.25898,21.076459,-1.964917,22.807403,0.129258,0.075429,0.073989,0.0014399999999999,0.053829,0.055269,1.594187,0.0267508824075793,0.4037236748185379,1000.0,0,1.0001176204478635,0.6022584692597073,1.0171768707483002,0.051262483820085136,0.14269955734302267
6616.0,-0.259899,21.080003,-1.960717,22.808585,0.128615,0.075755,0.07371,0.002045,0.05286,0.054905,1.64605,0.0386863661300392,0.1376821190725066,1001.0,0,0.9935308753675648,0.8552906733584631,0.9988662131519283,0.24123604434850798,0.16097539880775413
6617.0,-0.262787,21.083547,-1.96098,22.813573,0.129276,0.075183,0.073327,0.0018559999999999,0.054093,0.055949,1.532895,0.0343106444337633,0.2352168176786699,1002.0,0,1.01242252883963,0.7762442492680793,1.0221655328798196,0.1270335096605032,0.17467773616797294
6618.0,-0.260424,21.07449,-1.967017,22.810423,0.129212,0.075592,0.073878,0.001714,0.0536199999999999,0.0553339999999999,1.377306,0.0319650883049552,0.2874991898144123,1003.0,0,1.0012938249264862,0.7168548724383402,1.0132275132275121,0.10616165933190247,0.1698940118044698
6619.0,-0.261999,21.074621,-1.96203,22.808979,0.129203,0.075314,0.073091,0.002223,0.053889,0.056112,1.532895,0.041250695861941,0.0805232902236035,1004.0,0,1.0153720877629504,0.9297365119197377,1.0183106575963727,0.19594804457421428,0.16700118462570698
6620.0,-0.265018,21.086172,-1.963211,22.808979,0.129249,0.075477,0.073107,0.0023699999999999,0.053772,0.056142,1.575328,0.0440741636137094,0.0175882830847057,1005.0,0,1.0159149513684695,0.9912170639899619,1.0160997732426313,0.2037874392259364,0.17362434852170572
6621.0,-0.26528,21.084072,-1.968855,22.814623,0.128514,0.075356,0.073348,0.002008,0.0531579999999999,0.0551659999999999,1.349017,0.0377734720367202,0.1580304996212508,1006.0,0,0.9982537887355794,0.8398159765788723,1.0044973544973534,0.227321684646894,0.18586808297452598
6622.0,-0.26528,21.086041,-1.960324,22.810029,0.129175,0.076222,0.073553,0.002669,0.052953,0.055622,1.29244,0.0504022359028591,0.12346424866235,1007.0,0,1.0065053155394716,1.1162693433710211,1.0006235827664407,0.20038913409960257,0.1857815637363536
6623.0,-0.26423,21.089322,-1.958224,22.814623,0.128541,0.075356,0.072461,0.002895,0.0531849999999999,0.0560799999999999,1.749776,0.0544316173429099,0.213279033880319,1008.0,0,1.014793033250395,1.210790464240954,1.0050075585789862,0.15693845988006383,0.1974223318921447
6624.0,-0.267512,21.085516,-1.962949,22.814886,0.128844,0.07523,0.073117,0.002113,0.0536139999999999,0.0557269999999999,1.334873,0.0394106127016693,0.1215386858325422,1009.0,0,1.0084053381587867,0.8837306566290624,1.013114134542705,0.22616502562934737,0.19653364127186793
6625.0,-0.269218,21.087222,-1.967149,22.813442,0.128743,0.075219,0.073327,0.0018919999999999,0.053524,0.0554159999999999,1.231147,0.0353479682391404,0.2120949027724827,1010.0,0,1.0027776521149052,0.791300710999573,1.0114134542705981,0.17369982834828773,0.20196541401613466
6626.0,-0.264493,21.081972,-1.954417,22.81633,0.128817,0.075382,0.073269,0.002113,0.0534349999999999,0.0555479999999999,1.77335,0.0395426304364099,0.1185960146888194,1011.0,0,1.0051662519791893,0.8837306566290624,1.0097316704459551,0.24037085196678415,0.19434112352001345
6627.0,-0.261605,21.084072,-1.94943,22.811341,0.128716,0.075524,0.073327,0.0021969999999999,0.053192,0.0553889999999999,1.796924,0.0413024270110727,0.0793702045409828,1012.0,0,1.002289074869938,0.9188624006691726,1.0051398337112631,0.2434411912184139,0.19226019305795905
6628.0,-0.261343,21.08184,-1.962555,22.810291,0.128964,0.075062,0.073406,0.001656,0.0539019999999999,0.0555579999999999,1.207573,0.0307218522160177,0.3152108830269924,1013.0,0,1.0053472065143623,0.6925972396487114,1.0185563114134533,0.09727475312913503,0.1957390706002303
6629.0,-0.266987,21.075277,-1.962949,22.811604,0.128863,0.075729,0.073579,0.0021499999999999,0.053134,0.055284,1.311299,0.0404629716759198,0.0980816374863545,1014.0,0,1.000389052250623,0.8992053534086113,1.0040438397581264,0.2502657720168817,0.1996642211104419
6630.0,-0.26213,21.087091,-1.947986,22.810685,0.129166,0.075818,0.074031,0.0017869999999999,0.053348,0.055135,1.712058,0.0334964104294362,0.2533660679553781,1015.0,0,0.9976928296765447,0.7473860309493829,1.0080876795162519,0.12754453426472412,0.1992301882892737
6631.0,-0.262787,21.079346,-1.971086,22.815017,0.128973,0.076359,0.073721,0.002638,0.052614,0.055252,1.325443,0.0501377934049225,0.1175698337234709,1016.0,0,0.9998099977380692,1.1033040568800128,0.9942176870748308,0.20651238002634992,0.202693203249455
6632.0,-0.26528,21.094048,-1.957042,22.817511,0.128854,0.075293,0.073154,0.002139,0.053561,0.0557,1.589473,0.0399350285650274,0.1098494727775953,1017.0,0,1.0079167609138213,0.8946047678795856,1.0121126228269093,0.23517790952231515,0.19467136328611234
6633.0,-0.260162,21.075015,-1.956517,22.808847,0.128734,0.075608,0.073668,0.0019399999999999,0.0531259999999999,0.0550659999999999,1.551754,0.0365162723285711,0.186053441465665,1018.0,0,0.9964442433838488,0.8113759933082313,1.0038926681783815,0.19618996498218005,0.19008518040246808
6634.0,-0.262918,21.087485,-1.956386,22.816592,0.129001,0.075414,0.073191,0.0022229999999999,0.053587,0.05581,1.41031,0.0414831678734042,0.075341496419913,1019.0,0,1.0099072608007247,0.9297365119196959,1.0126039304610743,0.22182469741766514,0.20184765596854728
6635.0,-0.266199,21.085516,-1.97043,22.807928,0.128982,0.075251,0.072949,0.0023019999999999,0.053731,0.056033,1.457458,0.042842254150227,0.0450475061731163,1020.0,0,1.0139425469350836,0.9627770807193626,1.0153250188964484,0.20832997795010083,0.18475564898606686
6636.0,-0.265674,21.076327,-1.964524,22.81226,0.128964,0.076059,0.073185,0.002874,0.0529049999999999,0.0557789999999999,1.514036,0.054322761123502,0.2108526321828827,1021.0,0,1.0093463017416864,1.202007528230916,0.9997165532879808,0.16015245233335756,0.19469915987275482
6637.0,-0.261999,21.08906,-1.966361,22.81738,0.129295,0.075975,0.073301,0.0026739999999999,0.0533199999999999,0.0559939999999999,1.424454,0.0501490969786762,0.1178217900259424,1022.0,0,1.0132368242479068,1.1183605186114645,1.0075585789871495,0.19757936238197138,0.19644440927173806
6638.0,-0.268693,21.071602,-1.957436,22.812392,0.128688,0.075057,0.072839,0.0022179999999999,0.053631,0.0558489999999999,1.745061,0.041355906921241,0.0781781390300091,1023.0,0,1.0106129834878976,0.9276453366792107,1.0134353741496607,0.21489950878992709,0.19057199036520767
6639.0,-0.266462,21.086172,-1.95993,22.814492,0.129138,0.075267,0.073642,0.001625,0.053871,0.055496,1.349017,0.0301640926640926,0.3276433258484863,1024.0,0,1.0042252883962912,0.679631953157703,1.017970521541951,0.07934570219207737,0.1921619419755823
6640.0,-0.269612,21.064645,-1.961242,22.813573,0.129028,0.075503,0.073196,0.002307,0.053525,0.055832,1.386736,0.0431005492657774,0.0392901161937453,1025.0,0,1.0103053607781054,0.9648682559598898,1.011432350718066,0.22697964313160374,0.1940071353045838
6641.0,-0.273812,21.07869,-1.957042,22.816067,0.12878,0.075435,0.073427,0.0020079999999999,0.053345,0.055353,1.424454,0.0376410602481909,0.1609819542114948,1026.0,0,1.0016376385433168,0.8398159765788306,1.0080309901738482,0.22396487401618248,0.19422493847530378
6642.0,-0.264887,21.072652,-1.961242,22.817118,0.128863,0.075366,0.072624,0.002742,0.053497,0.056239,1.617761,0.0512542524954205,0.1424556716391931,1027.0,0,1.017670210359648,1.1468005018821057,1.0109032501889654,0.17645372045701085,0.19340814553604618
6643.0,-0.264887,21.080134,-1.962949,22.812917,0.128991,0.075167,0.073044,0.002123,0.053824,0.055947,1.264151,0.0394426381792847,0.120824838946533,1028.0,0,1.0123863379325952,0.8879130071100328,1.0170823885109608,0.21208948108592662,0.19193629358344053
6644.0,-0.269874,21.071602,-1.964261,22.811998,0.128743,0.075456,0.073322,0.0021339999999999,0.053287,0.055421,1.325443,0.0400465395586247,0.1073638962472045,1029.0,0,1.0028681293824935,0.8925135926390585,1.0069349962207115,0.24027663070768013,0.18732722808385202
6645.0,-0.268168,21.062545,-1.957436,22.812654,0.128762,0.076311,0.07371,0.002601,0.0524509999999999,0.0550519999999999,1.594187,0.0495881949210708,0.1053193008519433,1030.0,0,0.9961909070346067,1.0878293601004219,0.9911375661375651,0.21050800965730065,0.20106492505275453
6646.0,-0.269743,21.084466,-1.94838,22.81121,0.128798,0.074742,0.072288,0.0024539999999999,0.0540559999999999,0.0565099999999999,1.452743,0.045396525889339,0.0118871303337162,1031.0,0,1.0225740782628356,1.026348808030114,1.0214663643235062,0.15198452294078135,0.20185254295005048
6647.0,-0.274468,21.078953,-1.966624,22.812523,0.129037,0.075534,0.072813,0.002721,0.053503,0.056224,1.584758,0.0508560107655502,0.1335788760403429,1032.0,0,1.0173987785568885,1.1380175658720675,1.0110166288737727,0.18286084285591486,0.1917655470862806
6648.0,-0.269874,21.079215,-1.956911,22.814886,0.128697,0.076107,0.074267,0.0018399999999999,0.05259,0.05443,1.570613,0.0349869749576922,0.220141431630765,1033.0,0,0.9849355349468455,0.7695524884985265,0.9937641723356018,0.1688088537940422,0.19419236282761704
6649.0,-0.271449,21.089847,-1.961242,22.813573,0.128991,0.075419,0.073416,0.002003,0.0535719999999999,0.055575,1.334873,0.0373882366117261,0.1666173850946102,1034.0,0,1.0056548292241583,0.8377248013383871,1.012320483749054,0.21672267188110234,0.19468302482219046
6650.0,-0.268299,21.086697,-1.958749,22.811867,0.128817,0.075335,0.073243,0.0020919999999999,0.0534819999999999,0.0555739999999999,1.382021,0.0391152328777368,0.1281226927921546,1035.0,0,1.0056367337706393,0.8749477206189825,1.0106198034769454,0.23485582210456307,0.18725732400848177
6651.0,-0.273156,21.070946,-1.961767,22.815148,0.129175,0.074789,0.072876,0.0019129999999999,0.054386,0.056299,1.391451,0.0351738466913048,0.2159760665821998,1036.0,0,1.0187559375706863,0.800083647009611,1.027702191987907,0.12309491537848383,0.18224487004632514
6652.0,-0.267774,21.073571,-1.96728,22.813704,0.128716,0.074836,0.072807,0.002029,0.05388,0.055909,1.235862,0.0376570590746274,0.1606253408748046,1037.0,0,1.011698710698938,0.8485989125889104,1.0181405895691618,0.2007218778703752,0.1858505571363681
6653.0,-0.269087,21.080922,-1.960717,22.814886,0.12867,0.075597,0.073038,0.0025589999999999,0.053073,0.055632,1.504606,0.0482156988355878,0.0747264063930361,1038.0,0,1.0066862700746446,1.070263488080304,1.002891156462586,0.21699610103166106,0.1896751043458297
6654.0,-0.267906,21.069108,-1.965442,22.813967,0.12889,0.075828,0.073962,0.001866,0.053062,0.054928,1.443314,0.0351657463769482,0.216156622333736,1039.0,0,0.9939470707984628,0.7804265997490916,1.0026832955404392,0.166019622570593,0.18417707053360224
6655.0,-0.271712,21.069633,-1.962292,22.809897,0.12946,0.075188,0.073164,0.0020239999999999,0.0542719999999999,0.0562959999999999,1.29244,0.0372929449265748,0.1687414337512723,1040.0,0,1.0187016512101326,0.8465077373483834,1.0255479969765673,0.16038347003573455,0.18558418362151577
6656.0,-0.270662,21.068452,-1.962161,22.81226,0.128798,0.075151,0.072613,0.0025379999999999,0.053647,0.056185,1.297155,0.047308380554727,0.0545023105281328,1041.0,0,1.0166930558697136,1.0614805520702661,1.0137377173091469,0.18804139384121105,0.17844011501026974
6657.0,-0.270399,21.077377,-1.957961,22.81738,0.128753,0.075146,0.073128,0.002018,0.053607,0.055625,1.367877,0.0376436352783167,0.1609245568712033,1042.0,0,1.0065596019000236,0.8439983270598428,1.0129818594104318,0.2211063149505308,0.18545998926770044
6658.0,-0.274731,21.078034,-1.95468,22.816592,0.128964,0.074936,0.073143,0.001793,0.0540279999999999,0.0558209999999999,1.344303,0.0331858816561476,0.2602877445183603,1043.0,0,1.0101063107894133,0.7498954412380071,1.0209372637944056,0.11382851567176755,0.1717733227506111
6659.0,-0.272368,21.069239,-1.956911,22.817249,0.128504,0.075345,0.073306,0.0020389999999999,0.053159,0.055198,1.523465,0.0383559066967644,0.1450480494179972,1044.0,0,0.9988328432481347,0.8527812630698389,1.0045162509448233,0.23079380276023742,0.1753455221762832
6660.0,-0.276043,21.07449,-1.957961,22.812523,0.128964,0.075088,0.073191,0.0018969999999999,0.0538759999999999,0.0557729999999999,1.509321,0.0352098297975016,0.2151740042799277,1045.0,0,1.0092377290205827,0.7933918862400583,1.0180650037792887,0.1634151359921029,0.18421079058020567
6661.0,-0.279062,21.078034,-1.956517,22.820793,0.128661,0.075067,0.072534,0.0025329999999999,0.053594,0.0561269999999999,1.386736,0.0472618714432315,0.0534656238997257,1046.0,0,1.0156435195657083,1.0593893768297806,1.0127362055933493,0.1932936579527909,0.18270587335612204
6662.0,-0.2767,21.082628,-1.95783,22.817118,0.128201,0.074852,0.073359,0.001493,0.053349,0.054842,1.424454,0.0279850046860357,0.3762151281541457,1047.0,0,0.9923908617959747,0.6244249268088926,1.0081065759637198,0.06385521269948191,0.1745897604920575
6663.0,-0.273943,21.080659,-1.955336,22.819218,0.128817,0.07586,0.073642,0.0022179999999999,0.0529569999999999,0.0551749999999999,1.146281,0.0418822463083952,0.0664460506903101,1048.0,0,0.9984166478172349,0.9276453366792107,1.0006991685563105,0.25271809528838174,0.17445587689756942
6664.0,-0.269874,21.081184,-1.956517,22.814098,0.128707,0.075781,0.073516,0.002265,0.0529259999999999,0.0551909999999999,1.448028,0.0427947928278573,0.0461054175518768,1049.0,0,0.9987061750735119,0.9473023839398137,1.0001133786848062,0.2546723066098178,0.1733363193098162
6665.0,-0.271318,21.077771,-1.958224,22.818955,0.129028,0.074857,0.072944,0.001913,0.054171,0.056084,1.457458,0.0353134460606957,0.2128644010412348,1050.0,0,1.014865415064466,0.8000836470096528,1.0236394557823139,0.14533429779489815,0.16817055705939096
6666.0,-0.27565,21.087091,-1.953367,22.811473,0.129037,0.074742,0.072918,0.001824,0.054295,0.056119,1.608332,0.0335936348902314,0.2511989377905708,1051.0,0,1.0154987559375717,0.7628607277290156,1.0259826152683305,0.10688026520056548,0.1545895000351069
6667.0,-0.272762,21.077509,-1.954286,22.815017,0.12901,0.075487,0.073133,0.0023539999999999,0.053523,0.055877,1.212288,0.0439802705328449,0.0196811568959248,1052.0,0,1.0111196561863842,0.9845253032204092,1.0113945578231303,0.21976747900565025,0.1585474136717815
6668.0,-0.272368,21.073177,-1.958092,22.81738,0.129046,0.075109,0.073406,0.0017029999999999,0.053937,0.0556399999999999,1.481032,0.0315732878490117,0.2962324096205836,1053.0,0,1.0068310337027813,0.7122542869092309,1.0192176870748308,0.10263293979423538,0.17384437697997307
6669.0,-0.273156,21.080922,-1.968592,22.819218,0.128743,0.074742,0.072471,0.002271,0.0540009999999999,0.056272,1.349017,0.0420539980000742,0.0626177108995822,1054.0,0,1.018267360325719,0.949811794228396,1.0204270597127731,0.17913618025598516,0.17219217662843822
6670.0,-0.269481,21.088535,-1.957305,22.81633,0.129469,0.074679,0.073112,0.0015669999999999,0.05479,0.056357,1.471602,0.0285995875234983,0.362516096090143,1055.0,0,1.0198054738746898,0.6553743203680324,1.0353363567649292,0.0276045657492624,0.16858100565965123
6671.0,-0.270662,21.078165,-1.952842,22.813442,0.12912,0.075618,0.073374,0.002244,0.053502,0.055746,1.490462,0.0419415733697177,0.0651236523645205,1056.0,0,1.0087491517756173,0.9385194479297757,1.0109977324263049,0.23287279431953667,0.1664324897350754
6672.0,-0.270531,21.083941,-1.959011,22.81843,0.129102,0.07555,0.073128,0.002422,0.0535519999999999,0.0559739999999999,1.429169,0.0452262244878906,0.0080911174664883,1057.0,0,1.0128749151775607,1.0129652864910503,1.0119425547996965,0.2168248457813976,0.17265997270254002
6673.0,-0.280506,21.069239,-1.956649,22.816199,0.128964,0.075603,0.073401,0.002202,0.0533609999999999,0.055563,1.330158,0.041265319890559,0.0801973210869292,1058.0,0,1.0054376837819508,0.9209535759096997,1.0083333333333324,0.2361960917730333,0.1689932305262739
6674.0,-0.275518,21.072258,-1.96098,22.813048,0.128844,0.075372,0.073369,0.0020029999999999,0.0534719999999999,0.0554749999999999,1.240577,0.037458156452789,0.1650588740424861,1059.0,0,1.003845283872426,0.8377248013383453,1.0104308390022667,0.21856059692194812,0.1719908807315046
6675.0,-0.273024,21.065958,-1.953892,22.811735,0.128826,0.075051,0.073275,0.0017759999999999,0.0537749999999999,0.0555509999999999,1.41974,0.0330258851532282,0.2638540615223811,1060.0,0,1.0052205383397412,0.7427854454203154,1.016156462585033,0.1238491385491397,0.1571452512431127
6676.0,-0.270531,21.076984,-1.952711,22.810685,0.129129,0.075177,0.073243,0.0019339999999999,0.053952,0.0558859999999999,1.330158,0.0358460141234035,0.2009934757198923,1061.0,0,1.011282515268038,0.808866583019649,1.019501133786849,0.16915509487521158,0.1686969659676716
6677.0,-0.277618,21.084859,-1.959142,22.810291,0.129046,0.075886,0.073994,0.0018919999999999,0.05316,0.0550519999999999,1.688484,0.0355900001881076,0.2067000182633348,1062.0,0,0.9961909070346067,0.791300710999573,1.0045351473922912,0.18310005724298906,0.16589610742770639
6678.0,-0.276306,21.087747,-1.960717,22.808979,0.129065,0.075456,0.073637,0.001819,0.053609,0.055428,1.532895,0.0339302368961014,0.2436960896956596,1063.0,0,1.0029947975571147,0.7607695524885304,1.0130196523053674,0.13260944184654233,0.1638997922286748
6679.0,-0.273287,21.084859,-1.955074,22.815411,0.129276,0.074784,0.073275,0.0015089999999999,0.054492,0.0560009999999999,1.466888,0.0276916301176297,0.382754438031314,1064.0,0,1.0133634924225279,0.6311166875784036,1.029705215419502,0.03067988537206634,0.1476077743335827
6680.0,-0.276043,21.080265,-1.948642,22.805828,0.129368,0.075141,0.073222,0.001919,0.054227,0.056146,1.504606,0.0353876226303755,0.2112110076424935,1065.0,0,1.0159873331825389,0.802593057298235,1.0246976568405148,0.1431217129948512,0.14452137154721734
6681.0,-0.275256,21.074621,-1.961111,22.805828,0.12934,0.075587,0.073227,0.00236,0.053753,0.056113,1.490462,0.0439037094913866,0.0213877000954072,1066.0,0,1.0153901832164678,0.9870347135090333,1.0157407407407417,0.20486420891988472,0.1533449362666225
6682.0,-0.275256,21.081709,-1.953892,22.805565,0.128982,0.07555,0.072949,0.002601,0.053432,0.056033,1.617761,0.0486777833922857,0.085026256588365,1067.0,0,1.0139425469350836,1.0878293601004219,1.0096749811035535,0.19686169379108143,0.15464732888594704
6683.0,-0.272762,21.078165,-1.954942,22.805828,0.129065,0.074784,0.073133,0.0016509999999999,0.054281,0.055932,1.311299,0.0304152389374009,0.3220452833372288,1068.0,0,1.0121149061298358,0.6905060644081844,1.0257180650037803,0.07327591282211243,0.15714970587892088
6684.0,-0.273681,21.084597,-1.95783,22.806091,0.129203,0.076028,0.073306,0.002722,0.053175,0.055897,1.325443,0.0511885060929743,0.1409901864022114,1069.0,0,1.0114815652567302,1.1384358009201647,1.0048185941043093,0.1876965690582944,0.16637611716711445
6685.0,-0.274337,21.078821,-1.958355,22.804909,0.129129,0.075403,0.073149,0.0022539999999999,0.0537259999999999,0.0559799999999999,1.405595,0.0419528356319912,0.0648726168936405,1070.0,0,1.0129834878986645,0.9427017984107045,1.015230536659107,0.2120847857431914,0.1734511854466073
6686.0,-0.276043,21.07239,-1.958749,22.798477,0.129056,0.07587,0.073112,0.002758,0.053186,0.055944,1.542325,0.0518547765431404,0.1558413337232247,1071.0,0,1.0123320515720435,1.1534922626516584,1.0050264550264558,0.18217902106845718,0.1759339890003031
6687.0,-0.276831,21.084859,-1.94733,22.80294,0.129083,0.07534,0.073023,0.0023169999999999,0.053743,0.05606,1.382021,0.043111789222983,0.0390395779021246,1072.0,0,1.0144311241800505,0.9690506064408183,1.0155517762660629,0.20812382717272732,0.17629101805509167
6688.0,-0.269087,21.081972,-1.954286,22.803465,0.129065,0.075492,0.073259,0.0022329999999999,0.053573,0.055806,1.217003,0.0416806659946988,0.0709392695250564,1073.0,0,1.0098348789866556,0.9339188624006663,1.012339380196524,0.2248735547284781,0.17821512858252075
6689.0,-0.275256,21.084728,-1.95783,22.804121,0.128771,0.074747,0.073007,0.0017399999999999,0.054024,0.0557639999999999,1.523465,0.0322073114298934,0.2821000439989026,1074.0,0,1.009074869938927,0.7277289836888217,1.020861678004536,0.1014305681669948,0.19050420622728467
6690.0,-0.273549,21.084991,-1.947067,22.805697,0.128936,0.074868,0.072592,0.002276,0.0540679999999999,0.0563439999999999,1.471602,0.0420943609092086,0.0617180229279638,1075.0,0,1.019570232978963,0.9519029694688812,1.0216931216931207,0.16794974853180938,0.19728081707053216
6691.0,-0.277225,21.084072,-1.95678,22.807797,0.128578,0.074752,0.072687,0.0020649999999999,0.053826,0.0558909999999999,1.330158,0.038363646497111,0.1448755295123732,1076.0,0,1.0113729925356245,0.8636553743203622,1.0171201814058966,0.20843449946777037,0.19288114288448352
6692.0,-0.274337,21.081184,-1.949561,22.803728,0.128468,0.075571,0.072981,0.0025899999999999,0.052897,0.0554869999999999,1.396165,0.0489621535785851,0.0913648590723597,1077.0,0,1.0040624293146336,1.0832287745713125,0.9995653817082397,0.2161027990653721,0.19986538746333887
6693.0,-0.275781,21.07659,-1.958092,22.800971,0.129166,0.075356,0.072975,0.002381,0.05381,0.056191,1.613047,0.0442474586980358,0.0137255411205414,1078.0,0,1.0168016285908175,0.9958176495190713,1.0168178382464106,0.19616668926975178,0.19637630365959438
6694.0,-0.275781,21.081709,-1.961899,22.802546,0.1289,0.076143,0.073716,0.0024269999999999,0.0527569999999999,0.0551839999999999,1.415025,0.0460025019902194,0.0253943185107474,1079.0,0,0.9985795068988907,1.0150564617314937,0.9969198790627353,0.2554626774907692,0.19478082132724034
6695.0,-0.269087,21.08184,-1.961505,22.802677,0.129037,0.076842,0.074109,0.0027329999999999,0.052195,0.054928,1.240577,0.0523603341252202,0.1671101962832419,1080.0,0,0.9939470707984628,1.1430363864491904,0.9863000755857907,0.1680880438827051,0.20743312457840743
6696.0,-0.278668,21.076065,-1.955992,22.804909,0.129001,0.075975,0.073548,0.0024269999999999,0.053026,0.055453,1.66491,0.0457691364776434,0.0201926085954322,1081.0,0,1.0034471838950474,1.0150564617314937,1.0020030234315958,0.25202146685701093,0.2051271058366349
6697.0,-0.274731,21.073833,-1.950742,22.807666,0.12957,0.075403,0.07329,0.002113,0.0541669999999999,0.05628,1.433884,0.0390082705656476,0.130506879355187,1082.0,0,1.0184121239538575,0.8837306566290624,1.0235638699924405,0.17323298913528196,0.20860131946272045
6698.0,-0.278275,21.062151,-1.948642,22.80399,0.129258,0.075571,0.073201,0.0023699999999999,0.053687,0.056057,1.495176,0.0441439427805095,0.0160329076574634,1083.0,0,1.0143768378194988,0.9912170639899619,1.0144935752078619,0.20891873140493783,0.20478761403401383
6699.0,-0.280637,21.061101,-1.960324,22.806878,0.1289,0.075361,0.073117,0.0022439999999999,0.0535389999999999,0.0557829999999999,1.198144,0.0419125887187149,0.0657697193212408,1084.0,0,1.0094186835557557,0.938519447929734,1.0116969009826142,0.22795360067866566,0.20663242292465256
6700.0,-0.276043,21.082234,-1.950217,22.807666,0.128964,0.076511,0.073616,0.0028949999999999,0.052453,0.0553479999999999,1.641336,0.0551912151599495,0.230210445265534,1085.0,0,1.0015471612757285,1.210790464240912,0.9911753590325028,0.14488956111408413,0.19748159639842133
6701.0,-0.276568,21.062414,-1.952317,22.806091,0.129065,0.075744,0.0735,0.002244,0.053321,0.055565,1.084988,0.0420839428378532,0.0619502414099047,1086.0,0,1.0054738746889853,0.9385194479297757,1.0075774754346192,0.24317663572862597,0.2040633456305522
6702.0,-0.277618,21.076721,-1.94943,22.80084,0.129524,0.075513,0.073217,0.0022959999999999,0.054011,0.0563069999999999,1.471602,0.042509072058061,0.052474124499423,1087.0,0,1.018900701198823,0.9602676704307804,1.0206160241874538,0.17796574477830573,0.19299155164749143
6703.0,-0.275256,21.076065,-1.950217,22.806091,0.129423,0.076007,0.073537,0.00247,0.053416,0.055886,1.485747,0.0462399610610854,0.0306872737112393,1088.0,0,1.0112825152680398,1.0330405687997086,1.0093726379440673,0.2146147781761391,0.19344659793775848
6704.0,-0.282081,21.075409,-1.952711,22.807928,0.129258,0.07545,0.073569,0.001881,0.053808,0.055689,1.429169,0.0349569774573028,0.2208100749683686,1089.0,0,1.007717710925131,0.7867001254705474,1.0167800453514748,0.16395441222845697,0.1913999397997615
6705.0,-0.272631,21.081184,-1.950086,22.803465,0.129065,0.075624,0.073406,0.0022179999999999,0.053441,0.055659,1.448028,0.0415029377643051,0.0749008261752455,1090.0,0,1.0071748473196118,0.9276453366792107,1.0098450491307644,0.23390553620401378,0.18828728669205474
6706.0,-0.277881,21.087353,-1.947461,22.81121,0.129074,0.074689,0.072571,0.002118,0.0543849999999999,0.056503,1.344303,0.0389438458426802,0.1319429043982697,1091.0,0,1.0224474100882162,0.8858218318695477,1.0276832955404374,0.14130352702640292,0.18254876331353573
6707.0,-0.274206,21.073833,-1.956911,22.804253,0.129249,0.075797,0.07391,0.0018869999999999,0.053452,0.055339,1.372591,0.0353020410454043,0.2131186184723832,1092.0,0,1.0013843021940747,0.7892095357590878,1.010052910052911,0.17778345203795287,0.17725624097550266
6708.0,-0.278668,21.072521,-1.949824,22.810554,0.129166,0.075613,0.073017,0.002596,0.053553,0.056149,1.598902,0.0484744370168428,0.0804936722929872,1093.0,0,1.0160416195430906,1.0857381848599366,1.0119614512471664,0.18845215002496757,0.1850428901373172
6709.0,-0.273812,21.075015,-1.951924,22.800183,0.129717,0.076359,0.074414,0.001945,0.053358,0.055303,1.485747,0.0364512078562192,0.1875037265023507,1094.0,0,1.0007328658674517,0.8134671685487583,1.0082766439909308,0.19682706960159846,0.18208819246845886
6710.0,-0.276831,21.067139,-1.948774,22.804647,0.129837,0.075214,0.072524,0.0026899999999999,0.054623,0.057313,1.499891,0.0492457527826595,0.0976862763868782,1095.0,0,1.0371047274372325,1.1250522793810174,1.0321806500377937,0.0875043273288939,0.18134665608256775
6711.0,-0.275387,21.084991,-1.945492,22.807141,0.129405,0.075372,0.073196,0.0021759999999999,0.054033,0.0562089999999999,1.499891,0.0402709405189324,0.1023620059192219,1096.0,0,1.017127346754127,0.9100794646591346,1.0210317460317468,0.190251412348295,0.18307122547932067
6712.0,-0.276175,21.070289,-1.950742,22.804384,0.12867,0.07566,0.073343,0.0023169999999999,0.05301,0.055327,1.613047,0.0437079096791231,0.0257520717355226,1097.0,0,1.001167156751867,0.9690506064408183,1.0017006802721098,0.25583223639645136,0.18639281553631495
6713.0,-0.274731,21.079084,-1.948642,22.804121,0.12912,0.076537,0.073831,0.002706,0.052583,0.055289,1.339588,0.0514605203103605,0.1470533747288225,1098.0,0,1.0004795295182094,1.1317440401506118,0.9936318972033266,0.18506780148755592,0.1802345809790646
6714.0,-0.276437,21.082234,-1.943261,22.804515,0.129579,0.075456,0.073117,0.0023389999999999,0.054123,0.056462,1.27358,0.0432155790407211,0.0367261061381191,1099.0,0,1.0217054964940067,0.9782517774989535,1.0227324263038557,0.15653904836954557,0.182786132722293
6715.0,-0.276306,21.068058,-1.94733,22.803596,0.129359,0.076217,0.073863,0.0023539999999999,0.053142,0.055496,1.334873,0.0442955798505916,0.0126529221477423,1100.0,0,1.0042252883962912,0.9845253032204092,1.0041950113378695,0.251151230171543,0.17621715462646978
6716.0,-0.272631,21.075015,-1.950349,22.800052,0.129589,0.075897,0.073285,0.002612,0.053692,0.056304,1.462173,0.0486469372171419,0.0843386963172521,1101.0,0,1.0188464148382728,1.0924299456294895,1.014588057445201,0.17451942759634592,0.18594191692627465
6717.0,-0.278406,21.073046,-1.951399,22.802546,0.129212,0.075487,0.073731,0.0017559999999999,0.0537249999999999,0.0554809999999999,1.457458,0.0326843613892713,0.2714666154498217,1102.0,0,1.00395385659353,0.7344207444583745,1.0152116402116391,0.11620110646544957,0.19194698348544384
6718.0,-0.274074,21.069108,-1.953761,22.80189,0.129552,0.075886,0.073574,0.0023119999999999,0.053666,0.055978,1.523465,0.0430804777610075,0.0397375094020395,1103.0,0,1.0129472969916318,0.9669594312003332,1.0140967498110365,0.21396766745725143,0.18788743158114207
6719.0,-0.276437,21.078428,-1.948117,22.803465,0.129552,0.075482,0.072786,0.0026959999999999,0.05407,0.056766,1.438599,0.049860368774389,0.1113860474584433,1104.0,0,1.0272065143632672,1.1275616896695995,1.0217309145880584,0.13113728864336627,0.18214659495226176
6720.0,-0.278406,21.067795,-1.94838,22.800315,0.129083,0.07524,0.072797,0.002443,0.053843,0.056286,1.523465,0.0453718148725949,0.0113363225498399,1105.0,0,1.0185206966749614,1.021748222501088,1.0174414210128506,0.18475195032694236,0.17497328139574214
6721.0,-0.274599,21.074621,-1.951792,22.799921,0.129065,0.075891,0.073469,0.0024219999999999,0.053174,0.055596,1.589473,0.0455477197931357,0.0152572376809123,1106.0,0,1.0060348337480216,1.0129652864910084,1.0047996976568414,0.2503020779399869,0.1651483534678381
6722.0,-0.271581,21.067533,-1.949561,22.799133,0.129111,0.076017,0.073448,0.002569,0.053094,0.055663,1.481032,0.0483849703361898,0.0784994628028805,1107.0,0,1.007247229133681,1.0744458385613163,1.0032879818594114,0.21523671735343397,0.16869925047182566
6723.0,-0.277487,21.069239,-1.949036,22.799527,0.128973,0.07502,0.073196,0.001824,0.053953,0.055777,1.504606,0.0338065759721245,0.2464524877910224,1108.0,0,1.0093101108346536,0.7628607277290156,1.0195200302343168,0.12765943519875267,0.1784639375935037
6724.0,-0.281162,21.07449,-1.958355,22.792569,0.128798,0.075162,0.073542,0.00162,0.0536359999999999,0.055256,1.452743,0.0302030314894571,0.3267753806591869,1109.0,0,0.9998823795521384,0.6775407779172177,1.0135298563869983,0.08480591280434946,0.17990457539379218
6725.0,-0.280506,21.07974,-1.948774,22.792307,0.128486,0.075015,0.072151,0.0028639999999999,0.0534709999999999,0.0563349999999999,1.64605,0.0535607420706162,0.1938672515270172,1110.0,0,1.0194073738973073,1.1978251777499036,1.0104119425547986,0.15290195089250247,0.1881556311569333
6726.0,-0.273681,21.072521,-1.954286,22.794276,0.12878,0.075104,0.072734,0.00237,0.053676,0.056046,1.589473,0.0441529891759973,0.0158312637873497,1111.0,0,1.0141777878308085,0.9912170639900039,1.0142857142857151,0.2100283976362215,0.18504459987376637
6727.0,-0.273024,21.080659,-1.955467,22.789681,0.12878,0.075036,0.073007,0.002029,0.053744,0.055773,1.231147,0.0377523490557261,0.1585013302014205,1112.0,0,1.0092377290205845,0.8485989125889104,1.0155706727135307,0.2138479776822299,0.18363191097410336
6728.0,-0.272237,21.082234,-1.956649,22.794407,0.128945,0.075797,0.073269,0.002528,0.053148,0.055676,1.476317,0.0475643944382773,0.0602088519181667,1113.0,0,1.007482470029406,1.0572982015893373,1.0043083900226766,0.22837404546013634,0.18139828178066844
6729.0,-0.272499,21.078428,-1.95258,22.790075,0.128872,0.075445,0.072981,0.0024639999999999,0.0534269999999999,0.0558909999999999,1.301869,0.0461181403009656,0.0279718928102181,1114.0,0,1.0113729925356245,1.0305311585110843,1.009580498866212,0.21364784627477723,0.19231302317172697
6730.0,-0.272237,21.080528,-1.94943,22.79165,0.128578,0.075135,0.07329,0.0018449999999999,0.053443,0.055288,1.495176,0.0345221166080383,0.2305031095836032,1115.0,0,1.000461434064692,0.7716436637390117,1.0098828420257,0.1536416374952735,0.20726900867883197
6731.0,-0.277093,21.073177,-1.955992,22.785087,0.128881,0.07596,0.073479,0.0024809999999999,0.0529209999999999,0.0554019999999999,1.580043,0.0468803144250027,0.0449607299971541,1116.0,0,1.002524315765663,1.0376411543287343,1.0000188964474668,0.23617518894335648,0.2154092290849378
6732.0,-0.278931,21.072915,-1.954811,22.7864,0.128991,0.075083,0.072813,0.0022699999999999,0.053908,0.0561779999999999,1.325443,0.042107996809438,0.0614140791419066,1117.0,0,1.0165663876950908,0.9493935591802571,1.0186696900982624,0.1929004254190847,0.21545686196600636
6733.0,-0.272631,21.076196,-1.951792,22.787712,0.128826,0.075372,0.073138,0.002234,0.053454,0.055688,1.749776,0.0417921616312786,0.0684540353021021,1118.0,0,1.0076996154716136,0.9343370974488052,1.0100907029478468,0.23680684910933808,0.21379298713807837
6734.0,-0.274731,21.075277,-1.949692,22.7864,0.128753,0.075225,0.073075,0.0021499999999999,0.053528,0.055678,1.391451,0.0401651441274822,0.1047202041479844,1119.0,0,1.0075186609364406,0.8992053534086113,1.0114890400604695,0.2343657678753996,0.21649413550443733
6735.0,-0.280637,21.080003,-1.957567,22.780361,0.128753,0.075309,0.073017,0.002292,0.053444,0.055736,1.53761,0.0428852090934606,0.0440900418431753,1120.0,0,1.0085681972404443,0.9585947302384341,1.0099017384731679,0.23430415495356072,0.20831200257495858
6736.0,-0.270662,21.077902,-1.945755,22.782724,0.12901,0.075204,0.073133,0.0020709999999999,0.053806,0.055877,1.542325,0.0384894158752576,0.142072134040067,1121.0,0,1.0111196561863842,0.8661647846089446,1.016742252456539,0.21050472644690704,0.2144612833066284
6737.0,-0.272368,21.066351,-1.948774,22.782593,0.128743,0.075361,0.073411,0.0019499999999999,0.053382,0.0553319999999999,1.490462,0.0365284828503454,0.185781269320416,1122.0,0,1.0012576340194517,0.8155583437892018,1.0087301587301596,0.19720922940294988,0.20459662568039932
6738.0,-0.273418,21.066351,-1.95048,22.784562,0.128578,0.075608,0.073458,0.0021499999999999,0.05297,0.05512,1.476317,0.040588246398973,0.0952892678604794,1123.0,0,0.9974213978737851,0.8992053534086113,1.0009448223733948,0.2553855291237262,0.2090003728647825
6739.0,-0.272762,21.079346,-1.950874,22.783512,0.128587,0.076002,0.072975,0.003027,0.052585,0.055612,1.471602,0.0575628494276043,0.2830740982937025,1124.0,0,1.0063243610042987,1.2659974905897644,0.9936696900982624,0.13182651697998937,0.18670741852825878
6740.0,-0.275912,21.069633,-1.944311,22.776291,0.129129,0.07587,0.073889,0.001981,0.0532589999999999,0.05524,1.183999,0.0371948929778447,0.1709270085960529,1125.0,0,0.9995928522958615,0.8285236302802521,1.0064058956916089,0.2151344448119718,0.18261757850960048
6741.0,-0.274074,21.075277,-1.951136,22.77616,0.129239,0.075204,0.072529,0.0026749999999999,0.054035,0.0567099999999999,1.429169,0.049504034347472,0.1034433643207262,1126.0,0,1.0261931689662964,1.1187787536595617,1.0210695389266826,0.13752861268106598,0.1643980698130077
6742.0,-0.271974,21.07449,-1.949824,22.778129,0.128872,0.07555,0.073149,0.002401,0.0533219999999999,0.0557229999999999,1.481032,0.0450274740731016,0.003660976989138,1127.0,0,1.0083329563447174,1.0041823504810121,1.007596371882085,0.23693789726291653,0.15718158633948331
6743.0,-0.271843,21.067008,-1.949036,22.77511,0.128808,0.076086,0.074955,0.001131,0.052722,0.053853,1.495176,0.02145173833052,0.521841429168981,1128.0,0,0.9744944582673611,0.4730238393977613,0.9962585034013614,0.013877305744100732,0.15268051243282257
6744.0,-0.271974,21.082103,-1.951005,22.778261,0.129533,0.076065,0.074115,0.0019499999999999,0.053468,0.055418,1.650765,0.0364697301239969,0.1870908657377504,1129.0,0,1.0028138430219418,0.8155583437892018,1.010355253212397,0.19346736768881662,0.1399300489296678
6745.0,-0.275518,21.078034,-1.950217,22.776948,0.129258,0.075477,0.074036,0.0014409999999999,0.053781,0.055222,1.311299,0.0267933509352571,0.4027770526759956,1130.0,0,0.9992671341325501,0.6026767043078044,1.0162698412698423,0.05210906798763304,0.15249247856324516
6746.0,-0.275912,21.070027,-1.948905,22.778129,0.129524,0.075251,0.073033,0.0022179999999999,0.054273,0.056491,1.363162,0.0408667133434056,0.0890822484515138,1131.0,0,1.0222302646460086,0.9276453366792107,1.0255668934240372,0.13833989171166317,0.1544198324009098
6747.0,-0.274599,21.077115,-1.946542,22.776685,0.129607,0.07565,0.073086,0.0025639999999999,0.053957,0.056521,1.264151,0.0475184402683568,0.0591845349199648,1132.0,0,1.0227731282515278,1.0723546633207892,1.0195956160241884,0.15219849033634214,0.16420409627798008
6748.0,-0.276437,21.08184,-1.949167,22.777604,0.129331,0.074862,0.072918,0.001944,0.054469,0.056413,1.198144,0.0356893702955755,0.2044850617018619,1133.0,0,1.020818819271659,0.8130489335006613,1.029270597127741,0.1278808940921785,0.1604586407772231
6749.0,-0.276437,21.067795,-1.95048,22.770253,0.129074,0.076038,0.073647,0.0023909999999999,0.053036,0.0554269999999999,1.481032,0.0450817353922731,0.0048704600821474,1134.0,0,1.0029767021035956,1.0,1.0021919879062744,0.2574508133157632,0.17988801048401304
6750.0,-0.269874,21.075146,-1.943392,22.770253,0.128624,0.075172,0.072849,0.002323,0.0534519999999999,0.0557749999999999,1.415025,0.0434587394533516,0.0313060682095076,1135.0,0,1.0092739199276173,0.9715600167294425,1.0100529100529092,0.23440798318861827,0.1850957812071047
6751.0,-0.279193,21.075146,-1.941292,22.774716,0.129166,0.076259,0.073758,0.0025009999999999,0.052907,0.055408,1.316014,0.047270734104483,0.0536631723395069,1136.0,0,1.0026328884867686,1.0460058552906752,0.9997543461829186,0.23537125145176863,0.2053965041750916
6752.0,-0.278931,21.081578,-1.943524,22.770253,0.129304,0.075708,0.073243,0.0024649999999999,0.053596,0.056061,1.349017,0.0459913801145585,0.0251464122530329,1137.0,0,1.014449219633568,1.0309493935591816,1.012773998488285,0.19948334225534675,0.20120030135606481
6753.0,-0.283,21.069502,-1.94733,22.773272,0.129423,0.075545,0.073395,0.0021499999999999,0.053878,0.056028,1.316014,0.0399042298483639,0.1105359752006802,1138.0,0,1.013852069667497,0.8992053534086113,1.0181027966742262,0.20817100281200013,0.20750681999915618
6754.0,-0.279456,21.070158,-1.942211,22.771697,0.129184,0.075991,0.073857,0.0021339999999999,0.0531929999999999,0.0553269999999999,1.429169,0.0401173064631348,0.105786504177558,1139.0,0,1.0011671567518652,0.8925135926390585,1.0051587301587293,0.24554507491973315,0.2140986871871183
6755.0,-0.274468,21.075802,-1.94628,22.777867,0.129276,0.076353,0.074146,0.002207,0.052923,0.05513,1.603617,0.0417013075353337,0.0704791702353103,1140.0,0,0.9976023524089581,0.923044751150185,1.0000566893424045,0.25511629766750205,0.20727420156222406
6756.0,-0.276831,21.071602,-1.940243,22.775766,0.129598,0.075902,0.074251,0.0016509999999999,0.0536959999999999,0.0553469999999999,1.377306,0.0307465966441328,0.3146593305047105,1141.0,0,1.0015290658222114,0.6905060644081844,1.0146636432350709,0.09637786352139521,0.20465359962630386
6757.0,-0.274206,21.078559,-1.950086,22.773141,0.129451,0.075907,0.073511,0.0023959999999999,0.053544,0.05594,1.452743,0.0447474087216359,0.0025816708621847,1142.0,0,1.0122596697579742,1.002091175240485,1.0117913832199557,0.21526367676725627,0.20084322633793303
6758.0,-0.27565,21.070683,-1.944311,22.771172,0.129873,0.075949,0.073747,0.002202,0.0539239999999999,0.0561259999999999,1.424454,0.0408344923504869,0.0898004533674681,1143.0,0,1.015625424112191,0.9209535759096997,1.0189720332577465,0.1937995659717996,0.19740030629257324
6759.0,-0.272237,21.070421,-1.944967,22.779705,0.129598,0.076033,0.073416,0.002617,0.0535649999999999,0.0561819999999999,1.641336,0.0488556173692269,0.0889901703257607,1144.0,0,1.0166387695091599,1.0945211208699746,1.012188208616779,0.18920595706682058,0.19608235759210463
6760.0,-0.2767,21.083547,-1.94523,22.773797,0.129855,0.076306,0.073847,0.002459,0.053549,0.056008,1.589473,0.0459197012138189,0.0235486918161935,1145.0,0,1.013490160597151,1.028439983270641,1.0118858654572949,0.20820196382941658,0.1951222946438526
6761.0,-0.279587,21.088403,-1.94418,22.778261,0.128991,0.075141,0.072902,0.002239,0.0538499999999999,0.056089,1.344303,0.0415776865796365,0.0732346774389778,1146.0,0,1.0149558923320525,0.9364282726892905,1.0175736961451236,0.1972675185680599,0.18379183368593208
6762.0,-0.283787,21.068714,-1.956649,22.76999,0.129148,0.075083,0.072739,0.0023439999999999,0.054065,0.056409,1.433884,0.0433544186734731,0.0336313751028761,1147.0,0,1.0207464374575896,0.9803429527394387,1.021636432350719,0.165054141801749,0.1900652555558926
6763.0,-0.275518,21.075015,-1.939849,22.774847,0.129083,0.075524,0.07297,0.002554,0.053559,0.056113,1.287725,0.0476848394324122,0.062893567038776,1148.0,0,1.0153901832164678,1.0681723128398606,1.0120748299319737,0.19499151580731405,0.19129196837433046
6764.0,-0.283131,21.07449,-1.942736,22.770384,0.128743,0.075403,0.072991,0.0024119999999999,0.05334,0.0557519999999999,1.117992,0.0452184998406478,0.0079189353230706,1149.0,0,1.0088577244967192,1.008782936010038,1.0079365079365088,0.235944445437213,0.1781863127390932
6765.0,-0.281293,21.077771,-1.947724,22.774847,0.128826,0.075072,0.073238,0.001834,0.0537539999999999,0.055588,1.448028,0.0341177564877686,0.239516283911491,1150.0,0,1.0058900701198832,0.767043078209986,1.0157596371882076,0.1418116880882967,0.16878537023789503
6766.0,-0.272106,21.082759,-1.945361,22.778129,0.129056,0.075104,0.072634,0.00247,0.053952,0.056422,1.259436,0.0457805868070357,0.0204478360764606,1151.0,0,1.0209816783533145,1.0330405687997086,1.019501133786849,0.15911208222100048,0.16926858197020062
6767.0,-0.281162,21.071733,-1.949955,22.777604,0.128624,0.075277,0.073233,0.0020439999999999,0.0533469999999999,0.0553909999999999,1.532895,0.0383144635225311,0.1459718164646014,1152.0,0,1.0023252657769726,0.8548724383103243,1.008068783068782,0.22753080495163475,0.15003176802810825
6768.0,-0.272499,21.073965,-1.948117,22.777736,0.128449,0.074679,0.073154,0.0015249999999999,0.05377,0.055295,1.53761,0.0283610124416506,0.367833927140221,1153.0,0,1.0005881022393133,0.6378084483479564,1.0160619803476956,0.0627430096194268,0.14537700716747773
6769.0,-0.279587,21.077115,-1.947855,22.780492,0.128863,0.074658,0.072881,0.001777,0.054205,0.055982,1.306584,0.032782348817474,0.2692824787655625,1154.0,0,1.0130196788057009,0.7432036804684543,1.0242819349962218,0.09519653205483891,0.1460303505858382
6770.0,-0.279718,21.075934,-1.944705,22.777736,0.128743,0.07565,0.073674,0.0019759999999999,0.053093,0.0550689999999999,1.570613,0.0372170113383808,0.1704339910372841,1155.0,0,0.9964985297444009,0.8264324550397251,1.0032690854119435,0.21303408115247274,0.14856712124053173
6771.0,-0.276175,21.077902,-1.944049,22.779573,0.128817,0.075046,0.073831,0.001215,0.0537709999999999,0.0549859999999999,1.716772,0.0225954028118725,0.4963491839491296,1156.0,0,0.9949966071024646,0.5081555834379133,1.0160808767951615,0.004899379147136229,0.15271227102837998
6772.0,-0.272106,21.077771,-1.945624,22.782855,0.12878,0.075004,0.073248,0.001756,0.053776,0.055532,1.551754,0.0326533648213921,0.2721575279702628,1157.0,0,1.0048767247229142,0.7344207444584163,1.0161753590325027,0.11850653319544358,0.15160686866044606
6773.0,-0.277881,21.073833,-1.944574,22.778917,0.128661,0.074736,0.072597,0.002139,0.053925,0.056064,1.41031,0.0396654674924897,0.1158579805829018,1158.0,0,1.0145035059941199,0.8946047678795856,1.0189909297052164,0.20152494999091852,0.1463396578154702
6774.0,-0.277093,21.077115,-1.949824,22.78023,0.128596,0.076217,0.073915,0.0023019999999999,0.0523789999999999,0.0546809999999999,1.363162,0.0439480717831233,0.0203988660117194,1159.0,0,0.989477493779687,0.9627770807193626,0.989777021919878,0.2613121519841487,0.15968816697862737
6775.0,-0.281162,21.076327,-1.947461,22.783774,0.129239,0.075802,0.073894,0.0019079999999999,0.053437,0.0553449999999999,1.622476,0.0357049290766868,0.2041382569615921,1160.0,0,1.0014928749151766,0.7979924717691258,1.0097694633408927,0.18326318596677893,0.1737438864127309
6776.0,-0.2767,21.066745,-1.961899,22.780755,0.129019,0.074626,0.072634,0.0019919999999999,0.054393,0.0563849999999999,1.207573,0.0366216862153912,0.1837037692530422,1161.0,0,1.0203121465731726,0.8331242158092779,1.0278344671201822,0.14805805854166154,0.1777660669981315
6777.0,-0.269349,21.078559,-1.948905,22.778786,0.128982,0.075314,0.072692,0.0026219999999999,0.053668,0.05629,1.499891,0.0488550187258938,0.0889768265847481,1162.0,0,1.0185930784890305,1.096612296110418,1.0141345427059723,0.1748586965018762,0.19755333429277072
6778.0,-0.276175,21.078821,-1.947855,22.77406,0.128955,0.07502,0.07296,0.00206,0.0539349999999999,0.0559949999999999,1.443314,0.038193414417087,0.1486699972072392,1163.0,0,1.013254919701424,0.861564199079919,1.019179894179893,0.1962281012509982,0.19848150292128294
6779.0,-0.261737,21.080134,-1.93998,22.781542,0.128881,0.075466,0.07339,0.002076,0.0534149999999999,0.055491,1.66491,0.0388647596225851,0.1337057337499267,1164.0,0,1.0041348111287047,0.8682559598494717,1.0093537414965976,0.23575372639587422,0.19323219760099994
6780.0,-0.268956,21.088141,-1.94523,22.78338,0.128817,0.07587,0.073443,0.002427,0.0529469999999999,0.0553739999999999,1.561184,0.0458374253985044,0.0217147664876922,1165.0,0,1.0020176430671786,1.0150564617315354,1.0005102040816316,0.2532558870064787,0.18825872852832493
6781.0,-0.273418,21.076327,-1.936174,22.779573,0.129359,0.075492,0.073411,0.0020809999999999,0.053867,0.055948,1.443314,0.0386314695180812,0.1389057628216926,1166.0,0,1.0124044333861126,0.8703471350899151,1.0178949357520795,0.20277205209352867,0.18117716774424458
6782.0,-0.273812,21.07449,-1.950742,22.781411,0.129267,0.074595,0.072498,0.0020969999999999,0.054672,0.0567689999999999,1.382021,0.0383553124942839,0.1450612941725469,1167.0,0,1.0272608007238173,0.8770388958594679,1.0331065759637197,0.12778821948056562,0.1845953730294092
6783.0,-0.272368,21.074358,-1.946149,22.781805,0.129313,0.074946,0.072886,0.0020599999999999,0.054367,0.056427,1.532895,0.0378899352560328,0.1554345381358518,1168.0,0,1.021072155620901,0.861564199079877,1.0273431594860176,0.1490318967880887,0.18696106970712043
6784.0,-0.270137,21.076459,-1.951267,22.783249,0.129276,0.075954,0.073422,0.0025319999999999,0.053322,0.055854,1.561184,0.0474842000637622,0.0584213218394371,1169.0,0,1.0107034607554861,1.0589711417816838,1.007596371882087,0.21157746125739835,0.18951623491031447
6785.0,-0.270531,21.075802,-1.949561,22.782593,0.129818,0.075986,0.072786,0.0031999999999999,0.0538319999999999,0.0570319999999999,1.377306,0.0594430925268886,0.3249846576766475,1170.0,0,1.032019904998868,1.3383521539105117,1.0172335600907019,0.11244757812597561,0.190009124393222
6786.0,-0.276437,21.068845,-1.945361,22.779836,0.129285,0.07554,0.073017,0.0025229999999999,0.053745,0.056268,1.514036,0.0469430283183864,0.0463586207027717,1171.0,0,1.0181949785116498,1.0552070263488103,1.0155895691609986,0.18224011139330787,0.19021635571799483
6787.0,-0.272762,21.069371,-1.95258,22.777736,0.128918,0.075162,0.072739,0.002423,0.053756,0.056179,1.202858,0.0450731997693325,0.0046802013160023,1172.0,0,1.0165844831486097,1.0133835215391471,1.0157974300831452,0.19851566327898829,0.1896550386955736
6788.0,-0.266199,21.07554,-1.949824,22.783774,0.128734,0.076569,0.074067,0.002502,0.0521649999999999,0.0546669999999999,1.471602,0.0479622742782656,0.0690775810029606,1173.0,0,0.9892241574304448,1.046424090338814,0.9857331821617525,0.22177975328293853,0.19458684740501692
6789.0,-0.271449,21.070027,-1.94208,22.783249,0.129083,0.075802,0.073579,0.0022229999999999,0.053281,0.055504,1.353732,0.0417214068540968,0.0700311570539826,1174.0,0,1.0043700520244296,0.9297365119196959,1.0068216175359042,0.24068262122494982,0.20531846456767605
6790.0,-0.268693,21.073965,-1.931711,22.785218,0.128753,0.07596,0.073868,0.0020919999999999,0.052793,0.054885,1.358447,0.039625715043376,0.1167440614199119,1175.0,0,0.9931689662972187,0.8749477206189825,0.9976001511715806,0.2553282002542068,0.1842277679005948
6791.0,-0.271056,21.084203,-1.949955,22.783774,0.129249,0.075277,0.073086,0.0021909999999999,0.053972,0.056163,1.41974,0.0405943712597038,0.0951527449079568,1176.0,0,1.0162949558923329,0.9163529903805904,1.0198790627362064,0.1971588818693163,0.17911299857346358
6792.0,-0.272762,21.074752,-1.951792,22.781542,0.129046,0.075687,0.073805,0.001882,0.0533589999999999,0.055241,1.716772,0.0352698650674664,0.2138358200058367,1177.0,0,0.9996109477493789,0.7871183605186444,1.0082955404383966,0.17710630657499893,0.1765229924008555
6793.0,-0.270924,21.088141,-1.948511,22.782855,0.129313,0.076469,0.074267,0.0022019999999999,0.052844,0.055046,1.476317,0.041669032074936,0.0711985892296537,1178.0,0,0.9960823343135046,0.9209535759096578,0.9985638699924424,0.2563480684146798,0.1718482220795335
6794.0,-0.266855,21.075934,-1.945755,22.784299,0.129487,0.075382,0.074141,0.001241,0.0541049999999999,0.0553459999999999,1.405595,0.0229364580638008,0.4887470731400287,1179.0,0,1.001510970368694,0.5190296946884365,1.0223922902494322,0.000670494586586079,0.15800044824977474
6795.0,-0.267381,21.072258,-1.945755,22.777998,0.129515,0.074904,0.07317,0.0017339999999999,0.0546109999999999,0.0563449999999999,1.608332,0.0317512634585805,0.2922653388963847,1180.0,0,1.0195883284324805,0.7252195734002393,1.0319538926681775,0.06129988485466331,0.14283117087407554
6796.0,-0.276568,21.073702,-1.945492,22.775635,0.129285,0.075146,0.072844,0.0023019999999999,0.054139,0.056441,1.853502,0.0425193941632803,0.0522440450996284,1181.0,0,1.0213254919701433,0.9627770807193626,1.0230347694633417,0.15634004966722725,0.1379420999605964
6797.0,-0.270137,21.079346,-1.937093,22.784562,0.129377,0.075666,0.072886,0.0027799999999999,0.0537109999999999,0.0564909999999999,1.749776,0.0517575215966635,0.153673524033532,1182.0,0,1.0222302646460069,1.1626934337097516,1.014947089947089,0.15176796006576843,0.1339073555276265
6798.0,-0.274074,21.083678,-1.94943,22.786531,0.129331,0.074316,0.071862,0.0024539999999999,0.055015,0.057469,1.27358,0.0446052057583248,0.005751370429517,1183.0,0,1.0399276181859316,1.026348808030114,1.0395880574452012,0.08330201498535073,0.13792097100130565
6799.0,-0.277225,21.075934,-1.943261,22.780361,0.129267,0.075524,0.073889,0.0016349999999999,0.053743,0.055378,1.674339,0.0304220005954152,0.3218945661933431,1184.0,0,1.0020900248812494,0.6838143036386316,1.0155517762660629,0.0889898474679579,0.12735530287196556
6800.0,-0.270268,21.071996,-1.941949,22.778523,0.128964,0.075093,0.072928,0.0021649999999999,0.053871,0.0560359999999999,1.650765,0.0401878526878524,0.1042140310535282,1185.0,0,1.0139968332956335,0.9054788791300671,1.017970521541951,0.20643749111941512,0.13539586737076265
6801.0,-0.271843,21.078428,-1.942736,22.776291,0.129405,0.076668,0.073784,0.0028839999999999,0.0527369999999999,0.0556209999999999,1.240577,0.0546854260684894,0.2189364223687326,1186.0,0,1.0064872200859525,1.2061898787118446,0.9965419501133778,0.15681143753961746,0.1277733307688245
6802.0,-0.266987,21.074883,-1.950086,22.778261,0.129285,0.075771,0.073348,0.002423,0.053514,0.055937,1.334873,0.0452770251331403,0.0092234622469276,1187.0,0,1.0122053833974223,1.0133835215391471,1.0112244897959193,0.2172424613117906,0.13367350424404917
6803.0,-0.266855,21.082759,-1.949824,22.776817,0.129184,0.07481,0.072813,0.0019969999999999,0.0543739999999999,0.0563709999999999,1.471602,0.0367264367816091,0.1813688824357243,1188.0,0,1.0200588102239303,0.835215391049763,1.0274754346182908,0.15069138712127872,0.14329227860468288
6804.0,-0.275125,21.076327,-1.944311,22.777998,0.129056,0.075251,0.073632,0.0016189999999999,0.053805,0.055424,1.268866,0.0300895810876109,0.3293041865382786,1189.0,0,1.0029224157430454,0.6771225428690789,1.0167233560090712,0.08107613957455695,0.15212619938202376
6805.0,-0.271974,21.070946,-1.944049,22.777998,0.129056,0.074127,0.072923,0.0012039999999999,0.054929,0.056133,1.344303,0.0219188057527762,0.5114305110575101,1190.0,0,1.015752092286814,0.503554997908804,1.0379629629629639,-0.014925481164718146,0.15109263883051816
6806.0,-0.271187,21.080922,-1.945886,22.781542,0.12923,0.075582,0.073296,0.0022859999999999,0.053648,0.055934,1.580043,0.0426103002851869,0.0502177505093752,1191.0,0,1.0121510970368703,0.9560853199498099,1.0137566137566147,0.21534178441947383,0.14922457419252894
6807.0,-0.266987,21.078821,-1.94838,22.77918,0.12878,0.07576,0.073626,0.0021339999999999,0.05302,0.055154,1.570613,0.0402482035419927,0.102868812418118,1192.0,0,0.9980366432933735,0.8925135926390585,1.0018896447467884,0.24795570367210562,0.13884729469945703
6808.0,-0.266068,21.078034,-1.943786,22.774191,0.128541,0.074668,0.072172,0.0024959999999999,0.0538729999999999,0.0563689999999999,1.259436,0.0463303263169617,0.032701512414736,1193.0,0,1.0200226193168958,1.0439146800501902,1.0180083144368848,0.17164122275875948,0.14212451148512395
6809.0,-0.269743,21.076196,-1.94943,22.775635,0.128734,0.075093,0.073495,0.0015979999999999,0.0536409999999999,0.0552389999999999,1.339588,0.0297900898549641,0.3359798366684623,1194.0,0,0.9995747568423424,0.6683396068590409,1.0136243386243375,0.07865424195290205,0.15115171839468622
6810.0,-0.271712,21.070158,-1.945099,22.775504,0.128982,0.07617,0.074283,0.0018869999999999,0.052812,0.054699,1.669624,0.0357298392441254,0.2035830101150153,1195.0,0,0.9898032119430001,0.7892095357590878,0.9979591836734703,0.18775684473952275,0.16235808790718503
6811.0,-0.26318,21.075015,-1.937093,22.778786,0.128789,0.074988,0.073527,0.001461,0.0538009999999999,0.0552619999999999,1.603617,0.0271551243448199,0.3947131347866404,1196.0,0,0.9999909522732404,0.6110414052697871,1.0166477702191978,0.053038642608898456,0.1769171433596807
6812.0,-0.266724,21.072783,-1.94208,22.776291,0.128707,0.075655,0.073574,0.0020809999999999,0.0530519999999999,0.0551329999999999,1.150995,0.0392249260173788,0.1256776361690936,1197.0,0,0.9976566387695082,0.8703471350899151,1.0024943310657586,0.2500146291684598,0.1642832753887323
6813.0,-0.259899,21.073571,-1.940636,22.778129,0.128835,0.07545,0.073212,0.002238,0.053385,0.055623,1.466888,0.0419211029108755,0.0655799382465047,1198.0,0,1.0065234109929888,0.9360100376411934,1.0087868480725632,0.24096345621690124,0.1585745798466061
6814.0,-0.256224,21.066089,-1.94733,22.77616,0.129203,0.075697,0.073117,0.0025799999999999,0.053506,0.056086,1.64605,0.0482179901695105,0.074777480153906,1199.0,0,1.0149016059715006,1.0790464240903421,1.0110733182161762,0.19313983469954532,0.1632290005597998
6815.0,-0.261999,21.068452,-1.939586,22.773535,0.129616,0.076164,0.073122,0.0030419999999999,0.053452,0.056494,1.504606,0.0569098086169155,0.2685178392193967,1200.0,0,1.0222845510065606,1.2722710163111781,1.010052910052911,0.13066507336023825,0.17464645561182562
6816.0,-0.260818,21.079346,-1.937618,22.778786,0.12867,0.074516,0.072792,0.001724,0.054154,0.055878,1.730917,0.0318345489797803,0.2904089072555441,1201.0,0,1.0111377516399014,0.7210372229193107,1.02331821617536,0.08900310470998996,0.1710147071615661
6817.0,-0.265149,21.07869,-1.946674,22.77301,0.129102,0.075912,0.073201,0.0027109999999999,0.05319,0.0559009999999999,1.41974,0.0509672688988737,0.1360588163232046,1202.0,0,1.0115539470707975,1.1338352153910554,1.0051020408163274,0.19086874825084355,0.18764866283274365
6818.0,-0.26528,21.07869,-1.948511,22.775373,0.128936,0.075324,0.073054,0.00227,0.0536119999999999,0.055882,1.462173,0.0423404771230859,0.0562321002827808,1203.0,0,1.0112101334539707,0.9493935591802989,1.0130763416477693,0.21818542989069672,0.16554873969221132
6819.0,-0.263968,21.085647,-1.950217,22.777604,0.128707,0.07502,0.072524,0.0024959999999999,0.0536869999999999,0.0561829999999999,1.391451,0.0464908359409923,0.036279266872141,1204.0,0,1.0166568649626773,1.0439146800501902,1.0144935752078599,0.19282879247316004,0.16160223307278615
6820.0,-0.260949,21.077377,-1.948249,22.783905,0.128596,0.074967,0.073112,0.001855,0.0536289999999999,0.0554839999999999,1.448028,0.03458884952452,0.2290156349798833,1205.0,0,1.004008142954082,0.7758260142200241,1.0133975812547231,0.15143936023692783,0.16699113081212152
6821.0,-0.26213,21.067008,-1.951661,22.779442,0.128991,0.075387,0.073149,0.0022379999999999,0.053604,0.0558419999999999,1.518751,0.0417498367689579,0.0693974551483669,1206.0,0,1.0104863153132766,0.9360100376411515,1.0129251700680282,0.21937819932067376,0.16954261475566024
6822.0,-0.260949,21.078559,-1.944311,22.781805,0.128753,0.075025,0.073689,0.0013359999999999,0.053728,0.055064,1.471602,0.0248655288577861,0.4457481459821516,1207.0,0,0.9964080524768161,0.5587620242576143,1.0152683295540448,0.02901539776313633,0.1788659642982199
6823.0,-0.263443,21.062545,-1.948905,22.78233,0.129046,0.075125,0.072965,0.0021599999999999,0.053921,0.0560809999999999,1.188714,0.0400578613552908,0.1071115337565896,1208.0,0,1.0148111287039123,0.9033877038895818,1.0189153439153447,0.20149839002264963,0.1750412191196255
6824.0,-0.258324,21.076196,-1.943261,22.781017,0.12878,0.075587,0.073485,0.002102,0.053193,0.055295,1.41974,0.0395157348573148,0.1191955162986031,1209.0,0,1.0005881022393133,0.879130071099995,1.005158730158731,0.24702881209289906,0.16908746254098586
6825.0,-0.256355,21.07344,-1.942867,22.779442,0.128688,0.075844,0.07401,0.0018339999999999,0.052844,0.0546779999999999,1.353732,0.0347052701296241,0.2264206233638472,1210.0,0,0.989423207419135,0.7670430782099442,0.9985638699924424,0.1561799127956256,0.17127426571579346
6826.0,-0.259374,21.07554,-1.944967,22.785349,0.129203,0.075603,0.07297,0.002633,0.0536,0.056233,1.575328,0.0491222178690697,0.0949326870590709,1211.0,0,1.0175616376385441,1.1012128816395272,1.0128495842781566,0.1822366001355865,0.1719422781697444
6827.0,-0.255961,21.079215,-1.942736,22.781936,0.129386,0.075041,0.073017,0.0020239999999999,0.054345,0.056369,1.542325,0.0372428513598056,0.169858017774681,1212.0,0,1.0200226193168975,0.8465077373483834,1.0269274376417241,0.15262129646489975,0.1625756323246051
6828.0,-0.257799,21.084728,-1.948117,22.781805,0.129267,0.074952,0.072923,0.002029,0.0543149999999999,0.0563439999999999,1.495176,0.0373554753663746,0.1673476322202545,1213.0,0,1.019570232978963,0.8485989125889104,1.026360544217686,0.1586478641043002,0.183040703096566
6829.0,-0.255305,21.075409,-1.943655,22.78233,0.129451,0.075912,0.073474,0.0024379999999999,0.053539,0.055977,1.259436,0.0455360478147178,0.0149970696500951,1214.0,0,1.0129292015381144,1.019657047260561,1.0116969009826162,0.21469682422123615,0.17687827115837337
6830.0,-0.25688,21.073177,-1.94103,22.782724,0.129423,0.075309,0.073374,0.001935,0.054114,0.056049,1.316014,0.0357571837752934,0.2029735013776874,1215.0,0,1.0142320741913604,0.809284818067788,1.022562358276645,0.15811948477643667,0.15501732952061004
6831.0,-0.25583,21.069108,-1.939324,22.779705,0.129129,0.0745,0.072256,0.0022439999999999,0.054629,0.0568729999999999,1.499891,0.0410763316858868,0.0844098622086626,1216.0,0,1.0291427278896168,0.938519447929734,1.032294028722601,0.12571174086928105,0.16007377307038345
6832.0,-0.259243,21.076459,-1.946017,22.777736,0.129295,0.075807,0.073532,0.0022749999999999,0.0534879999999999,0.0557629999999999,1.490462,0.0425321094056721,0.0519606227477345,1217.0,0,1.0090567744854098,0.9514847344207423,1.0107331821617525,0.23366610548274536,0.16571455494938206
6833.0,-0.25373,21.076459,-1.937749,22.784168,0.129157,0.074883,0.072613,0.00227,0.0542739999999999,0.056544,1.17457,0.0418240442192539,0.0677433734216622,1218.0,0,1.0231893236824257,0.9493935591802989,1.025585789871503,0.13987407064072355,0.17611880572288469
6834.0,-0.255174,21.082497,-1.943261,22.783512,0.128817,0.074316,0.072865,0.0014509999999999,0.0545009999999999,0.0559519999999999,1.349017,0.0266228762247255,0.4065769285972215,1219.0,0,1.01247681520018,0.6068590547887749,1.029875283446711,0.02841939571526564,0.17574598471727793
6835.0,-0.256618,21.087091,-1.93893,22.780886,0.128909,0.075125,0.07308,0.0020449999999999,0.053784,0.0558289999999999,1.65548,0.0380217532769357,0.1524963186072711,1220.0,0,1.0102510744175517,0.8552906733584215,1.0163265306122458,0.20674434829335941,0.1780799938413829
6836.0,-0.253336,21.081053,-1.940636,22.78338,0.128982,0.07629,0.074262,0.002028,0.052692,0.05472,1.905365,0.0384870855711385,0.1421240764453885,1221.0,0,0.9901832164668636,0.8481806775408133,0.9956916099773252,0.2386444189255728,0.17524511188483555
6837.0,-0.257405,21.072258,-1.944049,22.781411,0.129396,0.076516,0.074146,0.0023699999999999,0.05288,0.05525,1.330158,0.0448176093492936,0.0010169010857188,1222.0,0,0.9997738068310346,0.9912170639899619,0.9992441421012859,0.25666380419992585,0.17490957296848697
6838.0,-0.25373,21.084466,-1.940768,22.780624,0.129405,0.075571,0.073705,0.0018659999999999,0.0538339999999999,0.0556999999999999,1.396165,0.0346614655893005,0.2273970251861307,1223.0,0,1.0079167609138195,0.7804265997490498,1.0172713529856379,0.15491965404823282,0.17187368944270973
6839.0,-0.25583,21.072783,-1.947855,22.782986,0.12946,0.076133,0.073947,0.002186,0.0533269999999999,0.0555129999999999,1.551754,0.0409915991599161,0.0862985475402096,1224.0,0,1.0045329111060837,0.9142618151401469,1.0076908541194245,0.2380369154622859,0.1785185068052127
6840.0,-0.253993,21.088141,-1.943655,22.786662,0.129938,0.075666,0.073212,0.0024539999999999,0.054272,0.056726,1.278295,0.0452158531866673,0.0078599414893167,1225.0,0,1.026482696222575,1.026348808030114,1.0255479969765693,0.12977066521096314,0.18391464741110403
6841.0,-0.253468,21.090635,-1.93473,22.781936,0.129708,0.075702,0.072844,0.0028579999999999,0.0540059999999999,0.0568639999999999,1.41974,0.0529190660469939,0.1795643131979931,1226.0,0,1.0289798688079612,1.1953157674613215,1.0205215419501124,0.12235635170579517,0.1836065842783654
6842.0,-0.261212,21.082365,-1.937093,22.778261,0.129432,0.07617,0.073542,0.002628,0.0532619999999999,0.0558899999999999,1.598902,0.049340067213638,0.0997885420788506,1227.0,0,1.0113548970821071,1.0991217063990422,1.0064625850340125,0.20330727022497297,0.17904362795607465
6843.0,-0.253993,21.077902,-1.946936,22.783643,0.129285,0.075471,0.073222,0.002249,0.053814,0.056063,1.495176,0.0417913221220849,0.0684727479355532,1228.0,0,1.0144854105406027,0.940610623170261,1.0168934240362821,0.20632224426575313,0.1675831791845493
6844.0,-0.247036,21.075277,-1.939455,22.786793,0.129386,0.074164,0.071983,0.0021809999999999,0.055222,0.0574029999999999,1.448028,0.0394944135595673,0.1196707673529524,1229.0,0,1.038733318253788,0.9121706398996199,1.0434996220710515,0.08238080177417895,0.16689507839036116
6845.0,-0.251105,21.082759,-1.940505,22.785612,0.128982,0.075099,0.072923,0.0021759999999999,0.053883,0.056059,1.471602,0.0403830450597579,0.0998631992398346,1230.0,0,1.0144130287265334,0.9100794646591346,1.0181972789115656,0.2036637169659733,0.15349297488349423
6846.0,-0.257536,21.077377,-1.939193,22.781805,0.129166,0.075792,0.073096,0.002696,0.053374,0.05607,1.627191,0.0505105386416862,0.1258783132950969,1231.0,0,1.0146120787152237,1.1275616896696414,1.0085789871504165,0.1930148557026653,0.1518050715954144
6847.0,-0.25478,21.083022,-1.941292,22.780492,0.128991,0.075876,0.072844,0.0030319999999999,0.0531149999999999,0.0561469999999999,1.415025,0.0570826116424428,0.2723696132084459,1232.0,0,1.0160054286360543,1.2680886658302075,1.0036848072562348,0.1420593164846724,0.15452436321085203
6848.0,-0.257668,21.078559,-1.938405,22.78443,0.129405,0.076269,0.073275,0.0029939999999999,0.0531359999999999,0.0561299999999999,1.471602,0.0563449197357772,0.2559264838745885,1233.0,0,1.0156978059262602,1.2521957340025198,1.0040816326530602,0.1480386461063513,0.1387552866587914
6849.0,-0.260424,21.075015,-1.947724,22.782199,0.129221,0.074673,0.072781,0.001892,0.054548,0.05644,1.627191,0.034684412179875,0.2268855464059255,1234.0,0,1.0213073965166262,0.7913007109996149,1.030763416477703,0.10401588039361653,0.12246824801650273
6850.0,-0.257274,21.09011,-1.944836,22.785349,0.128863,0.07492,0.073149,0.0017709999999999,0.053943,0.055714,1.740347,0.0328303425774876,0.2682126993685125,1235.0,0,1.0081700972630636,0.7406942701798302,1.019331065759638,0.11289163233016497,0.12948192547300694
6851.0,-0.252155,21.091685,-1.939061,22.787975,0.128991,0.074973,0.072435,0.0025379999999999,0.054018,0.0565559999999999,1.641336,0.0469834687795034,0.0472600373056382,1236.0,0,1.0234064691246314,1.0614805520702661,1.0207482993197288,0.14954926786017153,0.1185953376866034
6852.0,-0.256355,21.088797,-1.943392,22.782855,0.128789,0.074511,0.072965,0.0015459999999999,0.0542779999999999,0.0558239999999999,1.363162,0.0284824702002614,0.3651266375313854,1237.0,0,1.0101605971499652,0.6465913843579945,1.0256613756613748,0.04561650470436629,0.11866510361292366
6853.0,-0.255961,21.080659,-1.942867,22.779311,0.12901,0.075435,0.074052,0.0013829999999999,0.053575,0.054958,1.466888,0.0258137972226369,0.4246112740366166,1238.0,0,0.9944899344039819,0.5784190715181755,1.0123771730914597,0.04345185784286687,0.12755797797585625
6854.0,-0.254518,21.091947,-1.934599,22.785612,0.128835,0.075277,0.073422,0.0018549999999999,0.053558,0.055413,1.363162,0.0346347019175114,0.2279935865862221,1239.0,0,1.002723365754355,0.7758260142199822,1.0120559334845058,0.1525175763392208,0.13115673000788014
6855.0,-0.254518,21.093785,-1.929086,22.786006,0.128661,0.074736,0.07308,0.0016559999999999,0.053925,0.0555809999999999,1.424454,0.0307087490264434,0.3155029527093478,1240.0,0,1.0057634019452604,0.6925972396486696,1.0189909297052164,0.09479783910193795,0.13513466518069311
6856.0,-0.256618,21.084859,-1.93998,22.782461,0.128826,0.07555,0.072844,0.002706,0.0532759999999999,0.0559819999999999,1.641336,0.0507911481502336,0.1321330903906084,1241.0,0,1.013019678805699,1.1317440401506118,1.006727135298563,0.193712514965868,0.13308510498321874
6857.0,-0.254649,21.08696,-1.93998,22.786793,0.129184,0.076028,0.073511,0.0025169999999999,0.0531559999999999,0.0556729999999999,1.688484,0.047350301935775,0.055436736789552,1242.0,0,1.0074281836688523,1.052697616060228,1.0044595616024177,0.23098806011399814,0.139613592226624
6858.0,-0.257274,21.085384,-1.94208,22.782855,0.129056,0.074978,0.072823,0.002155,0.054078,0.056233,1.523465,0.0398491096359031,0.111764602998021,1243.0,0,1.0175616376385441,0.9012965286491383,1.0218820861678013,0.1840261664265906,0.14953963010375332
6859.0,-0.257274,21.083284,-1.94208,22.784562,0.129285,0.075104,0.072702,0.002402,0.054181,0.056583,1.481032,0.0443320659997785,0.011839647033087,1244.0,0,1.0238950463696006,1.0046005855291094,1.0238284202569925,0.14379523212174594,0.15117994431826676
6860.0,-0.253468,21.084859,-1.945886,22.78338,0.129258,0.074484,0.072582,0.001902,0.054774,0.056676,1.617761,0.0347238703788224,0.2260060243958415,1245.0,0,1.0255779235467097,0.7954830614805853,1.0350340136054432,0.0923960303554211,0.1508735666718653
6861.0,-0.255961,21.076327,-1.940899,22.782855,0.128881,0.075261,0.072975,0.0022859999999999,0.05362,0.055906,1.217003,0.0426325506797709,0.0497217899158437,1246.0,0,1.0116444243383858,0.9560853199498099,1.0132275132275141,0.21483414029422415,0.16189904551733497
6862.0,-0.254255,21.08184,-1.939324,22.779311,0.128651,0.074946,0.073107,0.0018389999999999,0.0537049999999999,0.0555439999999999,1.353732,0.0342419841358506,0.2367472535537005,1247.0,0,1.0050938701651202,0.7691342534504294,1.0148337112622816,0.14487688347565963,0.16075825607198407
6863.0,-0.249005,21.07344,-1.944442,22.777473,0.128495,0.074831,0.073338,0.0014929999999999,0.053664,0.055157,1.495176,0.027820739774527,0.3798765878510012,1248.0,0,0.9980909296539253,0.6244249268088509,1.0140589569161007,0.059854999988001145,0.1587132764712727
6864.0,-0.254255,21.085122,-1.944574,22.783905,0.128514,0.075477,0.072503,0.002974,0.0530369999999999,0.0560109999999999,1.485747,0.0560730042610959,0.2498654965197548,1249.0,0,1.013544446957701,1.2438310330406208,1.0022108843537405,0.14945379987520657,0.16204406066870608
6865.0,-0.258193,21.082103,-1.942999,22.783905,0.128909,0.075156,0.072802,0.0023539999999999,0.0537529999999999,0.0561069999999999,1.40088,0.0437920898909847,0.0238756974680481,1250.0,0,1.0152816104953621,0.9845253032204092,1.0157407407407397,0.20505262755663434,0.1659161096539381
6866.0,-0.254649,21.089454,-1.94628,22.783249,0.128357,0.075324,0.072571,0.002753,0.053033,0.055786,1.556469,0.0519100954104914,0.1570743895318038,1251.0,0,1.0094729699163094,1.151401087411173,1.0021352985638707,0.18230462051235913,0.16868459917942918
6867.0,-0.255305,21.087222,-1.937224,22.783249,0.128863,0.075114,0.072907,0.002207,0.053749,0.055956,1.78278,0.041060465116279,0.0847635275448107,1252.0,0,1.012549197014251,0.923044751150185,1.0156651549508702,0.21053826410688448,0.1667798107600392
6868.0,-0.24428,21.084991,-1.934468,22.786662,0.128808,0.075067,0.072981,0.0020859999999999,0.053741,0.055827,1.301869,0.0388150794536859,0.1348131031478506,1253.0,0,1.010214883510519,0.8724383103304003,1.015513983371127,0.21733400840092437,0.17000160550803012
6869.0,-0.249661,21.081447,-1.940374,22.779967,0.128955,0.074894,0.072702,0.0021919999999999,0.0540609999999999,0.0562529999999999,1.363162,0.0405460397321593,0.096230053132619,1254.0,0,1.0179235467088885,0.9167712254286875,1.0215608465608457,0.18251572197406596,0.18544445328298248
6870.0,-0.254255,21.084728,-1.93788,22.788631,0.129239,0.075524,0.072387,0.0031369999999999,0.053715,0.0568519999999999,1.53761,0.058399731923449,0.3017281827320375,1255.0,0,1.0287627233657535,1.3120033458803977,1.0150226757369623,0.12008092561033235,0.1956238108817034
6871.0,-0.253993,21.077509,-1.938011,22.781411,0.128624,0.074757,0.072435,0.002322,0.0538669999999999,0.0561889999999999,1.325443,0.0431053686789931,0.0391826916251634,1256.0,0,1.0167654376837811,0.9711417816813454,1.0178949357520777,0.19578625610032402,0.19886184633371623
6872.0,-0.24743,21.080396,-1.938011,22.78233,0.129102,0.076049,0.07328,0.002769,0.0530529999999999,0.055822,1.542325,0.0521921061559921,0.1633604001548096,1257.0,0,1.0101244062429322,1.158092848180726,1.0025132275132265,0.17709483095556888,0.20120476869507115
6873.0,-0.254386,21.077377,-1.932105,22.785743,0.129019,0.075298,0.073264,0.002034,0.0537209999999999,0.055755,2.046809,0.0378615837087228,0.156066493231225,1258.0,0,1.008912010857273,0.8506900878293955,1.0151360544217678,0.21428347773752449,0.2008909582268902
6874.0,-0.245855,21.080265,-1.938405,22.78338,0.128909,0.075718,0.073401,0.0023169999999999,0.053191,0.055508,1.433884,0.0435591818318544,0.0290672107604862,1259.0,0,1.004442433838499,0.9690506064408183,1.0051209372637953,0.25124737586241624,0.19942192207106263
6875.0,-0.249661,21.084859,-1.935911,22.78233,0.128936,0.075555,0.07318,0.002375,0.053381,0.055756,1.301869,0.0444906522797947,0.0083047638531043,1260.0,0,1.0089301063107903,0.9933082392304889,1.0087112622826917,0.2374329820767621,0.1946134182613963
6876.0,-0.251892,21.073046,-1.94418,22.78233,0.129405,0.075571,0.073569,0.002002,0.0538339999999999,0.055836,1.495176,0.0371877031670846,0.1710872692511386,1261.0,0,1.0103777425921745,0.83730656629029,1.0172713529856379,0.2057338441259084,0.19687678185110485
6877.0,-0.247955,21.082497,-1.93578,22.783249,0.128918,0.075498,0.07296,0.0025379999999999,0.05342,0.055958,1.674339,0.0475094064132082,0.0589831705736183,1262.0,0,1.0125853879212856,1.0614805520702661,1.009448223733939,0.20740015942507517,0.2026312950854967
6878.0,-0.247561,21.081972,-1.937224,22.780361,0.129285,0.075713,0.073248,0.002465,0.053572,0.056037,1.589473,0.0460119836484798,0.0256056643743325,1263.0,0,1.0140149287491527,1.0309493935592233,1.012320483749056,0.20264364684264868,0.20637870573527595
6879.0,-0.251761,21.085384,-1.944311,22.781411,0.129276,0.074904,0.072534,0.0023699999999999,0.054372,0.056742,1.358447,0.0435878101263494,0.0284290869790868,1264.0,0,1.0267722234788519,0.9912170639899619,1.0274376417233568,0.13443068387740265,0.1994499671963698
6880.0,-0.249661,21.077246,-1.944442,22.782593,0.12934,0.07513,0.072797,0.002333,0.05421,0.056543,1.598902,0.0430355462913431,0.0407390304437883,1265.0,0,1.0231712282289085,0.975742367210413,1.024376417233561,0.14271456150741757,0.19320133178428595
6881.0,-0.255436,21.077115,-1.941292,22.782593,0.128716,0.075629,0.073206,0.002423,0.0530869999999999,0.05551,1.495176,0.0456411995177819,0.0173408977950635,1266.0,0,1.0044786247455335,1.0133835215391471,1.0031557067271342,0.2533313884442431,0.1918099376317854
6882.0,-0.251105,21.090241,-1.930793,22.78443,0.128936,0.075529,0.073023,0.0025059999999999,0.0534069999999999,0.0559129999999999,1.405595,0.0469218094667464,0.045885653168928,1267.0,0,1.0117710925130052,1.0480970305311603,1.0092025699168545,0.21456893745336098,0.18825555794494847
6883.0,-0.254255,21.080134,-1.939455,22.779836,0.129129,0.075156,0.072429,0.002727,0.0539729999999999,0.0567,1.438599,0.0505243265275874,0.126185644836986,1268.0,0,1.026012214431125,1.1405269761606498,1.0198979591836725,0.1449960923484631,0.1827630013694412
6884.0,-0.251761,21.079084,-1.938405,22.78338,0.129184,0.07544,0.072944,0.0024959999999999,0.053744,0.05624,1.518751,0.0464415294445994,0.0351802266225971,1269.0,0,1.0176883058131654,1.0439146800501902,1.0155706727135307,0.1887610217415776,0.18019621330317334
6885.0,-0.257143,21.079478,-1.943392,22.78023,0.129148,0.075771,0.073747,0.002024,0.053377,0.055401,1.297155,0.0379182434710931,0.1548035489149558,1270.0,0,1.0025062203121475,0.8465077373484252,1.0086356764928202,0.2235190405517568,0.18203771691673104
6886.0,-0.253861,21.083415,-1.937093,22.784693,0.129138,0.075093,0.072802,0.0022909999999999,0.054045,0.056336,1.306584,0.042389816082596,0.055132336431379,1271.0,0,1.0194254693508265,0.9581764951902951,1.0212585034013615,0.17019004725753878,0.18793266729702635
6887.0,-0.255568,21.074752,-1.942474,22.78443,0.129285,0.075298,0.072718,0.0025799999999999,0.053987,0.056567,1.254721,0.0477883974216492,0.0652018713528015,1272.0,0,1.0236055191133238,1.0790464240903421,1.0201625094482247,0.15247459367000304,0.17669548265944485
6888.0,-0.252155,21.088141,-1.927118,22.787581,0.128697,0.074794,0.072345,0.0024489999999999,0.053903,0.056352,1.584758,0.045432620955773,0.0126916882261467,1273.0,0,1.0197149966071033,1.0242576327896287,1.0185752078609231,0.17697576617996996,0.17446657846244026
6889.0,-0.255699,21.073833,-1.933418,22.780492,0.128955,0.074789,0.072566,0.0022229999999999,0.0541659999999999,0.0563889999999999,1.565899,0.0410397474477078,0.0852253237238592,1274.0,0,1.0203845283872417,0.9297365119196959,1.0235449735449726,0.1528457200129797,0.18345103090109188
6890.0,-0.256618,21.071733,-1.943392,22.784168,0.129046,0.07576,0.073149,0.0026109999999999,0.053286,0.0558969999999999,1.433884,0.0489988177228965,0.0921821016927284,1275.0,0,1.0114815652567284,1.0920117105813505,1.0069160997732436,0.20166406531037062,0.18511319679079946
6891.0,-0.25163,21.080396,-1.937224,22.779311,0.128955,0.074658,0.072398,0.0022599999999999,0.0542969999999999,0.0565569999999999,1.40088,0.0416221591955504,0.0722433842328567,1276.0,0,1.0234245645781488,0.9452112086992867,1.0260204081632642,0.14095954206842776,0.1594059406916783
6892.0,-0.256486,21.075277,-1.93578,22.78233,0.128385,0.075718,0.073038,0.0026799999999999,0.052667,0.0553469999999999,1.429169,0.0508847877268927,0.1342203136010842,1277.0,0,1.0015290658222114,1.1208699289000468,0.9952191987906283,0.19227989548331542,0.15854222236295332
6893.0,-0.250711,21.075934,-1.935911,22.789288,0.129129,0.076296,0.073779,0.002517,0.0528329999999999,0.0553499999999999,1.471602,0.0476397774160579,0.0618891361154283,1278.0,0,1.001583352182763,1.05269761606027,0.9983560090702938,0.23484061673497925,0.1601588048906305
6894.0,-0.249792,21.084072,-1.938405,22.786137,0.12934,0.075555,0.073322,0.0022329999999999,0.053785,0.056018,1.617761,0.0415163797270664,0.0746012052492354,1279.0,0,1.0136711151323239,0.9339188624006663,1.0163454270597136,0.20538268063865334,0.16197728090614633
6895.0,-0.249136,21.086172,-1.94313,22.785349,0.128964,0.074862,0.073941,0.0009209999999999,0.054102,0.0550229999999999,1.386736,0.0170230855959926,0.6205559589484028,1280.0,0,0.9956661388826048,0.38519447929733935,1.0223356009070304,-0.0335535204394547,0.16640848158764338
6896.0,-0.253205,21.079215,-1.941424,22.788369,0.129304,0.075561,0.072881,0.00268,0.053743,0.056423,1.490462,0.049866031557011,0.1115122707044919,1281.0,0,1.020999773806832,1.1208699289000887,1.0155517762660629,0.16155286397028895,0.16559640542933635
6897.0,-0.253861,21.084334,-1.93998,22.790732,0.128991,0.074952,0.072603,0.002349,0.0540389999999999,0.0563879999999999,1.334873,0.0434678016284234,0.0311040726129647,1282.0,0,1.0203664329337245,0.9824341279799658,1.0211451247165524,0.16864041894677467,0.1667508606780926
6898.0,-0.255305,21.076196,-1.942605,22.786662,0.128817,0.075309,0.072744,0.0025649999999999,0.0535079999999999,0.0560729999999999,1.64605,0.0479358612569847,0.0684888355916384,1283.0,0,1.014666365075774,1.0727728983688862,1.0111111111111102,0.19516052633512831,0.16369705489281677
6899.0,-0.254518,21.070683,-1.940768,22.783774,0.129056,0.075314,0.07286,0.002454,0.053742,0.056196,1.429169,0.0456617606013808,0.0177992037000169,1284.0,0,1.016892105858404,1.0263488080301557,1.015532879818595,0.19715772682795007,0.14615701812438053
6900.0,-0.25268,21.076984,-1.940111,22.783905,0.1289,0.075225,0.072734,0.002491,0.0536749999999999,0.0561659999999999,1.415025,0.046408078098219,0.0344345971667847,1285.0,0,1.016349242252883,1.0418235048097466,1.0142668178382455,0.1935433037273004,0.14508807871626522
6901.0,-0.25478,21.07554,-1.941424,22.786662,0.128936,0.075576,0.072692,0.0028839999999999,0.0533599999999999,0.0562439999999999,1.462173,0.0540469631378721,0.2047051037814549,1286.0,0,1.0177606876272327,1.2061898787118446,1.0083144368858645,0.15250409455599045,0.1718942130757918
6902.0,-0.245067,21.082103,-1.937618,22.787581,0.12867,0.074962,0.072246,0.0027159999999999,0.053708,0.056424,1.452743,0.0505688059729281,0.127177090270812,1287.0,0,1.0210178692603493,1.1359263906315404,1.0148904006046873,0.16174183763055705,0.1766151167297983
6903.0,-0.25058,21.07344,-1.94628,22.783774,0.12856,0.075057,0.073605,0.0014519999999999,0.053503,0.054955,1.391451,0.0271381578947367,0.3950913164238987,1288.0,0,0.9944356480434299,0.6072772898368719,1.0110166288737727,0.059440249050616734,0.17827738240295435
6904.0,-0.250186,21.085647,-1.936568,22.791388,0.128955,0.075314,0.072849,0.002465,0.0536409999999999,0.0561059999999999,1.429169,0.0459527981805303,0.024286422160362,1289.0,0,1.0152635150418448,1.0309493935592233,1.0136243386243375,0.1946932865575004,0.1714680433640575
6905.0,-0.240342,21.064776,-1.935386,22.784824,0.12878,0.075923,0.073406,0.002517,0.052857,0.055374,1.202858,0.0476181467327557,0.0614069888668231,1290.0,0,1.0020176430671803,1.05269761606027,0.9988095238095247,0.23450782315581098,0.16763968511657143
6906.0,-0.243098,21.071864,-1.942736,22.784824,0.129074,0.0765,0.073889,0.002611,0.0525739999999999,0.055185,1.589473,0.049662387066096,0.1069730414246454,1291.0,0,0.9985976023524098,1.0920117105813922,0.9934618291761138,0.20876190051035382,0.16811968328223453
6907.0,-0.244017,21.078953,-1.936568,22.78233,0.128927,0.075004,0.07265,0.0023539999999999,0.053923,0.056277,1.438599,0.0436540316000295,0.026953012419284,1292.0,0,1.0183578375933056,0.9845253032204092,1.0189531368102804,0.1852630756783351,0.1719194950482294
6908.0,-0.243361,21.07869,-1.936305,22.785481,0.129166,0.075403,0.073616,0.0017869999999999,0.053763,0.05555,1.320729,0.0332378543263149,0.2591292753394737,1293.0,0,1.0052024428862258,0.7473860309493829,1.0159297052154204,0.12706713594616004,0.16974621648882476
6909.0,-0.243492,21.084991,-1.93893,22.786662,0.129046,0.074757,0.072687,0.00207,0.0542889999999999,0.0563589999999999,1.221718,0.0381285687972002,0.15011540402938,1294.0,0,1.0198416647817228,0.8657465495608893,1.0258692365835214,0.15887414435308944,0.18325838353110568
6910.0,-0.245067,21.071339,-1.940899,22.782461,0.128624,0.074778,0.072466,0.0023119999999999,0.0538459999999999,0.0561579999999999,1.532895,0.0429364681412148,0.0429474792853686,1295.0,0,1.0162044786247446,0.9669594312003332,1.0174981103552523,0.1983432853839311,0.1821916715180147
6911.0,-0.247955,21.076852,-1.939061,22.780886,0.129028,0.075335,0.07338,0.0019549999999999,0.053693,0.055648,1.551754,0.03641002719112,0.1884216422286345,1296.0,0,1.0069757973309215,0.817649519029687,1.014606953892669,0.19050221221593922,0.17364835607301102
6912.0,-0.242311,21.073571,-1.930136,22.783118,0.128578,0.07503,0.072098,0.002932,0.053548,0.05648,1.457458,0.0547535901697511,0.2204557980360597,1297.0,0,1.0220312146573183,1.2262651610205448,1.011866969009827,0.14000905203651093,0.17007664373960588
6913.0,-0.239423,21.075934,-1.942342,22.782986,0.128716,0.07481,0.072576,0.002234,0.0539059999999999,0.0561399999999999,1.320729,0.0414417422598178,0.076264872040252,1298.0,0,1.0158787604614332,0.9343370974488052,1.0186318972033248,0.19456191947342572,0.16831042768406426
6914.0,-0.240473,21.073046,-1.934861,22.784299,0.128504,0.074427,0.072272,0.0021549999999999,0.054077,0.056232,1.53761,0.0398498465179923,0.1117481779194923,1299.0,0,1.017543542185027,0.9012965286490966,1.0218631897203334,0.1840261664265906,0.17156686282809766
6915.0,-0.240736,21.07449,-1.940111,22.784693,0.129037,0.07544,0.072597,0.0028429999999999,0.053597,0.05644,1.52818,0.0530430239934325,0.182327331914659,1300.0,0,1.0213073965166262,1.1890422417398656,1.012792894935753,0.14907466870577402,0.17690783234947835
6916.0,-0.239161,21.067795,-1.929611,22.784693,0.1289,0.075261,0.072555,0.002706,0.0536389999999999,0.0563449999999999,1.532895,0.0504474272930648,0.1244715633247659,1301.0,0,1.0195883284324805,1.1317440401506118,1.013586545729402,0.17304477717630257,0.18225452155659538
6917.0,-0.239423,21.070158,-1.93998,22.784956,0.128596,0.075282,0.073411,0.0018709999999999,0.0533139999999999,0.0551849999999999,1.424454,0.0350933133264559,0.2177711527447786,1302.0,0,0.998597602352408,0.782517774989535,1.0074452003023422,0.16760091512291897,0.18327929780517307
6918.0,-0.233779,21.052963,-1.934205,22.785481,0.128854,0.075608,0.07275,0.0028579999999999,0.053246,0.056104,1.580043,0.0536743854113846,0.1964003580086013,1303.0,0,1.015227324134812,1.1953157674613215,1.0061602418745286,0.15963148738649408,0.1823683214479348
6919.0,-0.235879,21.069239,-1.942342,22.7885,0.12867,0.07492,0.072918,0.002002,0.05375,0.055752,1.735632,0.0372458186824431,0.1697918762466753,1304.0,0,1.0088577244967212,0.83730656629029,1.015684051398338,0.21228383956689645,0.17667874912280362
6920.0,-0.237717,21.073702,-1.939586,22.788369,0.128991,0.075781,0.073474,0.002307,0.0532099999999999,0.055517,1.490462,0.0433556971302926,0.033602878340689,1305.0,0,1.0046052929201545,0.9648682559598898,1.005479969765683,0.25181017745510126,0.17153352667573385
6921.0,-0.241392,21.072652,-1.945099,22.7885,0.128909,0.075708,0.073758,0.0019499999999999,0.053201,0.0551509999999999,1.240577,0.0366527574151346,0.1830111931907028,1306.0,0,0.9979823569328198,0.8155583437892018,1.0053099017384741,0.20074997470171613,0.17659883693394876
6922.0,-0.239161,21.081315,-1.940111,22.792438,0.129092,0.074526,0.072382,0.0021439999999999,0.054566,0.05671,1.53761,0.0392911466637343,0.1242015800503312,1307.0,0,1.0261931689662982,0.896695943120029,1.031103552532125,0.13089928846412813,0.18383823646982606
6923.0,-0.244017,21.066614,-1.945886,22.788894,0.128909,0.074873,0.072119,0.0027539999999999,0.054036,0.0567899999999999,1.66491,0.0509650794825766,0.1360100143029936,1308.0,0,1.0276408052476806,1.1518193224592284,1.0210884353741505,0.13766619622211396,0.1855533399902284
6924.0,-0.236142,21.062676,-1.935649,22.790994,0.128844,0.07449,0.072566,0.0019239999999999,0.0543539999999999,0.0562779999999999,1.570613,0.0353969276055559,0.211003600039186,1309.0,0,1.018375933046821,0.8046842325386785,1.0270975056689333,0.13257394195589312,0.18221418329308542
6925.0,-0.234436,21.060051,-1.937618,22.79165,0.128835,0.074889,0.072802,0.0020869999999999,0.053946,0.056033,1.405595,0.0386861178564144,0.1376876530837728,1310.0,0,1.0139425469350836,0.8728565453784974,1.0193877551020418,0.19972777128792302,0.18050495761744065
6926.0,-0.234173,21.075015,-1.935649,22.787581,0.128918,0.075561,0.073311,0.00225,0.053357,0.055607,1.64605,0.0421679973012482,0.0600766700717847,1311.0,0,1.006233883736712,0.9410288582183579,1.0082577475434626,0.24543877253507557,0.17321639233590486
6927.0,-0.236798,21.071996,-1.943261,22.787581,0.128991,0.075151,0.072708,0.002443,0.05384,0.056283,1.41974,0.0453743429728274,0.0113926738242897,1312.0,0,1.0184664103144094,1.021748222501088,1.0173847316704467,0.18475195032694236,0.17056241377716497
6928.0,-0.23693,21.06097,-1.938799,22.781805,0.129102,0.075009,0.072282,0.002727,0.0540929999999999,0.0568199999999999,1.523465,0.0504122453506859,0.1236873589387268,1313.0,0,1.0281836688531998,1.1405269761606498,1.0221655328798176,0.12623992041506404,0.17921024318124135
6929.0,-0.237323,21.074096,-1.933811,22.783905,0.128697,0.075183,0.072618,0.0025649999999999,0.053514,0.056079,1.316014,0.0479304867794075,0.0683690386559463,1314.0,0,1.0147749377968793,1.0727728983688862,1.0112244897959193,0.19519158281044885,0.18898870282997332
6930.0,-0.231154,21.073308,-1.937224,22.780886,0.128909,0.074768,0.072697,0.002071,0.0541409999999999,0.056212,1.523465,0.0382512651915334,0.1473805052693575,1315.0,0,1.0171816331146808,0.8661647846089864,1.0230725623582757,0.17892452463974334,0.18859885794252843
6931.0,-0.231942,21.067927,-1.940243,22.780361,0.128541,0.07492,0.072256,0.0026639999999999,0.0536209999999999,0.0562849999999999,1.631906,0.0496811010406176,0.1073901753265198,1316.0,0,1.0185026012214422,1.114178168130494,1.01324640967498,0.17421018911431724,0.17853543434665142
6932.0,-0.230104,21.070552,-1.936699,22.784956,0.128826,0.075487,0.072981,0.0025059999999999,0.053339,0.0558449999999999,1.443314,0.0469816272965878,0.0472189907095259,1317.0,0,1.0105406016738285,1.0480970305311603,1.007917611489041,0.21737758250489203,0.16873583711899065
6933.0,-0.226954,21.066745,-1.94628,22.784956,0.129221,0.075991,0.073527,0.002464,0.05323,0.055694,1.551754,0.0462888166669799,0.0317762636257936,1318.0,0,1.0078081881927174,1.0305311585111263,1.0058578987150424,0.2354507927094336,0.16115055704544728
6934.0,-0.228004,21.075934,-1.933418,22.785612,0.129175,0.075351,0.072372,0.0029789999999999,0.053824,0.056803,1.801639,0.0553460287970273,0.2336612363534025,1319.0,0,1.0278760461434073,1.2459222082810641,1.0170823885109608,0.12867549308144421,0.15899185157629436
6935.0,-0.228398,21.072915,-1.930005,22.781411,0.129359,0.074883,0.073023,0.00186,0.054476,0.056336,1.462173,0.0341428492758411,0.2389569664567431,1320.0,0,1.0194254693508265,0.7779171894605094,1.029402872260016,0.09909353532915288,0.1544835988250971
6936.0,-0.21711,21.070421,-1.93368,22.779311,0.128753,0.075366,0.072456,0.0029099999999999,0.053387,0.056297,1.278295,0.0545066307035288,0.2149510793227018,1321.0,0,1.0187197466636517,1.2170639899623679,1.008824640967499,0.1474428002584678,0.15557326229133694
6937.0,-0.223935,21.067664,-1.935255,22.781149,0.128743,0.074925,0.073222,0.001703,0.0538179999999999,0.055521,1.53761,0.031643100020439,0.294676298521242,1322.0,0,1.0046776747342239,0.7122542869092727,1.0169690098261517,0.10889914959150881,0.14648659066447114
6938.0,-0.220916,21.062282,-1.936961,22.775504,0.129001,0.075099,0.073395,0.0017039999999999,0.053902,0.055606,1.367877,0.0316123406860471,0.2953619231147347,1323.0,0,1.0062157882831948,0.712672521957328,1.018556311413455,0.10465286572353483,0.1434687730548882
6939.0,-0.222492,21.079478,-1.937618,22.779311,0.128973,0.076233,0.073327,0.0029059999999999,0.05274,0.055646,1.28301,0.0550994482470941,0.2281649636721796,1324.0,0,1.006939606423887,1.2153910497699796,0.9965986394557832,0.1501090552984764,0.13549693935776969
6940.0,-0.212647,21.064514,-1.924493,22.777867,0.129249,0.075975,0.073243,0.0027319999999999,0.053274,0.056006,1.589473,0.0512810886907554,0.1430538495868347,1325.0,0,1.0134539696901164,1.1426181514010934,1.006689342403629,0.1898211593021416,0.13588488629519477
6941.0,-0.216848,21.086041,-1.939193,22.780098,0.128872,0.074668,0.072965,0.0017029999999999,0.0542039999999999,0.0559069999999999,1.353732,0.0314177658887555,0.2996989892097598,1326.0,0,1.0116625197919014,0.7122542869092309,1.024263038548752,0.08334347284565935,0.1458633833318766
6942.0,-0.214223,21.072258,-1.933286,22.778261,0.129497,0.075907,0.073343,0.0025639999999999,0.05359,0.0561539999999999,1.235862,0.0478438543785336,0.0664380051727244,1327.0,0,1.0161320968106753,1.0723546633207892,1.0126606198034778,0.18719940640906257,0.15283666463799744
6943.0,-0.213172,21.072915,-1.939586,22.775635,0.128991,0.075062,0.072508,0.002554,0.0539289999999999,0.0564829999999999,1.485747,0.0473576858891155,0.0556013248766338,1328.0,0,1.0220855010178684,1.0681723128398606,1.019066515495086,0.15573245573824845,0.15211250198083184
6944.0,-0.214879,21.067402,-1.93788,22.777079,0.128945,0.076511,0.073301,0.0032099999999999,0.052434,0.055644,1.490462,0.0612186516639647,0.3645618148435505,1329.0,0,1.0069034155168524,1.3425345043914823,0.9908163265306131,0.13255496245569498,0.15408227197418745
6945.0,-0.208447,21.064514,-1.936961,22.773535,0.129001,0.075776,0.073117,0.0026589999999999,0.053225,0.055884,1.598902,0.0499567880359221,0.1135352297570955,1330.0,0,1.0112463243610053,1.1120869928900088,1.0057634164777032,0.19887850569597115,0.16023624983089726
6946.0,-0.208579,21.071602,-1.92213,22.770253,0.129414,0.075645,0.073479,0.002166,0.053769,0.055935,1.382021,0.0402826855123675,0.1021002103859748,1331.0,0,1.0121691924903877,0.905897114178206,1.0160430839002277,0.21717561331967639,0.15587838515003033
6947.0,-0.206872,21.070289,-1.92948,22.773535,0.129827,0.074862,0.072482,0.0023799999999999,0.054965,0.0573449999999999,1.466888,0.0432994942327983,0.0348556391532813,1332.0,0,1.0376837819497844,0.9953994144709324,1.0386432350718073,0.10165752301985276,0.17165154679039335
6948.0,-0.205953,21.060051,-1.936305,22.772616,0.128826,0.075219,0.072077,0.0031419999999999,0.053607,0.0567489999999999,1.330158,0.0586106551261004,0.30642965426693,1333.0,0,1.0268988916534711,1.314094521120883,1.0129818594104318,0.1243505656570908,0.1717383691583203
6949.0,-0.208972,21.063464,-1.929611,22.771303,0.129138,0.075723,0.073201,0.0025219999999999,0.053415,0.055937,1.485747,0.0472143178073984,0.0524056548567786,1334.0,0,1.0122053833974223,1.0547887913007132,1.0093537414965994,0.21164883386557448,0.17424382232356966
6950.0,-0.201753,21.079478,-1.928693,22.775504,0.129074,0.075099,0.072487,0.002612,0.0539749999999999,0.056587,1.471602,0.0483918778716467,0.0786534315503599,1335.0,0,1.0239674281836697,1.0924299456294895,1.019935752078608,0.14624251249347242,0.18090909576722208
6951.0,-0.20556,21.065826,-1.927905,22.76999,0.128854,0.07545,0.073296,0.002154,0.0534039999999999,0.0555579999999999,1.334873,0.0403333021252692,0.1009719676807689,1336.0,0,1.0053472065143623,0.9008782936010414,1.009145880574451,0.24107508924928955,0.1807508259877299
6952.0,-0.203066,21.087747,-1.937224,22.77301,0.128927,0.075729,0.073002,0.002727,0.053198,0.055925,1.523465,0.0512603620368805,0.1425918531256502,1337.0,0,1.0119882379552148,1.1405269761606498,1.0052532123960705,0.18806763008833194,0.1762805100415286
6953.0,-0.202016,21.07344,-1.930268,22.773403,0.12935,0.075293,0.073096,0.002197,0.0540569999999999,0.056254,1.485747,0.0406415331680788,0.094101507457697,1338.0,0,1.0179416421624077,0.9188624006692145,1.021485260770974,0.18078698739074184,0.17876642857667857
6954.0,-0.20346,21.075015,-1.932236,22.772222,0.129221,0.075288,0.073112,0.0021759999999999,0.053933,0.056109,1.542325,0.0403456075944672,0.1006976791604413,1339.0,0,1.0153178014023985,0.9100794646591346,1.0191421012849593,0.1992076968922194,0.18217304778026916
6955.0,-0.203197,21.064908,-1.932893,22.771828,0.129001,0.075193,0.072813,0.0023799999999999,0.053808,0.056188,1.471602,0.0442305190581499,0.0141031251593464,1340.0,0,1.0167473422302655,0.9953994144709324,1.0167800453514748,0.19729580790104934,0.17066705263830362
6956.0,-0.198866,21.071208,-1.936568,22.766709,0.12912,0.075319,0.073401,0.001918,0.053801,0.055719,1.603617,0.0356492323705438,0.205379734784927,1341.0,0,1.00826057453065,0.802174822250138,1.0166477702191998,0.17247245385766335,0.1689763713783827
6957.0,-0.197947,21.063332,-1.93788,22.76789,0.129175,0.075576,0.072445,0.003131,0.053599,0.05673,1.580043,0.0584141791044777,0.3020502099415254,1342.0,0,1.0265550780366444,1.3094939355918573,1.0128306878306887,0.12651670837135254,0.1630974197519575
6958.0,-0.200047,21.06832,-1.938011,22.768546,0.129414,0.076437,0.073574,0.002863,0.0529769999999999,0.05584,1.523465,0.0540413001623316,0.2045788762352574,1343.0,0,1.0104501244062438,1.1974069427018486,1.001077097505668,0.158416757692997,0.16973534359403136
6959.0,-0.210679,21.074227,-1.938668,22.768153,0.129166,0.075739,0.072188,0.0035509999999999,0.053427,0.056978,1.575328,0.0664632776821142,0.4814643633803128,1344.0,0,1.0310427505089357,1.4851526557925756,1.009580498866214,0.09658888244591868,0.16929547002744746
6960.0,-0.202147,21.071733,-1.930268,22.771566,0.128918,0.074836,0.072177,0.0026589999999999,0.054082,0.056741,1.316014,0.0491651720503669,0.0958901344054725,1345.0,0,1.0267541280253345,1.1120869928900088,1.0219576719576728,0.12933569989426352,0.1625946205795526
6961.0,-0.203722,21.063332,-1.934993,22.775373,0.129331,0.076107,0.073353,0.0027539999999999,0.053224,0.055978,1.485747,0.0517426021606386,0.1533409702750747,1346.0,0,1.0129472969916318,1.1518193224592284,1.0057445200302353,0.18228557298503728,0.15294970848256542
6962.0,-0.199522,21.068189,-1.932236,22.770253,0.1289,0.075797,0.073427,0.0023699999999999,0.0531029999999999,0.0554729999999999,1.787495,0.0446294064477251,0.0052119378260369,1347.0,0,1.0038090929653916,0.9912170639899619,1.0034580498866204,0.25444686850907083,0.14747757526417013
6963.0,-0.203328,21.071208,-1.934336,22.773929,0.129203,0.075419,0.072876,0.002543,0.053784,0.056327,1.40088,0.0472808403830064,0.0538884409690569,1348.0,0,1.0192626102691709,1.0635717273107932,1.0163265306122458,0.17638825172490274,0.14453338963007015
6964.0,-0.201622,21.064776,-1.935255,22.768153,0.129129,0.076595,0.073364,0.0032309999999999,0.052534,0.0557649999999999,1.240577,0.0615018559055867,0.3708744284574594,1349.0,0,1.0090929653924443,1.3513174404015202,0.9927059712774007,0.13219920241327054,0.1475741299522982
6965.0,-0.192828,21.071339,-1.931055,22.76999,0.129295,0.075613,0.072277,0.003336,0.0536819999999999,0.057018,1.594187,0.0621425777247919,0.3851560976001205,1350.0,0,1.0317665686496278,1.3952321204517522,1.0143990929705207,0.1008466869311776,0.14993261437753203
6966.0,-0.20241,21.068845,-1.93053,22.771566,0.12923,0.075823,0.072429,0.003394,0.053407,0.056801,1.179284,0.0635485320551229,0.4164947752814674,1351.0,0,1.0278398552363728,1.4194897532413808,1.0092025699168565,0.1177511216737106,0.15041903438271484
6967.0,-0.194928,21.077902,-1.930661,22.773403,0.129138,0.075099,0.071909,0.0031899999999999,0.054039,0.057229,1.28301,0.0590303478904514,0.3157845927478224,1352.0,0,1.035584709341779,1.3341698034295413,1.0211451247165542,0.0970748520303526,0.14275663786095116
6968.0,-0.199653,21.057688,-1.934599,22.763821,0.128991,0.075613,0.072897,0.0027159999999999,0.0533779999999999,0.0560939999999999,1.674339,0.0508814327731878,0.1341455317888131,1353.0,0,1.0150463695996372,1.1359263906315404,1.0086545729402863,0.18882416091527793,0.13492596182896688
6969.0,-0.193616,21.066483,-1.940111,22.773403,0.129423,0.075324,0.072519,0.002805,0.054099,0.056904,1.598902,0.0518484288354898,0.1556998435198906,1354.0,0,1.029703686948655,1.1731493099122197,1.0222789115646267,0.12017372669825666,0.13957411114166685
6970.0,-0.194272,21.072127,-1.934993,22.770515,0.129193,0.075561,0.07265,0.0029109999999999,0.053632,0.0565429999999999,1.344303,0.0542762851229652,0.2098166835967019,1355.0,0,1.0231712282289065,1.2174822250104649,1.0134542705971286,0.13419989994609172,0.15155548346183684
6971.0,-0.193091,21.067795,-1.935255,22.770253,0.12935,0.075093,0.072398,0.0026949999999999,0.054257,0.0569519999999999,1.792209,0.0496700947325738,0.1071448450673449,1356.0,0,1.0305722687174839,1.1271434546215027,1.0252645502645512,0.10566160776740041,0.1529823064979978
6972.0,-0.197159,21.073177,-1.930268,22.771959,0.129065,0.075503,0.0736,0.001903,0.053562,0.055465,1.613047,0.0355282564456808,0.2080762843347222,1357.0,0,1.003664329337255,0.7959012965286824,1.0121315192743774,0.17614010818922793,0.16413027719986145
6973.0,-0.194928,21.074358,-1.932236,22.766446,0.128863,0.075277,0.073086,0.0021909999999999,0.053586,0.055777,1.17457,0.0408867822419616,0.0886349133356441,1358.0,0,1.0093101108346536,0.9163529903805904,1.0125850340136064,0.2228697448519027,0.16680739706522116
6974.0,-0.198078,21.068977,-1.933943,22.765921,0.129092,0.076584,0.07423,0.0023539999999999,0.052508,0.054862,1.589473,0.0448304100249479,0.0007315744290974,1359.0,0,0.9927527708663207,0.9845253032204092,0.992214663643236,0.2520129256149703,0.16111472867188956
6975.0,-0.193878,21.071733,-1.931974,22.769071,0.128707,0.075225,0.071836,0.003389,0.0534819999999999,0.0568709999999999,1.28301,0.0633659293607315,0.4124245669825024,1360.0,0,1.0291065369825823,1.4173985780008957,1.0106198034769454,0.11511491729278722,0.16864472344449993
6976.0,-0.197028,21.081972,-1.933943,22.768284,0.128725,0.075272,0.072912,0.00236,0.053453,0.055813,1.570613,0.0441501103752759,0.0158954321646369,1361.0,0,1.0099615471612766,0.9870347135090333,1.0100718065003789,0.22923082869234718,0.16956054942019372
6977.0,-0.197816,21.076327,-1.944311,22.768546,0.12855,0.074343,0.071783,0.00256,0.0542069999999999,0.056767,1.141566,0.0472255017709564,0.0526549450517603,1362.0,0,1.0272246098167843,1.070681723128443,1.0243197278911556,0.1238460506839496,0.17737119830782883
6978.0,-0.195847,21.065433,-1.92948,22.761983,0.128973,0.076217,0.072902,0.0033149999999999,0.052756,0.056071,1.495176,0.0628352635669199,0.4005960431748618,1363.0,0,1.0146301741687411,1.3864491844416722,0.9969009826152692,0.13189747698196175,0.17302275450522575
6979.0,-0.194797,21.069896,-1.932236,22.767759,0.129065,0.075513,0.072965,0.0025479999999999,0.053552,0.0561,1.669624,0.0475790338543124,0.0605351640398834,1364.0,0,1.0151549423207427,1.0656629025512365,1.0119425547996985,0.19547367442436048,0.16754033176013222
6980.0,-0.193878,21.071733,-1.929874,22.765921,0.129396,0.075424,0.072776,0.002648,0.053972,0.05662,1.278295,0.0490615678209477,0.0935807993992434,1365.0,0,1.0245645781497408,1.1074864073609831,1.0198790627362064,0.14335815970302968,0.15696397913333845
6981.0,-0.195453,21.072915,-1.932499,22.765002,0.12934,0.075246,0.073128,0.0021179999999999,0.054094,0.056212,1.202858,0.0391533413439318,0.1272732562825516,1366.0,0,1.0171816331146808,0.8858218318695058,1.0221844293272875,0.18376809664375132,0.15938601404172423
6982.0,-0.191778,21.071996,-1.931843,22.766577,0.12901,0.075519,0.072482,0.0030369999999999,0.053491,0.056528,1.457458,0.056774844836611,0.2655095008129675,1367.0,0,1.0228997964261488,1.270179841070693,1.010789871504158,0.13265567016319724,0.1465709795184217
6983.0,-0.194797,21.080396,-1.928824,22.761983,0.129285,0.075508,0.072923,0.002585,0.053777,0.056362,1.485747,0.0480679831901521,0.0714338293150083,1368.0,0,1.0198959511422765,1.0811375993308692,1.0161942554799706,0.16804551740096746,0.1461124054858683
6984.0,-0.193222,21.072127,-1.931186,22.764346,0.12934,0.07502,0.073086,0.001934,0.05432,0.056254,1.693198,0.0356031737265515,0.206406380506895,1369.0,0,1.0179416421624077,0.8088665830196908,1.0264550264550274,0.14624939934703263,0.14208349336365322
6985.0,-0.18679,21.067664,-1.936699,22.760539,0.129295,0.075466,0.072624,0.002842,0.0538289999999999,0.056671,1.372591,0.0527958387516257,0.1768175806706433,1370.0,0,1.0254874462791232,1.1886240066918103,1.0171768707482982,0.13933526637664495,0.13592285734204804
6986.0,-0.194666,21.066089,-1.938668,22.760539,0.129157,0.075692,0.074067,0.001625,0.053465,0.05509,1.589473,0.0303931470467213,0.3225377108837326,1371.0,0,0.996878534268266,0.679631953157703,1.0102985638699933,0.10108048345932197,0.1320270415894041
6987.0,-0.189284,21.074621,-1.93053,22.759357,0.129166,0.074495,0.072177,0.002318,0.054671,0.056989,1.462173,0.0423983026046239,0.0549431721230299,1372.0,0,1.0312418004976258,0.9694688414889573,1.0330876795162518,0.11926031035841556,0.13026231136280003
6988.0,-0.194666,21.069896,-1.930661,22.759095,0.129111,0.076185,0.072513,0.003672,0.052926,0.056598,1.443314,0.0693785780414534,0.5464463164456999,1373.0,0,1.02416647817236,1.5357590966123602,1.0001133786848082,0.09160835575981074,0.132163901691649
6989.0,-0.192828,21.066351,-1.927905,22.75857,0.129258,0.075708,0.072729,0.0029789999999999,0.05355,0.056529,1.226432,0.0556292132733281,0.2399734093989258,1374.0,0,1.0229178918796662,1.2459222082810641,1.0119047619047628,0.13386731420830877,0.13807356113947133
6990.0,-0.186397,21.07659,-1.931711,22.758701,0.129285,0.074721,0.072198,0.0025229999999999,0.054564,0.057087,1.669624,0.0462384312288096,0.0306531737980604,1375.0,0,1.0330151549423217,1.0552070263488103,1.031065759637189,0.10440000217659018,0.1408705445332572
6991.0,-0.187578,21.072652,-1.934993,22.758307,0.128927,0.075162,0.072555,0.002607,0.053765,0.056372,1.396165,0.0484878919763421,0.0807935829158774,1376.0,0,1.0200769056774495,1.0903387703890042,1.0159674981103561,0.16612079437771066,0.14826261384596476
6992.0,-0.193222,21.069371,-1.928824,22.75555,0.128927,0.075219,0.072408,0.0028109999999999,0.053708,0.056519,1.52818,0.0523375970507734,0.1666033876109165,1377.0,0,1.022736937344493,1.17565872020076,1.0148904006046873,0.15167157345168714,0.15188300849202713
6993.0,-0.190203,21.074883,-1.930793,22.758307,0.12901,0.075445,0.073185,0.0022599999999999,0.053565,0.055825,1.504606,0.0421909420154575,0.0595652331157017,1378.0,0,1.0101786926034844,0.9452112086992867,1.012188208616781,0.2271421118791907,0.15663383204189318
6994.0,-0.190465,21.064645,-1.932368,22.758963,0.129157,0.075561,0.072876,0.002685,0.0535959999999999,0.056281,1.179284,0.0500960874675822,0.1166402096954997,1379.0,0,1.0184302194073747,1.1229611041405738,1.0127739984882833,0.17421923328489147,0.159505251267394
6995.0,-0.192041,21.062939,-1.935255,22.760014,0.128697,0.07491,0.072786,0.002124,0.053787,0.055911,1.481032,0.0394883617163679,0.1198056627470003,1380.0,0,1.0117349016059725,0.88833124215813,1.0163832199546494,0.2132559595037204,0.15816037018478477
6996.0,-0.18889,21.081447,-1.923968,22.761983,0.129331,0.075356,0.072571,0.002785,0.0539749999999999,0.05676,1.594187,0.051597006076775,0.1500956381576415,1381.0,0,1.0270979416421633,1.1647846089502787,1.019935752078608,0.1372844299199456,0.16933217496222122
6997.0,-0.192041,21.079871,-1.929611,22.759226,0.12935,0.075293,0.072949,0.0023439999999999,0.0540569999999999,0.0564009999999999,1.636621,0.0433608346590698,0.0334883629862755,1382.0,0,1.0206016738294494,0.9803429527394387,1.021485260770974,0.16676854585707607,0.171510008491279
6998.0,-0.197947,21.070814,-1.931055,22.761458,0.129276,0.074537,0.072167,0.00237,0.0547389999999999,0.057109,1.448028,0.0432955791012059,0.0349429073129989,1383.0,0,1.0334132549197024,0.9912170639900039,1.0343726379440654,0.12032254801481912,0.17425997356222217
6999.0,-0.189547,21.075146,-1.927905,22.7566,0.129276,0.077041,0.073852,0.0031889999999999,0.052235,0.055424,1.636621,0.0610498506776934,0.3607992461832996,1384.0,0,1.0029224157430454,1.3337515683814443,0.9870559334845057,0.12041850338221638,0.1658622772489032
7000.0,-0.192566,21.07344,-1.929349,22.758438,0.12912,0.075508,0.073196,0.002312,0.053612,0.055924,1.613047,0.0431238692108258,0.0387703153540922,1385.0,0,1.0119701425016974,0.9669594312003749,1.013076341647771,0.21611804995095457,0.16772943758920827
7001.0,-0.186659,21.079215,-1.93368,22.757519,0.129883,0.076238,0.073684,0.002554,0.053645,0.056199,1.495176,0.0476083957797412,0.0611896404316605,1386.0,0,1.0169463922189559,1.0681723128398606,1.013699924414211,0.1878991296682886,0.1560734170105602
7002.0,-0.18889,21.063726,-1.92633,22.749643,0.129469,0.075587,0.073632,0.0019549999999999,0.053882,0.055837,1.504606,0.0362823153870422,0.1912683343136851,1387.0,0,1.0103958380456919,0.817649519029687,1.0181783824640975,0.17917122416111875,0.1524145128776723
7003.0,-0.186528,21.080396,-1.926199,22.755025,0.129396,0.075398,0.072776,0.002622,0.053998,0.05662,1.29244,0.0485564547491622,0.0823218449596687,1388.0,0,1.0245645781497408,1.0966122961104598,1.0203703703703713,0.14316514874600117,0.14624680228394232
7004.0,-0.186659,21.070946,-1.931843,22.758438,0.129386,0.075765,0.073222,0.002543,0.053621,0.056164,1.462173,0.0474245645444034,0.0570920479937477,1389.0,0,1.0163130513458503,1.0635717273107932,1.013246409674982,0.1928908366879421,0.1497133975837998
7005.0,-0.188234,21.080659,-1.933155,22.758701,0.129193,0.074705,0.07202,0.0026849999999999,0.054488,0.057173,1.561184,0.0492760006606836,0.0983605006340613,1390.0,0,1.0345713639448098,1.122961104140532,1.0296296296296306,0.09669575371723971,0.1488422739355933
7006.0,-0.194009,21.071077,-1.933286,22.757388,0.1289,0.074264,0.071794,0.00247,0.0546359999999999,0.0571059999999999,1.631906,0.0452074601460548,0.0076728608787688,1391.0,0,1.0333589685591487,1.0330405687997086,1.0324263038548742,0.10069538859106641,0.14394135802365865
7007.0,-0.190465,21.069896,-1.929743,22.7566,0.128955,0.075319,0.071993,0.0033259999999999,0.0536359999999999,0.0569619999999999,1.386736,0.0620094337863787,0.382188323412054,1392.0,0,1.0307532232526568,1.3910497699707398,1.0135298563869983,0.10509143991977665,0.13997938564221038
7008.0,-0.195191,21.069239,-1.93683,22.755682,0.128716,0.074831,0.072219,0.0026119999999999,0.053885,0.0564969999999999,1.514036,0.0484727016293655,0.0804549905608491,1393.0,0,1.0223388373671107,1.0924299456294475,1.0182350718065014,0.15498850101339356,0.137162765342317
7009.0,-0.186134,21.07659,-1.930399,22.757651,0.128495,0.074075,0.07161,0.002465,0.0544199999999999,0.056885,1.462173,0.0452950147920841,0.0096244511774152,1394.0,0,1.0293598733318263,1.0309493935592233,1.0283446712018132,0.1117072669001512,0.1361564265403951
7010.0,-0.189022,21.063989,-1.932368,22.755419,0.128743,0.075246,0.072445,0.0028009999999999,0.053497,0.056298,1.504606,0.0523570974615873,0.1670380511529425,1395.0,0,1.018737842117169,1.1714763697197896,1.0109032501889654,0.16710889083160818,0.13827327353314675
7011.0,-0.185215,21.07239,-1.931186,22.755813,0.128697,0.074794,0.072119,0.0026749999999999,0.053903,0.056578,1.627191,0.0496252597209853,0.1061454740730696,1396.0,0,1.0238045691020141,1.1187787536595617,1.0185752078609231,0.14827940585380606,0.14842990343414134
7012.0,-0.186922,21.068845,-1.931974,22.754631,0.128348,0.075183,0.072209,0.002974,0.0531649999999999,0.0561389999999999,1.796924,0.0559380054922319,0.2468563782194401,1397.0,0,1.0158606650079158,1.2438310330406208,1.0046296296296287,0.15100502116218484,0.1639224912461154
7013.0,-0.182328,21.06832,-1.927511,22.75345,0.128633,0.074794,0.071841,0.0029529999999999,0.053839,0.0567919999999999,1.268866,0.0548476968796433,0.2225534336315693,1398.0,0,1.0276769961547152,1.235048097030541,1.0173658352229789,0.13310176072678204,0.17158791139027024
7014.0,-0.184822,21.068058,-1.937749,22.756338,0.128651,0.074936,0.072676,0.0022599999999999,0.0537149999999999,0.0559749999999999,1.344303,0.0420731253257874,0.0621913634126825,1399.0,0,1.012893010631078,0.9452112086992867,1.0150226757369605,0.21405930661545897,0.17580442422866707
7015.0,-0.185347,21.071339,-1.920686,22.752794,0.128909,0.075114,0.072723,0.002391,0.0537949999999999,0.056186,1.683769,0.044445683693955,0.0093071122132282,1400.0,0,1.016711151323231,1.0000000000000417,1.0165343915343905,0.1982620527271855,0.1789588624441097
7016.0,-0.182984,21.071733,-1.929218,22.751481,0.12867,0.076327,0.073936,0.002391,0.052343,0.054734,1.721487,0.0456785878037598,0.0181742815103387,1401.0,0,0.9904365528161058,1.0000000000000417,0.9890967498110365,0.25562126671080715,0.18149702422351816
7017.0,-0.177996,21.07659,-1.935911,22.751875,0.129166,0.076128,0.073385,0.0027429999999999,0.053038,0.055781,1.278295,0.0517166613246855,0.1527627498598154,1402.0,0,1.009382492648723,1.1472187369301607,1.0022297808012104,0.18174564136132504,0.1881002483047865
7018.0,-0.173927,21.069896,-1.930136,22.74938,0.129221,0.075356,0.073122,0.002234,0.0538649999999999,0.0560989999999999,1.608332,0.0414732855604648,0.0755617728636592,1403.0,0,1.0151368468672237,0.9343370974488052,1.017857142857142,0.19715362939736164,0.1826959552904964
7019.0,-0.181146,21.070814,-1.935649,22.754238,0.129074,0.075435,0.072576,0.002859,0.0536389999999999,0.0564979999999999,1.514036,0.0532997762863534,0.188050332426277,1404.0,0,1.022356932820628,1.1957340025094603,1.013586545729402,0.14325164905457743,0.18731890352188063
7020.0,-0.17629,21.06832,-1.930268,22.751087,0.128762,0.076101,0.073427,0.0026739999999999,0.0526609999999999,0.0553349999999999,1.589473,0.0507766510956666,0.1318099515015245,1405.0,0,1.0013119203800036,1.1183605186114645,0.9951058201058192,0.19249050862569278,0.18645989633621593
7021.0,-0.183772,21.07554,-1.932105,22.74833,0.129056,0.075461,0.07307,0.002391,0.053595,0.055986,1.77335,0.0446115381744907,0.0056102210728942,1406.0,0,1.0130920606197702,1.0000000000000417,1.0127551020408172,0.21431164666648977,0.18135948071556757
7022.0,-0.176553,21.080134,-1.933024,22.754238,0.12889,0.074794,0.071783,0.003011,0.054096,0.057107,1.787495,0.0556592787030704,0.2406435668796616,1407.0,0,1.0333770640126676,1.2593057298202115,1.022222222222223,0.09696209101928377,0.17531996310632403
7023.0,-0.176815,21.068977,-1.933155,22.745705,0.129249,0.075298,0.072897,0.002401,0.053951,0.056352,1.518751,0.0445025207591933,0.008040215821623,1408.0,0,1.0197149966071033,1.0041823504810121,1.019482237339381,0.17933124304062414,0.17730007659968505
7024.0,-0.175502,21.058345,-1.929743,22.754763,0.128615,0.075456,0.072823,0.0026329999999999,0.053159,0.055792,1.344303,0.0495297215951842,0.1040159322620946,1409.0,0,1.0095815426374133,1.1012128816394857,1.0045162509448233,0.20546923475881207,0.17505069692627861
7025.0,-0.17734,21.072915,-1.935124,22.753975,0.128697,0.075676,0.072734,0.002942,0.053021,0.055963,1.627191,0.0554864018709214,0.2367901477433436,1410.0,0,1.012675865188872,1.2304475115015152,1.0019085411942563,0.14725789652070187,0.16888598376281924
7026.0,-0.175109,21.077377,-1.939193,22.7524,0.128743,0.075288,0.072692,0.0025959999999999,0.053455,0.0560509999999999,1.377306,0.04856330439988,0.0824745234581401,1411.0,0,1.0142682650983932,1.0857381848598948,1.0101095993953146,0.1952260906183717,0.16363489032761516
7027.0,-0.17314,21.087353,-1.929611,22.758307,0.128835,0.075445,0.072818,0.002627,0.05339,0.056017,1.547039,0.0492030492030492,0.0967344149441724,1412.0,0,1.0136530196788065,1.0987034713509451,1.0088813303099027,0.20154677629493545,0.1587374927758666
7028.0,-0.177078,21.078559,-1.937224,22.756863,0.128991,0.074967,0.07265,0.0023169999999999,0.0540239999999999,0.0563409999999999,1.287725,0.0428875520592318,0.0440378172100283,1413.0,0,1.0195159466184112,0.9690506064408183,1.020861678004534,0.1746598326632971,0.16653418469702724
7029.0,-0.17104,21.077246,-1.937355,22.754238,0.128679,0.075398,0.071752,0.003646,0.0532809999999999,0.0569269999999999,1.349017,0.0684283622987127,0.5252660375084155,1414.0,0,1.0301198823795512,1.524884985361837,1.0068216175359022,0.08160451741998398,0.16611699332074845
7030.0,-0.174846,21.074752,-1.938405,22.754631,0.128991,0.07554,0.072534,0.0030059999999999,0.053451,0.0564569999999999,1.650765,0.0562373718476389,0.2535292448398862,1415.0,0,1.0216150192264186,1.2572145545796845,1.010034013605443,0.13997957427365182,0.1588391007753472
7031.0,-0.177078,21.083415,-1.938799,22.758176,0.128854,0.075214,0.072477,0.002737,0.0536399999999999,0.056377,1.735632,0.0510244029753361,0.1373323330856268,1416.0,0,1.020167382945036,1.1447093266416204,1.0136054421768699,0.1653376711490041,0.15734234441614778
7032.0,-0.172221,21.086828,-1.93788,22.75962,0.128909,0.075466,0.072692,0.0027739999999999,0.0534429999999999,0.0562169999999999,1.679054,0.0519047975450939,0.1569563002791789,1417.0,0,1.0172721103822655,1.1601840234211693,1.0098828420256982,0.1749290102308902,0.15768924322028455
7033.0,-0.17104,21.078296,-1.924886,22.75962,0.128918,0.075902,0.073117,0.0027849999999999,0.053016,0.055801,1.452743,0.0525303204632475,0.1708991863967506,1418.0,0,1.009744401719069,1.164784608950237,1.001814058956917,0.17515932927783617,0.15056133861719007
7034.0,-0.175765,21.073177,-1.931186,22.758701,0.129212,0.076317,0.073138,0.003179,0.052895,0.056074,1.259436,0.0600990623109498,0.3396062034750495,1419.0,0,1.0146844605292928,1.3295692179005156,0.999527588813304,0.1326903093047993,0.14098011011330341
7035.0,-0.170252,21.071339,-1.925936,22.760407,0.12901,0.076233,0.072912,0.0033209999999999,0.052777,0.056098,1.839357,0.0629239455833868,0.4025727625250073,1420.0,0,1.0151187514137083,1.3889585947302545,0.9972978080120946,0.13229033292870795,0.14485437338858392
7036.0,-0.167758,21.089454,-1.933286,22.762902,0.129634,0.076175,0.073605,0.00257,0.0534589999999999,0.0560289999999999,1.367877,0.0480733258511036,0.071552917059118,1421.0,0,1.0138701651210125,1.0748640736094133,1.0101851851851842,0.1986950786597394,0.14984818553691742
7037.0,-0.168152,21.070421,-1.930005,22.760014,0.129212,0.07566,0.072571,0.003089,0.0535519999999999,0.056641,1.330158,0.0576811756577597,0.2857115862320318,1422.0,0,1.024944582673604,1.2919280635717814,1.0119425547996965,0.13026773026399086,0.14659149496789245
7038.0,-0.170646,21.077771,-1.931186,22.757651,0.129368,0.075151,0.071983,0.0031679999999999,0.054217,0.057385,1.584758,0.0584307794459402,0.3024202310291743,1423.0,0,1.0384076000904783,1.3249686323714063,1.0245086923658362,0.07884754762443036,0.14491848018401984
7039.0,-0.173271,21.078034,-1.93473,22.75857,0.129322,0.07554,0.072419,0.0031209999999999,0.0537819999999999,0.0569029999999999,1.509321,0.0580294888719483,0.2934754767910092,1424.0,0,1.029685591495136,1.305311585110845,1.0162887377173082,0.12034715017278907,0.1377434960891324
7040.0,-0.16999,21.076721,-1.931055,22.755682,0.129138,0.076327,0.073616,0.002711,0.052811,0.055522,1.259436,0.0513330303718852,0.1442116280210539,1425.0,0,1.0046957701877413,1.133835215391097,0.9979402872260024,0.18991769575698653,0.14969614078830254
7041.0,-0.168021,21.077246,-1.940899,22.761458,0.12912,0.075886,0.072713,0.0031729999999999,0.053234,0.056407,1.316014,0.0596036442190287,0.3285633498308864,1426.0,0,1.020710246550555,1.3270598076118914,1.005933484504914,0.13277076545875466,0.14314477222607744
7042.0,-0.17419,21.072258,-1.935649,22.76067,0.128945,0.074647,0.072561,0.002086,0.054298,0.056384,1.353732,0.0384169137553178,0.1436882040069148,1427.0,0,1.020294051119657,0.8724383103304422,1.0260393046107341,0.1581988623921643,0.13868828804553632
7043.0,-0.167627,21.075802,-1.931449,22.758176,0.129056,0.074642,0.071825,0.002817,0.054414,0.057231,1.438599,0.0517688137462096,0.1539252256907781,1428.0,0,1.0356209002488133,1.1781681304893843,1.0282312925170076,0.10340948832896157,0.13910435336621915
7044.0,-0.168021,21.069108,-1.932499,22.759882,0.128642,0.075445,0.073143,0.0023019999999999,0.053197,0.055499,1.471602,0.0432723034700552,0.0354617203972684,1429.0,0,1.0042795747568432,0.9627770807193626,1.0052343159486026,0.25221675629650075,0.14390494675158041
7045.0,-0.171171,21.079215,-1.929874,22.765396,0.12901,0.075146,0.071558,0.003588,0.053864,0.057452,1.259436,0.0666109718741299,0.4847564622622848,1430.0,0,1.0396199954761376,1.5006273525722083,1.017838246409676,0.06677664730645705,0.1451105745790542
7046.0,-0.17104,21.078953,-1.938143,22.761983,0.128762,0.076443,0.0736,0.0028429999999999,0.0523189999999999,0.0551619999999999,1.499891,0.0543386850152904,0.2112075752286299,1431.0,0,0.99818140692151,1.1890422417398656,0.9886432350718055,0.15413023685432803,0.13947672198680272
7047.0,-0.166446,21.081578,-1.934993,22.765265,0.128964,0.075492,0.072471,0.003021,0.0534719999999999,0.056493,1.198144,0.0564958016195091,0.2592896363043779,1432.0,0,1.0222664555530432,1.2634880803011819,1.0104308390022667,0.1344283834708193,0.1403505053185022
7048.0,-0.16474,21.088666,-1.930661,22.768546,0.129175,0.075708,0.072498,0.0032099999999999,0.053467,0.056677,1.358447,0.0600359093289442,0.3381985254978972,1433.0,0,1.0255960190002271,1.3425345043914823,1.010336356764929,0.12685348147804276,0.13880958327550766
7049.0,-0.165396,21.082759,-1.924493,22.767234,0.128918,0.076012,0.072828,0.0031839999999999,0.052906,0.05609,1.301869,0.06018107244788,0.3414342068407463,1434.0,0,1.01497398778557,1.331660393140959,0.9997354497354507,0.13240342844752706,0.144735852909284
7050.0,-0.166052,21.082628,-1.928561,22.764477,0.128927,0.076285,0.073243,0.003042,0.052642,0.055684,1.495176,0.0577854605550596,0.2880360933038528,1435.0,0,1.0076272336575445,1.27227101631122,0.9947467876039313,0.1335791698344717,0.12574964981146403
7051.0,-0.166971,21.081578,-1.923443,22.766183,0.129221,0.075608,0.072744,0.0028639999999999,0.053613,0.056477,1.424454,0.0534188831275411,0.1907052201598955,1436.0,0,1.0219769282967663,1.1978251777499036,1.013095238095239,0.14150859877574962,0.13277031080662788
7052.0,-0.163165,21.070946,-1.934074,22.769728,0.129267,0.075288,0.072592,0.0026959999999999,0.053979,0.0566749999999999,1.16514,0.0499444238606889,0.1132596326810948,1437.0,0,1.0255598280931906,1.1275616896695995,1.0200113378684816,0.14278964196221855,0.13169198797811493
7053.0,-0.161327,21.077509,-1.935124,22.769334,0.129423,0.075135,0.073075,0.0020599999999999,0.054288,0.056348,1.349017,0.0379450717456573,0.1542055475210448,1438.0,0,1.0196426147930342,0.861564199079877,1.0258503401360555,0.16267218466672528,0.1408391708920575
7054.0,-0.163427,21.084728,-1.931318,22.770647,0.129046,0.074453,0.07275,0.001703,0.0545929999999999,0.056296,1.344303,0.0311939040920249,0.3046888615986137,1439.0,0,1.0187016512101343,0.7122542869092727,1.0316137566137555,0.062354725318300996,0.13826720638666562
7055.0,-0.166446,21.083284,-1.926724,22.772091,0.129304,0.07491,0.072965,0.001945,0.054394,0.056339,1.198144,0.0357569629561541,0.2029784234293394,1440.0,0,1.0194797557113784,0.8134671685487583,1.0278533635676501,0.13698325725809557,0.13578035882559467
7056.0,-0.163033,21.085778,-1.93473,22.76894,0.128991,0.074642,0.072676,0.0019659999999999,0.0543489999999999,0.0563149999999999,1.448028,0.0361729530818766,0.1937060166467007,1441.0,0,1.0190454648269613,0.8222501045587546,1.0270030234315939,0.14334700856919846,0.13713621820538788
7057.0,-0.165658,21.079609,-1.926855,22.769334,0.12923,0.076264,0.073726,0.0025379999999999,0.052966,0.055504,1.41031,0.0479166273340003,0.068060112054926,1442.0,0,1.0043700520244296,1.0614805520702661,1.0008692365835232,0.22590021261024507,0.1323273063560473
7058.0,-0.16474,21.07974,-1.931318,22.769203,0.12946,0.074831,0.072214,0.0026169999999999,0.054629,0.0572459999999999,1.523465,0.0479040820062235,0.0677804770944423,1443.0,0,1.0358923320515712,1.0945211208699328,1.032294028722601,0.10113383642412399,0.12894276007780964
7059.0,-0.163427,21.07764,-1.932761,22.769203,0.129414,0.075025,0.072461,0.0025639999999999,0.054389,0.056953,1.53761,0.0471410185695899,0.0507718171577766,1444.0,0,1.0305903641710028,1.0723546633207892,1.027758881330311,0.10753495283681758,0.13406804625385682
7060.0,-0.163558,21.071733,-1.925805,22.764608,0.129285,0.075844,0.07296,0.0028839999999999,0.053441,0.056325,1.485747,0.05396504621833,0.2028791782284007,1445.0,0,1.019226419362136,1.2061898787118446,1.0098450491307644,0.14713776363240383,0.14164786512290986
7061.0,-0.164346,21.071996,-1.929611,22.771434,0.129442,0.075114,0.072256,0.0028579999999999,0.054328,0.057186,1.693198,0.0526054225183603,0.1725732088366065,1446.0,0,1.0348066048405347,1.1953157674613215,1.0266061980347705,0.09341948028234381,0.1377934766000399
7062.0,-0.164215,21.08696,-1.934468,22.765265,0.12923,0.075319,0.072161,0.0031579999999999,0.053911,0.057069,1.532895,0.0585769401988424,0.3056781496016685,1447.0,0,1.0326894367790103,1.3207862818904357,1.018726379440666,0.108944179179842,0.13333636427527476
7063.0,-0.159227,21.078821,-1.92318,22.765921,0.129028,0.075645,0.073138,0.002507,0.053383,0.05589,1.443314,0.046961636445377,0.0467733952665201,1448.0,0,1.0113548970821091,1.0485152655792993,1.0087490551776275,0.2139250464271969,0.13242631605393376
7064.0,-0.164346,21.08289,-1.92528,22.767496,0.129083,0.075183,0.072356,0.0028269999999999,0.0539,0.056727,1.495176,0.052448006530491,0.1690644114316677,1449.0,0,1.0265007916760922,1.182350480970313,1.0185185185185195,0.13815291400883134,0.1334399466615047
7065.0,-0.163558,21.070683,-1.936305,22.76789,0.129285,0.076369,0.072755,0.003614,0.052916,0.05653,1.349017,0.0682956327834156,0.5223075007985372,1450.0,0,1.0229359873331834,1.5115014638227315,0.9999244142101293,0.09843937202939601,0.14302030087997425
7066.0,-0.166183,21.06727,-1.934074,22.767102,0.129469,0.075256,0.072372,0.0028839999999999,0.054213,0.0570969999999999,1.580043,0.0531965912863835,0.1857503420312503,1451.0,0,1.0331961094774929,1.2061898787118446,1.0244331065759646,0.09877588532154713,0.1452493977372147
7067.0,-0.161721,21.072915,-1.928824,22.765921,0.129138,0.076306,0.073731,0.0025749999999999,0.052832,0.055407,1.542325,0.0487384778452859,0.0863791340315254,1452.0,0,1.0026147930332512,1.0769552488498566,0.9983371126228278,0.21679973039683487,0.14913855456587816
7068.0,-0.160802,21.07659,-1.932368,22.767102,0.129184,0.074343,0.072004,0.002339,0.0548409999999999,0.0571799999999999,1.320729,0.0426497939535394,0.0493374378873716,1453.0,0,1.034698032119429,0.9782517774989953,1.0363000755857887,0.11127014249983358,0.15503549901682465
7069.0,-0.160802,21.073571,-1.935124,22.76172,0.129157,0.075844,0.07328,0.0025639999999999,0.053313,0.0558769999999999,1.64605,0.0480924335071462,0.0719788261096798,1454.0,0,1.0111196561863822,1.0723546633207892,1.007426303854876,0.20333849502151274,0.13704250832312273
7070.0,-0.163296,21.080134,-1.937224,22.761851,0.128955,0.075204,0.072576,0.0026279999999999,0.0537509999999999,0.0563789999999999,1.504606,0.0488912040482213,0.0897833962781944,1455.0,0,1.0202035738520687,1.0991217063990002,1.015702947845804,0.16942873220480853,0.1413598835026777
7071.0,-0.164083,21.083941,-1.923968,22.772353,0.129001,0.074547,0.072198,0.002349,0.054454,0.056803,1.52818,0.0431365347534662,0.0384880008080915,1456.0,0,1.0278760461434073,0.9824341279799658,1.0289871504157229,0.13231104856897846,0.1454164386372262
7072.0,-0.161458,21.082234,-1.92948,22.766709,0.128844,0.075198,0.072466,0.0027319999999999,0.0536459999999999,0.0563779999999999,1.476317,0.0509254944358491,0.1351276648598924,1457.0,0,1.0201854783985516,1.1426181514010934,1.013718820861677,0.1679136236893068,0.15132447237543648
7073.0,-0.161983,21.074358,-1.931186,22.771697,0.129212,0.07428,0.072629,0.0016509999999999,0.0549319999999999,0.0565829999999999,1.518751,0.0300547940218083,0.3300795891378851,1458.0,0,1.0238950463695986,0.6905060644081844,1.0380196523053655,0.03399513949017785,0.14441886643417523
7074.0,-0.163033,21.079871,-1.924493,22.771303,0.128808,0.075036,0.072513,0.002523,0.053772,0.056295,1.193429,0.0469194577204175,0.0458332328174269,1459.0,0,1.018683555756617,1.0552070263488522,1.0160997732426313,0.18132666580438095,0.1477466647738109
7075.0,-0.165527,21.072783,-1.929086,22.766183,0.128266,0.075303,0.072151,0.0031519999999999,0.0529629999999999,0.0561149999999999,1.391451,0.0595121214409785,0.3265233099946421,1460.0,0,1.0154263741235006,1.3182768716018536,1.0008125472411176,0.13900492337488113,0.13613369845086573
7076.0,-0.16474,21.074621,-1.928299,22.766446,0.128606,0.0747,0.072125,0.002575,0.0539059999999999,0.056481,1.41031,0.0477674513514016,0.064734984107591,1461.0,0,1.0220493101108357,1.0769552488498986,1.0186318972033248,0.15785622270364985,0.1289102445308051
7077.0,-0.162771,21.074883,-1.927774,22.766971,0.128881,0.076007,0.073086,0.002921,0.0528739999999999,0.055795,1.306584,0.055243498817967,0.2313758463537938,1462.0,0,1.0096358289979652,1.2216645754914772,0.9991307634164767,0.14774367098422259,0.13673171592130337
7078.0,-0.164477,21.066089,-1.934861,22.765527,0.129166,0.075844,0.072876,0.0029679999999999,0.053322,0.05629,1.504606,0.0556607842769536,0.240677126074035,1463.0,0,1.0185930784890305,1.2413216227519965,1.007596371882087,0.14454812589619026,0.1301552631182215
7079.0,-0.163952,21.06622,-1.936305,22.766709,0.129295,0.075062,0.07214,0.002922,0.0542329999999999,0.057155,1.594187,0.0538776413320059,0.2009309260688561,1464.0,0,1.0342456457814984,1.2220828105395742,1.0248110355253202,0.08720883179206096,0.13441484158511602
7080.0,-0.157258,21.075146,-1.93263,22.76684,0.129065,0.0746,0.07193,0.00267,0.054465,0.057135,1.183999,0.0490214078507693,0.0926856349305547,1465.0,0,1.0338837367111522,1.1166875784191181,1.0291950113378694,0.09719419300420229,0.1264134774119688
7081.0,-0.159621,21.07764,-1.934336,22.772616,0.128596,0.075172,0.07266,0.002512,0.0534239999999999,0.0559359999999999,1.697913,0.0470191857744501,0.0480561679965387,1466.0,0,1.0121872879439033,1.0506064408197846,1.0095238095238086,0.21052576247396104,0.12384622510202954
7082.0,-0.157127,21.089191,-1.918849,22.770384,0.128431,0.07429,0.0714,0.0028899999999999,0.0541409999999999,0.0570309999999999,1.193429,0.0533781537438585,0.1897973634821554,1467.0,0,1.032001809545351,1.208699289000427,1.0230725623582757,0.10214909565848829,0.1204285355391785
7083.0,-0.164346,21.08079,-1.929218,22.773929,0.128413,0.07565,0.071846,0.003804,0.052763,0.056567,1.462173,0.0720946099613373,0.6069865822802589,1468.0,0,1.0236055191133238,1.5909661229611707,0.9970332577475443,0.07659092415912261,0.12449890228230531
7084.0,-0.159883,21.071208,-1.935255,22.770384,0.129056,0.075424,0.072009,0.003415,0.053632,0.057047,1.382021,0.0636734846083568,0.4192799637522304,1469.0,0,1.0322913368016295,1.428272689251419,1.0134542705971286,0.10131302407290876,0.12485970723752762
7085.0,-0.16264,21.091422,-1.933155,22.772747,0.129074,0.075109,0.072188,0.0029209999999999,0.053965,0.0568859999999999,1.287725,0.0541266723492568,0.2064818195893067,1470.0,0,1.029377968785342,1.2216645754914353,1.0197467876039314,0.11333240027548885,0.12895820881971085
7086.0,-0.156733,21.076984,-1.92843,22.767759,0.128936,0.075366,0.072146,0.00322,0.0535699999999999,0.0567899999999999,1.64605,0.0601071475238468,0.3397864226155294,1471.0,0,1.0276408052476806,1.3467168548724946,1.0122826908541185,0.1236793270751394,0.12871216541585867
7087.0,-0.151745,21.080396,-1.935124,22.767365,0.128936,0.075498,0.072792,0.002706,0.053438,0.056144,1.264151,0.0506371750968393,0.1287010358865328,1472.0,0,1.015951142275504,1.1317440401506118,1.0097883597883606,0.18844733841549066,0.11807455378689222
7088.0,-0.156996,21.088928,-1.93578,22.772222,0.128753,0.074642,0.072235,0.002407,0.054111,0.056518,1.382021,0.0444818154937907,0.0085017355344333,1473.0,0,1.0227188418909758,1.0066917607695944,1.0225056689342413,0.14815617544841342,0.12433820932120618
7089.0,-0.151614,21.07659,-1.928693,22.768809,0.129212,0.07607,0.072786,0.0032839999999999,0.0531419999999999,0.0564259999999999,1.551754,0.0617955328077074,0.3774204773435927,1474.0,0,1.021054060167382,1.3734838979506638,1.0041950113378675,0.1281938476138933,0.12883977571531097
7090.0,-0.152796,21.075934,-1.926199,22.767759,0.129386,0.07523,0.072309,0.002921,0.0541559999999999,0.057077,1.627191,0.0539357793083074,0.2022268197270313,1475.0,0,1.0328342004071487,1.2216645754914772,1.0233560090702938,0.09473375896568037,0.13849501686178
7091.0,-0.162115,21.086434,-1.93053,22.770515,0.129138,0.074579,0.072062,0.002517,0.0545589999999999,0.057076,1.471602,0.0461326979472141,0.0282963822859703,1476.0,0,1.0328161049536313,1.05269761606027,1.0309712773998478,0.10414964618429634,0.1403901650245278
7092.0,-0.155158,21.078953,-1.929218,22.765921,0.129019,0.074794,0.07275,0.002044,0.0542249999999999,0.056269,1.382021,0.0376940950835393,0.1597998094042204,1477.0,0,1.0182130739651671,0.8548724383103661,1.0246598639455773,0.16478565100162829,0.13641352127018672
7093.0,-0.157389,21.083809,-1.935255,22.771303,0.128945,0.075597,0.072256,0.0033409999999999,0.053348,0.056689,1.801639,0.0626253538023205,0.3959171611421845,1478.0,0,1.0258131644424349,1.3973232956921955,1.0080876795162519,0.12160658810017011,0.13315028699401185
7094.0,-0.160802,21.086434,-1.931974,22.770253,0.128918,0.075487,0.072902,0.002585,0.053431,0.056016,1.372591,0.0483792483904776,0.0783719208134174,1479.0,0,1.0136349242252893,1.0811375993308692,1.0096560846560856,0.19786543553759928,0.1287218414791304
7095.0,-0.158308,21.081578,-1.929611,22.771434,0.129175,0.076773,0.073663,0.0031099999999999,0.052402,0.055512,1.415025,0.0593477472663776,0.3228594148269068,1480.0,0,1.004514815652568,1.3007109995817776,0.990211640211641,0.13228388190296703,0.12809369794260536
7096.0,-0.153714,21.090504,-1.92633,22.773929,0.129184,0.074484,0.071778,0.002706,0.0547,0.057406,1.636621,0.0494689310981517,0.102660914000483,1481.0,0,1.0387876046143416,1.1317440401506118,1.0336356764928203,0.08391288953172837,0.12038832320169746
7097.0,-0.157521,21.077246,-1.934599,22.772091,0.129304,0.075172,0.072839,0.002333,0.054132,0.056465,1.905365,0.0430975560194336,0.0393568355603458,1482.0,0,1.0217597828545588,0.975742367210413,1.0229024943310667,0.15581499565374202,0.13129807597904697
7098.0,-0.154633,21.086303,-1.930268,22.773797,0.128973,0.075928,0.07234,0.0035879999999999,0.053045,0.056633,1.353732,0.0676394073068656,0.5076802556226232,1483.0,0,1.0247998190454657,1.5006273525721663,1.0023620559334854,0.10387172029959912,0.12898393424072394
7099.0,-0.154371,21.09326,-1.935386,22.773797,0.12934,0.077025,0.073899,0.0031259999999999,0.052315,0.055441,1.372591,0.0597522746387336,0.3318763171985239,1484.0,0,1.0032300384528396,1.3074027603513303,0.9885676492819359,0.1219124122486428,0.13111895231700205
7100.0,-0.153452,21.09326,-1.929743,22.774716,0.129285,0.076485,0.072456,0.0040289999999999,0.0528,0.056829,1.396165,0.0763053730042989,0.7008443577066019,1485.0,0,1.0283465279348571,1.6850690087829645,0.9977324263038557,0.01768001155660115,0.1213193512028673
7101.0,-0.154764,21.088928,-1.932893,22.773666,0.12923,0.07565,0.07328,0.0023699999999999,0.05358,0.05595,1.382021,0.0442320971986337,0.014067948457735,1486.0,0,1.0124406242931472,0.9912170639899619,1.0124716553287991,0.21324717395779158,0.11496692843544451
7102.0,-0.156733,21.086172,-1.934861,22.772091,0.129056,0.074815,0.072445,0.00237,0.054241,0.056611,1.325443,0.0436930791637478,0.0260826434555062,1487.0,0,1.0244017190680852,0.9912170639900039,1.024962207105065,0.14164423361839795,0.12014102423946504
7103.0,-0.157914,21.082759,-1.932236,22.777473,0.129148,0.075461,0.072597,0.002864,0.053687,0.056551,1.471602,0.0533452540604977,0.1890640305776512,1488.0,0,1.0233159918570467,1.1978251777499453,1.0144935752078619,0.1429567688629514,0.11406569524173227
7104.0,-0.153977,21.096017,-1.936305,22.778917,0.129184,0.076406,0.072813,0.0035929999999999,0.0527779999999999,0.0563709999999999,1.801639,0.0680763182326304,0.5174189863783922,1489.0,0,1.0200588102239303,1.5027185278126516,0.9973167044595607,0.09986942439625157,0.1047031742840129
7105.0,-0.154633,21.086697,-1.928561,22.782724,0.12946,0.07481,0.071951,0.002859,0.0546499999999999,0.0575089999999999,1.183999,0.0523137728495361,0.1660723469167171,1490.0,0,1.0406514363266222,1.1957340025094603,1.0326908541194246,0.0687596542287392,0.10234272820929968
7106.0,-0.152664,21.083941,-1.936043,22.774979,0.129377,0.076385,0.073317,0.003068,0.052992,0.05606,1.660195,0.057894438888155,0.2904652169115345,1491.0,0,1.0144311241800505,1.2831451275617431,1.0013605442176878,0.13565384757193366,0.10938798195178098
7107.0,-0.155814,21.092079,-1.931843,22.77721,0.129515,0.074946,0.072156,0.00279,0.0545689999999999,0.0573589999999999,1.466888,0.051126992853216,0.1396190582280374,1492.0,0,1.0379371182990265,1.166875784190764,1.0311602418745267,0.09506170567641414,0.10419556229839597
7108.0,-0.158046,21.085647,-1.93473,22.782199,0.129928,0.075361,0.071678,0.0036829999999999,0.0545669999999999,0.0582499999999999,1.547039,0.0674937692420464,0.5044339877510149,1493.0,0,1.0540601673829442,1.5403596821413859,1.031122448979591,0.010246510722405455,0.10215498215849934
7109.0,-0.158046,21.082365,-1.923049,22.781411,0.128936,0.074474,0.071815,0.0026589999999999,0.0544619999999999,0.0571209999999999,1.372591,0.048822136129115,0.0882438745396172,1494.0,0,1.0336304003619081,1.1120869928900088,1.029138321995464,0.09830795150151073,0.0995099070505583
7110.0,-0.157652,21.089454,-1.930661,22.785481,0.129442,0.075587,0.072198,0.003389,0.053855,0.057244,1.53761,0.0629270647653001,0.4026422889914804,1495.0,0,1.0358561411445384,1.4173985780008957,1.017668178382465,0.0881325489814141,0.09406375511872235
7111.0,-0.159096,21.084728,-1.924886,22.780755,0.129396,0.075603,0.072928,0.0026749999999999,0.053793,0.056468,1.448028,0.0497267353236419,0.1084073620558936,1496.0,0,1.0218140692151105,1.1187787536595617,1.0164965986394567,0.16132297742394158,0.0942334445161552
7112.0,-0.154764,21.092341,-1.930924,22.779442,0.129267,0.075881,0.072524,0.0033569999999999,0.0533859999999999,0.0567429999999999,1.330158,0.0628804765205012,0.4016038384842377,1497.0,0,1.0267903189323673,1.4040150564617484,1.0088057445200291,0.12123843221943154,0.09356177673751273
7113.0,-0.158964,21.090897,-1.926461,22.780361,0.129157,0.075424,0.072235,0.003189,0.0537329999999999,0.056922,1.613047,0.059347898909443,0.3228627949460521,1498.0,0,1.0300294051119665,1.333751568381486,1.0153628117913822,0.11650601778354097,0.10483882220657406
7114.0,-0.153452,21.083153,-1.92633,22.77721,0.129561,0.073765,0.071516,0.002249,0.055796,0.058045,1.504606,0.0403068265318924,0.1015621078221372,1499.0,0,1.0503505994118987,0.940610623170261,1.0543461829176124,0.04540790507789205,0.11808257311085746
7115.0,-0.154502,21.093129,-1.929086,22.776029,0.129267,0.073901,0.071657,0.0022439999999999,0.055366,0.0576099999999999,1.325443,0.0405295573175356,0.0965974456347508,1500.0,0,1.0424790771318697,0.938519447929734,1.0462207105064256,0.07045654820306779,0.11466286309142162
7116.0,-0.156733,21.084991,-1.920161,22.781017,0.128936,0.075755,0.072477,0.003278,0.0531809999999999,0.0564589999999999,1.353732,0.0616373961114663,0.373895615371778,1501.0,0,1.021651210133453,1.3709744876621233,1.0049319727891146,0.12893716978550895,0.1221765637076064
7117.0,-0.16054,21.083678,-1.930399,22.777473,0.128826,0.076075,0.073464,0.002611,0.0527509999999999,0.0553619999999999,1.570613,0.0494957537154989,0.1032587892952068,1502.0,0,1.0018004976249708,1.0920117105813922,0.996806500377928,0.20783216036702734,0.11514371550737464
7118.0,-0.15017,21.076852,-1.934599,22.775898,0.129212,0.074983,0.072655,0.0023279999999999,0.054229,0.0565569999999999,1.608332,0.0429282684860777,0.043130249339769,1503.0,0,1.0234245645781488,0.9736511919698859,1.0247354497354506,0.1426840197652397,0.11633064516389864
7119.0,-0.158964,21.091947,-1.926855,22.776685,0.129432,0.074952,0.071951,0.003001,0.0544799999999999,0.0574809999999999,1.40088,0.0550834235788624,0.2278077743226898,1504.0,0,1.0401447636281376,1.2551233793392411,1.0294784580498855,0.06411085130715222,0.11512128024937766
7120.0,-0.160671,21.084334,-1.93053,22.778129,0.12901,0.075372,0.072618,0.0027539999999999,0.053638,0.056392,1.448028,0.0513432390611307,0.1444391793823682,1505.0,0,1.0204388147477954,1.1518193224592284,1.0135676492819359,0.16326955514326208,0.12224123175714567
7121.0,-0.153189,21.08801,-1.926855,22.776685,0.129396,0.075975,0.072403,0.003572,0.053421,0.056993,1.523465,0.0668638388678822,0.4903928595779714,1506.0,0,1.0313141823116951,1.4939355918026556,1.009467120181407,0.09099449542162363,0.12560954975541674
7122.0,-0.155946,21.079215,-1.931711,22.77406,0.128762,0.074668,0.072109,0.0025589999999999,0.0540939999999999,0.0566529999999999,1.391451,0.0473056659580366,0.0544418022535173,1507.0,0,1.02516172811581,1.070263488080304,1.0221844293272855,0.1331077287846716,0.12582244218428698
7123.0,-0.154108,21.077902,-1.923311,22.776948,0.128753,0.074731,0.071631,0.0031,0.054022,0.057122,1.268866,0.0573829665142625,0.2790645138285565,1508.0,0,1.0336484958154273,1.2965286491008488,1.0208238851096003,0.10441236863833114,0.12772082907843282
7124.0,-0.15122,21.078296,-1.925411,22.780492,0.129193,0.075335,0.072246,0.0030889999999999,0.053858,0.056947,1.518751,0.0573534599602665,0.2784068136705784,1509.0,0,1.0304817914498992,1.2919280635717394,1.0177248677248687,0.11660742015557224,0.124810112228292
7125.0,-0.152139,21.085384,-1.927249,22.780624,0.128716,0.074521,0.071678,0.0028429999999999,0.0541949999999999,0.0570379999999999,1.415025,0.0524577459591113,0.1692815029884478,1510.0,0,1.032128477719972,1.1890422417398656,1.024092970521541,0.10413972818577844,0.14069674147293323
7126.0,-0.152139,21.076852,-1.915699,22.781542,0.128459,0.075676,0.072608,0.0030679999999999,0.052783,0.0558509999999999,1.070844,0.0581236738405575,0.2955748567708516,1511.0,0,1.0106491743949324,1.2831451275617014,0.9974111866969018,0.13106609407421144,0.13099159912512884
7127.0,-0.15227,21.086041,-1.934993,22.776948,0.128725,0.075309,0.072891,0.002418,0.053416,0.055834,1.278295,0.0452664881966415,0.0089885942646883,1512.0,0,1.01034155168514,1.011292346298662,1.0093726379440673,0.22681602930848593,0.13533629635932937
7128.0,-0.150695,21.075409,-1.927905,22.78233,0.128789,0.07544,0.07202,0.0034199999999999,0.0533489999999999,0.0567689999999999,1.726202,0.0641049671977505,0.4288976970614908,1513.0,0,1.0272608007238173,1.4303638644918624,1.0081065759637178,0.11357685126383121,0.13764795039941488
7129.0,-0.156864,21.07764,-1.925936,22.779311,0.128863,0.075419,0.072981,0.0024379999999999,0.053444,0.055882,1.193429,0.0456169894283842,0.0168012556659389,1514.0,0,1.0112101334539707,1.019657047260561,1.0099017384731679,0.22297714375356448,0.14263769018216663
7130.0,-0.154108,21.090504,-1.932368,22.779311,0.128679,0.07523,0.071484,0.0037459999999999,0.0534489999999999,0.0571949999999999,1.325443,0.0700841908325538,0.5621744033053364,1515.0,0,1.0349694639221887,1.5667084901715,1.0099962207105053,0.06621813166521817,0.147770311871343
7131.0,-0.150302,21.087091,-1.928955,22.780098,0.128734,0.075492,0.072335,0.003157,0.0532419999999999,0.0563989999999999,1.202858,0.0592941795165563,0.3216653913728378,1516.0,0,1.020565482922415,1.3203680468423806,1.006084656084655,0.13444146776362897,0.15433861432392437
7132.0,-0.157127,21.078821,-1.939193,22.786137,0.128615,0.075303,0.072424,0.0028789999999999,0.053312,0.056191,1.551754,0.0540018382008139,0.2036992703575999,1517.0,0,1.0168016285908175,1.2040987034713593,1.0074074074074082,0.1562242691855269,0.1485471404068281
7133.0,-0.152008,21.077509,-1.932368,22.78128,0.128872,0.076154,0.073254,0.0029,0.0527179999999999,0.0556179999999999,1.382021,0.0550086306644663,0.226140642619659,1518.0,0,1.0064329337254005,1.212881639481439,0.996182917611488,0.1543097664658486,0.13995775341675937
7134.0,-0.148727,21.082759,-1.93368,22.784824,0.128633,0.07449,0.072293,0.002197,0.054143,0.05634,1.547039,0.0405769799054374,0.0955403976460584,1519.0,0,1.0194978511648958,0.9188624006692145,1.0231103552532133,0.16793363704733616,0.14285810067631913
7135.0,-0.15122,21.081053,-1.935649,22.782986,0.129175,0.075456,0.072776,0.00268,0.053719,0.056399,1.763921,0.0498883097542814,0.1120088510190282,1520.0,0,1.0205654829224167,1.1208699289000887,1.0150982615268338,0.16982275271159175,0.13053791048115598
7136.0,-0.151352,21.085778,-1.933811,22.78443,0.129175,0.075718,0.07202,0.0036979999999999,0.053457,0.057155,1.235862,0.0691758015638443,0.5419264351550643,1521.0,0,1.0342456457814984,1.5466332078628418,1.0101473922902502,0.07315135490324864,0.1410530284272909
7137.0,-0.145183,21.081184,-1.93788,22.782593,0.12878,0.075251,0.07233,0.0029209999999999,0.053529,0.05645,1.551754,0.0545675322249204,0.2163085723137776,1522.0,0,1.0214883510517991,1.2216645754914353,1.0115079365079374,0.14092215940779895,0.14162177443129648
7138.0,-0.149777,21.093785,-1.93368,22.785743,0.128826,0.075933,0.072912,0.0030209999999999,0.0528929999999999,0.0559139999999999,1.580043,0.0571142284569137,0.2730743510058548,1523.0,0,1.0117891879665226,1.2634880803011401,0.9994897959183663,0.14258032385942865,0.14100771403190332
7139.0,-0.14282,21.077902,-1.934468,22.784037,0.129019,0.074742,0.071894,0.002848,0.0542769999999999,0.0571249999999999,1.53761,0.0524706142451822,0.169568336679122,1524.0,0,1.0337027821759774,1.1911334169803927,1.025642479213907,0.0997752418019332,0.13842755213552893
7140.0,-0.147677,21.079478,-1.936436,22.786006,0.128945,0.075083,0.072571,0.002512,0.053862,0.056374,1.556469,0.0466368379035701,0.0395336460133126,1525.0,0,1.020113096584484,1.0506064408197846,1.01780045351474,0.17136931112656717,0.1280278872901795
7141.0,-0.147939,21.084991,-1.935255,22.784956,0.128881,0.07607,0.072834,0.003236,0.052811,0.056047,1.438599,0.0612739528894948,0.365794477416498,1526.0,0,1.0141958832843256,1.3534086156420473,0.9979402872260024,0.1401289278036847,0.12797417617779608
7142.0,-0.142426,21.083809,-1.92423,22.789025,0.128615,0.075902,0.072944,0.002958,0.052713,0.055671,1.462173,0.0561141252798118,0.2507820827300366,1527.0,0,1.0073919927618196,1.2371392722710681,0.9960884353741506,0.15008366519159522,0.13427589293275494
7143.0,-0.138751,21.076065,-1.93053,22.786925,0.129423,0.076233,0.072954,0.0032789999999999,0.05319,0.056469,1.330158,0.0616457671410574,0.3740822053573547,1528.0,0,1.021832164668628,1.3713927227101785,1.0051020408163274,0.12850814750210482,0.1321077460311323
7144.0,-0.140458,21.084072,-1.925149,22.787581,0.129451,0.075104,0.071873,0.0032309999999999,0.054347,0.057578,1.641336,0.0594502097593287,0.3251433005632704,1529.0,0,1.0419000226193178,1.3513174404015202,1.0269652305366601,0.063936988593842,0.12442759986845113
7145.0,-0.147677,21.083941,-1.927511,22.787975,0.12934,0.075613,0.07296,0.002653,0.053727,0.05638,1.301869,0.0493783502084574,0.1006418688259849,1530.0,0,1.0202216693055879,1.1095775826014682,1.015249433106577,0.16928564158775755,0.12481493521800369
7146.0,-0.15017,21.085384,-1.937618,22.791125,0.12935,0.075702,0.072765,0.002937,0.0536479999999999,0.0565849999999999,1.330158,0.0547447296314937,0.2202582969177513,1531.0,0,1.0239312372766334,1.22835633626103,1.0137566137566127,0.13616852245283695,0.12059859432061945
7147.0,-0.146233,21.078559,-1.928299,22.789025,0.129671,0.076012,0.072807,0.0032049999999999,0.053659,0.056864,1.405595,0.0597279165113678,0.3313333753077601,1532.0,0,1.0289798688079628,1.3404433291509972,1.0139644746787613,0.11924069039157259,0.12733236188152525
7148.0,-0.13967,21.087747,-1.92528,22.788631,0.129166,0.075482,0.071873,0.0036089999999999,0.053684,0.057293,1.353732,0.0672254819782059,0.4984538731013952,1533.0,0,1.036742818366886,1.5094102885822045,1.0144368858654582,0.0657788622326172,0.12986531218959957
7149.0,-0.155552,21.083547,-1.938143,22.782986,0.129157,0.074537,0.072014,0.002523,0.0546199999999999,0.057143,1.476317,0.0461910254297799,0.0295965000327989,1534.0,0,1.0340285003392906,1.0552070263488522,1.0321239606953883,0.10364859529745862,0.13274826330467074
7150.0,-0.143608,21.078296,-1.927905,22.78955,0.129276,0.076301,0.072876,0.0034249999999999,0.052975,0.0564,1.391451,0.0646519178495922,0.4410892098410219,1535.0,0,1.0205835783759338,1.4324550397323474,1.001039304610734,0.1292059021527251,0.14087158375810338
7151.0,-0.145051,21.085778,-1.925674,22.785218,0.129129,0.075256,0.073086,0.00217,0.0538729999999999,0.0560429999999999,1.311299,0.0402791699149869,0.1021785729407114,1536.0,0,1.0141235014702548,0.9075700543705941,1.0180083144368848,0.20746660341274248,0.14679514566564605
7152.0,-0.148595,21.078428,-1.916749,22.780098,0.128955,0.075272,0.072639,0.002633,0.0536829999999999,0.0563159999999999,1.202858,0.0490462707696895,0.0932398286091442,1537.0,0,1.0190635602804787,1.1012128816395272,1.0144179894179883,0.17541316827233844,0.15087027623730814
7153.0,-0.144001,21.094179,-1.930661,22.783249,0.129001,0.075324,0.072566,0.0027579999999999,0.053677,0.056435,1.330158,0.0513804538172062,0.1452686951215924,1538.0,0,1.0212169192490397,1.1534922626516164,1.014304610733183,0.15733765865281646,0.1458883503894624
7154.0,-0.149908,21.08184,-1.931711,22.784693,0.128808,0.075109,0.072261,0.0028479999999999,0.053699,0.056547,1.551754,0.0530353817504653,0.1821569865599452,1539.0,0,1.0232436100429776,1.191133416980351,1.0147203325774763,0.14517019312816848,0.1569868013316889
7155.0,-0.150302,21.077246,-1.929218,22.782199,0.128532,0.07534,0.072818,0.002522,0.053192,0.055714,1.27358,0.047412253492001,0.0568176350239693,1540.0,0,1.0081700972630636,1.054788791300755,1.0051398337112631,0.22852126066318412,0.16207947659966832
7156.0,-0.148727,21.070683,-1.935124,22.783512,0.128863,0.075713,0.072923,0.00279,0.05315,0.05594,1.405595,0.0524919568775752,0.1700440632820454,1541.0,0,1.0122596697579742,1.166875784190764,1.0043461829176124,0.1769198281694579,0.15817985320303757
7157.0,-0.15017,21.084597,-1.926724,22.785743,0.128982,0.074626,0.071552,0.0030739999999999,0.054356,0.05743,1.316014,0.0565520540132824,0.2605435003874676,1542.0,0,1.0392218954987569,1.2856545378502837,1.0271352985638709,0.06942143191311512,0.1497125750701669
7158.0,-0.145183,21.082628,-1.934074,22.782986,0.128606,0.075204,0.072435,0.0027689999999999,0.053402,0.056171,1.372591,0.05185101960564,0.1557575917048284,1543.0,0,1.0164397195204713,1.158092848180684,1.009108087679517,0.17676337165488248,0.14398078010782997
7159.0,-0.146364,21.085253,-1.925674,22.782724,0.128789,0.074973,0.072298,0.0026749999999999,0.0538159999999999,0.0564909999999999,1.613047,0.0497054833974394,0.1079336572910933,1544.0,0,1.0222302646460069,1.1187787536595617,1.016931216931216,0.15457534797725248,0.14649253944603582
7160.0,-0.14492,21.07764,-1.927905,22.779442,0.128955,0.075204,0.071741,0.0034629999999999,0.0537509999999999,0.0572139999999999,1.584758,0.0644255097484743,0.4360425804076837,1545.0,0,1.0353132775390175,1.4483479715600354,1.015702947845804,0.09020966818641785,0.14570258146702736
7161.0,-0.147545,21.071733,-1.92843,22.784168,0.128789,0.076878,0.073794,0.003084,0.0519109999999999,0.0549949999999999,1.631906,0.059408229311142,0.3242075576971903,1546.0,0,0.9951594661841203,1.289836888331296,0.9809334845049121,0.12279382208403544,0.1344675015456335
7162.0,-0.144789,21.082497,-1.930399,22.78443,0.128973,0.076044,0.072524,0.0035199999999999,0.052929,0.056449,1.547039,0.0665029283959946,0.4823481765421817,1547.0,0,1.0214702555982818,1.472187369301567,1.0001700680272116,0.11809521864896955,0.13050956601535973
7163.0,-0.148595,21.06727,-1.92738,22.778917,0.128854,0.075104,0.072582,0.002522,0.0537499999999999,0.056272,1.415025,0.0469200573012597,0.0458465974554893,1548.0,0,1.018267360325719,1.054788791300755,1.015684051398336,0.18245525203487484,0.14463852572450336
7164.0,-0.148202,21.077246,-1.936699,22.786662,0.12867,0.075713,0.072435,0.003278,0.052957,0.056235,1.504606,0.0618981079345897,0.3797068736867306,1549.0,0,1.017597828545579,1.3709744876621233,1.0006991685563122,0.13727061333808377,0.13804197670572804
7165.0,-0.144789,21.075015,-1.924099,22.78338,0.128973,0.074196,0.071862,0.002334,0.054777,0.057111,1.462173,0.0426083464164446,0.0502613021820205,1550.0,0,1.033449445826737,0.9761606022585101,1.0350907029478467,0.11617046144924537,0.13421673031761433
7166.0,-0.148989,21.07869,-1.937224,22.776423,0.128367,0.074059,0.071768,0.002291,0.054308,0.056599,1.613047,0.0421845366329706,0.0597080088893186,1551.0,0,1.0241845736258774,0.958176495190337,1.026228269085413,0.13734047286672046,0.13831823838622676
7167.0,-0.146889,21.073702,-1.931711,22.778392,0.128679,0.075188,0.072729,0.002459,0.0534909999999999,0.0559499999999999,1.636621,0.0459694907649742,0.0246584993411571,1552.0,0,1.0124406242931454,1.028439983270641,1.0107898715041561,0.21071102900455163,0.14068771369354977
7168.0,-0.144133,21.073702,-1.932761,22.775766,0.129203,0.075424,0.072193,0.003231,0.053779,0.05701,1.235862,0.0600780959464487,0.339138863871568,1553.0,0,1.0316218050214891,1.351317440401562,1.0162320483749063,0.1107978814671291,0.14409369674401654
7169.0,-0.146758,21.084466,-1.934599,22.787712,0.128753,0.075046,0.071825,0.003221,0.053707,0.056928,1.52818,0.0599724435838236,0.3367838760407762,1554.0,0,1.0301379778330704,1.3471350899205916,1.0148715041572194,0.11632288409611513,0.13864639533201936
7170.0,-0.142033,21.080922,-1.931974,22.778392,0.128523,0.075351,0.072151,0.0031999999999999,0.053172,0.0563719999999999,1.608332,0.0601809188874051,0.3414307839826034,1555.0,0,1.0200769056774477,1.3383521539105117,1.0047619047619056,0.13122474887254243,0.136634355996123
7171.0,-0.145314,21.081709,-1.935124,22.780624,0.128743,0.075372,0.072435,0.0029369999999999,0.053371,0.056308,1.575328,0.0550288540807913,0.2265914219317266,1556.0,0,1.0189187966523419,1.2283563362609882,1.008522297808013,0.14648857515726554,0.1265759799392401
7172.0,-0.144001,21.077115,-1.93368,22.782068,0.129166,0.07503,0.072671,0.002359,0.054136,0.056495,1.29244,0.0435746347230175,0.0287227663038217,1557.0,0,1.0223026464600777,0.9866164784609363,1.022978080120938,0.1521550491536371,0.12906032721677244
7173.0,-0.144789,21.075277,-1.934336,22.777473,0.129157,0.07524,0.072345,0.0028949999999999,0.0539169999999999,0.0568119999999999,1.367877,0.0536926443859192,0.1968073499751164,1558.0,0,1.0280389052250614,1.210790464240912,1.0188397581254716,0.12798223791490304,0.12460332964491246
7174.0,-0.14072,21.079346,-1.92948,22.781017,0.129102,0.074726,0.072219,0.0025069999999999,0.0543759999999999,0.0568829999999999,1.41031,0.0461040513452378,0.0276578504313884,1559.0,0,1.0293236824247898,1.0485152655792576,1.0275132275132264,0.11715021997912023,0.11896039622434425
7175.0,-0.144133,21.078953,-1.934336,22.777604,0.12901,0.075965,0.071941,0.004024,0.053045,0.057069,1.278295,0.075858688685292,0.6908877783237029,1560.0,0,1.0326894367790103,1.682977833542521,1.0023620559334854,0.01558670088041636,0.12005336510432914
7176.0,-0.139933,21.083153,-1.92423,22.782199,0.128624,0.075172,0.07234,0.002832,0.0534519999999999,0.0562839999999999,1.41031,0.0529811236039137,0.1809475741845325,1561.0,0,1.0184845057679248,1.18444165621084,1.0100529100529092,0.1621839456420438,0.11569802374384656
7177.0,-0.145445,21.070552,-1.932105,22.78128,0.129065,0.07502,0.072697,0.002323,0.054045,0.056368,1.405595,0.0429819043037413,0.0419347086556421,1562.0,0,1.0200045238633804,0.9715600167294425,1.0212585034013615,0.16614105328595163,0.11284549057206225
7178.0,-0.142426,21.073833,-1.926724,22.777998,0.12935,0.074568,0.071652,0.002916,0.054782,0.057698,1.429169,0.0532281912272055,0.1864547037155572,1563.0,0,1.0440714770413944,1.2195734002509921,1.035185185185186,0.05436854726144713,0.1117332729712841
7179.0,-0.140458,21.078296,-1.931055,22.783905,0.128771,0.07512,0.072035,0.003085,0.0536509999999999,0.0567359999999999,1.547039,0.0575001863863417,0.2816773410802586,1564.0,0,1.0266636507577462,1.290255123379393,1.0138133030990164,0.12725257289596426,0.11237281278227665
7180.0,-0.140983,21.085516,-1.929611,22.784562,0.129065,0.075372,0.071867,0.0035049999999999,0.053693,0.057198,1.504606,0.0652773121764069,0.4550292296617046,1565.0,0,1.0350237502827424,1.4659138435801116,1.014606953892669,0.08767133526771675,0.11568428162896813
7181.0,-0.142033,21.086828,-1.930005,22.777473,0.128881,0.075377,0.072035,0.0033419999999999,0.0535039999999999,0.0568459999999999,1.358447,0.0624614522007288,0.3922637996119225,1566.0,0,1.0286541506446496,1.3977415307402927,1.0110355253212386,0.11796324343942233,0.1281548462303051
7182.0,-0.144001,21.067533,-1.925543,22.776029,0.128394,0.074196,0.071825,0.0023709999999999,0.054198,0.056569,1.52818,0.0437461945792357,0.0248987025194633,1567.0,0,1.0236417100203583,0.991635299038059,1.0241496598639466,0.14103287314585533,0.12703430411374902
7183.0,-0.148727,21.075934,-1.932893,22.78023,0.128495,0.075351,0.072282,0.003069,0.053144,0.056213,1.372591,0.0577476714648603,0.2871937756751235,1568.0,0,1.0171997285681982,1.2835633626098404,1.004232804232805,0.13437763602482855,0.12159041552222383
7184.0,-0.147808,21.087485,-1.928561,22.783512,0.128753,0.074731,0.072256,0.002475,0.054022,0.056497,1.627191,0.0458138200396128,0.0211886037824766,1569.0,0,1.0223388373671125,1.035131744040194,1.0208238851096003,0.15026490844603524,0.13754756772434387
7185.0,-0.146364,21.075277,-1.929874,22.777736,0.128826,0.075009,0.072156,0.002853,0.0538169999999999,0.05667,1.650765,0.0530120034189306,0.1816358842873546,1570.0,0,1.0254693508256059,1.193224592220878,1.0169501133786838,0.1402923468937859,0.13953608679798785
7186.0,-0.14387,21.076852,-1.930793,22.779573,0.128422,0.074442,0.071857,0.0025849999999999,0.05398,0.056565,1.372591,0.0478872195772584,0.067404614084626,1571.0,0,1.023569328206289,1.0811375993308272,1.0200302343159495,0.1509785244764833,0.14354866542680395
7187.0,-0.144133,21.080659,-1.929086,22.780492,0.128486,0.074936,0.071579,0.0033569999999999,0.0535499999999999,0.0569069999999999,1.514036,0.0626879049877686,0.3973114250930518,1572.0,0,1.0297579733092053,1.4040150564617484,1.011904761904761,0.1117021673706996,0.13823719881290594
7188.0,-0.146364,21.080659,-1.923836,22.776948,0.128541,0.075587,0.072986,0.002601,0.0529539999999999,0.0555549999999999,1.551754,0.0491171749598717,0.0948202807720919,1573.0,0,1.0052929201538106,1.0878293601004219,1.0006424792139068,0.21394006928264736,0.13170591656546304
7189.0,-0.143739,21.084466,-1.925674,22.779705,0.128863,0.075419,0.072534,0.0028849999999999,0.053444,0.056329,1.339588,0.0539807278510618,0.2032287213274151,1574.0,0,1.0192988011762054,1.2066081137599416,1.0099017384731679,0.14713776363240383,0.13077158804576478
7190.0,-0.140458,21.091685,-1.932368,22.777342,0.128835,0.074721,0.072119,0.0026019999999999,0.054114,0.056716,1.377306,0.0480827866580429,0.0717637981474135,1575.0,0,1.026301741687402,1.0882475951484771,1.022562358276645,0.12779712155587797,0.12288353700580454
7191.0,-0.142295,21.078559,-1.931449,22.77616,0.128771,0.075382,0.0716,0.003782,0.0533889999999999,0.057171,1.391451,0.0708372354373479,0.5789597437962797,1576.0,0,1.0345351730377752,1.5817649519030357,1.0088624338624328,0.06484857730044236,0.11927668742560575
7192.0,-0.144395,21.073571,-1.929349,22.78023,0.128707,0.07638,0.072624,0.003756,0.0523269999999999,0.0560829999999999,1.589473,0.071778015593946,0.599929703816029,1577.0,0,1.0148473196109469,1.5708908406525122,0.9887944066515485,0.07572005067142618,0.11614284512076334
7193.0,-0.135732,21.083415,-1.92528,22.778654,0.129083,0.075781,0.072482,0.0032989999999999,0.053302,0.056601,1.490462,0.0618914507626211,0.3795584855335088,1578.0,0,1.024220764532912,1.3797574236721195,1.0072184429327296,0.12503435082784597,0.1194049993843846
7194.0,-0.138358,21.073177,-1.939061,22.773797,0.129487,0.076033,0.072324,0.003709,0.0534539999999999,0.0571629999999999,1.358447,0.0693854644093163,0.5465998133681771,1579.0,0,1.034390409409635,1.551233793391951,1.0100907029478448,0.07138439804643304,0.11172760100711585
7195.0,-0.145708,21.074752,-1.930793,22.778654,0.12912,0.074642,0.07214,0.002502,0.054478,0.05698,1.726202,0.0459259531195507,0.0236880465977795,1580.0,0,1.0310789414159702,1.046424090338814,1.0294406651549517,0.10422385109179799,0.11198059149887152
7196.0,-0.135732,21.081578,-1.939455,22.776817,0.12867,0.074763,0.071741,0.0030219999999999,0.053907,0.056929,1.551754,0.0560584699859018,0.2495415279840687,1581.0,0,1.0301560732865878,1.2639063153492374,1.0186507936507945,0.11964010142805925,0.1065719889041267
7197.0,-0.140064,21.071471,-1.933549,22.778392,0.128854,0.074978,0.072219,0.0027589999999999,0.0538759999999999,0.0566349999999999,1.231147,0.0512092358520333,0.1414522520778502,1582.0,0,1.0248360099524985,1.1539104976997137,1.0180650037792887,0.14432371000691213,0.11402065781174694
7198.0,-0.144001,21.081972,-1.931843,22.776029,0.128835,0.075776,0.072639,0.003137,0.053059,0.056196,1.443314,0.0591217489634376,0.3178219197820282,1583.0,0,1.016892105858404,1.3120033458804397,1.0026266061980358,0.1371660855099599,0.11847072533875416
7199.0,-0.14072,21.083153,-1.927118,22.779967,0.128651,0.074747,0.072088,0.0026589999999999,0.0539039999999999,0.0565629999999999,1.613047,0.0493275206381596,0.0995088793071361,1584.0,0,1.0235331372992527,1.1120869928900088,1.018594104308389,0.1496676685499604,0.11874026302155923
7200.0,-0.139801,21.082365,-1.930136,22.772616,0.128826,0.074784,0.071442,0.0033419999999999,0.0540419999999999,0.0573839999999999,1.226432,0.0618396462076494,0.3784037636370283,1585.0,0,1.0383895046369591,1.3977415307402927,1.021201814058956,0.07371109560842981,0.12437742549961342
7201.0,-0.138095,21.083941,-1.932105,22.774716,0.128927,0.075099,0.072256,0.0028429999999999,0.053828,0.056671,1.570613,0.0528153969050139,0.1772535312928327,1586.0,0,1.0254874462791232,1.1890422417398656,1.0171579743008323,0.13933526637664495,0.12491200169857519
7202.0,-0.14177,21.088666,-1.93578,22.780755,0.128964,0.075624,0.072251,0.003373,0.05334,0.056713,1.353732,0.0632346600176224,0.409498577464644,1587.0,0,1.0262474553268501,1.410706817231343,1.0079365079365088,0.12022072594149813,0.13316857984932598
7203.0,-0.139801,21.085122,-1.920424,22.769597,0.128743,0.075088,0.072014,0.003074,0.0536549999999999,0.056729,1.514036,0.0572908901148055,0.2770121337886146,1588.0,0,1.026536982583127,1.2856545378503255,1.013888888888888,0.12772972765589674,0.13416001964871752
7204.0,-0.137045,21.082234,-1.926986,22.771434,0.128826,0.076453,0.073212,0.0032409999999999,0.052373,0.055614,1.278295,0.0618818497727879,0.3793444797729266,1589.0,0,1.0063605519113332,1.3554997908824908,0.9896636432350727,0.12775602282697485,0.12961087187587683
7205.0,-0.136257,21.077902,-1.926199,22.769203,0.12934,0.075582,0.072335,0.003247,0.053758,0.057005,1.509321,0.0603991889730091,0.3462960173067988,1590.0,0,1.0315313277539027,1.358009201171115,1.015835222978081,0.10956961308141566,0.12306590196833411
7206.0,-0.144658,21.073046,-1.929611,22.768284,0.128918,0.075608,0.07296,0.0026479999999999,0.05331,0.055958,1.523465,0.0496707996473522,0.1071605575955252,1591.0,0,1.0125853879212856,1.1074864073609412,1.0073696145124726,0.20220588293556713,0.12861490366558004
7207.0,-0.147152,21.080003,-1.930793,22.770253,0.129285,0.075393,0.072781,0.002612,0.053892,0.056504,1.415025,0.048466405655651,0.08031465350532,1592.0,0,1.0224655055417335,1.0924299456294895,1.0183673469387764,0.1542381080008275,0.12861989505022714
7208.0,-0.143214,21.075671,-1.930005,22.767102,0.129138,0.07449,0.071689,0.0028009999999999,0.054648,0.057449,1.575328,0.0512543687899137,0.1424582638397797,1593.0,0,1.0395657091155857,1.1714763697197896,1.0326530612244909,0.09167460778155312,0.12088595435136776
7209.0,-0.142164,21.069371,-1.925149,22.765658,0.129046,0.074973,0.071741,0.0032319999999999,0.0540729999999999,0.0573049999999999,1.415025,0.0597699448903354,0.3322701865494346,1594.0,0,1.036959963809092,1.3517356754496173,1.02178760393046,0.0842179694745333,0.11580273032410174
7210.0,-0.144658,21.070158,-1.926593,22.771172,0.128633,0.07597,0.072702,0.0032679999999999,0.052663,0.0559309999999999,1.466888,0.062053774874677,0.383176684871771,1595.0,0,1.0120968106763166,1.366792137181111,0.9951436130007568,0.12920111258088895,0.11631663016722918
7211.0,-0.140326,21.078559,-1.930924,22.766052,0.129258,0.076322,0.073185,0.003137,0.052936,0.056073,1.169855,0.0592591193305249,0.3208839009319457,1596.0,0,1.0146663650757757,1.3120033458804397,1.0003023431594869,0.13938518022311608,0.11443740235280993
7212.0,-0.135076,21.082628,-1.930793,22.771697,0.12935,0.075645,0.071852,0.003793,0.0537049999999999,0.0574979999999999,1.556469,0.0706252560235356,0.5742347293479217,1597.0,0,1.0404523863379318,1.586365537432103,1.0148337112622816,0.042881318952904146,0.1091572226807204
7213.0,-0.13757,21.077509,-1.929086,22.768284,0.129111,0.07482,0.071741,0.0030789999999999,0.054291,0.05737,1.349017,0.0567118544168569,0.2641054463432744,1598.0,0,1.0381361682877186,1.287745713090769,1.025907029478459,0.07689748738323643,0.10772385415541422
7214.0,-0.139145,21.076459,-1.940505,22.767627,0.128789,0.075172,0.072182,0.00299,0.0536169999999999,0.0566069999999999,1.339588,0.0557648550859787,0.2429968611249644,1599.0,0,1.024329337254014,1.2505227938101735,1.0131708238851087,0.13289502125824948,0.11046067872958418
7215.0,-0.140983,21.073571,-1.937486,22.766446,0.129267,0.074957,0.072083,0.002874,0.05431,0.057184,1.561184,0.0529174568687743,0.1795284446662293,1600.0,0,1.0347704139335,1.202007528230916,1.0262660619803485,0.09077733493722318,0.1201539562324109
7216.0,-0.137045,21.078428,-1.930924,22.769597,0.128955,0.075576,0.072692,0.0028839999999999,0.0533789999999999,0.0562629999999999,1.683769,0.0540277257399774,0.2042763027891012,1601.0,0,1.0181045012440615,1.2061898787118446,1.0086734693877542,0.14940408621467183,0.11916657925490293
7217.0,-0.136389,21.073965,-1.934336,22.764871,0.128835,0.075729,0.072624,0.003105,0.053106,0.056211,1.301869,0.0584668687743613,0.3032246610214768,1602.0,0,1.0171635376611634,1.298619824341334,1.0035147392290258,0.1399044227477656,0.11896904056802807
7218.0,-0.13127,21.065958,-1.929086,22.766577,0.128716,0.075293,0.071904,0.003389,0.053423,0.056812,1.542325,0.0634359089547769,0.4139844099267213,1603.0,0,1.0280389052250631,1.4173985780008957,1.0095049130763425,0.11904285352325283,0.12549126643016306
7219.0,-0.134157,21.06517,-1.932236,22.762902,0.128945,0.075356,0.072713,0.002643,0.053589,0.056232,1.462173,0.0493189027803695,0.0993167875287908,1604.0,0,1.017543542185027,1.1053952321204978,1.0126417233560099,0.18115074450280044,0.12802961348169567
7220.0,-0.139539,21.06727,-1.930136,22.764871,0.129138,0.075477,0.072277,0.0032,0.053661,0.056861,1.358447,0.0596325146286014,0.329206870349731,1605.0,0,1.028925582447411,1.3383521539105536,1.014002267573697,0.11932734280580926,0.12585317371679156
7221.0,-0.144526,21.088928,-1.928824,22.772091,0.128973,0.075781,0.072718,0.0030629999999999,0.053192,0.056255,1.316014,0.0575827646494838,0.2835180079613006,1606.0,0,1.0179597376159248,1.281053952321216,1.0051398337112631,0.13740979335436754,0.12363796299764593
7222.0,-0.136651,21.085253,-1.934861,22.770778,0.129497,0.075613,0.072414,0.0031989999999999,0.053884,0.0570829999999999,1.66491,0.0593671708267605,0.3232923653752522,1607.0,0,1.0329427731282506,1.3379339188624146,1.0182161753590335,0.10810357757425393,0.12039874943701019
7223.0,-0.133501,21.071208,-1.935911,22.768809,0.129092,0.075755,0.07224,0.003515,0.053337,0.056852,1.40088,0.0659004837076756,0.4689197034397712,1608.0,0,1.0287627233657552,1.4700961940611237,1.0078798185941051,0.10228095789856284,0.11844128697046608
7224.0,-0.132845,21.070552,-1.932499,22.766315,0.129138,0.07492,0.072246,0.0026739999999999,0.054218,0.056892,1.457458,0.049318504583264,0.0993079117278676,1609.0,0,1.0294865415064474,1.1183605186114645,1.024527588813304,0.111130623609208,0.1284145589773133
7225.0,-0.137176,21.070027,-1.931186,22.766183,0.129083,0.07692,0.073149,0.0037709999999999,0.052163,0.055934,1.278295,0.0722912353347135,0.6113693556515398,1610.0,0,1.0121510970368703,1.577164366373926,0.9856953892668188,0.06862522774576707,0.11819463428447893
7226.0,-0.137439,21.080659,-1.934205,22.760933,0.129414,0.075219,0.072414,0.0028049999999999,0.054195,0.0569999999999999,1.457458,0.0517565872020073,0.1536526964061144,1611.0,0,1.0314408504863144,1.173149309912178,1.024092970521543,0.1170119506083146,0.11611007825925193
7227.0,-0.132451,21.077115,-1.929086,22.768153,0.129157,0.076191,0.072692,0.0034989999999999,0.052966,0.0564649999999999,1.547039,0.0660599996224061,0.4724753081482173,1612.0,0,1.0217597828545568,1.4634044332915292,1.0008692365835232,0.12032979808232436,0.1094632578668634
7228.0,-0.137833,21.087485,-1.927905,22.767759,0.1289,0.075461,0.073007,0.0024539999999999,0.0534389999999999,0.0558929999999999,1.358447,0.0459206586826347,0.0235700337659001,1613.0,0,1.011409183442659,1.026348808030114,1.0098072562358267,0.21877557359172517,0.10629573852774081
7229.0,-0.135601,21.078165,-1.925805,22.768546,0.129313,0.074117,0.071736,0.002381,0.055196,0.057577,1.66491,0.043136402340707,0.0384909522843173,1614.0,0,1.0418819271658006,0.9958176495190713,1.043008314436887,0.07895149757445663,0.11195289024804297
7230.0,-0.133239,21.070421,-1.93263,22.764608,0.128909,0.074836,0.071789,0.0030469999999999,0.0540729999999999,0.0571199999999999,1.532895,0.0563487073269962,0.2560109091634037,1615.0,0,1.033612304908391,1.2743621915516634,1.02178760393046,0.09848178255353912,0.11326344006678042
7231.0,-0.13337,21.073308,-1.930924,22.764346,0.129111,0.074306,0.071468,0.0028379999999999,0.054805,0.057643,1.627191,0.0517826515345033,0.1542336695554216,1616.0,0,1.0430762270979426,1.1869510664993803,1.0356198034769473,0.07094158943048234,0.11226314707975935
7232.0,-0.133632,21.062676,-1.936436,22.764477,0.129046,0.074673,0.071741,0.002932,0.0543729999999999,0.0573049999999999,1.514036,0.0539228307647038,0.2019381970984839,1617.0,0,1.036959963809092,1.2262651610205448,1.027456538170823,0.076428384183028,0.1141699158116442
7233.0,-0.134026,21.080659,-1.92843,22.771828,0.128367,0.074563,0.071894,0.002669,0.053804,0.056473,1.627191,0.0496050552922591,0.10569511799398,1618.0,0,1.0219045464826972,1.1162693433710211,1.0167044595616033,0.1588524751015844,0.11706433973872661
7234.0,-0.128645,21.080003,-1.931449,22.769597,0.128459,0.075204,0.071831,0.0033729999999999,0.053255,0.0566279999999999,1.556469,0.0633355866005705,0.4117482278154813,1619.0,0,1.0247093417778774,1.410706817231301,1.0063303099017393,0.12423612179658239,0.10953642998162638
7235.0,-0.134682,21.077509,-1.937618,22.76684,0.128422,0.075104,0.071279,0.003825,0.053318,0.057143,1.240577,0.0717380295954539,0.599038417170739,1620.0,0,1.0340285003392906,1.5997490589712084,1.0075207860922155,0.058622297875556506,0.11189734899328826
7236.0,-0.13232,21.070552,-1.932893,22.767759,0.128679,0.075954,0.072844,0.0031099999999999,0.0527249999999999,0.0558349999999999,1.316014,0.0589841823768157,0.314755564904875,1621.0,0,1.0103596471386556,1.3007109995817776,0.9963151927437631,0.13607963792716293,0.1146584754280513
7237.0,-0.129301,21.064514,-1.925411,22.767365,0.128633,0.074726,0.072004,0.002722,0.053907,0.056629,1.415025,0.0504934332566595,0.1254970348023301,1622.0,0,1.0247274372313966,1.1384358009201647,1.0186507936507945,0.14927403735314848,0.1193427607925706
7238.0,-0.130614,21.068189,-1.935649,22.770253,0.128945,0.075566,0.072566,0.0029999999999999,0.053379,0.056379,1.598902,0.0562008242787558,0.2527146006821399,1623.0,0,1.0202035738520705,1.2547051442911021,1.0086734693877561,0.14349647602072313,0.12504027148733415
7239.0,-0.130089,21.079871,-1.925936,22.770253,0.128973,0.074994,0.07181,0.003184,0.053979,0.057163,1.514036,0.0589848091885884,0.31476953651952,1624.0,0,1.0343904094096368,1.331660393141001,1.0200113378684816,0.1025606876910754,0.12204120691451323
7240.0,-0.13127,21.072521,-1.932893,22.768546,0.128798,0.075109,0.072014,0.003095,0.053689,0.056784,1.41974,0.057645744086422,0.2849218176243739,1625.0,0,1.0275322325265785,1.2944374738603637,1.0145313681027976,0.1260930469011693,0.12226326116241353
7241.0,-0.132189,21.079346,-1.935255,22.776029,0.129028,0.074915,0.07213,0.0027849999999999,0.054113,0.056898,1.518751,0.051465424843848,0.1471626966255779,1626.0,0,1.0295951142275512,1.164784608950237,1.022543461829177,0.11778444307567548,0.13370458541185046
7242.0,-0.130482,21.072127,-1.928561,22.768284,0.128688,0.075508,0.07234,0.003168,0.0531799999999999,0.0563479999999999,1.556469,0.0595701472330344,0.3278167030695196,1627.0,0,1.0196426147930324,1.324968632371448,1.0049130763416467,0.13340349113066363,0.12810908429782858
7243.0,-0.13127,21.068977,-1.93053,22.770778,0.128798,0.075813,0.072477,0.003336,0.0529849999999999,0.0563209999999999,1.613047,0.0629600271769902,0.4033770201084679,1628.0,0,1.0191540375480652,1.3952321204517522,1.0012282690854108,0.1288618293733751,0.12715150291951488
7244.0,-0.136126,21.071602,-1.932105,22.769465,0.129184,0.075813,0.072524,0.003289,0.0533709999999999,0.0566599999999999,1.471602,0.0616240725474031,0.3735986335490149,1629.0,0,1.0252883962904311,1.3755750731911909,1.008522297808011,0.12645666427558522,0.12375809045064763
7245.0,-0.129695,21.062807,-1.934205,22.772353,0.12878,0.07586,0.073038,0.0028219999999999,0.05292,0.055742,1.547039,0.0533247671056856,0.1886073770010174,1630.0,0,1.008676769961548,1.1802593057298276,1.0000000000000009,0.17303554036992586,0.12870476286044025
7246.0,-0.122738,21.074227,-1.926199,22.771697,0.129304,0.075083,0.071936,0.0031469999999999,0.054221,0.057368,1.250006,0.0580391722916896,0.293691319911642,1631.0,0,1.038099977380684,1.316185696361368,1.0245842781557075,0.08012462678694432,0.12897454976206682
7247.0,-0.134551,21.073046,-1.932499,22.769728,0.129092,0.075025,0.072471,0.002554,0.054067,0.056621,1.551754,0.0472368129022712,0.0529070698120299,1632.0,0,1.0245826736032582,1.0681723128398606,1.0216742252456548,0.13969822357001138,0.12969541690782396
7248.0,-0.130876,21.06622,-1.937749,22.773666,0.128651,0.074626,0.071594,0.0030319999999999,0.0540249999999999,0.0570569999999999,1.41974,0.0561211268648427,0.2509381478395553,1633.0,0,1.0324722913368007,1.2680886658302075,1.020880574452002,0.10956235133205039,0.13664619833978384
7249.0,-0.128645,21.070289,-1.931974,22.765396,0.129074,0.074904,0.072603,0.0023009999999999,0.0541699999999999,0.0564709999999999,1.330158,0.0424766018718502,0.0531978839260004,1634.0,0,1.0218683555756607,0.9623588456712656,1.023620559334844,0.15202741178900192,0.1353449899312392
7250.0,-0.125101,21.066877,-1.933418,22.769203,0.128679,0.075141,0.071988,0.003153,0.0535379999999999,0.0566909999999999,1.268866,0.0588916490782421,0.3126930005980319,1635.0,0,1.0258493553494676,1.3186951066499923,1.0116780045351463,0.12879091591743475,0.13324850212352377
7251.0,-0.130351,21.074883,-1.938799,22.771959,0.128753,0.075524,0.072209,0.0033149999999999,0.053229,0.056544,1.301869,0.0622769115160623,0.3881503935708472,1636.0,0,1.0231893236824257,1.3864491844416722,1.0058390022675745,0.12499311453324713,0.12705442601190625
7252.0,-0.123657,21.082628,-1.930924,22.776554,0.128348,0.075219,0.072566,0.0026529999999999,0.0531289999999999,0.0557819999999999,1.570613,0.0499341238471671,0.1130300457045401,1637.0,0,1.0094005881022383,1.1095775826014265,1.003949357520785,0.2029113054502622,0.131705452558819
7253.0,-0.120507,21.063726,-1.924361,22.770909,0.128734,0.076647,0.073201,0.003446,0.0520869999999999,0.0555329999999999,1.245292,0.0661572723084012,0.4746435132512108,1638.0,0,1.0048948201764298,1.4412379757424274,0.9842592592592582,0.1158497452879288,0.13446585614298656
7254.0,-0.125888,21.074752,-1.935649,22.768546,0.128863,0.07587,0.072282,0.003588,0.052993,0.056581,1.641336,0.0677057780126053,0.5091596565603276,1639.0,0,1.0238588554625658,1.5006273525722083,1.0013794406651557,0.10549178619843103,0.13590550649171923
7255.0,-0.125232,21.065564,-1.93788,22.769859,0.129065,0.075151,0.072025,0.0031259999999999,0.053914,0.05704,1.433884,0.0579801539460259,0.2923758028481495,1640.0,0,1.0321646686270083,1.3074027603513303,1.0187830687830697,0.11109477925375078,0.13708508791686105
7256.0,-0.121688,21.078559,-1.93368,22.771959,0.12901,0.075687,0.072471,0.003216,0.053323,0.056539,1.641336,0.0603105543470109,0.3443203542887039,1641.0,0,1.0230988464148392,1.3450439146801063,1.007615268329555,0.12663489225607172,0.14324276029552135
7257.0,-0.12602,21.064383,-1.93683,22.773272,0.128743,0.075078,0.072361,0.002717,0.0536649999999999,0.056382,1.363162,0.0506279581112811,0.1284955895691288,1642.0,0,1.0202578602126224,1.1363446256796794,1.0140778533635666,0.16730225941168697,0.14566971178812577
7258.0,-0.130482,21.074883,-1.93473,22.773272,0.128844,0.075109,0.072025,0.0030839999999999,0.0537349999999999,0.0568189999999999,1.688484,0.057391692719964,0.279259020678432,1643.0,0,1.0281655733996824,1.2898368883312543,1.015400604686318,0.12395885481937718,0.1469404175876312
7259.0,-0.126151,21.078953,-1.929349,22.777342,0.128982,0.075424,0.072608,0.0028159999999999,0.053558,0.056374,1.424454,0.0525775313205996,0.1719515149181687,1644.0,0,1.020113096584484,1.1777498954412453,1.0120559334845058,0.16382322604041988,0.15231022202242261
7260.0,-0.126282,21.076196,-1.935518,22.774716,0.128991,0.075681,0.07296,0.002721,0.0533099999999999,0.056031,1.424454,0.0510401230515278,0.1376827330881529,1645.0,0,1.0139063560280488,1.1380175658720675,1.0073696145124706,0.19036763970403786,0.1611963556684593
7261.0,-0.118276,21.065826,-1.930793,22.776423,0.128964,0.075954,0.072981,0.0029729999999999,0.05301,0.0559829999999999,1.547039,0.0560826998170189,0.2500816101554948,1646.0,0,1.0130377742592165,1.243412797992482,1.0017006802721098,0.14926262945929114,0.16940561182115182
7262.0,-0.124182,21.067927,-1.933418,22.772091,0.128697,0.075088,0.072729,0.002359,0.053609,0.055968,1.278295,0.0440029845178138,0.0191748628873345,1647.0,0,1.0127663424564586,0.9866164784609363,1.0130196523053674,0.2156183634453167,0.16920816232376973
7263.0,-0.121819,21.081447,-1.930005,22.774979,0.129111,0.075361,0.072723,0.002638,0.05375,0.056388,1.382021,0.049078156685457,0.0939505646659677,1648.0,0,1.0203664329337263,1.1033040568800128,1.015684051398338,0.16954778963584305,0.1582342290298485
7264.0,-0.120507,21.082103,-1.92633,22.773797,0.129276,0.075403,0.073416,0.001987,0.053873,0.05586,1.504606,0.0368823551249211,0.1778934674807355,1649.0,0,1.01081203347659,0.8310330405688344,1.0180083144368868,0.19435312265879778,0.1564492884842911
7265.0,-0.120376,21.079871,-1.928955,22.776948,0.129037,0.075786,0.073086,0.0027,0.053251,0.055951,1.565899,0.0507023210395855,0.1301531368957367,1650.0,0,1.0124587197466646,1.1292346298620297,1.0062547241118678,0.19318734078067595,0.1565874153390324
7266.0,-0.123001,21.069896,-1.934205,22.774322,0.129193,0.075403,0.072356,0.0030469999999999,0.05379,0.056837,1.193429,0.0566451636890928,0.26261891212474,1651.0,0,1.0284912915629958,1.2743621915516634,1.016439909297053,0.12466039728225087,0.14265985644997917
7267.0,-0.123395,21.081972,-1.927511,22.776423,0.129129,0.074542,0.071589,0.0029529999999999,0.054587,0.0575399999999999,1.28301,0.0540961383454238,0.2058012176068677,1652.0,0,1.0412123953856585,1.235048097030541,1.0315003779289502,0.05756292647247441,0.1401440148000777
7268.0,-0.122738,21.069108,-1.925149,22.778917,0.129111,0.075545,0.07213,0.003415,0.053566,0.056981,1.499891,0.0637519368267777,0.4210286612265641,1653.0,0,1.0310970368694874,1.428272689251419,1.012207105064249,0.10610944936380329,0.13167757155476628
7269.0,-0.122476,21.080528,-1.932893,22.776554,0.129129,0.075671,0.072855,0.0028159999999999,0.0534579999999999,0.0562739999999999,1.796924,0.0526758824519725,0.1741437585346195,1654.0,0,1.0183035512327518,1.1777498954412453,1.0101662887377163,0.16520449458783298,0.13011794177298358
7270.0,-0.125626,21.069633,-1.934599,22.775241,0.128844,0.074001,0.072235,0.001766,0.0548429999999999,0.0566089999999999,1.518751,0.0322004230180148,0.2822535864824264,1655.0,0,1.0243655281610486,0.7386030949393868,1.0363378684807247,0.05109205081350543,0.11897146859325383
7271.0,-0.127201,21.06832,-1.932105,22.773272,0.129065,0.075492,0.072298,0.003194,0.053573,0.056767,1.415025,0.0596184716466943,0.3288938527259173,1656.0,0,1.0272246098167843,1.3358427436219713,1.012339380196524,0.1241042129602764,0.10958606671902667
7272.0,-0.125626,21.071733,-1.934468,22.777998,0.128771,0.075256,0.072193,0.003063,0.0535149999999999,0.056578,1.589473,0.0572352193736454,0.2757712347239291,1657.0,0,1.0238045691020141,1.281053952321258,1.0112433862433854,0.13095393099220265,0.11220659767257676
7273.0,-0.126676,21.070683,-1.927774,22.776423,0.12878,0.074631,0.072293,0.002338,0.054149,0.056487,1.433884,0.0431763619575255,0.0376002536857016,1658.0,0,1.0221578828319395,0.9778335424508982,1.0232237339380206,0.15395149181801626,0.11980591350213352
7274.0,-0.118801,21.082628,-1.928299,22.782724,0.129001,0.074532,0.071684,0.002848,0.054469,0.057317,1.306584,0.0522856618322012,0.1654457532269024,1659.0,0,1.0371771092513016,1.1911334169803927,1.029270597127741,0.08288839086150013,0.1211832506845898
7275.0,-0.123263,21.078296,-1.930136,22.774585,0.128909,0.075277,0.071883,0.0033939999999999,0.053632,0.0570259999999999,1.594187,0.0632819346297987,0.4105523270790805,1660.0,0,1.0319113322777644,1.419489753241339,1.0134542705971286,0.09933332203840428,0.12188587621430731
7276.0,-0.124445,21.075015,-1.927643,22.778523,0.128523,0.074778,0.07203,0.002748,0.053745,0.056493,1.438599,0.0511293863729393,0.1396724097071822,1661.0,0,1.0222664555530432,1.149309912170688,1.0155895691609986,0.1508657068177519,0.12854849003922175
7277.0,-0.122476,21.083022,-1.925674,22.77918,0.128459,0.075645,0.072576,0.003069,0.0528139999999999,0.0558829999999999,1.179284,0.0581084919057086,0.2952364519218868,1662.0,0,1.011228228907486,1.2835633626098404,0.9979969765684041,0.13355608476804193,0.12993671673322188
7278.0,-0.121557,21.069633,-1.925149,22.776554,0.128504,0.076348,0.07329,0.003058,0.052156,0.055214,1.226432,0.0586306727764251,0.3068758470613399,1663.0,0,0.9991223705044117,1.2789627770807728,0.9855631141345436,0.11988282118836602,0.12386874641845211
7279.0,-0.124182,21.077771,-1.927905,22.777604,0.128596,0.075125,0.072361,0.002764,0.0534709999999999,0.0562349999999999,1.40088,0.0516906044284859,0.1521819424653241,1664.0,0,1.0175978285455771,1.1560016729402407,1.0104119425547986,0.17223074988500814,0.12247850020988496
7280.0,-0.120376,21.057819,-1.930136,22.772747,0.129074,0.076737,0.073264,0.003473,0.0523369999999999,0.05581,1.40088,0.066357140127632,0.4790985606383269,1665.0,0,1.0099072608007247,1.4525303220410477,0.9889833711262273,0.11771818906264975,0.12618226707754876
7281.0,-0.122476,21.079478,-1.93893,22.776291,0.129212,0.075177,0.072487,0.0026899999999999,0.054035,0.056725,1.570613,0.0497816270634391,0.1096308972047681,1666.0,0,1.0264646007690577,1.1250522793810174,1.0210695389266826,0.13798647990027768,0.13027548314144702
7282.0,-0.120376,21.068977,-1.930661,22.775504,0.129056,0.07471,0.071631,0.0030789999999999,0.054346,0.057425,1.702628,0.0566544611478094,0.2628261521863038,1667.0,0,1.0391314182311704,1.287745713090769,1.026946334089192,0.07027422784450499,0.12682120086928333
7283.0,-0.121688,21.065433,-1.926724,22.777736,0.128541,0.075561,0.072324,0.003237,0.0529799999999999,0.0562169999999999,1.429169,0.0610973745304921,0.3618585513633494,1668.0,0,1.0172721103822655,1.3538268506901443,1.0011337868480716,0.1400490297323448,0.12629920909132478
7284.0,-0.119719,21.069108,-1.926724,22.780492,0.128762,0.074563,0.071946,0.002617,0.0541989999999999,0.0568159999999999,1.443314,0.0482841328413285,0.0762517982226882,1669.0,0,1.0281112870391305,1.0945211208699746,1.0241685563114125,0.11992605953813817,0.12778869330354375
7285.0,-0.116832,21.059001,-1.934993,22.775373,0.128936,0.07597,0.072865,0.0031049999999999,0.052966,0.0560709999999999,1.287725,0.0586214057809578,0.3066692860246429,1670.0,0,1.0146301741687391,1.298619824341292,1.0008692365835232,0.1402654826773868,0.12479479608635993
7286.0,-0.113419,21.079871,-1.928955,22.777342,0.129193,0.075492,0.072272,0.00322,0.053701,0.056921,1.438599,0.0599605228855536,0.3365181640522983,1671.0,0,1.0300113096584491,1.3467168548724946,1.014758125472412,0.11632288409611513,0.12193098075609612
7287.0,-0.117619,21.067664,-1.928693,22.771959,0.12901,0.076012,0.072671,0.0033409999999999,0.052998,0.056339,1.448028,0.0630389252627407,0.405135655951516,1672.0,0,1.0194797557113784,1.3973232956921955,1.0014739229024954,0.12833616698845618,0.11380797175230399
7288.0,-0.118669,21.066614,-1.925149,22.772485,0.128955,0.075818,0.072681,0.003137,0.0531369999999999,0.0562739999999999,1.240577,0.0590349655613685,0.3158875204869291,1673.0,0,1.0183035512327518,1.3120033458804397,1.004100529100528,0.13477766331055574,0.1141072495580693
7289.0,-0.117094,21.06622,-1.926724,22.773666,0.128697,0.075361,0.072351,0.0030099999999999,0.053336,0.056346,1.707343,0.056433620188612,0.2579036141707924,1674.0,0,1.0196064238859996,1.2588874947720725,1.0078609221466373,0.14229177771317003,0.10699173404155034
7290.0,-0.117226,21.071864,-1.926855,22.773272,0.129295,0.076395,0.072692,0.0037029999999999,0.0528999999999999,0.0566029999999999,1.476317,0.0699986767735959,0.5602682976281534,1675.0,0,1.0242569554399448,1.5487243831033268,0.9996220710506415,0.08908003576001167,0.11278143742451482
7291.0,-0.116701,21.062282,-1.930661,22.76999,0.129533,0.076395,0.072555,0.00384,0.053138,0.056978,1.598902,0.0722633094337494,0.6107468881997915,1676.0,0,1.0310427505089357,1.6060225846926643,1.0041194255479977,0.05675638986235643,0.10511821257972587
7292.0,-0.11355,21.065826,-1.920293,22.771566,0.129157,0.074742,0.071789,0.0029529999999999,0.0544149999999999,0.0573679999999999,1.627191,0.0542671273154954,0.2096125563570219,1677.0,0,1.0380999773806823,1.235048097030541,1.0282501889644737,0.07326700590215818,0.11287314482640272
7293.0,-0.112632,21.057163,-1.931055,22.773141,0.129166,0.074815,0.071747,0.003068,0.054351,0.057419,1.462173,0.0564468648807771,0.2581988379414361,1678.0,0,1.0390228455100665,1.2831451275617431,1.0270408163265314,0.0688938745671549,0.11314205604879986
7294.0,-0.114994,21.079478,-1.937618,22.76789,0.12856,0.075062,0.072319,0.002743,0.053498,0.056241,1.448028,0.0512719863922691,0.1428509596406484,1679.0,0,1.0177064012666825,1.1472187369302027,1.010922146636433,0.17782309336778318,0.11086267637173416
7295.0,-0.116307,21.067402,-1.92423,22.766052,0.128817,0.075125,0.071516,0.003609,0.0536919999999999,0.0573009999999999,1.570613,0.0672154657031643,0.4982306106466159,1680.0,0,1.036887581995023,1.5094102885822462,1.0145880574451993,0.06363323422949718,0.10640833603242916
7296.0,-0.115126,21.070421,-1.927511,22.771041,0.128633,0.075151,0.07255,0.0026009999999999,0.053482,0.0560829999999999,1.424454,0.048632275676383,0.0840118910361384,1681.0,0,1.0148473196109469,1.08782936010038,1.0106198034769474,0.1938722065628838,0.1067010033364186
7297.0,-0.116701,21.069633,-1.923049,22.769071,0.128734,0.075918,0.072576,0.0033419999999999,0.0528159999999999,0.0561579999999999,1.386736,0.0632750818865137,0.4103995796473847,1682.0,0,1.0162044786247446,1.3977415307402927,0.9980347694633398,0.13102527921242746,0.11239503215627504
7298.0,-0.112369,21.07239,-1.92528,22.769859,0.12867,0.075078,0.071783,0.003295,0.053592,0.056887,1.28301,0.0614819099509265,0.3704298337571503,1683.0,0,1.0293960642388609,1.3780844834797732,1.0126984126984135,0.111983866539899,0.12068763953253321
7299.0,-0.114075,21.078821,-1.927643,22.765265,0.128615,0.075482,0.071894,0.0035879999999999,0.053133,0.056721,1.41031,0.0675273835961906,0.5051832506447409,1684.0,0,1.0263922189549886,1.5006273525721663,1.0040249433106585,0.09774837432011985,0.1268646760037207
7300.0,-0.112107,21.067927,-1.926461,22.759882,0.12855,0.075482,0.07182,0.0036619999999999,0.053068,0.05673,1.433884,0.0690045035708228,0.5381082082931019,1685.0,0,1.0265550780366444,1.531576746131348,1.0027966742252465,0.09200670879990613,0.12285528707924201
7301.0,-0.110925,21.060576,-1.926593,22.755288,0.128725,0.07481,0.071768,0.003042,0.053915,0.056957,1.504606,0.0564210994880926,0.2576245281511005,1686.0,0,1.0306627459850721,1.27227101631122,1.0188019652305376,0.11369667806092076,0.12940476712658783
7302.0,-0.108694,21.081315,-1.92108,22.757519,0.128587,0.074484,0.072125,0.002359,0.054103,0.056462,1.669624,0.0436012124796687,0.0281303489462887,1687.0,0,1.0217054964940067,0.9866164784609363,1.0223544973544982,0.15619307966473972,0.12280602085215486
7303.0,-0.10935,21.066351,-1.932368,22.755025,0.129258,0.076269,0.072912,0.0033569999999999,0.052989,0.056346,1.565899,0.0633515757690129,0.4121046258757874,1688.0,0,1.0196064238859996,1.4040150564617484,1.0013038548752844,0.13066423927903015,0.11785758107055917
7304.0,-0.115126,21.065564,-1.931318,22.759882,0.129203,0.076101,0.073028,0.003073,0.053102,0.056175,1.27358,0.0578686703199443,0.2898908363388208,1689.0,0,1.0165121013345406,1.2852363028022287,1.0034391534391545,0.13772920412299605,0.10701213224040365
7305.0,-0.116307,21.075146,-1.931186,22.754894,0.129552,0.076427,0.073143,0.0032839999999999,0.053125,0.056409,1.603617,0.0618153070059856,0.3778612435995656,1690.0,0,1.0207464374575896,1.3734838979506638,1.0038737717309154,0.1291280347029552,0.109938062872418
7306.0,-0.114338,21.072258,-1.928168,22.756994,0.129258,0.075319,0.07245,0.0028689999999999,0.053939,0.056808,1.580043,0.0531887282165368,0.1855750744523563,1691.0,0,1.0279665234109938,1.199916352990389,1.0192554799697666,0.1278847438185542,0.11381707676000982
7307.0,-0.113157,21.067927,-1.930661,22.750956,0.129074,0.075009,0.071768,0.003241,0.0540649999999999,0.0573059999999999,1.339588,0.0599452520992862,0.3361777787080158,1692.0,0,1.0369780592626094,1.3554997908825326,1.021636432350717,0.08154088139647075,0.1149360410232059
7308.0,-0.110663,21.077771,-1.926724,22.748593,0.129157,0.075807,0.071773,0.0040339999999999,0.0533499999999999,0.0573839999999999,1.367877,0.0756124533748195,0.6853992010191707,1693.0,0,1.0383895046369591,1.6871601840234496,1.0081254724111857,0.003529378238343539,0.1095021846637049
7309.0,-0.111713,21.079478,-1.932105,22.74938,0.128743,0.075965,0.072555,0.00341,0.0527779999999999,0.056188,1.707343,0.0646090301066714,0.4401332434039338,1694.0,0,1.0167473422302655,1.4261815140109335,0.9973167044595607,0.12700768064026358,0.09937601699623555
7310.0,-0.115782,21.061101,-1.935124,22.744523,0.129157,0.075734,0.072597,0.003137,0.053423,0.05656,1.509321,0.0587189278227014,0.3088430492594045,1695.0,0,1.0234788509387025,1.3120033458804397,1.0095049130763425,0.13079684767582433,0.09415770743747368
7311.0,-0.1125,21.068845,-1.934205,22.74623,0.129166,0.075613,0.072351,0.003262,0.053553,0.056815,1.231147,0.060910482877096,0.3576927423034377,1696.0,0,1.028093191585615,1.3642827268925706,1.0119614512471664,0.12488632069288141,0.09213552633658435
7312.0,-0.114207,21.070158,-1.934074,22.745967,0.128964,0.074978,0.071747,0.0032309999999999,0.0539859999999999,0.0572169999999999,1.476317,0.0598477411228628,0.3340042621188923,1697.0,0,1.0353675638995694,1.3513174404015202,1.0201436130007548,0.10185451606972973,0.09191508410394558
7313.0,-0.113288,21.074096,-1.92423,22.746886,0.129138,0.076133,0.072167,0.003966,0.053005,0.056971,1.311299,0.0748217182960421,0.667773741051845,1698.0,0,1.0309160823343144,1.6587202007528923,1.0016061980347704,0.029402562604336713,0.1047528018918018
7314.0,-0.112632,21.067139,-1.921343,22.747805,0.128964,0.075067,0.071694,0.003373,0.053897,0.05727,1.391451,0.062581171843111,0.3949323466648404,1699.0,0,1.0363266229359882,1.410706817231343,1.0184618291761158,0.08554610853537725,0.1163228595157818
7315.0,-0.116569,21.069764,-1.92738,22.748462,0.129046,0.075587,0.07214,0.003447,0.0534589999999999,0.056906,1.382021,0.0644781144781145,0.4372151381722886,1700.0,0,1.0297398778556897,1.4416562107905244,1.0101851851851842,0.10890622369406211,0.11614604684068541
7316.0,-0.109875,21.074358,-1.924361,22.746624,0.129129,0.075582,0.072319,0.003263,0.053547,0.05681,1.429169,0.0609359826697542,0.3582611318775641,1701.0,0,1.0280027143180286,1.3647009619406676,1.011848072562359,0.12568032149216646,0.1138371847338103
7317.0,-0.108694,21.062676,-1.925805,22.74413,0.128881,0.07544,0.072923,0.0025169999999999,0.053441,0.0559579999999999,1.212288,0.0470977882564273,0.0498082148408034,1702.0,0,1.0125853879212838,1.052697616060228,1.0098450491307644,0.20991805927503276,0.11479269944088506
7318.0,-0.114207,21.06202,-1.92738,22.745048,0.128973,0.075261,0.072119,0.0031419999999999,0.053712,0.056854,1.702628,0.0584960810232158,0.3038758011271307,1703.0,0,1.02879891427279,1.314094521120883,1.0149659863945588,0.11922995447814377,0.11176445690780361
7319.0,-0.111844,21.071077,-1.928693,22.753975,0.128881,0.075566,0.072267,0.0032989999999999,0.053315,0.056614,1.415025,0.0618763598169404,0.3792221088302316,1704.0,0,1.024456005428637,1.3797574236721195,1.0074640967498119,0.12523955388929964,0.11548113616803549
7320.0,-0.114207,21.069633,-1.933024,22.749118,0.128881,0.075351,0.07192,0.003431,0.0535299999999999,0.056961,1.316014,0.0640937027143151,0.4286466120809802,1705.0,0,1.0307351277991414,1.4349644500209717,1.0115268329554032,0.10770822660707324,0.11979407462264217
7321.0,-0.108038,21.080922,-1.933418,22.752006,0.129019,0.075776,0.072639,0.003137,0.053243,0.05638,1.547039,0.0589174367064833,0.3132678060182261,1706.0,0,1.0202216693055879,1.3120033458804397,1.006103552532125,0.13444146776362897,0.12022390283974245
7322.0,-0.110925,21.065826,-1.931974,22.7524,0.129442,0.074411,0.071846,0.002565,0.055031,0.057596,1.735632,0.0466092455298737,0.0389186128738421,1707.0,0,1.0422257407826294,1.0727728983689282,1.0398904006046872,0.07157209073891535,0.12058129188181041
7323.0,-0.105413,21.078559,-1.922393,22.753581,0.129203,0.074547,0.071668,0.002879,0.054656,0.057535,1.169855,0.0526739484421026,0.1741006495156163,1708.0,0,1.0411219181180738,1.2040987034714012,1.0328042328042337,0.06656935520665519,0.11175238059992114
7324.0,-0.108563,21.070158,-1.932105,22.756338,0.129001,0.075193,0.072188,0.0030049999999999,0.053808,0.056813,1.259436,0.0558456763738406,0.244798365082423,1709.0,0,1.0280570006785805,1.2567963195315874,1.0167800453514748,0.12867549308144421,0.11323038721202612
7325.0,-0.107119,21.076459,-1.931974,22.745705,0.128615,0.075461,0.07193,0.003531,0.053154,0.056685,1.561184,0.0664283698617252,0.4806862691647839,1710.0,0,1.0257407826283655,1.4767879548306764,1.004421768707484,0.11320450586506481,0.11044539889148874
7326.0,-0.110794,21.077377,-1.928299,22.752268,0.129083,0.076616,0.07349,0.003126,0.052467,0.055593,1.325443,0.0595791720667836,0.3280178663291591,1711.0,0,1.0059805473874697,1.307402760351372,0.9914399092970531,0.12925421191284625,0.10424556406905221
7327.0,-0.106594,21.070421,-1.928168,22.750299,0.1289,0.075445,0.072135,0.0033099999999999,0.0534549999999999,0.0567649999999999,1.457458,0.0619200838072432,0.3801967151950904,1712.0,0,1.027188418909748,1.384358009201187,1.0101095993953126,0.12162894645613997,0.0969685654185192
7328.0,-0.10935,21.079084,-1.926461,22.752268,0.128688,0.075576,0.07234,0.003236,0.0531119999999999,0.0563479999999999,1.396165,0.0609267034436014,0.3580542982192705,1713.0,0,1.0196426147930324,1.3534086156420473,1.0036281179138313,0.13401002059919342,0.08790792517246629
7329.0,-0.104888,21.071077,-1.921474,22.75345,0.129386,0.075781,0.072314,0.0034669999999999,0.053605,0.057072,1.452743,0.0646755960153713,0.4416169954094651,1714.0,0,1.032743723139562,1.4500209117524234,1.012944066515496,0.09738967068392601,0.0901659399006747
7330.0,-0.103444,21.07554,-1.922524,22.752006,0.129671,0.075414,0.071946,0.0034679999999999,0.054257,0.057725,1.580043,0.0639168417560543,0.4247043868992823,1715.0,0,1.0445600542863616,1.4504391468005207,1.0252645502645512,0.0457098783827079,0.09129246804016068
7331.0,-0.106331,21.064908,-1.937749,22.750168,0.129497,0.075492,0.07193,0.003562,0.054005,0.057567,1.542325,0.0659556345591232,0.4701490141791615,1716.0,0,1.0417009726306274,1.489753241321685,1.0205026455026465,0.0616714812582988,0.08892000092864377
7332.0,-0.105806,21.076327,-1.928561,22.748987,0.128955,0.07523,0.071111,0.004119,0.0537249999999999,0.0578439999999999,1.330158,0.0766667907530806,0.708900347928362,1717.0,0,1.046713413254919,1.7227101631117407,1.0152116402116391,-0.019034311721613628,0.08512407427331532
7333.0,-0.107644,21.074227,-1.935518,22.752794,0.128936,0.074836,0.071689,0.0031469999999999,0.0540999999999999,0.0572469999999999,1.514036,0.0581689802406609,0.2965847350002599,1718.0,0,1.0359104275050885,1.316185696361368,1.0222978080120928,0.08914950248873932,0.08285162505654844
7334.0,-0.105413,21.070683,-1.922918,22.754106,0.1289,0.075225,0.072356,0.0028689999999999,0.0536749999999999,0.0565439999999999,1.311299,0.0534503316193456,0.1914062060503789,1719.0,0,1.0231893236824239,1.199916352990389,1.0142668178382455,0.13994077447630393,0.08211049557675845
7335.0,-0.10305,21.079215,-1.927249,22.759357,0.128909,0.075954,0.07224,0.0037139999999999,0.052955,0.056669,1.462173,0.0701336958984816,0.5632778696635516,1720.0,0,1.0254512553720887,1.5533249686323944,1.0006613756613767,0.08947983474989574,0.08081606863984188
7336.0,-0.106463,21.06517,-1.92528,22.753319,0.129019,0.074831,0.071783,0.0030479999999999,0.054188,0.0572359999999999,1.561184,0.0562475779217183,0.2537567379092322,1721.0,0,1.0357113775163982,1.2747804265997607,1.0239606953892677,0.09129494535956173,0.09077942259817184
7337.0,-0.102394,21.07659,-1.926724,22.756994,0.128945,0.074862,0.071951,0.0029109999999999,0.054083,0.056994,1.127421,0.053823681680349,0.1997281671352322,1722.0,0,1.0313322777652125,1.2174822250104649,1.0219765684051407,0.09890445428847128,0.09738559189414275
7338.0,-0.10515,21.072915,-1.928168,22.756994,0.128964,0.07502,0.072161,0.002859,0.0539439999999999,0.0568029999999999,1.207573,0.0529984243210677,0.1813332066242563,1723.0,0,1.0278760461434056,1.1957340025094603,1.019349962207104,0.1265987258012934,0.10955729657557442
7339.0,-0.102919,21.076459,-1.927249,22.755813,0.128762,0.074547,0.071495,0.0030519999999999,0.0542149999999999,0.0572669999999999,1.853502,0.0562933451379666,0.2547768877159764,1724.0,0,1.0362723365754345,1.2764533667921485,1.0244708994708984,0.0844454013147603,0.10745489518505376
7340.0,-0.102131,21.084991,-1.931974,22.759226,0.12878,0.07503,0.072193,0.002837,0.05375,0.056587,1.495176,0.052780413387658,0.1764737497942969,1725.0,0,1.0239674281836697,1.1865328314513253,1.015684051398338,0.14534341796600758,0.09918424164434825
7341.0,-0.107119,21.077902,-1.926593,22.758963,0.129313,0.076511,0.073101,0.0034099999999999,0.052802,0.056212,1.466888,0.0645796640342403,0.4394786745756087,1726.0,0,1.0171816331146808,1.426181514010892,0.9977702191987915,0.1277331742180079,0.09991704154299866
7342.0,-0.106725,21.064776,-1.923311,22.757257,0.129193,0.075204,0.071983,0.0032209999999999,0.053989,0.05721,1.490462,0.0596591961474344,0.3298016005630244,1727.0,0,1.03524089572495,1.3471350899205499,1.0202003023431605,0.10268273509270309,0.1010030987405591
7343.0,-0.103181,21.082759,-1.924493,22.757519,0.129129,0.075608,0.071899,0.0037089999999999,0.053521,0.0572299999999999,1.570613,0.0692986061806358,0.544663746190269,1728.0,0,1.0356028047952943,1.5512337933919091,1.0113567649281945,0.0681254885835324,0.0988560149214433
7344.0,-0.09885,21.067795,-1.930005,22.758307,0.129607,0.075172,0.071967,0.0032049999999999,0.054435,0.05764,1.495176,0.0588764788007935,0.3123548555921529,1729.0,0,1.0430219407373906,1.3404433291509972,1.028628117913833,0.05723423906924907,0.10592707361654759
7345.0,-0.104888,21.071471,-1.933024,22.75857,0.128982,0.075198,0.07182,0.003378,0.053784,0.057162,1.325443,0.0628056149484057,0.3999351764032541,1730.0,0,1.0343723139561194,1.4127979924718281,1.0163265306122458,0.09680783373639978,0.10643137819303075
7346.0,-0.105019,21.070683,-1.926461,22.755025,0.129157,0.075141,0.071936,0.0032049999999999,0.0540159999999999,0.0572209999999999,1.641336,0.0593331728900161,0.3225345524374627,1731.0,0,1.0354399457136385,1.3404433291509972,1.020710506424791,0.10215551733516626,0.10078411498618256
7347.0,-0.103575,21.073833,-1.931186,22.75555,0.12923,0.075351,0.071867,0.003484,0.053879,0.057363,1.66491,0.0646622123236822,0.4413186733438166,1732.0,0,1.0380095001130976,1.4571309075701153,1.018121693121694,0.07743361609731325,0.10556619198305031
7348.0,-0.104888,21.078034,-1.921999,22.751743,0.129019,0.075687,0.073012,0.002675,0.0533319999999999,0.056007,1.349017,0.0501565634785219,0.1179882180720206,1733.0,0,1.0134720651436335,1.1187787536596034,1.007785336356764,0.19730931275233615,0.10386115227142449
7349.0,-0.105675,21.073177,-1.936043,22.753056,0.129267,0.076726,0.073101,0.003625,0.0525409999999999,0.0561659999999999,1.198144,0.068992425107533,0.53783897972731,1734.0,0,1.016349242252883,1.5161020493517992,0.992838246409674,0.08948844707959192,0.11073121924726766
7350.0,-0.105281,21.06832,-1.924755,22.752006,0.129589,0.075293,0.072387,0.0029059999999999,0.054296,0.057202,1.490462,0.053520452327016,0.1929691944128482,1735.0,0,1.0350961320968117,1.2153910497699796,1.0260015117157983,0.08887078589752584,0.11521629994109472
7351.0,-0.107119,21.075671,-1.925018,22.753975,0.129331,0.075466,0.073002,0.002464,0.0538649999999999,0.056329,1.763921,0.0457431403854009,0.0196131565192261,1736.0,0,1.0192988011762054,1.0305311585111263,1.017857142857142,0.17555394418668535,0.12049768475066261
7352.0,-0.106594,21.068714,-1.929349,22.747805,0.129138,0.074978,0.071846,0.003132,0.05416,0.057292,1.117992,0.0578275881169108,0.2889751153288764,1737.0,0,1.036724722913369,1.3099121706399544,1.023431594860167,0.08563233797644487,0.12323963578316222
7353.0,-0.107907,21.076065,-1.93578,22.746755,0.129193,0.075366,0.072498,0.0028679999999999,0.053827,0.0566949999999999,1.627191,0.0532808203908745,0.1876278061138927,1738.0,0,1.0259217371635367,1.1994981179422919,1.0171390778533644,0.1368261583419641,0.12755117848006303
7354.0,-0.093337,21.087222,-1.928955,22.751481,0.128973,0.075372,0.072014,0.003358,0.053601,0.056959,1.235862,0.0626469161598447,0.3963977854113556,1739.0,0,1.030698936892107,1.4044332915098872,1.0128684807256245,0.10208504600751966,0.11837713763730692
7355.0,-0.106594,21.074227,-1.926068,22.753187,0.129175,0.07597,0.073002,0.0029679999999999,0.053205,0.056173,1.452743,0.0557831823478554,0.243405375214182,1740.0,0,1.016475910427506,1.2413216227519965,1.0053854875283457,0.1496216818320787,0.10610344956263425
7356.0,-0.101081,21.068714,-1.93053,22.748593,0.129313,0.076332,0.072954,0.0033779999999999,0.052981,0.056359,1.641336,0.063757502548035,0.4211527209778549,1741.0,0,1.0198416647817246,1.4127979924717864,1.0011526832955413,0.12957502766016238,0.11004494237084665
7357.0,-0.103181,21.071077,-1.918849,22.754763,0.129148,0.076569,0.073159,0.0034099999999999,0.052579,0.055989,1.763921,0.0648535564853555,0.445583728672801,1742.0,0,1.0131463469803221,1.426181514010892,0.9935563114134551,0.1205490430663213,0.10352084927415936
7358.0,-0.104494,21.071077,-1.92843,22.751218,0.129552,0.075214,0.07254,0.002674,0.054338,0.057012,1.867646,0.0492095916376821,0.0968802456058002,1743.0,0,1.031657995928524,1.1183605186115064,1.0267951625094491,0.10556890432477528,0.10482675537028074
7359.0,-0.103313,21.056638,-1.93263,22.752531,0.129432,0.075991,0.071705,0.0042859999999999,0.0534409999999999,0.0577269999999999,1.462173,0.0801990943452714,0.7876352835946359,1744.0,0,1.0445962451933943,1.792555416143906,1.0098450491307625,-0.033248433667135036,0.10346307125732843
7360.0,-0.100163,21.078034,-1.92108,22.755944,0.129451,0.075907,0.072786,0.0031209999999999,0.053544,0.056665,1.754491,0.058287421794752,0.2992247935054783,1745.0,0,1.0253788735580194,1.305311585110845,1.0117913832199557,0.12828571397965005,0.1011929590645142
7361.0,-0.102131,21.073571,-1.92633,22.751218,0.129295,0.075545,0.072303,0.0032419999999999,0.0537499999999999,0.0569919999999999,1.382021,0.0603151569273128,0.3444229456584764,1746.0,0,1.031296086858176,1.3559180259305879,1.015684051398336,0.11031301321981246,0.09708031401547593
7362.0,-0.100556,21.070814,-1.920161,22.7524,0.129111,0.075057,0.071972,0.003085,0.054054,0.057139,1.29244,0.0570715012487282,0.2721219628829527,1747.0,0,1.0339561185252215,1.290255123379393,1.0214285714285722,0.09869139893765855,0.09957231607509695
7363.0,-0.102788,21.069239,-1.92948,22.756338,0.129368,0.075981,0.072687,0.003294,0.053387,0.056681,1.429169,0.0616992582602833,0.3752745207178667,1748.0,0,1.0256684008142964,1.3776662484316762,1.008824640967499,0.12318931721244086,0.09886278746723398
7364.0,-0.1083,21.072915,-1.922393,22.752006,0.12935,0.074427,0.071941,0.0024859999999999,0.054923,0.0574089999999999,1.415025,0.0452625446070932,0.0089006917780305,1749.0,0,1.0388418909748915,1.0397323295692196,1.0378495842781565,0.07938392407937755,0.10046780495944078
7365.0,-0.100688,21.070946,-1.926068,22.749906,0.129166,0.074232,0.072209,0.002023,0.054934,0.056957,1.660195,0.0368253390370439,0.1791643542813142,1750.0,0,1.0306627459850721,0.8460895023003281,1.0380574452003033,0.10849523134169581,0.10845560198104146
7366.0,-0.101475,21.066614,-1.921343,22.751875,0.128835,0.075078,0.072282,0.002796,0.053757,0.056553,1.495176,0.0520108634993862,0.159320507055191,1751.0,0,1.0233521827640815,1.169385194479346,1.015816326530613,0.1544950482563726,0.10851418777428094
7367.0,-0.100163,21.078953,-1.925543,22.754369,0.129102,0.075771,0.072335,0.003436,0.0533309999999999,0.056767,1.523465,0.0644266106652668,0.4360671198082659,1752.0,0,1.0272246098167843,1.4370556252614568,1.007766439909296,0.11345375698769167,0.10709405784902955
7368.0,-0.102919,21.06412,-1.930399,22.753975,0.129019,0.076485,0.073033,0.0034519999999999,0.052534,0.0559859999999999,1.565899,0.0657085752355571,0.4646420696487616,1753.0,0,1.0130920606197684,1.443747386030968,0.9927059712774007,0.12161907924684323,0.11003983592459354
7369.0,-0.104888,21.073965,-1.926461,22.752794,0.129598,0.07575,0.072009,0.0037409999999999,0.0538479999999999,0.0575889999999999,1.28301,0.0694720421920554,0.5485296294148965,1754.0,0,1.0420990726080064,1.5646173149310147,1.017535903250188,0.0466295365488717,0.11034257677329706
7370.0,-0.103313,21.071996,-1.925805,22.753975,0.128688,0.075335,0.072088,0.003247,0.053353,0.0566,1.443314,0.0608576676537841,0.3565154926415304,1755.0,0,1.0242026690793946,1.358009201171115,1.008182161753591,0.128871571912045,0.10429491121363207
7371.0,-0.105544,21.073571,-1.930268,22.756469,0.129046,0.075435,0.071951,0.003484,0.0536109999999999,0.0570949999999999,1.495176,0.0649854510184287,0.4485236536552426,1756.0,0,1.0331599185704583,1.4571309075701153,1.0130574452003014,0.09611171396729834,0.10480900096393657
7372.0,-0.102263,21.068583,-1.925149,22.757257,0.129221,0.07565,0.072482,0.0031679999999999,0.053571,0.056739,1.28301,0.0591353692227281,0.3181255149320501,1757.0,0,1.0267179371183,1.3249686323714063,1.0123015873015881,0.12814917969329853,0.09796968528639416
7373.0,-0.098719,21.073177,-1.922655,22.753975,0.129276,0.07587,0.072792,0.003078,0.0534059999999999,0.056484,1.674339,0.0576328945643831,0.2846354021833819,1758.0,0,1.0221035964713874,1.2873274780427137,1.0091836734693866,0.12621672569947628,0.09718054037545702
7374.0,-0.099375,21.072915,-1.927249,22.748855,0.129368,0.075755,0.071825,0.00393,0.053613,0.057543,1.688484,0.0733017495430298,0.6338936854847788,1759.0,0,1.0412666817462122,1.6436637390213988,1.013095238095239,0.0189072684827275,0.09689933674360685
7375.0,-0.095569,21.072915,-1.925805,22.752662,0.129295,0.075078,0.072267,0.002811,0.0542169999999999,0.0570279999999999,1.235862,0.0518462503227711,0.1556512845400988,1760.0,0,1.031947523184799,1.175658720200802,1.0245086923658342,0.11363612884474084,0.10172021429883611
7376.0,-0.102,21.083153,-1.925411,22.747674,0.129111,0.074505,0.071783,0.002722,0.054606,0.057328,1.594187,0.0498470892010182,0.111090046186826,1761.0,0,1.037376159239992,1.1384358009201647,1.0318594104308398,0.08610189148094849,0.10161630449434718
7377.0,-0.100425,21.061626,-1.925674,22.752794,0.129157,0.075198,0.072146,0.0030519999999999,0.0539589999999999,0.0570109999999999,1.240577,0.0565604151223128,0.260729869244058,1762.0,0,1.0316399004750048,1.2764533667921485,1.0196334089191224,0.10556230787832033,0.11069416035881241
7378.0,-0.103706,21.06307,-1.92948,22.748593,0.129074,0.075366,0.072193,0.003173,0.0537079999999999,0.056881,1.730917,0.0590776220000374,0.3168383311595371,1763.0,0,1.029287491517757,1.3270598076119333,1.0148904006046853,0.11880704292834143,0.1122886603409006
7379.0,-0.101738,21.073702,-1.929611,22.752137,0.128725,0.075886,0.072256,0.0036299999999999,0.052839,0.056469,1.631906,0.0686979560938681,0.5312752746998382,1764.0,0,1.021832164668628,1.5181932245922423,0.9984693877551029,0.09483831210116433,0.10917301450474644
7380.0,-0.105675,21.071733,-1.937355,22.753844,0.129083,0.075419,0.072366,0.003053,0.053664,0.056717,1.386736,0.0568899655268797,0.2680755373683192,1765.0,0,1.0263198371409192,1.2768716018402877,1.0140589569161007,0.12783247386715557,0.11985609526698078
7381.0,-0.096619,21.076327,-1.936568,22.754894,0.12934,0.076285,0.073553,0.002732,0.053055,0.055787,1.264151,0.0514927623642945,0.1477720490941447,1766.0,0,1.0094910653698268,1.142618151401135,1.002551020408164,0.1868902726119508,0.12121146020689806
7382.0,-0.097275,21.074752,-1.920818,22.755813,0.129037,0.074789,0.072865,0.0019239999999999,0.054248,0.056172,1.547039,0.0354660915408577,0.2094619381026377,1767.0,0,1.0164578149739887,0.8046842325386785,1.0250944822373402,0.14409417951418035,0.12239509989134653
7383.0,-0.095831,21.065958,-1.917405,22.753844,0.12934,0.075592,0.072151,0.0034409999999999,0.053748,0.057189,1.41031,0.0640197957171296,0.4269992274446328,1768.0,0,1.0348608912010866,1.4391468005019004,1.0156462585034023,0.0950602673379346,0.12483827994686887
7384.0,-0.100688,21.067402,-1.923443,22.753187,0.12912,0.075965,0.072639,0.003326,0.053155,0.056481,1.344303,0.0625705470690046,0.3946955207850973,1769.0,0,1.0220493101108357,1.3910497699707816,1.0044406651549518,0.12573807610507115,0.12529697663512365
7385.0,-0.099769,21.064645,-1.934599,22.754894,0.129092,0.075729,0.07255,0.003179,0.053363,0.056542,1.367877,0.0595719961022412,0.327857914305828,1770.0,0,1.023153132775391,1.3295692179005156,1.00837112622827,0.12718977824391353,0.11689628753357784
7386.0,-0.101869,21.067139,-1.927249,22.757388,0.129046,0.074752,0.071909,0.0028429999999999,0.0542939999999999,0.0571369999999999,1.481032,0.0523620959572704,0.1671494674640743,1771.0,0,1.0339199276181852,1.1890422417398656,1.0259637188208606,0.09793828832543339,0.1055137196977292
7387.0,-0.099375,21.054144,-1.92843,22.753844,0.129019,0.075697,0.07244,0.0032569999999999,0.0533219999999999,0.0565789999999999,1.372591,0.0610805843632203,0.3614842990643969,1772.0,0,1.0238226645555295,1.3621915516520435,1.007596371882085,0.12999410843354353,0.09904069277197154
7388.0,-0.100688,21.070946,-1.936305,22.762114,0.128964,0.075891,0.072471,0.00342,0.0530729999999999,0.056493,1.570613,0.0644383313863663,0.4363283743119199,1773.0,0,1.0222664555530432,1.4303638644919041,1.002891156462584,0.12339400981088933,0.08847286186050049
7389.0,-0.0999,21.067008,-1.933549,22.757782,0.129276,0.07617,0.072104,0.004066,0.053106,0.057172,1.339588,0.0765624117347995,0.7065737429028365,1774.0,0,1.0345532684912926,1.7005437055625972,1.0035147392290258,0.010831421085706117,0.08614824776845646
7390.0,-0.0978,21.078428,-1.935124,22.762377,0.129589,0.075277,0.071563,0.0037139999999999,0.054312,0.058026,1.391451,0.0683814188131753,0.5242196686963163,1775.0,0,1.05000678579507,1.5533249686323944,1.0263038548752843,0.014006795508669345,0.09391067742116459
7391.0,-0.098587,21.071864,-1.936174,22.757913,0.129295,0.075513,0.072414,0.0030989999999999,0.0537819999999999,0.0568809999999999,1.509321,0.0576204376847701,0.2843577387296787,1776.0,0,1.0292874915177552,1.29611041405271,1.0162887377173082,0.12216000335437416,0.09450516678411695
7392.0,-0.098062,21.06097,-1.932368,22.757651,0.129396,0.0746,0.071479,0.0031209999999999,0.054796,0.057917,1.561184,0.0569556727558077,0.2695401494288161,1777.0,0,1.048034381361684,1.305311585110845,1.0354497354497363,0.03841587039946981,0.09473119399009684
7393.0,-0.099244,21.062151,-1.932105,22.765396,0.12968,0.075571,0.072246,0.0033249999999999,0.0541089999999999,0.0574339999999999,1.471602,0.0614489003880982,0.3696940516427802,1778.0,0,1.0392942773128242,1.3906315349226428,1.0224678760393036,0.0718141264174943,0.09153825064104466
7394.0,-0.100294,21.067533,-1.929218,22.761458,0.129506,0.075729,0.073364,0.002365,0.053777,0.056142,1.363162,0.0439770910037562,0.0197520284990339,1779.0,0,1.0159149513684695,0.9891258887495185,1.0161942554799706,0.2033623726321523,0.08268896912165216
7395.0,-0.097931,21.075409,-1.929743,22.762639,0.129359,0.076122,0.073059,0.0030629999999999,0.053237,0.0563,1.532895,0.0575340921897891,0.2824331003697635,1780.0,0,1.0187740330242037,1.281053952321216,1.0059901738473176,0.1331346718734373,0.09347621944192024
7396.0,-0.097669,21.062545,-1.929874,22.760407,0.129598,0.076254,0.072729,0.003525,0.0533439999999999,0.0568689999999999,1.499891,0.066079295154185,0.4729054049430155,1781.0,0,1.0290703460755477,1.474278544542094,1.0080120937263783,0.10019856038523212,0.11319518385240986
7397.0,-0.099375,21.06727,-1.933418,22.761064,0.129717,0.075445,0.072592,0.0028529999999999,0.054272,0.0571249999999999,1.41974,0.0525675750373112,0.1717295896776762,1782.0,0,1.0337027821759774,1.193224592220836,1.0255479969765693,0.09806467494302196,0.113665797446771
7398.0,-0.085987,21.072915,-1.923049,22.762114,0.129846,0.074647,0.071731,0.002916,0.0551989999999999,0.0581149999999999,1.113277,0.0528260869565217,0.1774918122037931,1783.0,0,1.0516172811581082,1.2195734002509921,1.0430650037792886,0.03490119461696417,0.11729463273553878
7399.0,-0.095437,21.065301,-1.931055,22.757913,0.12912,0.075272,0.072182,0.00309,0.053848,0.056938,1.268866,0.0573826812011366,0.2790581542079793,1784.0,0,1.0303189323682433,1.2923462986198782,1.0175359032501898,0.11870392428838694,0.1208456380740713
7400.0,-0.096487,21.05992,-1.931974,22.760014,0.129074,0.075608,0.073086,0.0025219999999999,0.053466,0.0559879999999999,1.424454,0.0471692819870199,0.0514018078409055,1785.0,0,1.013128251526803,1.0547887913007132,1.0103174603174612,0.21119643961356538,0.11136435388929225
7401.0,-0.104494,21.053619,-1.928824,22.763427,0.129092,0.075335,0.072288,0.0030469999999999,0.053757,0.056804,1.301869,0.056679936009524,0.2633939860504832,1786.0,0,1.0278941415969247,1.2743621915516634,1.015816326530613,0.12686613929798563,0.11155371930373763
7402.0,-0.093337,21.071471,-1.920424,22.764214,0.129258,0.074957,0.071852,0.0031049999999999,0.054301,0.057406,1.349017,0.0571802143567455,0.2745451746320071,1787.0,0,1.0387876046143416,1.298619824341292,1.0260959939531378,0.07470422328714776,0.11341594003159858
7403.0,-0.094781,21.067533,-1.924493,22.763558,0.129074,0.075303,0.072035,0.0032679999999999,0.053771,0.0570389999999999,1.245292,0.0607751246001635,0.3546756105796129,1788.0,0,1.0321465731734893,1.366792137181111,1.0160808767951635,0.10732417980281939,0.1216564175372263
7404.0,-0.0999,21.055194,-1.930661,22.762377,0.129037,0.074962,0.072067,0.0028949999999999,0.054075,0.05697,1.499891,0.0535357644796211,0.1933105018114931,1789.0,0,1.030897986880797,1.210790464240912,1.0218253968253976,0.1085495307843618,0.13098356003678263
7405.0,-0.094256,21.055063,-1.93788,22.765658,0.129065,0.075503,0.07254,0.002963,0.053562,0.056525,1.424454,0.0553180367044416,0.2330372934924969,1790.0,0,1.0228455100655969,1.2392304475115532,1.0121315192743774,0.13502832601789116,0.13008368933562797
7406.0,-0.089006,21.068058,-1.93368,22.767759,0.128872,0.075445,0.072067,0.0033779999999999,0.0534269999999999,0.0568049999999999,1.349017,0.0632252751366323,0.4092893887633591,1791.0,0,1.02791223705044,1.4127979924717864,1.009580498866212,0.11882076766384164,0.1261586939467798
7407.0,-0.090056,21.067008,-1.923311,22.763952,0.128835,0.07502,0.072524,0.0024959999999999,0.053815,0.056311,1.580043,0.0463802586591347,0.03381450274698,1792.0,0,1.018973083012894,1.0439146800501902,1.01691232048375,0.1804694499992991,0.12133796350769455
7408.0,-0.097537,21.070027,-1.928561,22.772091,0.128817,0.075776,0.072445,0.003331,0.0530409999999999,0.0563719999999999,1.457458,0.0627992911277855,0.3997942186410732,1793.0,0,1.0200769056774477,1.3931409452112669,1.002286470143612,0.12817261961252757,0.13289978386873555
7409.0,-0.091368,21.065301,-1.924755,22.77616,0.128679,0.074799,0.071594,0.0032049999999999,0.0538799999999999,0.0570849999999999,1.622476,0.0594829346151704,0.3258727365678895,1794.0,0,1.0329789640352853,1.3404433291509972,1.01814058956916,0.10970521727684024,0.13020494387262907
7410.0,-0.097537,21.064645,-1.919243,22.770384,0.129001,0.075445,0.072692,0.0027529999999999,0.053556,0.056309,1.551754,0.0514031779225869,0.1457752147138444,1795.0,0,1.0189368921058592,1.1514010874111313,1.01201814058957,0.1719464857250838,0.1333533812091273
7411.0,-0.096225,21.062282,-1.937486,22.766971,0.12889,0.076033,0.072225,0.003808,0.052857,0.056665,1.391451,0.0720420749933786,0.6058155795013349,1796.0,0,1.0253788735580194,1.5926390631535587,0.9988095238095247,0.07865883490713288,0.13255557835062542
7412.0,-0.091237,21.063201,-1.92213,22.768284,0.1289,0.075881,0.073164,0.0027169999999999,0.0530189999999999,0.0557359999999999,1.259436,0.0512448132780082,0.1422452717807727,1797.0,0,1.0085681972404423,1.1363446256796377,1.0018707482993188,0.1903224268975579,0.14134912192991184
7413.0,-0.093994,21.06622,-1.928955,22.772878,0.129239,0.076443,0.07266,0.0037829999999999,0.0527959999999999,0.0565789999999999,1.339588,0.0716517983976361,0.5971163264909851,1798.0,0,1.0238226645555295,1.5821831869510907,0.9976568405139823,0.08037577984175448,0.13454555101182936
7414.0,-0.089793,21.065433,-1.919768,22.770515,0.129074,0.075954,0.072849,0.0031049999999999,0.05312,0.056225,1.448028,0.0584514598746257,0.3028811971323444,1799.0,0,1.0174168740104057,1.298619824341292,1.0037792894935762,0.14003390414934425,0.13549129841003588
7415.0,-0.094387,21.067008,-1.930924,22.769859,0.128964,0.075387,0.072319,0.003068,0.053577,0.056645,1.476317,0.0572623091567434,0.2763750651348118,1800.0,0,1.0250169644876734,1.2831451275617431,1.0124149659863955,0.12705029743287222,0.13626113574433943
7416.0,-0.091762,21.057294,-1.927643,22.77406,0.128936,0.075624,0.073075,0.0025489999999999,0.053312,0.0558609999999999,1.570613,0.0478119783167331,0.0657274887605159,1801.0,0,1.0108301289301054,1.0660811375993335,1.0074074074074082,0.20675620345670614,0.1277916214836111
7417.0,-0.096619,21.069896,-1.936043,22.774716,0.128982,0.075912,0.072366,0.0035459999999999,0.05307,0.056616,1.476317,0.066816151947391,0.4893299196241989,1802.0,0,1.0244921963356717,1.4830614805520903,1.0028344671201823,0.11243374081847424,0.13153470928130112
7418.0,-0.095569,21.062414,-1.933418,22.775898,0.12912,0.075109,0.072319,0.00279,0.054011,0.056801,1.594187,0.0516551877360586,0.1513925055081089,1803.0,0,1.0278398552363728,1.166875784190764,1.0206160241874538,0.13763009359459255,0.11874133940522658
7419.0,-0.095437,21.071864,-1.931055,22.775635,0.129331,0.075429,0.072429,0.003,0.053902,0.056902,1.448028,0.0556555293768436,0.2405599945163152,1804.0,0,1.0296674960416206,1.254705144291144,1.018556311413455,0.11740359061987571,0.12825533755049753
7420.0,-0.087693,21.069502,-1.932499,22.776948,0.129359,0.075692,0.072146,0.0035459999999999,0.053667,0.057213,1.565899,0.0660728925989415,0.4727626921885646,1805.0,0,1.0352951820855019,1.4830614805520903,1.0141156462585044,0.08725134311780058,0.12818965306730246
7421.0,-0.085593,21.05887,-1.929874,22.778392,0.129092,0.075246,0.07213,0.0031159999999999,0.053846,0.056962,1.53761,0.0578676620795957,0.2898683626932485,1806.0,0,1.0307532232526586,1.3032204098703597,1.017498110355254,0.11608971288403336,0.12859414124665247
7422.0,-0.0894,21.065564,-1.931318,22.782724,0.129212,0.07503,0.071668,0.003362,0.0541819999999999,0.057544,1.367877,0.0620489821530739,0.3830698552583922,1807.0,0,1.0412847771997296,1.4061062317022754,1.0238473167044586,0.06238872813681229,0.1176738732401921
7423.0,-0.091762,21.064908,-1.922918,22.784168,0.129056,0.075298,0.072729,0.002569,0.053758,0.056327,1.485747,0.0477873472348816,0.0651784627228733,1808.0,0,1.0192626102691709,1.0744458385613163,1.015835222978081,0.17551576129446395,0.11232979371965413
7424.0,-0.091631,21.07659,-1.932236,22.781411,0.129065,0.077041,0.074078,0.0029629999999999,0.052024,0.054987,1.438599,0.0569533877943295,0.26948921770953,1809.0,0,0.9950147025559837,1.2392304475115115,0.983068783068784,0.13937705931739353,0.10679560301200722
7425.0,-0.090975,21.062939,-1.927118,22.78128,0.129175,0.076353,0.073002,0.003351,0.052822,0.056173,1.320729,0.0634382749938475,0.4140371488629826,1810.0,0,1.016475910427506,1.4015056461732078,0.998148148148149,0.13109517922637226,0.10577854243249865
7426.0,-0.089793,21.055063,-1.915961,22.778392,0.129616,0.075902,0.072519,0.0033829999999999,0.053714,0.057097,1.438599,0.0629805454714697,0.4038343722452979,1811.0,0,1.0331961094774946,1.4148891677122715,1.0150037792894944,0.09755352339210244,0.10275023799414992
7427.0,-0.089925,21.060313,-1.922918,22.77918,0.129699,0.075666,0.072088,0.0035779999999999,0.054033,0.057611,1.316014,0.066217566717252,0.4759874737228973,1812.0,0,1.0424971725853889,1.496445002091196,1.0210317460317468,0.05899294561309454,0.10361668095186505
7428.0,-0.092156,21.055063,-1.928561,22.775241,0.129533,0.075823,0.072267,0.003556,0.05371,0.057266,1.297155,0.0662061775055389,0.4757336085530117,1813.0,0,1.036254241121919,1.4872438310331026,1.014928193499623,0.08228818651812342,0.10716366226429792
7429.0,-0.084806,21.064383,-1.922918,22.779048,0.12934,0.074946,0.072151,0.0027949999999999,0.054394,0.057189,1.358447,0.051383399209486,0.1453343478226152,1814.0,0,1.0348608912010866,1.1689669594312073,1.0278533635676501,0.10723298482479016,0.09972935579969434
7430.0,-0.09255,21.053488,-1.920555,22.776029,0.129386,0.074952,0.071804,0.0031479999999999,0.0544339999999999,0.0575819999999999,1.514036,0.0578304399742812,0.289038683139718,1815.0,0,1.0419724044333851,1.3166039314094653,1.0286092214663634,0.05696829873431353,0.09960187815758295
7431.0,-0.089793,21.071208,-1.918455,22.776291,0.128835,0.075681,0.072324,0.0033569999999999,0.053154,0.056511,1.716772,0.0631549242780547,0.4077212703444266,1816.0,0,1.0225921737163546,1.4040150564617484,1.004421768707484,0.12475414246118433,0.10781993041591265
7432.0,-0.089662,21.065695,-1.919636,22.780624,0.128642,0.074899,0.071526,0.0033729999999999,0.053743,0.057116,1.518751,0.0627604941947005,0.3989294362262066,1817.0,0,1.0335399230943234,1.410706817231301,1.0155517762660629,0.09785854126114091,0.11040805341890639
7433.0,-0.094387,21.0527,-1.92843,22.778654,0.129028,0.075466,0.072014,0.003452,0.053562,0.057014,1.565899,0.0644474730690964,0.4365321421316581,1818.0,0,1.0316941868355585,1.4437473860310097,1.0121315192743774,0.10117269664842832,0.12124794362308484
7434.0,-0.093731,21.070289,-1.926593,22.774979,0.128982,0.075545,0.072519,0.003026,0.053437,0.056463,1.325443,0.0566263707474082,0.262200018047291,1819.0,0,1.021723591947524,1.2655792555416672,1.0097694633408927,0.13810228289627968,0.12272090698803247
7435.0,-0.086643,21.057163,-1.938799,22.773403,0.128973,0.075324,0.072954,0.0023699999999999,0.053649,0.056019,1.27358,0.044175209692451,0.0153359691764004,1820.0,0,1.0136892105858413,0.9912170639899619,1.0137755102040826,0.21327570180966926,0.12232613952523179
7436.0,-0.088875,21.065826,-1.931055,22.772485,0.129166,0.075834,0.072639,0.003195,0.053332,0.056527,1.231147,0.0599066244164026,0.3353167688748018,1821.0,0,1.0228817009726316,1.3362609786700683,1.0077853363567657,0.12343475342203969,0.12703184370531267
7437.0,-0.087693,21.066089,-1.929874,22.772353,0.129478,0.076012,0.073217,0.0027949999999999,0.053466,0.056261,1.264151,0.0522752351918003,0.1652133437412075,1822.0,0,1.0180683103370287,1.1689669594312073,1.0103174603174612,0.1673918476548789,0.12747271264650817
7438.0,-0.090056,21.06622,-1.922786,22.773272,0.129083,0.075319,0.07192,0.0033989999999999,0.053764,0.057163,1.669624,0.0632195666325676,0.4091621463877946,1823.0,0,1.0343904094096368,1.4215809284818244,1.0159486016628883,0.09701782016759986,0.13499045227053635
7439.0,-0.088743,21.062807,-1.925674,22.771959,0.129046,0.074994,0.071978,0.003016,0.0540519999999999,0.0570679999999999,1.429169,0.0557970880432169,0.2437153327252241,1824.0,0,1.032671341325491,1.2613969050606968,1.0213907785336347,0.10328531019678355,0.1312387513938518
7440.0,-0.088743,21.06097,-1.922393,22.773141,0.129221,0.075261,0.072093,0.0031679999999999,0.05396,0.057128,1.52818,0.0587090676599764,0.3086232665432402,1825.0,0,1.0337570685365312,1.3249686323714063,1.019652305366592,0.10402534053512247,0.13260524342930807
7441.0,-0.089006,21.056769,-1.92318,22.770909,0.128798,0.075387,0.072272,0.0031149999999999,0.053411,0.0565259999999999,1.542325,0.0583202276641951,0.2999560353007169,1826.0,0,1.0228636055191125,1.3028021748222627,1.009278155706728,0.12916283187313904,0.11943423507064517
7442.0,-0.092812,21.057294,-1.92633,22.766052,0.129148,0.076122,0.073327,0.0027949999999999,0.053026,0.055821,1.532895,0.0527089973032604,0.174881887525433,1827.0,0,1.010106310789415,1.1689669594312073,1.0020030234315958,0.17303593750142265,0.11720099050727
7443.0,-0.084543,21.05375,-1.932499,22.765133,0.129203,0.075298,0.071699,0.003599,0.053905,0.057504,1.311299,0.0667643676028643,0.4881756482178994,1828.0,0,1.0405609590590374,1.5052279381012759,1.018613000755859,0.06365568788158293,0.10864442160322789
7444.0,-0.091237,21.052044,-1.928955,22.759357,0.129239,0.075482,0.072702,0.0027799999999999,0.053757,0.0565369999999999,1.353732,0.0517132333792178,0.1526863410634524,1829.0,0,1.0230626555078028,1.1626934337097516,1.015816326530613,0.15176720325084236,0.10341745586314577
7445.0,-0.096225,21.056901,-1.925411,22.764608,0.129239,0.075351,0.071915,0.0034359999999999,0.0538879999999999,0.0573239999999999,1.250006,0.063760693276921,0.4212238422240926,1830.0,0,1.0373037774259208,1.437055625261415,1.018291761148903,0.08156561822304009,0.10185328133877278
7446.0,-0.092287,21.063201,-1.929218,22.765133,0.129203,0.075792,0.072272,0.0035199999999999,0.053411,0.056931,1.608332,0.0659027933797647,0.4689711859577934,1831.0,0,1.0301922641936223,1.472187369301567,1.009278155706728,0.10110230778828799,0.10534880522767445
7447.0,-0.085331,21.058345,-1.920293,22.763952,0.129432,0.07555,0.07213,0.00342,0.0538819999999999,0.0573019999999999,1.382021,0.0634708535159513,0.4147633230931993,1832.0,0,1.0369056774485401,1.4303638644919041,1.0181783824640958,0.08182615861445808,0.10388341329668264
7448.0,-0.092681,21.06517,-1.929086,22.760407,0.129699,0.075408,0.071978,0.00343,0.054291,0.057721,1.405595,0.0631768953068592,0.4082110038835453,1833.0,0,1.0444876724722922,1.4345462149728745,1.025907029478459,0.0447481627667784,0.10147549120026349
7449.0,-0.094519,21.047844,-1.93158,22.756075,0.129046,0.075293,0.071799,0.0034939999999999,0.0537529999999999,0.0572469999999999,1.622476,0.0649998139673326,0.4488438033333239,1834.0,0,1.0359104275050885,1.461313258051044,1.0157407407407397,0.08764356495305392,0.10633257138414147
7450.0,-0.0915,21.063726,-1.933418,22.755419,0.129295,0.075571,0.072692,0.0028789999999999,0.0537239999999999,0.0566029999999999,1.344303,0.0535877152163795,0.1944684820953885,1835.0,0,1.0242569554399448,1.2040987034713593,1.0151927437641712,0.138980579424139,0.10514992850668765
7451.0,-0.084412,21.061889,-1.924755,22.752925,0.129239,0.075366,0.072251,0.003115,0.0538729999999999,0.056988,1.339588,0.0578200987489328,0.2888081775528495,1836.0,0,1.0312237050441084,1.3028021748223046,1.0180083144368848,0.11450891256322093,0.1104643681637369
7452.0,-0.089925,21.059788,-1.92948,22.754631,0.129203,0.075335,0.072666,0.002669,0.053868,0.056537,1.339588,0.0495461211457425,0.1043814777268203,1837.0,0,1.0230626555078046,1.1162693433710211,1.0179138321995473,0.1489567165372312,0.1092412159746607
7453.0,-0.091894,21.057426,-1.933286,22.754894,0.129295,0.075083,0.072351,0.0027319999999999,0.0542119999999999,0.0569439999999999,1.254721,0.0503938169811668,0.1232765911633488,1838.0,0,1.0304275050893454,1.1426181514010934,1.0244142101284948,0.11222648972036287,0.11312817660275369
7454.0,-0.087825,21.055851,-1.929086,22.7524,0.129304,0.075634,0.072765,0.002869,0.0536699999999999,0.056539,1.580043,0.0534553110618399,0.1915171976665319,1839.0,0,1.0230988464148392,1.1999163529904306,1.014172335600906,0.13994077447630393,0.11574070690745605
7455.0,-0.084018,21.071602,-1.924624,22.75555,0.129276,0.075592,0.072587,0.003005,0.0536839999999999,0.056689,1.589473,0.0559746670392103,0.247673562945337,1840.0,0,1.0258131644424349,1.2567963195316292,1.0144368858654562,0.13471001479353284,0.1251621330018871
7456.0,-0.084937,21.06622,-1.930661,22.75135,0.129533,0.07524,0.072335,0.002905,0.054293,0.057198,1.221718,0.0535049913434266,0.192624569576256,1841.0,0,1.0350237502827424,1.2149728147219245,1.0259448223733947,0.08887078589752584,0.11736577833418149
7457.0,-0.089925,21.053882,-1.937486,22.754631,0.129046,0.074805,0.072314,0.0024909999999999,0.054241,0.0567319999999999,1.575328,0.0459238228678882,0.0236405633554075,1842.0,0,1.026591268943677,1.0418235048097046,1.024962207105065,0.12069576489538791,0.1140950528938538
7458.0,-0.08835,21.064645,-1.925149,22.746755,0.129359,0.074899,0.07193,0.0029689999999999,0.05446,0.057429,1.452743,0.0545160757239125,0.2151616085291725,1843.0,0,1.0392038000452395,1.2417398578000938,1.02910052910053,0.07087346581380216,0.1076208268492943
7459.0,-0.090056,21.058607,-1.943917,22.750824,0.128514,0.075372,0.072613,0.0027589999999999,0.0531419999999999,0.0559009999999999,1.405595,0.0519165271061098,0.1572177518242918,1844.0,0,1.0115539470707975,1.1539104976997137,1.0041950113378675,0.1818578258973645,0.10637910183178508
7460.0,-0.087037,21.061495,-1.92948,22.754631,0.128955,0.07608,0.072209,0.0038709999999999,0.0528749999999999,0.0567459999999999,1.448028,0.0732090173235494,0.6318266872371985,1845.0,0,1.0268446052929192,1.618987871183631,0.9991496598639446,0.06101703274708281,0.09946261478345027
7461.0,-0.085987,21.055719,-1.921868,22.754631,0.128881,0.074752,0.071547,0.0032049999999999,0.054129,0.0573339999999999,1.259436,0.0592093109181599,0.3197736729912144,1846.0,0,1.0374847319610938,1.3404433291509972,1.022845804988663,0.081801658159944,0.10151039136264531
7462.0,-0.082837,21.045218,-1.920424,22.75135,0.129083,0.075303,0.071804,0.0034989999999999,0.05378,0.057279,1.806354,0.0650601513545673,0.4501887217918341,1847.0,0,1.036489482017644,1.4634044332915292,1.0162509448223742,0.08421445609163614,0.10062412434464782
7463.0,-0.081918,21.054275,-1.926986,22.754631,0.128762,0.07491,0.071584,0.003326,0.0538519999999999,0.0571779999999999,1.396165,0.0617607189942994,0.3766444785407064,1848.0,0,1.0346618412123945,1.3910497699707816,1.0176114890400594,0.09980923954527066,0.10204158459557475
7464.0,-0.081393,21.056376,-1.930661,22.756863,0.12912,0.075639,0.071925,0.0037139999999999,0.053481,0.057195,1.198144,0.0694439250588982,0.5479028994035942,1849.0,0,1.0349694639221905,1.5533249686323944,1.0106009070294795,0.07077590399295575,0.09949558447797549
7465.0,-0.085593,21.054144,-1.926068,22.752137,0.12912,0.075319,0.072603,0.0027159999999999,0.053801,0.056517,1.367877,0.0504813947436897,0.1252286967279103,1850.0,0,1.0227007464374585,1.1359263906315404,1.0166477702191998,0.15518778058548333,0.09211537419504172
7466.0,-0.089925,21.070158,-1.933155,22.756994,0.129239,0.076353,0.07255,0.003803,0.0528859999999999,0.0566889999999999,1.405595,0.0719080303288142,0.6028277281557681,1851.0,0,1.0258131644424329,1.5905478879130734,0.9993575207860912,0.08000811571755095,0.09701020021307916
7467.0,-0.087168,21.05992,-1.934336,22.759357,0.128991,0.076191,0.073033,0.0031579999999999,0.0528,0.0559579999999999,1.801639,0.0598094733054297,0.3331512736752178,1852.0,0,1.0125853879212838,1.3207862818904357,0.9977324263038557,0.1348703674046572,0.09952506788674483
7468.0,-0.085331,21.05887,-1.927643,22.75555,0.129781,0.074805,0.071904,0.002901,0.054976,0.057877,1.542325,0.0527675209633119,0.176186378062231,1853.0,0,1.0473105632209916,1.2132998745295362,1.038851095993954,0.0454134646378096,0.09430869061432681
7469.0,-0.084281,21.057294,-1.923443,22.7566,0.129267,0.075776,0.07233,0.0034459999999999,0.053491,0.0569369999999999,1.471602,0.0644208479772674,0.4359386696745073,1854.0,0,1.0303008369147242,1.4412379757423857,1.010789871504158,0.1080557230680268,0.09720406331661544
7470.0,-0.077324,21.046531,-1.92528,22.755944,0.129056,0.074721,0.072114,0.0026069999999999,0.054335,0.056942,1.825213,0.0479792402826854,0.0694557527063963,1855.0,0,1.0303913141823127,1.0903387703889624,1.0267384731670455,0.10996529292745716,0.08737894672586022
7471.0,-0.079949,21.06622,-1.923049,22.755419,0.129065,0.075419,0.072114,0.003305,0.053646,0.056951,1.589473,0.0616064272000298,0.3732053193125724,1856.0,0,1.0305541732639685,1.3822668339607438,1.013718820861679,0.10695033489660055,0.07697184054289112
7472.0,-0.082574,21.050469,-1.927118,22.754106,0.128844,0.075477,0.071563,0.003914,0.0533669999999999,0.0572809999999999,1.514036,0.0733398291110778,0.634742477855595,1857.0,0,1.0365256729246768,1.636971978251846,1.0084467120181395,0.0320506833674562,0.08071673717233749
7473.0,-0.080606,21.061626,-1.926461,22.756075,0.129056,0.076112,0.072681,0.003431,0.052944,0.056375,1.438599,0.0648030975540656,0.4444590006857485,1858.0,0,1.0201311920380014,1.4349644500209717,1.00045351473923,0.12876296656815678,0.07772187923508567
7474.0,-0.078768,21.058476,-1.917274,22.758307,0.129653,0.076143,0.071888,0.004255,0.0535099999999999,0.057765,1.40088,0.0795163611220124,0.772417181580594,1859.0,0,1.0452838724270537,1.7795901296529393,1.0111489040060457,-0.02747526191459626,0.08007179766822806
7475.0,-0.085856,21.052569,-1.936699,22.758307,0.128872,0.076133,0.072235,0.003898,0.0527389999999999,0.0566369999999999,1.52818,0.073909745923398,0.647445905627875,1860.0,0,1.0248722008595332,1.630280217482293,0.9965797430083134,0.05111671875579238,0.0681482046821004
7476.0,-0.082049,21.043118,-1.928955,22.75345,0.128679,0.075072,0.071836,0.003236,0.0536069999999999,0.0568429999999999,1.40088,0.0603641247574989,0.34551443704895,1861.0,0,1.0285998642840977,1.3534086156420473,1.0129818594104298,0.11745708201201455,0.06262135656127085
7477.0,-0.079949,21.057426,-1.928693,22.758438,0.129129,0.075807,0.072293,0.003514,0.0533219999999999,0.056836,1.726202,0.0659002681769593,0.4689148992669025,1862.0,0,1.0284731961094784,1.4696779590130267,1.007596371882085,0.10492178803213903,0.0561361160826757
7478.0,-0.082837,21.0485,-1.936436,22.754894,0.129515,0.075592,0.072077,0.003515,0.0539229999999999,0.0574379999999999,1.594187,0.0651843335064165,0.4529567380400294,1863.0,0,1.0393666591268935,1.4700961940611237,1.0189531368102787,0.06891264896923321,0.05941823449390356
7479.0,-0.081262,21.055851,-1.936961,22.755944,0.129442,0.075303,0.071311,0.0039919999999999,0.054139,0.058131,1.325443,0.073734761728851,0.6435455134501658,1864.0,0,1.0519068084143868,1.6695943120033738,1.0230347694633417,-0.011180206793249714,0.04248831822366741
7480.0,-0.082837,21.055851,-1.921474,22.756207,0.129212,0.074542,0.071558,0.002984,0.0546699999999999,0.057654,1.462173,0.0545810393078597,0.2166096447665009,1865.0,0,1.043275277086633,1.2480133835215912,1.0330687830687821,0.054696811719161964,0.05963074113419061
7481.0,-0.085725,21.059001,-1.931186,22.755419,0.129092,0.0745,0.071285,0.0032149999999999,0.054592,0.057807,1.669624,0.0588903339255947,0.3126636858870006,1866.0,0,1.0460438814747803,1.3446256796319673,1.0315948601662897,0.042097930110648885,0.06338351996676195
7482.0,-0.085856,21.065433,-1.93683,22.756732,0.129001,0.075655,0.071867,0.0037879999999999,0.053346,0.057134,1.405595,0.0710068045063452,0.5827394329962696,1867.0,0,1.0338656412576348,1.584274362191576,1.0080498866213161,0.06487186747973472,0.04981253824384274
7483.0,-0.084412,21.062545,-1.924099,22.757388,0.128982,0.075608,0.071216,0.0043919999999999,0.053374,0.057766,1.217003,0.0822857142857141,0.8341459762581787,1868.0,0,1.0453019678805708,1.836888331242193,1.0085789871504165,-0.04053619613420467,0.047608662716592455
7484.0,-0.079949,21.056507,-1.935386,22.759489,0.128872,0.075844,0.072834,0.0030099999999999,0.0530279999999999,0.0560379999999999,1.504606,0.0567613947085556,0.2652096978828109,1869.0,0,1.0140330242026683,1.2588874947720725,1.0020408163265297,0.14394896719063577,0.05357824503026196
7485.0,-0.078768,21.062414,-1.93368,22.764083,0.129249,0.075792,0.072209,0.003583,0.053457,0.05704,1.589473,0.0670245800441468,0.4939757753273694,1870.0,0,1.0321646686270083,1.498536177331723,1.0101473922902502,0.08864450708150573,0.05070575244721429
7486.0,-0.079818,21.058213,-1.932761,22.756994,0.129193,0.076689,0.072377,0.0043119999999999,0.052504,0.056816,1.311299,0.0821255118560136,0.8305750691527036,1871.0,0,1.0281112870391322,1.8034295273944292,0.9921390778533645,-0.018252735217177518,0.06066603959208341
7487.0,-0.080212,21.068058,-1.935255,22.757651,0.129148,0.075923,0.072261,0.0036619999999999,0.053225,0.056887,1.65548,0.0688009619358959,0.533571271669985,1872.0,0,1.0293960642388609,1.531576746131348,1.0057634164777032,0.08288303275963615,0.06844399397920133
7488.0,-0.075224,21.060576,-1.91898,22.758307,0.129001,0.075592,0.072471,0.003121,0.053409,0.05653,1.391451,0.0584347500468079,0.3025087355972882,1873.0,0,1.0229359873331834,1.3053115851108867,1.0092403628117923,0.1286084721059283,0.07554648114450245
7489.0,-0.074962,21.066483,-1.931843,22.761195,0.129083,0.075629,0.071269,0.00436,0.053454,0.057814,1.29244,0.0815639322794874,0.8180574781033292,1874.0,0,1.0461705496494014,1.8235048097031292,1.0100907029478468,-0.039905132623726414,0.08261281524558113
7490.0,-0.081524,21.068714,-1.929218,22.765133,0.129129,0.075855,0.072944,0.002911,0.0532739999999999,0.056185,1.391451,0.0546410136086346,0.2179464700392723,1875.0,0,1.0166930558697136,1.2174822250105066,1.0066893424036272,0.15429968316785314,0.07131602132483131
7491.0,-0.082443,21.053094,-1.926724,22.7566,0.128964,0.075188,0.07203,0.003158,0.0537759999999999,0.056934,1.471602,0.0587239898097701,0.3089558807915187,1876.0,0,1.0302465505541742,1.3207862818904776,1.016175359032501,0.11987747398182802,0.07214486002377754
7492.0,-0.074568,21.061364,-1.930005,22.757519,0.128927,0.075681,0.072566,0.0031149999999999,0.053246,0.056361,1.542325,0.0585009484102389,0.3039842950303655,1877.0,0,1.019877855688759,1.3028021748222627,1.0061602418745286,0.13589673913274603,0.08286492987583943
7493.0,-0.079556,21.058607,-1.927511,22.763952,0.128936,0.074626,0.071069,0.003557,0.05431,0.057867,1.405595,0.0654931781775331,0.4598408760187129,1878.0,0,1.0471296086858186,1.4876620660811997,1.0262660619803485,0.03012714487658208,0.08469475175068501
7494.0,-0.079818,21.055194,-1.929349,22.763952,0.129276,0.074621,0.071264,0.003357,0.0546549999999999,0.058012,1.52818,0.0614205210772836,0.3690614776997643,1879.0,0,1.0497534494458276,1.4040150564617901,1.0327853363567638,0.03098102798313762,0.07724458956382262
7495.0,-0.080737,21.062939,-1.923836,22.761983,0.128578,0.075141,0.071605,0.0035359999999999,0.053437,0.0569729999999999,1.495176,0.0661701410980949,0.4749303581676198,1880.0,0,1.0309522732413472,1.47887913007112,1.0097694633408927,0.09693289407096795,0.09175912611156509
7496.0,-0.077456,21.067008,-1.928036,22.757651,0.128339,0.075487,0.071831,0.0036559999999999,0.052852,0.056508,1.254721,0.0691729892342911,0.5418637484180211,1881.0,0,1.0225378873558029,1.5290673358427658,0.9987150415721854,0.08894796330344146,0.08372796707435914
7497.0,-0.079556,21.06307,-1.929611,22.760407,0.128927,0.076075,0.072477,0.003598,0.052852,0.05645,1.490462,0.0680756059258699,0.5174031090831663,1882.0,0,1.0214883510517991,1.5048097030531786,0.9987150415721854,0.10118125150809198,0.07921064200489111
7498.0,-0.080606,21.063201,-1.92528,22.757126,0.128817,0.075198,0.071442,0.0037559999999999,0.0536189999999999,0.0573749999999999,1.499891,0.0700484893696381,0.561378618822918,1883.0,0,1.0382266455553033,1.5708908406524704,1.0132086167800445,0.05410685023730433,0.0758907702865901
7499.0,-0.078112,21.071864,-1.929218,22.765265,0.128835,0.075036,0.071736,0.0033,0.053799,0.057099,1.532895,0.0613382899628254,0.3672285487519411,1884.0,0,1.0332323003845292,1.3801756587202585,1.0166099773242638,0.10524023285369821,0.08176448144400637
7500.0,-0.082574,21.060839,-1.923311,22.760539,0.12901,0.075718,0.072025,0.0036929999999999,0.053292,0.056985,1.264151,0.0692961552173828,0.5446091142966611,1885.0,0,1.0311694186835567,1.5445420326223565,1.0070294784580507,0.07398809279579377,0.07782788832877187
7501.0,-0.077981,21.055326,-1.924624,22.758963,0.129019,0.074715,0.07161,0.003105,0.0543039999999999,0.057409,1.504606,0.0571770555197497,0.2744747642549965,1886.0,0,1.0388418909748935,1.298619824341334,1.0261526832955394,0.07470422328714776,0.07513620360582678
7502.0,-0.081131,21.069764,-1.934074,22.763164,0.128826,0.074936,0.071647,0.003289,0.0538899999999999,0.0571789999999999,1.358447,0.061030598801284,0.3603701224653097,1887.0,0,1.0346799366659118,1.3755750731911909,1.0183295540438388,0.10269802194973576,0.06830163195435959
7503.0,-0.078768,21.055194,-1.931711,22.7566,0.128817,0.076311,0.072692,0.0036189999999999,0.0525059999999999,0.0561249999999999,1.575328,0.0689241434475402,0.5363169836795736,1888.0,0,1.0156073286586735,1.5135926390631749,0.9921768707482983,0.08886425645074492,0.07130929292039032
7504.0,-0.076406,21.063989,-1.925805,22.758701,0.129295,0.075382,0.071379,0.004003,0.0539129999999999,0.0579159999999999,1.132136,0.074247876247357,0.6549828198847876,1889.0,0,1.0480162859081648,1.674194897532483,1.0187641723355998,-0.00838490316920748,0.07140686447373981
7505.0,-0.079424,21.059395,-1.927643,22.761064,0.128927,0.075177,0.071579,0.0035979999999999,0.05375,0.057348,1.349017,0.0669382895201947,0.4920523622699535,1890.0,0,1.037738068310338,1.5048097030531369,1.015684051398338,0.07001604684151708,0.07101509424328395
7506.0,-0.082312,21.071864,-1.934599,22.758832,0.128973,0.075823,0.07182,0.004003,0.05315,0.057153,1.466888,0.0753137288103705,0.6787406398989371,1891.0,0,1.0342094548744638,1.674194897532483,1.0043461829176124,0.02060224678876965,0.07559067347199645
7507.0,-0.077981,21.066745,-1.927118,22.761589,0.128872,0.075477,0.072419,0.003058,0.0533949999999999,0.0564529999999999,1.424454,0.0572702075061803,0.2765511190946577,1892.0,0,1.0215426374123493,1.2789627770807728,1.0089758125472401,0.13125786116839921,0.06765303855377745
7508.0,-0.077324,21.056376,-1.928168,22.758438,0.128936,0.07618,0.072293,0.003887,0.052756,0.056643,1.514036,0.0736774266921925,0.6422675172913108,1893.0,0,1.0249807735806387,1.6256796319532254,0.9969009826152692,0.055082565770799174,0.06878918429573001
7509.0,-0.078243,21.057163,-1.931055,22.754369,0.129102,0.07659,0.073028,0.003562,0.0525119999999999,0.056074,1.452743,0.0678308228438674,0.5119469019054292,1894.0,0,1.0146844605292928,1.489753241321685,0.9922902494331055,0.10132253054913964,0.06994584376829859
7510.0,-0.077718,21.066745,-1.931186,22.7545,0.128955,0.075718,0.072256,0.0034619999999999,0.0532369999999999,0.0566989999999999,1.509321,0.0650287388707313,0.4494885385178317,1895.0,0,1.025994118977606,1.4479297365119383,1.0059901738473158,0.11974388508291878,0.08035289975811934
7511.0,-0.076668,21.059788,-1.927118,22.756469,0.129313,0.076185,0.072046,0.004139,0.053128,0.057267,1.17457,0.0779047224679554,0.7364938068103744,1896.0,0,1.0362723365754363,1.7310748640736817,1.003930461073319,-0.0046721258950421785,0.08155995322533433
7512.0,-0.073124,21.068845,-1.928693,22.753056,0.129598,0.07565,0.072618,0.0030319999999999,0.0539479999999999,0.0569799999999999,1.377306,0.0562012270848392,0.2527235792170348,1897.0,0,1.0310789414159682,1.2680886658302075,1.0194255479969756,0.11405947936926131,0.0917325428625059
7513.0,-0.073255,21.069502,-1.928299,22.752006,0.129166,0.075335,0.072004,0.003331,0.053831,0.057162,1.245292,0.0618776935651657,0.3792518380361083,1898.0,0,1.0343723139561194,1.3931409452112669,1.017214663643236,0.10043085117643069,0.09158972663717777
7514.0,-0.077062,21.068714,-1.931843,22.760014,0.129451,0.07491,0.072135,0.0027749999999999,0.054541,0.057316,1.631906,0.0508782222874115,0.1340739701621118,1899.0,0,1.0371590137977842,1.1606022584692663,1.0306311413454279,0.09568565672899998,0.09656529149762574
7515.0,-0.07588,21.058476,-1.929874,22.759095,0.129148,0.075267,0.071836,0.003431,0.053881,0.057312,1.235862,0.0636761812850303,0.419340072590233,1900.0,0,1.037086631983715,1.4349644500209717,1.0181594860166296,0.08208658151366699,0.09311483205433704
7516.0,-0.073124,21.057688,-1.933549,22.754369,0.129037,0.075639,0.072314,0.0033249999999999,0.053398,0.056723,1.433884,0.0622670836532518,0.3879313308187571,1901.0,0,1.026428409862023,1.3906315349226428,1.0090325018896456,0.12232814316048535,0.0879225527593698
7517.0,-0.07063,21.057294,-1.93473,22.755025,0.129138,0.075288,0.072361,0.0029269999999999,0.05385,0.056777,1.660195,0.0543536795974076,0.2115418039911138,1902.0,0,1.0274055643519575,1.2241739857800178,1.0175736961451256,0.12982969891511797,0.09628166889295595
7518.0,-0.071549,21.061101,-1.937486,22.757257,0.129377,0.075372,0.072214,0.0031579999999999,0.054005,0.0571629999999999,1.334873,0.0584749842610079,0.3034055549628778,1903.0,0,1.034390409409635,1.3207862818904357,1.0205026455026465,0.10483821437527896,0.09794818081561449
7519.0,-0.06853,21.062939,-1.936174,22.762377,0.128606,0.074395,0.07108,0.0033149999999999,0.0542109999999999,0.0575259999999999,1.405595,0.0611488231387884,0.3630053392196601,1904.0,0,1.0409590590364162,1.3864491844416722,1.0243953136810269,0.06681793611625264,0.09689634848952243
7520.0,-0.074568,21.074227,-1.933418,22.757913,0.129138,0.075713,0.071967,0.0037459999999999,0.053425,0.057171,1.801639,0.0701156740163965,0.562876162480257,1905.0,0,1.0345351730377752,1.5667084901715,1.0095427059712783,0.06782109213324639,0.09297136203145731
7521.0,-0.07588,21.070814,-1.929218,22.758963,0.128918,0.075744,0.072046,0.003698,0.053174,0.056872,1.339588,0.0695439586271745,0.5501326444855623,1906.0,0,1.0291246324361014,1.5466332078628835,1.0047996976568414,0.07891903544081913,0.08354376685326302
7522.0,-0.077062,21.068058,-1.920293,22.760014,0.128734,0.075771,0.072377,0.003394,0.0529629999999999,0.0563569999999999,1.235862,0.0640812627445058,0.4283693255462701,1907.0,0,1.019805473874688,1.4194897532413808,1.0008125472411176,0.13072459859584684,0.07586370436764502
7523.0,-0.074699,21.063464,-1.93683,22.759357,0.128863,0.075639,0.072025,0.0036139999999999,0.053224,0.056838,1.499891,0.0679004227336776,0.5134982812542201,1908.0,0,1.028509387016513,1.5115014638226896,1.0057445200302353,0.08991252791551008,0.06654867574161652
7524.0,-0.073518,21.070552,-1.921474,22.761195,0.12935,0.075576,0.071888,0.003688,0.0537739999999999,0.057462,1.353732,0.0685820548582057,0.5286918398122766,1909.0,0,1.0398009500113106,1.542450857381913,1.0161375661375651,0.05643579214834871,0.05861156038103338
7525.0,-0.072074,21.068714,-1.928036,22.755156,0.129166,0.075198,0.071185,0.004013,0.053968,0.057981,1.122707,0.0743575015286553,0.6574263639475075,1910.0,0,1.0491924903867913,1.6783772480134536,1.019803476946335,-0.012189370268275823,0.06293790111641548
7526.0,-0.071155,21.07344,-1.933286,22.755025,0.128734,0.075361,0.071484,0.0038769999999999,0.0533729999999999,0.0572499999999999,1.650765,0.0726383632480232,0.6191068258913095,1911.0,0,1.0359647138656403,1.6214972814722133,1.0085600907029468,0.04552751830430524,0.06304705680001417
7527.0,-0.071549,21.066483,-1.918586,22.759226,0.128854,0.074815,0.071117,0.003698,0.0540389999999999,0.057737,1.349017,0.0684307920059216,0.5253201956054736,1912.0,0,1.044777199728569,1.5466332078628835,1.0211451247165524,0.03667941265483299,0.06953223864127767
7528.0,-0.072074,21.062807,-1.932761,22.757257,0.128918,0.075545,0.071594,0.0039509999999999,0.053373,0.057324,1.405595,0.0740248060853598,0.6500105930091744,1913.0,0,1.0373037774259226,1.6524466750313949,1.0085600907029486,0.025467060769447603,0.06803679530857934
7529.0,-0.073912,21.068583,-1.931055,22.755944,0.128679,0.07482,0.071668,0.003152,0.0538589999999999,0.0570109999999999,1.641336,0.0585220943186038,0.3044556366609086,1914.0,0,1.0316399004750048,1.3182768716018953,1.0177437641723346,0.1100813434700737,0.07369654497601011
7530.0,-0.069055,21.076459,-1.93788,22.761983,0.128973,0.07503,0.071516,0.003514,0.053943,0.057457,1.594187,0.0651416283553315,0.4520048415692019,1915.0,0,1.039710472743724,1.4696779590130267,1.019331065759638,0.06891264896923321,0.07858533579704521
7531.0,-0.072205,21.068714,-1.933418,22.75857,0.128743,0.074747,0.072088,0.0026589999999999,0.053996,0.056655,1.391451,0.0492434764894344,0.0976355378826816,1916.0,0,1.0251979190228464,1.1120869928900088,1.0203325774754355,0.14377085385345412,0.09102780865224216
7532.0,-0.068662,21.064908,-1.938274,22.7566,0.128532,0.074925,0.071678,0.003247,0.053607,0.056854,1.103847,0.0605693180122369,0.3500881882255673,1917.0,0,1.02879891427279,1.358009201171115,1.0129818594104318,0.11577016526886352,0.09269609514755298
7533.0,-0.070105,21.060182,-1.939061,22.756075,0.128449,0.075419,0.072419,0.003,0.05303,0.05603,1.471602,0.0565706850709962,0.2609587860763127,1918.0,0,1.0138882605745316,1.254705144291144,1.0020786092214673,0.14651002458981777,0.10091230795458558
7534.0,-0.071549,21.070814,-1.933549,22.752662,0.12856,0.075624,0.072025,0.0035989999999999,0.052936,0.056535,1.547039,0.0679864744885428,0.5154163721562195,1919.0,0,1.02302646460077,1.505227938101234,1.0003023431594869,0.10532370035869976,0.118628566015476
7535.0,-0.06118,21.064645,-1.925149,22.757913,0.128376,0.075734,0.072219,0.0035149999999999,0.0526419999999999,0.0561569999999999,1.415025,0.0667705107991564,0.4883125798695025,1920.0,0,1.0161863831712274,1.470096194061082,0.9947467876039294,0.1122353582836938,0.11970458483330586
7536.0,-0.062886,21.073965,-1.927774,22.759489,0.129193,0.075183,0.071647,0.0035359999999999,0.05401,0.057546,1.41974,0.0654681453777933,0.4592828957020098,1921.0,0,1.0413209681067641,1.47887913007112,1.020597127739986,0.06221038325741335,0.11917027727746818
7537.0,-0.063411,21.063464,-1.928168,22.762377,0.128284,0.074369,0.071342,0.003027,0.053915,0.056942,1.278295,0.0561428889383485,0.2514232237716567,1922.0,0,1.0303913141823127,1.2659974905897644,1.0188019652305376,0.11884154072515918,0.10963371408252123
7538.0,-0.06853,21.069502,-1.933549,22.761589,0.128468,0.07512,0.072498,0.0026219999999999,0.0533479999999999,0.0559699999999999,1.64605,0.0491480627565652,0.0955087687862352,1923.0,0,1.0128025333634916,1.096612296110418,1.00808767951625,0.2026296413783516,0.10625875450156479
7539.0,-0.064855,21.063464,-1.93788,22.761851,0.128633,0.075729,0.072225,0.003504,0.0529039999999999,0.056408,1.382021,0.0662319251488518,0.4763075227104134,1924.0,0,1.0207283420040725,1.4654956085320563,0.999697656840513,0.12084153164837241,0.104039560469712
7540.0,-0.064199,21.063595,-1.932893,22.763558,0.128808,0.07544,0.071642,0.0037979999999999,0.053368,0.057166,1.556469,0.0711649084674622,0.5862635653032024,1925.0,0,1.0344446957701887,1.5884567126725464,1.0084656084656094,0.06356957341085645,0.11097710257994069
7541.0,-0.066824,21.070421,-1.919243,22.762114,0.128762,0.075135,0.071337,0.0037979999999999,0.0536269999999999,0.0574249999999999,1.674339,0.0708212127992838,0.5786025996991615,1926.0,0,1.0391314182311686,1.5884567126725464,1.0133597883597874,0.04840522190398444,0.11329958004799703
7542.0,-0.064068,21.064776,-1.940768,22.761064,0.128651,0.074658,0.071327,0.003331,0.0539929999999999,0.0573239999999999,1.415025,0.0616920398562803,0.3751136227202989,1927.0,0,1.0373037774259208,1.3931409452112669,1.02027588813303,0.08202056945929914,0.11814603755731148
7543.0,-0.062493,21.073571,-1.928955,22.763427,0.128679,0.075099,0.071909,0.0031899999999999,0.0535799999999999,0.0567699999999999,1.476317,0.0595360295627181,0.3270562212741896,1928.0,0,1.0272788961773345,1.3341698034295413,1.0124716553287971,0.12431808427128976,0.1169127810432026
7544.0,-0.059211,21.073702,-1.931449,22.76067,0.128523,0.075361,0.072561,0.0027999999999999,0.053162,0.055962,1.363162,0.05266820909279,0.1739727196004481,1929.0,0,1.012657769735355,1.1710581346716924,1.004572940287227,0.17469912146098682,0.10453721721022927
7545.0,-0.061574,21.070814,-1.93368,22.766315,0.128394,0.074715,0.071799,0.002916,0.053679,0.056595,1.405595,0.0543219076005961,0.2108336071842282,1930.0,0,1.0241121918118081,1.2195734002509921,1.0143424036281188,0.13546013296425707,0.10396218599063341
7546.0,-0.062755,21.053882,-1.935124,22.761983,0.12856,0.074873,0.071605,0.0032679999999999,0.053687,0.056955,1.476317,0.0608702130829979,0.3567951298630409,1931.0,0,1.0306265550780376,1.366792137181111,1.0144935752078619,0.11067495835055807,0.1089191261648089
7547.0,-0.060261,21.078953,-1.929743,22.768021,0.128808,0.074941,0.071715,0.0032259999999999,0.053867,0.057093,1.650765,0.0598871315066457,0.3348822725310973,1932.0,0,1.0331237276634255,1.349226265161035,1.0178949357520795,0.10650897558407024,0.10316925789247304
7548.0,-0.057111,21.073177,-1.92423,22.764346,0.128835,0.075639,0.071946,0.003693,0.053196,0.056889,1.325443,0.069421207962855,0.5473965360492565,1933.0,0,1.0294322551458956,1.5445420326223982,1.0052154195011347,0.07887400304861814,0.10514881904291437
7549.0,-0.062755,21.076459,-1.937618,22.76999,0.129285,0.075419,0.072361,0.003058,0.053866,0.056924,1.65548,0.0567694506840923,0.2653892653234504,1934.0,0,1.0300655960190013,1.2789627770807728,1.0178760393046116,0.11509121945241385,0.10669840832941661
7550.0,-0.06118,21.080659,-1.933024,22.765658,0.129451,0.075944,0.072571,0.003373,0.053507,0.05688,1.287725,0.0630373028332212,0.4050994920486948,1935.0,0,1.0292693960642398,1.410706817231343,1.011092214663644,0.1131389751526114,0.09205839726224588
7551.0,-0.057767,21.085516,-1.928299,22.770647,0.129138,0.076275,0.072041,0.004234,0.052863,0.057097,1.532895,0.0800923123486683,0.7852551162580979,1936.0,0,1.0331961094774946,1.7708071936429013,0.9989229024943319,-0.009093460819374122,0.08834894891899799
7552.0,-0.056061,21.074752,-1.926593,22.769597,0.129148,0.075561,0.072151,0.0034099999999999,0.053587,0.056997,1.53761,0.0636336493244755,0.4183920365308629,1937.0,0,1.0313865641257642,1.426181514010892,1.0126039304610743,0.10181618096371259,0.0853871781824082
7553.0,-0.054092,21.067008,-1.929874,22.771303,0.12901,0.076017,0.072781,0.003236,0.052993,0.056229,1.405595,0.0610635166245235,0.3611038597071383,1938.0,0,1.017489255824475,1.3534086156420473,1.0013794406651557,0.13981397713631216,0.08890519949366435
7554.0,-0.058161,21.068058,-1.933155,22.770647,0.129295,0.075335,0.071526,0.0038089999999999,0.0539599999999999,0.0577689999999999,1.674339,0.0705880172717331,0.5734046787447,1939.0,0,1.045356254241121,1.593057298201614,1.01965230536659,0.028299010789279322,0.09672421963703606
7555.0,-0.051992,21.075671,-1.929611,22.772878,0.128927,0.075277,0.071888,0.003389,0.05365,0.057039,1.617761,0.0631675085273341,0.4080017728639753,1940.0,0,1.0321465731734911,1.4173985780008957,1.0137944066515505,0.09836564953177818,0.10325957033978601
7556.0,-0.054749,21.082103,-1.924755,22.771566,0.129129,0.075046,0.071799,0.003247,0.0540829999999999,0.0573299999999999,1.386736,0.0600362399230826,0.3382058944308155,1941.0,0,1.0374123501470247,1.358009201171115,1.021976568405139,0.08105725098466021,0.09783959764990482
7557.0,-0.058161,21.076852,-1.925936,22.770384,0.12856,0.074752,0.071904,0.002848,0.053808,0.056656,1.358447,0.0529279488561393,0.1797623107336943,1942.0,0,1.0252160144763638,1.1911334169803927,1.0167800453514748,0.14168918869663183,0.10839654374645272
7558.0,-0.063674,21.069764,-1.92633,22.771697,0.128477,0.074763,0.072004,0.0027589999999999,0.053714,0.056473,1.386736,0.0513636786744856,0.1448947777194138,1943.0,0,1.0219045464826972,1.1539104976997137,1.0150037792894944,0.15706420448233516,0.11236289245100721
7559.0,-0.061443,21.06727,-1.934599,22.773141,0.128835,0.075634,0.07286,0.002774,0.053201,0.055975,1.575328,0.0521408969587611,0.1622189487635941,1944.0,0,1.0128930106310798,1.160184023421211,1.0053099017384741,0.1804447264799134,0.11426318929566096
7560.0,-0.063411,21.071208,-1.934468,22.771303,0.128688,0.075671,0.071799,0.003872,0.0530169999999999,0.0568889999999999,1.631906,0.0730318005205779,0.6278765302881208,1945.0,0,1.0294322551458936,1.61940610623177,1.001832955404383,0.05893924825379948,0.12470416495854134
7561.0,-0.062493,21.066614,-1.937355,22.773797,0.128661,0.074106,0.0713,0.002806,0.0545549999999999,0.0573609999999999,1.542325,0.051433389544688,0.1464486308176478,1946.0,0,1.037973309206061,1.1735675449603167,1.0308956916099763,0.0964760001461048,0.12564164056050386
7562.0,-0.066168,21.080134,-1.936436,22.770122,0.128477,0.074474,0.071804,0.0026699999999999,0.054003,0.056673,1.754491,0.0494407821642839,0.1020334751523457,1947.0,0,1.025523637186158,1.1166875784190762,1.0204648526077107,0.1414796680092577,0.13308213507106778
7563.0,-0.05383,21.075934,-1.923968,22.768678,0.128606,0.075445,0.07255,0.0028949999999999,0.053161,0.0560559999999999,1.254721,0.0544561905120197,0.213826769044775,1948.0,0,1.0143587423659797,1.210790464240912,1.004554043839759,0.15881694558284942,0.12788689681932594
7564.0,-0.059736,21.074621,-1.931843,22.768415,0.128348,0.074658,0.071636,0.0030219999999999,0.0536899999999999,0.0567119999999999,1.316014,0.056285038460822,0.254591732144404,1949.0,0,1.026229359873331,1.2639063153492374,1.0145502645502635,0.13270876741808313,0.11810490321730885
7565.0,-0.055405,21.09011,-1.925674,22.772485,0.128716,0.075156,0.071778,0.003378,0.0535599999999999,0.056938,1.320729,0.0630682772913128,0.4057899117426682,1950.0,0,1.0303189323682433,1.4127979924718281,1.0120937263794396,0.10774040555140352,0.11747850773143645
7566.0,-0.060786,21.060313,-1.936961,22.766446,0.129046,0.075755,0.072865,0.00289,0.0532909999999999,0.0561809999999999,1.660195,0.0542295278841102,0.2087744662172779,1951.0,0,1.0166206740556425,1.2086992890004689,1.007010582010581,0.15546219609029943,0.12059591652739483
7567.0,-0.060392,21.070552,-1.939193,22.766709,0.128495,0.075513,0.071799,0.0037139999999999,0.052982,0.0566959999999999,1.542325,0.0700979559481342,0.5624812272974926,1952.0,0,1.0259398326170541,1.5533249686323944,1.0011715797430092,0.08973680617921342,0.11435795658757694
7568.0,-0.05803,21.081053,-1.935255,22.767365,0.128633,0.074521,0.071075,0.003446,0.0541119999999999,0.057558,1.514036,0.0636815552639847,0.4194598584116393,1953.0,0,1.0415381135489716,1.4412379757424274,1.0225245653817072,0.05924426846216413,0.11316109030145978
7569.0,-0.06013,21.074358,-1.93893,22.76579,0.128459,0.075261,0.07245,0.0028109999999999,0.0531979999999999,0.0560089999999999,1.504606,0.052839339085321,0.1777872017367761,1954.0,0,1.0135082560506663,1.17565872020076,1.0052532123960685,0.1741807716211894,0.11232670911829638
7570.0,-0.056324,21.083415,-1.934993,22.765396,0.128798,0.075923,0.072251,0.003672,0.0528749999999999,0.056547,1.462173,0.0694454951206598,0.5479378960307433,1955.0,0,1.0232436100429776,1.5357590966123602,0.9991496598639446,0.09011333621338335,0.11236093250300853
7571.0,-0.056192,21.076984,-1.933286,22.764083,0.128955,0.074815,0.071195,0.00362,0.0541399999999999,0.0577599999999999,1.202858,0.0668624517463662,0.4903619406831272,1956.0,0,1.0451933951594654,1.5140108741113136,1.0230536659108078,0.03409640074792608,0.11724080147235334
7572.0,-0.053961,21.07659,-1.932105,22.762114,0.128266,0.075109,0.07182,0.003289,0.0531569999999999,0.0564459999999999,1.28301,0.0618721547086045,0.3791283770980476,1957.0,0,1.021415969237728,1.3755750731911909,1.0044784580498856,0.1295110051480859,0.11453503820821678
7573.0,-0.05593,21.067008,-1.935124,22.76999,0.128312,0.075078,0.072114,0.002964,0.053234,0.056198,1.504606,0.0556776556776558,0.241053189063588,1958.0,0,1.0169282967654385,1.2396486825596502,1.005933484504914,0.1504731337512154,0.12301987419394374
7574.0,-0.054749,21.063464,-1.93683,22.766709,0.128743,0.075057,0.072051,0.0030059999999999,0.053686,0.0566919999999999,1.490462,0.0559912082999607,0.2480422671257771,1959.0,0,1.0258674508029848,1.2572145545796845,1.014474678760394,0.13305100126520464,0.13085092988134986
7575.0,-0.054617,21.075671,-1.928168,22.769859,0.12788,0.075025,0.072167,0.0028579999999999,0.052855,0.055713,1.415025,0.0540714393824731,0.2052506785016647,1960.0,0,1.0081520018095462,1.1953157674613215,0.9987717309145889,0.15653909524485154,0.12019821778039678
7576.0,-0.053042,21.068977,-1.934468,22.770778,0.12867,0.075261,0.072135,0.0031259999999999,0.053409,0.056535,1.627191,0.05852836547463,0.3045954205309491,1961.0,0,1.02302646460077,1.3074027603513303,1.0092403628117923,0.12840456344893403,0.1325384223023538
7577.0,-0.050942,21.075802,-1.932893,22.769859,0.12844,0.075461,0.072666,0.002795,0.052979,0.055774,1.448028,0.0527557568893923,0.1759241572255845,1962.0,0,1.0092558244741017,1.1689669594312493,1.0011148904006055,0.174585166036483,0.14157389266458026
7578.0,-0.050023,21.070158,-1.928561,22.770384,0.128808,0.074579,0.072151,0.0024279999999999,0.054229,0.056657,1.64605,0.0447722662732804,0.0020275968199983,1963.0,0,1.025234109929881,1.0154746967795907,1.0247354497354506,0.13755482533622532,0.14159294244095638
7579.0,-0.045298,21.076196,-1.933811,22.767365,0.128918,0.075324,0.071689,0.0036349999999999,0.053594,0.057229,1.523465,0.0678234909972945,0.5117834752765544,1964.0,0,1.035584709341779,1.5202843998327276,1.0127362055933493,0.06765365061165873,0.12658068299928965
7580.0,-0.046217,21.081315,-1.937749,22.774847,0.128468,0.074747,0.072492,0.0022549999999999,0.053721,0.055976,1.547039,0.0419753546033281,0.0643706697327562,1965.0,0,1.0129111060845972,0.9431200334588014,1.0151360544217696,0.2135153814329534,0.11988037573521519
7581.0,-0.05278,21.065826,-1.935255,22.770122,0.128762,0.075576,0.072235,0.003341,0.0531859999999999,0.0565269999999999,1.457458,0.0628161016789819,0.4001689252970604,1966.0,0,1.0228817009726296,1.3973232956922372,1.005026455026454,0.12445110437019058,0.12390407558475638
7582.0,-0.055667,21.082234,-1.936961,22.772878,0.128633,0.075429,0.072193,0.003236,0.053204,0.05644,1.660195,0.0608213513767503,0.3557060039718089,1967.0,0,1.0213073965166262,1.3534086156420473,1.0053665910808778,0.12970150291184712,0.1120964875185324
7583.0,-0.053305,21.071077,-1.935386,22.771828,0.128633,0.076616,0.072508,0.004108,0.0520169999999999,0.0561249999999999,1.580043,0.0789726633088546,0.7602981744727353,1968.0,0,1.0156073286586735,1.7181095775826731,0.9829365079365069,0.0003505393345480945,0.10055519606312738
7584.0,-0.045298,21.074227,-1.931055,22.77616,0.128771,0.075566,0.071778,0.0037879999999999,0.053205,0.056993,1.542325,0.0711949780099988,0.5869338144579936,1969.0,0,1.0313141823116951,1.584274362191576,1.0053854875283457,0.06604792862446018,0.0938162182987529
7585.0,-0.050548,21.067402,-1.930268,22.772222,0.12901,0.076243,0.07359,0.002653,0.052767,0.05542,1.542325,0.0502766828380837,0.1206656748082648,1970.0,0,1.002850033928976,1.1095775826014682,0.9971088435374159,0.19677609374026334,0.09342840789986326
7586.0,-0.044511,21.078559,-1.933549,22.776817,0.129138,0.07534,0.07139,0.00395,0.053798,0.057748,1.518751,0.0734214390602057,0.6365615610477984,1971.0,0,1.0449762497172594,1.6520284399833398,1.016591080876796,0.010328682786694188,0.07602087643779339
7587.0,-0.045955,21.076196,-1.934074,22.77721,0.12923,0.075025,0.071657,0.0033679999999999,0.054205,0.057573,1.485747,0.0621333431723424,0.3849502597172656,1972.0,0,1.0418095453517313,1.4086156419908158,1.0242819349962218,0.05917225148243277,0.068872239168472
7588.0,-0.049105,21.076065,-1.941161,22.776291,0.128707,0.076075,0.072256,0.003819,0.0526319999999999,0.0564509999999999,1.183999,0.0725590409058956,0.6173387333869949,1973.0,0,1.0215064465053145,1.5972396486826264,0.9945578231292507,0.07016504769248055,0.056713035479117414
7589.0,-0.049761,21.068189,-1.931843,22.774191,0.128863,0.075372,0.07161,0.003762,0.053491,0.057253,1.485747,0.0703282733866746,0.5676149957386858,1974.0,0,1.036019000226194,1.5734002509410947,1.010789871504158,0.06377554662276241,0.06984514308545346
7590.0,-0.054486,21.066614,-1.92528,22.776554,0.128753,0.074752,0.071054,0.0036979999999999,0.054001,0.057699,1.481032,0.0684789452242508,0.5263935293233482,1975.0,0,1.0440895724949115,1.5466332078628418,1.020427059712775,0.03944006681225454,0.06591088911155882
7591.0,-0.049367,21.069371,-1.932368,22.776685,0.129148,0.075702,0.071878,0.003824,0.053446,0.05727,1.372591,0.0715475143600203,0.5947918385814943,1976.0,0,1.0363266229359882,1.5993308239231117,1.0099395313681037,0.052964731676976906,0.054760481915161016
7592.0,-0.046348,21.065301,-1.933286,22.774716,0.128936,0.075009,0.071085,0.003924,0.0539269999999999,0.057851,1.382021,0.0727636849132178,0.6219002418560362,1977.0,0,1.0468400814295418,1.6411543287328165,1.0190287226001502,0.008109466018301204,0.06358422967270733
7593.0,-0.044379,21.071864,-1.936436,22.775373,0.128532,0.075918,0.072781,0.003137,0.052614,0.055751,1.448028,0.0596217808609712,0.3289676150077814,1978.0,0,1.0088396290432038,1.3120033458804397,0.9942176870748308,0.13167161539790861,0.07027470050322845
7594.0,-0.044379,21.087091,-1.933811,22.775504,0.128753,0.074542,0.070896,0.0036459999999999,0.054211,0.057857,1.386736,0.06725448240242,0.4991002916424967,1979.0,0,1.0469486541506456,1.5248849853617952,1.0243953136810289,0.02670538888551366,0.07313603209449496
7595.0,-0.050417,21.073571,-1.939455,22.776817,0.128863,0.074994,0.071579,0.003415,0.053869,0.057284,1.132136,0.0633933543716354,0.4130358696106064,1980.0,0,1.0365799592852305,1.428272689251419,1.0179327286470152,0.08527202177628534,0.07397338220470198
7596.0,-0.059605,21.065564,-1.937749,22.774585,0.128661,0.075009,0.071631,0.003378,0.0536519999999999,0.05703,1.28301,0.0629601327046019,0.4033793723156034,1981.0,0,1.0319837140918353,1.4127979924718281,1.0138321995464843,0.09856616036215726,0.0667920547373951
7597.0,-0.051467,21.066745,-1.935518,22.769597,0.129074,0.075692,0.072498,0.0031939999999999,0.053382,0.0565759999999999,1.65548,0.0598317816533351,0.3336485260464568,1982.0,0,1.0237683781949776,1.3358427436219296,1.0087301587301596,0.126076959787644,0.06640378064511183
7598.0,-0.049892,21.063464,-1.929349,22.773403,0.129074,0.074962,0.07193,0.003032,0.0541119999999999,0.057144,1.52818,0.0560308983053981,0.2489269560952105,1983.0,0,1.034046595792808,1.2680886658302495,1.0225245653817072,0.09877836360514558,0.07240548680526754
7599.0,-0.049892,21.077771,-1.927643,22.773403,0.129423,0.07576,0.072156,0.0036039999999999,0.053663,0.057267,1.245292,0.0671586165772211,0.4969634454222802,1984.0,0,1.0362723365754363,1.507319113341719,1.0140400604686328,0.07214904772483277,0.06110015943045831
7600.0,-0.042673,21.07449,-1.930268,22.771959,0.129056,0.076138,0.071594,0.0045439999999999,0.052918,0.057462,1.547039,0.0858670798767926,0.9139745023323168,1985.0,0,1.0398009500113106,1.900460058552944,0.9999622071050651,-0.03237320786081421,0.06725283988253986
7601.0,-0.039523,21.078953,-1.927511,22.772222,0.129331,0.075466,0.071762,0.0037039999999999,0.0538649999999999,0.0575689999999999,1.415025,0.0687632272676641,0.5327301671051949,1986.0,0,1.0417371635376602,1.549142618151424,1.017857142857142,0.0490819907541441,0.06870209455361037
7602.0,-0.047005,21.08079,-1.926724,22.771959,0.129478,0.076621,0.072776,0.003845,0.052857,0.056702,1.424454,0.0727420636422112,0.6214183044072015,1987.0,0,1.0260484053381598,1.6081137599331494,0.9988095238095247,0.06812652761985827,0.0691610043478468
7603.0,-0.044248,21.063726,-1.932368,22.772091,0.12946,0.075818,0.071873,0.0039449999999999,0.0536419999999999,0.0575869999999999,1.306584,0.073541748224372,0.6392432485226915,1988.0,0,1.0420628817009718,1.6499372647428125,1.0136432350718054,0.01861834164981635,0.06845838727729123
7604.0,-0.043067,21.070552,-1.933286,22.775373,0.129285,0.075282,0.071988,0.003294,0.054003,0.057297,1.41974,0.0609954818161618,0.3595873659744732,1989.0,0,1.0368152001809554,1.3776662484316762,1.0204648526077107,0.08823219340632904,0.06102902907426742
7605.0,-0.044904,21.06412,-1.934861,22.772222,0.128486,0.074448,0.071269,0.003179,0.0540379999999999,0.0572169999999999,1.353732,0.058827883565573,0.3112716693317092,1990.0,0,1.0353675638995694,1.3295692179005156,1.0211262282690845,0.09976456848699056,0.05453748388847547
7606.0,-0.048186,21.070683,-1.933549,22.776291,0.128734,0.075576,0.072004,0.003572,0.0531579999999999,0.0567299999999999,1.509321,0.0671946424876315,0.4977664618291246,1991.0,0,1.0265550780366424,1.4939355918026556,1.0044973544973534,0.10315525830452155,0.062159314098143306
7607.0,-0.044248,21.077115,-1.936305,22.773403,0.128982,0.075282,0.072114,0.003168,0.0537,0.056868,1.344303,0.0589933148358504,0.3149591271287331,1992.0,0,1.029052250622032,1.324968632371448,1.0147392290249442,0.11905078908208833,0.05867548813417171
7608.0,-0.047398,21.073308,-1.930661,22.772878,0.129037,0.076086,0.072088,0.003998,0.052951,0.056949,1.438599,0.0755023417434657,0.682944816229055,1993.0,0,1.0305179823569337,1.6721037222919979,1.000585789871505,0.02448478157490741,0.06055790735654849
7609.0,-0.052386,21.066614,-1.932105,22.774322,0.129102,0.075839,0.07181,0.004029,0.0532629999999999,0.0572919999999999,1.438599,0.0756420847101232,0.6860596825485625,1994.0,0,1.0367247229133671,1.6850690087830063,1.0064814814814804,0.0072335958669133005,0.07212324100983018
7610.0,-0.045429,21.06832,-1.934599,22.773929,0.128798,0.076385,0.072482,0.0039029999999999,0.052413,0.0563159999999999,1.429169,0.0744648376387986,0.6598188824573767,1995.0,0,1.0190635602804787,1.6323713927227366,0.9904195011337877,0.043845094235864135,0.07693291433513152
7611.0,-0.045823,21.076852,-1.931186,22.777604,0.12878,0.075624,0.071594,0.0040299999999999,0.053156,0.057186,1.613047,0.0758131572511614,0.6898728840929282,1996.0,0,1.0348066048405347,1.6854872438310615,1.0044595616024197,0.014243731114428226,0.07210367947478297
7612.0,-0.046217,21.080922,-1.936436,22.776817,0.128707,0.074469,0.071547,0.0029219999999999,0.0542379999999999,0.0571599999999999,1.542325,0.0538726746437064,0.2008202187433032,1997.0,0,1.034336123049083,1.2220828105395325,1.0249055177626596,0.08695071984362601,0.0728618515672305
7613.0,-0.04753,21.075409,-1.935124,22.777604,0.128789,0.075125,0.072104,0.0030209999999999,0.0536639999999999,0.0566849999999999,1.193429,0.0562936737165749,0.2547842117227932,1998.0,0,1.0257407826283638,1.2634880803011401,1.0140589569160987,0.1342716781826333,0.07335169398775768
7614.0,-0.04963,21.067139,-1.93578,22.779836,0.128808,0.075534,0.072429,0.003105,0.053274,0.056379,1.424454,0.0582824964805257,0.2991150084067118,1999.0,0,1.0202035738520705,1.298619824341334,1.006689342403629,0.1363289266593425,0.08193965261930426
7615.0,-0.046217,21.068058,-1.934336,22.779967,0.128734,0.075891,0.071988,0.003903,0.0528429999999999,0.0567459999999999,1.471602,0.0738589054575733,0.6463126732480748,2000.0,0,1.0268446052929192,1.6323713927227783,0.9985449735449725,0.05147221988350492,0.08519171967444875
7616.0,-0.045429,21.077377,-1.933549,22.783512,0.128936,0.074936,0.071941,0.0029949999999999,0.0539999999999999,0.0569949999999999,1.561184,0.055461935890076,0.2362448018019201,2001.0,0,1.031350373218728,1.252613969050617,1.0204081632653053,0.11073697922899695,0.09372792677141722
7617.0,-0.044379,21.076459,-1.93683,22.782199,0.128753,0.075603,0.072156,0.003447,0.05315,0.056597,1.452743,0.0648529660777785,0.445570568506529,2002.0,0,1.024148382718843,1.4416562107905244,1.0043461829176124,0.12394921328736008,0.09989964633451491
7618.0,-0.048448,21.067795,-1.933418,22.777998,0.129028,0.075277,0.072025,0.0032519999999999,0.053751,0.057003,1.622476,0.0605000744158355,0.3485447506456198,2003.0,0,1.031495136846868,1.3601003764115582,1.015702947845806,0.11036436789037318,0.10167859097469711
7619.0,-0.045823,21.074358,-1.93683,22.778786,0.1289,0.074553,0.071159,0.0033939999999999,0.0543469999999999,0.0577409999999999,1.65548,0.0624494001619193,0.3919951600469626,2004.0,0,1.0448495815426364,1.419489753241339,1.0269652305366581,0.03975426641835822,0.10727815523987391
7620.0,-0.043854,21.09221,-1.930793,22.779311,0.128495,0.075225,0.071972,0.003253,0.05327,0.056523,1.598902,0.0610651198588351,0.361139595749379,2005.0,0,1.0228093191585623,1.360518611459697,1.0066137566137574,0.12920716520554887,0.10795191775950896
7621.0,-0.050023,21.076196,-1.93053,22.782724,0.128578,0.075214,0.071531,0.003683,0.0533639999999999,0.057047,1.514036,0.0690152721821419,0.5383482402997788,2006.0,0,1.0322913368016295,1.5403596821414278,1.0083900226757359,0.07596092674540511,0.11524049983507431
7622.0,-0.047398,21.068845,-1.932499,22.781542,0.128945,0.07513,0.071836,0.003294,0.053815,0.057109,1.396165,0.061208562509291,0.3643369279040707,2007.0,0,1.0334132549197024,1.3776662484316762,1.01691232048375,0.10474016624544791,0.11024635390325391
7623.0,-0.051861,21.065433,-1.940111,22.777867,0.128256,0.074836,0.072135,0.0027009999999999,0.05342,0.056121,1.41974,0.0505606409464441,0.126995092087998,2008.0,0,1.0155349468446062,1.1296528649100848,1.009448223733939,0.1902673208344014,0.0952470264381092
7624.0,-0.044904,21.064645,-1.936305,22.781674,0.128275,0.074878,0.071894,0.002984,0.053397,0.056381,1.443314,0.0558822427806285,0.2456134291364726,2009.0,0,1.0202397647591053,1.2480133835215912,1.0090136054421777,0.14306655185569306,0.09487141777688153
7625.0,-0.041098,21.064776,-1.941161,22.781805,0.128789,0.076138,0.072792,0.003346,0.0526509999999999,0.0559969999999999,1.405595,0.0635493428549723,0.4165128479845379,2010.0,0,1.0132911106084588,1.3994144709327225,0.9949168556311403,0.12435804063915845,0.10064879363350132
7626.0,-0.043461,21.075015,-1.932236,22.78023,0.128927,0.076259,0.072408,0.0038509999999999,0.052668,0.056519,1.40088,0.0731170138031857,0.629775931669948,2011.0,0,1.022736937344493,1.61062317022169,0.9952380952380961,0.060795519910792795,0.09915308605772784
7627.0,-0.047792,21.064645,-1.93893,22.776817,0.129074,0.075923,0.0716,0.004323,0.0531509999999999,0.057474,1.306584,0.0813327814569538,0.8129051335592106,2012.0,0,1.040018095453518,1.8080301129235383,1.0043650793650785,-0.02604406136408688,0.1032445975397536
7628.0,-0.044117,21.059132,-1.934074,22.779967,0.12912,0.075561,0.072151,0.0034099999999999,0.053559,0.056969,1.749776,0.0636669156086631,0.4191335409562338,2013.0,0,1.0308798914272799,1.426181514010892,1.0120748299319737,0.1066082812780963,0.11292554665785925
7629.0,-0.044773,21.068189,-1.938143,22.779836,0.129092,0.074579,0.071899,0.00268,0.054513,0.057193,1.349017,0.0491616832373335,0.0958123688729906,2014.0,0,1.034933273015156,1.1208699289000887,1.0301020408163275,0.09752802498455615,0.09069881331164657
7630.0,-0.045823,21.068058,-1.93368,22.782593,0.129175,0.075156,0.072193,0.002963,0.054019,0.056982,1.481032,0.0548500555349871,0.2226060079847949,2015.0,0,1.0311151323230048,1.2392304475115532,1.0207671957671967,0.11425008944781412,0.0793645816910991
7631.0,-0.044642,21.066745,-1.935386,22.780624,0.128753,0.074768,0.071804,0.0029639999999999,0.053985,0.056949,1.547039,0.054903123031897,0.2237888808172452,2016.0,0,1.0305179823569337,1.2396486825596085,1.020124716553289,0.11687604156566256,0.07462312348608265
7632.0,-0.04858,21.063989,-1.922655,22.780361,0.1289,0.075135,0.07275,0.0023849999999999,0.0537649999999999,0.0561499999999999,1.268866,0.0443588885169065,0.0112417739722462,2017.0,0,1.0160597149966062,0.9974905897114176,1.0159674981103544,0.20154965742650466,0.07403011104992033
7633.0,-0.054617,21.062807,-1.94418,22.787318,0.12912,0.075802,0.071474,0.0043279999999999,0.053318,0.057646,1.268866,0.0811718149252611,0.8093171946444282,2018.0,0,1.0431305134584945,1.8101212881639817,1.0075207860922155,-0.03200001262772534,0.07957420045371177
7634.0,-0.048711,21.07449,-1.929874,22.786925,0.129138,0.075697,0.071773,0.0039239999999999,0.053441,0.057365,1.608332,0.0734253957561467,0.6366497556755357,2019.0,0,1.038045691020132,1.6411543287327743,1.0098450491307644,0.02972423565021831,0.07671963790952041
7635.0,-0.042279,21.070683,-1.932368,22.784824,0.128945,0.075151,0.07161,0.003541,0.053794,0.057335,1.598902,0.0658239613346965,0.4672140221594705,2020.0,0,1.037502827414613,1.480970305311647,1.0165154950869246,0.07694345858899387,0.06661734318686856
7636.0,-0.044511,21.065433,-1.928824,22.784562,0.129295,0.075193,0.071699,0.0034939999999999,0.054102,0.0575959999999999,1.547039,0.0645805223370237,0.4394978061175809,2021.0,0,1.0422257407826274,1.461313258051044,1.0223356009070304,0.05486539554916947,0.05778885863493759
7637.0,-0.047661,21.066614,-1.939455,22.784956,0.12923,0.075681,0.071783,0.0038979999999999,0.053549,0.057447,1.514036,0.0727917833800186,0.6225265557948414,2022.0,0,1.039529518208551,1.6302802174822513,1.0118858654572949,0.029396832673827644,0.05199378337491021
7638.0,-0.050548,21.068189,-1.931318,22.7864,0.129331,0.075109,0.071957,0.003152,0.054222,0.057374,1.565899,0.0581303137045165,0.2957228591290874,2023.0,0,1.038208550101788,1.3182768716018953,1.0246031746031754,0.07806265583618266,0.03821040056469603
7639.0,-0.045692,21.061757,-1.936961,22.787056,0.129056,0.075025,0.071064,0.0039609999999999,0.054031,0.057992,1.396165,0.0733084098312109,0.6340421430982806,2024.0,0,1.0493915403754817,1.6566290255123655,1.0209939531368113,-0.0034949222419622394,0.05092693884126315
7640.0,-0.044379,21.072783,-1.933155,22.788631,0.129331,0.075156,0.071421,0.003735,0.054175,0.05791,1.254721,0.0689419669226226,0.5367142683770321,2025.0,0,1.0479077131870627,1.5621079046424742,1.0237150415721854,0.02596524392850419,0.06002604050527187
7641.0,-0.041492,21.071602,-1.935255,22.787318,0.129056,0.075393,0.071684,0.003709,0.053663,0.057372,1.183999,0.0691152355396542,0.5405764203860293,2026.0,0,1.0381723591947531,1.551233793391951,1.0140400604686328,0.058925288965388845,0.06363631019569849
7642.0,-0.045823,21.065695,-1.938799,22.789419,0.129166,0.074857,0.071621,0.003236,0.0543089999999999,0.057545,1.613047,0.0595838703737802,0.3281225914439349,2027.0,0,1.0413028726532467,1.3534086156420473,1.0262471655328789,0.06371582932436293,0.06570411679787062
7643.0,-0.046873,21.067927,-1.946674,22.790469,0.128789,0.074715,0.071657,0.003058,0.0540739999999999,0.0571319999999999,1.518751,0.0565510864539991,0.2605219335215596,2028.0,0,1.0338294503505985,1.2789627770807728,1.021806500377928,0.09516537013794579,0.07186099257928501
7644.0,-0.041623,21.061626,-1.937224,22.795589,0.128835,0.074684,0.072009,0.0026749999999999,0.054151,0.056826,1.438599,0.0493979908405967,0.1010796578969337,2029.0,0,1.0282922415743054,1.1187787536595617,1.0232615268329563,0.12071525229030555,0.06601263079846724
7645.0,-0.044117,21.07449,-1.935649,22.797952,0.128477,0.074673,0.071526,0.0031469999999999,0.053804,0.056951,1.457458,0.0584889880122664,0.3037176981367726,2030.0,0,1.0305541732639685,1.316185696361368,1.0167044595616033,0.11304615549326003,0.07922656951981968
7646.0,-0.048186,21.07974,-1.932236,22.798214,0.128624,0.075414,0.071689,0.0037249999999999,0.0532099999999999,0.0569349999999999,1.547039,0.0700043224145382,0.5603941387867013,2031.0,0,1.0302646460076896,1.5579255541614618,1.005479969765683,0.07554346157089087,0.08010042288152959
7647.0,-0.046217,21.066877,-1.939061,22.795195,0.128808,0.076453,0.072849,0.0036039999999999,0.052355,0.055959,1.518751,0.0688364275345709,0.5343617987459173,2032.0,0,1.012603483374803,1.507319113341719,0.9893235071806509,0.09096559048797148,0.08694863400418382
7648.0,-0.043461,21.062939,-1.931974,22.800183,0.128587,0.076075,0.072051,0.004024,0.052512,0.056536,1.287725,0.0766286443356882,0.7080500654877677,2033.0,0,1.0230445600542872,1.682977833542521,0.9922902494331075,0.01957903802800498,0.0913251907149075
7649.0,-0.041098,21.065301,-1.931974,22.800315,0.129267,0.075881,0.072771,0.00311,0.0533859999999999,0.0564959999999999,1.518751,0.0582538820312061,0.298477193233835,2034.0,0,1.0223207419135933,1.3007109995818191,1.0088057445200291,0.12864446497156212,0.0936839796516999
7650.0,-0.042017,21.067664,-1.937618,22.80189,0.129589,0.075902,0.072046,0.0038559999999999,0.053687,0.057543,1.570613,0.071822381165251,0.6009186110011915,2035.0,0,1.0412666817462122,1.6127143454621753,1.0144935752078619,0.034703777545603276,0.0872417133047347
7651.0,-0.045561,21.071208,-1.942211,22.799396,0.129138,0.075739,0.072582,0.003157,0.053399,0.056556,1.542325,0.059119850187266,0.3177795961210483,2036.0,0,1.0234064691246334,1.3203680468423806,1.0090513983371137,0.1274074001919312,0.08317612005819254
7652.0,-0.040442,21.061232,-1.930661,22.796376,0.129451,0.075828,0.072503,0.003325,0.053623,0.056948,1.53761,0.0620058182903179,0.3821077341188859,2037.0,0,1.0304998869034163,1.3906315349226845,1.0132842025699178,0.10748139643159971,0.08032650964287953
7653.0,-0.036898,21.062676,-1.937093,22.797295,0.129396,0.075723,0.072519,0.0032039999999999,0.053673,0.056877,1.433884,0.0596937064500502,0.330570834119926,2038.0,0,1.029215109703688,1.3400250941029,1.0142290249433115,0.11875325950586979,0.07693184093475294
7654.0,-0.043986,21.076196,-1.937618,22.796245,0.129148,0.075057,0.071579,0.0034779999999999,0.054091,0.057569,1.429169,0.0642978629002439,0.4331973361864207,2039.0,0,1.0417371635376622,1.454621497281491,1.0221277399848838,0.056292588820653466,0.08711745446684219
7655.0,-0.045298,21.072127,-1.934468,22.801627,0.129634,0.07502,0.072135,0.0028849999999999,0.0546139999999999,0.0574989999999999,1.353732,0.0528243156641948,0.1774523301536887,2040.0,0,1.040470481791449,1.2066081137599416,1.032010582010581,0.07239022302783849,0.08161742148752471
7656.0,-0.035454,21.071864,-1.941424,22.798608,0.129258,0.075356,0.071699,0.003657,0.053902,0.057559,1.53761,0.0678440903103724,0.51224263331539,2041.0,0,1.041556209002489,1.5294855708909045,1.018556311413455,0.04704735741776078,0.08633357289350341
7657.0,-0.044117,21.063989,-1.938405,22.794407,0.129295,0.075225,0.071747,0.0034779999999999,0.0540699999999999,0.0575479999999999,1.688484,0.0643228347912928,0.4337539588503247,2042.0,0,1.0413571590137969,1.454621497281491,1.0217309145880564,0.05701890340670568,0.07752491930291978
7658.0,-0.048711,21.069502,-1.932368,22.798214,0.129138,0.075781,0.072419,0.003362,0.053357,0.056719,1.660195,0.0630083586341317,0.4044543267638492,2043.0,0,1.0263560280479538,1.4061062317022754,1.0082577475434626,0.12143517334889742,0.07104362536688584
7659.0,-0.043854,21.062282,-1.934861,22.801759,0.1289,0.075928,0.072114,0.0038139999999999,0.0529719999999999,0.0567859999999999,1.504606,0.0719989428576821,0.6048541655569859,2044.0,0,1.0275684234336113,1.5951484734420993,1.0009826152683285,0.0736441351783873,0.07224786321264663
7660.0,-0.047661,21.05165,-1.933811,22.798083,0.128945,0.076416,0.072692,0.0037239999999999,0.052529,0.056253,1.631906,0.0708928231486767,0.580198792128644,2045.0,0,1.0179235467088903,1.557507319113365,0.9926114890400614,0.08186529160539024,0.07180322586516913
7661.0,-0.047005,21.067008,-1.941161,22.795326,0.129239,0.074563,0.071348,0.003215,0.0546759999999999,0.057891,1.391451,0.0587998610018839,0.3106470472708702,2046.0,0,1.0475638995702339,1.3446256796320093,1.0331821617535892,0.039320864286094936,0.07573902725332668
7662.0,-0.042804,21.084203,-1.945624,22.800052,0.129423,0.074925,0.071657,0.003268,0.054498,0.057766,1.259436,0.0599644030165692,0.3366046520502626,2047.0,0,1.0453019678805708,1.3667921371811529,1.0298185941043092,0.042668457071260324,0.07406937034273571
7663.0,-0.048186,21.065958,-1.941686,22.799789,0.129304,0.075414,0.072545,0.0028689999999999,0.05389,0.056759,1.297155,0.0532370896810227,0.1866530499704979,2048.0,0,1.027079846188646,1.199916352990389,1.0183295540438406,0.1307956379634777,0.0810217748060012
7664.0,-0.042673,21.071733,-1.938011,22.79572,0.129414,0.074857,0.071799,0.003058,0.0545569999999999,0.057615,1.721487,0.0560504417317351,0.249362578451892,2049.0,0,1.042569554399458,1.2789627770807728,1.030933484504912,0.05184621534587841,0.07148116878165058
7665.0,-0.046611,21.078559,-1.93788,22.799133,0.128798,0.075613,0.072098,0.003515,0.0531849999999999,0.0567,1.622476,0.0660888203662618,0.473117721619797,2050.0,0,1.026012214431125,1.4700961940611237,1.0050075585789862,0.11174823690941404,0.06981695625007962
7666.0,-0.046611,21.065433,-1.933943,22.799396,0.129203,0.076301,0.07233,0.0039709999999999,0.052902,0.056873,1.598902,0.0750619057520365,0.6731275118707996,2051.0,0,1.0291427278896186,1.6608113759933358,0.999659863945579,0.030350788311851007,0.07330386651260878
7667.0,-0.04648,21.066089,-1.941555,22.796114,0.129285,0.076149,0.072823,0.0033259999999999,0.053136,0.056462,1.726202,0.0625929201874399,0.3951942168894047,2052.0,0,1.0217054964940067,1.3910497699707398,1.0040816326530622,0.12654294803936061,0.0767770846996946
7668.0,-0.048973,21.082234,-1.938143,22.799396,0.129138,0.075309,0.071432,0.003877,0.053829,0.057706,1.481032,0.0720230354820733,0.6053911893948178,2053.0,0,1.0442162406695328,1.621497281472255,1.0171768707483002,0.026029113105391133,0.07573383375437318
7669.0,-0.043329,21.070158,-1.938274,22.796901,0.129285,0.075209,0.071705,0.0035039999999999,0.054076,0.05758,1.476317,0.0647964938883442,0.4443118051850894,2054.0,0,1.0419362135263524,1.4654956085320143,1.0218442932728655,0.05700200986267778,0.06857286356505692
7670.0,-0.045167,21.065958,-1.937486,22.791913,0.129028,0.075828,0.072351,0.003477,0.0532,0.056677,1.514036,0.0653559143625121,0.4567812699109925,2055.0,0,1.0255960190002271,1.454203262233436,1.0052910052910062,0.11673439423068188,0.06207832109300615
7671.0,-0.053305,21.076327,-1.936568,22.800446,0.129157,0.076023,0.072261,0.0037619999999999,0.053134,0.0568959999999999,1.306584,0.0708007904394464,0.5781473859424764,2056.0,0,1.029558923320515,1.5734002509410527,1.0040438397581264,0.07405304615695307,0.05854948986036257
7672.0,-0.05278,21.074227,-1.935649,22.801102,0.129386,0.075477,0.071678,0.0037989999999999,0.053909,0.0577079999999999,1.547039,0.070469300686329,0.5707584898001876,2057.0,0,1.0442524315765656,1.5888749477206436,1.0186885865457302,0.032235947618046046,0.05305798206791897
7673.0,-0.04648,21.063726,-1.93683,22.800315,0.129699,0.075382,0.072051,0.003331,0.054317,0.057648,1.396165,0.061324054641187,0.3669112438815822,2058.0,0,1.043166704365529,1.3931409452112669,1.0263983371126237,0.05918593607031519,0.04737844582808733
7674.0,-0.047136,21.077771,-1.940505,22.797427,0.129304,0.074957,0.071012,0.0039449999999999,0.054347,0.058292,1.29244,0.0725877677191431,0.6179790531482798,2059.0,0,1.0548201764306726,1.6499372647428125,1.0269652305366601,-0.013099209374629273,0.0479202473066236
7675.0,-0.049236,21.073046,-1.940768,22.792832,0.128707,0.075398,0.07172,0.003678,0.0533089999999999,0.0569869999999999,1.815783,0.068992684299381,0.5378447571054259,2060.0,0,1.0312056095905895,1.5382685069009425,1.0073507180650028,0.07645992458297823,0.050356343394637196
7676.0,-0.053305,21.088666,-1.934993,22.792307,0.1289,0.075172,0.070996,0.0041759999999999,0.0537279999999999,0.0579039999999999,1.509321,0.0777233896033799,0.7324519029779588,2061.0,0,1.047799140465957,1.7465495608532307,1.0152683295540428,-0.024564289612584944,0.04853763825413397
7677.0,-0.047005,21.069633,-1.934205,22.790863,0.128982,0.074784,0.07151,0.0032739999999999,0.054198,0.057472,1.344303,0.0604070185796785,0.3464705389925255,2062.0,0,1.0399819045464838,1.3693015474696932,1.0241496598639466,0.06974758564104422,0.050167605052427434
7678.0,-0.046086,21.068452,-1.931449,22.791388,0.129377,0.074978,0.071584,0.003394,0.0543989999999999,0.057793,1.466888,0.0623897058823531,0.3906645764381,2063.0,0,1.045790545125538,1.4194897532413808,1.0279478458049878,0.03144712789075377,0.054712379658592804
7679.0,-0.052123,21.079871,-1.940111,22.788369,0.128743,0.074595,0.071358,0.0032369999999999,0.054148,0.0573849999999999,1.349017,0.0597794973129695,0.3324831097486802,2064.0,0,1.0384076000904765,1.3538268506901026,1.0232048374905527,0.08136297074281373,0.04640872016759574
7680.0,-0.055667,21.070683,-1.937486,22.791782,0.128642,0.075235,0.071705,0.0035299999999999,0.053407,0.056937,1.235862,0.0660949670461352,0.4732547309203172,2065.0,0,1.0303008369147262,1.4763697197825376,1.0092025699168565,0.0985473428256497,0.058601018608689825
7681.0,-0.05278,21.067664,-1.938668,22.789681,0.12855,0.073508,0.071148,0.00236,0.0550419999999999,0.0574019999999999,1.735632,0.0428755700089021,0.0443048967339807,2066.0,0,1.0387152228002705,0.9870347135090333,1.040098261526832,0.09035271413988766,0.06027202156809379
7682.0,-0.049761,21.074621,-1.938799,22.792701,0.128743,0.075282,0.07161,0.003672,0.0534609999999999,0.057133,1.476317,0.068684299128353,0.5309708613692263,2067.0,0,1.0338475458041176,1.5357590966123602,1.01022297808012,0.07768369367969974,0.07496141566119498
7683.0,-0.051336,21.073046,-1.942867,22.79165,0.128743,0.075986,0.071573,0.004413,0.052757,0.05717,1.217003,0.0836460821107699,0.8644685321746723,2068.0,0,1.0345170775842578,1.8456712672522728,0.996919879062737,-0.023850658839655425,0.07277050383072978
7684.0,-0.047792,21.07449,-1.939061,22.793882,0.128422,0.074978,0.071542,0.003436,0.053444,0.05688,1.65548,0.0642903919917673,0.4330308098721005,2069.0,0,1.0292693960642398,1.4370556252614568,1.0099017384731679,0.10882377503631158,0.08390824262976312
7685.0,-0.054092,21.069371,-1.939586,22.793094,0.128624,0.074857,0.071411,0.003446,0.0537669999999999,0.0572129999999999,1.561184,0.064090165153995,0.4285677599730149,2070.0,0,1.0352951820855,1.4412379757424274,1.01600529100529,0.0931699541770179,0.08601293504819643
7686.0,-0.050023,21.068845,-1.938536,22.792438,0.128541,0.075372,0.071941,0.0034309999999999,0.0531689999999999,0.0565999999999999,1.377306,0.0645288696633438,0.4383464696503036,2071.0,0,1.0242026690793928,1.4349644500209298,1.0047052154195,0.12232965131842688,0.08627327566755531
7687.0,-0.053961,21.07974,-1.938799,22.789681,0.129065,0.074689,0.071332,0.0033569999999999,0.054376,0.057733,1.325443,0.0617356602975522,0.3760859209805247,2072.0,0,1.0447048179145,1.4040150564617484,1.0275132275132284,0.04783846733639219,0.09271290513174339
7688.0,-0.050548,21.067533,-1.939324,22.793226,0.12889,0.075928,0.072813,0.0031149999999999,0.052962,0.056077,1.669624,0.0588146441855633,0.3109765639688437,2073.0,0,1.0147387468898448,1.3028021748222627,1.0007936507936517,0.14282451588108735,0.09538205075380998
7689.0,-0.054224,21.068583,-1.93788,22.79165,0.128569,0.075419,0.071841,0.0035779999999999,0.0531499999999999,0.0567279999999999,1.471602,0.0673176421892344,0.5005081212986222,2074.0,0,1.0265188871296078,1.496445002091196,1.0043461829176104,0.1024098949271468,0.10161446292762558
7690.0,-0.048711,21.063726,-1.940505,22.793751,0.128688,0.074973,0.071626,0.003347,0.053715,0.057062,1.396165,0.0623091816218631,0.3888696932113966,2075.0,0,1.032562768604389,1.3998327059808198,1.0150226757369623,0.10115074901923848,0.08885924490348782
7691.0,-0.056192,21.066351,-1.935649,22.787581,0.128808,0.075681,0.072776,0.002905,0.053127,0.056032,1.598902,0.054679265170908,0.2187990961559487,2076.0,0,1.0139244514815662,1.2149728147219245,1.0039115646258512,0.15474900878176845,0.08755042066654493
7692.0,-0.046873,21.077509,-1.940111,22.790994,0.12878,0.074343,0.071547,0.002796,0.054437,0.057233,1.344303,0.0513611815276095,0.1448391163943012,2077.0,0,1.035657091155848,1.169385194479346,1.0286659108087688,0.10437514990036556,0.08514215522764894
7693.0,-0.04648,21.076721,-1.936699,22.785874,0.129056,0.075865,0.071941,0.0039239999999999,0.053191,0.057115,1.490462,0.0737704918032786,0.6443419356822828,2078.0,0,1.0335218276408062,1.6411543287327743,1.0051209372637953,0.03847346289850062,0.08356411932240704
7694.0,-0.045955,21.073965,-1.933286,22.794932,0.129423,0.075755,0.071615,0.00414,0.053668,0.057808,1.349017,0.0771395032514115,0.7194370946074993,2079.0,0,1.0460619769282977,1.7314930991217785,1.0141345427059723,-0.018728405205066023,0.07587024014167332
7695.0,-0.05383,21.07449,-1.93578,22.790075,0.128964,0.075907,0.072151,0.0037559999999999,0.0530569999999999,0.0568129999999999,1.749776,0.0707904557276941,0.5779170255434589,2080.0,0,1.0280570006785785,1.5708908406524704,1.002588813303098,0.08008171180758905,0.06736871091570681
7696.0,-0.053305,21.058738,-1.93158,22.791257,0.129065,0.075303,0.071894,0.0034089999999999,0.053762,0.057171,1.763921,0.0634079199449434,0.4133605357802647,2081.0,0,1.0345351730377752,1.4257632789627948,1.0159108087679525,0.09824699692946692,0.06510189322494399
7697.0,-0.051861,21.076327,-1.937749,22.792963,0.129019,0.075256,0.071384,0.003872,0.0537629999999999,0.0576349999999999,1.636621,0.0720184510081095,0.6052890016147534,2082.0,0,1.0429314634698024,1.61940610623177,1.0159297052154186,0.03205810828397315,0.04802884766060365
7698.0,-0.046873,21.074227,-1.936568,22.794932,0.129249,0.076616,0.072792,0.003824,0.052633,0.056457,1.424454,0.0726526579777331,0.6194254549657094,2083.0,0,1.0216150192264202,1.5993308239231117,0.9945767195767204,0.06588572407375015,0.035962721264325107
7699.0,-0.046217,21.066614,-1.936568,22.796376,0.129616,0.075177,0.071547,0.0036299999999999,0.054439,0.058069,1.603617,0.0666789125642908,0.4862708581032229,2084.0,0,1.050784890296314,1.5181932245922423,1.0287037037037046,0.017394602667481718,0.03408453545632721
7700.0,-0.049761,21.061626,-1.949692,22.789288,0.129432,0.075597,0.072104,0.0034929999999999,0.0538349999999999,0.0573279999999999,1.867646,0.0648822349357306,0.446222970427186,2085.0,0,1.0373761592399902,1.4608950230029467,1.0172902494331055,0.07848257211161025,0.04633613987374237
7701.0,-0.050417,21.061889,-1.93788,22.793094,0.129763,0.076138,0.07203,0.004108,0.0536249999999999,0.0577329999999999,1.561184,0.076604632081453,0.7075148330981751,2086.0,0,1.0447048179144982,1.7181095775826731,1.0133219954648516,-0.01598144686163494,0.04626284210598279
7702.0,-0.053042,21.069764,-1.932761,22.796114,0.129469,0.075744,0.071668,0.004076,0.0537249999999999,0.057801,1.52818,0.0758664333842089,0.6910604074183053,2087.0,0,1.0459353087536765,1.7047260560435675,1.0152116402116391,-0.016286114062419865,0.03971843083277595
7703.0,-0.05068,21.065039,-1.93578,22.797558,0.129046,0.074652,0.071048,0.0036039999999999,0.054394,0.0579979999999999,1.631906,0.066256089714128,0.4768461501083052,2088.0,0,1.0495001130965835,1.507319113341719,1.0278533635676501,0.019691604818521724,0.04484412244680125
7704.0,-0.052386,21.068845,-1.932368,22.796508,0.128936,0.075445,0.071967,0.0034779999999999,0.053491,0.0569689999999999,1.330158,0.065019068271891,0.4492729811746785,2089.0,0,1.030879891427278,1.454621497281491,1.010789871504158,0.1037876389690855,0.04366024148190854
7705.0,-0.048711,21.072127,-1.932105,22.798608,0.128991,0.075582,0.071915,0.0036669999999999,0.053409,0.0570759999999999,1.499891,0.068657554765025,0.5303747303541244,2090.0,0,1.0328161049536295,1.5336679213718332,1.0092403628117923,0.07934873412999333,0.047321926251278054
7706.0,-0.049105,21.069239,-1.934993,22.794013,0.129203,0.076185,0.072235,0.00395,0.053018,0.056968,1.490462,0.0745015937682719,0.6606381754241024,2091.0,0,1.0308617959737625,1.6520284399833398,1.0018518518518529,0.03280288419739852,0.04970605560770971
7707.0,-0.045167,21.070289,-1.937224,22.790994,0.12901,0.074852,0.071647,0.0032049999999999,0.054158,0.057363,1.584758,0.0591776066766372,0.3190669864475786,2092.0,0,1.0380095001130976,1.3404433291509972,1.0233938019652313,0.08331502442422611,0.05731915602731219
7708.0,-0.051861,21.076459,-1.93578,22.792044,0.129313,0.075209,0.071705,0.0035039999999999,0.054104,0.057608,1.325443,0.0647629609093428,0.4435643561407278,2093.0,0,1.042442886224837,1.4654956085320143,1.0223733938019661,0.05404691442482312,0.061594295861369316
7709.0,-0.047661,21.073046,-1.94208,22.797558,0.129193,0.076642,0.07276,0.0038819999999999,0.052551,0.056433,1.547039,0.0738696909727507,0.64655308204122,2094.0,0,1.021180728342005,1.6235884567126984,0.9930272108843546,0.05401145036117683,0.05672904394712995
7710.0,-0.054355,21.065039,-1.938536,22.79362,0.129506,0.075372,0.072487,0.0028849999999999,0.054134,0.057019,1.561184,0.0532926941904497,0.1878924727319419,2095.0,0,1.031784664103145,1.2066081137599416,1.0229402872260025,0.10232386567592677,0.05411773339587663
7711.0,-0.050417,21.064908,-1.940768,22.792569,0.12935,0.074957,0.071815,0.0031419999999999,0.054393,0.0575349999999999,1.683769,0.0577637239401403,0.2875515848428427,2096.0,0,1.041121918118072,1.314094521120883,1.0278344671201822,0.06014955733438987,0.05206949955696851
7712.0,-0.053305,21.075409,-1.94418,22.791782,0.129598,0.07503,0.071652,0.003378,0.0545679999999999,0.057946,1.391451,0.0619032784181496,0.3798221236022112,2097.0,0,1.0485591495136857,1.4127979924718281,1.0311413454270588,0.026465284278151424,0.0616617220827768
7713.0,-0.043067,21.074096,-1.943786,22.792438,0.129028,0.075419,0.07119,0.0042289999999999,0.053609,0.057838,1.523465,0.0788845364670769,0.7583338299489017,2098.0,0,1.0466048405338169,1.7687160184023742,1.0130196523053674,-0.028960914323871934,0.06371653639466868
7714.0,-0.044117,21.069896,-1.932499,22.789681,0.129083,0.075687,0.072077,0.00361,0.053396,0.057006,1.608332,0.0676067943891979,0.5069533147163741,2099.0,0,1.03154942320742,1.5098285236303433,1.0089947089947098,0.07767453345655229,0.06298267313695313
7715.0,-0.044248,21.065958,-1.935518,22.790994,0.129249,0.075492,0.07181,0.003682,0.053757,0.057439,1.377306,0.0684921314036981,0.5266874488473565,2100.0,0,1.0393847545804125,1.5399414470933308,1.015816326530613,0.058866395740912125,0.0633649324762942
7716.0,-0.047267,21.071864,-1.933549,22.791125,0.129193,0.075718,0.072466,0.0032519999999999,0.053475,0.056727,1.523465,0.0608123270252073,0.355504851460531,2101.0,0,1.0265007916760922,1.3601003764115582,1.0104875283446721,0.12872510945548143,0.06298566871312553
7717.0,-0.039654,21.087878,-1.939586,22.795851,0.129102,0.074521,0.071936,0.002585,0.0545809999999999,0.0571659999999999,1.580043,0.0473599355098751,0.0556514688524152,2102.0,0,1.0344446957701867,1.0811375993308692,1.0313869992441411,0.10386316754314484,0.06882399140600969
7718.0,-0.048055,21.061889,-1.944311,22.79165,0.129203,0.075036,0.071463,0.003573,0.054167,0.05774,1.16514,0.0659614532565353,0.4702787127609638,2103.0,0,1.044831486089121,1.4943538268507524,1.0235638699924423,0.04670828184766773,0.07998833274161479
7719.0,-0.044511,21.073833,-1.938405,22.7885,0.128955,0.074805,0.071421,0.0033839999999999,0.0541499999999999,0.0575339999999999,1.297155,0.0624919207401525,0.3929429423947428,2104.0,0,1.0411038226645546,1.4153074027603687,1.0232426303854865,0.05783404375458745,0.09244296306612797
7720.0,-0.041886,21.081315,-1.942605,22.789025,0.128697,0.075036,0.07161,0.003426,0.053661,0.057087,1.650765,0.0638440609742464,0.4230821055681824,2105.0,0,1.0330151549423217,1.4328732747804864,1.014002267573697,0.09853122804423997,0.09588390952142951
7721.0,-0.043854,21.082234,-1.943917,22.790338,0.128477,0.074957,0.071647,0.0033099999999999,0.05352,0.05683,1.542325,0.0618448833168287,0.3785204986354651,2106.0,0,1.0283646233883745,1.384358009201187,1.0113378684807264,0.11853278426323155,0.0930323487785234
7722.0,-0.040967,21.07449,-1.936699,22.788894,0.12822,0.075303,0.072256,0.0030469999999999,0.052917,0.055964,1.17457,0.0575796515363391,0.2834486167674872,2107.0,0,1.0126939606423895,1.2743621915516634,0.9999433106575972,0.13810869763420253,0.09000377503591486
7723.0,-0.042017,21.087091,-1.935518,22.7885,0.128357,0.074789,0.071269,0.0035199999999999,0.053568,0.057088,1.287725,0.0657096455039294,0.464665925897024,2108.0,0,1.033033250395839,1.472187369301567,1.0122448979591845,0.09558538892125978,0.0838605918629473
7724.0,-0.038867,21.083284,-1.945099,22.791782,0.128532,0.074626,0.071521,0.0031049999999999,0.053906,0.057011,1.650765,0.0575991986198452,0.2838843206423516,2109.0,0,1.0316399004750065,1.298619824341292,1.0186318972033268,0.1120839980095677,0.09390821428366723
7725.0,-0.036242,21.078165,-1.934468,22.789419,0.128606,0.075639,0.071668,0.003971,0.052967,0.056938,1.721487,0.0749697930826159,0.6710743233745138,2110.0,0,1.0303189323682433,1.6608113759933776,1.0008881330309911,0.030350788311851007,0.09241458334356549
7726.0,-0.038604,21.079084,-1.931974,22.788369,0.128339,0.075445,0.071836,0.003609,0.052894,0.056503,1.358447,0.0682295112959637,0.5208336549286079,2111.0,0,1.0224474100882162,1.5094102885822462,0.9995086923658361,0.09843937202939601,0.09145736124852416
7727.0,-0.038736,21.070683,-1.937355,22.786793,0.128844,0.075718,0.071815,0.0039029999999999,0.0531259999999999,0.0570289999999999,1.547039,0.0734654695352643,0.6375429989481987,2112.0,0,1.0319656186383162,1.6323713927227366,1.0038926681783815,0.04243133581346925,0.09149158033924526
7728.0,-0.041754,21.077377,-1.947986,22.786531,0.129028,0.075933,0.072928,0.0030049999999999,0.053095,0.0561,1.306584,0.0565956004218772,0.2615141484616561,2113.0,0,1.0151549423207427,1.2567963195315874,1.0033068783068793,0.1471845060548671,0.07379162524889768
7729.0,-0.03401,21.084203,-1.947067,22.79165,0.128964,0.074526,0.071185,0.0033409999999999,0.054438,0.057779,1.509321,0.0613714432667756,0.3679675348513826,2114.0,0,1.0455372087762957,1.3973232956921955,1.0286848072562367,0.04289773435357003,0.07594815621596582
7730.0,-0.038342,21.085384,-1.944442,22.78443,0.129037,0.074794,0.071846,0.002948,0.054243,0.057191,1.589473,0.0543470245557113,0.2113934633215934,2115.0,0,1.0348970821081211,1.2329569217900975,1.0250000000000008,0.08895900709382665,0.07601242919116957
7731.0,-0.037029,21.079871,-1.941424,22.786137,0.128817,0.07512,0.071909,0.003211,0.0536969999999999,0.0569079999999999,1.504606,0.0597973853774815,0.3328818341424897,2116.0,0,1.0297760687627224,1.342952739439621,1.0146825396825387,0.11887497517044254,0.07706938326418893
7732.0,-0.030467,21.083941,-1.942342,22.786925,0.128541,0.075781,0.071169,0.004612,0.0527599999999999,0.0573719999999999,1.608332,0.0874130513068366,0.9484341567503312,2117.0,0,1.0381723591947514,1.9289000418235853,0.9969765684051388,-0.03889085326927322,0.07381191164971071
7733.0,-0.030992,21.076984,-1.940636,22.787581,0.128495,0.074904,0.071642,0.003262,0.053591,0.056853,1.523465,0.0608672936259143,0.3567300552567229,2118.0,0,1.0287808188192726,1.3642827268925706,1.0126795162509457,0.11715069859194105,0.06991695719145832
7734.0,-0.035979,21.071864,-1.944967,22.78338,0.128844,0.075398,0.071983,0.003415,0.0534459999999999,0.0568609999999999,1.622476,0.0638950736243381,0.424219175929863,2119.0,0,1.028925582447409,1.428272689251419,1.0099395313681019,0.1127267277616053,0.06689942121113956
7735.0,-0.039261,21.074883,-1.941555,22.788106,0.129028,0.075225,0.071442,0.0037829999999999,0.053803,0.057586,1.481032,0.0703107575644932,0.5672245686146855,2120.0,0,1.0420447862474562,1.5821831869510907,1.0166855631141354,0.04092032904204457,0.06707637813374637
7736.0,-0.031385,21.085516,-1.936043,22.788237,0.128973,0.075587,0.07182,0.003767,0.053386,0.057153,1.518751,0.0705602487496957,0.5727857192642638,2121.0,0,1.0342094548744638,1.5754914261815798,1.0088057445200311,0.06586465588461377,0.059089699545513005
7737.0,-0.037029,21.072127,-1.942999,22.784299,0.128789,0.075167,0.071169,0.003998,0.0536219999999999,0.0576199999999999,1.504606,0.0745575592562893,0.6618856443869414,2122.0,0,1.0426600316670427,1.6721037222919979,1.013265306122448,0.003481791230945386,0.058281546010166926
7738.0,-0.036242,21.089716,-1.937224,22.784168,0.129166,0.075597,0.072303,0.0032939999999999,0.053569,0.056863,1.547039,0.0614896397237258,0.3706021301490603,2123.0,0,1.0289617733544456,1.3776662484316342,1.0122637944066524,0.11700914625167957,0.07349378351348929
7739.0,-0.03611,21.083153,-1.947461,22.78745,0.129239,0.07502,0.071495,0.003525,0.0542189999999999,0.0577439999999999,1.53761,0.0650129103651789,0.4491357216282767,2124.0,0,1.0449038679031883,1.474278544542094,1.02454648526077,0.04466730357963811,0.06767503404854383
7740.0,-0.031385,21.076196,-1.93473,22.785087,0.129019,0.075807,0.071762,0.0040449999999999,0.0532119999999999,0.0572569999999999,1.377306,0.0760152594290867,0.694377735264877,2125.0,0,1.0360913820402615,1.6917607695525174,1.0055177626606189,0.009092221211493001,0.06680667481224412
7741.0,-0.031123,21.082759,-1.94103,22.782461,0.128826,0.075114,0.071873,0.0032409999999999,0.0537119999999999,0.0569529999999999,1.617761,0.0603392102470536,0.344959093396892,2126.0,0,1.0305903641710012,1.3554997908824908,1.0149659863945568,0.11079343981698175,0.07145063493257674
7742.0,-0.029679,21.072258,-1.948117,22.785743,0.129331,0.075692,0.072419,0.0032729999999999,0.053639,0.056912,1.16514,0.0610178970917225,0.3600870017597766,2127.0,0,1.0298484505767935,1.3688833124215962,1.0135865457294038,0.11323152176395035,0.06897327633984747
7743.0,-0.036767,21.071602,-1.940374,22.780098,0.129543,0.07524,0.071967,0.0032729999999999,0.0543029999999999,0.0575759999999999,1.584758,0.060271803182086,0.3434565920446824,2128.0,0,1.0418638317122815,1.3688833124215962,1.0261337868480715,0.05896320394248655,0.07650503630281026
7744.0,-0.033748,21.086828,-1.944967,22.781149,0.128936,0.074889,0.071867,0.0030219999999999,0.054047,0.0570689999999999,1.443314,0.0559132622853759,0.2463048529189828,2129.0,0,1.0326894367790083,1.2639063153492374,1.0212962962962973,0.1040431353986081,0.06613624825301513
7745.0,-0.03191,21.084466,-1.937618,22.782593,0.129331,0.075645,0.07213,0.003515,0.053686,0.057201,1.509321,0.0654720882150242,0.4593707814195342,2130.0,0,1.0350780366432943,1.4700961940611237,1.014474678760394,0.08735993024537081,0.06990192919035244
7746.0,-0.033617,21.084334,-1.93788,22.784037,0.129331,0.075776,0.07192,0.0038559999999999,0.053555,0.057411,1.396165,0.071999402494585,0.6048644108490551,2131.0,0,1.038878081881928,1.6127143454621753,1.0119992441421022,0.041091069957321036,0.07287106696701845
7747.0,-0.037685,21.071996,-1.942342,22.786662,0.129322,0.075366,0.07193,0.003436,0.0539559999999999,0.057392,1.301869,0.0636803380469634,0.4194327266826256,2132.0,0,1.0385342682650993,1.4370556252614568,1.0195767195767187,0.0787993908605733,0.07845833697329803
7748.0,-0.033092,21.09011,-1.938668,22.783905,0.129276,0.07471,0.07108,0.0036299999999999,0.054566,0.058196,1.532895,0.0665237231293637,0.4828116904931454,2133.0,0,1.0530830128930115,1.5181932245922423,1.031103552532125,0.013321265753728273,0.06933443986828139
7749.0,-0.034142,21.089322,-1.938011,22.781149,0.128753,0.075172,0.071579,0.0035929999999999,0.053581,0.057174,1.353732,0.0670561009294165,0.4946783748659089,2134.0,0,1.0345894593983271,1.5027185278126516,1.0124905517762668,0.08232411295301123,0.07243459506737773
7750.0,-0.030204,21.081315,-1.933418,22.782199,0.129451,0.07492,0.071642,0.003278,0.054531,0.057809,1.311299,0.0601114941685616,0.3398833091891342,2135.0,0,1.0460800723818149,1.3709744876621233,1.0304421768707492,0.03878359897815309,0.05831304522027225
7751.0,-0.033354,21.072258,-1.940768,22.782986,0.129212,0.075986,0.073143,0.0028429999999999,0.0532259999999999,0.0560689999999999,1.547039,0.0534127416536719,0.1905683269010447,2136.0,0,1.0145939832617046,1.1890422417398656,1.005782312925169,0.16666613987977746,0.04763389173334763
7752.0,-0.030204,21.072127,-1.942342,22.78233,0.129074,0.075393,0.071489,0.003904,0.0536809999999999,0.057585,1.598902,0.0727245631682874,0.6210282193953793,2137.0,0,1.0420266907939388,1.6327896277708753,1.0143801965230528,0.02199255071378403,0.04946186322413055
7753.0,-0.033092,21.087747,-1.937486,22.788106,0.129203,0.075403,0.071957,0.003446,0.0538,0.057246,1.547039,0.0640508540733444,0.4276915172251263,2138.0,0,1.035892332051573,1.4412379757424274,1.0166288737717317,0.08996475593344988,0.04847960577349922
7754.0,-0.030467,21.088272,-1.939849,22.788369,0.12923,0.075298,0.071027,0.0042709999999999,0.053932,0.058203,1.415025,0.0791908479038806,0.7651615022146441,2139.0,0,1.0532096810676326,1.7862818904224502,1.0191232048374914,-0.037172363072446535,0.05619818173608504
7755.0,-0.040836,21.083941,-1.941161,22.790863,0.129359,0.075067,0.071059,0.0040079999999999,0.054292,0.0583,1.231147,0.0738216713020094,0.6454827250948658,2140.0,0,1.054964940058811,1.6762860727729265,1.0259259259259268,-0.019431604623875498,0.0589719956696646
7756.0,-0.041361,21.088141,-1.935649,22.785218,0.129221,0.074894,0.071589,0.003305,0.054327,0.057632,1.598902,0.0608341923133559,0.3559922280437635,2141.0,0,1.0428771771092522,1.3822668339607438,1.0265873015873026,0.05937078486515024,0.06049187136864274
7757.0,-0.032304,21.082497,-1.933811,22.788631,0.129028,0.075781,0.07203,0.003751,0.053247,0.056998,1.471602,0.0704439603365385,0.5701936542025554,2142.0,0,1.0314046595792816,1.568799665412027,1.0061791383219965,0.06897681635426,0.04269481841901995
7758.0,-0.035585,21.095623,-1.941161,22.787318,0.128964,0.075996,0.072277,0.003719,0.052968,0.056687,1.631906,0.0702108780607525,0.5649982576263572,2143.0,0,1.0257769735354,1.5554161438729215,1.000907029478459,0.09050702537958644,0.0530290510359029
7759.0,-0.033092,21.083153,-1.940899,22.784956,0.128909,0.075041,0.071825,0.0032159999999999,0.053868,0.0570839999999999,1.584758,0.0597003842655329,0.3307196824164276,2144.0,0,1.032960868581768,1.3450439146800646,1.0179138321995473,0.11006225228880684,0.05576542635087561
7760.0,-0.03716,21.080396,-1.943524,22.786662,0.129111,0.075713,0.071888,0.003825,0.053398,0.057223,1.598902,0.071630554879305,0.5966428091373739,2145.0,0,1.035476136620675,1.5997490589712084,1.0090325018896456,0.05398235596793455,0.07179033278834146
7761.0,-0.039786,21.072521,-1.938536,22.788106,0.129221,0.075907,0.071752,0.004155,0.053314,0.057469,1.358447,0.0779330394823221,0.7371249921675325,2146.0,0,1.0399276181859316,1.7377666248432344,1.007445200302344,-0.011304389616450417,0.07874573299403227
7762.0,-0.037554,21.06832,-1.937093,22.78233,0.128945,0.07566,0.072335,0.003325,0.053285,0.05661,1.716772,0.0623991292271892,0.3908746224973003,2147.0,0,1.0243836236145678,1.3906315349226845,1.0068972033257757,0.12533487688261347,0.06750358801382747
7763.0,-0.038736,21.075277,-1.941292,22.786268,0.128973,0.075529,0.072135,0.0033939999999999,0.053444,0.056838,1.466888,0.0635045373748712,0.4155141352461842,2148.0,0,1.028509387016513,1.419489753241339,1.0099017384731679,0.11732850908317705,0.06462229221958048
7764.0,-0.034929,21.081447,-1.941817,22.786006,0.128872,0.074763,0.072109,0.0026539999999999,0.0541089999999999,0.0567629999999999,1.53761,0.0490482350766954,0.0932836129503551,2149.0,0,1.0271522280027134,1.1099958176495235,1.0224678760393036,0.12307670130221193,0.0670588759180136
7765.0,-0.034667,21.077509,-1.943261,22.780624,0.129175,0.074831,0.071474,0.0033569999999999,0.054344,0.057701,1.264151,0.0617720121446314,0.376896202505437,2150.0,0,1.0441257634019463,1.4040150564617484,1.0269085411942565,0.050122397433032595,0.05807948673121218
7766.0,-0.032173,21.080134,-1.940505,22.782986,0.129386,0.075813,0.07119,0.004623,0.0535729999999999,0.058196,1.735632,0.0862918579908164,0.9234427930970306,2151.0,0,1.0530830128930115,1.9335006273526532,1.012339380196522,-0.053050664936897696,0.0640562026585281
7767.0,-0.034667,21.084334,-1.932893,22.789288,0.128945,0.075125,0.071327,0.0037979999999999,0.05382,0.057618,1.429169,0.0705672507013989,0.5729417925468983,2152.0,0,1.0426238407600101,1.5884567126725464,1.0170068027210892,0.04016385841179004,0.07836519423529492
7768.0,-0.037423,21.079346,-1.94313,22.779048,0.128844,0.075634,0.072135,0.003499,0.0532099999999999,0.0567089999999999,1.589473,0.0657570803029449,0.4657232460710563,2153.0,0,1.026175073512779,1.463404433291571,1.005479969765683,0.1148728623639177,0.07454335640788136
7769.0,-0.034535,21.084203,-1.933418,22.78128,0.128964,0.074574,0.070954,0.0036199999999999,0.0543899999999999,0.0580099999999999,1.344303,0.0665551286058355,0.4835117175732171,2154.0,0,1.0497172585387913,1.514010874111272,1.0277777777777768,0.020268360420792608,0.06855220217272384
7770.0,-0.034929,21.078296,-1.936305,22.779836,0.12878,0.075366,0.071951,0.003415,0.053414,0.056829,1.613047,0.0639333520546663,0.4250724009346318,2155.0,0,1.0283465279348571,1.428272689251419,1.0093348450491317,0.11374951524109367,0.06845367665408139
7771.0,-0.03611,21.080265,-1.942474,22.779967,0.128808,0.07545,0.072372,0.0030779999999999,0.053358,0.056436,1.509321,0.0576847392192506,0.2857910179052749,2156.0,0,1.0212350147025568,1.2873274780426718,1.0082766439909308,0.13178552615121786,0.06121027139784914
7772.0,-0.040573,21.09116,-1.937749,22.784168,0.12856,0.074542,0.071248,0.0032939999999999,0.054018,0.057312,1.448028,0.0609785445861639,0.3592098356519955,2157.0,0,1.037086631983715,1.3776662484316342,1.0207482993197288,0.08711649860847781,0.07667521555503386
7773.0,-0.033223,21.087091,-1.924886,22.783512,0.128909,0.074904,0.0713,0.0036039999999999,0.054005,0.0576089999999999,1.40088,0.0667333259267488,0.4874837302362935,2158.0,0,1.0424609816783525,1.507319113341719,1.0205026455026465,0.057416966731601904,0.08260596663871159
7774.0,-0.035717,21.087353,-1.942211,22.778917,0.128367,0.074999,0.071652,0.003347,0.053368,0.056715,1.64605,0.0627143098053177,0.3978999876434512,2159.0,0,1.0262836462338847,1.3998327059808198,1.0084656084656094,0.12209144611578737,0.07619197785220533
7775.0,-0.035848,21.086566,-1.950742,22.779573,0.128624,0.075781,0.071416,0.004365,0.0528429999999999,0.0572079999999999,1.481032,0.0826016198622361,0.841187501595658,2160.0,0,1.0352047048179136,1.8255959849436145,0.9985449735449725,-0.022311655129289898,0.08624216928625501
7776.0,-0.038604,21.094441,-1.947592,22.778523,0.128486,0.075267,0.071699,0.003568,0.0532189999999999,0.0567869999999999,1.481032,0.0670424652386321,0.4943744357483737,2161.0,0,1.0275865188871287,1.4922626516102673,1.0056500377928939,0.10159877663494954,0.0855408072439567
7777.0,-0.035717,21.08184,-1.946936,22.77918,0.128587,0.07533,0.071768,0.0035619999999999,0.053257,0.056819,1.65548,0.0668819707837319,0.490797019410407,2162.0,0,1.0281655733996842,1.489753241321643,1.006368102796675,0.09947136924856725,0.07949665930749614
7778.0,-0.029548,21.088535,-1.952055,22.775635,0.128468,0.074973,0.071148,0.0038249999999999,0.053495,0.0573199999999999,1.41974,0.07150067294751,0.5937477449739481,2163.0,0,1.0372313956118515,1.5997490589711667,1.0108654572940297,0.050732974498855166,0.06608144111405624
7779.0,-0.032042,21.098511,-1.93473,22.779836,0.128532,0.075613,0.072119,0.0034939999999999,0.052919,0.056413,1.570613,0.0660241874527588,0.4716770560162409,2164.0,0,1.020818819271659,1.461313258051044,0.999981103552533,0.12077027476128943,0.05534884812824783
7780.0,-0.032173,21.079478,-1.944705,22.775241,0.129193,0.075303,0.072072,0.0032309999999999,0.05389,0.057121,1.683769,0.0599543523037241,0.3363806219779299,2165.0,0,1.03363040036191,1.3513174404015202,1.0183295540438406,0.10673589481811052,0.047873280330004674
7781.0,-0.035323,21.07239,-1.95573,22.777736,0.129102,0.07596,0.072177,0.0037829999999999,0.0531419999999999,0.0569249999999999,1.405595,0.0711852925126544,0.5867179250276526,2166.0,0,1.0300836914725167,1.5821831869510907,1.0041950113378675,0.07134404678661221,0.060781305863852796
7782.0,-0.028891,21.078821,-1.945624,22.77721,0.129405,0.075566,0.071159,0.0044069999999999,0.053839,0.0582459999999999,1.382021,0.0818536404160474,0.8245150633302825,2167.0,0,1.053987785568875,1.8431618569636485,1.0173658352229789,-0.04703568332592112,0.04816052580432767
7783.0,-0.031254,21.081578,-1.939718,22.776423,0.129368,0.075597,0.071043,0.004554,0.053771,0.058325,1.65548,0.0846909172059808,0.8877578734943614,2168.0,0,1.055417326396744,1.9046424090339564,1.0160808767951635,-0.049908963126482186,0.04638861614888372
7784.0,-0.034798,21.093391,-1.943917,22.777342,0.129019,0.075319,0.071542,0.003777,0.0537,0.057477,1.702628,0.070333885774939,0.5677400956960932,2169.0,0,1.0400723818140702,1.5796737766625504,1.0147392290249442,0.04733576813335583,0.04861038461247129
7785.0,-0.029285,21.088403,-1.939061,22.776291,0.128881,0.074841,0.071862,0.002979,0.0540399999999999,0.057019,1.429169,0.0551248126422532,0.2287303352403216,2170.0,0,1.031784664103145,1.245922208281106,1.0211640211640203,0.10676860020919132,0.03801708323441512
7786.0,-0.03611,21.083941,-1.940636,22.773141,0.129258,0.075288,0.07118,0.004108,0.05397,0.058078,1.268866,0.0761149506216301,0.6965998488025551,2171.0,0,1.0509477493779698,1.7181095775826731,1.0198412698412707,-0.024609023960301735,0.028126402509396443
7787.0,-0.02981,21.084466,-1.942736,22.771303,0.129028,0.07492,0.071731,0.0031889999999999,0.054108,0.057297,1.462173,0.0589365909552938,0.3136947536201155,2172.0,0,1.0368152001809554,1.3337515683814443,1.0224489795918377,0.08175227269412777,0.03185024177195234
7788.0,-0.033354,21.091947,-1.935911,22.771172,0.128826,0.07554,0.071825,0.0037149999999999,0.053286,0.0570009999999999,1.358447,0.0697168164843206,0.553985640669667,2173.0,0,1.0314589459398318,1.5537432036804915,1.0069160997732436,0.07295065913473087,0.04751751921537546
7789.0,-0.03191,21.089979,-1.945492,22.770647,0.129239,0.075435,0.071516,0.003919,0.0538039999999999,0.057723,1.565899,0.0728370969240778,0.6235365932627979,2174.0,0,1.0445238633793268,1.639063153492331,1.0167044595616015,0.014837260980727685,0.056500953030748625
7790.0,-0.024823,21.087353,-1.930793,22.774191,0.129478,0.075818,0.071831,0.0039869999999999,0.05366,0.057647,1.424454,0.0742997707832502,0.656139547453169,2175.0,0,1.0431486089120117,1.6675031367628887,1.0139833711262292,0.007829087567923776,0.058879784642034735
7791.0,-0.033748,21.083941,-1.952711,22.775898,0.129212,0.075309,0.072088,0.003221,0.0539029999999999,0.0571239999999999,1.429169,0.0597543781537548,0.3319232044820053,2176.0,0,1.03368468672246,1.3471350899205916,1.0185752078609212,0.10858243941217116,0.047823625942356694
7792.0,-0.030598,21.087222,-1.950611,22.770253,0.129359,0.075114,0.072372,0.0027419999999999,0.054245,0.0569869999999999,1.391451,0.0505475058068796,0.1267023102413682,2177.0,0,1.0312056095905895,1.1468005018820637,1.0250377928949368,0.1096370911083101,0.0557598691342975
7793.0,-0.03191,21.07974,-1.950349,22.775373,0.129313,0.074983,0.071552,0.0034309999999999,0.05433,0.057761,1.514036,0.063149951224899,0.4076104211464286,2178.0,0,1.0452114906129844,1.4349644500209298,1.0266439909297063,0.039925375027249466,0.04356947004551172
7794.0,-0.02876,21.09221,-1.93368,22.776554,0.129193,0.075849,0.072109,0.0037399999999999,0.053344,0.0570839999999999,1.490462,0.0701096635111068,0.5627421885069124,2179.0,0,1.032960868581768,1.5641990798829177,1.0080120937263803,0.07112408424621697,0.03347781515827765
7795.0,-0.028891,21.078034,-1.934336,22.769071,0.129772,0.075408,0.071531,0.003877,0.0543639999999999,0.058241,1.669624,0.0713142646923573,0.5895927108456371,2180.0,0,1.0538973083012904,1.621497281472255,1.027286470143612,-0.0037929867875891032,0.03960921508965922
7796.0,-0.035585,21.093785,-1.940243,22.775635,0.128808,0.076091,0.072204,0.003887,0.052717,0.056604,1.495176,0.0737319321673811,0.6434824426142431,2181.0,0,1.024275050893464,1.6256796319532254,0.996164021164022,0.054753407959106326,0.042829775680555446
7797.0,-0.034929,21.074752,-1.949955,22.772222,0.128826,0.076023,0.071369,0.0046539999999999,0.052803,0.0574569999999999,1.504606,0.0881372623286113,0.9645767975851388,2182.0,0,1.0397104727437223,1.9464659138436198,0.9977891156462594,-0.04015171819373009,0.03982289188072482
7798.0,-0.038736,21.08184,-1.945492,22.774454,0.129212,0.075471,0.07129,0.0041809999999999,0.053741,0.0579219999999999,1.518751,0.0777976256931262,0.7341066230771072,2183.0,0,1.0481248586292684,1.748640736093716,1.015513983371127,-0.027965889737609828,0.03883837801772383
7799.0,-0.034142,21.06832,-1.936436,22.76999,0.129138,0.075781,0.07214,0.003641,0.053357,0.056998,1.287725,0.0682371902994865,0.5210048196749482,2184.0,0,1.0314046595792816,1.5227938101213518,1.0082577475434626,0.07615126029454344,0.03544782123839252
7800.0,-0.036373,21.075409,-1.942999,22.773141,0.129111,0.075571,0.071689,0.0038819999999999,0.05354,0.057422,1.207573,0.072505182943912,0.6161382411129825,2185.0,0,1.0390771318706185,1.6235884567126984,1.0117157974300839,0.04003469347688604,0.027810744685781208
7801.0,-0.037029,21.071339,-1.934468,22.768284,0.129184,0.076437,0.072645,0.003792,0.0527469999999999,0.0565389999999999,1.877076,0.0718889815727611,0.602403131984113,2186.0,0,1.0230988464148374,1.5859473023840058,0.9967309145880564,0.07851360141386488,0.03423265685295777
7802.0,-0.034535,21.097329,-1.932499,22.769728,0.129377,0.075655,0.072288,0.0033669999999999,0.0537219999999999,0.0570889999999999,1.53761,0.0626733428885206,0.3969868363600812,2187.0,0,1.0330513458493544,1.4081974069427188,1.0151549508692357,0.0997919524783002,0.03273332912677991
7803.0,-0.031385,21.079084,-1.941949,22.76789,0.129561,0.075529,0.071631,0.0038979999999999,0.054032,0.05793,1.509321,0.0721410989580441,0.608022820550659,2188.0,0,1.0482696222574088,1.6302802174822513,1.021012849584279,0.006019807233936358,0.03181120690264696
7804.0,-0.03296,21.084597,-1.94313,22.768546,0.12935,0.075366,0.071379,0.003987,0.0539839999999999,0.0579709999999999,1.367877,0.0738538482911921,0.646199949168933,2189.0,0,1.0490115358516163,1.6675031367629305,1.020105820105819,-0.005246681279896137,0.03441655142545426
7805.0,-0.032567,21.087616,-1.938143,22.770778,0.12923,0.075744,0.071962,0.003782,0.053486,0.057268,1.377306,0.0707087703554135,0.5760962611715619,2190.0,0,1.0362904320289537,1.5817649519030357,1.0106953892668187,0.060426134884176474,0.03903648382881024
7806.0,-0.038998,21.085647,-1.940505,22.772091,0.129083,0.075078,0.071416,0.003662,0.054005,0.057667,1.702628,0.0678072806725181,0.5114221476485379,2191.0,0,1.0435105179823578,1.5315767461313896,1.0205026455026465,0.039760130697327756,0.03878901830807739
7807.0,-0.032567,21.088141,-1.944442,22.770253,0.129423,0.076343,0.071731,0.0046119999999999,0.05308,0.057692,1.268866,0.0868860797648874,0.9366879777001912,2192.0,0,1.0439629043202905,1.9289000418235436,1.0030234315948612,-0.049372940435059576,0.03347851725413442
7808.0,-0.033354,21.08906,-1.939849,22.768809,0.129276,0.074936,0.071064,0.003872,0.05434,0.058212,1.53761,0.0712537494709335,0.5882438284686624,2193.0,0,1.0533725401492884,1.61940610623177,1.026832955404385,-0.0019124445095368703,0.019601750091766523
7809.0,-0.035585,21.082365,-1.938274,22.769465,0.129129,0.074973,0.072324,0.0026489999999999,0.0541559999999999,0.0568049999999999,1.306584,0.0489133445353324,0.090276907037623,2194.0,0,1.02791223705044,1.1079046424090384,1.0233560090702938,0.1223505843281033,0.020327880986455736
7810.0,-0.026266,21.080396,-1.94313,22.772091,0.128973,0.075639,0.071741,0.0038979999999999,0.053334,0.057232,1.462173,0.0730852160869972,0.6290671615789589,2195.0,0,1.0356389957023306,1.6302802174822513,1.0078231292517015,0.03756003826955756,0.02563639584808457
7811.0,-0.037423,21.084859,-1.951661,22.768284,0.129129,0.075634,0.071689,0.003945,0.0534949999999999,0.0574399999999999,1.514036,0.0737438313144909,0.643747674228037,2196.0,0,1.039402850033928,1.6499372647428543,1.0108654572940277,0.025408590874435144,0.024289898596647062
7812.0,-0.038342,21.076984,-1.947067,22.766052,0.129028,0.076763,0.072041,0.004722,0.052265,0.056987,1.504606,0.0903455401216852,1.013799239946925,2197.0,0,1.0312056095905913,1.9749058971142606,0.9876228269085421,-0.038975719145378784,0.0229167968374534
7813.0,-0.040967,21.079346,-1.944311,22.774716,0.129304,0.075156,0.071369,0.0037869999999999,0.054148,0.057935,1.532895,0.0699366562632735,0.5588858624091027,2198.0,0,1.0483600995249953,1.5838561271434788,1.0232048374905527,0.0132811161808285,0.03195420218124142
7814.0,-0.034667,21.059263,-1.943524,22.768021,0.128945,0.074568,0.071211,0.0033569999999999,0.054377,0.057734,1.405595,0.0617345249917245,0.3760606150494314,2199.0,0,1.0447229133680171,1.4040150564617484,1.0275321239606963,0.04783846733639219,0.03298456179185029
7815.0,-0.035979,21.080134,-1.947724,22.770515,0.129056,0.076107,0.072193,0.003914,0.052949,0.056863,1.561184,0.073918791312559,0.6476475270669944,2200.0,0,1.0289617733544456,1.636971978251846,1.0005479969765694,0.04696116236980141,0.027486135667431178
7816.0,-0.032435,21.082628,-1.940768,22.774191,0.129414,0.075592,0.07171,0.003882,0.0538219999999999,0.057704,1.589473,0.0721252995931109,0.6076706532045877,2201.0,0,1.044180049762498,1.6235884567127403,1.0170445956160232,0.026029113105391133,0.025963898538714492
7817.0,-0.025479,21.08184,-1.941424,22.767234,0.129249,0.075456,0.071668,0.0037879999999999,0.053793,0.057581,1.462173,0.0704167751050302,0.5695876962496189,2202.0,0,1.0419543089798697,1.584274362191576,1.0164965986394567,0.04100111300282061,0.026463211011189914
7818.0,-0.033748,21.070946,-1.942211,22.767759,0.129221,0.07608,0.07202,0.0040599999999999,0.053141,0.057201,1.457458,0.0763990817056187,0.7029331217035859,2203.0,0,1.0350780366432943,1.6980342952739729,1.0041761148904016,0.008391151596551794,0.03674514154646794
7819.0,-0.036242,21.074227,-1.949561,22.769597,0.129074,0.075198,0.071615,0.003583,0.0538759999999999,0.0574589999999999,1.41974,0.0665033316628617,0.4823571653479319,2204.0,0,1.0397466636507569,1.498536177331723,1.0180650037792887,0.06736632308391222,0.04793710989063708
7820.0,-0.038079,21.07344,-1.944574,22.772616,0.129203,0.075629,0.071705,0.0039239999999999,0.053574,0.057498,1.40088,0.0732431171255248,0.6325867707477737,2205.0,0,1.0404523863379336,1.6411543287327743,1.0123582766439918,0.022337666982390703,0.04936152856868027
7821.0,-0.035717,21.084466,-1.949299,22.773929,0.128881,0.07503,0.071185,0.003845,0.0538509999999999,0.057696,1.231147,0.0713993909232712,0.5914901718479515,2206.0,0,1.0440352861343596,1.6081137599331494,1.0175925925925915,0.03040171559918936,0.04841848224962728
7822.0,-0.031779,21.081578,-1.939586,22.772485,0.129001,0.074925,0.071479,0.003446,0.054076,0.057522,1.792209,0.0637239491835716,0.4204048175421906,2207.0,0,1.0408866772223488,1.4412379757424274,1.0218442932728655,0.06384358620740149,0.04701932580792556
7823.0,-0.02666,21.07869,-1.933155,22.770515,0.129037,0.075366,0.072267,0.003099,0.053671,0.05677,1.565899,0.0577396035176629,0.2870139413865442,2208.0,0,1.0272788961773365,1.2961104140527517,1.014191232048376,0.12520079962251984,0.045494504420896344
7824.0,-0.027841,21.07764,-1.936568,22.768415,0.12923,0.074868,0.071699,0.003169,0.054362,0.057531,1.518751,0.0582933245037986,0.2993563647039639,2209.0,0,1.0410495363040044,1.325386867419545,1.0272486772486782,0.06208265411682412,0.05259930943073684
7825.0,-0.028235,21.081972,-1.946149,22.76579,0.129037,0.074579,0.071222,0.003357,0.054458,0.057815,1.27358,0.0616427036853414,0.3740139210260618,2210.0,0,1.0461886451029188,1.4040150564617901,1.0290627362055942,0.03753069917927154,0.05493665201627625
7826.0,-0.02981,21.075802,-1.941424,22.769203,0.128881,0.07608,0.072004,0.0040759999999999,0.052801,0.056877,1.405595,0.0771940456800878,0.7206528436225061,2211.0,0,1.029215109703688,1.7047260560435258,0.9977513227513236,0.012037548688373922,0.06231238158100488
7827.0,-0.029416,21.084334,-1.949299,22.768284,0.129129,0.075739,0.071789,0.0039499999999999,0.0533899999999999,0.0573399999999999,1.504606,0.0739825064149387,0.6490677346895584,2212.0,0,1.0375933046821977,1.6520284399832976,1.008881330309901,0.02575289913252843,0.057771706286861055
7828.0,-0.022197,21.07239,-1.938668,22.769334,0.129212,0.075676,0.072056,0.0036199999999999,0.053536,0.057156,1.471602,0.0676167883893381,0.5071760806643042,2213.0,0,1.0342637412350155,1.514010874111272,1.0116402116402126,0.07943920169495677,0.0625790866736855
7829.0,-0.021804,21.080396,-1.935518,22.769859,0.129221,0.075529,0.07203,0.003499,0.053692,0.057191,1.481032,0.0651667815171438,0.4525655047527039,2214.0,0,1.0348970821081211,1.463404433291571,1.014588057445201,0.09073974893930625,0.06271810094246366
7830.0,-0.023773,21.069502,-1.939849,22.76894,0.129405,0.075288,0.072351,0.0029369999999999,0.054117,0.0570539999999999,1.514036,0.0542702982371853,0.2096832361014839,2215.0,0,1.0324180049762488,1.2283563362609882,1.0226190476190484,0.0960949626296771,0.06284955778847709
7831.0,-0.018522,21.07869,-1.94838,22.76789,0.129533,0.075004,0.071075,0.003929,0.054529,0.058458,1.608332,0.0720520814230698,0.6060386225035657,2216.0,0,1.0578240217145451,1.6432455039733016,1.0304043839758135,-0.015005037342248895,0.05494810192410095
7832.0,-0.021541,21.082497,-1.950611,22.763427,0.129046,0.075198,0.071993,0.0032049999999999,0.0538479999999999,0.0570529999999999,1.41031,0.0595182826050623,0.3266606421477547,2217.0,0,1.0323999095227316,1.3404433291509972,1.017535903250188,0.11191739007564594,0.058807131195811845
7833.0,-0.026004,21.085647,-1.935386,22.769859,0.128624,0.076259,0.072928,0.0033309999999999,0.0523649999999999,0.0556959999999999,1.448028,0.0636099759385858,0.4178643575060057,2218.0,0,1.0078443790997502,1.3931409452112251,0.9895124716553277,0.12659094231030144,0.06644824594505343
7834.0,-0.02456,21.072915,-1.937093,22.760145,0.129239,0.075592,0.071957,0.003635,0.0536469999999999,0.057282,1.429169,0.0677564867283032,0.5102899522339557,2219.0,0,1.036543768378196,1.5202843998327695,1.0137377173091449,0.06339722257695835,0.06222213914368652
7835.0,-0.019441,21.083547,-1.940636,22.771303,0.129295,0.07586,0.071458,0.004402,0.0534349999999999,0.057837,1.448028,0.0823789205778876,0.8362235415711368,2220.0,0,1.0465867450802995,1.8410706817232052,1.0097316704459551,-0.04148385946448985,0.060884895764874145
7836.0,-0.018654,21.082234,-1.938799,22.767627,0.129001,0.075078,0.071458,0.00362,0.053923,0.057543,1.29244,0.0671315184333508,0.4963594286500474,2221.0,0,1.0412666817462122,1.5140108741113136,1.0189531368102804,0.05062784140548293,0.055076095883173096
7837.0,-0.023116,21.079215,-1.944967,22.766971,0.128973,0.074652,0.07182,0.002832,0.054321,0.057153,1.471602,0.052133573874305,0.1620557174420269,2222.0,0,1.0342094548744638,1.18444165621084,1.0264739229024953,0.10216404662494427,0.06118607074869825
7838.0,-0.021804,21.075015,-1.945755,22.76999,0.129276,0.074994,0.071474,0.00352,0.054282,0.057802,1.438599,0.0648453475305346,0.4454007513287403,2223.0,0,1.0459534042071938,1.472187369301609,1.025736961451248,0.03717813368128764,0.06164048639823144
7839.0,-0.024166,21.081053,-1.951005,22.772485,0.129065,0.074689,0.071731,0.002958,0.054376,0.057334,1.405595,0.0543979991540541,0.2125296855109908,2224.0,0,1.0374847319610958,1.2371392722710681,1.0275132275132284,0.07736731515118256,0.05133849559573017
7840.0,-0.017604,21.086566,-1.936174,22.770384,0.128514,0.074526,0.070796,0.0037299999999999,0.0539879999999999,0.0577179999999999,1.697913,0.0690881475856192,0.5399726307449044,2225.0,0,1.0444333861117385,1.5600167294019471,1.0201814058956906,0.03800696381266655,0.05105531354952353
7841.0,-0.016947,21.091685,-1.943917,22.767627,0.128651,0.076075,0.072182,0.003893,0.0525759999999999,0.0564689999999999,1.542325,0.0740437834033894,0.6504335968295385,2226.0,0,1.0218321646686261,1.628189042241808,0.9934996220710497,0.04609471131300269,0.06789501584626122
7842.0,-0.023773,21.081709,-1.953761,22.764608,0.128817,0.075204,0.071941,0.0032629999999999,0.0536129999999999,0.0568759999999999,1.504606,0.0608609691498487,0.3565890828846849,2227.0,0,1.0291970142501687,1.3647009619406258,1.013095238095237,0.11646154657097785,0.08259912073237034
7843.0,-0.02351,21.087091,-1.94523,22.771041,0.129239,0.075508,0.071615,0.003893,0.0537309999999999,0.0576239999999999,1.52818,0.0724521700290331,0.6149565849122802,2228.0,0,1.042732413481112,1.628189042241808,1.0153250188964464,0.023571034285288728,0.0702504912505946
7844.0,-0.017866,21.082365,-1.942211,22.766709,0.129148,0.07597,0.072146,0.0038239999999999,0.053178,0.057002,1.462173,0.0719080840181273,0.6028289248888621,2229.0,0,1.0314770413933507,1.5993308239230697,1.004875283446713,0.06056540211489192,0.07451280692774416
7845.0,-0.020885,21.081315,-1.945492,22.762114,0.129331,0.075797,0.072576,0.003221,0.053534,0.056755,1.547039,0.0601662463808723,0.3411037342747365,2230.0,0,1.0270074643745768,1.3471350899205916,1.0116024187452768,0.12691316350288706,0.07376939909403203
7846.0,-0.01826,21.07869,-1.94628,22.76172,0.128955,0.075524,0.072912,0.0026119999999999,0.0534309999999999,0.0560429999999999,1.179284,0.0488845635574185,0.089635379947633,2231.0,0,1.0141235014702548,1.0924299456294475,1.0096560846560838,0.1976688902665742,0.08006847832973042
7847.0,-0.008678,21.082103,-1.935911,22.762902,0.128697,0.075634,0.071332,0.004302,0.053063,0.057365,1.353732,0.0810719131614654,0.8070903874801767,2232.0,0,1.038045691020132,1.7992471769135006,1.002702191987907,-0.021322248192813253,0.08646635595767833
7848.0,-0.017866,21.082365,-1.942605,22.76277,0.129203,0.075508,0.07193,0.003578,0.053695,0.057273,1.41974,0.0666343861740169,0.4852783662683135,2233.0,0,1.0363809092965401,1.4964450020912377,1.0146447467876047,0.07980129045278328,0.07241616256160142
7849.0,-0.020885,21.080528,-1.950874,22.75857,0.129313,0.075697,0.072083,0.003614,0.053616,0.05723,1.476317,0.0674039950015854,0.5024329227624855,2234.0,0,1.035602804795296,1.5115014638227315,1.0131519274376426,0.06993323681406127,0.07672375157522801
7850.0,-0.013928,21.076196,-1.942342,22.757782,0.129607,0.075897,0.072545,0.003352,0.0537099999999999,0.057062,1.367877,0.0624080728342426,0.3910739752164518,2235.0,0,1.032562768604389,1.4019238812213048,1.014928193499621,0.10099775616965045,0.07402767889785843
7851.0,-0.017341,21.084597,-1.947461,22.757782,0.129506,0.076017,0.072571,0.003446,0.053489,0.056935,1.405595,0.0644232566834923,0.4359923596602921,2236.0,0,1.0302646460076914,1.4412379757424274,1.0107520786092223,0.11007348759248181,0.06680323033226412
7852.0,-0.01721,21.087222,-1.945099,22.75962,0.129203,0.074831,0.070823,0.0040079999999999,0.054372,0.05838,1.306584,0.0737130561124086,0.6430616959442286,2237.0,0,1.0564125763401955,1.6762860727729265,1.0274376417233568,-0.024040387389791196,0.05448113185809741
7853.0,-0.014453,21.076459,-1.943392,22.755813,0.1289,0.074511,0.071405,0.0031059999999999,0.0543889999999999,0.0574949999999999,1.499891,0.0571060856775142,0.2728928487098505,2238.0,0,1.0403980999773799,1.2990380593893893,1.027758881330309,0.06664692442155451,0.05882860929658242
7854.0,-0.014978,21.06832,-1.946411,22.758963,0.129129,0.075655,0.071762,0.0038929999999999,0.0534739999999999,0.0573669999999999,1.518751,0.072800374006545,0.6227180405891786,2239.0,0,1.0380818819271649,1.628189042241766,1.0104686318972023,0.033604675341196155,0.054024507404768204
7855.0,-0.01931,21.08289,-1.95048,22.762639,0.129129,0.07554,0.071773,0.0037669999999999,0.053589,0.0573559999999999,1.424454,0.0702929651054299,0.5668279752633132,2240.0,0,1.0378828319384745,1.575491426181538,1.0126417233560099,0.05466867784694396,0.05705895586947609
7856.0,-0.016291,21.081709,-1.938799,22.758832,0.128964,0.075193,0.071642,0.0035509999999999,0.053771,0.057322,1.405595,0.0660380867365915,0.4719868706145085,2241.0,0,1.037267586518888,1.4851526557925756,1.0160808767951635,0.0744479055249071,0.054705068129430136
7857.0,-0.01721,21.094048,-1.947461,22.763952,0.129239,0.07407,0.071006,0.0030639999999999,0.0551689999999999,0.0582329999999999,1.358447,0.055537429762552,0.2379275578384443,2242.0,0,1.0537525446731502,1.2814721873693133,1.0424981103552522,0.022152526192036892,0.052945273514702205
7858.0,-0.019835,21.068452,-1.943655,22.761851,0.129331,0.075267,0.071537,0.0037299999999999,0.054064,0.057794,1.556469,0.0689910293165633,0.5378078675906155,2243.0,0,1.0458086405790554,1.5600167294019471,1.021617535903251,0.031760271534641116,0.06684112370596906
7859.0,-0.016947,21.080134,-1.938143,22.767102,0.12889,0.075498,0.071962,0.0035359999999999,0.053392,0.056928,1.52818,0.066225909763452,0.4761734399595687,2244.0,0,1.0301379778330704,1.47887913007112,1.0089191232048385,0.10027772146114011,0.06978714301248069
7860.0,-0.021016,21.082497,-1.946017,22.761064,0.128927,0.074988,0.071594,0.0033939999999999,0.053939,0.057333,1.278295,0.0629217649239894,0.4025241556958157,2245.0,0,1.0374666365075784,1.419489753241339,1.0192554799697666,0.07745887876919089,0.08024322963433692
7861.0,-0.02246,21.080396,-1.935386,22.76067,0.128955,0.074973,0.071694,0.003279,0.0539819999999999,0.0572609999999999,1.268866,0.0607413444973418,0.3539226531530925,2246.0,0,1.0361637638543308,1.3713927227102203,1.0200680272108833,0.09247554144520254,0.07946121588331852
7862.0,-0.014978,21.082497,-1.946805,22.763295,0.128633,0.076033,0.07255,0.003483,0.0525999999999999,0.0560829999999999,1.745061,0.0662154711887606,0.4759407644589146,2247.0,0,1.0148473196109469,1.456712672522018,0.9939531368102786,0.11491811452287737,0.0756658265843241
7863.0,-0.016947,21.070552,-1.948774,22.76684,0.129019,0.075576,0.072025,0.0035509999999999,0.0534429999999999,0.0569939999999999,1.448028,0.0664433799865279,0.4810208443732386,2248.0,0,1.0313322777652105,1.4851526557925756,1.0098828420256982,0.09610711748667078,0.07515281404751815
7864.0,-0.01511,21.088797,-1.945099,22.765133,0.128615,0.075592,0.072361,0.003231,0.053023,0.056254,1.297155,0.0609346710923357,0.3582318968582707,2249.0,0,1.0179416421624077,1.351317440401562,1.001946334089192,0.13816554155975846,0.07612676323565407
7865.0,-0.013797,21.075671,-1.945624,22.766971,0.129193,0.075387,0.071647,0.0037399999999999,0.053806,0.057546,1.490462,0.0695076848737151,0.5493241036649739,2250.0,0,1.0413209681067641,1.5641990798829177,1.016742252456539,0.04684854033675989,0.07131679339506192
7866.0,-0.014585,21.080134,-1.931186,22.770122,0.129239,0.074295,0.071174,0.0031209999999999,0.0549439999999999,0.0580649999999999,1.311299,0.0568022568022567,0.2661205126626782,2251.0,0,1.050712508482243,1.305311585110845,1.0382464096749802,0.03649401253496287,0.06634717674750663
7867.0,-0.011697,21.078428,-1.937355,22.765658,0.129497,0.074899,0.071384,0.0035149999999999,0.054598,0.058113,1.136851,0.0643784684701183,0.43499403179674,2252.0,0,1.0515810902510754,1.470096194061082,1.031708238851097,0.017022400823977546,0.06459559605432988
7868.0,-0.011828,21.07764,-1.949955,22.766183,0.129497,0.076002,0.072119,0.0038829999999999,0.053495,0.057378,1.523465,0.0725848661582174,0.6179143774467568,2253.0,0,1.038280931915857,1.6240066917607956,1.0108654572940297,0.04149976341600026,0.06474478506774363
7869.0,-0.015241,21.074358,-1.945492,22.768021,0.129083,0.075503,0.071726,0.003777,0.05358,0.057357,1.589473,0.0704914055355443,0.5712512061920436,2254.0,0,1.0379009273919937,1.5796737766625504,1.0124716553287991,0.05217802305521857,0.06556601822543714
7870.0,-0.015635,21.088797,-1.946017,22.76894,0.129386,0.074999,0.071489,0.0035099999999999,0.054387,0.057897,1.424454,0.0645362947709053,0.438511975063673,2255.0,0,1.0476724722913378,1.4680050188205966,1.027721088435375,0.027762712293638026,0.06434704109077166
7871.0,-0.009728,21.079346,-1.938799,22.771434,0.128863,0.074915,0.071458,0.003457,0.053948,0.057405,1.41974,0.0640790376095942,0.428319727359268,2256.0,0,1.0387695091608242,1.445838561271495,1.0194255479969776,0.07495973451343496,0.06990533277776027
7872.0,-0.012222,21.074096,-1.938536,22.769071,0.128872,0.075219,0.072004,0.0032149999999999,0.0536529999999999,0.0568679999999999,1.580043,0.0599209751369887,0.3356366459840656,2257.0,0,1.0290522506220303,1.3446256796319673,1.0138510959939522,0.1164100046570149,0.07031427715696917
7873.0,-0.013272,21.071996,-1.944574,22.769859,0.128964,0.075272,0.071957,0.003315,0.0536919999999999,0.057007,1.716772,0.0617398916059824,0.3761802367119835,2258.0,0,1.0315675186609374,1.386449184441714,1.0145880574451993,0.10431944906360602,0.08197272501840988
7874.0,-0.011435,21.075671,-1.952842,22.769334,0.128753,0.075566,0.072182,0.0033839999999999,0.053187,0.056571,1.429169,0.0636233736933142,0.4181629930363557,2259.0,0,1.0236779009273929,1.4153074027603687,1.0050453514739237,0.12597577021310358,0.07358093310108038
7875.0,-0.008416,21.08801,-1.942867,22.776554,0.129359,0.075561,0.07224,0.003321,0.053798,0.057119,1.334873,0.0617297719288463,0.3759546694277806,2260.0,0,1.0335942094548753,1.3889585947302965,1.016591080876796,0.10243145720664604,0.07542017061376347
7876.0,-0.008022,21.087091,-1.954155,22.774979,0.128991,0.07512,0.071348,0.003772,0.0538709999999999,0.057643,1.702628,0.0700178200178202,0.5606949999381634,2261.0,0,1.0430762270979426,1.577582601422065,1.017970521541949,0.04058345632705185,0.0702754814091026
7877.0,-0.010647,21.074883,-1.951792,22.772616,0.12855,0.074915,0.07193,0.002985,0.053635,0.05662,1.452743,0.0556529196808114,0.2405018244740633,2262.0,0,1.0245645781497408,1.2484316185696882,1.0135109599395322,0.13360687943838467,0.07514165738651447
7878.0,-0.009203,21.07554,-1.945361,22.773797,0.128633,0.076038,0.071363,0.0046749999999999,0.052595,0.05727,1.245292,0.0888850863183511,0.9812457707311716,2263.0,0,1.0363266229359882,1.9552488498536575,0.9938586545729412,-0.042418155757294795,0.07325089850337987
7879.0,-0.014978,21.075934,-1.94208,22.77511,0.128936,0.075676,0.071941,0.0037349999999999,0.05326,0.0569949999999999,1.683769,0.0701263588742229,0.5631143276242239,2264.0,0,1.031350373218728,1.5621079046424324,1.0064247921390788,0.07057039818204947,0.07442897584579053
7880.0,-0.012616,21.082103,-1.946542,22.774322,0.129166,0.075204,0.071106,0.0040979999999999,0.053962,0.05806,1.745061,0.0759409224839239,0.6927207671016766,2265.0,0,1.0506220312146584,1.713927227101661,1.0196900982615278,-0.023684179752970658,0.064276588746709
7881.0,-0.017079,21.07974,-1.945624,22.778523,0.128734,0.074631,0.071925,0.002706,0.0541029999999999,0.0568089999999999,1.41031,0.0500147863374242,0.1148280100683949,2266.0,0,1.0279846188645094,1.1317440401506118,1.0223544973544965,0.12362149428755365,0.06673584545630874
7882.0,-0.007103,21.077377,-1.953761,22.778654,0.129065,0.07554,0.071978,0.0035619999999999,0.053525,0.057087,1.41031,0.0665470986062846,0.4833327291364839,2267.0,0,1.0330151549423217,1.489753241321643,1.011432350718066,0.09750241582566899,0.06551244043182522
7883.0,-0.013272,21.078428,-1.955599,22.777998,0.129157,0.075204,0.072251,0.0029529999999999,0.053953,0.056906,1.518751,0.0547318085776772,0.2199702870356912,2268.0,0,1.0297398778556897,1.235048097030541,1.0195200302343168,0.11610022248771257,0.059283719866467896
7884.0,0.001428,21.076852,-1.93788,22.780755,0.128872,0.07491,0.071059,0.003851,0.0539619999999999,0.0578129999999999,1.136851,0.0713637121731558,0.5906948936331349,2269.0,0,1.0461524541958824,1.6106231702217317,1.0196900982615258,0.024451899222288187,0.06910557899444661
7885.0,-0.010778,21.07449,-1.950086,22.780755,0.129249,0.075855,0.072618,0.003237,0.053394,0.056631,1.235862,0.0606236539001779,0.3512993334540986,2270.0,0,1.0247636281384311,1.3538268506901443,1.008956916099774,0.12702402430264348,0.06329919921272942
7886.0,-0.010122,21.08079,-1.956911,22.77721,0.128725,0.076401,0.072408,0.0039929999999999,0.052324,0.056317,1.377306,0.076311514572384,0.7009812530655224,2271.0,0,1.0190816557339977,1.6700125470514708,0.9887377173091468,0.02834940608221659,0.06577813557864519
7887.0,-0.006841,21.073702,-1.946805,22.776554,0.129295,0.074978,0.071846,0.003132,0.0543169999999999,0.057449,1.363162,0.0576604440516957,0.2852494793867095,2272.0,0,1.0395657091155857,1.3099121706399544,1.0263983371126217,0.07131967378481152,0.06215871543483187
7888.0,-0.008547,21.073308,-1.943917,22.780886,0.129028,0.074521,0.071474,0.003047,0.054507,0.057554,1.504606,0.0559000513686065,0.2460103820008476,2273.0,0,1.0414657317349025,1.2743621915517052,1.0299886621315202,0.055800435522492364,0.06364567235193178
7889.0,0.000116,21.09221,-1.938274,22.781674,0.128927,0.074857,0.070996,0.003861,0.05407,0.057931,1.631906,0.0714061141832036,0.5916400330998028,2274.0,0,1.0482877177109262,1.6148055207027023,1.0217309145880584,0.012506600364877496,0.056610743555530606
7890.0,-0.000278,21.077246,-1.952449,22.781674,0.128808,0.076254,0.072093,0.0041609999999999,0.052554,0.056715,1.349017,0.0791741984587574,0.7647903866079464,2275.0,0,1.0262836462338847,1.740276035131775,0.9930839002267582,0.0011051839061870794,0.06411400848750656
7891.0,-0.005003,21.069502,-1.938799,22.778392,0.128964,0.07596,0.072235,0.003725,0.0530039999999999,0.056729,1.504606,0.0702763890199039,0.5664584948397224,2276.0,0,1.026536982583127,1.5579255541615038,1.0015873015873005,0.08742729284942041,0.054862157886864646
7892.0,-0.004084,21.085122,-1.944705,22.777736,0.129138,0.074847,0.072246,0.0026009999999999,0.054291,0.056892,1.259436,0.0479076106977085,0.0678591315163523,2277.0,0,1.0294865415064474,1.08782936010038,1.025907029478459,0.11237198499666812,0.06209621751363069
7893.0,-0.006316,21.073177,-1.955205,22.776817,0.129377,0.075109,0.071631,0.0034779999999999,0.054268,0.0577459999999999,1.268866,0.064088153457775,0.4285229193277173,2278.0,0,1.0449400588102231,1.454621497281491,1.0254724111866977,0.045750934523700826,0.06926773709561199
7894.0,-0.005528,21.073308,-1.937355,22.784168,0.128789,0.075256,0.071726,0.00353,0.0535329999999999,0.0570629999999999,1.344303,0.0659394029962268,0.4697872131541196,2279.0,0,1.0325808640579046,1.4763697197825796,1.0115835222978071,0.09948454854204769,0.06779923354258585
7895.0,-0.001591,21.083547,-1.940768,22.782461,0.128707,0.076532,0.072613,0.003919,0.0521749999999999,0.0560939999999999,1.466888,0.075111162220178,0.674225436992197,2280.0,0,1.0150463695996372,1.639063153492331,0.9859221466364314,0.03450551829622439,0.07913714438131644
7896.0,-0.005397,21.068714,-1.950742,22.781411,0.128872,0.074778,0.071878,0.0029,0.0540939999999999,0.0569939999999999,1.518751,0.0536093908864035,0.194951632096604,2281.0,0,1.0313322777652105,1.212881639481439,1.0221844293272855,0.10069000234987702,0.07503631891892346
7897.0,-0.000409,21.062939,-1.951136,22.777342,0.129102,0.075771,0.072823,0.002948,0.0533309999999999,0.0562789999999999,1.749776,0.0552763819095478,0.2321088094280461,2282.0,0,1.0183940285003383,1.2329569217900975,1.007766439909296,0.14303486960462453,0.0794243900831287
7898.0,-0.003559,21.072915,-1.949561,22.778917,0.129212,0.075235,0.071542,0.003693,0.053977,0.05767,1.551754,0.0684167623846752,0.5250074757903647,2283.0,0,1.0435648043429098,1.5445420326223982,1.0199735449735459,0.041115399992230905,0.06709043558455421
7899.0,-0.001066,21.076327,-1.947461,22.775635,0.129056,0.075813,0.072508,0.003305,0.053243,0.056548,1.28301,0.0620727218090301,0.3835990114409433,2284.0,0,1.023261705496495,1.3822668339607438,1.006103552532125,0.12588570875218352,0.06854312407736801
7900.0,-0.002772,21.073177,-1.946411,22.778261,0.129487,0.07575,0.071453,0.0042969999999999,0.0537369999999999,0.0580339999999999,1.523465,0.0799620380363987,0.7823513059462697,2285.0,0,1.0501515494232065,1.7971560016729733,1.0154383975812538,-0.039903070717742795,0.06946582520094251
7901.0,0.001166,21.073571,-1.953499,22.777604,0.129239,0.076038,0.072802,0.0032359999999999,0.053201,0.0564369999999999,1.386736,0.0608247810232695,0.3557824506845568,2286.0,0,1.0212531101560722,1.3534086156420055,1.0053099017384741,0.13130800449147273,0.07301760798568155
7902.0,-0.007234,21.060051,-1.947461,22.777867,0.129671,0.07671,0.072471,0.004239,0.052961,0.0572,1.617761,0.0800385181828482,0.7840560459985566,2287.0,0,1.035059941189777,1.7728983688833864,1.0007747543461838,-0.010967559989076614,0.06980346688182915
7903.0,-0.002378,21.073702,-1.947592,22.77721,0.129506,0.075834,0.07213,0.0037039999999999,0.053672,0.057376,1.382021,0.0690104894453449,0.5382416332474131,2288.0,0,1.0382447410088225,1.549142618151424,1.0142101284958436,0.06027781945183874,0.05739070676963944
7904.0,-0.003691,21.066089,-1.951792,22.778392,0.129662,0.075303,0.072492,0.0028109999999999,0.054359,0.05717,1.89122,0.0517108167770418,0.1526324750771659,2289.0,0,1.0345170775842578,1.17565872020076,1.0271919879062745,0.10871155977779268,0.05417516147668503
7905.0,-0.004216,21.067008,-1.948642,22.777998,0.12957,0.07629,0.072561,0.0037289999999999,0.0532799999999999,0.0570089999999999,1.622476,0.0699874251609391,0.5600174995368918,2290.0,0,1.0316037095679702,1.5595984943538501,1.0068027210884343,0.07002334614361483,0.04806016818638661
7906.0,-0.003297,21.072127,-1.950742,22.780361,0.129598,0.076007,0.072345,0.0036619999999999,0.0535909999999999,0.0572529999999999,1.386736,0.0683310941931631,0.5230979345034081,2291.0,0,1.0360190002261922,1.531576746131348,1.0126795162509439,0.06854859131135294,0.06244986311730991
7907.0,0.001953,21.065564,-1.951005,22.777604,0.129258,0.075639,0.07171,0.003929,0.053619,0.057548,1.297155,0.0732748974263334,0.6332951526504931,2292.0,0,1.0413571590137987,1.6432455039733016,1.0132086167800463,0.0189072684827275,0.05887894347214495
7908.0,0.00051,21.068583,-1.954417,22.77406,0.129239,0.075587,0.071615,0.003972,0.0536519999999999,0.0576239999999999,1.429169,0.0740312750451979,0.6501547859199441,2293.0,0,1.042732413481112,1.6612296110414746,1.0138321995464843,0.008959947062686768,0.06339448581323893
7909.0,-0.005003,21.072652,-1.947986,22.77616,0.129203,0.075324,0.071726,0.003598,0.053879,0.057477,1.433884,0.0667780252412769,0.4884800765473758,2294.0,0,1.0400723818140702,1.5048097030531786,1.018121693121694,0.06473577584919932,0.06622474914191787
7910.0,-0.003034,21.078428,-1.945624,22.775766,0.12901,0.075072,0.071909,0.0031629999999999,0.053938,0.057101,1.41031,0.0586403159124195,0.3070907922585257,2295.0,0,1.033268491291564,1.322877457130921,1.0192365835222987,0.10399387859149023,0.06670021008880404
7911.0,-0.000278,21.069239,-1.953761,22.778523,0.128945,0.075498,0.071951,0.0035469999999999,0.053447,0.056994,1.561184,0.0663635683280944,0.4792418450238993,2296.0,0,1.0313322777652125,1.4834797156001875,1.0099584278155715,0.09559880803982312,0.07058849784384877
7912.0,-0.000278,21.068977,-1.947461,22.776685,0.129267,0.075177,0.071531,0.0036459999999999,0.05409,0.0577359999999999,1.367877,0.0674049287312121,0.5024537355664167,2297.0,0,1.04475910427505,1.5248849853617952,1.022108843537416,0.034187863421863196,0.07451900267217856
7913.0,-0.000672,21.073177,-1.941949,22.773797,0.129414,0.074568,0.071962,0.0026059999999999,0.054846,0.057452,1.504606,0.0475139934727514,0.0590854159861662,2298.0,0,1.0396199954761376,1.0899205353408652,1.0363945578231302,0.08858045273862813,0.07205708911734225
7914.0,-0.004347,21.067533,-1.956911,22.774847,0.129267,0.075813,0.072408,0.003405,0.0534539999999999,0.0568589999999999,1.363162,0.063698437938453,0.4198361726930832,2299.0,0,1.0288893915403747,1.4240903387704484,1.0100907029478448,0.11346616924665442,0.0739781376598049
7915.0,-0.001459,21.067664,-1.950349,22.774585,0.129267,0.075813,0.072366,0.003447,0.0534539999999999,0.0569009999999999,1.396165,0.0644841455429802,0.437349570417932,2300.0,0,1.0296494005881014,1.4416562107905244,1.0100907029478448,0.10890622369406211,0.0753844991609423
7916.0,-0.001722,21.064645,-1.954417,22.771434,0.128798,0.075844,0.072267,0.0035769999999999,0.052954,0.056531,1.570613,0.0675479180436218,0.5056409628303571,2301.0,0,1.0229540827867007,1.496026767043099,1.0006424792139086,0.10785363959465089,0.06863354741987913
7917.0,-0.007497,21.055063,-1.952711,22.775898,0.129046,0.075624,0.071526,0.0040979999999999,0.053422,0.0575199999999999,1.66491,0.0767085337775862,0.7098307986280776,2302.0,0,1.0408504863153123,1.713927227101661,1.0094860166288746,-0.005711867065635645,0.0693518203696146
7918.0,-0.005397,21.057951,-1.955205,22.777736,0.129267,0.075351,0.071526,0.0038249999999999,0.0539159999999999,0.0577409999999999,1.542325,0.0709423743902664,0.5813032877409041,2303.0,0,1.0448495815426364,1.5997490589711667,1.0188208616780037,0.028170432487313213,0.0634213063657626
7919.0,0.005103,21.061889,-1.949036,22.771697,0.129322,0.075366,0.071941,0.0034249999999999,0.0539559999999999,0.0573809999999999,1.466888,0.0634764720054858,0.4148885590477233,2304.0,0,1.0383352182764072,1.4324550397323474,1.0195767195767187,0.0787993908605733,0.062331630459869745
7920.0,-0.000803,21.070421,-1.94208,22.776291,0.129405,0.075408,0.071668,0.00374,0.0539969999999999,0.057737,1.122707,0.0692618245120191,0.5438438839568425,2305.0,0,1.044777199728569,1.5641990798829595,1.0203514739229016,0.03648436118085863,0.05402021827593915
7921.0,-0.002772,21.074227,-1.949036,22.77721,0.129313,0.076112,0.072545,0.003567,0.053201,0.056768,1.457458,0.0670463516409157,0.4944610635327042,2306.0,0,1.0272427052703017,1.49184441656217,1.0053099017384741,0.10278153753717767,0.046291134834034395
7922.0,-0.001591,21.079871,-1.950874,22.771959,0.129258,0.076059,0.071783,0.004276,0.053199,0.057475,1.52818,0.080375939849624,0.791577164309208,2307.0,0,1.0400361909070355,1.7883730656629773,1.0052721088435383,-0.025117276616656747,0.04353123503774634
7923.0,-0.000409,21.065958,-1.945886,22.774979,0.129423,0.075975,0.07233,0.0036449999999999,0.053448,0.057093,1.367877,0.0681958502497707,0.5200833512705858,2308.0,0,1.0331237276634255,1.5244667503136982,1.0099773242630394,0.07768369367969963,0.04820253304459197
7924.0,-0.002247,21.067795,-1.944967,22.776029,0.129552,0.075246,0.071678,0.0035679999999999,0.054306,0.0578739999999999,1.707343,0.0657005542563571,0.4644632822753625,2309.0,0,1.0472562768604379,1.4922626516102253,1.0261904761904772,0.030352047407348426,0.05955413449127865
7925.0,-1.6e-05,21.065826,-1.94523,22.771041,0.129368,0.075009,0.071516,0.003493,0.054359,0.057852,1.287725,0.0642568064753497,0.4322821897703881,2310.0,0,1.0468581768830592,1.4608950230029887,1.0271919879062745,0.031615389275014616,0.04934104314103216
7926.0,0.000116,21.064776,-1.951399,22.775504,0.12968,0.075786,0.072345,0.0034409999999999,0.0538939999999999,0.0573349999999999,1.462173,0.0638463679376565,0.4231335277098358,2311.0,0,1.0375028274146112,1.4391468005019004,1.0184051398337102,0.08025464163177032,0.046033230472960464
7927.0,0.003528,21.069502,-1.947199,22.77406,0.129267,0.075466,0.071678,0.0037879999999999,0.0538009999999999,0.0575889999999999,1.448028,0.070406304598342,0.5693543089857629,2312.0,0,1.0420990726080064,1.584274362191576,1.0166477702191978,0.04100111300282061,0.04277473186831252
7928.0,-0.002641,21.055457,-1.95258,22.769728,0.129221,0.07576,0.072797,0.0029629999999999,0.053461,0.056424,1.386736,0.0554225431147355,0.2353667380819704,2313.0,0,1.0210178692603493,1.2392304475115115,1.010222978080122,0.1416864469541801,0.051044758035839764
7929.0,-0.000278,21.070421,-1.949299,22.768678,0.129359,0.075687,0.071516,0.004171,0.053672,0.057843,1.523465,0.0777113259925848,0.7321830054738054,2314.0,0,1.0466953178014033,1.7444583856127873,1.0142101284958436,-0.023331522641891644,0.04926486905817351
7930.0,-0.001197,21.067533,-1.94838,22.773797,0.129634,0.075608,0.071699,0.0039089999999999,0.054026,0.057935,1.471602,0.0723527125326224,0.6127396804540302,2315.0,0,1.0483600995249953,1.6348808030113189,1.0208994708994719,0.0034062345001416583,0.05325857347643308
7931.0,0.000641,21.070289,-1.944311,22.775373,0.128991,0.07419,0.071458,0.002732,0.0548009999999999,0.057533,1.631906,0.0498521951753588,0.1112038581938426,2316.0,0,1.0410857272110392,1.142618151401135,1.0355442176870737,0.07019655149069826,0.05524360771562116
7932.0,-0.005003,21.064908,-1.953367,22.77616,0.128762,0.075146,0.071426,0.00372,0.0536159999999999,0.0573359999999999,1.499891,0.0693809799130873,0.5464998540886665,2317.0,0,1.0375209228681286,1.5558343789210187,1.0131519274376408,0.0575829850586157,0.050220514307645306
7933.0,0.004447,21.082759,-1.951924,22.776291,0.129056,0.074474,0.071526,0.0029479999999999,0.054582,0.05753,1.622476,0.0540094901342907,0.2038698317134679,2318.0,0,1.0410314408504873,1.2329569217900556,1.0314058956916108,0.059884803903037076,0.053739430969202626
7934.0,0.001822,21.078821,-1.951399,22.77301,0.128587,0.075303,0.071573,0.0037299999999999,0.053284,0.057014,1.433884,0.0700009383503799,0.5603187081033425,2319.0,0,1.0316941868355585,1.5600167294019471,1.0068783068783078,0.07028909158994412,0.03991795036759628
7935.0,0.003791,21.069108,-1.951136,22.770778,0.128596,0.075996,0.072109,0.0038869999999999,0.0525999999999999,0.0564869999999999,1.466888,0.073895933537385,0.647138027979266,2320.0,0,1.0221578828319375,1.6256796319531839,0.9939531368102786,0.05146573166689539,0.05208714554615511
7936.0,-0.000541,21.071996,-1.948905,22.766709,0.129056,0.075513,0.071621,0.0038919999999999,0.053543,0.057435,1.476317,0.0726878828626922,0.6202106165405052,2321.0,0,1.0393123727663434,1.627770807193669,1.0117724867724878,0.03002370755201178,0.055231590505026
7937.0,-0.002903,21.081709,-1.951792,22.774191,0.129313,0.075949,0.072298,0.003651,0.053364,0.057015,1.448028,0.0684156282207439,0.5249821953121052,2322.0,0,1.0317122822890759,1.5269761606023222,1.0083900226757379,0.07619027961839386,0.05090073957167267
7938.0,0.00681,21.077902,-1.948249,22.775504,0.129386,0.076521,0.072424,0.004097,0.0528649999999999,0.056962,1.514036,0.077497824688836,0.7274240681467601,2323.0,0,1.0307532232526586,1.7135089920536055,0.9989606953892658,0.0034716409381165825,0.050913543862676915
7939.0,0.006022,21.07869,-1.947199,22.772091,0.129249,0.074815,0.072151,0.0026639999999999,0.0544339999999999,0.0570979999999999,1.462173,0.0489391016809038,0.0908510330000669,2324.0,0,1.0332142049310102,1.114178168130494,1.0286092214663634,0.09836042914369669,0.05366251705217441
7940.0,0.004578,21.075015,-1.948642,22.770122,0.129377,0.075078,0.071531,0.003547,0.0542989999999999,0.0578459999999999,1.53761,0.0653222836095765,0.456031641488724,2325.0,0,1.0467496041619533,1.483479715600229,1.0260582010582002,0.0348506840888505,0.06000798779560111
7941.0,0.00051,21.068058,-1.947067,22.76894,0.129589,0.075235,0.071668,0.003567,0.054354,0.057921,1.466888,0.0656241376138349,0.4627599577236119,2326.0,0,1.048106763175753,1.49184441656217,1.027097505668935,0.026888042157165004,0.059593207525854584
7942.0,0.00261,21.061364,-1.945624,22.771828,0.129579,0.075524,0.072009,0.0035149999999999,0.054055,0.0575699999999999,1.41031,0.0650251590942724,0.4494087454134641,2327.0,0,1.0417552589911776,1.470096194061082,1.0214474678760401,0.057711027968658124,0.05615499111550434
7943.0,0.00576,21.071602,-1.945624,22.772222,0.129129,0.075114,0.071815,0.0032989999999999,0.0540149999999999,0.0573139999999999,1.448028,0.0610744964454975,0.3613485995703613,2328.0,0,1.0371228228907479,1.3797574236721195,1.0206916099773233,0.08737453579801202,0.05055201738669483
7944.0,0.000116,21.076852,-1.951661,22.768284,0.129295,0.075513,0.072555,0.002958,0.0537819999999999,0.05674,1.532895,0.0549987914396742,0.2259213266093591,2329.0,0,1.0267360325718173,1.2371392722710681,1.0162887377173082,0.13374379902421119,0.05192091416326624
7945.0,0.002741,21.070027,-1.950874,22.771434,0.129138,0.074988,0.071426,0.0035619999999999,0.05415,0.057712,1.462173,0.0657790253180919,0.4662123997665688,2330.0,0,1.0443248133906364,1.489753241321643,1.0232426303854885,0.0473179289694301,0.05135875133069815
7946.0,0.001953,21.074096,-1.944442,22.777079,0.129175,0.076196,0.07202,0.0041759999999999,0.052979,0.057155,1.386736,0.0788221970554926,0.7569442864307796,2331.0,0,1.0342456457814984,1.7465495608532307,1.0011148904006055,-0.004358456551490697,0.05752892492080317
7947.0,0.003135,21.071471,-1.950349,22.772616,0.129138,0.074479,0.071017,0.003462,0.054659,0.058121,1.542325,0.0633369923161362,0.4117795611711055,2332.0,0,1.0517258538792138,1.44792973651198,1.0328609221466374,0.020160542330298736,0.06412592464105109
7948.0,0.003266,21.067402,-1.952186,22.774322,0.128927,0.075954,0.071936,0.0040179999999999,0.052973,0.056991,1.509321,0.0758485294672857,0.690661329674749,2333.0,0,1.0312779914046606,1.6804684232538971,1.0010015117157982,0.017160608703830738,0.06410424382497051
7949.0,0.002478,21.070158,-1.954811,22.778654,0.129212,0.075088,0.072009,0.0030789999999999,0.0541239999999999,0.0572029999999999,1.429169,0.0568868360277136,0.2680057809306064,2334.0,0,1.0351142275503271,1.287745713090769,1.0227513227513219,0.09273880081801578,0.058595950130807616
7950.0,0.00261,21.082103,-1.960717,22.781411,0.128982,0.074894,0.071794,0.0031,0.054088,0.057188,1.476317,0.0573129471796484,0.2775037850683151,2335.0,0,1.0348427957475694,1.2965286491008488,1.0220710506424802,0.09655241998990072,0.041231056966013854
7951.0,0.01101,21.080922,-1.948511,22.772747,0.1289,0.075293,0.071789,0.0035039999999999,0.0536069999999999,0.0571109999999999,1.254721,0.0653633786002088,0.4569476475338405,2336.0,0,1.0334494458267351,1.4654956085320143,1.0129818594104298,0.0928580393596442,0.04144005498907214
7952.0,0.006678,21.071208,-1.948642,22.779573,0.128495,0.074878,0.071164,0.0037139999999999,0.053617,0.0573309999999999,1.28301,0.0692677832071318,0.5439767030829767,2337.0,0,1.037430445600542,1.5533249686323944,1.0131708238851105,0.05749421980785241,0.0380114294246924
7953.0,0.005366,21.083153,-1.950217,22.780361,0.129001,0.075681,0.071768,0.003913,0.05332,0.057233,1.499891,0.0733857204478535,0.6357653943049804,2338.0,0,1.035657091155848,1.6365537432037487,1.0075585789871513,0.032291598856383,0.049067329833754926
7954.0,0.009304,21.070552,-1.954024,22.778917,0.129056,0.075603,0.071237,0.004366,0.053453,0.057819,1.561184,0.0816777041942606,0.8205934504954246,2339.0,0,1.046261026916988,1.8260142199917115,1.0100718065003789,-0.039905132623726414,0.06025304322100583
7955.0,0.004316,21.073833,-1.948117,22.780886,0.129074,0.074605,0.071369,0.003236,0.0544689999999999,0.0577049999999999,1.532895,0.0594088489076556,0.3242213684839381,2340.0,0,1.0441981452160136,1.3534086156420473,1.029270597127739,0.04940790920001292,0.0598236610815253
7956.0,0.008647,21.081447,-1.95048,22.780886,0.129368,0.075944,0.0716,0.004344,0.053424,0.057768,1.598902,0.0813102480112306,0.812402863764714,2341.0,0,1.0453381587876056,1.8168130489335763,1.0095238095238104,-0.03864471219528809,0.06253209858281715
7957.0,0.010091,21.08079,-1.956517,22.784168,0.128927,0.076243,0.073112,0.003131,0.052684,0.055815,1.66491,0.0594286798899118,0.3246634004529898,2342.0,0,1.0099977380683112,1.3094939355918573,0.9955404383975822,0.13071954642092398,0.049998702998299525
7958.0,0.01416,21.078953,-1.955205,22.783118,0.129221,0.075739,0.072555,0.003184,0.053482,0.056666,1.141566,0.0595329356991942,0.3269872591538187,2343.0,0,1.0253969690115368,1.331660393141001,1.0106198034769474,0.1290177425763398,0.04829272903461691
7959.0,0.00681,21.07239,-1.957567,22.78233,0.12889,0.075676,0.072067,0.0036089999999999,0.053214,0.056823,1.40088,0.0678192239030346,0.5116883618800789,2344.0,0,1.0282379552137535,1.5094102885822045,1.0055555555555564,0.0884449794232105,0.05680229476664728
7960.0,0.007203,21.075409,-1.951924,22.779836,0.129083,0.075781,0.072435,0.003346,0.053302,0.056648,1.53761,0.0627732022587847,0.3992126985738491,2345.0,0,1.0250712508482251,1.3994144709327225,1.0072184429327296,0.12363679500281921,0.07377558351475252
7961.0,0.006547,21.076852,-1.953761,22.780624,0.128909,0.075135,0.070875,0.00426,0.053774,0.058034,1.471602,0.0792189679218967,0.7657882965293592,2346.0,0,1.0501515494232083,1.7816813048934244,1.0161375661375671,-0.03247591648553205,0.079773963631709
7962.0,0.009435,21.077377,-1.952711,22.779442,0.128982,0.075183,0.071369,0.0038139999999999,0.053799,0.057613,1.212288,0.0708921933085501,0.5801847530120852,2347.0,0,1.0425333634924234,1.5951484734420993,1.0166099773242638,0.040434480171026244,0.09427431494259851
7963.0,0.009697,21.076721,-1.94943,22.784693,0.128881,0.075587,0.072167,0.00342,0.0532939999999999,0.056714,1.429169,0.0641711229946525,0.4303723076879793,2348.0,0,1.0262655507803673,1.4303638644919041,1.0070672713529847,0.11738725617668666,0.09045730628085115
7964.0,0.012454,21.079084,-1.95153,22.784037,0.12867,0.07534,0.072104,0.003236,0.05333,0.056566,1.382021,0.0606776546473908,0.3525030084063696,2349.0,0,1.0235874236598064,1.3534086156420473,1.0077475434618302,0.129827754857326,0.07586596087562261
7965.0,0.009304,21.078428,-1.947724,22.786137,0.128909,0.075314,0.072004,0.00331,0.0535949999999999,0.056905,1.278295,0.06175834017464,0.3765914547255218,2350.0,0,1.0297217824021723,1.3843580092012289,1.0127551020408154,0.10939171036957773,0.07317208177810974
7966.0,0.01206,21.079346,-1.953236,22.78443,0.128716,0.07545,0.071909,0.003541,0.0532659999999999,0.0568069999999999,1.41031,0.066476430059887,0.4817575294660625,2351.0,0,1.0279484279574749,1.480970305311647,1.006538170823884,0.10635880091360705,0.06539790374849683
7967.0,0.010485,21.075934,-1.953105,22.781674,0.129102,0.075466,0.071941,0.003525,0.0536359999999999,0.0571609999999999,1.52818,0.0657195592594664,0.4648869031952787,2352.0,0,1.0343542185026002,1.474278544542094,1.0135298563869983,0.0925494598034503,0.06986834738002722
7968.0,0.00786,21.067927,-1.95048,22.784956,0.129368,0.074773,0.070844,0.003929,0.054595,0.058524,1.41974,0.0719649791193494,0.6040971149007153,2353.0,0,1.0590183216466873,1.6432455039733016,1.0316515495086933,-0.016895711475945596,0.07109333217971206
7969.0,0.008516,21.076065,-1.95258,22.789288,0.12878,0.075776,0.071925,0.0038509999999999,0.053004,0.056855,1.405595,0.0726535232525232,0.6194447419134896,2354.0,0,1.0288170097263072,1.61062317022169,1.0015873015873025,0.06150618844808187,0.05617853954791215
7970.0,0.00681,21.089322,-1.955467,22.788237,0.128945,0.074999,0.071306,0.003693,0.053946,0.057639,1.462173,0.0684560772610154,0.5258838031440543,2355.0,0,1.0430038452838735,1.5445420326223982,1.0193877551020418,0.04589501470669011,0.042083938211571005
7971.0,0.010485,21.077115,-1.951267,22.784824,0.1289,0.075498,0.071505,0.0039929999999999,0.0534019999999999,0.0573949999999999,1.330158,0.0747710802763889,0.6666450211908226,2356.0,0,1.0385885546256495,1.6700125470514708,1.0091080876795153,0.0122285198297718,0.03711623462443324
7972.0,0.016129,21.07449,-1.952449,22.780886,0.129239,0.07586,0.07202,0.0038399999999999,0.0533789999999999,0.0572189999999999,1.334873,0.0719370550768077,0.6034746888731439,2357.0,0,1.035403754806604,1.6060225846926224,1.0086734693877542,0.05268432816787472,0.03270883077497409
7973.0,0.007466,21.069371,-1.956649,22.777079,0.129322,0.075666,0.071405,0.004261,0.0536559999999999,0.0579169999999999,1.316014,0.0794118195202862,0.7700869525752054,2358.0,0,1.048034381361682,1.7820995399415216,1.0139077853363558,-0.03176067014131245,0.03715403815715183
7974.0,0.009304,21.078559,-1.950349,22.779836,0.129212,0.075571,0.071516,0.004055,0.0536409999999999,0.057696,1.344303,0.0755937511651318,0.6849823293550732,2359.0,0,1.0440352861343596,1.6959431200335295,1.0136243386243375,-0.011118258506085499,0.054488072133230744
7975.0,0.008122,21.077246,-1.957174,22.781936,0.128854,0.07618,0.072319,0.003861,0.052674,0.056535,1.466888,0.0732985287138111,0.6338218933030746,2360.0,0,1.02302646460077,1.6148055207027023,0.9953514739229034,0.059714674498200115,0.05599136020544745
7976.0,0.010616,21.069633,-1.948642,22.782593,0.129295,0.074999,0.071699,0.0032999999999999,0.054296,0.0575959999999999,1.608332,0.0607768384993645,0.3547138133387502,2361.0,0,1.0422257407826274,1.3801756587202165,1.0260015117157983,0.062284762419015594,0.054452464183774175
7977.0,0.011404,21.071077,-1.959274,22.780755,0.12889,0.075965,0.072692,0.0032729999999999,0.052925,0.056198,1.575328,0.0618410611041831,0.3784353016361415,2362.0,0,1.0169282967654385,1.3688833124215962,1.0000944822373403,0.1370015336252276,0.06069530877071887
7978.0,0.010354,21.081709,-1.957174,22.782199,0.128789,0.075487,0.072592,0.0028949999999999,0.0533019999999999,0.0561969999999999,1.306584,0.0543121400296417,0.2106158883357096,2363.0,0,1.0169102013119196,1.210790464240912,1.0072184429327276,0.15644462828484362,0.06699688734647721
7979.0,0.009566,21.077377,-1.954942,22.779311,0.129506,0.075576,0.072125,0.003451,0.05393,0.057381,1.367877,0.0639891713485752,0.4263166112354029,2364.0,0,1.038335218276409,1.4433291509829127,1.0190854119425556,0.07653906917024889,0.08149502670683603
7980.0,0.009566,21.075934,-1.951661,22.77721,0.129249,0.075193,0.071447,0.0037459999999999,0.054056,0.057802,1.061414,0.06929722330133,0.5446329218541575,2365.0,0,1.0459534042071938,1.5667084901715,1.021466364323508,0.030506054489957357,0.09307354578980448
7981.0,0.00891,21.081447,-1.954286,22.774585,0.128964,0.075172,0.0716,0.003572,0.0537919999999999,0.057364,1.429169,0.0664026918000484,0.4801139059798562,2366.0,0,1.0380275955666147,1.4939355918026556,1.0164777021919869,0.07465696569921876,0.09070878469646851
7982.0,0.005628,21.081053,-1.954942,22.778129,0.129322,0.075125,0.072345,0.0027799999999999,0.0541969999999999,0.0569769999999999,1.358447,0.0512934056607253,0.1433283944590035,2367.0,0,1.0310246550554165,1.1626934337097516,1.0241307634164767,0.1157001139254582,0.09521936900931124
7983.0,0.006941,21.068714,-1.947592,22.775898,0.129083,0.075555,0.072167,0.003388,0.053528,0.056916,1.325443,0.0632927945599581,0.4107943945798289,2368.0,0,1.0299208323908629,1.4169803429527985,1.0114890400604695,0.11322072346227574,0.08201804486743988
7984.0,0.006285,21.07239,-1.951399,22.772878,0.128798,0.075309,0.071836,0.003473,0.0534889999999999,0.056962,1.462173,0.0649280239297065,0.4472436056587914,2369.0,0,1.0307532232526586,1.4525303220410477,1.0107520786092203,0.10466693232359892,0.0679461354818822
7985.0,0.008779,21.081184,-1.956255,22.774979,0.129037,0.076091,0.07214,0.003951,0.052946,0.056897,1.382021,0.0746217916029238,0.6633173813676316,2370.0,0,1.029577018774034,1.6524466750314364,1.0004913076341657,0.03606706356484046,0.06742419594333847
7986.0,0.00996,21.071077,-1.951136,22.775504,0.129111,0.075177,0.071967,0.0032099999999999,0.053934,0.057144,1.613047,0.0595160841753961,0.3266116392198306,2371.0,0,1.034046595792808,1.3425345043914823,1.0191609977324272,0.10739060554744284,0.07776136167242928
7987.0,0.013241,21.072258,-1.95573,22.772222,0.12935,0.075372,0.071437,0.0039349999999999,0.053978,0.0579129999999999,1.613047,0.0728987198725429,0.6249101668405881,2372.0,0,1.0479619995476128,1.6457549142618422,1.0199924414210138,0.004988292206514089,0.07589292882472495
7988.0,0.008254,21.064251,-1.948511,22.771303,0.129138,0.076259,0.072225,0.0040339999999999,0.052879,0.056913,1.551754,0.0762859304084719,0.7004109828588079,2373.0,0,1.0298665460303107,1.6871601840234496,0.999225245653818,0.01572553442926683,0.07340272439489288
7989.0,0.013372,21.074358,-1.953105,22.771959,0.12901,0.074679,0.071552,0.0031269999999999,0.054331,0.057458,1.504606,0.0575535595965543,0.2828670282525856,2374.0,0,1.0397285681972415,1.307820995399427,1.026662887377174,0.07131967378481152,0.07023659717140063
7990.0,0.012585,21.077115,-1.950349,22.771566,0.129065,0.075881,0.072718,0.0031629999999999,0.053184,0.056347,1.40088,0.059471655541976,0.3256213263821119,2375.0,0,1.0196245193395168,1.322877457130921,1.0049886621315203,0.1338777117808655,0.06213775013013776
7991.0,0.00891,21.072127,-1.954024,22.774454,0.129092,0.076464,0.072603,0.003861,0.052628,0.056489,1.811069,0.0733625947671436,0.6352499236113065,2376.0,0,1.0221940737389739,1.6148055207027023,0.9944822373393811,0.05597263722217549,0.05640863996163954
7992.0,0.012191,21.070683,-1.961767,22.773797,0.129781,0.076044,0.072561,0.003483,0.053737,0.05722,1.448028,0.064814470207302,0.4447124967677129,2377.0,0,1.0354218502601231,1.456712672522018,1.0154383975812555,0.09079806962713743,0.04735647283449253
7993.0,0.007597,21.070289,-1.958617,22.772878,0.129561,0.07565,0.072225,0.0034249999999999,0.053911,0.057336,1.631906,0.0635294554088143,0.4160695574368966,2378.0,0,1.0375209228681304,1.4324550397323474,1.018726379440666,0.0815594512273532,0.05787279534620543
7994.0,0.010879,21.071996,-1.945886,22.775635,0.129662,0.075324,0.071705,0.0036189999999999,0.054338,0.0579569999999999,1.683769,0.0666004159075433,0.4845211700999901,2379.0,0,1.048758199502374,1.5135926390631749,1.0267951625094491,0.023678461910970228,0.06259575682818962
7995.0,0.010616,21.084203,-1.95258,22.781149,0.129092,0.075141,0.07108,0.0040609999999999,0.053951,0.058012,1.688484,0.0752706109134044,0.6777795433354361,2380.0,0,1.0497534494458276,1.6984525303220699,1.019482237339381,-0.02122403812014173,0.06859412000627858
7996.0,0.017441,21.071996,-1.94523,22.775373,0.129111,0.075351,0.071447,0.003904,0.05376,0.057664,1.353732,0.0726176968434367,0.6186461723848653,2381.0,0,1.043456231621806,1.6327896277708753,1.0158730158730167,0.01686893427597269,0.06035589385863492
7997.0,0.014816,21.080265,-1.958224,22.776685,0.128835,0.075114,0.071852,0.003262,0.053721,0.056983,1.448028,0.0607200029782956,0.3534469513666336,2382.0,0,1.031133227776522,1.3642827268925706,1.0151360544217696,0.11015151732364314,0.06679799422946467
7998.0,0.014291,21.078296,-1.947986,22.770909,0.12867,0.075015,0.071348,0.003667,0.053655,0.057322,1.217003,0.068342776203966,0.5233583261557717,2383.0,0,1.037267586518888,1.5336679213718751,1.0138888888888897,0.06295514924910872,0.06247936173428169
7999.0,0.020329,21.07449,-1.936174,22.773141,0.128679,0.075613,0.072298,0.0033149999999999,0.0530659999999999,0.0563809999999999,1.41031,0.0624682005766295,0.3924142206979144,2384.0,0,1.0202397647591035,1.3864491844416722,1.0027588813303088,0.13130330556570113,0.06580856140557034
8000.0,0.012716,21.073965,-1.954811,22.772878,0.128716,0.076254,0.072366,0.003888,0.0524619999999999,0.05635,1.367877,0.0741093723195395,0.6518955717019457,2385.0,0,1.0196788057000687,1.6260978670013226,0.9913454270597117,0.051495450304428925,0.07095663068032983
8001.0,0.017966,21.084728,-1.941292,22.77406,0.128945,0.076086,0.072597,0.003489,0.052859,0.056348,1.311299,0.0660045402951192,0.4712391214920983,2386.0,0,1.0196426147930342,1.4592220828106004,0.9988473167044605,0.12039364093047289,0.08597298600001826
8002.0,0.015735,21.073308,-1.947461,22.77301,0.128798,0.075078,0.0713,0.003778,0.0537199999999999,0.0574979999999999,1.485747,0.0703263155935296,0.5675713565912288,2387.0,0,1.0404523863379318,1.5800920117106474,1.0151171579743,0.04761174467530771,0.0903003261299529
8003.0,0.017966,21.076459,-1.960192,22.765921,0.128707,0.07492,0.071705,0.0032149999999999,0.0537869999999999,0.0570019999999999,1.514036,0.059771696289135,0.3323092251734414,2388.0,0,1.031477041393349,1.3446256796319673,1.0163832199546474,0.11485144794023971,0.07839972050047876
8004.0,0.018491,21.079609,-1.953105,22.767365,0.128918,0.074647,0.071594,0.003053,0.054271,0.057324,1.415025,0.0562536851415094,0.253892867645763,2389.0,0,1.0373037774259226,1.2768716018402877,1.0255291005291014,0.07515915465856504,0.08243952014809691
8005.0,0.018754,21.087091,-1.952055,22.767365,0.128918,0.075424,0.072246,0.003178,0.053494,0.056672,1.278295,0.0594074212543228,0.3241895461361757,2390.0,0,1.0255055417326406,1.3291509828524184,1.0108465608465618,0.12893951507674262,0.07286753299210243
8006.0,0.012716,21.071339,-1.952055,22.769071,0.128945,0.074684,0.071395,0.003289,0.054261,0.05755,1.396165,0.0606133205558217,0.3510690035342965,2391.0,0,1.0413933499208332,1.3755750731911909,1.0253401360544225,0.060142335575319006,0.0799390824892329
8007.0,0.009435,21.077115,-1.95783,22.768153,0.1289,0.076012,0.071778,0.004234,0.0528879999999999,0.0571219999999999,1.613047,0.0800544536671142,0.7844112474402638,2392.0,0,1.0336484958154255,1.7708071936429013,0.999395313681027,-0.008854538971098114,0.08082213085806535
8008.0,0.017966,21.069764,-1.957174,22.765658,0.128624,0.076107,0.072555,0.0035519999999999,0.0525169999999999,0.0560689999999999,1.41031,0.0676339540728892,0.5075587032092779,2393.0,0,1.0145939832617046,1.4855708908406726,0.9923847316704449,0.1033531457252902,0.07387874555557009
8009.0,0.015473,21.076721,-1.95468,22.765527,0.128936,0.075765,0.071825,0.0039399999999999,0.0531709999999999,0.0571109999999999,1.636621,0.0740991499285338,0.6516677149288266,2394.0,0,1.0334494458267351,1.6478460895023272,1.004743008314436,0.035583434005756254,0.0742659236479179
8010.0,0.010222,21.073046,-1.957436,22.759226,0.129129,0.075361,0.072303,0.0030579999999999,0.0537679999999999,0.0568259999999999,1.636621,0.05687291934014,0.2676955784035042,2395.0,0,1.0282922415743034,1.278962777080731,1.0160241874527578,0.12221094527573373,0.08236783005529344
8011.0,0.017573,21.088797,-1.956911,22.764608,0.128734,0.074936,0.071972,0.002964,0.0537979999999999,0.0567619999999999,1.532895,0.0550939608542911,0.2280426498596655,2396.0,0,1.0271341325491963,1.2396486825596502,1.0165910808767942,0.1292241246187973,0.07262431591045675
8012.0,0.022166,21.085122,-1.95048,22.76579,0.129212,0.075639,0.071463,0.0041759999999999,0.0535729999999999,0.0577489999999999,1.353732,0.0779482584835927,0.7374642232258697,2397.0,0,1.0449943451707748,1.7465495608532307,1.012339380196522,-0.02182210834964493,0.07122201799962884
8013.0,0.019935,21.07239,-1.956911,22.765002,0.128624,0.075603,0.072125,0.003478,0.0530209999999999,0.0564989999999999,1.457458,0.0655954132246993,0.462119691995704,2398.0,0,1.0223750282741453,1.454621497281533,1.0019085411942545,0.11872322886371789,0.08324005042690834
8014.0,0.01731,21.071339,-1.961242,22.767759,0.128955,0.075403,0.072561,0.0028419999999999,0.0535519999999999,0.0563939999999999,1.608332,0.0530689223759639,0.1829046060444874,2399.0,0,1.0204750056548284,1.1886240066917686,1.0119425547996965,0.15617821873232052,0.08455000389151292
8015.0,0.015998,21.083284,-1.955205,22.768284,0.129074,0.076306,0.072319,0.003987,0.0527679999999999,0.056755,1.17457,0.075555724004624,0.684134705146674,2400.0,0,1.0270074643745768,1.6675031367629305,0.9971277399848818,0.03150437362837566,0.08826163310004317
8016.0,0.012716,21.085253,-1.95573,22.768415,0.129515,0.075298,0.071789,0.0035089999999999,0.0542169999999999,0.0577259999999999,1.344303,0.0647202036224132,0.4426112975635692,2401.0,0,1.044578149739877,1.4675867837724994,1.0245086923658342,0.04611935646703991,0.07619816178463552
8017.0,0.019279,21.071077,-1.947855,22.763558,0.129396,0.075377,0.072445,0.002932,0.054019,0.056951,1.136851,0.0542761940022214,0.2098146525181958,2402.0,0,1.0305541732639685,1.2262651610205448,1.0207671957671967,0.1113257853016969,0.05914521559413242
8018.0,0.016916,21.079478,-1.951924,22.766183,0.129193,0.076674,0.073196,0.003478,0.0525189999999999,0.055997,1.570613,0.0662223914699163,0.4760950173076201,2403.0,0,1.0132911106084606,1.454621497281533,0.9924225245653807,0.11645268037133594,0.06407648132474407
8019.0,0.020854,21.071339,-1.957174,22.762639,0.129239,0.076101,0.072303,0.0037979999999999,0.0531379999999999,0.0569359999999999,1.405595,0.0714729294868175,0.5931293441101007,2404.0,0,1.030282741461207,1.5884567126725464,1.004119425547996,0.07269972609105879,0.06356190767108169
8020.0,0.015735,21.083941,-1.958224,22.76277,0.128844,0.075765,0.071642,0.004123,0.0530789999999999,0.0572019999999999,1.367877,0.0776752072343632,0.7313779194921786,2405.0,0,1.0350961320968097,1.7243831033041288,1.0030045351473913,0.0015762321216572506,0.060141597212684736
8021.0,0.017835,21.069371,-1.953499,22.756469,0.129074,0.075214,0.070928,0.0042859999999999,0.0538599999999999,0.0581459999999999,1.481032,0.079575202836932,0.7737287615503707,2406.0,0,1.0521782402171445,1.792555416143906,1.0177626606198025,-0.041305337286233756,0.07058443630251973
8022.0,0.013504,21.077771,-1.949036,22.761983,0.128753,0.075314,0.071379,0.003935,0.053439,0.057374,1.367877,0.0736339820359282,0.641299137273361,2407.0,0,1.038208550101788,1.645754914261884,1.0098072562358285,0.027490548956471628,0.07530408821300089
8023.0,0.013372,21.064908,-1.948249,22.761851,0.128909,0.07586,0.072309,0.0035509999999999,0.053049,0.0566,1.433884,0.0669368520263901,0.4920203205783857,2408.0,0,1.0242026690793946,1.4851526557925756,1.002437641723357,0.11357749232709402,0.07016007193897585
8024.0,0.021116,21.07764,-1.948774,22.763164,0.129184,0.075393,0.072282,0.003111,0.0537909999999999,0.0569019999999999,1.495176,0.0578338786436645,0.2891153309718217,2409.0,0,1.0296674960416186,1.3011292346299164,1.016458805744519,0.12197511414835105,0.06557655730394765
8025.0,0.020329,21.076852,-1.950217,22.768021,0.129074,0.075424,0.072471,0.002953,0.0536499999999999,0.056603,1.363162,0.0550409125645376,0.2268602051541259,2410.0,0,1.0242569554399465,1.2350480970305826,1.0137944066515485,0.13593276452672565,0.054406056682942204
8026.0,0.020723,21.068189,-1.94838,22.756994,0.129432,0.075797,0.072261,0.0035359999999999,0.0536349999999999,0.0571709999999999,1.40088,0.065925870683869,0.4694855783384535,2411.0,0,1.0345351730377734,1.47887913007112,1.0135109599395304,0.09331587557185139,0.0626780638616518
8027.0,0.021773,21.077509,-1.957174,22.764083,0.129074,0.075582,0.071804,0.0037779999999999,0.053492,0.0572699999999999,1.358447,0.0706260632232252,0.5742527218035456,2412.0,0,1.0363266229359864,1.5800920117106054,1.010808767951626,0.05988562256144647,0.07828449232115939
8028.0,0.019279,21.079871,-1.952186,22.763295,0.128982,0.075382,0.071757,0.003625,0.0536,0.057225,1.636621,0.0676293352735956,0.5074557503186936,2413.0,0,1.0355123275277096,1.5161020493517992,1.0128495842781566,0.07061753402105397,0.07706641900913344
8029.0,0.010091,21.074752,-1.958617,22.761064,0.128872,0.075624,0.071206,0.0044179999999999,0.0532479999999999,0.0576659999999999,1.688484,0.0829686942477791,0.8493695780724246,2414.0,0,1.0434924225288387,1.8477624424927164,1.0061980347694623,-0.03900528011899562,0.07271980251961796
8030.0,0.01626,21.075671,-1.957961,22.759882,0.128863,0.075729,0.072056,0.003673,0.053134,0.056807,1.226432,0.069125811611932,0.5408121607035488,2415.0,0,1.0279484279574767,1.5361773316604572,1.0040438397581264,0.0842963039087532,0.06637819923850287
8031.0,0.01206,21.068845,-1.961374,22.760014,0.128808,0.075797,0.072282,0.003515,0.053011,0.056526,1.27358,0.0663057420961292,0.4779529001371487,2416.0,0,1.0228636055191143,1.4700961940611237,1.0017195767195777,0.11475894730884206,0.06207072672179472
8032.0,0.013897,21.086303,-1.961374,22.760933,0.128798,0.074589,0.070833,0.003756,0.0542089999999999,0.057965,1.41974,0.0692861095738795,0.5443851972197964,2417.0,0,1.0489029631305145,1.5708908406525122,1.0243575207860913,0.01530981583621216,0.05933943876627098
8033.0,0.023348,21.069633,-1.953761,22.759095,0.129184,0.075183,0.071694,0.003489,0.0540009999999999,0.05749,1.575328,0.0646087181956225,0.4401262909164907,2418.0,0,1.0403076227097952,1.4592220828106004,1.0204270597127731,0.07011132743193926,0.05986662145562081
8034.0,0.018229,21.07764,-1.952711,22.764739,0.129019,0.076275,0.072393,0.0038819999999999,0.052744,0.0566259999999999,1.504606,0.0735993933074224,0.6405281556058431,2419.0,0,1.0246731508708429,1.6235884567126984,0.9966742252456546,0.058559081337200114,0.06589456835485845
8035.0,0.018885,21.06727,-1.958617,22.75555,0.129203,0.075561,0.072056,0.003505,0.053642,0.057147,1.471602,0.0653393732639861,0.4564125693465295,2420.0,0,1.03410088215336,1.465913843580153,1.0136432350718074,0.0928580393596442,0.0806060744092276
8036.0,0.024398,21.065039,-1.95048,22.759357,0.129386,0.074925,0.07192,0.003005,0.0544609999999999,0.057466,1.556469,0.0551760860783667,0.2298732185142011,2421.0,0,1.0398733318253799,1.2567963195316292,1.029119425547996,0.06600299601661397,0.07317359328406395
8037.0,0.021904,21.081709,-1.959405,22.760933,0.128771,0.075099,0.071479,0.0036199999999999,0.053672,0.0572919999999999,1.325443,0.0674454567473403,0.5033571037677202,2422.0,0,1.0367247229133671,1.514010874111272,1.0142101284958436,0.06515744945494473,0.05782399115110565
8038.0,0.018229,21.062939,-1.951792,22.757388,0.128982,0.075613,0.072508,0.0031049999999999,0.053369,0.056474,1.40088,0.0581787521079257,0.2968025496134017,2423.0,0,1.0219226419362144,1.298619824341292,1.0084845049130773,0.13089700301343044,0.06127820882714337
8039.0,0.024398,21.073965,-1.945886,22.760276,0.128753,0.075534,0.071988,0.003546,0.053219,0.056765,1.330158,0.0666290868094702,0.4851602435997031,2424.0,0,1.02718841890975,1.4830614805521323,1.0056500377928959,0.10810978042469577,0.06751294183859996
8040.0,0.024792,21.067402,-1.953761,22.756207,0.128854,0.07565,0.071621,0.0040289999999999,0.053204,0.0572329999999999,1.301869,0.0757259656047362,0.6879293850440054,2425.0,0,1.0356570911558463,1.6850690087829645,1.0053665910808778,0.00997149265711672,0.06061187149110846
8041.0,0.02151,21.074227,-1.957699,22.76067,0.129193,0.075923,0.071505,0.004418,0.05327,0.057688,1.372591,0.0829344296146121,0.848605820479789,2426.0,0,1.0438905225062214,1.8477624424927581,1.0066137566137574,-0.03873707402074089,0.06084839794182232
8042.0,0.02151,21.066877,-1.957699,22.760145,0.128459,0.075099,0.071243,0.0038559999999999,0.0533599999999999,0.0572159999999999,1.476317,0.0722625138209553,0.6107291540157045,2427.0,0,1.035349468446052,1.6127143454621753,1.0083144368858645,0.049851992596589345,0.06673199646224369
8043.0,0.019804,21.080396,-1.961899,22.756732,0.129074,0.075713,0.072634,0.0030789999999999,0.0533609999999999,0.0564399999999999,1.330158,0.0577002361230838,0.286136443402966,2428.0,0,1.0213073965166244,1.287745713090769,1.0083333333333324,0.1324586575465052,0.07333872640400346
8044.0,0.02361,21.069502,-1.962292,22.757388,0.128789,0.074778,0.070775,0.0040029999999999,0.0540109999999999,0.0580139999999999,1.377306,0.0741131600385098,0.6519799998383342,2429.0,0,1.0497896403528604,1.6741948975324412,1.0206160241874518,-0.010451622137714889,0.07462961600173479
8045.0,0.024135,21.076852,-1.953499,22.758701,0.128927,0.075582,0.07202,0.0035619999999999,0.053345,0.056907,1.622476,0.0667716417350878,0.4883377883957458,2430.0,0,1.029757973309207,1.489753241321643,1.0080309901738482,0.0952233038667828,0.07739133016762165
8046.0,0.022166,21.078034,-1.951792,22.7566,0.128964,0.075744,0.072408,0.003336,0.0532199999999999,0.0565559999999999,1.391451,0.0626820240130776,0.3971803383526668,2431.0,0,1.0234064691246314,1.3952321204517522,1.0056689342403617,0.1248389812208277,0.08531081108090828
8047.0,0.025579,21.065039,-1.95258,22.753319,0.128504,0.075335,0.072135,0.0031999999999999,0.053169,0.056369,1.051984,0.0601843144630429,0.3415064712564781,2432.0,0,1.0200226193168975,1.3383521539105117,1.004705215419502,0.13122474887254243,0.10015062012024152
8048.0,0.026367,21.082103,-1.95048,22.756207,0.128633,0.075156,0.072214,0.002942,0.053477,0.056419,1.386736,0.0550132764875275,0.226244197869172,2433.0,0,1.0209273919927626,1.2304475115015152,1.0105253212396077,0.1438058989907437,0.10066119005771564
8049.0,0.02571,21.075934,-1.954549,22.756863,0.128348,0.075093,0.071999,0.0030939999999999,0.053255,0.0563489999999999,1.457458,0.0580967402733964,0.294974508408276,2434.0,0,1.0196607102465496,1.2940192388122247,1.0063303099017393,0.1357269220835643,0.10016637898535338
8050.0,0.02886,21.078559,-1.95153,22.757126,0.128789,0.074558,0.071652,0.002906,0.0542309999999999,0.0571369999999999,1.160425,0.0535845994984512,0.1943990328410303,2435.0,0,1.0339199276181852,1.2153910497700215,1.0247732426303844,0.08916630178998308,0.11420438483185832
8051.0,0.032798,21.07974,-1.956255,22.753581,0.128321,0.074721,0.071395,0.0033259999999999,0.0535999999999999,0.0569259999999999,1.40088,0.0620510811365458,0.3831166415337834,2436.0,0,1.030101786926034,1.3910497699707398,1.0128495842781546,0.1096610163725914,0.115099865206489
8052.0,0.022035,21.074096,-1.96308,22.751612,0.128633,0.075088,0.071295,0.003793,0.0535449999999999,0.057338,1.377306,0.0708362902924589,0.578938676546511,2437.0,0,1.037557113775165,1.586365537432103,1.0118102796674215,0.05495769197133071,0.09875149586487743
8053.0,0.034242,21.084203,-1.955074,22.753056,0.128606,0.076143,0.072792,0.003351,0.0524629999999999,0.055814,1.405595,0.0638723696248857,0.4237131044981197,2438.0,0,1.009979642614794,1.4015056461732078,0.9913643235071796,0.12751054682288276,0.09975934890066179
8054.0,0.028467,21.079215,-1.965049,22.754894,0.129414,0.075928,0.072676,0.0032519999999999,0.053486,0.056738,1.509321,0.0607998205171348,0.3552260817900305,2439.0,0,1.0266998416647826,1.3601003764115582,1.0106953892668187,0.12992843632733442,0.08774311837142873
8055.0,0.025842,21.072127,-1.962292,22.747674,0.129414,0.074852,0.072272,0.0025799999999999,0.054562,0.057142,1.207573,0.0472847900591976,0.0539764791267902,2440.0,0,1.0340104048857734,1.0790464240903421,1.0310279667422533,0.10417810761308965,0.08562281758741806
8056.0,0.02886,21.065433,-1.957699,22.748855,0.129092,0.07566,0.071337,0.004323,0.053432,0.057755,1.41974,0.0809050586716075,0.8033712061635905,2441.0,0,1.0451029178918807,1.8080301129235383,1.0096749811035535,-0.03864471219528809,0.08451185130944097
8057.0,0.02991,21.066089,-1.952842,22.749906,0.129102,0.076227,0.073122,0.0031049999999999,0.0528749999999999,0.0559799999999999,1.29244,0.0587222936682048,0.3089180738495209,2442.0,0,1.0129834878986645,1.298619824341292,0.9991496598639446,0.141303279230386,0.07108911904352479
8058.0,0.032404,21.074358,-1.952711,22.748199,0.129377,0.075403,0.071579,0.0038239999999999,0.0539739999999999,0.0577979999999999,1.28301,0.0708476146364056,0.5791910958159303,2443.0,0,1.0458810223931228,1.5993308239230697,1.0199168556311402,0.023643593698413068,0.07234684761213386
8059.0,0.028204,21.071733,-1.958355,22.751218,0.129148,0.074946,0.07213,0.0028159999999999,0.054202,0.057018,1.367877,0.0519528439385273,0.1580272528734978,2444.0,0,1.0317665686496278,1.1777498954412453,1.024225245653818,0.11452391424345765,0.06560097845773406
8060.0,0.032798,21.085647,-1.943786,22.751743,0.129295,0.076248,0.072482,0.0037659999999999,0.053047,0.0568129999999999,1.485747,0.0709923088523599,0.5824163253261094,2445.0,0,1.0280570006785785,1.575073191133441,1.0023998488284211,0.0780566390102122,0.06237954865081533
8061.0,0.027285,21.077377,-1.959799,22.748462,0.129487,0.076065,0.07182,0.0042449999999999,0.053422,0.0576669999999999,1.250006,0.0794601576100181,0.7711644070708161,2446.0,0,1.043510517982356,1.775407779171927,1.0094860166288746,-0.024566306286570527,0.05760531710434123
8062.0,0.026367,21.07554,-1.956386,22.74833,0.12934,0.075041,0.071825,0.0032159999999999,0.054299,0.057515,1.627191,0.0592265193370164,0.3201572481047978,2447.0,0,1.0407600090477276,1.3450439146800646,1.026058201058202,0.06753497765742156,0.07443080699321301
8063.0,0.029648,21.079215,-1.954811,22.748593,0.129239,0.075219,0.071657,0.0035619999999999,0.05402,0.0575819999999999,1.726202,0.0659373206715906,0.4697407982036519,2448.0,0,1.0419724044333851,1.489753241321643,1.0207860922146645,0.06005185527888468,0.06760158257462476
8064.0,0.032404,21.079609,-1.957042,22.74623,0.12878,0.075277,0.071762,0.0035149999999999,0.053503,0.057018,1.481032,0.0656960227272725,0.4643622746349845,2449.0,0,1.0317665686496278,1.470096194061082,1.0110166288737727,0.09771413825814712,0.0627287868750827
8065.0,0.037786,21.07869,-1.952711,22.74518,0.128808,0.075025,0.071332,0.0036929999999999,0.053783,0.057476,1.108562,0.0686635430611331,0.5305082092855122,2450.0,0,1.0400542863605529,1.5445420326223565,1.0163076341647779,0.05643579214834871,0.05802056273999454
8066.0,0.027285,21.074227,-1.955336,22.746361,0.128927,0.075498,0.072414,0.0030839999999999,0.053429,0.056513,1.396165,0.0577203818079728,0.2865854900837767,2451.0,0,1.0226283646233894,1.2898368883312543,1.0096182917611498,0.12961018669342972,0.047548637343851695
8067.0,0.027548,21.084334,-1.960586,22.746886,0.129111,0.07555,0.071909,0.003641,0.053561,0.057202,1.377306,0.0679772973376648,0.5152118137525838,2452.0,0,1.0350961320968117,1.5227938101213518,1.0121126228269093,0.07301103504450335,0.05206207364554129
8068.0,0.029385,21.07764,-1.958617,22.747674,0.12901,0.076285,0.071836,0.004449,0.052725,0.057174,1.377306,0.0843796229564163,0.8808191344893315,2453.0,0,1.0345894593983271,1.8607277289837665,0.9963151927437651,-0.025084363297007473,0.056533396102526834
8069.0,0.029517,21.076984,-1.962161,22.744786,0.128909,0.075739,0.071936,0.003803,0.0531699999999999,0.0569729999999999,1.650765,0.0715239510259352,0.5942666126078897,2454.0,0,1.0309522732413472,1.5905478879130734,1.0047241118669679,0.06744167289257608,0.05566490108395424
8070.0,0.033323,21.089716,-1.955467,22.744523,0.129157,0.076002,0.071673,0.0043289999999999,0.0531549999999999,0.0574839999999999,1.64605,0.0814395364587252,0.8152846991818008,2455.0,0,1.0401990499886895,1.810539523212079,1.0044406651549498,-0.026662614951216246,0.05944606210560731
8071.0,0.031748,21.079478,-1.96413,22.740979,0.129203,0.075062,0.071311,0.003751,0.054141,0.057892,1.367877,0.0692807801706624,0.5442664049901678,2456.0,0,1.0475819950237513,1.568799665412027,1.0230725623582775,0.020568056730325357,0.06184006087494789
8072.0,0.035686,21.08289,-1.95573,22.743998,0.129074,0.075272,0.072088,0.003184,0.0538019999999999,0.0569859999999999,1.344303,0.0591788561976099,0.3190948382306506,2457.0,0,1.031187514137072,1.331660393141001,1.0166666666666657,0.11224820222727705,0.06146038748121195
8073.0,0.02886,21.078559,-1.95468,22.740191,0.12855,0.075267,0.071395,0.003872,0.053283,0.057155,1.452743,0.0726672171758877,0.6197499790333982,2458.0,0,1.0342456457814984,1.61940610623177,1.00685941043084,0.05136690509315878,0.06748668767664814
8074.0,0.02676,21.072127,-1.955992,22.74518,0.128063,0.074831,0.071731,0.0030999999999999,0.053232,0.056332,1.466888,0.05823455375425,0.2980463665500683,2459.0,0,1.0193530875367574,1.296528649100807,1.0058956916099782,0.1355257484746778,0.07756489802636587
8075.0,0.029123,21.082365,-1.95468,22.751218,0.128449,0.075624,0.071846,0.003778,0.052825,0.056603,1.377306,0.0715178131980464,0.5941298006178275,2460.0,0,1.0242569554399465,1.5800920117106474,0.9982048374905526,0.08037577984175448,0.0791524419298156
8076.0,0.033848,21.063858,-1.954286,22.746099,0.128661,0.07554,0.07223,0.0033099999999999,0.053121,0.0564309999999999,1.523465,0.0623094010014681,0.3888745831758733,2461.0,0,1.0211445374349686,1.384358009201187,1.003798185941044,0.12581345275607037,0.09019252736432655
8077.0,0.028335,21.081315,-1.957174,22.745836,0.128633,0.075797,0.072513,0.003284,0.0528359999999999,0.05612,1.669624,0.0621534152203949,0.3853976650353135,2462.0,0,1.015516851391089,1.3734838979507056,0.9984126984126973,0.1332740369988652,0.10282961095167609
8078.0,0.028992,21.071077,-1.954286,22.747805,0.128183,0.074826,0.071148,0.003678,0.0533569999999999,0.0570349999999999,1.514036,0.0689306195884403,0.5364613366559887,2463.0,0,1.03207419135942,1.5382685069009425,1.0082577475434609,0.07569774020016995,0.09759012567975058
8079.0,0.029517,21.082365,-1.955336,22.748462,0.128771,0.075487,0.071862,0.003625,0.053284,0.056909,1.433884,0.0680304025523131,0.5163955273122327,2464.0,0,1.0297941642162416,1.5161020493517992,1.0068783068783078,0.08331711192707336,0.0993148844883753
8080.0,0.032536,21.070158,-1.955861,22.747149,0.128716,0.075519,0.071867,0.003652,0.0531969999999999,0.056849,1.396165,0.0686491973382458,0.5301884435747966,2465.0,0,1.0287084370052033,1.5273943956504192,1.0052343159486006,0.08373823939389313,0.09758118934174706
8081.0,0.030698,21.076196,-1.961374,22.749118,0.128615,0.074647,0.072009,0.002638,0.053968,0.056606,1.311299,0.0488799125423854,0.0895317089692311,2466.0,0,1.0243112418004985,1.1033040568800128,1.019803476946335,0.14693889260382076,0.08905408124179158
8082.0,0.031092,21.080659,-1.962949,22.758832,0.128964,0.074532,0.071421,0.003111,0.0544319999999999,0.057543,1.160425,0.0571528300846913,0.2739347800715785,2467.0,0,1.0412666817462122,1.3011292346299164,1.0285714285714276,0.0598533495080219,0.08796002220257632
8083.0,0.031092,21.07974,-1.961505,22.7524,0.128743,0.075844,0.072004,0.0038399999999999,0.052899,0.056739,1.28301,0.0725897920604914,0.6180241756530891,2468.0,0,1.0267179371183,1.6060225846926224,0.9996031746031755,0.06861449317940604,0.08689712093243487
8084.0,0.037917,21.080528,-1.95888,22.756469,0.128927,0.075209,0.072046,0.0031629999999999,0.053718,0.056881,1.669624,0.0588804705969954,0.3124438326035967,2469.0,0,1.029287491517757,1.322877457130921,1.015079365079366,0.11818879700839535,0.08943969388635616
8085.0,0.034767,21.082103,-1.959799,22.7566,0.128357,0.075503,0.071316,0.0041869999999999,0.052854,0.0570409999999999,1.353732,0.0792167250023648,0.7657383019237316,2470.0,0,1.032182764080524,1.751150146382298,0.998752834467121,-0.004895301157800236,0.10234642634659685
8086.0,0.034898,21.082759,-1.956386,22.754369,0.129028,0.075844,0.072335,0.0035089999999999,0.053184,0.056693,1.542325,0.0659772492244053,0.4706308043866043,2471.0,0,1.025885546256504,1.4675867837724994,1.0049886621315203,0.1148728623639177,0.09960539432728119
8087.0,0.032404,21.090766,-1.951136,22.757388,0.129001,0.075104,0.072198,0.002906,0.053897,0.056803,1.556469,0.0539166573898847,0.2018005927684654,2472.0,0,1.0278760461434073,1.2153910497700215,1.0184618291761158,0.12264502429745083,0.08750326974576841
8088.0,0.029517,21.082497,-1.963867,22.759489,0.128973,0.075277,0.07193,0.003347,0.053696,0.057043,1.561184,0.062331228932715,0.3893611270749457,2473.0,0,1.0322189549875604,1.3998327059808198,1.0146636432350726,0.10112346973938269,0.09176091607413488
8089.0,0.037129,21.077771,-1.96308,22.762508,0.128771,0.075519,0.07297,0.002549,0.0532519999999999,0.055801,1.193429,0.0478658479334499,0.0669282408181644,2474.0,0,1.009744401719069,1.0660811375993753,1.006273620559334,0.2123844365294803,0.08911103591093421
8090.0,0.035948,21.077509,-1.959667,22.766052,0.129193,0.074747,0.07161,0.003137,0.054446,0.057583,1.429169,0.0576156629382702,0.2842513097807853,2475.0,0,1.0419904998869043,1.3120033458804397,1.0288359788359798,0.056327919200736654,0.0891419384345653
8091.0,0.033454,21.086303,-1.965836,22.765133,0.129396,0.074353,0.071075,0.003278,0.055043,0.058321,1.688484,0.0595523581135092,0.3274201841563453,2476.0,0,1.0553449445826746,1.3709744876621233,1.0401171579743018,0.025917646788692794,0.10239924585253904
8092.0,0.038442,21.079478,-1.95993,22.769465,0.129037,0.074967,0.072056,0.002911,0.05407,0.056981,1.433884,0.0538366222189345,0.2000166113321781,2477.0,0,1.0310970368694874,1.2174822250105066,1.0217309145880584,0.10242981279168673,0.08891667365657338
8093.0,0.040017,21.090897,-1.959667,22.770909,0.129001,0.07523,0.071442,0.0037879999999999,0.053771,0.057559,1.438599,0.0704455850628579,0.5702298693009746,2478.0,0,1.041556209002489,1.584274362191576,1.0160808767951635,0.04211569154739925,0.0845314315728635
8094.0,0.037392,21.084991,-1.95363,22.771697,0.128872,0.075135,0.071988,0.0031469999999999,0.0537369999999999,0.0568839999999999,1.297155,0.0585619114965201,0.3053431603008869,2479.0,0,1.0293417778783072,1.316185696361368,1.0154383975812538,0.1184978222447064,0.08030437568236873
8095.0,0.038573,21.088141,-1.962161,22.770909,0.128707,0.075162,0.072025,0.003137,0.0535449999999999,0.0566819999999999,1.193429,0.0585851417472827,0.3058609618577381,2480.0,0,1.0256864962678118,1.3120033458804397,1.0118102796674215,0.12767777302193695,0.07227175533183161
8096.0,0.035423,21.085778,-1.962817,22.77406,0.128964,0.075324,0.071169,0.004155,0.0536399999999999,0.057795,1.514036,0.0774594060513414,0.7265677179286738,2481.0,0,1.0458267360325728,1.7377666248432344,1.0136054421768699,-0.01995285959573867,0.07986231258873222
8097.0,0.040673,21.082234,-1.95678,22.779442,0.128918,0.075041,0.071594,0.0034469999999999,0.053877,0.057324,1.438599,0.0639778759419427,0.4260648369778057,2482.0,0,1.0373037774259226,1.4416562107904825,1.0180839002267583,0.07879260346035177,0.08822678304306797
8098.0,0.036342,21.084334,-1.959011,22.778392,0.128743,0.074332,0.07118,0.003152,0.054411,0.057563,1.551754,0.0579283981474675,0.2912221677305835,2483.0,0,1.0416285908165583,1.3182768716018953,1.0281746031746042,0.05885291083443511,0.08091040009073347
8099.0,0.040936,21.08184,-1.961899,22.77616,0.128844,0.07534,0.07224,0.0031,0.0535039999999999,0.0566039999999999,1.565899,0.057938510419587,0.2914475699572028,2484.0,0,1.0242750508934622,1.2965286491008488,1.0110355253212386,0.13205823302410902,0.08859294415917648
8100.0,0.036211,21.08801,-1.960586,22.776423,0.129019,0.075314,0.072288,0.003026,0.0537049999999999,0.0567309999999999,1.433884,0.0563437977134771,0.2559014740329044,2485.0,0,1.0265731734901598,1.2655792555416672,1.0148337112622816,0.13223349176974275,0.08671570339063565
8101.0,0.039492,21.08289,-1.965574,22.771828,0.12912,0.075093,0.072062,0.0030309999999999,0.054027,0.057058,1.514036,0.0561005404605017,0.2504792775360607,2486.0,0,1.03249038679032,1.2676704307821107,1.0209183673469397,0.10956235133205039,0.0848175134219616
8102.0,0.042117,21.099036,-1.95783,22.779836,0.129001,0.07513,0.07129,0.0038399999999999,0.053871,0.057711,1.424454,0.0712800712800712,0.5888305407641894,2487.0,0,1.0443067179371193,1.6060225846926224,1.017970521541951,0.029265983268341733,0.09538810536684658
8103.0,0.043167,21.084728,-1.958486,22.779573,0.128725,0.075681,0.072182,0.003499,0.053044,0.056543,1.382021,0.0659628617211801,0.4703101073934759,2488.0,0,1.0231712282289085,1.463404433291571,1.0023431594860175,0.11894113223182934,0.08805738759488031
8104.0,0.043167,21.077377,-1.954549,22.777342,0.128881,0.075513,0.071972,0.003541,0.053368,0.056909,1.41974,0.0663493788528921,0.478925562069155,2489.0,0,1.0297941642162416,1.480970305311647,1.0084656084656094,0.09972541455929806,0.08746055623732236
8105.0,0.043036,21.090504,-1.955205,22.778917,0.129001,0.075104,0.071946,0.003158,0.053897,0.057055,1.683769,0.0585921555530818,0.3060172993677961,2490.0,0,1.032436100429768,1.3207862818904776,1.0184618291761158,0.10869587333519648,0.08001990686991847
8106.0,0.042642,21.07974,-1.957961,22.774979,0.12935,0.075629,0.072119,0.0035099999999999,0.0537209999999999,0.0572309999999999,1.504606,0.0653363612672648,0.4563454320346054,2491.0,0,1.0356209002488117,1.4680050188205966,1.0151360544217678,0.08575305985311132,0.06480127173337032
8107.0,0.044348,21.082365,-1.959799,22.779705,0.129469,0.075235,0.071421,0.0038139999999999,0.054234,0.058048,1.344303,0.070323591776528,0.5675106427961685,2492.0,0,1.0504048857724506,1.5951484734420993,1.02482993197279,0.005485425740688887,0.06443643638124022
8108.0,0.042642,21.075146,-1.957174,22.780492,0.129001,0.075681,0.071825,0.0038559999999999,0.05332,0.057176,1.325443,0.0723167232422497,0.6119374803066708,2493.0,0,1.0346256503053617,1.6127143454621753,1.0075585789871513,0.05288459725885564,0.06643156859617072
8109.0,0.048811,21.084072,-1.961242,22.776554,0.128945,0.074742,0.071369,0.003373,0.054203,0.057576,1.452743,0.0622278798612648,0.387057479531798,2494.0,0,1.0418638317122833,1.410706817231343,1.0242441421012858,0.057651739350070064,0.07027041567872745
8110.0,0.049992,21.099298,-1.961505,22.784562,0.129129,0.075519,0.071369,0.00415,0.0536099999999999,0.0577599999999999,1.334873,0.0774094868590401,0.7254550207066559,2495.0,0,1.0451933951594654,1.735675449602749,1.0130385487528335,-0.01995285959573867,0.062424530975767965
8111.0,0.043692,21.083415,-1.957042,22.782199,0.129019,0.074715,0.071999,0.002716,0.0543039999999999,0.05702,1.334873,0.0500138108829759,0.1148062672195078,2496.0,0,1.0318027595566623,1.1359263906315824,1.0261526832955394,0.10591399781074928,0.06464048773171194
8112.0,0.044873,21.087878,-1.954942,22.78443,0.128642,0.075235,0.071395,0.0038399999999999,0.053407,0.057247,1.490462,0.0718993409227081,0.6026340415677127,2497.0,0,1.0359104275050903,1.6060225846926224,1.0092025699168565,0.049217305417646795,0.06494135937130137
8113.0,0.043823,21.075277,-1.961636,22.774454,0.128716,0.07482,0.07224,0.0025799999999999,0.053896,0.056476,1.471602,0.047869083622465,0.0670003642242622,2498.0,0,1.021958832843249,1.0790464240903421,1.018442932728648,0.15732960305739663,0.06792010029445295
8114.0,0.044742,21.067795,-1.959274,22.777079,0.128743,0.075918,0.071899,0.0040189999999999,0.052825,0.0568439999999999,1.481032,0.0760799606254495,0.6958199228912221,2499.0,0,1.028617959737615,1.6808866583019941,0.9982048374905526,0.02126656752970324,0.07245141367067517
8115.0,0.048286,21.072521,-1.960717,22.779573,0.128964,0.07491,0.07213,0.00278,0.0540539999999999,0.0568339999999999,1.509321,0.0514290999907502,0.1463530167956599,2500.0,0,1.028437005202442,1.1626934337097934,1.0214285714285705,0.13085544089463608,0.07952781969517901
8116.0,0.049861,21.074096,-1.96098,22.777473,0.12889,0.075561,0.071962,0.003599,0.053329,0.056928,1.650765,0.0674854678417402,0.504248949800002,2501.0,0,1.0301379778330704,1.5052279381012759,1.0077286470143623,0.08876177624900572,0.09588707426215684
8117.0,0.048549,21.077509,-1.958224,22.776291,0.129442,0.075151,0.071584,0.003567,0.054291,0.057858,1.306584,0.0657002873351506,0.4644573326100885,2502.0,0,1.0469667496041628,1.49184441656217,1.025907029478459,0.03527283497220457,0.09022462645788684
8118.0,0.04028,21.073177,-1.965442,22.776685,0.128973,0.07482,0.071857,0.0029629999999999,0.054153,0.057116,1.334873,0.0547143331979169,0.219580761371982,2503.0,0,1.0335399230943234,1.2392304475115115,1.0232993197278921,0.0981977310210781,0.09151834668642977
8119.0,0.048286,21.073571,-1.954286,22.779836,0.128697,0.074857,0.071941,0.002916,0.05384,0.056756,1.320729,0.0541594695492283,0.2072128681422962,2504.0,0,1.0270255598280942,1.2195734002509921,1.0173847316704467,0.12841579959510852,0.08536170318014014
8120.0,0.048024,21.059788,-1.962686,22.778392,0.128973,0.075828,0.072807,0.003021,0.053145,0.056166,1.636621,0.0568434124863585,0.2670378715633161,2505.0,0,1.0163492422528848,1.2634880803011819,1.004251700680273,0.14363968607403943,0.08882710626181248
8121.0,0.045005,21.061101,-1.965049,22.778129,0.129221,0.074642,0.071516,0.003126,0.054579,0.057705,1.316014,0.0572737266397948,0.2766295604719366,2506.0,0,1.0441981452160154,1.307402760351372,1.0313492063492073,0.049289519768049295,0.08372892362253055
8122.0,0.044873,21.075671,-1.961242,22.774716,0.128964,0.075403,0.071684,0.003719,0.053561,0.05728,1.193429,0.0694335536387737,0.5476717207761197,2507.0,0,1.0365075774711612,1.5554161438729215,1.0121126228269093,0.06215450770307618,0.07994818963886414
8123.0,0.049336,21.066614,-1.962555,22.773929,0.129102,0.075156,0.071862,0.003294,0.0539459999999999,0.05724,1.52818,0.0610599291897604,0.3610238958994101,2508.0,0,1.035783759330469,1.3776662484316762,1.0193877551020398,0.09576316799450035,0.0859872931687415
8124.0,0.050124,21.075277,-1.96308,22.780624,0.129166,0.075629,0.07182,0.003809,0.053537,0.057346,1.41974,0.0711457282677725,0.5858360392570332,2509.0,0,1.0377018774033033,1.5930572982016558,1.0116591080876804,0.05592059834642649,0.07943294299053856
8125.0,0.048417,21.085647,-1.961242,22.775373,0.129129,0.075907,0.072225,0.003682,0.0532219999999999,0.0569039999999999,1.17457,0.069180617402251,0.5420337800412642,2510.0,0,1.0297036869486533,1.5399414470933308,1.0057067271352975,0.07987361450181696,0.06510223624397575
8126.0,0.050649,21.068845,-1.961374,22.782461,0.129295,0.074768,0.07161,0.003158,0.0545269999999999,0.057685,1.386736,0.0579151995305165,0.2909279709750128,2511.0,0,1.0438362361456692,1.3207862818904776,1.030366591080876,0.05095443641234154,0.05788856970521909
8127.0,0.050255,21.086172,-1.962817,22.778917,0.128936,0.074658,0.071773,0.0028849999999999,0.0542779999999999,0.0571629999999999,1.53761,0.0531513108200224,0.1847410418641411,2512.0,0,1.034390409409635,1.2066081137599416,1.0256613756613748,0.09566387027097811,0.057021743811569214
8128.0,0.050255,21.065958,-1.96413,22.779573,0.129331,0.075403,0.071631,0.0037719999999999,0.053928,0.0577,1.514036,0.0699438150160395,0.5590454307824808,2513.0,0,1.044107667948429,1.5775826014220231,1.0190476190476199,0.032654229239048704,0.06447171243924747
8129.0,0.050649,21.073702,-1.957567,22.776554,0.129552,0.075629,0.071594,0.0040349999999999,0.053923,0.0579579999999999,1.382021,0.0748275350493286,0.6679033962991481,2514.0,0,1.0487762949558914,1.6875784190715468,1.0189531368102804,-0.014891267870519642,0.05566288148042751
8130.0,0.049205,21.065695,-1.963605,22.773272,0.129129,0.075104,0.071647,0.003457,0.0540249999999999,0.0574819999999999,1.344303,0.0639877096212934,0.426284029380394,2515.0,0,1.040162859081655,1.445838561271495,1.020880574452002,0.07150302068647285,0.05753285879996195
8131.0,0.042511,21.080265,-1.963474,22.775898,0.129056,0.074579,0.071279,0.0033,0.054477,0.057777,1.466888,0.0605749109732371,0.3502128551498666,2516.0,0,1.0455010178692614,1.3801756587202585,1.0294217687074838,0.04062126083155071,0.0579665852827681
8132.0,0.049205,21.073833,-1.964392,22.773403,0.128743,0.075566,0.072498,0.0030679999999999,0.053177,0.0562449999999999,1.353732,0.0576930309526493,0.2859758403812222,2517.0,0,1.01777878308075,1.2831451275617014,1.004856386999245,0.13665419397985856,0.061629352364317366
8133.0,0.051174,21.075146,-1.956911,22.774585,0.129065,0.075765,0.071741,0.004024,0.0533,0.057324,1.466888,0.0754957693101442,0.6827983168976028,2518.0,0,1.0373037774259226,1.682977833542521,1.0071806500377938,0.007674858406300666,0.06486017144914388
8134.0,0.040017,21.066614,-1.962817,22.775373,0.128918,0.075545,0.071846,0.003699,0.053373,0.057072,1.495176,0.0693034061528086,0.544770737418617,2519.0,0,1.032743723139562,1.5470514429109805,1.0085600907029486,0.07462037154177115,0.0721333986291162
8135.0,0.052749,21.07449,-1.965574,22.775766,0.129258,0.075828,0.07224,0.003588,0.05343,0.057018,1.377306,0.0671520278490016,0.4968165828780666,2520.0,0,1.0317665686496278,1.5006273525722083,1.0096371882086177,0.08421087932987836,0.07821603916766821
8136.0,0.052486,21.07239,-1.964786,22.775373,0.128532,0.075382,0.071741,0.003641,0.05315,0.056791,1.382021,0.0685029444413088,0.5269284711146711,2521.0,0,1.0276589007011998,1.5227938101213518,1.0043461829176124,0.08758210722783422,0.0840401118011413
8137.0,0.047236,21.063989,-1.964392,22.770647,0.129028,0.075372,0.072282,0.0030899999999999,0.053656,0.056746,1.730917,0.0575880127476376,0.2836349879036317,2522.0,0,1.026844605292921,1.2923462986198366,1.0139077853363576,0.1279720611192432,0.0891388212939673
8138.0,0.053799,21.076852,-1.96308,22.777998,0.128909,0.074957,0.071899,0.0030579999999999,0.053952,0.0570099999999999,1.372591,0.0566789613181841,0.263372260211258,2523.0,0,1.0316218050214876,1.278962777080731,1.019501133786849,0.105386501038772,0.0776731139040743
8139.0,0.055374,21.070421,-1.961505,22.772091,0.129028,0.075109,0.071463,0.0036459999999999,0.053919,0.057565,1.183999,0.0676186943620177,0.5072185647352196,2524.0,0,1.041664781723593,1.5248849853617952,1.0188775510204091,0.045935137515000446,0.08632105924061946
8140.0,0.054718,21.077246,-1.962949,22.774322,0.128541,0.075813,0.072503,0.00331,0.0527279999999999,0.0560379999999999,1.188714,0.0627738056856759,0.3992261489402242,2525.0,0,1.0140330242026683,1.3843580092012289,0.9963718820861668,0.12974374702120373,0.08829054967949558
8141.0,0.053799,21.074883,-1.967149,22.775898,0.129129,0.076201,0.072529,0.003672,0.0529279999999999,0.0566,1.264151,0.0693759564699882,0.5463878817004211,2526.0,0,1.0242026690793946,1.5357590966123602,1.000151171579742,0.09160835575981074,0.08109892174846242
8142.0,0.048155,21.060839,-1.968461,22.777998,0.129065,0.074437,0.071012,0.0034249999999999,0.054628,0.058053,1.316014,0.0626956378480293,0.3974837903043802,2527.0,0,1.050495363040037,1.4324550397323474,1.0322751322751333,0.021997120080928467,0.07529572187419555
8143.0,0.054193,21.070683,-1.962161,22.779967,0.129148,0.074983,0.071983,0.0029999999999999,0.054165,0.057165,1.424454,0.0553852970498096,0.234536524469457,2528.0,0,1.0344266003166713,1.2547051442911021,1.0235260770975065,0.09415431177175226,0.07399265907083526
8144.0,0.04448,21.071471,-1.968461,22.774322,0.129056,0.075681,0.072114,0.003567,0.053375,0.056942,1.716772,0.0668277877697841,0.4895892817383642,2529.0,0,1.0303913141823127,1.49184441656217,1.0085978835978844,0.09431527593053235,0.06624310285950384
8145.0,0.050386,21.06727,-1.963605,22.775241,0.129276,0.075046,0.071274,0.0037719999999999,0.05423,0.058002,1.438599,0.0695543139532739,0.5503634643777253,2530.0,0,1.0495724949106546,1.5775826014220231,1.0247543461829185,0.012294600019546742,0.06492339768890623
8146.0,0.062068,21.059263,-1.955336,22.776423,0.1289,0.075025,0.071174,0.0038509999999999,0.0538749999999999,0.0577259999999999,1.330158,0.0714789516667902,0.5932635783117628,2531.0,0,1.044578149739877,1.61062317022169,1.0180461073318208,0.029550108485165483,0.04970818239225527
8147.0,0.059443,21.064514,-1.959405,22.772353,0.12934,0.075876,0.072487,0.003389,0.053464,0.056853,1.377306,0.0633872626952212,0.4129000863354557,2532.0,0,1.0287808188192726,1.4173985780008957,1.0102796674225254,0.11494143308564031,0.05171868640174587
8148.0,0.057736,21.076065,-1.96623,22.776817,0.129625,0.075109,0.071731,0.0033779999999999,0.0545159999999999,0.0578939999999999,1.490462,0.0619623236788523,0.3811382406010739,2533.0,0,1.047618185930784,1.4127979924717864,1.0301587301587292,0.02789093892545791,0.05841421515552471
8149.0,0.056293,21.075015,-1.969642,22.777473,0.129276,0.075288,0.071526,0.0037619999999999,0.053988,0.0577499999999999,1.377306,0.0696808609161123,0.5531841921882878,2534.0,0,1.0450124406242922,1.5734002509410527,1.0201814058956926,0.032738085809024375,0.05650044327533096
8150.0,0.050649,21.080265,-1.963999,22.776423,0.129267,0.075582,0.071416,0.004166,0.053685,0.057851,1.391451,0.0775993741385091,0.7296876021772549,2535.0,0,1.0468400814295418,1.7423672103723022,1.014455782312926,-0.02240840594530591,0.045293898677250345
8151.0,0.052749,21.06727,-1.967936,22.774322,0.129111,0.076049,0.072487,0.003562,0.053062,0.056624,1.650765,0.0671277538020845,0.4962755151378508,2536.0,0,1.02463695996381,1.489753241321685,1.0026832955404392,0.11171339585471673,0.04101488643599245
8152.0,0.056424,21.066877,-1.963999,22.776291,0.129129,0.07513,0.071857,0.0032729999999999,0.0539989999999999,0.0572719999999999,1.66491,0.060611111111111,0.3510197550813785,2537.0,0,1.036362813843021,1.3688833124215962,1.0203892668178374,0.08895240761871681,0.03503949086938207
8153.0,0.058261,21.067008,-1.957699,22.778392,0.129616,0.076406,0.072676,0.0037299999999999,0.05321,0.05694,1.382021,0.0700982879479806,0.5624886275635981,2538.0,0,1.030355123275278,1.5600167294019471,1.0054799697656849,0.07501659296981478,0.026558368091757833
8154.0,0.056555,21.069239,-1.962686,22.778261,0.129497,0.076091,0.071894,0.004197,0.0534059999999999,0.057603,1.429169,0.0785852041867172,0.7516617228601827,2539.0,0,1.0423524089572505,1.7553324968633106,1.0091836734693866,-0.017750170050273795,0.02548339824367497
8155.0,0.05498,21.072652,-1.962949,22.774191,0.12969,0.075671,0.071479,0.004192,0.054019,0.058211,1.28301,0.0776008885597926,0.7297213585799021,2540.0,0,1.0533544446957712,1.7532413216228253,1.0207671957671967,-0.030495522393032215,0.03035413882368774
8156.0,0.048549,21.068583,-1.966755,22.777736,0.129809,0.076164,0.071925,0.0042389999999999,0.053645,0.057884,1.344303,0.0790180069343472,0.7613088824548939,2541.0,0,1.0474372313956128,1.7728983688833446,1.013699924414211,-0.03020384718093827,0.03918505653011365
8157.0,0.050124,21.076852,-1.970955,22.780624,0.129552,0.074878,0.071516,0.003362,0.054674,0.058036,1.575328,0.0614906264288981,0.3706241237762315,2542.0,0,1.0501877403302429,1.4061062317022754,1.0331443688586555,0.030130205309397917,0.03519302728947293
8158.0,0.05183,21.057819,-1.95678,22.776291,0.129846,0.074889,0.07139,0.003499,0.0549569999999999,0.0584559999999999,1.650765,0.063666800101896,0.419130966314039,2543.0,0,1.0577878308075086,1.463404433291571,1.0384920634920625,0.01714124044462928,0.039927274055185494
8159.0,0.058393,21.070552,-1.967017,22.775635,0.129396,0.075387,0.072035,0.0033519999999999,0.054009,0.057361,1.504606,0.0620625810035177,0.3833729732058972,2544.0,0,1.037973309206063,1.401923881221263,1.020578231292518,0.08144549160915204,0.03144551751676784
8160.0,0.054849,21.070946,-1.957699,22.77301,0.129791,0.075135,0.072267,0.0028679999999999,0.0546559999999999,0.0575239999999999,1.429169,0.0524726933421152,0.1696146796841873,2545.0,0,1.0409228681293816,1.1994981179422919,1.0328042328042317,0.0659007711189532,0.04325665141819429
8161.0,0.055768,21.064908,-1.96308,22.770384,0.129644,0.075508,0.072235,0.003273,0.054136,0.057409,1.52818,0.0604577276169719,0.3476008418345073,2546.0,0,1.0388418909748935,1.368883312421638,1.022978080120938,0.07179310344830958,0.05222111588928009
8162.0,0.052224,21.075146,-1.957567,22.774454,0.128955,0.075865,0.072807,0.003058,0.0530899999999999,0.0561479999999999,1.424454,0.0575992164396979,0.283884717846308,2547.0,0,1.0160235240895716,1.2789627770807728,1.003212396069538,0.1362948752758424,0.06527960831719276
8163.0,0.052749,21.065695,-1.959405,22.774847,0.129377,0.07618,0.071993,0.0041869999999999,0.0531969999999999,0.0573839999999999,1.504606,0.0787059663897138,0.7543535085563149,2548.0,0,1.0383895046369591,1.751150146382298,1.0052343159486006,-0.00980097241436173,0.06334439175286224
8164.0,0.053274,21.06832,-1.961636,22.777867,0.129552,0.074652,0.07223,0.0024219999999999,0.0549,0.057322,1.150995,0.0441157720260103,0.0166608328867865,2549.0,0,1.037267586518888,1.0129652864910084,1.0374149659863954,0.10036116896399072,0.06709343799859643
8165.0,0.052224,21.069896,-1.975811,22.779311,0.129001,0.074458,0.071479,0.0029789999999999,0.054543,0.057522,1.169855,0.0546164564388382,0.217399091499008,2550.0,0,1.0408866772223488,1.2459222082810641,1.0306689342403637,0.059149122317825764,0.06580803569680518
8166.0,0.056949,21.06307,-1.968199,22.779836,0.129616,0.075671,0.072424,0.003247,0.053945,0.057192,1.117992,0.0601898194490786,0.3416291772215958,2551.0,0,1.0349151775616385,1.358009201171115,1.019368858654574,0.10038107709818844,0.06387518053171828
8167.0,0.047499,21.067664,-1.963999,22.776423,0.129598,0.075167,0.071474,0.003693,0.0544309999999999,0.0581239999999999,1.250006,0.0678461199294533,0.5122878734606906,2552.0,0,1.051780140239764,1.5445420326223982,1.0285525321239597,0.010778039666092809,0.06358621301363193
8168.0,0.053799,21.074358,-1.96413,22.773535,0.129212,0.074705,0.071621,0.0030839999999999,0.054507,0.0575909999999999,1.367877,0.0565788508108899,0.2611408001610078,2553.0,0,1.042135263515041,1.2898368883312543,1.0299886621315202,0.05463170290197117,0.0674601155412821
8169.0,0.056293,21.081053,-1.966492,22.776948,0.128826,0.074642,0.071316,0.0033259999999999,0.0541839999999999,0.0575099999999999,1.377306,0.0613823013749191,0.3682095617394543,2554.0,0,1.0406695317801393,1.3910497699707398,1.0238851095993944,0.06859146859123955,0.0823876534186455
8170.0,0.058655,21.073965,-1.959142,22.775241,0.129193,0.075393,0.071647,0.0037459999999999,0.0538,0.057546,1.330158,0.0696269586067173,0.5519827114118736,2555.0,0,1.0413209681067641,1.5667084901715,1.0166288737717317,0.04657221946808421,0.08331841772346125
8171.0,0.050517,21.054669,-1.967542,22.771041,0.129102,0.074899,0.071589,0.0033099999999999,0.054203,0.0575129999999999,1.198144,0.0610656040144637,0.3611503875630717,2556.0,0,1.0407238181406913,1.384358009201187,1.0242441421012858,0.068903428267446,0.07801328918407505
8172.0,0.057999,21.073965,-1.965442,22.78233,0.128651,0.075345,0.072555,0.00279,0.0533059999999999,0.0560959999999999,1.740347,0.0523383420563903,0.1666199937626207,2557.0,0,1.0150825605066718,1.166875784190764,1.007294028722599,0.17503390055234413,0.07549582167190225
8173.0,0.04973,21.073833,-1.97043,22.777473,0.128817,0.075818,0.072566,0.0032519999999999,0.0529989999999999,0.0562509999999999,1.240577,0.0613584905660375,0.3676788195604412,2558.0,0,1.0178873558018537,1.3601003764115582,1.0014928193499613,0.13947440635927222,0.08064137133504343
8174.0,0.048024,21.070946,-1.964261,22.777998,0.128771,0.074883,0.071715,0.003168,0.0538879999999999,0.0570559999999999,1.603617,0.0587875076546234,0.3103716915500401,2559.0,0,1.0324541958832834,1.324968632371448,1.018291761148903,0.10966881201214829,0.08274131496450063
8175.0,0.049336,21.070946,-1.95573,22.774716,0.129203,0.076191,0.072088,0.0041029999999999,0.053012,0.057115,1.29244,0.0773961103880179,0.7251568595894449,2560.0,0,1.0335218276408062,1.716018402342146,1.0017384731670453,0.0060978369239635954,0.07812919707788546
8176.0,0.058524,21.07449,-1.972792,22.777342,0.129212,0.075198,0.071815,0.0033829999999999,0.0540139999999999,0.0573969999999999,1.613047,0.0626307507173932,0.3960374582089458,2561.0,0,1.038624745532684,1.4148891677122715,1.0206727135298554,0.07520640197646045,0.08255337908990522
8177.0,0.057474,21.071996,-1.96833,22.777867,0.129552,0.075624,0.072046,0.0035779999999999,0.053928,0.057506,1.217003,0.0663464926106547,0.4788612278207096,2562.0,0,1.040597149966072,1.496445002091196,1.0190476190476199,0.06223353629750461,0.07731591043893753
8178.0,0.053536,21.071208,-1.965049,22.775635,0.128955,0.075954,0.072151,0.0038029999999999,0.0530009999999999,0.0568039999999999,1.424454,0.0717520093581371,0.5993500256400475,2563.0,0,1.027894141596923,1.5905478879130317,1.001530612244897,0.07563113919654318,0.06347678460944425
8179.0,0.052355,21.075277,-1.963474,22.773929,0.129175,0.074894,0.071243,0.003651,0.054281,0.057932,1.589473,0.067259865148668,0.4992202728866015,2564.0,0,1.0483058131644434,1.5269761606023222,1.0257180650037803,0.02247028972508791,0.05434813358792915
8180.0,0.059049,21.065564,-1.964786,22.77301,0.129175,0.075939,0.072335,0.003604,0.053236,0.05684,1.735632,0.0676972782087647,0.508970196200792,2565.0,0,1.0285455779235477,1.507319113341761,1.0059712773998497,0.09081403958828183,0.04985104513429419
8181.0,0.059968,21.067402,-1.963474,22.77511,0.129726,0.07491,0.071447,0.003463,0.054816,0.058279,1.622476,0.0631738329350385,0.4081427437122444,2566.0,0,1.0545849355349477,1.448347971560077,1.0358276643990938,0.016528741757769083,0.05854777208303723
8182.0,0.062199,21.063332,-1.967936,22.769465,0.129506,0.074689,0.071636,0.003053,0.054817,0.05787,1.231147,0.0556933853843628,0.2414038037299946,2567.0,0,1.0471838950463705,1.2768716018402877,1.0358465608465617,0.03664264225741143,0.05307669341527704
8183.0,0.054849,21.065301,-1.966492,22.769334,0.129166,0.0746,0.071463,0.003137,0.054566,0.057703,1.099133,0.0574889585280481,0.2814270724730043,2568.0,0,1.0441619543089808,1.3120033458804397,1.031103552532125,0.04818789614412111,0.0549193126586912
8184.0,0.056818,21.071864,-1.959799,22.772616,0.129221,0.07513,0.071699,0.003431,0.054091,0.057522,1.240577,0.0634289728610516,0.413829804616338,2569.0,0,1.0408866772223488,1.4349644500209717,1.0221277399848838,0.06469792747579872,0.05880264311502688
8185.0,0.056949,21.08184,-1.971611,22.765527,0.129175,0.074547,0.071789,0.0027579999999999,0.054628,0.057386,1.495176,0.0504860056014204,0.1253314726013075,2570.0,0,1.0384256955439954,1.1534922626516164,1.0322751322751333,0.09306510641139398,0.06227903876516806
8186.0,0.059049,21.067795,-1.964786,22.766577,0.129001,0.076359,0.072319,0.00404,0.052642,0.056682,1.278295,0.0767433466937674,0.710606777431809,2571.0,0,1.0256864962678136,1.689669594312074,0.9947467876039313,0.02049561529885857,0.06356178141569235
8187.0,0.057474,21.070289,-1.971611,22.770384,0.129203,0.075109,0.071862,0.003247,0.054094,0.057341,1.547039,0.0600240317959145,0.3379337756612661,2572.0,0,1.0376114001357168,1.358009201171115,1.0221844293272875,0.08065972873164617,0.06774267979107393
8188.0,0.061543,21.06307,-1.969774,22.767627,0.128798,0.074547,0.07193,0.002617,0.0542509999999999,0.056868,1.490462,0.0482378529823786,0.0752202216262938,2573.0,0,1.029052250622032,1.0945211208699746,1.0251511715797421,0.11446444375989995,0.07641518805108291
8189.0,0.058786,21.056638,-1.964261,22.765265,0.129442,0.075372,0.071867,0.0035049999999999,0.05407,0.057575,1.344303,0.0648221782471194,0.444884308732141,2574.0,0,1.0418457362587659,1.4659138435801116,1.0217309145880584,0.05723424622649975,0.07580012489161193
8190.0,0.064693,21.061889,-1.971874,22.763558,0.128762,0.075057,0.071736,0.003321,0.0537049999999999,0.0570259999999999,1.603617,0.0618366662942688,0.3783373414617581,2575.0,0,1.0319113322777644,1.3889585947302965,1.0148337112622816,0.10364146609352476,0.07741588172259355
8191.0,0.063249,21.062282,-1.973317,22.766315,0.129166,0.074763,0.071547,0.0032159999999999,0.054403,0.057619,1.40088,0.0591133004926107,0.3176336036337499,2576.0,0,1.0426419362135273,1.3450439146800646,1.028023431594861,0.05833772551158489,0.07630823682624702
8192.0,0.061937,21.074358,-1.969905,22.768415,0.128973,0.075734,0.072324,0.0034099999999999,0.053239,0.056649,1.325443,0.0640495867768594,0.4276632692264444,2577.0,0,1.0250893463017425,1.426181514010892,1.0060279667422534,0.12336772485750125,0.07666524033703306
8193.0,0.058393,21.067664,-1.96623,22.767496,0.128909,0.073765,0.070907,0.0028579999999999,0.055144,0.058002,1.40088,0.0518270015413908,0.1552222298102095,2578.0,0,1.0495724949106546,1.1953157674613215,1.0420256991685573,0.04203726454941126,0.0818334933209932
8194.0,0.061805,21.055326,-1.962292,22.766446,0.128982,0.076353,0.072634,0.003719,0.052629,0.056348,1.349017,0.0706631198935967,0.5750787138174138,2579.0,0,1.0196426147930342,1.5554161438729215,0.994501133786849,0.0808554957856149,0.08245593213547044
8195.0,0.059968,21.063989,-1.965705,22.768021,0.129056,0.075156,0.071768,0.003388,0.0539,0.057288,1.448028,0.0628559766980204,0.4010577382138303,2580.0,0,1.0366523410992996,1.4169803429527985,1.0185185185185195,0.0819886574479286,0.0854193391778846
8196.0,0.057211,21.071733,-1.969117,22.767234,0.128817,0.074269,0.070833,0.003436,0.0545479999999999,0.0579839999999999,1.377306,0.0629892390327963,0.404028151453087,2581.0,0,1.0492467767473412,1.4370556252614568,1.0307634164777013,0.024065650406719152,0.07963816796021117
8197.0,0.059968,21.052963,-1.969642,22.763427,0.128743,0.075897,0.072828,0.003069,0.0528459999999999,0.0559149999999999,1.391451,0.058073305958711,0.294452158273023,2582.0,0,1.0118072834200398,1.2835633626098404,0.9986016628873762,0.13234225857124748,0.07577198543722895
8198.0,0.064562,21.06832,-1.969905,22.76172,0.128991,0.075293,0.072161,0.0031319999999999,0.0536979999999999,0.0568299999999999,1.41974,0.058325108475018,0.3000648284200258,2583.0,0,1.0283646233883728,1.3099121706399126,1.0147014361300066,0.12068883190467228,0.07815721661189243
8199.0,0.064955,21.060445,-1.96728,22.762639,0.12912,0.076149,0.072414,0.0037349999999999,0.052971,0.056706,1.325443,0.0705089481235367,0.5716422299251256,2584.0,0,1.0261207871522289,1.5621079046424324,1.0009637188208624,0.08686831665064154,0.08209690990694157
8200.0,0.068368,21.077115,-1.960586,22.768809,0.129129,0.074694,0.071411,0.0032829999999999,0.054435,0.0577179999999999,1.084988,0.0603093541039017,0.3442936009076538,2585.0,0,1.0444333861117385,1.3730656629025668,1.028628117913833,0.04582975391679034,0.08700340019267719
8201.0,0.064168,21.059263,-1.966492,22.764214,0.129258,0.074957,0.071311,0.0036459999999999,0.054301,0.057947,1.495176,0.0671430149902396,0.4966156865405147,2586.0,0,1.0485772449672028,1.5248849853617952,1.0260959939531378,0.019675900281762693,0.08505082330180891
8202.0,0.062593,21.071864,-1.967805,22.771434,0.129111,0.075718,0.072781,0.0029369999999999,0.053393,0.05633,1.363162,0.0550061804697155,0.2260860278559406,2587.0,0,1.0193168966297226,1.2283563362609882,1.0089380196523063,0.14722003660413596,0.09580857852386439
8203.0,0.057868,21.062545,-1.964655,22.773403,0.128909,0.076317,0.072608,0.0037089999999999,0.052592,0.0563009999999999,1.556469,0.070522693134067,0.5719486057763503,2588.0,0,1.018792128477719,1.5512337933919091,0.9938019652305375,0.08143419749990277,0.08210516595536609
8204.0,0.060361,21.068058,-1.968199,22.772616,0.129478,0.076012,0.072765,0.003247,0.053466,0.056713,1.490462,0.0607290478238913,0.3536485606897002,2589.0,0,1.0262474553268501,1.358009201171115,1.0103174603174612,0.1299203986429711,0.08330184978121859
8205.0,0.063774,21.073571,-1.968855,22.773929,0.12935,0.07523,0.071852,0.003378,0.0541199999999999,0.0574979999999999,1.363162,0.0624156981578316,0.3912439434387587,2590.0,0,1.0404523863379318,1.4127979924718281,1.0226757369614503,0.06246288853924575,0.08402127538251145
8206.0,0.062724,21.061232,-1.97148,22.769728,0.129074,0.075214,0.072324,0.00289,0.0538599999999999,0.0567499999999999,1.320729,0.0536566346707265,0.1960046945591647,2591.0,0,1.0269169871069885,1.2086992890004689,1.0177626606198025,0.13164320262727391,0.0841945592990798
8207.0,0.063774,21.067139,-1.964655,22.771566,0.129267,0.075246,0.071279,0.0039669999999999,0.054021,0.057988,1.372591,0.073433045796157,0.6368202748260943,2592.0,0,1.0493191585614123,1.6591384358009478,1.0208049886621324,-0.004691867113735482,0.09703079575327148
8208.0,0.062987,21.065958,-1.962949,22.775241,0.128661,0.075177,0.07214,0.0030369999999999,0.053484,0.056521,1.608332,0.0567822754043189,0.2656751279328273,2593.0,0,1.0227731282515278,1.270179841070693,1.010657596371883,0.13265567016319724,0.09945277010608969
8209.0,0.063643,21.063858,-1.954155,22.77511,0.128909,0.076017,0.072377,0.00364,0.0528919999999999,0.056532,1.547039,0.0688181800994461,0.533955063992483,2594.0,0,1.0229721782402181,1.5223755750732546,0.9994708994708984,0.09406257266357021,0.10827934162401272
8210.0,0.063249,21.073046,-1.970561,22.774454,0.128927,0.074563,0.071201,0.003362,0.054364,0.057726,1.334873,0.0618412581624207,0.3784396940580419,2595.0,0,1.0445781497398787,1.4061062317022754,1.027286470143614,0.0475625930824739,0.10661905160068863
8211.0,0.066005,21.062282,-1.963342,22.77301,0.129193,0.075057,0.072639,0.002418,0.054136,0.056554,1.523465,0.0446644623824741,0.0044305421460949,2596.0,0,1.0233702782175988,1.011292346298662,1.022978080120938,0.14803826482367943,0.11290212912504549
8212.0,0.060755,21.076852,-1.964917,22.775766,0.128909,0.075309,0.072587,0.002722,0.0535999999999999,0.056322,1.301869,0.0507826346523386,0.1319433247910302,2597.0,0,1.0191721330015842,1.1384358009201647,1.0128495842781546,0.17143978013231803,0.10993404806664855
8213.0,0.061937,21.071602,-1.96833,22.778129,0.128918,0.074873,0.072597,0.002276,0.054045,0.056321,1.424454,0.0421122747289346,0.0613187244512469,2598.0,0,1.019154037548067,0.9519029694688812,1.0212585034013615,0.1696999126791331,0.1201422018464147
8214.0,0.065349,21.066877,-1.978567,22.778392,0.12878,0.075083,0.071841,0.0032419999999999,0.053697,0.056939,1.132136,0.060374688070319,0.3457498929585596,2599.0,0,1.0303370278217607,1.3559180259305879,1.0146825396825405,0.11331749840973016,0.11054484476240836
8215.0,0.065874,21.08184,-1.963736,22.781149,0.128945,0.075718,0.072398,0.0033199999999999,0.053227,0.056547,1.339588,0.0623731870444125,0.3902963720613841,2600.0,0,1.0232436100429776,1.3885403596821575,1.0058012093726387,0.12529366378281437,0.11259849826480503
8216.0,0.072043,21.069896,-1.974498,22.783643,0.128661,0.07512,0.071657,0.003463,0.0535409999999999,0.057004,1.433884,0.0646781965559749,0.4416749613775004,2601.0,0,1.0315132323003855,1.448347971560077,1.01173469387755,0.1019623920433046,0.11098782317946457
8217.0,0.062987,21.064908,-1.969642,22.780098,0.128982,0.075372,0.071909,0.0034629999999999,0.05361,0.057073,1.650765,0.0645949525283988,0.439819454628225,2602.0,0,1.0327618185930794,1.4483479715600354,1.0130385487528353,0.09738967068392601,0.11070955632155384
8218.0,0.06023,21.064251,-1.97253,22.784824,0.129249,0.074747,0.071395,0.0033519999999999,0.054502,0.057854,1.547039,0.0615012017687098,0.370859847767105,2603.0,0,1.0468943677900937,1.401923881221263,1.0298941798941808,0.0366820993231336,0.10558245982315637
8219.0,0.070337,21.069239,-1.967149,22.781674,0.129221,0.075676,0.072366,0.0033099999999999,0.053545,0.056855,1.471602,0.0618160086654464,0.377876883566816,2604.0,0,1.0288170097263072,1.384358009201187,1.0118102796674235,0.11459910768753734,0.09689657919236747
8220.0,0.069418,21.067795,-1.96833,22.783774,0.12934,0.075088,0.071479,0.003609,0.054252,0.057861,1.188714,0.0665216670045896,0.4827658595367761,2605.0,0,1.0470210359647147,1.5094102885822462,1.0251700680272118,0.031455842229069164,0.09100168407753917
8221.0,0.062855,21.077115,-1.973055,22.781805,0.128854,0.074988,0.072246,0.0027419999999999,0.053866,0.0566079999999999,1.438599,0.0509031503517922,0.1346296159309643,2606.0,0,1.0243474327075313,1.1468005018820637,1.0178760393046116,0.14525559624457207,0.08939619789318984
8222.0,0.06653,21.072652,-1.966492,22.786662,0.12912,0.075881,0.072435,0.003446,0.053239,0.056685,1.466888,0.064725770097671,0.442735374121507,2607.0,0,1.0257407826283655,1.4412379757424274,1.0060279667422534,0.12016881514834332,0.08199741649714001
8223.0,0.064824,21.065564,-1.97358,22.784824,0.129046,0.07491,0.071752,0.003158,0.0541359999999999,0.057294,1.372591,0.0583334872637938,0.3002515913575834,2608.0,0,1.0367609138204035,1.3207862818904776,1.0229780801209363,0.08284110637124409,0.07726688013305341
8224.0,0.069549,21.073833,-1.969511,22.788369,0.129037,0.074285,0.071369,0.002916,0.054752,0.057668,1.358447,0.0532573557613281,0.1871047802613439,2609.0,0,1.0435286134358752,1.2195734002509921,1.03461829176115,0.05436854726144713,0.0878064626806977
8225.0,0.06443,21.070683,-1.971611,22.779311,0.129295,0.075393,0.072324,0.003069,0.0539019999999999,0.0569709999999999,1.316014,0.056935606552511,0.2690928743901906,2610.0,0,1.0309160823343126,1.2835633626098404,1.0185563114134533,0.109238801939321,0.08762770185281805
8226.0,0.069156,21.079478,-1.965574,22.781674,0.128854,0.075298,0.071384,0.003914,0.0535559999999999,0.0574699999999999,1.424454,0.0730810164871072,0.6289735526298592,2611.0,0,1.0399457136394472,1.636971978251846,1.0120181405895683,0.027974578082806345,0.08982996275552387
8227.0,0.069549,21.07239,-1.968986,22.781411,0.128651,0.075429,0.071542,0.003887,0.0532219999999999,0.0571089999999999,1.386736,0.0730323356443643,0.6278884581804423,2612.0,0,1.0334132549197006,1.6256796319532254,1.0057067271352975,0.050084307043060106,0.0843638348575129
8228.0,0.070337,21.064776,-1.963342,22.784562,0.128973,0.075067,0.072309,0.0027579999999999,0.053906,0.056664,1.631906,0.0511621867289961,0.1404035286092126,2613.0,0,1.0253607781045022,1.1534922626516164,1.0186318972033268,0.14207792479957637,0.07904588762466051
8229.0,0.072568,21.084859,-1.96623,22.788631,0.128771,0.075645,0.072119,0.003526,0.0531259999999999,0.0566519999999999,1.433884,0.0663692660982175,0.4793688481402425,2614.0,0,1.0251436326622927,1.4746967795901913,1.0038926681783815,0.11281149940874091,0.07948575556026698
8230.0,0.064824,21.081315,-1.975286,22.784168,0.129092,0.073991,0.071216,0.0027749999999999,0.055101,0.057876,1.235862,0.0503611484156654,0.1225484098686418,2615.0,0,1.0472924677674742,1.1606022584692663,1.0412131519274386,0.05347845125612727,0.07822095582245758
8231.0,0.066005,21.081053,-1.966624,22.787581,0.128955,0.074847,0.071778,0.003069,0.0541079999999999,0.0571769999999999,1.075559,0.0567188452937589,0.2642612727689377,2616.0,0,1.0346437457588773,1.2835633626098404,1.0224489795918357,0.09059431726446243,0.0922816172677661
8232.0,0.067712,21.088403,-1.963605,22.785612,0.128955,0.074453,0.071505,0.002948,0.0545019999999999,0.0574499999999999,1.452743,0.0540887657560135,0.205636882821433,2617.0,0,1.039583804569101,1.2329569217900975,1.029894179894179,0.0669893428198195,0.09514919333115639
8233.0,0.06758,21.072652,-1.985786,22.785349,0.128918,0.07576,0.072119,0.0036409999999999,0.053158,0.056799,1.405595,0.068492635301642,0.5266986807166345,2618.0,0,1.0278036643293382,1.5227938101213099,1.0044973544973552,0.08723978572730873,0.09858829492649339
8234.0,0.069681,21.074752,-1.967017,22.787056,0.128964,0.074217,0.071127,0.00309,0.0547469999999999,0.057837,1.240577,0.0564404179148098,0.2580551352733524,2619.0,0,1.0465867450802995,1.2923462986198782,1.0345238095238085,0.041720549883353164,0.09101381272260078
8235.0,0.070731,21.066877,-1.974105,22.782986,0.12821,0.075162,0.072944,0.002218,0.0530479999999999,0.0552659999999999,1.325443,0.0418104017040851,0.0680474646545105,2620.0,0,1.0000633340873095,0.9276453366792524,1.002418745275887,0.2498454163924061,0.08732319863047273
8236.0,0.072831,21.072652,-1.975023,22.787318,0.128734,0.074385,0.071096,0.003289,0.0543489999999999,0.0576379999999999,1.490462,0.0605151793928243,0.3488814401063114,2621.0,0,1.0429857498303543,1.3755750731911909,1.0270030234315939,0.056650338716709325,0.09645337480801179
8237.0,0.070731,21.071602,-1.965967,22.782986,0.12833,0.075524,0.07182,0.0037039999999999,0.052806,0.05651,1.372591,0.0701422159940916,0.5634677823259873,2622.0,0,1.0225740782628374,1.549142618151424,0.997845804988663,0.08447532299643012,0.10003728106784888
8238.0,0.070993,21.070027,-1.96728,22.790206,0.1289,0.075088,0.071484,0.0036039999999999,0.0538119999999999,0.0574159999999999,1.240577,0.0669726645977737,0.4928185816650492,2623.0,0,1.0389685591495128,1.507319113341719,1.0168556311413444,0.0663331027606503,0.10617073925702944
8239.0,0.073881,21.072521,-1.96833,22.790469,0.128863,0.074894,0.071447,0.003447,0.053969,0.057416,1.712058,0.0638688160088939,0.4236338945097373,2624.0,0,1.0389685591495146,1.4416562107905244,1.019822373393803,0.07590535848746038,0.10874770075604201
8240.0,0.067187,21.069896,-1.97043,22.787187,0.128413,0.075109,0.072119,0.0029899999999999,0.053304,0.056294,1.763921,0.0560922990338616,0.2502955763961731,2625.0,0,1.0186654603030998,1.2505227938101315,1.0072562358276653,0.14478021303151778,0.11417773684978083
8241.0,0.073749,21.077246,-1.968592,22.78955,0.128541,0.075681,0.072251,0.00343,0.0528599999999999,0.0562899999999999,1.353732,0.0648871568831464,0.4463326804798522,2626.0,0,1.0185930784890287,1.4345462149728745,0.9988662131519265,0.12643337986283343,0.10020648721333872
8242.0,0.072699,21.078821,-1.973055,22.793226,0.128817,0.075382,0.072167,0.003215,0.0534349999999999,0.0566499999999999,1.320729,0.0601654315442774,0.3410855715927348,2627.0,0,1.0251074417552581,1.3446256796320093,1.0097316704459551,0.12832392471162501,0.10716686802333689
8243.0,0.072174,21.076327,-1.972661,22.792438,0.128697,0.074652,0.071794,0.0028579999999999,0.054045,0.056903,1.17457,0.0528808792510083,0.178713130719831,2628.0,0,1.0296855914951377,1.1953157674613215,1.0212585034013615,0.11300940071743448,0.1107579523424003
8244.0,0.079787,21.080659,-1.968592,22.7906,0.128688,0.074532,0.071516,0.003016,0.0541559999999999,0.057172,1.367877,0.0556899385121037,0.2413269730560507,2629.0,0,1.0345532684912926,1.2613969050606968,1.0233560090702938,0.09602091082074138,0.11093685627386023
8245.0,0.076112,21.071339,-1.971217,22.788106,0.128431,0.07449,0.071379,0.003111,0.0539409999999999,0.0570519999999999,1.235862,0.0576730562455971,0.2855306047910022,2630.0,0,1.0323818140692143,1.3011292346299164,1.0192932728647004,0.11013292002798492,0.1169329538559093
8246.0,0.072568,21.06622,-1.975811,22.790469,0.128532,0.075445,0.072062,0.0033829999999999,0.053087,0.05647,1.415025,0.0637243821579263,0.4204144685269022,2631.0,0,1.0218502601221453,1.4148891677122715,1.0031557067271362,0.1262541468166909,0.10807131221849217
8247.0,0.070337,21.067008,-1.968724,22.793226,0.128688,0.075571,0.072146,0.0034249999999999,0.053117,0.0565419999999999,1.363162,0.0644790843028728,0.4372367555355623,2632.0,0,1.0231531327753893,1.4324550397323474,1.0037226001511723,0.12038616618706421,0.1055528443703426
8248.0,0.076506,21.072127,-1.977255,22.797558,0.12855,0.075314,0.071558,0.003756,0.0532359999999999,0.056992,1.613047,0.0705524353363264,0.5726115585266855,2633.0,0,1.0312960868581778,1.5708908406525122,1.005971277399848,0.06812214207524991,0.10182887961728952
8249.0,0.069024,21.076327,-1.977123,22.797033,0.128275,0.075141,0.072088,0.003053,0.053134,0.056187,1.41031,0.0574574197798061,0.2807240747693771,2634.0,0,1.0167292467767484,1.2768716018402877,1.0040438397581264,0.13586633430795092,0.10293883310533822
8250.0,0.075718,21.079346,-1.97883,22.803203,0.128725,0.074915,0.071232,0.0036829999999999,0.05381,0.057493,1.561184,0.0684432550965414,0.5255979975023204,2635.0,0,1.040361909070347,1.5403596821413859,1.0168178382464106,0.05616379665734661,0.10057250548203031
8251.0,0.077293,21.075934,-1.976598,22.795064,0.128661,0.074931,0.071573,0.003358,0.05373,0.057088,1.433884,0.0624965103943719,0.3930452456425433,2636.0,0,1.033033250395839,1.4044332915098872,1.0153061224489806,0.10124870138133768,0.09740623465842257
8252.0,0.069549,21.067795,-1.97043,22.798739,0.128596,0.07439,0.071447,0.002943,0.0542059999999999,0.0571489999999999,1.297155,0.0542918811223643,0.2101643179314309,2637.0,0,1.0341370730603927,1.2308657465496122,1.0243008314436877,0.09108427718109424,0.09473565959141228
8253.0,0.072831,21.07869,-1.97673,22.799002,0.128266,0.073817,0.071384,0.0024329999999999,0.054449,0.0568819999999999,1.386736,0.0446831955922863,0.0040129794901992,2638.0,0,1.0293055869712726,1.017565872020076,1.0288926681783834,0.12410893559792158,0.09556025294019796
8254.0,0.074668,21.07239,-1.968724,22.801496,0.128449,0.074973,0.071269,0.0037039999999999,0.053476,0.05718,1.334873,0.0692634216579089,0.5438794842883559,2639.0,0,1.034698032119431,1.549142618151424,1.01050642479214,0.0723576345876622,0.10024547986931456
8255.0,0.074274,21.069633,-1.976467,22.803071,0.128109,0.074647,0.070985,0.0036619999999999,0.0534619999999999,0.0571239999999999,1.29244,0.0684959691749434,0.5267729926473756,2640.0,0,1.03368468672246,1.531576746131348,1.0102418745275878,0.0784702117919075,0.10061005606286388
8256.0,0.081887,21.074752,-1.975942,22.802284,0.12844,0.074731,0.071311,0.00342,0.0537089999999999,0.057129,1.476317,0.0636752932414821,0.4193202781275524,2641.0,0,1.0337751639900483,1.4303638644919041,1.0149092970521532,0.09954839614658795,0.10542085899764679
8257.0,0.081887,21.077246,-1.962555,22.801365,0.128367,0.075351,0.071972,0.003379,0.053016,0.056395,1.28301,0.0637342739121415,0.4206349554163857,2642.0,0,1.0204931011083473,1.4132162275199251,1.001814058956917,0.12863209967492117,0.10333436962799918
8258.0,0.079918,21.082759,-1.981455,22.807141,0.128743,0.074962,0.071757,0.0032049999999999,0.0537809999999999,0.0569859999999999,1.334873,0.0595924286936149,0.3283133561231348,2643.0,0,1.031187514137072,1.3404433291509972,1.0162698412698403,0.11497441136641562,0.1073138522818784
8259.0,0.081887,21.073177,-1.97883,22.805434,0.128716,0.075645,0.072534,0.003111,0.0530709999999999,0.0561819999999999,1.372591,0.0586184805547181,0.3066040828240171,2644.0,0,1.0166387695091599,1.3011292346299164,1.0028533635676484,0.13951209624344418,0.10737332705906073
8260.0,0.0811,21.080003,-1.968067,22.806353,0.128339,0.075692,0.072125,0.003567,0.052647,0.056214,1.334873,0.0677518614192372,0.5101868542407484,2645.0,0,1.0172178240217156,1.49184441656217,0.9948412698412707,0.10427182600517582,0.10835286553266836
8261.0,0.0811,21.092079,-1.970955,22.811079,0.12878,0.075298,0.071673,0.003625,0.053482,0.057107,1.608332,0.0677785464540134,0.5107816628243049,2646.0,0,1.0333770640126676,1.5161020493517992,1.0106198034769474,0.08038380768486164,0.11266347180136045
8262.0,0.077818,21.067927,-1.977517,22.81121,0.128743,0.075324,0.072272,0.0030519999999999,0.0534189999999999,0.0564709999999999,1.320729,0.0571321602396106,0.2734740498766261,2647.0,0,1.0218683555756607,1.2764533667921485,1.0094293272864692,0.1308791037198863,0.11477282259506408
8263.0,0.076243,21.077902,-1.97778,22.811473,0.128918,0.075624,0.072435,0.0031889999999999,0.053294,0.056483,1.429169,0.0598367576695749,0.3337594412915063,2648.0,0,1.0220855010178702,1.3337515683814443,1.0070672713529865,0.12470368336974491,0.11594082684271685
8264.0,0.08215,21.079871,-1.981717,22.80911,0.128881,0.076002,0.072225,0.003777,0.0528789999999999,0.056656,1.429169,0.0714258698940999,0.5920803872726152,2649.0,0,1.0252160144763638,1.5796737766625504,0.9992252456538161,0.08215301932373853,0.11533780362405947
8265.0,0.080706,21.078953,-1.974105,22.808716,0.128835,0.076138,0.072734,0.003404,0.052697,0.056101,1.29244,0.0645944817640138,0.4398089613049309,2650.0,0,1.01517303777426,1.4236721037223514,0.9957860922146645,0.12157627447882846,0.10277668109414591
8266.0,0.082543,21.075934,-1.979223,22.807797,0.128973,0.076322,0.072881,0.0034409999999999,0.052651,0.056092,1.792209,0.0653536427865987,0.4567306365555263,2651.0,0,1.0150101786926045,1.4391468005019004,0.9949168556311423,0.12064190408362407,0.10115861479062653
8267.0,0.072306,21.078428,-1.972399,22.810554,0.129166,0.074763,0.072561,0.0022019999999999,0.054403,0.056605,1.65548,0.0404749650760972,0.0978143049746533,2652.0,0,1.0242931463469813,0.9209535759096578,1.028023431594861,0.14031214215144894,0.1027796612822065
8268.0,0.079262,21.086697,-1.973317,22.812392,0.129001,0.075088,0.07193,0.003158,0.053913,0.057071,1.53761,0.058574767221872,0.3056297140135304,2653.0,0,1.0327256276860448,1.3207862818904776,1.0187641723356018,0.108944179179842,0.09689063703911845
8269.0,0.085037,21.060313,-1.984736,22.811735,0.129221,0.075671,0.071699,0.003972,0.05355,0.057522,1.433884,0.0741722843644377,0.653297879198572,2654.0,0,1.0408866772223488,1.6612296110414746,1.0119047619047628,0.013900870944308363,0.09862231832789196
8270.0,0.077162,21.075934,-1.979092,22.812785,0.128863,0.075251,0.071673,0.0035779999999999,0.053612,0.05719,1.367877,0.0667375449984145,0.4875777732106587,2655.0,0,1.034878986654604,1.496445002091196,1.013076341647771,0.0880911629699821,0.09908553416957193
8271.0,0.082937,21.077509,-1.977648,22.816855,0.129046,0.074784,0.07193,0.002854,0.0542619999999999,0.057116,1.415025,0.0525956913550671,0.1723563015137081,2656.0,0,1.0335399230943234,1.193642827268975,1.0253590325018886,0.09659427260066134,0.09973913375495458
8272.0,0.077556,21.084728,-1.978698,22.810948,0.128762,0.074841,0.071348,0.003493,0.0539209999999999,0.0574139999999999,1.542325,0.0647787544972369,0.4439163947167821,2657.0,0,1.0389323682424783,1.4608950230029887,1.0189153439153429,0.07198886128900583,0.10054907166721036
8273.0,0.080181,21.087222,-1.978567,22.811998,0.128569,0.074301,0.071915,0.0023859999999999,0.0542679999999999,0.0566539999999999,1.481032,0.0439661685308371,0.0199954900759233,2658.0,0,1.0251798235693272,0.9979088247595147,1.025472411186696,0.14202049625747992,0.0944663509387575
8274.0,0.08425,21.078165,-1.963211,22.813573,0.128642,0.074789,0.071369,0.0034199999999999,0.053853,0.057273,1.66491,0.0635050321238903,0.4155251631862164,2659.0,0,1.0363809092965401,1.4303638644918624,1.0176303854875293,0.08678517774053829,0.09636188387682076
8275.0,0.079393,21.07449,-1.968855,22.810423,0.128854,0.075046,0.07203,0.003016,0.0538079999999999,0.056824,1.514036,0.056050103142597,0.2493550313106829,2660.0,0,1.0282560506672707,1.2613969050606968,1.0167800453514728,0.12811227033265482,0.1027533794850072
8276.0,0.081625,21.083153,-1.97148,22.818036,0.128569,0.075051,0.07192,0.003131,0.0535179999999999,0.0566489999999999,1.547039,0.0585025878659917,0.3040208384473888,2661.0,0,1.0250893463017408,1.3094939355918573,1.0113000755857888,0.12874128320618217,0.10997433066693404
8277.0,0.08425,21.081315,-1.973055,22.818168,0.129074,0.074794,0.071752,0.003042,0.0542799999999999,0.057322,1.325443,0.0560417088852453,0.249167923579056,2662.0,0,1.037267586518888,1.27227101631122,1.0256991685563104,0.07948493486692021,0.10785189207176804
8278.0,0.084118,21.083547,-1.974105,22.81843,0.128302,0.074988,0.071752,0.003236,0.053314,0.05655,1.349017,0.0606958642033199,0.3529088988337259,2663.0,0,1.0232978964035295,1.3534086156420473,1.007445200302344,0.1278995085604745,0.10204729157437102
8279.0,0.083068,21.092735,-1.970036,22.82145,0.128808,0.074731,0.071416,0.003315,0.054077,0.057392,1.311299,0.0613003439476314,0.3663827332700269,2664.0,0,1.0385342682650993,1.386449184441714,1.0218631897203334,0.07781582702617285,0.09632691847721274
8280.0,0.079525,21.065695,-1.977255,22.814098,0.128532,0.07481,0.072104,0.002706,0.053722,0.056428,1.41974,0.05036948792882,0.1227342973538414,2665.0,0,1.0210902510744184,1.1317440401506118,1.0151549508692375,0.16030067478925064,0.0968872948652325
8281.0,0.075062,21.084203,-1.973317,22.817249,0.128633,0.075471,0.071747,0.0037239999999999,0.053162,0.0568859999999999,1.268866,0.0700487180934106,0.561383717068594,2666.0,0,1.029377968785342,1.557507319113365,1.004572940287227,0.07536988664900113,0.09246014233957872
8282.0,0.082675,21.081578,-1.976205,22.813836,0.1289,0.076122,0.072056,0.004066,0.0527779999999999,0.0568439999999999,1.471602,0.0770382159571041,0.7171794040118409,2667.0,0,1.028617959737615,1.7005437055625972,0.9973167044595607,0.013942856315035668,0.0854895308751841
8283.0,0.085562,21.083284,-1.974367,22.817905,0.128881,0.076096,0.072435,0.0036609999999999,0.052785,0.0564459999999999,1.561184,0.0693555109309286,0.5459321512796034,2668.0,0,1.021415969237728,1.5311585110832509,0.9974489795918375,0.08481676528589721,0.09147154463392608
8284.0,0.086875,21.082628,-1.971611,22.810291,0.128918,0.07461,0.071731,0.0028789999999999,0.054308,0.057187,1.424454,0.0530114713951645,0.1816240254943881,2669.0,0,1.034824700294052,1.2040987034713593,1.026228269085413,0.09238894162073585,0.0936211438848402
8285.0,0.083068,21.080265,-1.966624,22.815673,0.128918,0.07471,0.071652,0.003058,0.054208,0.057266,1.641336,0.0564112970171005,0.2574060313818427,2670.0,0,1.036254241121919,1.2789627770807728,1.0243386243386252,0.08384074507611705,0.09595117269076933
8286.0,0.083462,21.077771,-1.973974,22.814098,0.128789,0.075723,0.071862,0.003861,0.0530659999999999,0.0569269999999999,1.561184,0.0727570806716039,0.6217530335187496,2671.0,0,1.0301198823795512,1.6148055207027023,1.0027588813303088,0.05903516856223601,0.09274019361379111
8287.0,0.082018,21.086041,-1.974761,22.813836,0.128514,0.074238,0.071972,0.002266,0.0542759999999999,0.0565419999999999,1.221718,0.0417488070453415,0.0694204076552996,2672.0,0,1.0231531327753893,0.9477206189879107,1.0256235827664388,0.13930507245433987,0.09430853283101863
8288.0,0.085956,21.082234,-1.977255,22.81226,0.128991,0.07524,0.072419,0.002821,0.0537509999999999,0.056572,1.490462,0.052481768120256,0.16981695620274,2673.0,0,1.0236959963809102,1.1798410706817726,1.015702947845804,0.14939550106961585,0.10552176954608747
8289.0,0.085956,21.077509,-1.974367,22.81016,0.129368,0.075786,0.072408,0.003378,0.053582,0.05696,1.490462,0.0630423828453055,0.4052127253578379,2674.0,0,1.030717032345624,1.4127979924718281,1.012509448223735,0.10111611508546403,0.09901903054450438
8290.0,0.082543,21.08289,-1.968592,22.810423,0.128826,0.075298,0.072077,0.003221,0.0535279999999999,0.0567489999999999,1.594187,0.0601729903416839,0.3412540569485329,2675.0,0,1.0268988916534711,1.3471350899205916,1.0114890400604677,0.12819088401946843,0.09496475791701864
8291.0,0.083331,21.096279,-1.964524,22.813179,0.128982,0.07491,0.071747,0.0031629999999999,0.054072,0.057235,1.556469,0.058494997503375,0.3038516495040524,2676.0,0,1.0356932820628826,1.322877457130921,1.0217687074829942,0.09105327882127634,0.09741676854751245
8292.0,0.084644,21.078296,-1.974105,22.806616,0.128743,0.075009,0.071967,0.003042,0.0537339999999999,0.0567759999999999,1.217003,0.0566111472969201,0.261860687816037,2677.0,0,1.0273874688984383,1.27227101631122,1.01538170823885,0.12607522346572408,0.10079320999050985
8293.0,0.080312,21.082759,-1.974498,22.812392,0.128927,0.075356,0.071411,0.003945,0.053571,0.057516,1.499891,0.0736392145150452,0.641415769067853,2678.0,0,1.040778104501245,1.6499372647428543,1.0123015873015881,0.0197893752700663,0.1001950651360846
8294.0,0.080312,21.086172,-1.969117,22.803596,0.128918,0.074379,0.071321,0.003058,0.054539,0.057597,1.490462,0.0560689402273561,0.2497749093358694,2679.0,0,1.0422438362361466,1.2789627770807728,1.030593348450492,0.05184621534587841,0.09784820264523167
8295.0,0.084512,21.09116,-1.972399,22.80806,0.128633,0.074295,0.071526,0.0027689999999999,0.054338,0.0571069999999999,1.613047,0.0509578755589906,0.1358494390734639,2680.0,0,1.033377064012666,1.158092848180684,1.0267951625094491,0.10836085138105522,0.09965550844840813
8296.0,0.086481,21.086828,-1.959799,22.802677,0.128955,0.074416,0.071747,0.0026689999999999,0.0545389999999999,0.0572079999999999,1.372591,0.0489365603226987,0.0907943862058269,2681.0,0,1.0352047048179136,1.1162693433709794,1.0305933484504903,0.09279958299220992,0.09359445637734914
8297.0,0.0832,21.074358,-1.97778,22.802546,0.128403,0.074757,0.071726,0.003031,0.0536459999999999,0.0566769999999999,1.358447,0.056498965459392,0.2593601581955866,2682.0,0,1.0255960190002253,1.2676704307821525,1.013718820861677,0.13332362391008745,0.0916524140379017
8298.0,0.089894,21.087091,-1.973317,22.80504,0.128587,0.075303,0.072004,0.0032989999999999,0.053284,0.056583,1.504606,0.0619123580745049,0.3800245088560121,2683.0,0,1.0238950463696006,1.3797574236721195,1.0068783068783078,0.12592687616108655,0.09183406237141237
8299.0,0.088056,21.076196,-1.975417,22.80294,0.128587,0.074689,0.071668,0.003021,0.053898,0.056919,1.457458,0.0560492773520846,0.2493366244662052,2684.0,0,1.0299751187514146,1.2634880803011819,1.0184807256235837,0.11918917311722865,0.0935388931844032
8300.0,0.087662,21.073046,-1.975811,22.80084,0.12856,0.07534,0.071558,0.003782,0.05322,0.057002,1.377306,0.0710621747054735,0.583973632988545,2685.0,0,1.0314770413933507,1.5817649519030357,1.0056689342403637,0.06758036330887851,0.08647751531525684
8301.0,0.082543,21.076196,-1.977911,22.802809,0.128339,0.075844,0.07203,0.0038139999999999,0.052495,0.056309,1.367877,0.072653154526059,0.619436523012233,2686.0,0,1.0189368921058592,1.5951484734420993,0.9919690098261535,0.07163285542680187,0.07220636188495584
8302.0,0.088187,21.081315,-1.976467,22.801627,0.128532,0.075524,0.072146,0.0033779999999999,0.053008,0.056386,1.433884,0.0637250278254634,0.4204288604359396,2687.0,0,1.0203302420266918,1.4127979924717864,1.001662887377174,0.12789170680083073,0.0756260505494784
8303.0,0.087006,21.07344,-1.983161,22.798739,0.128872,0.076023,0.072077,0.0039459999999999,0.0528489999999999,0.0567949999999999,1.40088,0.0746641438032165,0.6642614105764284,2688.0,0,1.0277312825152671,1.6503554997909096,0.9986583522297798,0.03683768339997473,0.07521230609595893
8304.0,0.092781,21.073965,-1.97778,22.801759,0.128707,0.076044,0.071762,0.0042819999999999,0.0526629999999999,0.0569449999999999,1.471602,0.0813079143247758,0.8123508459672366,2689.0,0,1.0304456005428626,1.7908824759515176,0.9951436130007548,-0.01876756334558527,0.0716703949494193
8305.0,0.087794,21.084859,-1.981192,22.80084,0.129111,0.075193,0.070954,0.0042389999999999,0.053918,0.058157,1.396165,0.0786179268903353,0.7523911108918049,2690.0,0,1.0523772902058368,1.7728983688833446,1.0188586545729412,-0.034350682921954756,0.06252479922425194
8306.0,0.085694,21.083022,-1.97778,22.806747,0.128945,0.075582,0.07245,0.0031319999999999,0.053363,0.056495,1.499891,0.0586912525297952,0.3082261678533646,2691.0,0,1.0223026464600777,1.3099121706399126,1.00837112622827,0.1269964696374355,0.06899950744861925
8307.0,0.088056,21.076984,-1.97778,22.802809,0.129239,0.076007,0.07276,0.003247,0.0532319999999999,0.0564789999999999,1.499891,0.0609959987225968,0.3595988878026079,2692.0,0,1.0220131192037991,1.358009201171115,1.0058956916099764,0.12918617937489274,0.07740219318192186
8308.0,0.086875,21.082497,-1.978961,22.802021,0.129203,0.075235,0.071925,0.0033099999999999,0.053968,0.057278,1.41031,0.0613315051233113,0.3670773148931556,2693.0,0,1.0364713865641266,1.384358009201187,1.019803476946335,0.09050776469569033,0.07493394477457357
8309.0,0.086087,21.087222,-1.980798,22.804515,0.128679,0.075209,0.071279,0.00393,0.0534699999999999,0.0573999999999999,1.523465,0.073497783845449,0.6382632839030682,2694.0,0,1.038679031893236,1.6436637390213988,1.0103930461073307,0.027733215865554994,0.08519625429047185
8310.0,0.087662,21.078034,-1.98093,22.799002,0.128266,0.074799,0.071678,0.0031209999999999,0.0534669999999999,0.0565879999999999,1.424454,0.0583713623101668,0.3010958249467133,2695.0,0,1.0239855236371853,1.305311585110845,1.010336356764927,0.13232744555255171,0.0936948237915522
8311.0,0.092388,21.081184,-1.971217,22.802677,0.128927,0.075687,0.072802,0.0028849999999999,0.05324,0.056125,1.334873,0.0541875622170883,0.2078390528228937,2696.0,0,1.0156073286586755,1.2066081137599416,1.0060468631897213,0.15565971275982793,0.11185189574416125
8312.0,0.090419,21.087353,-1.963736,22.80189,0.129138,0.075083,0.072062,0.0030209999999999,0.054055,0.057076,1.245292,0.0558864880864288,0.2457080568688707,2697.0,0,1.0328161049536313,1.2634880803011401,1.0214474678760401,0.10320922272734778,0.1117966905922703
8313.0,0.085562,21.076065,-1.977386,22.804253,0.128955,0.075172,0.072303,0.0028689999999999,0.0537829999999999,0.0566519999999999,1.617761,0.0533430016361742,0.1890138241105188,2698.0,0,1.0251436326622927,1.199916352990389,1.016307634164776,0.13946077855895755,0.10936709549674488
8314.0,0.086875,21.079346,-1.981848,22.805828,0.128633,0.075183,0.071437,0.0037459999999999,0.05345,0.057196,1.499891,0.0700828796467792,0.5621451770157755,2699.0,0,1.0349875593757076,1.5667084901715,1.0100151171579752,0.06621813166521817,0.10662552941233464
8315.0,0.098688,21.088141,-1.969642,22.808191,0.128486,0.075088,0.072151,0.0029369999999999,0.0533979999999999,0.0563349999999999,1.325443,0.0550010299818347,0.2259712236435163,2700.0,0,1.0194073738973073,1.2283563362609882,1.0090325018896438,0.14722003660413596,0.11180950777924599
8316.0,0.092125,21.083022,-1.978305,22.80504,0.129368,0.076023,0.072813,0.0032099999999999,0.053345,0.056555,1.117992,0.0601732088628948,0.3412589277794315,2701.0,0,1.023388373671116,1.3425345043914823,1.0080309901738482,0.1264444181185258,0.10939785813871154
8317.0,0.090025,21.085122,-1.975942,22.808847,0.129322,0.075319,0.072188,0.0031309999999999,0.0540029999999999,0.0571339999999999,1.499891,0.0579771868750462,0.2923096669295881,2702.0,0,1.033865641257633,1.3094939355918154,1.0204648526077087,0.10489022841963858,0.10514629636575364
8318.0,0.091863,21.092866,-1.976992,22.809635,0.129175,0.074941,0.071642,0.0032989999999999,0.054234,0.057533,1.240577,0.0608278786761315,0.3558514972691546,2703.0,0,1.0410857272110392,1.3797574236721195,1.02482993197279,0.0630921038515877,0.09384812417646228
8319.0,0.092388,21.06622,-1.96413,22.803596,0.129598,0.075309,0.072293,0.003016,0.0542889999999999,0.0573049999999999,1.53761,0.0555535089335053,0.2382859620518795,2704.0,0,1.036959963809092,1.2613969050606968,1.0258692365835214,0.07957299953466845,0.08758080233362273
8320.0,0.085694,21.085647,-1.968855,22.799396,0.128606,0.074353,0.071699,0.002654,0.0542529999999999,0.056907,1.523465,0.0489180521251889,0.0903818390670552,2705.0,0,1.029757973309207,1.1099958176495655,1.0251889644746777,0.10821094914720752,0.08792863843266299
8321.0,0.0937,21.073177,-1.974498,22.802809,0.12878,0.075225,0.071899,0.0033259999999999,0.053555,0.056881,1.636621,0.0621032190604226,0.3842787942126431,2706.0,0,1.029287491517757,1.3910497699707398,1.0119992441421022,0.11314409503024891,0.08413993927885569
8322.0,0.09265,21.080659,-1.971349,22.803596,0.128624,0.075865,0.071657,0.004208,0.0527589999999999,0.0569669999999999,0.891681,0.0797573919636088,0.7777897514380196,2707.0,0,1.0308437005202433,1.759933082392378,0.996957671957671,-0.009772499165565884,0.0835919844772032
8323.0,0.084381,21.069502,-1.985392,22.803596,0.128743,0.076401,0.072655,0.0037459999999999,0.052342,0.056088,1.726202,0.0715663985633226,0.5952127668775236,2708.0,0,1.0149377968785351,1.5667084901715,0.9890778533635686,0.0767875601305621,0.07999957967029911
8324.0,0.0853,21.070289,-1.978698,22.802415,0.128936,0.075498,0.071762,0.0037359999999999,0.053438,0.0571739999999999,1.561184,0.0699114878646679,0.5583248595979582,2709.0,0,1.0345894593983254,1.5625261396905294,1.0097883597883606,0.06969649265562072,0.0843465491732492
8325.0,0.084644,21.078428,-1.97358,22.80084,0.128863,0.074967,0.071752,0.003215,0.053896,0.057111,1.532895,0.0596508154442735,0.3296147949538817,2710.0,0,1.033449445826737,1.3446256796320093,1.018442932728648,0.1093330450660629,0.08542040218987267
8326.0,0.0853,21.072915,-1.98093,22.802284,0.128945,0.075671,0.072272,0.0033989999999999,0.053274,0.056673,1.391451,0.0638010323791647,0.4221229995408688,2711.0,0,1.025523637186158,1.4215809284818244,1.006689342403629,0.12096487010200108,0.08298151725581818
8327.0,0.090944,21.081184,-1.972661,22.805565,0.128697,0.074831,0.071258,0.0035729999999999,0.053866,0.057439,1.547039,0.0663300350864164,0.478494390124484,2712.0,0,1.0393847545804125,1.4943538268507106,1.0178760393046116,0.06896618035059765,0.07763418300702318
8328.0,0.095406,21.076721,-1.975023,22.804647,0.12855,0.075046,0.07161,0.003436,0.0535039999999999,0.05694,1.518751,0.0642182973553875,0.4314238227009517,2713.0,0,1.030355123275278,1.4370556252614568,1.0110355253212386,0.10656179888108852,0.09397082995744523
8329.0,0.097375,21.074752,-1.978305,22.803596,0.12856,0.075618,0.071904,0.003714,0.052942,0.056656,1.683769,0.0701509170239693,0.5636617280075429,2714.0,0,1.0252160144763638,1.5533249686324362,1.0004157218442942,0.09031152970090317,0.0995628128219242
8330.0,0.094488,21.073046,-1.976992,22.808453,0.128624,0.074841,0.071353,0.003488,0.0537829999999999,0.0572709999999999,1.669624,0.0648520005949725,0.4455490479252353,2715.0,0,1.0363447183895038,1.4588038477625036,1.016307634164776,0.08382209980666255,0.10052368239645464
8331.0,0.087531,21.074621,-1.978961,22.804909,0.128587,0.07545,0.071615,0.003835,0.053137,0.056972,1.613047,0.0721705747299485,0.6086798345767859,2716.0,0,1.0309341777878318,1.603931409452179,1.0041005291005298,0.05967075254229903,0.10160109640200435
8332.0,0.085431,21.06832,-1.976992,22.807666,0.128183,0.074868,0.071941,0.0029269999999999,0.0533149999999999,0.0562419999999999,1.570613,0.0548990922049666,0.2236990338120921,2717.0,0,1.0177244967201982,1.2241739857800178,1.00746409674981,0.15359397033865452,0.10681742597524979
8333.0,0.093438,21.071339,-1.973186,22.809372,0.128624,0.075655,0.072335,0.00332,0.0529689999999999,0.0562889999999999,1.391451,0.0626769869737588,0.3970680629051104,2718.0,0,1.0185749830355115,1.3885403596821995,1.0009259259259249,0.13270738877535182,0.11236233937711733
8334.0,0.090681,21.077902,-1.980405,22.807141,0.128633,0.075912,0.072146,0.0037659999999999,0.052721,0.0564869999999999,1.448028,0.0714312810591402,0.592201001970704,2719.0,0,1.0221578828319375,1.575073191133441,0.9962396069538935,0.07930518840092515,0.10710439508580194
8335.0,0.091075,21.070158,-1.976467,22.805565,0.128679,0.075592,0.072114,0.003478,0.0530869999999999,0.0565649999999999,1.41974,0.0655138637733576,0.4603019572972466,2720.0,0,1.0235693282062872,1.454621497281533,1.0031557067271342,0.12010718512155993,0.11178441219415428
8336.0,0.094619,21.065695,-1.979486,22.806616,0.128192,0.074899,0.072093,0.0028059999999999,0.053293,0.0560989999999999,1.462173,0.0526513303561374,0.1735964930927922,2721.0,0,1.0151368468672237,1.173567544960275,1.0070483749055186,0.17312816583445556,0.11639447711067374
8337.0,0.092519,21.090766,-1.979486,22.81016,0.128596,0.075424,0.072088,0.003336,0.0531719999999999,0.0565079999999999,1.589473,0.0627386079401201,0.3984415923018689,2722.0,0,1.0225378873558009,1.3952321204517522,1.0047619047619039,0.124415314369273,0.12204210057639049
8338.0,0.0937,21.079871,-1.981192,22.811998,0.128771,0.075377,0.071552,0.0038249999999999,0.053394,0.0572189999999999,1.707343,0.0716359209663825,0.5967624190490932,2723.0,0,1.035403754806604,1.5997490589711667,1.008956916099774,0.05398235596793455,0.1165614403355288
8339.0,0.094881,21.076327,-1.980273,22.810291,0.12901,0.075114,0.072277,0.002837,0.053896,0.056733,1.424454,0.0526374380763308,0.1732868346140461,2724.0,0,1.026609364397196,1.1865328314513253,1.018442932728648,0.13711170078442658,0.10634953747261458
8340.0,0.093569,21.072915,-1.975548,22.813442,0.128918,0.075954,0.072519,0.0034349999999999,0.052964,0.056399,1.41031,0.0648541489662983,0.44559693505433,2725.0,0,1.0205654829224167,1.436637390213318,1.0008314436885875,0.12992274897185718,0.10058373434511769
8341.0,0.095275,21.076196,-1.966361,22.813179,0.128661,0.075204,0.071836,0.0033679999999999,0.053457,0.056825,1.65548,0.0630027311160162,0.404328889562537,2726.0,0,1.028274146120788,1.4086156419908158,1.0101473922902502,0.11614698719946648,0.10125127984255515
8342.0,0.093963,21.074883,-1.981848,22.812129,0.128854,0.075681,0.072098,0.003583,0.053173,0.056756,1.570613,0.0673825553842103,0.5019550343673698,2727.0,0,1.0270255598280942,1.498536177331723,1.0047808012093735,0.09878736793003773,0.09294171273866225
8343.0,0.090025,21.064645,-1.973842,22.812523,0.128789,0.075508,0.071563,0.003945,0.0532809999999999,0.0572259999999999,1.490462,0.0740400135130063,0.650349566091796,2728.0,0,1.0355304229812252,1.6499372647428543,1.0068216175359022,0.030588360146209803,0.08871299118293362
8344.0,0.091994,21.07344,-1.982373,22.81226,0.128725,0.07608,0.072056,0.004024,0.052645,0.056669,1.66491,0.0764350567944383,0.7037350052987719,2729.0,0,1.0254512553720887,1.682977833542521,0.9948034769463349,0.021647157125955996,0.09534979008300037
8345.0,0.094488,21.075277,-1.979748,22.81633,0.128707,0.075366,0.072083,0.003283,0.0533409999999999,0.0566239999999999,1.683769,0.0615462487345808,0.3718639432156532,2730.0,0,1.024636959963808,1.3730656629026086,1.007955404383975,0.12678264009593454,0.09257648213965564
8346.0,0.095275,21.07869,-1.975942,22.816461,0.129129,0.075125,0.071836,0.003289,0.0540039999999999,0.057293,1.344303,0.0609017683547819,0.3574984958759004,2731.0,0,1.036742818366886,1.3755750731911909,1.0204837490551766,0.09003249479552666,0.09719414609508037
8347.0,0.096981,21.073308,-1.983161,22.818955,0.129046,0.075114,0.071762,0.0033519999999999,0.0539319999999999,0.0572839999999999,1.759206,0.0621511875845956,0.3853480111036016,2732.0,0,1.0365799592852287,1.401923881221263,1.0191232048374894,0.08212809881198668,0.09731646032274613
8348.0,0.096325,21.081578,-1.975417,22.816461,0.128633,0.07554,0.072062,0.0034779999999999,0.053093,0.0565709999999999,1.547039,0.0655064602403283,0.460136932779521,2733.0,0,1.023677900927391,1.454621497281491,1.0032690854119435,0.12035034496860209,0.10106108951741026
8349.0,0.094619,21.080265,-1.978567,22.81528,0.1289,0.074994,0.071783,0.003211,0.0539059999999999,0.0571169999999999,1.344303,0.0595655480735341,0.327714187949309,2734.0,0,1.033558018547839,1.342952739439621,1.0186318972033248,0.1093786213509792,0.10590351021226818
8350.0,0.095275,21.076852,-1.976205,22.815411,0.128541,0.075099,0.07234,0.0027589999999999,0.0534419999999999,0.0562009999999999,1.084988,0.0516250958965626,0.1507217593547956,2735.0,0,1.0169825831259887,1.1539104976997137,1.0098639455782303,0.17609938852610452,0.11218276989919373
8351.0,0.095144,21.077771,-1.973317,22.820924,0.128504,0.074904,0.071657,0.003247,0.0536,0.056847,1.561184,0.0605772280367903,0.3502645024233914,2736.0,0,1.0286722460981688,1.358009201171115,1.0128495842781566,0.11737012947612402,0.11441117382219886
8352.0,0.091206,21.074358,-1.976861,22.823287,0.128541,0.075288,0.072204,0.0030839999999999,0.0532529999999999,0.0563369999999999,1.65548,0.0579111428249519,0.2908375471359188,2737.0,0,1.019443564804342,1.2898368883312543,1.0062925170068018,0.13623365987667913,0.11976926669207286
8353.0,0.094356,21.082628,-1.979092,22.825519,0.128504,0.074689,0.071195,0.003494,0.053815,0.057309,1.490462,0.0649249293890294,0.4471746284446964,2738.0,0,1.0370323456231632,1.4613132580510857,1.01691232048375,0.07901256709478899,0.12512986620498476
8354.0,0.093831,21.077377,-1.976467,22.825519,0.128661,0.075834,0.072109,0.0037249999999999,0.052827,0.0565519999999999,1.415025,0.0705118497766334,0.5717069076811381,2739.0,0,1.0233340873105623,1.5579255541614618,0.9982426303854884,0.08443975399521153,0.12354383126934403
8355.0,0.093175,21.075802,-1.977386,22.823812,0.128413,0.075198,0.072198,0.003,0.053215,0.056215,1.278295,0.0563740228502706,0.2565751913787761,2740.0,0,1.0172359194752327,1.254705144291144,1.0055744520030243,0.14906667932598572,0.12563113224335437
8356.0,0.097113,21.080003,-1.978698,22.823681,0.128403,0.074495,0.071741,0.002754,0.0539079999999999,0.0566619999999999,1.622476,0.0510860895212303,0.1387073242481069,2741.0,0,1.0253245871974657,1.15181932245927,1.0186696900982606,0.14361342349426676,0.11929456817330161
8357.0,0.096325,21.07764,-1.980273,22.823419,0.12833,0.075456,0.072393,0.0030629999999999,0.052874,0.055937,1.462173,0.0579290780141843,0.2912373219382596,2742.0,0,1.0122053833974223,1.281053952321216,0.9991307634164786,0.1357340939411057,0.1260048345205877
8358.0,0.096588,21.086828,-1.984867,22.823156,0.128661,0.075503,0.071936,0.003567,0.053158,0.056725,1.584758,0.0671005850373408,0.4956699242285776,2743.0,0,1.0264646007690577,1.49184441656217,1.0044973544973552,0.10448999561219452,0.12530560569470858
8359.0,0.096456,21.085122,-1.976861,22.82355,0.128293,0.074285,0.071447,0.002838,0.0540079999999999,0.0568459999999999,1.311299,0.0525467977559297,0.1712664647309665,2744.0,0,1.0286541506446496,1.186951066499422,1.0205593348450481,0.13025163109108284,0.12606362556744782
8360.0,0.098688,21.07659,-1.977517,22.823287,0.128707,0.075188,0.071815,0.003373,0.0535189999999999,0.0568919999999999,1.589473,0.0630231689088191,0.4047844473195368,2745.0,0,1.0294865415064456,1.410706817231343,1.0113189720332567,0.11273374782557699,0.1295748722578391
8361.0,0.095931,21.073308,-1.976336,22.820924,0.128541,0.075114,0.072382,0.0027319999999999,0.0534269999999999,0.0561589999999999,1.382021,0.0511342367298045,0.1397805240087342,2746.0,0,1.016222574078262,1.1426181514010934,1.009580498866212,0.18447279294898472,0.11792607427461688
8362.0,0.097769,21.078296,-1.976467,22.8267,0.128991,0.076028,0.072597,0.003431,0.0529629999999999,0.056394,1.382021,0.0647798504644664,0.4439408237917632,2747.0,0,1.0204750056548302,1.4349644500209717,1.0008125472411176,0.12924137161788818,0.09861056182947485
8363.0,0.099738,21.082628,-1.981323,22.825913,0.129092,0.07596,0.072319,0.003641,0.053132,0.056773,1.52818,0.0685261513560311,0.5274457525119205,2748.0,0,1.0273331825378882,1.5227938101213518,1.0040060468631906,0.08659276582218112,0.09399419920943775
8364.0,0.102888,21.087091,-1.972005,22.830507,0.129138,0.075009,0.072324,0.002685,0.054129,0.056814,1.556469,0.0496028080546833,0.1056450271392885,2749.0,0,1.0280750961320977,1.1229611041405738,1.022845804988663,0.11955222089912443,0.0968553757208965
8365.0,0.095406,21.083153,-1.971611,22.825913,0.12934,0.075009,0.071474,0.003535,0.054331,0.057866,1.523465,0.0650629463299714,0.4502510217054423,2750.0,0,1.0471115132323012,1.4784608950230647,1.026662887377174,0.03257869949376346,0.09607043635889438
8366.0,0.093963,21.078296,-1.977386,22.823025,0.129331,0.075393,0.07097,0.0044229999999999,0.053938,0.0583609999999999,1.702628,0.0820000370789224,0.8277782403286305,2751.0,0,1.056068762723365,1.8498536177332014,1.0192365835222987,-0.04954170095715349,0.10335239754486505
8367.0,0.096981,21.070158,-1.976861,22.822762,0.128909,0.074169,0.071405,0.002764,0.05474,0.057504,1.580043,0.0504923183719698,0.1254721840577592,2752.0,0,1.0405609590590374,1.1560016729402407,1.0343915343915353,0.08957046774073474,0.09482975144754738
8368.0,0.095931,21.082628,-1.976073,22.827094,0.1289,0.075067,0.072109,0.0029579999999999,0.0538329999999999,0.0567909999999999,1.443314,0.0549466879667122,0.2247599418403028,2753.0,0,1.0276589007011978,1.2371392722710262,1.0172524565381698,0.13310176072678204,0.08195336435890574
8369.0,0.092388,21.079346,-1.976073,22.830245,0.128697,0.07492,0.071836,0.003084,0.053777,0.056861,1.669624,0.0573468704674774,0.2782599340841332,2754.0,0,1.028925582447411,1.289836888331296,1.0161942554799706,0.12240223747106171,0.0931700500866891
8370.0,0.098031,21.075277,-1.972792,22.823419,0.128541,0.075162,0.07244,0.002722,0.0533789999999999,0.0561009999999999,1.509321,0.0509928812289247,0.1366297143522674,2755.0,0,1.0151730377742583,1.1384358009201647,1.0086734693877542,0.18555335968528358,0.09507732335827165
8371.0,0.094619,21.093523,-1.979486,22.830245,0.128679,0.074574,0.071547,0.003027,0.0541049999999999,0.0571319999999999,1.217003,0.0559457361475622,0.2470286942829385,2756.0,0,1.0338294503505985,1.2659974905897644,1.0223922902494322,0.0992463319758079,0.11041463589490245
8372.0,0.100394,21.074358,-1.971611,22.825913,0.128449,0.076401,0.072272,0.0041289999999999,0.052048,0.056177,1.353732,0.0793290937385923,0.7682429975102969,2757.0,0,1.0165482922415752,1.7268925135926694,0.9835222978080129,0.0004775007314717916,0.12411153527555985
8373.0,0.096456,21.091029,-1.976861,22.833264,0.128716,0.075298,0.072692,0.0026059999999999,0.0534179999999999,0.0560239999999999,1.339588,0.048784140474363,0.0873969525935205,2758.0,0,1.013779687853426,1.0899205353408652,1.0094104308390013,0.19875962310001488,0.1245600675723932
8374.0,0.099607,21.072521,-1.98408,22.828013,0.128459,0.075156,0.072125,0.003031,0.0533029999999999,0.0563339999999999,1.386736,0.0568625243884137,0.2674638752573659,2759.0,0,1.0193892784437901,1.2676704307821525,1.0072373393801954,0.13862495361494998,0.12059962007967653
8375.0,0.095013,21.072915,-1.986573,22.829063,0.12878,0.075739,0.073002,0.002737,0.053041,0.055778,1.339588,0.0516006183778892,0.150176156235551,2760.0,0,1.009328206288171,1.1447093266416204,1.0022864701436138,0.18595182486007145,0.11804236085728466
8376.0,0.099738,21.079871,-1.975811,22.833527,0.129322,0.076306,0.072582,0.003724,0.0530159999999999,0.05674,1.499891,0.0702416206122565,0.5656835081298073,2761.0,0,1.0267360325718173,1.5575073191134068,1.001814058956915,0.08742729284942041,0.1115614343640627
8377.0,0.09685,21.07449,-1.979486,22.826569,0.129184,0.075251,0.071946,0.003305,0.0539329999999999,0.057238,1.688484,0.0612785997700894,0.3658980562383949,2762.0,0,1.0357475684234345,1.3822668339607438,1.0191421012849573,0.09405579070906833,0.11440128567901849
8378.0,0.093438,21.078165,-1.985261,22.827619,0.129092,0.075755,0.072177,0.0035779999999999,0.053337,0.056915,1.514036,0.0670816303573436,0.4952474250092438,2763.0,0,1.0299027369373455,1.496445002091196,1.0078798185941051,0.09349728579961525,0.12744892870509156
8379.0,0.099081,21.086172,-1.97673,22.827226,0.128881,0.075146,0.071762,0.0033839999999999,0.0537349999999999,0.0571189999999999,1.28301,0.062974542206342,0.4037005596549372,2764.0,0,1.0335942094548736,1.4153074027603687,1.015400604686318,0.09682964524714299,0.12077537977624549
8380.0,0.090156,21.091291,-1.977911,22.827882,0.128872,0.075293,0.07203,0.003263,0.0535789999999999,0.0568419999999999,1.509321,0.0608995893990295,0.3574499270208997,2765.0,0,1.0285817688305805,1.3647009619406676,1.0124527588813292,0.12074409475306402,0.11456015913121012
8381.0,0.087137,21.07659,-1.983161,22.828538,0.129046,0.075676,0.072461,0.0032149999999999,0.05337,0.0565849999999999,1.476317,0.0602387064135953,0.3427188661188483,2766.0,0,1.0239312372766334,1.3446256796319673,1.0085034013605452,0.12764484512536567,0.11007391310619459
8382.0,0.093438,21.077246,-1.978961,22.829851,0.128909,0.075403,0.072345,0.0030579999999999,0.053506,0.0565639999999999,1.415025,0.0571514007513034,0.2739029202754408,2767.0,0,1.02355123275277,1.278962777080731,1.0110733182161762,0.13095393099220265,0.11401086209980833
8383.0,0.091863,21.080396,-1.974105,22.831164,0.128762,0.075025,0.072109,0.0029159999999999,0.0537369999999999,0.0566529999999999,1.433884,0.0542632773828573,0.2095267414799408,2768.0,0,1.02516172811581,1.2195734002509502,1.0154383975812538,0.1320241338115541,0.11410877060430076
8384.0,0.089369,21.082103,-1.97673,22.823812,0.129019,0.074805,0.071573,0.0032319999999999,0.054214,0.057446,1.669624,0.0596144978327031,0.3288052765373812,2769.0,0,1.0395114227550337,1.3517356754496173,1.0244520030234325,0.07647274716459629,0.11220254960967843
8385.0,0.098031,21.079215,-1.980273,22.821975,0.128449,0.0747,0.071836,0.002864,0.053749,0.056613,1.254721,0.0532837209302326,0.1876924590447062,2770.0,0,1.0244379099751195,1.1978251777499453,1.0156651549508702,0.14108936460991617,0.10726376335117167
8386.0,0.100657,21.085516,-1.981848,22.819612,0.128541,0.075492,0.072098,0.003394,0.0530489999999999,0.0564429999999999,1.268866,0.0639773798303489,0.4260537786660254,2771.0,0,1.0213616828771763,1.4194897532413808,1.0024376417233551,0.12679678278555773,0.10207969670260988
8387.0,0.094356,21.072783,-1.968592,22.820793,0.128854,0.074731,0.071804,0.0029269999999999,0.0541229999999999,0.0570499999999999,1.542325,0.0540795210996969,0.2054308197236993,2772.0,0,1.0323456231621797,1.2241739857800178,1.022732426303854,0.09503487575399283,0.10202590433641112
8388.0,0.093044,21.079478,-1.983555,22.821581,0.128798,0.075708,0.07192,0.0037879999999999,0.05309,0.056878,1.608332,0.0713491928952176,0.5903712593858095,2773.0,0,1.029233205157205,1.584274362191576,1.0032123960695398,0.07443507585339204,0.09978219278111704
8389.0,0.096194,21.081972,-1.976336,22.819087,0.128615,0.073854,0.07087,0.002984,0.054761,0.057745,1.721487,0.0544903400167999,0.2145879604293006,2774.0,0,1.0449219633567075,1.2480133835215912,1.0347883597883607,0.047441782662075216,0.09930404074171761
8390.0,0.097769,21.086303,-1.981848,22.821712,0.12856,0.074358,0.071054,0.0033039999999999,0.054202,0.057506,1.594187,0.0609560356437833,0.3587081120362299,2775.0,0,1.040597149966072,1.3818485989126048,1.024225245653818,0.068903428267446,0.10523330291729069
8391.0,0.092913,21.077246,-1.985392,22.820399,0.128771,0.075387,0.072214,0.0031729999999999,0.053384,0.0565569999999999,1.245292,0.059436171209141,0.3248303817223426,2776.0,0,1.0234245645781488,1.3270598076118914,1.0087679516250954,0.12710692146337832,0.08812409310214649
8392.0,0.0916,21.086434,-1.981455,22.814492,0.128495,0.074784,0.071495,0.003289,0.0537109999999999,0.0569999999999999,1.64605,0.0612339886803693,0.3649036764555036,2777.0,0,1.0314408504863144,1.3755750731911909,1.014947089947089,0.10851681543926173,0.08078850769297345
8393.0,0.091075,21.07554,-1.981455,22.819612,0.128514,0.075067,0.071867,0.0031999999999999,0.0534469999999999,0.0566469999999999,1.15571,0.0598712767549767,0.3345288706164302,2778.0,0,1.0250531553947062,1.3383521539105117,1.0099584278155695,0.12724261341755994,0.07674922451719215
8394.0,0.092125,21.082365,-1.981586,22.821975,0.12855,0.075356,0.07223,0.003126,0.0531939999999999,0.0563199999999999,1.287725,0.05876492151518,0.3098682472141802,2779.0,0,1.0191359420945478,1.307402760351372,1.0051776266061971,0.1357653689203271,0.0758204248042181
8395.0,0.095406,21.072652,-1.979486,22.819218,0.128936,0.07638,0.071831,0.0045489999999999,0.0525559999999999,0.0571049999999999,1.349017,0.0865536465171147,0.9292780510917932,2780.0,0,1.0333408731056313,1.9025512337934296,0.9931216931216922,-0.03000273354152616,0.08372152866565603
8396.0,0.094225,21.075409,-1.981848,22.822106,0.128495,0.07524,0.071379,0.003861,0.053255,0.057116,1.250006,0.0724988733663813,0.6159976008288168,2781.0,0,1.0335399230943234,1.6148055207027023,1.0063303099017393,0.05344092869382766,0.08472217350105718
8397.0,0.094881,21.079609,-1.989855,22.817774,0.12833,0.075151,0.07129,0.0038609999999999,0.053179,0.0570399999999999,1.202858,0.0726024821361412,0.6183070370390964,2782.0,0,1.0321646686270067,1.6148055207026606,1.0048941798941808,0.05464204399617956,0.07901728674932318
8398.0,0.096456,21.077115,-1.977386,22.816986,0.128266,0.074815,0.071069,0.003746,0.0534509999999999,0.057197,1.457458,0.0700815685100653,0.5621159518197738,2783.0,0,1.035005654829225,1.5667084901715418,1.0100340136054413,0.06514707872365166,0.08671615739958088
8399.0,0.093438,21.076327,-1.99143,22.824469,0.128578,0.07608,0.072713,0.0033669999999999,0.052498,0.055865,1.367877,0.0641345549439035,0.4295572069900877,2784.0,0,1.0109025107441765,1.4081974069427188,0.9920256991685572,0.12645282127645452,0.09099919223785843
8400.0,0.097506,21.083809,-1.979748,22.817643,0.128633,0.074668,0.071306,0.003362,0.053965,0.057327,1.301869,0.062298484230812,0.3886312487022472,2785.0,0,1.0373580637864745,1.4061062317022754,1.0197467876039314,0.07890987662145754,0.09288682816501895
8401.0,0.093963,21.075671,-1.982767,22.819349,0.128688,0.074306,0.071195,0.003111,0.054382,0.057493,1.443314,0.0572053766802126,0.2751060420285058,2786.0,0,1.040361909070347,1.3011292346299164,1.0276266061980357,0.07005805394603815,0.10564992489609701
8402.0,0.100263,21.071864,-1.989198,22.818036,0.128477,0.074904,0.072261,0.0026429999999999,0.053573,0.056216,1.28301,0.0493336319856645,0.0996451010502776,2787.0,0,1.0172540149287501,1.105395232120456,1.012339380196524,0.18550552194183884,0.11371448433393898
8403.0,0.095538,21.064514,-1.988148,22.815805,0.128119,0.074584,0.071794,0.00279,0.053535,0.056325,1.462173,0.052114465032875,0.1616297819692167,2788.0,0,1.019226419362136,1.166875784190764,1.0116213151927447,0.17007296180033554,0.122969239412239
8404.0,0.0958,21.070683,-1.98513,22.821581,0.128146,0.074416,0.071626,0.00279,0.05373,0.05652,1.570613,0.051925331745175,0.1574140069513685,2789.0,0,1.0227550327980104,1.166875784190764,1.0153061224489806,0.15464172819193223,0.12385325988388265
8405.0,0.101182,21.067795,-1.98513,22.817643,0.128596,0.075015,0.071558,0.003457,0.0535809999999999,0.0570379999999999,1.367877,0.0645179351274682,0.4381027391904963,2790.0,0,1.032128477719972,1.445838561271495,1.012490551776265,0.09762823376925434,0.12089391270711487
8406.0,0.099607,21.074358,-1.984867,22.814229,0.128596,0.074988,0.071993,0.0029949999999999,0.0536079999999999,0.0566029999999999,1.603617,0.0558674849372306,0.2452844772725755,2791.0,0,1.0242569554399448,1.252613969050617,1.0130007558578977,0.13408652307224744,0.11667501464669616
8407.0,0.094619,21.071339,-1.988673,22.816986,0.128495,0.075183,0.072246,0.0029369999999999,0.053312,0.0562489999999999,1.641336,0.055089752968319,0.2279488562140588,2792.0,0,1.0178511648948194,1.2283563362609882,1.0074074074074082,0.1471895947791798,0.12386362602403296
8408.0,0.097375,21.078165,-1.983161,22.815148,0.128504,0.07608,0.072277,0.003803,0.052424,0.056227,1.499891,0.0725417262756318,0.6169527908244934,2793.0,0,1.0174530649174405,1.5905478879130734,0.9906273620559344,0.07398728344008798,0.11394611760412184
8409.0,0.098688,21.075934,-1.983161,22.81226,0.128835,0.074694,0.07172,0.0029739999999999,0.054141,0.057115,1.396165,0.054929629492815,0.2243797089951318,2794.0,0,1.0335218276408062,1.2438310330405788,1.0230725623582775,0.09685934950877695,0.11021113651213607
8410.0,0.1,21.073833,-1.987492,22.813967,0.12833,0.075351,0.071411,0.0039399999999999,0.052979,0.056919,1.485747,0.0743676859192147,0.6576533736918757,2795.0,0,1.0299751187514146,1.6478460895023272,1.0011148904006055,0.036720896017270355,0.09526966539482432
8411.0,0.095538,21.077771,-1.98198,22.81016,0.128789,0.075797,0.07255,0.003247,0.0529919999999999,0.0562389999999999,1.608332,0.061272243503859,0.3657563752645865,2796.0,0,1.0176702103596462,1.358009201171115,1.001360544217686,0.1419441677194061,0.08226649896254026
8412.0,0.102625,21.082628,-1.967542,22.814755,0.128854,0.076212,0.072555,0.003657,0.0526419999999999,0.056299,1.64605,0.0694679254601752,0.548437867591123,2797.0,0,1.0187559375706863,1.5294855708909045,0.9947467876039294,0.08633043774272764,0.07995886384682074
8413.0,0.104069,21.078428,-1.979092,22.808716,0.128918,0.076185,0.073128,0.003057,0.052733,0.05579,1.169855,0.0579701900102401,0.2921537070337319,2798.0,0,1.0095453517303787,1.2785445420326758,0.9964663643235081,0.13272315088047804,0.06305769353393827
8414.0,0.1042,21.078165,-1.978961,22.809766,0.129249,0.075676,0.071684,0.0039919999999999,0.053573,0.057565,1.17457,0.0745137566730129,0.6609092861871799,2799.0,0,1.041664781723593,1.6695943120033738,1.012339380196524,0.0052270170188144505,0.06347993285726128
8415.0,0.098031,21.071339,-1.985523,22.811473,0.129543,0.076259,0.071904,0.0043549999999999,0.053284,0.0576389999999999,1.565899,0.0817303181007787,0.8217662128123484,2800.0,0,1.0430038452838715,1.8214136344626022,1.0068783068783078,-0.03240343055358608,0.06593414773103108
8416.0,0.095406,21.07239,-1.986573,22.809241,0.129258,0.075634,0.07233,0.003304,0.053624,0.056928,1.448028,0.0616130536130536,0.373353021849885,2801.0,0,1.0301379778330704,1.3818485989126466,1.0133030990173857,0.11101017191505214,0.07225158188569417
8417.0,0.103282,21.080528,-1.981717,22.81226,0.129497,0.075944,0.071757,0.0041869999999999,0.053553,0.05774,1.745061,0.0781827687941142,0.7426914506512834,2802.0,0,1.044831486089121,1.751150146382298,1.0119614512471664,-0.02182210834964493,0.05954651814242577
8418.0,0.097113,21.073177,-1.983161,22.809372,0.129166,0.074836,0.071846,0.00299,0.05433,0.05732,1.287725,0.0550330382286357,0.2266846864552156,2803.0,0,1.0372313956118535,1.2505227938101735,1.0266439909297063,0.07820967667331824,0.056451253390591094
8419.0,0.095144,21.085647,-1.975548,22.814229,0.129267,0.075781,0.072477,0.003304,0.0534859999999999,0.0567899999999999,1.198144,0.0617720193691925,0.3768963635406754,2804.0,0,1.0276408052476806,1.3818485989126466,1.010695389266817,0.12140149824647484,0.05132417696489887
8420.0,0.094225,21.079871,-1.983555,22.808453,0.129533,0.075965,0.072492,0.003473,0.053568,0.057041,1.40088,0.0648322723963487,0.4451093070001071,2805.0,0,1.0321827640805257,1.4525303220410477,1.0122448979591845,0.09989523756390117,0.0588812210535938
8421.0,0.096325,21.074621,-1.984736,22.809504,0.128918,0.075251,0.07129,0.0039609999999999,0.053667,0.057628,1.28301,0.0738056197361554,0.6451249361982243,2806.0,0,1.0428047952951829,1.6566290255123655,1.0141156462585044,0.014893530286722134,0.06965724596650096
8422.0,0.098163,21.079609,-1.983292,22.807797,0.128587,0.075639,0.071752,0.003887,0.052948,0.056835,1.462173,0.0734102627056224,0.6363124404566216,2807.0,0,1.028455100655961,1.6256796319532254,1.0005291005291015,0.05537779022438094,0.07050206135148868
8423.0,0.091731,21.081184,-1.983948,22.805565,0.128606,0.074395,0.071316,0.0030789999999999,0.0542109999999999,0.0572899999999999,1.674339,0.0567955434221205,0.2659708716311715,2808.0,0,1.0366885320063324,1.287745713090769,1.0243953136810269,0.0814523866235558,0.08824476506949436
8424.0,0.102757,21.075671,-1.972924,22.804384,0.12867,0.074542,0.071342,0.0031999999999999,0.054128,0.057328,1.386736,0.0591180328474568,0.3177390876740185,2809.0,0,1.037376159239992,1.3383521539105117,1.0228269085411952,0.08079745790576376,0.09050385284698108
8425.0,0.096063,21.073177,-1.988936,22.804909,0.1289,0.075503,0.071857,0.0036459999999999,0.0533969999999999,0.0570429999999999,1.462173,0.0682797108505936,0.5219526014180882,2810.0,0,1.0322189549875584,1.5248849853617952,1.0090136054421759,0.07535681857548548,0.08830556138814871
8426.0,0.095669,21.069896,-1.98618,22.804253,0.128486,0.074805,0.071642,0.0031629999999999,0.0536809999999999,0.0568439999999999,1.438599,0.0589210536120114,0.3133484267283752,2811.0,0,1.028617959737615,1.322877457130921,1.0143801965230528,0.11945832576492932,0.08631537685534599
8427.0,0.09475,21.067533,-1.986311,22.806222,0.128615,0.075324,0.072403,0.002921,0.053291,0.056212,1.396165,0.0548112287022443,0.2217405591074988,2812.0,0,1.0171816331146808,1.2216645754914772,1.0070105820105828,0.15560492883041188,0.09742840101807584
8428.0,0.097506,21.072915,-1.992086,22.807403,0.128615,0.074999,0.071626,0.003373,0.053616,0.056989,1.320729,0.0629091519480761,0.4022430128605023,2813.0,0,1.0312418004976258,1.410706817231343,1.0131519274376426,0.10080055444818548,0.10722280888334294
8429.0,0.101575,21.087616,-1.976336,22.806484,0.128798,0.074894,0.071594,0.0032999999999999,0.0539039999999999,0.0572039999999999,1.542325,0.0612188108709766,0.3645653635628259,2814.0,0,1.0351323230038445,1.3801756587202165,1.018594104308389,0.09941858365815115,0.10222899933938237
8430.0,0.100788,21.069239,-1.981061,22.810291,0.128789,0.074915,0.071474,0.0034409999999999,0.0538739999999999,0.0573149999999999,1.730917,0.0638700696055684,0.4236618371400757,2815.0,0,1.037140918344265,1.4391468005019004,1.0180272108843529,0.07999339223587387,0.10621752490264913
8431.0,0.1021,21.077246,-1.978698,22.800052,0.1289,0.075524,0.072335,0.0031889999999999,0.0533759999999999,0.0565649999999999,1.325443,0.0597448339172302,0.3317104637508825,2816.0,0,1.0235693282062872,1.3337515683814443,1.0086167800453505,0.1260237719140207,0.11114189060864221
8432.0,0.101838,21.071996,-1.992348,22.805303,0.128642,0.075624,0.072713,0.0029109999999999,0.053018,0.055929,1.367877,0.0549048454327693,0.2238272730783661,2817.0,0,1.0120606197692839,1.2174822250104649,1.0018518518518529,0.1533218688770519,0.11243180004729632
8433.0,0.104069,21.073965,-1.989855,22.804384,0.128817,0.076422,0.07244,0.0039819999999999,0.0523949999999999,0.0563769999999999,1.160425,0.0759981677990686,0.6939967633708184,2818.0,0,1.0201673829450342,1.6654119615224032,0.9900793650793641,0.031514291183950105,0.11065800542397435
8434.0,0.106169,21.075802,-1.989723,22.80504,0.128936,0.07513,0.07203,0.0031,0.0538059999999999,0.056906,1.561184,0.0576133216867694,0.2841991233586729,2819.0,0,1.0297398778556897,1.2965286491008488,1.0167422524565373,0.12068271353843152,0.11290994438704112
8435.0,0.108401,21.074752,-1.983948,22.801233,0.128495,0.075146,0.071946,0.0032,0.0533489999999999,0.056549,1.429169,0.0599812558575446,0.3369803013440913,2820.0,0,1.0232798009500124,1.3383521539105536,1.0081065759637178,0.12460047563541621,0.12091989532920958
8436.0,0.112732,21.077902,-1.986048,22.803859,0.129157,0.075576,0.072618,0.002958,0.0535809999999999,0.0565389999999999,1.448028,0.055205106192378,0.230520075940263,2821.0,0,1.0230988464148374,1.2371392722710681,1.012490551776265,0.13235742015147023,0.1262817626377694
8437.0,0.112994,21.071864,-1.982636,22.802809,0.128955,0.07491,0.072309,0.002601,0.0540449999999999,0.0566459999999999,1.358447,0.0481256707249381,0.0727196826460077,2822.0,0,1.0250350599411888,1.0878293601004219,1.0212585034013595,0.13786698259719232,0.12395212065363106
8438.0,0.114963,21.067664,-1.982505,22.804515,0.128826,0.075088,0.071999,0.003089,0.0537379999999999,0.056827,1.749776,0.05748153110404,0.2812615154261151,2823.0,0,1.0283103370278228,1.2919280635717814,1.0154572940287216,0.12331994407885327,0.11847988221474848
8439.0,0.117063,21.071471,-1.984998,22.803071,0.128881,0.074915,0.07255,0.0023649999999999,0.053966,0.0563309999999999,1.485747,0.043823077065614,0.0231849943228519,2824.0,0,1.0193349920832382,0.9891258887494767,1.0197656840513993,0.17951809307983557,0.12777641752838553
8440.0,0.122445,21.069371,-1.984736,22.799264,0.128808,0.074962,0.072077,0.0028849999999999,0.053846,0.056731,1.212288,0.0535777294928222,0.1942459006322301,2825.0,0,1.0265731734901615,1.2066081137599416,1.017498110355254,0.1336120653214724,0.1262117713647401
8441.0,0.120082,21.078953,-1.985392,22.805434,0.12844,0.074873,0.071447,0.0034259999999999,0.053567,0.056993,1.471602,0.0639560931899641,0.425579300123198,2826.0,0,1.0313141823116951,1.4328732747804447,1.0122260015117166,0.10272735207263695,0.13614519776092612
8442.0,0.123101,21.073702,-1.982636,22.804647,0.128532,0.074385,0.071348,0.003037,0.054147,0.057184,1.367877,0.0560870207579229,0.2501779237919697,2827.0,0,1.0347704139335,1.2701798410707348,1.0231859410430848,0.0985994844882262,0.1330106126708983
8443.0,0.12192,21.065301,-1.979748,22.804384,0.128348,0.075477,0.07202,0.003457,0.0528709999999999,0.0563279999999999,1.457458,0.0653843244061129,0.4574145288868434,2828.0,0,1.0192807057226863,1.445838561271495,0.999074074074073,0.12447964432032077,0.12252773195977458
8444.0,0.120476,21.075277,-1.987492,22.801759,0.128835,0.075545,0.07202,0.003525,0.05329,0.056815,1.594187,0.0661462535887861,0.4743979063385029,2829.0,0,1.028093191585615,1.474278544542094,1.006991685563115,0.10503625190197685,0.11654030570210475
8445.0,0.120213,21.062939,-1.987098,22.796508,0.128688,0.075419,0.072897,0.0025219999999999,0.053269,0.0557909999999999,1.603617,0.0473437206682935,0.0552900405449539,2830.0,0,1.0095634471838941,1.0547887913007132,1.0065948601662895,0.22393473959727672,0.1110834742920851
8446.0,0.12402,21.070946,-1.989855,22.802152,0.128495,0.074474,0.0713,0.0031739999999999,0.054021,0.0571949999999999,1.259436,0.0587538410277293,0.3096212634983666,2831.0,0,1.0349694639221887,1.3274780426599886,1.0208049886621324,0.10101156925119192,0.10993129539724263
8447.0,0.130451,21.071996,-1.993005,22.804515,0.128624,0.076017,0.072046,0.003971,0.0526069999999999,0.0565779999999999,1.363162,0.0754828163017032,0.6825095947479711,2832.0,0,1.0238045691020121,1.6608113759933776,0.9940854119425537,0.03303817548595511,0.09994993838736571
8448.0,0.133208,21.062151,-1.984342,22.802809,0.128697,0.075629,0.071794,0.003835,0.053068,0.056903,1.495176,0.0722644104844637,0.6107714305854877,2833.0,0,1.0296855914951377,1.603931409452179,1.0027966742252465,0.06344568150215502,0.10361548109504118
8449.0,0.133208,21.058607,-1.989855,22.803203,0.128302,0.075004,0.071684,0.00332,0.053298,0.056618,1.52818,0.0622900992513931,0.3884443477754493,2834.0,0,1.0245283872427062,1.3885403596821995,1.007142857142858,0.12494977897963899,0.1044258089038419
8450.0,0.137276,21.057557,-1.985655,22.803596,0.128275,0.07491,0.071589,0.003321,0.0533649999999999,0.056686,1.424454,0.0622306337368362,0.3871188633314315,2835.0,0,1.025758878081883,1.3889585947302965,1.0084089191232037,0.12209027637304759,0.10682397488567216
8451.0,0.137933,21.063726,-1.984605,22.809241,0.128229,0.075834,0.071699,0.004135,0.052395,0.05653,1.613047,0.0789182380334376,0.7590850368001834,2836.0,0,1.0229359873331834,1.7294019238812934,0.9900793650793659,0.002913781973867935,0.09700401575883381
8452.0,0.137933,21.052569,-1.984867,22.801627,0.128578,0.075629,0.072324,0.003305,0.0529489999999999,0.056254,1.396165,0.0624173748819641,0.3912813175667911,2837.0,0,1.0179416421624077,1.3822668339607438,1.0005479969765674,0.13525491156498082,0.09757764481584698
8453.0,0.133601,21.067139,-1.983555,22.801365,0.128596,0.075015,0.072104,0.0029109999999999,0.0535809999999999,0.0564919999999999,1.29244,0.0543279459519987,0.2109682018465515,2838.0,0,1.0222483600995242,1.2174822250104649,1.012490551776265,0.13258292240832803,0.10933782723762712
8454.0,0.137145,21.069896,-1.986967,22.802809,0.12867,0.07565,0.072267,0.0033829999999999,0.05302,0.056403,1.41031,0.0638049074894852,0.4222093756276981,2839.0,0,1.020637864736486,1.4148891677122715,1.0018896447467884,0.12901791172027943,0.11821367196371564
8455.0,0.141608,21.061364,-1.99038,22.801233,0.128826,0.075645,0.072272,0.003373,0.0531809999999999,0.0565539999999999,1.551754,0.0634237147907186,0.413712602394449,2840.0,0,1.023370278217597,1.410706817231343,1.0049319727891146,0.12573514832889332,0.12060629350770644
8456.0,0.139377,21.069633,-1.991298,22.804778,0.128312,0.074322,0.071206,0.0031159999999999,0.05399,0.057106,1.565899,0.057713322590802,0.2864281403556772,2841.0,0,1.0333589685591504,1.3032204098703597,1.0202191987906284,0.10674785982132351,0.12271863724690095
8457.0,0.143052,21.069108,-1.99038,22.803596,0.128651,0.074883,0.07214,0.002743,0.0537679999999999,0.0565109999999999,1.29244,0.051014525098105,0.1371121555136802,2842.0,0,1.0225921737163528,1.1472187369302027,1.0160241874527578,0.15063999970375652,0.13281617340501722
8458.0,0.14082,21.077246,-1.986442,22.806484,0.128192,0.074511,0.071705,0.0028059999999999,0.053681,0.0564869999999999,1.542325,0.0522707797772063,0.1651140326904228,2843.0,0,1.0221578828319375,1.173567544960275,1.0143801965230546,0.15220412876304001,0.1236115385187552
8459.0,0.142658,21.062807,-1.988936,22.803465,0.128707,0.07544,0.072456,0.0029839999999999,0.0532669999999999,0.0562509999999999,1.476317,0.0560186228129456,0.2486533357555955,2844.0,0,1.0178873558018537,1.2480133835215494,1.006557067271352,0.14887599441954713,0.1231716390936759
8460.0,0.146333,21.075934,-1.97988,22.805565,0.128514,0.074547,0.071831,0.0027159999999999,0.0539669999999999,0.0566829999999999,1.278295,0.0503261191817372,0.1217676093491526,2845.0,0,1.0257045917213292,1.1359263906315404,1.0197845804988652,0.1432137137649927,0.1190687327284095
8461.0,0.148827,21.073965,-1.981717,22.800315,0.128651,0.074721,0.071542,0.003179,0.0539299999999999,0.0571089999999999,1.485747,0.058945689862973,0.3138975679853188,2846.0,0,1.0334132549197006,1.3295692179005156,1.0190854119425539,0.10388914355503087,0.11485453705146083
8462.0,0.148171,21.075934,-1.981455,22.805172,0.128881,0.076159,0.07224,0.003919,0.0527219999999999,0.056641,1.466888,0.0743318855148608,0.6568553838079176,2847.0,0,1.024944582673604,1.639063153492331,0.9962585034013596,0.04320856270236029,0.11575666074378761
8463.0,0.145939,21.079478,-1.98198,22.803728,0.128798,0.075923,0.072519,0.003404,0.0528749999999999,0.0562789999999999,1.433884,0.0643770330584765,0.4349620365165154,2848.0,0,1.0183940285003383,1.4236721037223514,0.9991496598639446,0.1281839281575352,0.11030808571350767
8464.0,0.146596,21.062414,-1.98198,22.805434,0.128688,0.074925,0.071442,0.003483,0.0537629999999999,0.0572459999999999,1.650765,0.0647831262554869,0.4440138410702956,2849.0,0,1.0358923320515712,1.456712672522018,1.0159297052154186,0.08798884806761553,0.09836341336904222
8465.0,0.148171,21.070027,-1.982242,22.80504,0.12878,0.074978,0.07151,0.0034679999999999,0.053802,0.05727,1.396165,0.064457372265487,0.4367527949069991,2850.0,0,1.0363266229359882,1.4504391468005207,1.0166666666666677,0.08359319155940659,0.09489326552334085
8466.0,0.148302,21.072783,-1.983161,22.803596,0.12889,0.075377,0.072046,0.003331,0.053513,0.056844,1.504606,0.0622453937287438,0.3874478630855438,2851.0,0,1.0286179597376168,1.3931409452112669,1.0112055933484514,0.11576909674459113,0.08692662119551238
8467.0,0.153158,21.071339,-1.98093,22.801759,0.128376,0.073854,0.071106,0.002748,0.0545219999999999,0.0572699999999999,1.485747,0.0504007483080535,0.1234310902210484,2852.0,0,1.0363266229359864,1.149309912170688,1.0302721088435365,0.0961542494009574,0.08368057866111342
8468.0,0.148564,21.063464,-1.991298,22.802415,0.128578,0.075162,0.071269,0.003893,0.0534159999999999,0.057309,1.377306,0.0728794204092331,0.6244799824120904,2853.0,0,1.0370323456231632,1.628189042241808,1.0093726379440655,0.032757405318385335,0.09027888914482944
8469.0,0.154996,21.073046,-1.98408,22.804384,0.128468,0.074962,0.07161,0.003352,0.053506,0.056858,1.367877,0.0626460089334107,0.3963775633627533,2854.0,0,1.0288712960868591,1.4019238812213048,1.0110733182161762,0.11417451596253336,0.09306924778457645
8470.0,0.159721,21.068583,-1.984867,22.803465,0.128587,0.07491,0.07129,0.0036199999999999,0.053677,0.057297,1.382021,0.0674391743358545,0.5032170690138389,2855.0,0,1.0368152001809554,1.514010874111272,1.014304610733183,0.06354727048670805,0.09103153881785706
8471.0,0.151583,21.069896,-1.984605,22.80504,0.128771,0.07449,0.071311,0.003179,0.0542809999999999,0.05746,1.363162,0.058564533362809,0.3054016016177781,2856.0,0,1.039764759104276,1.3295692179005156,1.0257180650037783,0.07142871821104135,0.09346019983683147
8472.0,0.149221,21.068452,-1.989723,22.801496,0.128256,0.07502,0.0715,0.00352,0.053236,0.056756,1.40088,0.0661194282172175,0.4737999696522716,2857.0,0,1.0270255598280942,1.472187369301609,1.0059712773998497,0.10919166753952048,0.09093890654853524
8473.0,0.154602,21.063989,-1.98303,22.798345,0.1281,0.074663,0.07181,0.0028529999999999,0.053437,0.0562899999999999,1.584758,0.0533889741382535,0.190038549731961,2858.0,0,1.0185930784890287,1.193224592220836,1.0097694633408927,0.15608751455500536,0.09394990609517603
8474.0,0.154733,21.068714,-1.983161,22.804121,0.12833,0.075088,0.071295,0.003793,0.053242,0.057035,1.193429,0.0712394117536578,0.5879242412027772,2859.0,0,1.032074191359422,1.586365537432103,1.006084656084657,0.06761175840042155,0.10514429019710433
8475.0,0.151321,21.070946,-1.984867,22.801102,0.12821,0.0747,0.071269,0.003431,0.0535099999999999,0.0569409999999999,1.297155,0.0641176580516156,0.4291805757938922,2860.0,0,1.0303732187287935,1.4349644500209717,1.0111489040060457,0.10787980174915068,0.10653277869047251
8476.0,0.155915,21.076065,-1.989067,22.807535,0.128238,0.076044,0.07245,0.003594,0.0521939999999999,0.0557879999999999,1.547039,0.0688571702270332,0.5348241527067086,2861.0,0,1.0095091608233422,1.5031367628607906,0.986281179138321,0.0905561638616289,0.10411871344002029
8477.0,0.157621,21.063858,-1.986048,22.799527,0.128606,0.07533,0.072135,0.0031949999999999,0.053276,0.0564709999999999,1.382021,0.0599695928824819,0.3367203339977755,2862.0,0,1.0218683555756607,1.3362609786700266,1.0067271352985647,0.1262642448673652,0.1075972747915646
8478.0,0.153552,21.07449,-1.990642,22.801102,0.128137,0.074973,0.071957,0.003016,0.053164,0.05618,1.377306,0.0567290510674316,0.2644887591422276,2863.0,0,1.016602578602127,1.2613969050606968,1.0046107331821628,0.14470124633766845,0.10500271966057255
8479.0,0.154996,21.06622,-1.988805,22.802415,0.128541,0.07618,0.07286,0.00332,0.0523609999999999,0.0556809999999999,1.499891,0.0634047591765021,0.4132900823513941,2864.0,0,1.0075729472969908,1.3885403596821995,0.9894368858654563,0.12805940089621504,0.10066417220848992
8480.0,0.155652,21.067927,-1.977386,22.801365,0.129028,0.075078,0.071348,0.00373,0.05395,0.05768,1.429169,0.0691368093269821,0.5410572994251626,2865.0,0,1.043745758878083,1.5600167294019889,1.0194633408919132,0.03940661798218603,0.10162562028702171
8481.0,0.154077,21.06622,-1.985786,22.803465,0.12901,0.074631,0.071846,0.002785,0.054379,0.057164,1.462173,0.0512136815005518,0.1415513454431194,2866.0,0,1.034408504863154,1.1647846089502787,1.027569916855632,0.1062143317264842,0.10595465604745273
8482.0,0.158671,21.064645,-1.989723,22.798608,0.128872,0.075781,0.072088,0.003693,0.0530909999999999,0.0567839999999999,1.415025,0.0695585022225571,0.5504568207679561,2867.0,0,1.0275322325265768,1.5445420326223982,1.003231292517006,0.08324611622959999,0.09781939520657591
8483.0,0.156965,21.072258,-1.988805,22.797689,0.128964,0.075104,0.071936,0.003168,0.0538599999999999,0.0570279999999999,1.792209,0.0588180687324781,0.3110528970115689,2868.0,0,1.031947523184799,1.324968632371448,1.0177626606198025,0.11270204003417894,0.10130444363344586
8484.0,0.156308,21.058345,-1.98093,22.80084,0.129056,0.075902,0.072167,0.003735,0.053154,0.056889,1.372591,0.0702662026149939,0.5662314401955428,2869.0,0,1.0294322551458956,1.5621079046424742,1.004421768707484,0.07722623918573968,0.09085070484085803
8485.0,0.161427,21.069633,-1.98618,22.802152,0.128312,0.074799,0.07193,0.002869,0.053513,0.056382,1.504606,0.0536121388795457,0.1950128847770755,2870.0,0,1.0202578602126224,1.1999163529904306,1.0112055933484514,0.151170159353461,0.09012253137284681
8486.0,0.157752,21.071733,-1.982242,22.803203,0.128569,0.075629,0.071552,0.0040769999999999,0.0529399999999999,0.0570169999999999,1.452743,0.0770102567008556,0.7165561930718551,2871.0,0,1.0317484731961086,1.705144291091623,1.0003779289493564,0.009203555452860557,0.1030492503525767
8487.0,0.15959,21.074227,-1.984342,22.800315,0.128532,0.074946,0.07213,0.0028159999999999,0.053586,0.056402,1.452743,0.0525500587829137,0.1713391529195924,2872.0,0,1.0206197692829686,1.1777498954412453,1.0125850340136064,0.16111472913606473,0.1064114743363858
8488.0,0.159196,21.058738,-1.988411,22.803071,0.128633,0.074799,0.070985,0.0038139999999999,0.0538339999999999,0.0576479999999999,1.495176,0.0708461038357945,0.579157420117957,2873.0,0,1.0431667043655273,1.5951484734420993,1.0172713529856379,0.04016385841179004,0.10397583055796537
8489.0,0.165102,21.070289,-1.983948,22.802809,0.128578,0.074721,0.071684,0.0030369999999999,0.053857,0.056894,1.264151,0.0563890229863715,0.2569095439393827,2874.0,0,1.0295227324134821,1.270179841070693,1.0177059712774008,0.12077766621610297,0.09445736904189096
8490.0,0.16064,21.075934,-1.98303,22.805565,0.128266,0.075051,0.072209,0.002842,0.0532149999999999,0.0560569999999999,1.754491,0.0534049909801565,0.190395564632831,2875.0,0,1.0143768378194968,1.1886240066918103,1.0055744520030225,0.16867380777948482,0.09157712750767216
8491.0,0.162609,21.071208,-1.989723,22.802284,0.128688,0.075204,0.072225,0.0029789999999999,0.053484,0.056463,1.306584,0.0556978592128633,0.2415035252261737,2876.0,0,1.021723591947524,1.2459222082810641,1.010657596371883,0.1398365715645754,0.08997984130175586
8492.0,0.15644,21.060051,-1.994055,22.800183,0.128789,0.075062,0.071379,0.003683,0.0537269999999999,0.0574099999999999,1.504606,0.0685489874925552,0.5279547692748234,2877.0,0,1.038859986428409,1.5403596821414278,1.015249433106575,0.05888967844539561,0.09721746229716263
8493.0,0.161559,21.073965,-1.984473,22.802415,0.128918,0.074784,0.071012,0.0037719999999999,0.054134,0.057906,1.391451,0.0696776577075828,0.5531127927711907,2878.0,0,1.0478353313729936,1.5775826014220231,1.0229402872260025,0.017517424873434773,0.09084112717693184
8494.0,0.160771,21.065564,-1.998255,22.802809,0.128413,0.075088,0.071211,0.003877,0.053325,0.057202,1.452743,0.0727037467651803,0.620564222426641,2879.0,0,1.0350961320968117,1.621497281472255,1.0076530612244907,0.048423823843551705,0.09290046523806046
8495.0,0.162215,21.063595,-1.985523,22.801365,0.129001,0.075981,0.072923,0.003058,0.05302,0.056078,1.457458,0.0576752607457423,0.2855797430297111,2880.0,0,1.0147568423433622,1.2789627770807728,1.0018896447467884,0.13519729729429797,0.08259666326908155
8496.0,0.164315,21.070289,-1.991298,22.805172,0.128716,0.074579,0.071384,0.003195,0.0541369999999999,0.0573319999999999,1.29244,0.0590158483874543,0.3154613992833095,2881.0,0,1.0374485410540593,1.3362609786700683,1.0229969765684042,0.08157976540692835,0.07214543166813656
8497.0,0.161559,21.076459,-1.988805,22.801233,0.128991,0.076311,0.072708,0.003603,0.0526799999999999,0.056283,1.745061,0.0683927791803498,0.5244728909223457,2882.0,0,1.0184664103144094,1.506900878293664,0.9954648526077088,0.0973513779337567,0.06810237369805616
8498.0,0.159196,21.066877,-1.991561,22.799396,0.12867,0.076254,0.072408,0.003846,0.052416,0.056262,1.438599,0.0733731423011618,0.6354850278119193,2883.0,0,1.018086405790546,1.6085319949812467,0.9904761904761913,0.06075723902307628,0.06623767902519827
8499.0,0.16064,21.061364,-1.989461,22.798477,0.128651,0.075608,0.071589,0.0040189999999999,0.0530429999999999,0.0570619999999999,1.448028,0.0757672875348766,0.6888504495636019,2884.0,0,1.0325627686043872,1.6808866583019941,1.0023242630385478,0.01773964652631388,0.07409654163530968
8500.0,0.163659,21.065564,-1.988148,22.801496,0.128945,0.074574,0.071426,0.0031479999999999,0.054371,0.057519,1.457458,0.0578974472154785,0.2905322724326959,2885.0,0,1.040832390861797,1.3166039314094653,1.0274187452758892,0.06416149177003483,0.07650799607473292
8501.0,0.16274,21.070552,-1.990642,22.799921,0.12901,0.07482,0.071951,0.0028689999999999,0.05419,0.057059,1.433884,0.0529423705043272,0.180083768816964,2886.0,0,1.032508482243837,1.199916352990389,1.0239984882842035,0.09940599186377153,0.08415365615271124
8502.0,0.16169,21.057426,-1.986967,22.801759,0.128523,0.075398,0.071484,0.003914,0.0531249999999999,0.0570389999999999,1.372591,0.0736739073146858,0.6421890704776829,2887.0,0,1.0321465731734893,1.636971978251846,1.0038737717309136,0.04024273171681669,0.08852777206809129
8503.0,0.168909,21.064908,-1.99458,22.80189,0.128477,0.074862,0.071416,0.003446,0.053615,0.057061,1.485747,0.0642718591465235,0.4326177133361129,2888.0,0,1.0325446731508718,1.4412379757424274,1.0131330309901747,0.09610605097454883,0.09595556584175254
8504.0,0.167596,21.064645,-1.98408,22.80084,0.128413,0.07503,0.071316,0.0037139999999999,0.053383,0.0570969999999999,1.377306,0.0695714071631948,0.550744471487769,2889.0,0,1.0331961094774929,1.5533249686323944,1.0087490551776275,0.07253836823778415,0.10765161645094494
8505.0,0.163265,21.061626,-1.983423,22.80806,0.128642,0.075582,0.07297,0.002612,0.05306,0.055672,1.53761,0.049226362111532,0.0972540589389989,2890.0,0,1.0074100882153367,1.0924299456294895,1.0026455026455037,0.21165389807408114,0.11435742773322737
8506.0,0.164709,21.068189,-1.99038,22.805565,0.128293,0.075062,0.07172,0.0033419999999999,0.0532309999999999,0.0565729999999999,1.386736,0.0627817853922452,0.3994040163479848,2891.0,0,1.0237140918344256,1.3977415307402927,1.0058767951625085,0.12532092456072874,0.1071420229415356
8507.0,0.16589,21.074358,-1.988805,22.805434,0.128275,0.0745,0.07192,0.0025799999999999,0.053775,0.056355,1.448028,0.0479767926212436,0.0694011944100538,2892.0,0,1.0197692829676552,1.0790464240903421,1.016156462585035,0.1716293156703692,0.09736178413210159
8508.0,0.165496,21.072783,-1.992873,22.807797,0.128063,0.074574,0.071836,0.002738,0.053489,0.056227,1.316014,0.0511871377827632,0.1409596868107605,2893.0,0,1.0174530649174405,1.1451275616897174,1.0107520786092223,0.1777177451150005,0.10678638875772621
8509.0,0.162346,21.066483,-1.992873,22.805565,0.128238,0.075592,0.071899,0.003693,0.0526459999999999,0.0563389999999999,1.29244,0.0701464470910023,0.5635620933426848,2894.0,0,1.0194797557113766,1.5445420326223982,0.994822373393801,0.08479775934913825,0.11114296239937009
8510.0,0.16379,21.074227,-1.992348,22.810685,0.128367,0.075209,0.071048,0.0041609999999999,0.053158,0.057319,1.509321,0.0782746101318685,0.7447385911732842,2895.0,0,1.0372133001583361,1.740276035131775,1.0044973544973552,-0.007992556146882768,0.1088423555776229
8511.0,0.169696,21.063858,-1.987098,22.802546,0.128109,0.075876,0.071731,0.0041449999999999,0.052233,0.056378,1.551754,0.0793544434659416,0.7688080421334198,2896.0,0,1.0201854783985533,1.733584274362222,0.98701814058957,0.00160360376943125,0.1001679357466216
8512.0,0.168778,21.068058,-1.993005,22.806747,0.128459,0.075351,0.072198,0.003153,0.0531079999999999,0.0562609999999999,1.448028,0.0593684686211377,0.3233212931709885,2897.0,0,1.018068310337027,1.3186951066499923,1.0035525321239596,0.1344887779730628,0.09002997194899391
8513.0,0.167334,21.060051,-1.993136,22.809766,0.128753,0.075387,0.072361,0.003026,0.053366,0.056392,1.363162,0.0567017070474263,0.2638792617986985,2898.0,0,1.0204388147477954,1.2655792555416672,1.0084278155706736,0.13967178739098762,0.08350103735923695
8514.0,0.168252,21.070421,-1.981192,22.807535,0.128431,0.076175,0.072303,0.003872,0.0522559999999999,0.0561279999999999,1.495176,0.0740953365099412,0.6515827139486692,2899.0,0,1.0156616150192255,1.61940610623177,0.9874527588813293,0.04953230002031217,0.07868732122621111
8515.0,0.163134,21.070158,-1.989198,22.805828,0.128789,0.075576,0.072214,0.003362,0.0532129999999999,0.0565749999999999,1.499891,0.0631788627053032,0.4082548571328126,2900.0,0,1.0237502827414604,1.4061062317022754,1.0055366591080868,0.12490969976406818,0.07565366369511757
8516.0,0.172453,21.072127,-1.991823,22.807403,0.129019,0.075975,0.071978,0.003997,0.0530439999999999,0.0570409999999999,1.235862,0.0753511169761523,0.6795740209350449,2901.0,0,1.032182764080524,1.6716854872439006,1.0023431594860155,0.023941286584451826,0.07419027357577328
8517.0,0.173109,21.065301,-1.988673,22.802809,0.12855,0.07492,0.0716,0.00332,0.05363,0.05695,1.443314,0.0619044955342992,0.3798492530828006,2902.0,0,1.030536077810451,1.3885403596821995,1.0134164777021928,0.10633996977279958,0.08707704852070056
8518.0,0.16799,21.051125,-1.977386,22.804515,0.128872,0.075744,0.072555,0.003189,0.0531279999999999,0.0563169999999999,1.561184,0.0600237158613942,0.3379267334907712,2903.0,0,1.019081655733996,1.333751568381486,1.003930461073317,0.12958058378474213,0.0786242483947814
8519.0,0.17114,21.064645,-1.990773,22.804778,0.128523,0.075041,0.071227,0.0038139999999999,0.053482,0.057296,1.603617,0.0713123796346502,0.5895506929687975,2904.0,0,1.0367971047274382,1.5951484734420993,1.0106198034769474,0.05446118403820288,0.07549231602890163
8520.0,0.170878,21.069239,-1.991298,22.804515,0.128753,0.076101,0.071794,0.004307,0.052652,0.056959,1.193429,0.0817997075190398,0.8233129007569473,2905.0,0,1.030698936892107,1.8013383521539859,0.9949357520786101,-0.022626457340325756,0.07482194203121387
8521.0,0.170878,21.06097,-1.991955,22.806353,0.128707,0.075498,0.072298,0.0031999999999999,0.0532089999999999,0.0564089999999999,1.462173,0.060139071603082,0.3404980093348424,2906.0,0,1.0207464374575879,1.3383521539105117,1.0054610733182152,0.13047135321870407,0.06015222723707834
8522.0,0.173503,21.060707,-1.991167,22.803465,0.128606,0.075177,0.071337,0.0038399999999999,0.053429,0.057269,1.617761,0.0718697361033126,0.6019741510770804,2907.0,0,1.036308527482471,1.6060225846926224,1.0096182917611498,0.049960776713871335,0.06317444483036685
8523.0,0.167071,21.06412,-1.992348,22.801759,0.12901,0.075624,0.072156,0.0034679999999999,0.053386,0.056854,1.415025,0.0649596343679172,0.4479482013295606,2908.0,0,1.02879891427279,1.4504391468005207,1.0088057445200311,0.10835246373218987,0.06484819376345315
8524.0,0.176784,21.08289,-1.989592,22.808585,0.129056,0.074752,0.071337,0.003415,0.054304,0.057719,1.382021,0.0628855538164073,0.4017170112498547,2909.0,0,1.0444514815652577,1.428272689251419,1.0261526832955412,0.04282856004343438,0.06049994781842609
8525.0,0.172846,21.057032,-1.994317,22.799789,0.128413,0.075907,0.071542,0.004365,0.052506,0.056871,1.594187,0.0831317729064697,0.8530045962313775,2910.0,0,1.029106536982584,1.8255959849436145,0.9921768707483002,-0.02178744817728695,0.058357646963201316
8526.0,0.176915,21.066351,-1.978961,22.80504,0.128725,0.075088,0.071337,0.003751,0.053637,0.057388,1.485747,0.0699317647936165,0.5587768317047181,2911.0,0,1.0384618864510302,1.568799665412027,1.013548752834468,0.05416346251733695,0.06905959482328736
8527.0,0.176915,21.060182,-1.99668,22.798739,0.128541,0.074925,0.071747,0.003178,0.0536159999999999,0.0567939999999999,1.433884,0.0592722457429546,0.3211764882510164,2912.0,0,1.0277131870617497,1.3291509828524184,1.0131519274376408,0.12307745910366263,0.06697456323049189
8528.0,0.174553,21.069764,-1.99248,22.801233,0.128477,0.075792,0.072114,0.003678,0.052685,0.056363,1.598902,0.0698098166495843,0.5560586114203052,2913.0,0,1.0199140465957939,1.5382685069009425,0.9955593348450501,0.0860981243344715,0.07015604790966556
8529.0,0.173765,21.072652,-1.994973,22.803203,0.128514,0.075907,0.071936,0.003971,0.0526069999999999,0.0565779999999999,1.504606,0.0754828163017032,0.6825095947479711,2914.0,0,1.0238045691020121,1.6608113759933776,0.9940854119425537,0.03303817548595511,0.06696298359317306
8530.0,0.170353,21.058082,-1.993923,22.798871,0.128679,0.076101,0.072408,0.003693,0.0525779999999999,0.0562709999999999,1.339588,0.0702371669297628,0.5655842356874861,2915.0,0,1.0182492648722,1.5445420326223982,0.9935374149659855,0.08439302126053472,0.07469177873202493
8531.0,0.167727,21.075277,-1.99458,22.802415,0.128808,0.075046,0.071794,0.003252,0.053762,0.057014,1.570613,0.0604876959991072,0.3482688361271446,2916.0,0,1.0316941868355585,1.3601003764116002,1.0159108087679525,0.10962103729074946,0.08688392414737986
8532.0,0.171534,21.075671,-1.991823,22.799921,0.129285,0.076185,0.072466,0.003719,0.0531,0.056819,1.504606,0.0700363458315285,0.5611079397414456,2917.0,0,1.0281655733996842,1.5554161438729215,1.0034013605442187,0.08177562350560785,0.09304459442253252
8533.0,0.173634,21.065695,-1.994448,22.800971,0.12923,0.075356,0.071883,0.003473,0.053874,0.057347,1.349017,0.0644640371229699,0.4369013543700923,2918.0,0,1.0377199728568207,1.4525303220410477,1.0180272108843547,0.07642182056726499,0.09213966339552596
8534.0,0.173765,21.068189,-1.986967,22.799002,0.129249,0.075104,0.072351,0.002753,0.054145,0.056898,1.40088,0.050844014331622,0.1333114759064324,2919.0,0,1.0295951142275512,1.151401087411173,1.023148148148149,0.12011651143195312,0.08454677868826303
8535.0,0.173109,21.068977,-1.980142,22.799002,0.129166,0.075545,0.072167,0.003378,0.053621,0.056999,1.787495,0.062996531274477,0.4041906952901617,2920.0,0,1.031422755032799,1.4127979924718281,1.013246409674982,0.10013400597626232,0.09137391057738439
8536.0,0.17744,21.073571,-1.993398,22.796376,0.128945,0.075335,0.072088,0.003247,0.05361,0.056857,1.386736,0.0605659286340489,0.3500126390926528,2921.0,0,1.0288532006333417,1.358009201171115,1.0130385487528353,0.11577016526886352,0.09291553240585797
8537.0,0.18059,21.06202,-1.990248,22.798477,0.128982,0.074847,0.072083,0.002764,0.054135,0.056899,1.367877,0.0510565981971331,0.1380499635640937,2922.0,0,1.0296132096810686,1.1560016729402407,1.0229591836734704,0.11402814883359691,0.09145343528446544
8538.0,0.177703,21.071733,-1.994973,22.80084,0.129148,0.07524,0.071321,0.003919,0.053908,0.057827,1.264151,0.0726965812758538,0.6204045038955428,2923.0,0,1.0464057905451265,1.639063153492331,1.0186696900982624,0.010169277261842469,0.0863770604646766
8539.0,0.171796,21.061232,-1.990905,22.801233,0.129175,0.075088,0.072056,0.003032,0.054087,0.057119,1.415025,0.0560567963319036,0.2495042222892343,2924.0,0,1.0335942094548753,1.2680886658302495,1.0220521541950123,0.10130949437716852,0.09208028454878152
8540.0,0.174553,21.082497,-1.993267,22.806222,0.128918,0.075067,0.071741,0.0033259999999999,0.053851,0.057177,1.641336,0.0617618658545642,0.3766700420198379,2925.0,0,1.034643745758879,1.3910497699707398,1.0175925925925935,0.09980923954527066,0.09111634026953205
8541.0,0.174553,21.06517,-1.989855,22.801759,0.129028,0.075099,0.071799,0.0032999999999999,0.053929,0.057229,1.16514,0.0611904320415352,0.3639328003496034,2926.0,0,1.035584709341779,1.3801756587202165,1.0190665154950878,0.09500006607682399,0.08120234059545832
8542.0,0.17744,21.084072,-1.994711,22.806747,0.129083,0.074768,0.071216,0.0035519999999999,0.054315,0.057867,1.53761,0.0653950953678474,0.4576546132842045,2927.0,0,1.0471296086858186,1.4855708908406726,1.026360544217688,0.03101187530771954,0.07469380198029818
8543.0,0.178359,21.066614,-1.983817,22.802546,0.129111,0.075041,0.072414,0.0026269999999999,0.05407,0.056697,1.466888,0.048584268831721,0.0829418199826894,2928.0,0,1.025957928070573,1.0987034713509032,1.0217309145880584,0.13345406140831406,0.0718226845334599
8544.0,0.179672,21.067927,-1.997073,22.801627,0.128541,0.075555,0.071988,0.003567,0.0529859999999999,0.0565529999999999,1.41974,0.0673183988525487,0.5005249873000348,2929.0,0,1.0233521827640797,1.49184441656217,1.0012471655328787,0.1104770686394585,0.08239540377280248
8545.0,0.179278,21.076984,-1.977123,22.804253,0.128918,0.075792,0.071689,0.0041029999999999,0.053126,0.057229,1.462173,0.0772300336928491,0.7214550152919466,2930.0,0,1.035584709341779,1.716018402342146,1.0038926681783833,0.0009940092355250618,0.0850751552653419
8546.0,0.18164,21.075671,-1.986836,22.80399,0.128936,0.07492,0.071306,0.003614,0.0540159999999999,0.05763,1.495176,0.0669048632837811,0.4913072925145083,2931.0,0,1.0428409862022177,1.5115014638227315,1.020710506424791,0.0506847791172621,0.07113524988193787
8547.0,0.180328,21.076196,-1.990773,22.80399,0.128844,0.075849,0.072114,0.003735,0.0529949999999999,0.0567299999999999,1.433884,0.0704770171333686,0.5709304891613352,2932.0,0,1.0265550780366424,1.5621079046424742,1.0014172335600897,0.08531697436521402,0.07091185011317638
8548.0,0.175997,21.067664,-1.995367,22.806222,0.128734,0.074736,0.071773,0.0029629999999999,0.0539979999999999,0.0569609999999999,1.481032,0.0548713865071574,0.2230814746817224,2933.0,0,1.0307351277991397,1.2392304475115115,1.0203703703703695,0.11589646965526834,0.0715905302121285
8549.0,0.180065,21.077902,-1.997205,22.80084,0.128707,0.074847,0.071904,0.002943,0.0538599999999999,0.0568029999999999,1.542325,0.0546406490781827,0.2179383446669962,2934.0,0,1.0278760461434056,1.2308657465496122,1.0177626606198025,0.1281070093025628,0.07109835277146463
8550.0,0.185184,21.070946,-1.992873,22.805303,0.128615,0.075314,0.070901,0.004413,0.053301,0.057714,1.254721,0.082792390529436,0.8454397737509167,2935.0,0,1.0443610042976712,1.8456712672522728,1.0071995464852617,-0.03958981428876984,0.0651111029210705
8551.0,0.182953,21.083022,-1.998648,22.802284,0.128587,0.075576,0.071925,0.003651,0.053011,0.056662,1.466888,0.0688711989738172,0.5351368530300784,2936.0,0,1.0253245871974674,1.5269761606023222,1.0017195767195777,0.09276606838920909,0.06906992651928794
8552.0,0.178622,21.070814,-1.992348,22.795457,0.129442,0.075104,0.071626,0.003478,0.054338,0.057816,1.532895,0.0640055945085483,0.4266826829532419,2937.0,0,1.0462067405564361,1.454621497281533,1.0267951625094491,0.03779867629724076,0.06639263174615913
8553.0,0.185316,21.079609,-1.986573,22.796114,0.128918,0.075366,0.072177,0.0031889999999999,0.053552,0.056741,1.382021,0.0595484846787294,0.3273338454172658,2938.0,0,1.0267541280253345,1.3337515683814443,1.0119425547996985,0.12853228700167563,0.0666514989646397
8554.0,0.185447,21.069896,-1.99353,22.797033,0.129001,0.075293,0.071542,0.003751,0.053708,0.057459,1.78278,0.0698393192947179,0.5567162244498625,2939.0,0,1.0397466636507586,1.568799665412027,1.0148904006046873,0.05060457013551711,0.06217770227688788
8555.0,0.187284,21.078821,-1.990511,22.801496,0.129138,0.074826,0.071358,0.0034679999999999,0.054312,0.05778,1.358447,0.0638521164362123,0.423261661561344,2940.0,0,1.0455553042298131,1.4504391468005207,1.0263038548752843,0.040582245217699264,0.056531954318478475
8556.0,0.185709,21.075146,-1.994842,22.798214,0.128909,0.075944,0.071951,0.0039929999999999,0.052965,0.0569579999999999,1.476317,0.0753879847449306,0.6803958023383583,2941.0,0,1.0306808414385875,1.6700125470514708,1.0008503401360553,0.02391183138597408,0.07188646009159431
8557.0,0.182953,21.057163,-1.994842,22.79362,0.128523,0.075372,0.071747,0.0036249999999999,0.053151,0.0567759999999999,1.627191,0.0682006321493074,0.5201899396604455,2942.0,0,1.0273874688984383,1.5161020493517572,1.0043650793650802,0.08790564655001987,0.06839245148568648
8558.0,0.187941,21.072521,-1.992348,22.796376,0.128569,0.075167,0.071458,0.003709,0.0534019999999999,0.0571109999999999,1.561184,0.0694530269835028,0.5481057810159708,2943.0,0,1.0334494458267351,1.551233793391951,1.0091080876795153,0.07115850277774993,0.07767935737520865
8559.0,0.183215,21.078296,-1.997992,22.794538,0.129056,0.075666,0.07193,0.003736,0.05339,0.057126,1.316014,0.0699743402446105,0.5597258371646079,2944.0,0,1.0337208776294966,1.5625261396905714,1.0088813303099027,0.07164952971846883,0.07522249269194733
8560.0,0.193978,21.079609,-1.980536,22.800052,0.128707,0.076028,0.072498,0.0035299999999999,0.0526789999999999,0.0562089999999999,1.584758,0.0670083523158692,0.4936140597758605,2945.0,0,1.017127346754127,1.4763697197825376,0.9954459561602409,0.11395524344238861,0.08314202451753386
8561.0,0.19201,21.080659,-1.990773,22.794407,0.129267,0.076437,0.07255,0.003887,0.0528299999999999,0.0567169999999999,1.438599,0.0735742272529386,0.6399672050451002,2946.0,0,1.0263198371409175,1.6256796319532254,0.9982993197278901,0.0578259823301307,0.08398670057793833
8562.0,0.196341,21.07869,-1.991561,22.799789,0.128578,0.075492,0.072219,0.0032729999999999,0.0530859999999999,0.0563589999999999,1.509321,0.0616535121592856,0.374254841569394,2947.0,0,1.0198416647817228,1.3688833124215962,1.0031368102796663,0.13066773519246244,0.09446964575995914
8563.0,0.188203,21.072783,-1.995498,22.793488,0.128753,0.074805,0.071673,0.0031319999999999,0.053948,0.05708,1.712058,0.0580548295612522,0.2940403199563839,2948.0,0,1.0328884867677006,1.3099121706399126,1.0194255479969776,0.10396364016906257,0.0936970199937099
8564.0,0.189516,21.075409,-2.000355,22.793226,0.128909,0.075482,0.072382,0.0030999999999999,0.053427,0.0565269999999999,1.433884,0.058022010930598,0.2933087937141536,2949.0,0,1.0228817009726296,1.296528649100807,1.009580498866214,0.12979988839138235,0.09176838269551081
8565.0,0.195947,21.068845,-1.991955,22.792044,0.12889,0.07449,0.071216,0.0032739999999999,0.0544,0.057674,1.363162,0.0601827172294626,0.3414708689703483,2950.0,0,1.043637186156979,1.3693015474696932,1.0279667422524574,0.049029005821743965,0.08552378526894998
8566.0,0.194897,21.056507,-1.988411,22.788894,0.129552,0.076038,0.072907,0.0031309999999999,0.053514,0.056645,1.594187,0.0585069606652339,0.3041183080045868,2951.0,0,1.0250169644876734,1.3094939355918154,1.0112244897959193,0.12874128320618217,0.08573705520418799
8567.0,0.194241,21.067402,-1.99248,22.790732,0.128808,0.074605,0.071374,0.0032309999999999,0.054203,0.057434,1.363162,0.0596081470002213,0.3286637166816588,2952.0,0,1.039294277312826,1.3513174404015202,1.0242441421012858,0.0801793888875274,0.09014350048869511
8568.0,0.192666,21.074096,-1.996548,22.789681,0.128918,0.075939,0.072051,0.003888,0.052979,0.056867,1.561184,0.0733861834654587,0.6357757149527965,2953.0,0,1.029034155168515,1.6260978670013226,1.0011148904006055,0.05187212979575906,0.08708115432924744
8569.0,0.190566,21.084203,-1.995105,22.792701,0.128596,0.075671,0.0716,0.004071,0.0529249999999999,0.0569959999999999,1.198144,0.0769187166987871,0.7145157693127844,2954.0,0,1.0313684686722453,1.7026348808030825,1.0000944822373383,0.009203555452860557,0.08969285162747774
8570.0,0.193453,21.075146,-1.993923,22.795064,0.128936,0.075792,0.072288,0.0035039999999999,0.053144,0.0566479999999999,1.103847,0.0659328252893027,0.4696405962742327,2955.0,0,1.0250712508482236,1.4654956085320143,1.004232804232805,0.11608794279476875,0.09500096091610222
8571.0,0.196997,21.074096,-1.988805,22.79362,0.128964,0.074773,0.071888,0.002885,0.0541909999999999,0.057076,1.853502,0.0532366400944791,0.1866430287006204,2956.0,0,1.0328161049536313,1.2066081137599836,1.0240173847316694,0.10189043517520191,0.0983475047540863
8572.0,0.196472,21.069108,-1.99248,22.792438,0.128798,0.075078,0.071715,0.003363,0.0537199999999999,0.0570829999999999,1.679054,0.0626012174010164,0.3953791615183442,2957.0,0,1.0329427731282506,1.4065244667503725,1.0151171579743,0.10004427359798573,0.0959852915732162
8573.0,0.197522,21.070814,-1.994055,22.788762,0.128707,0.074946,0.07192,0.003026,0.0537609999999999,0.0567869999999999,1.377306,0.0562851084409062,0.2545932919982732,2958.0,0,1.0275865188871287,1.2655792555416672,1.0158919123204828,0.13008061315136554,0.09169857827243437
8574.0,0.200016,21.076459,-1.990248,22.787844,0.128844,0.075078,0.072582,0.002496,0.0537659999999999,0.0562619999999999,1.433884,0.0464225268287241,0.0347566589140515,2959.0,0,1.0180864057905443,1.0439146800502317,1.015986394557822,0.18288098127762703,0.09435729200243119
8575.0,0.200147,21.080003,-1.99668,22.79467,0.129056,0.075361,0.071789,0.0035719999999999,0.053695,0.057267,1.504606,0.0665226460071512,0.4827876814729979,2960.0,0,1.0362723365754363,1.4939355918026136,1.0146447467876047,0.0824944442015848,0.09917161923291609
8576.0,0.201066,21.071996,-1.988017,22.792832,0.128624,0.074337,0.071647,0.0026899999999999,0.0542869999999999,0.0569769999999999,1.330158,0.0495505452402003,0.1044800906527567,2961.0,0,1.0310246550554165,1.1250522793810174,1.0258314436885856,0.10511915139748118,0.09867372765334378
8577.0,0.199622,21.08079,-1.995367,22.792832,0.128468,0.075907,0.071967,0.0039399999999999,0.052561,0.0565009999999999,1.160425,0.0749590959248125,0.6708358840644493,2962.0,0,1.0224112191811798,1.6478460895023272,0.9932161753590333,0.03731225587970921,0.09325885035949746
8578.0,0.206973,21.072127,-1.987886,22.792044,0.129001,0.076191,0.072382,0.0038089999999999,0.05281,0.056619,1.660195,0.0721251254473498,0.6076667715010646,2963.0,0,1.0245464826962236,1.593057298201614,0.9979213907785346,0.07845926709572726,0.09518386553140742
8579.0,0.204741,21.072258,-1.99353,22.789944,0.12957,0.075498,0.072025,0.0034729999999999,0.0540719999999999,0.0575449999999999,1.41031,0.0642279880901742,0.431639828873716,2964.0,0,1.041302872653245,1.452530322041006,1.0217687074829922,0.057346827757709384,0.09397933128891167
8580.0,0.202247,21.065039,-1.991298,22.787975,0.129157,0.075671,0.072251,0.00342,0.0534859999999999,0.056906,1.183999,0.0639407706545517,0.4252377612921054,2965.0,0,1.0297398778556897,1.4303638644919041,1.010695389266817,0.11110902699904579,0.08214684364601191
8581.0,0.204216,21.07554,-1.993267,22.791257,0.129203,0.075004,0.071479,0.003525,0.054199,0.057724,1.608332,0.0650369003690036,0.4496704580569213,2966.0,0,1.0445419588328442,1.474278544542094,1.0241685563114142,0.04774166223673859,0.08817938488283109
8582.0,0.205004,21.065826,-1.992086,22.790338,0.12889,0.075251,0.072067,0.0031839999999999,0.053639,0.056823,1.542325,0.0593586875466068,0.323103273328176,2967.0,0,1.0282379552137535,1.331660393140959,1.0135865457294038,0.11929442531708556,0.08126111766232749
8583.0,0.197916,21.069239,-1.993923,22.790994,0.12878,0.075765,0.072277,0.003488,0.053015,0.056503,1.41974,0.0657914591821337,0.4664895502039161,2968.0,0,1.0224474100882162,1.4588038477625036,1.001795162509449,0.11803527072640796,0.0806871042975243
8584.0,0.20146,21.063989,-1.995498,22.790075,0.1289,0.074353,0.071411,0.002942,0.0545469999999999,0.0574889999999999,1.584758,0.0539341497396788,0.2021904966936936,2969.0,0,1.040289527256276,1.2304475115015152,1.0307445200302334,0.06455610484862928,0.08394219477945677
8585.0,0.20671,21.080528,-1.995367,22.791519,0.128587,0.0746,0.071936,0.0026639999999999,0.053987,0.056651,1.358447,0.0493442987330517,0.0998828625131256,2970.0,0,1.0251255372087773,1.114178168130494,1.0201625094482247,0.14281985656977658,0.09240061819943772
8586.0,0.203166,21.067008,-1.992348,22.788762,0.128459,0.075582,0.071626,0.003956,0.0528769999999999,0.0568329999999999,1.481032,0.0748137221528802,0.6675955072729522,2971.0,0,1.0284189097489247,1.654537850271922,0.9991874527588804,0.03593647919244514,0.10132256080796127
8587.0,0.207629,21.072521,-1.993661,22.793751,0.128863,0.076154,0.072156,0.003998,0.052709,0.056707,1.382021,0.0758489850123316,0.6906714837594561,2972.0,0,1.0261388826057463,1.6721037222919979,0.996012849584279,0.03157212223167738,0.10204112783808712
8588.0,0.201591,21.077509,-1.992086,22.79165,0.129157,0.075561,0.072261,0.0032999999999999,0.0535959999999999,0.0568959999999999,1.325443,0.0615706102953523,0.3724069616369223,2973.0,0,1.029558923320515,1.3801756587202165,1.0127739984882833,0.11101017191505214,0.09508390227099373
8589.0,0.206447,21.084072,-1.994973,22.791388,0.12912,0.075225,0.07245,0.0027749999999999,0.053895,0.05667,1.443314,0.0514880510613032,0.1476670342990556,2974.0,0,1.0254693508256059,1.1606022584692663,1.01842403628118,0.14193106195751892,0.08831777921898015
8590.0,0.208416,21.068714,-1.997073,22.792569,0.128964,0.07554,0.072907,0.0026329999999999,0.053424,0.0560569999999999,1.372591,0.049284043051006,0.0985397652607014,2975.0,0,1.0143768378194968,1.1012128816394857,1.0095238095238104,0.2003284530842812,0.09330538480514403
8591.0,0.205004,21.069502,-1.993792,22.792701,0.129166,0.074432,0.071495,0.0029369999999999,0.054734,0.057671,1.353732,0.0536585365853657,0.1960470881764886,2976.0,0,1.0435828997964272,1.2283563362609882,1.034278155706728,0.05492733253799709,0.09105843364502657
8592.0,0.209335,21.063858,-1.999305,22.788106,0.128743,0.074868,0.071174,0.003694,0.0538749999999999,0.0575689999999999,1.490462,0.0685648526245453,0.5283084025665197,2977.0,0,1.0417371635376602,1.5449602676704952,1.0180461073318208,0.049722169646151615,0.10038527083137547
8593.0,0.208679,21.076852,-1.999173,22.796376,0.128514,0.075125,0.071285,0.0038399999999999,0.0533889999999999,0.0572289999999999,1.499891,0.0719235811949802,0.6031743564721563,2978.0,0,1.035584709341777,1.6060225846926224,1.0088624338624328,0.05037404020627212,0.10894343142237388
8594.0,0.212223,21.07659,-1.998648,22.790994,0.128661,0.074915,0.07171,0.0032049999999999,0.053746,0.056951,1.594187,0.0596312352317338,0.3291783526339038,2979.0,0,1.0305541732639685,1.3404433291509972,1.0156084656084665,0.11443216071026796,0.10801203547257024
8595.0,0.209466,21.080265,-1.986705,22.794276,0.128486,0.075429,0.071946,0.003483,0.0530569999999999,0.0565399999999999,1.429169,0.0656451430510008,0.4632281682555577,2980.0,0,1.0231169418683548,1.456712672522018,1.002588813303098,0.12035034496860209,0.10820913071882562
8596.0,0.213929,21.076459,-1.993136,22.794801,0.128753,0.075786,0.072345,0.0034409999999999,0.052967,0.056408,1.193429,0.0649637516991391,0.448039976512641,2981.0,0,1.0207283420040725,1.4391468005019004,1.0008881330309911,0.12920485105593427,0.09331503272516925
8597.0,0.212485,21.080003,-1.997336,22.794276,0.129184,0.076338,0.072818,0.00352,0.0528459999999999,0.056366,1.349017,0.0666073760099913,0.4846763105640437,2982.0,0,1.0199683329563456,1.472187369301609,0.9986016628873762,0.11715372814166136,0.09886402365121454
8598.0,0.21406,21.078296,-1.999567,22.791125,0.128991,0.074931,0.071915,0.0030159999999999,0.05406,0.0570759999999999,1.250006,0.0557888311351989,0.243531286505914,2983.0,0,1.0328161049536295,1.2613969050606548,1.0215419501133796,0.10169621241701565,0.09810717603918206
8599.0,0.208154,21.080134,-2.003767,22.795195,0.128982,0.075534,0.072576,0.002958,0.053448,0.056406,1.471602,0.0553424760051638,0.2335820447348153,2984.0,0,1.0206921510970377,1.2371392722710681,1.0099773242630394,0.1439020144200729,0.10466997205567816
8600.0,0.212748,21.071077,-1.994973,22.790732,0.129129,0.074694,0.071447,0.003247,0.054435,0.057682,1.160425,0.0596480270409287,0.3295526415312699,2985.0,0,1.0437819497851173,1.358009201171115,1.028628117913833,0.05138747314771752,0.10237441531356069
8601.0,0.211041,21.087353,-1.998123,22.796508,0.129102,0.075729,0.072282,0.003447,0.0533729999999999,0.0568199999999999,1.316014,0.0645820062202571,0.4395308818280539,2986.0,0,1.0281836688531998,1.4416562107905244,1.0085600907029468,0.11041724179844992,0.09770501201816163
8602.0,0.21091,21.074227,-1.997467,22.79572,0.128771,0.075954,0.07202,0.0039339999999999,0.052817,0.0567509999999999,1.452743,0.0744821841039038,0.6602055346174904,2987.0,0,1.0269350825605057,1.6453366792137452,0.9980536659108097,0.042153693525826874,0.09225022348249008
8603.0,0.215635,21.082628,-1.995367,22.794276,0.128872,0.074705,0.071983,0.0027219999999999,0.0541669999999999,0.0568889999999999,1.15571,0.0502510707428738,0.1200947820138036,2988.0,0,1.0294322551458936,1.1384358009201228,1.0235638699924405,0.1160020003712331,0.08789382740348543
8604.0,0.216029,21.074358,-2.003767,22.79362,0.12923,0.075513,0.07203,0.003483,0.053717,0.0572,1.316014,0.0648386015860605,0.44525038443917,2989.0,0,1.035059941189777,1.456712672522018,1.015060468631898,0.09147659328909319,0.08893260596274064
8605.0,0.208285,21.078165,-1.998386,22.795195,0.129028,0.074983,0.071636,0.0033469999999999,0.054045,0.057392,1.377306,0.0619287273803794,0.3803893801676914,2990.0,0,1.0385342682650993,1.3998327059807778,1.0212585034013615,0.07365631201461154,0.07809392186018302
8606.0,0.212354,21.081447,-1.996155,22.797295,0.129295,0.075524,0.071957,0.003567,0.053771,0.057338,1.65548,0.0663356393662129,0.4786193093443973,2991.0,0,1.037557113775165,1.49184441656217,1.0160808767951635,0.07465696569921876,0.07672848523994782
8607.0,0.208548,21.083415,-2.000355,22.794801,0.128918,0.074679,0.071468,0.0032109999999999,0.054239,0.05745,1.551754,0.0591998525073744,0.3195628453131096,2992.0,0,1.039583804569103,1.3429527394395793,1.0249244142101295,0.07358976735161493,0.07421233129976172
8608.0,0.211566,21.072783,-1.995105,22.798214,0.12844,0.074537,0.071432,0.003105,0.0539029999999999,0.057008,1.669624,0.0576024042742655,0.2839557745782797,2993.0,0,1.0315856141144548,1.298619824341334,1.0185752078609212,0.1120839980095677,0.08209065137161521
8609.0,0.21091,21.079084,-2.000486,22.801365,0.128762,0.07545,0.071537,0.003913,0.0533119999999999,0.0572249999999999,1.382021,0.0733967325042672,0.6360108526951382,2994.0,0,1.0355123275277078,1.6365537432037487,1.0074074074074064,0.03551517339449661,0.07951141815313369
8610.0,0.218392,21.07554,-1.98933,22.799002,0.12867,0.075555,0.071615,0.0039399999999999,0.053115,0.057055,1.617761,0.0741772723849687,0.6534090620188937,2995.0,0,1.032436100429768,1.6478460895023272,1.0036848072562368,0.03773310694536569,0.0753895599205057
8611.0,0.222854,21.076721,-1.994186,22.796114,0.128624,0.07492,0.071374,0.0035459999999999,0.0537039999999999,0.0572499999999999,1.452743,0.0660273717530955,0.4717480339703175,2996.0,0,1.0359647138656403,1.4830614805520903,1.0148148148148137,0.08525570239658886,0.07528379785667524
8612.0,0.214717,21.079871,-1.996811,22.798477,0.128789,0.075314,0.072004,0.00331,0.0534749999999999,0.0567849999999999,1.41974,0.0618969257236892,0.379680522243045,2997.0,0,1.0275503279800942,1.3843580092012289,1.0104875283446701,0.12093689424436171,0.06662713725436736
8613.0,0.216029,21.083022,-1.993792,22.799789,0.129092,0.07534,0.071878,0.003462,0.053752,0.057214,1.443314,0.0644057075884137,0.4356011908844643,2998.0,0,1.0353132775390192,1.44792973651198,1.0157218442932738,0.09020966818641785,0.06770607614606824
8614.0,0.222461,21.078559,-1.998648,22.797427,0.128872,0.075272,0.071489,0.003783,0.0535999999999999,0.0573829999999999,1.617761,0.070577041473107,0.573160028539484,2999.0,0,1.0383714091834417,1.5821831869511325,1.0128495842781546,0.05025801096281324,0.059874911444814584
8615.0,0.218523,21.071471,-1.999436,22.79467,0.129074,0.075025,0.071678,0.0033469999999999,0.054049,0.0573959999999999,1.193429,0.0619241443108231,0.3802872236918235,3000.0,0,1.0386066500791666,1.3998327059807778,1.021334089191233,0.07259869137630715,0.07122478644167628
8616.0,0.215373,21.092473,-2.002455,22.797033,0.128918,0.075571,0.071421,0.00415,0.053347,0.057497,1.509321,0.0777911074454525,0.7339613315420355,3001.0,0,1.0404342908844162,1.735675449602749,1.008068783068784,-0.011909640323860105,0.07594740671951034
8617.0,0.217079,21.069633,-1.995761,22.797033,0.12901,0.074915,0.071684,0.0032309999999999,0.054095,0.057326,1.730917,0.0597271517302572,0.331316328360925,3002.0,0,1.0373399683329574,1.3513174404015202,1.0222033257747551,0.0843791562686238,0.07161463623398476
8618.0,0.220098,21.079346,-1.991561,22.79782,0.128835,0.074778,0.071069,0.003709,0.054057,0.057766,1.306584,0.0686114913611307,0.5293479785340909,3003.0,0,1.0453019678805708,1.551233793391951,1.021485260770976,0.03377235099703102,0.06990618218202324
8619.0,0.220754,21.076459,-1.995761,22.799396,0.128743,0.07492,0.072156,0.002764,0.0538229999999999,0.056587,1.103847,0.0513525564803805,0.1446468643635887,3004.0,0,1.0239674281836697,1.1560016729402407,1.0170634920634911,0.1490139233631136,0.07056817988809576
8620.0,0.223511,21.086434,-1.997205,22.799264,0.128449,0.074595,0.071159,0.0034359999999999,0.053854,0.05729,1.235862,0.0638009469872805,0.4221210961584642,3005.0,0,1.0366885320063344,1.437055625261415,1.0176492819349972,0.08495930972370624,0.0827496663212369
8621.0,0.221936,21.077771,-1.988673,22.798477,0.128486,0.075503,0.071573,0.00393,0.0529829999999999,0.0569129999999999,1.726202,0.0741733353465197,0.6533213055560352,3006.0,0,1.029866546030309,1.6436637390213988,1.001190476190475,0.04192799754133303,0.07923638650847727
8622.0,0.216423,21.088797,-2.00088,22.798214,0.129129,0.075813,0.072288,0.003525,0.0533159999999999,0.0568409999999999,1.278295,0.0661139974117073,0.4736789171687299,3007.0,0,1.0285636733770631,1.474278544542094,1.007482993197278,0.10385235372474666,0.09280544653535101
8623.0,0.228236,21.083284,-1.994448,22.798214,0.128945,0.075219,0.071836,0.0033829999999999,0.053726,0.057109,1.53761,0.0629664786792487,0.403520823890338,3008.0,0,1.0334132549197024,1.4148891677122715,1.015230536659109,0.09682964524714299,0.09745513144604635
8624.0,0.225611,21.080396,-1.997336,22.801102,0.128817,0.074815,0.072424,0.002391,0.0540019999999999,0.0563929999999999,1.363162,0.0442753180378868,0.0131045573139051,3009.0,0,1.020456910201311,1.0000000000000417,1.0204459561602408,0.17207287529422466,0.1058993736638459
8625.0,0.220754,21.079609,-1.997598,22.797164,0.128771,0.074232,0.070922,0.00331,0.0545389999999999,0.057849,1.367877,0.0606894022735608,0.3527648626231952,3010.0,0,1.0468038905225072,1.3843580092012289,1.0305933484504903,0.03746589324871075,0.09057660878210028
8626.0,0.227448,21.088272,-1.998255,22.79677,0.128789,0.075613,0.072177,0.0034359999999999,0.0531759999999999,0.0566119999999999,1.363162,0.0646144009628221,0.4402529596181455,3011.0,0,1.0244198145216006,1.437055625261415,1.0048374905517752,0.12378095994487737,0.08436611556893193
8627.0,0.231123,21.075409,-2.001405,22.795457,0.129111,0.075681,0.072534,0.0031469999999999,0.05343,0.056577,1.377306,0.0588983923190656,0.312843307223317,3012.0,0,1.0237864736484967,1.316185696361368,1.0096371882086177,0.1308760053755772,0.08370643671624892
8628.0,0.228367,21.083022,-1.995498,22.799264,0.128817,0.075114,0.071909,0.0032049999999999,0.0537029999999999,0.0569079999999999,1.452743,0.0596789810814836,0.3302426061189938,3013.0,0,1.0297760687627224,1.3404433291509972,1.0147959183673458,0.11821477317502649,0.0825573422672116
8629.0,0.226792,21.081709,-1.986836,22.79467,0.128826,0.075498,0.07139,0.004108,0.053328,0.057436,1.457458,0.0770312587897766,0.7170243289715301,3014.0,0,1.0393304682198607,1.7181095775826731,1.0077097505668944,-0.004213725454342621,0.08072048413807136
8630.0,0.222986,21.07554,-1.993923,22.796376,0.129046,0.075429,0.071521,0.0039079999999999,0.053617,0.0575249999999999,1.806354,0.0728859711290983,0.6246259977512851,3015.0,0,1.040940963582899,1.6344625679632219,1.0131708238851105,0.0228543775920228,0.06545148474338232
8631.0,0.225742,21.085122,-2.001405,22.799002,0.128762,0.074474,0.070917,0.003557,0.0542879999999999,0.0578449999999999,1.532895,0.0655197185433514,0.4604324599357574,3016.0,0,1.0467315087084361,1.4876620660811997,1.0258503401360535,0.03533120901450293,0.0746993494131814
8632.0,0.223904,21.073965,-2.000355,22.797558,0.128486,0.074327,0.071416,0.002911,0.0541589999999999,0.0570699999999999,1.481032,0.0537481536189071,0.198044649027737,3017.0,0,1.0327075322325256,1.2174822250105066,1.0234126984126974,0.09236140923437353,0.0749785656328932
8633.0,0.224298,21.073046,-2.004948,22.797427,0.1289,0.075487,0.071867,0.0036199999999999,0.0534129999999999,0.0570329999999999,1.245292,0.0677724941026697,0.5106467561037344,3018.0,0,1.0320380004523855,1.514010874111272,1.0093159486016618,0.07846106395574048,0.07507382260753784
8634.0,0.236636,21.081578,-1.995236,22.797689,0.128596,0.075755,0.071736,0.004019,0.0528409999999999,0.0568599999999999,1.433884,0.0760569244161842,0.6953064465132284,3019.0,0,1.028907486993892,1.6808866583020359,0.9985071806500369,0.019382881347334235,0.06323286236404077
8635.0,0.232436,21.083547,-1.995892,22.794932,0.129102,0.075897,0.072692,0.0032049999999999,0.0532049999999999,0.0564099999999999,1.320729,0.0602375671916701,0.3426934728980648,3020.0,0,1.0207645329111052,1.3404433291509972,1.0053854875283437,0.12994453994670163,0.0761882111453138
8636.0,0.225217,21.081053,-1.999436,22.793094,0.129001,0.075697,0.072471,0.003226,0.053304,0.05653,1.504606,0.0605196510646282,0.3489811135297902,3021.0,0,1.0229359873331834,1.349226265161077,1.0072562358276653,0.12657312214199523,0.07679607653421423
8637.0,0.230073,21.08696,-1.998648,22.800315,0.128844,0.075372,0.072225,0.0031469999999999,0.0534719999999999,0.0566189999999999,1.17457,0.0588521309819908,0.3118121434789345,3022.0,0,1.0245464826962216,1.316185696361368,1.0104308390022667,0.13182857512202373,0.0816812075943941
8638.0,0.228761,21.070158,-1.997073,22.797033,0.128798,0.075671,0.071563,0.004108,0.0531269999999999,0.0572349999999999,1.132136,0.0773226923656076,0.7235203741854153,3023.0,0,1.0356932820628808,1.7181095775826731,1.0039115646258494,-0.00019482925994429579,0.07819881946404465
8639.0,0.233748,21.074621,-2.00088,22.794276,0.129157,0.076033,0.072697,0.003336,0.0531239999999999,0.0564599999999999,1.532895,0.0627952941176471,0.3997051254111485,3024.0,0,1.0216693055869703,1.3952321204517522,1.0038548752834457,0.12533976235838773,0.07985838416599936
8640.0,0.227186,21.082759,-1.996417,22.796639,0.129249,0.075099,0.071453,0.0036459999999999,0.05415,0.057796,1.518751,0.0673302432088049,0.5007889976274318,3025.0,0,1.04584483148609,1.5248849853617952,1.0232426303854885,0.028933031481027105,0.08844050916334757
8641.0,0.236505,21.081053,-2.002717,22.802809,0.128955,0.075225,0.071705,0.0035199999999999,0.0537299999999999,0.0572499999999999,1.509321,0.0655115296569949,0.4602499299171372,3026.0,0,1.0359647138656403,1.472187369301567,1.0153061224489786,0.08418251961630152,0.08703199567157131
8642.0,0.234405,21.091947,-1.989986,22.797558,0.12889,0.075545,0.07172,0.0038249999999999,0.053345,0.05717,1.17457,0.0717017208413001,0.5982290961857744,3027.0,0,1.0345170775842578,1.5997490589711667,1.0080309901738482,0.057537527930879184,0.08852265025829756
8643.0,0.23388,21.072127,-1.997073,22.800446,0.129028,0.075786,0.072204,0.003582,0.053242,0.056824,1.523465,0.0672764494863174,0.4995899372497612,3028.0,0,1.0282560506672707,1.498117942283626,1.006084656084657,0.09505671097528745,0.08670745620221815
8644.0,0.235848,21.089847,-1.993136,22.806222,0.128808,0.074941,0.071684,0.0032569999999999,0.053867,0.057124,1.349017,0.0604626123115763,0.3477097215231828,3029.0,0,1.0336846867224618,1.3621915516520435,1.0178949357520795,0.10520413132081641,0.08807904270618637
8645.0,0.228629,21.075934,-1.999961,22.802284,0.128936,0.075508,0.072098,0.00341,0.0534279999999999,0.056838,1.490462,0.0638230174624269,0.4226130463534079,3030.0,0,1.028509387016513,1.4261815140109335,1.00959939531368,0.1158594050289391,0.0819394008395499
8646.0,0.233486,21.084991,-1.99458,22.803071,0.129184,0.075188,0.072519,0.002669,0.0539959999999999,0.0566649999999999,1.660195,0.0494286719632573,0.1017635391533995,3031.0,0,1.0253788735580176,1.1162693433710211,1.0203325774754335,0.1414796680092577,0.08265718498707855
8647.0,0.231517,21.077115,-1.990117,22.80084,0.12923,0.07575,0.072366,0.0033839999999999,0.05348,0.056864,1.377306,0.0632748078756941,0.4103934719548563,3032.0,0,1.0289798688079628,1.4153074027603687,1.0105820105820116,0.11367663456122956,0.07618726739590782
8648.0,0.236767,21.086697,-2.004555,22.801102,0.129037,0.076096,0.072062,0.0040339999999999,0.052941,0.056975,1.17457,0.0761965924974499,0.6984196436397141,3033.0,0,1.0309884641483835,1.6871601840234496,1.0003968253968263,0.013521035779737955,0.08150803159714279
8649.0,0.237161,21.079609,-1.99773,22.806222,0.129414,0.075072,0.071857,0.0032149999999999,0.054342,0.057557,1.617761,0.0591612535193124,0.3187024750865621,3034.0,0,1.0415200180954545,1.3446256796319673,1.0268707482993207,0.06394334369202304,0.0851813067131419
8650.0,0.237949,21.085384,-1.994842,22.802284,0.129221,0.07554,0.071689,0.0038509999999999,0.053681,0.057532,1.457458,0.07173726761298,0.5990214326054268,3035.0,0,1.0410676317575218,1.61062317022169,1.0143801965230546,0.036110872956313544,0.07968102988462512
8651.0,0.237424,21.085384,-1.994448,22.80084,0.12923,0.076138,0.072125,0.004013,0.053092,0.057105,1.443314,0.0755843519861375,0.6847728219517262,3036.0,0,1.0333408731056333,1.6783772480134536,1.0032501889644756,0.019483343704594258,0.07378056962257859
8652.0,0.242674,21.07554,-2.004292,22.798608,0.129193,0.075156,0.072256,0.0029,0.054037,0.056937,1.532895,0.0536659387838187,0.1962120829465523,3037.0,0,1.0303008369147262,1.212881639481439,1.0211073318216184,0.11074516994322892,0.06556988203850544
8653.0,0.241624,21.074096,-1.999042,22.797295,0.129102,0.075912,0.072734,0.003178,0.05319,0.056368,1.344303,0.0597469496719369,0.3317576238565682,3038.0,0,1.0200045238633804,1.3291509828524184,1.0051020408163274,0.13178946213527853,0.06181419782400784
8654.0,0.242411,21.073308,-1.999305,22.799921,0.129203,0.074322,0.071395,0.0029269999999999,0.054881,0.057808,1.452743,0.0533326044969206,0.1887820722044655,3039.0,0,1.0460619769282977,1.2241739857800178,1.0370559334845058,0.050201363035648594,0.07263489683896077
8655.0,0.237949,21.086697,-2.002586,22.799133,0.128569,0.073366,0.070854,0.002512,0.0552029999999999,0.0577149999999999,1.457458,0.0455039489892036,0.0142815878417339,3040.0,0,1.0443790997511866,1.0506064408197846,1.04314058956916,0.05685480240847374,0.07042165261134375
8656.0,0.243986,21.086828,-2.003636,22.798083,0.128569,0.075156,0.071348,0.003808,0.0534129999999999,0.0572209999999999,1.033125,0.0712921705919797,0.5891002340450364,3041.0,0,1.0354399457136385,1.5926390631535587,1.0093159486016618,0.05937279216852631,0.07282770232421819
8657.0,0.240836,21.085909,-1.99248,22.798214,0.128394,0.075041,0.071369,0.0036719999999999,0.053353,0.057025,1.495176,0.0688233309592531,0.5340698764951315,3042.0,0,1.0318932368242488,1.5357590966123185,1.008182161753591,0.07611979241625355,0.07652702286850269
8658.0,0.245955,21.08184,-1.997073,22.796376,0.12867,0.07533,0.071946,0.0033839999999999,0.05334,0.056724,1.169855,0.0634408803734462,0.4140952226920695,3043.0,0,1.0264465053155403,1.4153074027603687,1.0079365079365088,0.12172802592926713,0.06778730363166927
8659.0,0.248974,21.083284,-1.999961,22.796376,0.128504,0.075849,0.07193,0.003919,0.052655,0.056574,1.485747,0.0744264661197205,0.6589635825073081,3044.0,0,1.0237321872879448,1.639063153492331,0.9949924414210137,0.041810901415852975,0.06702113275787822
8660.0,0.247924,21.071602,-1.997336,22.795195,0.128872,0.075734,0.071904,0.00383,0.0531379999999999,0.0569679999999999,1.589473,0.0720751237320988,0.6065522348451007,3045.0,0,1.0308617959737607,1.6018402342116937,1.004119425547996,0.06017137008505791,0.07497978963992663
8661.0,0.252912,21.086697,-2.007573,22.795589,0.129166,0.074631,0.071605,0.003026,0.054535,0.057561,1.363162,0.0554862842892768,0.2367875268521921,3046.0,0,1.0415923999095238,1.2655792555416672,1.0305177626606208,0.05647654914743916,0.07898875024132627
8662.0,0.250286,21.077246,-2.005473,22.797427,0.128991,0.075046,0.071206,0.0038399999999999,0.0539449999999999,0.0577849999999999,1.40088,0.0711822934045155,0.5866510750018246,3047.0,0,1.0456457814973978,1.6060225846926224,1.019368858654572,0.023347977574894818,0.07972977121715538
8663.0,0.251861,21.086697,-2.003242,22.796639,0.128743,0.0746,0.071967,0.0026329999999999,0.054143,0.0567759999999999,1.363162,0.0486295803782505,0.0839518129257714,3048.0,0,1.0273874688984383,1.1012128816394857,1.0231103552532133,0.12412775339736792,0.07937766111316075
8664.0,0.250549,21.075277,-2.003373,22.79677,0.128844,0.075251,0.072161,0.0030899999999999,0.0535929999999999,0.0566829999999999,1.264151,0.0576557077284769,0.2851439068915398,3049.0,0,1.0257045917213292,1.2923462986198366,1.0127173091458794,0.1297879318561328,0.07791705082926106
8665.0,0.252912,21.080396,-1.998123,22.794932,0.128854,0.073917,0.071489,0.0024279999999999,0.054937,0.057365,1.141566,0.044195274673268,0.0148887213868089,3050.0,0,1.038045691020132,1.0154746967795907,1.038114134542707,0.09694440842247021,0.07907025169813976
8666.0,0.248711,21.07974,-2.004948,22.799133,0.128477,0.074983,0.071248,0.0037349999999999,0.053494,0.057229,1.514036,0.069819609309281,0.5562768894960981,3051.0,0,1.035584709341779,1.5621079046424324,1.0108465608465618,0.06678300192681741,0.08474402730075965
8667.0,0.252649,21.084334,-2.013742,22.800446,0.128697,0.074642,0.07129,0.0033519999999999,0.054055,0.057407,1.631906,0.0620097676483645,0.3821957651851879,3052.0,0,1.0388057000678588,1.401923881221263,1.0214474678760401,0.07259869137630715,0.08229350319187802
8668.0,0.257112,21.076984,-2.000223,22.79782,0.128477,0.07503,0.071558,0.003472,0.053447,0.056919,1.547039,0.0649603352791498,0.44796382461883,3053.0,0,1.0299751187514146,1.4521120869929505,1.0099584278155715,0.10712192309027035,0.08621474218289464
8669.0,0.250286,21.072652,-1.996023,22.805434,0.128918,0.075083,0.071395,0.0036879999999999,0.053835,0.057523,1.481032,0.0685043465339177,0.5269597237147043,3054.0,0,1.040904772675866,1.5424508573818712,1.0172902494331075,0.053342910104639873,0.08794247855539004
8670.0,0.263281,21.081578,-2.001798,22.801759,0.12855,0.075734,0.072219,0.0035149999999999,0.052816,0.0563309999999999,1.485747,0.0665505424389872,0.483409492058811,3055.0,0,1.0193349920832382,1.470096194061082,0.9980347694633418,0.11690912611125681,0.08707971934481132
8671.0,0.261443,21.073965,-1.99668,22.800183,0.129322,0.07492,0.071489,0.003431,0.0544019999999999,0.0578329999999999,1.245292,0.0630663750160837,0.4057475100878069,3056.0,0,1.0465143632662284,1.4349644500209717,1.0280045351473914,0.031971308058622805,0.08202195297323815
8672.0,0.266299,21.085516,-1.993661,22.806878,0.128955,0.0747,0.07139,0.00331,0.0542549999999999,0.0575649999999999,1.061414,0.0610070775582425,0.3598458346997395,3057.0,0,1.0416647817235911,1.3843580092012289,1.0252267573696134,0.06256036748506111,0.07771115717685538
8673.0,0.258818,21.076065,-2.001798,22.800315,0.128918,0.074831,0.072372,0.0024589999999999,0.054087,0.056546,1.452743,0.0454629492678595,0.0133677053460441,3058.0,0,1.0232255145894602,1.0284399832705993,1.0220521541950123,0.14140511712232195,0.0806650475132727
8674.0,0.261968,21.091422,-1.996811,22.807009,0.12923,0.074983,0.072398,0.0025849999999999,0.054247,0.056832,1.509321,0.0476515263235509,0.062151018892903,3059.0,0,1.0284008142954093,1.0811375993308272,1.0250755857898723,0.12116033975034546,0.08471788378569926
8675.0,0.269187,21.082628,-2.003767,22.80294,0.129368,0.074936,0.071631,0.003305,0.054432,0.057737,1.226432,0.0607168445612037,0.3533765503492656,3060.0,0,1.044777199728569,1.3822668339607438,1.0285714285714296,0.04636674470673863,0.08996913885262126
8676.0,0.27155,21.08289,-2.003898,22.804647,0.129102,0.074673,0.071153,0.00352,0.0544289999999999,0.057949,1.367877,0.0646702186294324,0.4414971336464819,3061.0,0,1.0486134358742376,1.472187369301609,1.028514739229024,0.023675043962989695,0.07959563984154758
8677.0,0.261443,21.08906,-2.007048,22.807009,0.129056,0.075172,0.071894,0.003278,0.053884,0.057162,1.532895,0.0608332560081655,0.3559713578306001,3062.0,0,1.0343723139561194,1.3709744876621233,1.0182161753590335,0.10213759474048034,0.07670954045886731
8678.0,0.266168,21.094048,-1.996548,22.810029,0.128826,0.075666,0.07266,0.0030059999999999,0.05316,0.0561659999999999,1.490462,0.0565452117153551,0.2603909857824644,3063.0,0,1.016349242252883,1.2572145545796845,1.0045351473922912,0.147650285814536,0.08187753316862592
8679.0,0.264199,21.080528,-2.000617,22.806747,0.128991,0.075067,0.071867,0.0031999999999999,0.053924,0.0571239999999999,1.198144,0.0593416782568381,0.3227241367956786,3064.0,0,1.03368468672246,1.3383521539105117,1.0189720332577485,0.10585546077385977,0.0781728198905777
8680.0,0.266431,21.083284,-2.001011,22.810029,0.129028,0.075954,0.071899,0.0040549999999999,0.053074,0.057129,1.476317,0.0764013188883653,0.7029829884364482,3065.0,0,1.0337751639900483,1.6959431200334878,1.0029100529100539,0.013174136000519976,0.070039910153633
8681.0,0.2726,21.081315,-2.001798,22.807009,0.128743,0.074679,0.07077,0.0039089999999999,0.054064,0.057973,1.433884,0.072301858873578,0.6116061539977786,3066.0,0,1.0490477267586529,1.6348808030113189,1.021617535903251,0.003110314231820177,0.08100183677274614
8682.0,0.266693,21.079478,-2.005736,22.807272,0.128982,0.075172,0.07203,0.003142,0.05381,0.056952,1.542325,0.0583895486053038,0.3015011968917487,3067.0,0,1.0305722687174856,1.3140945211209247,1.0168178382464106,0.11424029458264728,0.09391043697643184
8683.0,0.27155,21.075802,-2.002323,22.805303,0.129166,0.075366,0.072093,0.0032729999999999,0.0538,0.057073,1.542325,0.0608353004590992,0.3560169285774321,3068.0,0,1.0327618185930794,1.3688833124215962,1.0166288737717317,0.10435798434183974,0.0874671372722063
8684.0,0.26945,21.08289,-2.00403,22.807797,0.129028,0.073529,0.070723,0.002806,0.055499,0.058305,1.476317,0.0505585585585586,0.126948675727704,3069.0,0,1.0550554173263977,1.1735675449603167,1.0487339380196532,0.039831242380898524,0.08555308891546395
8685.0,0.275093,21.081447,-1.99878,22.808191,0.128385,0.07471,0.071909,0.0028009999999999,0.053675,0.056476,1.268866,0.0521834711975556,0.1631679272035942,3070.0,0,1.021958832843249,1.1714763697197896,1.0142668178382472,0.1559860108978699,0.0737455608472554
8686.0,0.278506,21.091685,-2.000223,22.806747,0.128936,0.075603,0.072702,0.002901,0.0533329999999999,0.0562339999999999,1.240577,0.0543930700866239,0.2124198167534272,3071.0,0,1.0175797330920597,1.2132998745295362,1.0078042328042318,0.15276104599984675,0.0813439481049457
8687.0,0.271025,21.086828,-2.003373,22.807666,0.12901,0.074505,0.071216,0.003289,0.054505,0.057794,1.382021,0.0603419806993725,0.3450208466917033,3072.0,0,1.0458086405790554,1.3755750731911909,1.0299508692365844,0.03770459769822487,0.0885970431049018
8688.0,0.275487,21.080265,-2.003898,22.806091,0.129157,0.075681,0.072503,0.003178,0.0534759999999999,0.0566539999999999,1.598902,0.0594274173943938,0.32463525946771,3073.0,0,1.0251798235693272,1.3291509828524184,1.010506424792138,0.1285098022471125,0.07903055778760364
8689.0,0.2747,21.070683,-2.011379,22.806484,0.129065,0.075823,0.071631,0.004192,0.053242,0.057434,1.64605,0.0787333546193865,0.7549639913319361,3074.0,0,1.039294277312826,1.7532413216228253,1.006084656084657,-0.012219819908225626,0.08055148433894713
8690.0,0.277981,21.077771,-2.003767,22.807928,0.129258,0.075419,0.071988,0.003431,0.053839,0.05727,1.330158,0.0637258543833581,0.4204472843853444,3075.0,0,1.0363266229359882,1.4349644500209717,1.0173658352229789,0.08915800857742295,0.08678116937951896
8691.0,0.278112,21.080659,-2.00298,22.807666,0.129184,0.074784,0.071815,0.0029689999999999,0.0543999999999999,0.0573689999999999,1.367877,0.0545762026433337,0.2165018356667576,3076.0,0,1.0381180728341994,1.2417398578000938,1.0279667422524557,0.07564126423138107,0.08488902157186626
8692.0,0.278112,21.080396,-1.997861,22.804253,0.129074,0.075172,0.071285,0.003887,0.0539019999999999,0.0577889999999999,1.65548,0.0721110142292637,0.6073522328949721,3077.0,0,1.0457181633114672,1.6256796319532254,1.0185563114134533,0.018575441409665716,0.0799653347178503
8693.0,0.274568,21.086697,-2.000486,22.802021,0.129092,0.07534,0.072219,0.0031209999999999,0.053752,0.056873,1.523465,0.0580618756162446,0.294197376299943,3078.0,0,1.0291427278896186,1.305311585110845,1.0157218442932738,0.11956724985527467,0.08679838020031079
8694.0,0.280212,21.079478,-1.99878,22.807403,0.129203,0.075408,0.072083,0.003325,0.053795,0.05712,1.551754,0.0618075693360102,0.3776887711798484,3079.0,0,1.0336123049083927,1.3906315349226845,1.0165343915343925,0.10212809278661683,0.07823267020333315
8695.0,0.281262,21.071339,-2.002192,22.805172,0.128798,0.074826,0.072062,0.002764,0.0539719999999999,0.0567359999999999,1.485747,0.0512107905804754,0.1414869069257927,3080.0,0,1.0266636507577462,1.1560016729402407,1.0198790627362047,0.1370645328213428,0.08737750365089815
8696.0,0.282575,21.083022,-2.007705,22.804121,0.129129,0.07513,0.071957,0.003173,0.0539989999999999,0.057172,1.221718,0.0587592592592594,0.3097420357082885,3081.0,0,1.0345532684912926,1.3270598076119333,1.0203892668178374,0.10352417745968723,0.09230757678082324
8697.0,0.279687,21.084597,-2.005342,22.803203,0.129175,0.075309,0.072056,0.003253,0.053866,0.057119,1.561184,0.060389477787885,0.3460795552966595,3082.0,0,1.0335942094548753,1.360518611459697,1.0178760393046116,0.10603505252282974,0.09423453514325143
8698.0,0.280344,21.08906,-2.003636,22.804515,0.129102,0.074878,0.071337,0.003541,0.0542239999999999,0.057765,1.514036,0.0653019824804057,0.455579129959774,3083.0,0,1.0452838724270537,1.480970305311647,1.0246409674981094,0.04285270227733606,0.10253345692793361
8699.0,0.283888,21.076852,-2.001798,22.802677,0.129046,0.074831,0.071642,0.0031889999999999,0.054215,0.057404,1.443314,0.0588202744577246,0.3111020625577476,3084.0,0,1.0387514137073068,1.3337515683814443,1.0244708994709004,0.07922851456742441,0.09829294576644668
8700.0,0.283231,21.073965,-2.008623,22.799264,0.128964,0.075881,0.072797,0.003084,0.0530829999999999,0.0561669999999999,1.52818,0.0580966016125386,0.2949714176621305,3085.0,0,1.0163673377064004,1.289836888331296,1.0030801209372628,0.1384587398766739,0.09622468564870021
8701.0,0.284544,21.079346,-2.003373,22.796508,0.129239,0.075162,0.072104,0.003058,0.0540769999999999,0.0571349999999999,1.598902,0.0565479492584786,0.2604520055323482,3086.0,0,1.0338837367111504,1.2789627770807728,1.0218631897203316,0.09491084785566295,0.07931098673804671
8702.0,0.289138,21.072783,-2.004686,22.796245,0.129083,0.07544,0.072041,0.0033989999999999,0.053643,0.057042,1.547039,0.0633621653866229,0.4123406681183315,3087.0,0,1.032200859534043,1.4215809284818244,1.0136621315192753,0.1015646592564875,0.0831521377681344
8703.0,0.286381,21.079478,-2.002586,22.797295,0.128991,0.074432,0.071579,0.0028529999999999,0.0545589999999999,0.0574119999999999,1.462173,0.0522910557184749,0.1655659827818281,3088.0,0,1.0388961773354437,1.193224592220836,1.0309712773998478,0.07716213824040541,0.07737146018345223
8704.0,0.282181,21.075802,-2.008754,22.795064,0.128945,0.074936,0.071594,0.0033419999999999,0.054009,0.057351,1.509321,0.0618774301055359,0.3792459655292706,3089.0,0,1.0377923546708898,1.3977415307402927,1.020578231292518,0.08144549160915204,0.08401669746248695
8705.0,0.282575,21.078821,-2.00193,22.796508,0.128826,0.075109,0.070875,0.004234,0.053717,0.057951,1.495176,0.0788190178338732,0.7568734216811512,3090.0,0,1.0486496267812722,1.7708071936429013,1.015060468631898,-0.032072456285192175,0.07731099877393131
8706.0,0.281525,21.076852,-2.004817,22.792569,0.128688,0.074742,0.072009,0.0027329999999999,0.0539459999999999,0.0566789999999999,1.683769,0.0506608337813038,0.1292283872170858,3091.0,0,1.02563220990726,1.1430363864491904,1.0193877551020398,0.1419356877605642,0.06739082344833441
8707.0,0.284544,21.079215,-2.012167,22.794801,0.128826,0.075062,0.071321,0.003741,0.0537639999999999,0.057505,1.330158,0.0695805821631174,0.5509489819466764,3092.0,0,1.0405790545125546,1.5646173149310565,1.0159486016628865,0.04822827667600793,0.06562883959128546
8708.0,0.285856,21.081447,-2.004817,22.797033,0.129175,0.074988,0.072151,0.0028369999999999,0.054187,0.057024,1.509321,0.0523547648925959,0.1669860582636917,3093.0,0,1.0318751413707314,1.1865328314512833,1.0239417989417998,0.10930507506768339,0.06309123682503126
8709.0,0.297932,21.094966,-2.004686,22.797558,0.12923,0.074883,0.071185,0.003698,0.054347,0.058045,1.334873,0.0680429822624568,0.5166759286545919,3094.0,0,1.0503505994118987,1.5466332078628835,1.0269652305366601,0.012171527681868022,0.06168727470926001
8710.0,0.290975,21.082497,-2.007967,22.799658,0.128835,0.074757,0.071143,0.003614,0.054078,0.057692,1.202858,0.0668281588047117,0.4895975520951978,3095.0,0,1.0439629043202905,1.5115014638227315,1.0218820861678013,0.03925698662070487,0.05944733550811303
8711.0,0.299244,21.08696,-2.002455,22.797295,0.128798,0.074721,0.071416,0.003305,0.054077,0.057382,1.669624,0.0611154258663412,0.3622609150701132,3096.0,0,1.0383533137299263,1.3822668339607438,1.0218631897203334,0.0772910092851734,0.0705277959441231
8712.0,0.295963,21.07344,-2.001273,22.791257,0.128651,0.075624,0.071825,0.0037989999999999,0.0530269999999999,0.0568259999999999,1.532895,0.0716413969978124,0.5968844796169595,3097.0,0,1.0282922415743034,1.5888749477206436,1.0020219198790616,0.07618863159394551,0.06602343947653959
8713.0,0.296094,21.07554,-2.008754,22.797558,0.128863,0.074563,0.071321,0.003242,0.0543,0.057542,1.183999,0.0597042411741958,0.3308056527888814,3098.0,0,1.041248586292695,1.3559180259306296,1.0260770975056699,0.0631225170826929,0.07175119390651777
8714.0,0.301476,21.078034,-2.006392,22.795589,0.128596,0.07439,0.070949,0.0034409999999999,0.0542059999999999,0.0576469999999999,1.495176,0.0634788864906746,0.4149423778464329,3099.0,0,1.04314860891201,1.4391468005019004,1.0243008314436877,0.059046099597682256,0.06329710489097048
8715.0,0.302001,21.088666,-2.005605,22.798345,0.128642,0.075188,0.071526,0.0036619999999999,0.053454,0.057116,1.471602,0.0685062201852024,0.5270014873427487,3100.0,0,1.0335399230943234,1.531576746131348,1.0100907029478468,0.07873214807490858,0.06914489060346897
8716.0,0.302001,21.076984,-2.009673,22.794801,0.128835,0.075298,0.071747,0.0035509999999999,0.053537,0.057088,1.52818,0.0663267212073667,0.478420523864981,3101.0,0,1.033033250395839,1.4851526557925756,1.0116591080876804,0.09689212308472905,0.07721483888827321
8717.0,0.298719,21.084597,-2.004948,22.800708,0.128743,0.074883,0.071626,0.003257,0.0538599999999999,0.057117,1.344303,0.0604704702846217,0.3478848754945352,3102.0,0,1.0335580185478408,1.3621915516520853,1.0177626606198025,0.10550582097578964,0.0767009312203317
8718.0,0.300426,21.08906,-2.011248,22.803596,0.128918,0.074679,0.071038,0.0036409999999999,0.054239,0.05788,1.363162,0.0671275811209437,0.4962716660806707,3103.0,0,1.0473648495815435,1.5227938101213099,1.0249244142101295,0.024764184912210663,0.07036955354703647
8719.0,0.302132,21.082103,-2.006786,22.799658,0.1289,0.074479,0.071479,0.003,0.0544209999999999,0.0574209999999999,1.53761,0.0551247657197457,0.2287292893391086,3104.0,0,1.0390590364170993,1.254705144291144,1.028363567649281,0.07064938480685279,0.07270458634016784
8720.0,0.304232,21.063332,-2.004686,22.796114,0.128753,0.075498,0.072067,0.0034309999999999,0.053255,0.056686,1.259436,0.0644246657653595,0.4360237680506726,3105.0,0,1.025758878081883,1.4349644500209298,1.0063303099017393,0.11995646946874727,0.07403719982362887
8721.0,0.303051,21.085778,-2.005211,22.797164,0.128743,0.07554,0.071794,0.0037459999999999,0.053203,0.056949,1.349017,0.0704082399819562,0.5693974486254834,3106.0,0,1.0305179823569337,1.5667084901715,1.00534769463341,0.07215193260575836,0.0782832353093632
8722.0,0.313551,21.101005,-1.997992,22.797558,0.128615,0.074558,0.070681,0.003877,0.054057,0.057934,1.448028,0.071719264493692,0.5986201436442902,3107.0,0,1.048342004071478,1.621497281472255,1.021485260770976,0.012874854860993268,0.0858331288736893
8723.0,0.310532,21.088928,-2.005473,22.797295,0.128927,0.075183,0.071684,0.003499,0.053744,0.057243,1.316014,0.0651037305795888,0.4511601013431374,3108.0,0,1.035838045691021,1.463404433291571,1.0155706727135307,0.08647284501400654,0.08753945532522185
8724.0,0.316964,21.077377,-2.000223,22.795457,0.128927,0.074736,0.071447,0.003289,0.054191,0.05748,1.570613,0.0606916149985237,0.3528141841928325,3109.0,0,1.0401266681746222,1.3755750731911909,1.0240173847316714,0.07237223443229257,0.09527106257615488
8725.0,0.308957,21.078165,-2.00613,22.798214,0.128844,0.075529,0.072167,0.003362,0.0533149999999999,0.0566769999999999,1.391451,0.0630579938480006,0.4055606941155654,3110.0,0,1.0255960190002253,1.4061062317022754,1.00746409674981,0.12119250293225181,0.10081316905142754
8726.0,0.314339,21.092866,-2.008229,22.798214,0.128881,0.075303,0.072587,0.0027159999999999,0.053578,0.056294,1.481032,0.0506915022676794,0.1299119868111582,3111.0,0,1.0186654603030998,1.1359263906315404,1.0124338624338634,0.17239105872799,0.09822495425411717
8727.0,0.316832,21.080265,-2.008623,22.795064,0.129092,0.075051,0.072209,0.002842,0.054041,0.056883,1.344303,0.052588727286185,0.1722010726379617,3112.0,0,1.0293236824247918,1.1886240066918103,1.02118291761149,0.12256908549111523,0.09136302775018129
8728.0,0.316964,21.085909,-2.004161,22.799789,0.129028,0.074999,0.071841,0.0031579999999999,0.054029,0.057187,1.523465,0.058449009809365,0.3028265852549539,3113.0,0,1.034824700294052,1.3207862818904357,1.0209561602418755,0.10208025742154092,0.09797959291293024
8729.0,0.31972,21.078428,-2.004555,22.799789,0.128854,0.075382,0.072109,0.0032729999999999,0.0534719999999999,0.0567449999999999,1.349017,0.0612084603444728,0.3643346506534968,3114.0,0,1.026826509839402,1.3688833124215962,1.0104308390022667,0.12607044955957947,0.0991794630621656
8730.0,0.318801,21.069764,-2.014398,22.7906,0.129129,0.074978,0.071883,0.003095,0.0541509999999999,0.0572459999999999,1.382021,0.0571539370660363,0.2739594546508468,3115.0,0,1.0358923320515712,1.2944374738603637,1.0232615268329543,0.09407432149564354,0.09698325851926956
8731.0,0.322214,21.080659,-2.008361,22.794013,0.128707,0.075487,0.071411,0.0040759999999999,0.0532199999999999,0.0572959999999999,1.169855,0.0765863099152589,0.707106432591563,3116.0,0,1.0367971047274365,1.7047260560435258,1.0056689342403617,0.0035326675663995832,0.096160534995258
8732.0,0.32497,21.073177,-2.009279,22.791782,0.128743,0.074421,0.071384,0.0030369999999999,0.0543219999999999,0.0573589999999999,1.339588,0.0559063380152053,0.2461505111552617,3117.0,0,1.0379371182990265,1.270179841070693,1.0264928193499612,0.07904050648848271,0.08777183107031478
8733.0,0.328514,21.082497,-2.007573,22.793226,0.128495,0.074248,0.071395,0.0028529999999999,0.054247,0.0571,1.396165,0.0525918006193775,0.172269577137895,3118.0,0,1.0332503958380466,1.193224592220836,1.0250755857898723,0.09847154650636014,0.08624144340443755
8734.0,0.329433,21.073571,-2.005867,22.789813,0.128587,0.074584,0.070975,0.003609,0.054003,0.057612,1.231147,0.0668283830827346,0.4896025512452542,3119.0,0,1.042515268038906,1.5094102885822462,1.0204648526077107,0.05041018900333216,0.09137942605148283
8735.0,0.334683,21.089716,-2.002192,22.789813,0.128909,0.074904,0.071878,0.003026,0.054005,0.057031,1.514036,0.0560308113913269,0.2489250187833047,3120.0,0,1.0320018095453527,1.2655792555416672,1.0205026455026465,0.11296526769213633,0.08546145847391258
8736.0,0.334289,21.080528,-2.009148,22.787187,0.12878,0.07502,0.071547,0.003473,0.05376,0.057233,1.674339,0.0646007328732725,0.4399482983331548,3121.0,0,1.035657091155848,1.4525303220410477,1.0158730158730167,0.08850401947855768,0.08034379975970522
8737.0,0.33232,21.087222,-2.011904,22.785087,0.128872,0.074973,0.071747,0.0032259999999999,0.0538989999999999,0.0571249999999999,1.476317,0.059851576994434,0.3340897635752353,3122.0,0,1.0337027821759774,1.349226265161035,1.0184996220710496,0.10726520883234303,0.08930188173985434
8738.0,0.336652,21.082234,-2.003242,22.782724,0.128844,0.075582,0.07265,0.0029319999999999,0.0532619999999999,0.0561939999999999,1.509321,0.0550475940146065,0.2270091344654385,3123.0,0,1.0168559149513674,1.2262651610205029,1.0064625850340125,0.15346008389199373,0.09098339232632674
8739.0,0.338621,21.087747,-2.010067,22.784037,0.129129,0.075403,0.071799,0.0036039999999999,0.0537259999999999,0.0573299999999999,1.386736,0.067079866733672,0.4952081138932245,3124.0,0,1.0374123501470247,1.507319113341719,1.015230536659107,0.06689077378387687,0.09263573096668437
8740.0,0.337046,21.089585,-2.006655,22.780755,0.129184,0.074747,0.071405,0.0033419999999999,0.054437,0.057779,1.40088,0.0613909401520995,0.3684021198103513,3125.0,0,1.0455372087762957,1.3977415307402927,1.0286659108087688,0.04289773435357003,0.09968186725399819
8741.0,0.343608,21.084859,-2.010986,22.780492,0.128964,0.075372,0.071862,0.0035099999999999,0.053592,0.057102,1.518751,0.0654936278991659,0.4598509002997231,3126.0,0,1.0332865867450811,1.4680050188205966,1.0126984126984135,0.09311348736789082,0.09905272769741788
8742.0,0.347021,21.090241,-2.010986,22.776291,0.129148,0.07471,0.071878,0.002832,0.054438,0.05727,1.457458,0.0520215286834806,0.1595582336722898,3127.0,0,1.0363266229359882,1.18444165621084,1.0286848072562367,0.09585561235320661,0.10401570226710004
8743.0,0.343214,21.091685,-2.004948,22.783774,0.12901,0.0747,0.072151,0.0025489999999999,0.05431,0.056859,1.485747,0.0469334020732447,0.0461440520021612,3128.0,0,1.0288893915403765,1.0660811375993335,1.0262660619803485,0.11499493290993645,0.10132910191068463
8744.0,0.346758,21.091554,-2.002717,22.781674,0.128606,0.074894,0.071736,0.003158,0.0537119999999999,0.05687,1.424454,0.0587939604937353,0.3105155251303313,3129.0,0,1.0290884415290666,1.3207862818904776,1.0149659863945568,0.12087155187647036,0.09533503710452225
8745.0,0.345315,21.087747,-2.007573,22.78233,0.129212,0.075282,0.072109,0.0031729999999999,0.0539299999999999,0.0571029999999999,1.396165,0.0588344365949082,0.3114177361489176,3130.0,0,1.0333046821985967,1.3270598076118914,1.0190854119425539,0.10667387212633328,0.08842233995358424
8746.0,0.344658,21.09011,-2.007836,22.778392,0.128955,0.075456,0.072461,0.0029949999999999,0.0534989999999999,0.0564939999999999,1.551754,0.0559813084112149,0.2478215989178596,3131.0,0,1.0222845510065586,1.252613969050617,1.0109410430838992,0.13813376517537934,0.09149491209595395
8747.0,0.349515,21.091422,-2.010723,22.783118,0.129129,0.074915,0.071799,0.0031159999999999,0.054214,0.0573299999999999,1.565899,0.0574748685788064,0.2811130079487851,3132.0,0,1.0374123501470247,1.3032204098703597,1.0244520030234325,0.08039920526818878,0.09155120414757595
8748.0,0.352796,21.08906,-2.00088,22.780886,0.129148,0.075151,0.071888,0.003263,0.053997,0.05726,1.679054,0.0604281640060743,0.3469418698799913,3133.0,0,1.0361456684008152,1.3647009619406676,1.0203514739229034,0.09351943583036992,0.09487590981236575
8749.0,0.355815,21.083022,-2.009148,22.782593,0.129138,0.075923,0.071799,0.004124,0.053215,0.057339,1.433884,0.077495490078172,0.7273720297486903,3134.0,0,1.0375752092286823,1.724801338352226,1.0055744520030243,-0.0022361977255032084,0.0904888249459938
8750.0,0.352534,21.090897,-2.009673,22.782724,0.128798,0.074768,0.071369,0.0033989999999999,0.0540299999999999,0.0574289999999999,1.518751,0.0629083304029168,0.4022247006448112,3135.0,0,1.0392038000452377,1.4215809284818244,1.0209750566893414,0.07362345577726714,0.09123307982883364
8751.0,0.359096,21.082497,-2.011379,22.780886,0.128872,0.075891,0.07223,0.0036609999999999,0.0529809999999999,0.0566419999999999,1.584758,0.0690989392623909,0.5402131768797924,3136.0,0,1.0249626781271197,1.5311585110832509,1.0011526832955395,0.0936764078841108,0.07776267409218668
8752.0,0.367497,21.074752,-2.010854,22.785743,0.128881,0.074217,0.072056,0.002161,0.0546639999999999,0.056825,1.268866,0.0395316930394221,0.1188398089227296,3137.0,0,1.028274146120788,0.9038059389377208,1.0329554043839748,0.12910266900110468,0.06845410811839546
8753.0,0.360409,21.073571,-2.013086,22.781805,0.129184,0.075834,0.072088,0.0037459999999999,0.0533499999999999,0.0570959999999999,1.391451,0.0702142415324923,0.5650732293053591,3138.0,0,1.0331780140239755,1.5667084901715,1.0081254724111857,0.07112408424621697,0.07281908752114513
8754.0,0.356734,21.076984,-2.013742,22.786662,0.12901,0.075723,0.072482,0.0032409999999999,0.053287,0.056528,1.542325,0.0608204473802731,0.3556858539188416,3139.0,0,1.0228997964261488,1.3554997908824908,1.0069349962207115,0.1283141007048687,0.07448291532964382
8755.0,0.362509,21.09221,-2.003636,22.791782,0.129028,0.075414,0.071201,0.0042129999999999,0.053614,0.057827,1.391451,0.0785787559451644,0.7515179917593404,3140.0,0,1.0464057905451265,1.7620242576328213,1.0131141345427068,-0.02803018524013634,0.07957256218471938
8756.0,0.369597,21.09641,-2.009148,22.790075,0.12912,0.074915,0.071337,0.0035779999999999,0.054205,0.057783,1.372591,0.0660074530494778,0.4713040466948868,3141.0,0,1.045609590590365,1.496445002091196,1.0242819349962218,0.04504810543746718,0.0842859075657137
8757.0,0.36789,21.086041,-2.011642,22.7885,0.128918,0.075629,0.072282,0.003347,0.053289,0.056636,1.268866,0.062807280915744,0.3999723107626827,3142.0,0,1.0248541054060176,1.3998327059808198,1.0069727891156472,0.12404899929568547,0.07909534917792645
8758.0,0.367234,21.085384,-2.013348,22.792438,0.129138,0.075235,0.072172,0.0030629999999999,0.053903,0.056966,1.41031,0.0568232413178984,0.2665882568545092,3143.0,0,1.030825605066728,1.281053952321216,1.0185752078609231,0.11015771391535678,0.07434885475827807
8759.0,0.366184,21.097985,-2.005998,22.788894,0.129166,0.074416,0.07139,0.003026,0.05475,0.057776,1.509321,0.0552683969242571,0.2319308243577496,3144.0,0,1.045482922415744,1.2655792555416672,1.0345804988662142,0.04866027082525237,0.08134553523495484
8760.0,0.380359,21.081447,-2.009411,22.7906,0.129037,0.075734,0.072319,0.003415,0.053303,0.056718,1.396165,0.0640664865676121,0.4280399650293287,3145.0,0,1.0263379325944366,1.428272689251419,1.0072373393801974,0.12075690958721041,0.07616319594368046
8761.0,0.377603,21.071996,-2.010461,22.790469,0.129129,0.074868,0.071358,0.0035099999999999,0.0542609999999999,0.0577709999999999,1.52818,0.0646861523718255,0.4418522962618973,3146.0,0,1.0453924451481555,1.4680050188205966,1.0253401360544208,0.041770824006238216,0.09038062301770125
8762.0,0.376816,21.08801,-2.008492,22.794932,0.128854,0.076206,0.072492,0.0037139999999999,0.052648,0.0563619999999999,1.627191,0.0705426503827232,0.5723934522194734,3147.0,0,1.0198959511422745,1.5533249686323944,0.9948601662887386,0.08163772480462095,0.09552519626371656
8763.0,0.376684,21.08696,-2.016236,22.794013,0.129148,0.075072,0.072592,0.0024799999999999,0.054076,0.056556,1.443314,0.0458605322040792,0.0222298164552006,3148.0,0,1.0234064691246334,1.037222919280637,1.0218442932728655,0.14109088901298472,0.09885325663988767
8764.0,0.376947,21.090241,-2.011773,22.792176,0.129092,0.07471,0.071794,0.002916,0.054382,0.057298,1.212288,0.0536196973318868,0.195181362441376,3149.0,0,1.0368332956344728,1.2195734002509921,1.0276266061980357,0.07649070779212486,0.09530649933374172
8765.0,0.384691,21.088272,-2.012298,22.797164,0.129368,0.075508,0.07244,0.003068,0.05386,0.056928,1.65548,0.0569614377750134,0.2696686515250912,3150.0,0,1.0301379778330704,1.2831451275617431,1.0177626606198042,0.11414408550007149,0.09297606058273476
8766.0,0.381803,21.084859,-2.012429,22.797952,0.129607,0.075786,0.072419,0.003367,0.0538209999999999,0.057188,1.504606,0.0625580617591321,0.394417223621808,3151.0,0,1.0348427957475694,1.4081974069427607,1.0170256991685553,0.09649383789762023,0.09467135890256675
8767.0,0.38351,21.090504,-2.010854,22.797033,0.129423,0.075513,0.072933,0.0025799999999999,0.05391,0.05649,1.29244,0.0478566526311884,0.0667232778207609,3152.0,0,1.0222121691924912,1.0790464240903421,1.0187074829931981,0.15732960305739663,0.09350450017155396
8768.0,0.385872,21.092341,-2.009804,22.794932,0.129386,0.075235,0.07193,0.003305,0.054151,0.057456,1.311299,0.0610319101787561,0.3603993530278029,3153.0,0,1.0396923772902067,1.3822668339607438,1.0232615268329563,0.07469014085389725,0.10314758066864287
8769.0,0.389941,21.082103,-2.008229,22.79467,0.12969,0.074516,0.071379,0.003137,0.055174,0.058311,1.481032,0.0568554599003171,0.2673064080404972,3154.0,0,1.0551639900475016,1.3120033458804397,1.0425925925925936,0.025355883315182903,0.09811401503135134
8770.0,0.390729,21.084072,-2.00718,22.797427,0.129129,0.074904,0.072487,0.002417,0.0542249999999999,0.056642,1.570613,0.0445727141961421,0.0064756063258329,3155.0,0,1.0249626781271215,1.010874111250565,1.0246598639455773,0.13770989278553025,0.10442921861979433
8771.0,0.389678,21.079084,-2.010329,22.79782,0.129276,0.074946,0.071369,0.0035769999999999,0.05433,0.057907,1.429169,0.0658371831919161,0.4675087369398973,3156.0,0,1.0478534268265107,1.496026767043099,1.0266439909297063,0.03010223669611034,0.10442767290787262
8772.0,0.39821,21.092473,-2.009804,22.800971,0.129092,0.075214,0.072755,0.002459,0.053878,0.056337,1.542325,0.0456393028823846,0.0172986218518744,3157.0,0,1.0194435648043438,1.028439983270641,1.0181027966742262,0.17806852977551013,0.1076678257661775
8773.0,0.39401,21.092866,-2.00718,22.799264,0.128881,0.073833,0.071867,0.0019659999999999,0.055048,0.0570139999999999,1.363162,0.0357136369416337,0.2039441589265597,3158.0,0,1.0316941868355567,0.8222501045587546,1.040211640211641,0.09075523264006924,0.10235579006335263
8774.0,0.397685,21.089191,-2.013217,22.79572,0.128578,0.074642,0.071883,0.0027589999999999,0.053936,0.0566949999999999,1.250006,0.0511522702412072,0.1401824904091502,3159.0,0,1.0259217371635367,1.1539104976997137,1.019198790627363,0.13964274367655494,0.1084708893499852
8775.0,0.405167,21.089191,-2.000092,22.795851,0.128633,0.075088,0.071762,0.0033259999999999,0.0535449999999999,0.0568709999999999,1.523465,0.0621148171665483,0.384537315632397,3160.0,0,1.0291065369825823,1.3910497699707398,1.0118102796674215,0.11412862838085436,0.10386971250018107
8776.0,0.406217,21.097592,-2.008623,22.802152,0.128541,0.074453,0.071736,0.002717,0.0540879999999999,0.0568049999999999,1.41974,0.0502320249958404,0.1196702529131037,3161.0,0,1.02791223705044,1.1363446256796794,1.0220710506424782,0.12889536648066902,0.10555725546807163
8777.0,0.405823,21.086303,-2.006786,22.802152,0.128514,0.074778,0.071463,0.0033149999999999,0.0537359999999999,0.0570509999999999,1.16514,0.0616893388168301,0.3750534166361394,3162.0,0,1.0323637186156969,1.3864491844416722,1.0154195011337859,0.10420924602914794,0.11543742510351014
8778.0,0.403723,21.08801,-2.008754,22.797689,0.128459,0.075503,0.072209,0.003294,0.0529559999999999,0.0562499999999999,1.301869,0.0622014086900694,0.3864674379607131,3163.0,0,1.0178692603483366,1.3776662484316762,1.0006802721088426,0.13584113372022277,0.1042401948026721
8779.0,0.406217,21.090766,-2.009804,22.800971,0.128808,0.075015,0.070901,0.0041139999999999,0.053793,0.057907,1.495176,0.0764769305126964,0.7046683691581099,3164.0,0,1.0478534268265107,1.7206189878712135,1.0164965986394567,-0.020655885182858325,0.10455432722833487
8780.0,0.412517,21.09116,-2.011773,22.801759,0.128789,0.074873,0.07224,0.0026329999999999,0.0539159999999999,0.0565489999999999,1.547039,0.0488343194168814,0.0885154396396865,3165.0,0,1.0232798009500104,1.1012128816394857,1.0188208616780037,0.15458532246443568,0.10174984837228385
8781.0,0.415273,21.097329,-2.010067,22.799133,0.129129,0.075041,0.072424,0.0026169999999999,0.054088,0.0567049999999999,1.396165,0.0483832202481094,0.0784604533947639,3166.0,0,1.02610269169871,1.0945211208699328,1.0220710506424802,0.12890393305049563,0.09603642639184765
8782.0,0.417504,21.08801,-2.005998,22.804384,0.12934,0.074952,0.071862,0.00309,0.054388,0.057478,1.334873,0.0568129585026385,0.2663590532266722,3167.0,0,1.0400904772675874,1.2923462986198782,1.027739984882843,0.0660962267671299,0.09615399984491471
8783.0,0.416848,21.088928,-2.014661,22.80084,0.128991,0.075167,0.071794,0.003373,0.053824,0.057197,1.594187,0.0626660473757547,0.3968242196106193,3168.0,0,1.035005654829225,1.410706817231343,1.0170823885109608,0.09389655689669674,0.09631473018336366
8784.0,0.424067,21.094441,-2.011117,22.803334,0.129239,0.075382,0.072172,0.00321,0.0538569999999999,0.0570669999999999,1.53761,0.0596011734561254,0.3285082766036968,3169.0,0,1.032653245871974,1.3425345043915242,1.0177059712773988,0.11159795511604476,0.09536770136758793
8785.0,0.421442,21.077902,-2.014267,22.799527,0.128872,0.07555,0.071715,0.003835,0.0533219999999999,0.0571569999999999,1.40088,0.0719201845357539,0.6030986450451268,3170.0,0,1.0342818366885311,1.603931409452179,1.007596371882085,0.056994408576492406,0.10640308034521198
8786.0,0.428136,21.088141,-2.003767,22.801496,0.128789,0.075309,0.072172,0.003137,0.0534799999999999,0.0566169999999999,1.462173,0.0586563452441054,0.307448085556262,3171.0,0,1.024510291789187,1.3120033458804397,1.0105820105820096,0.13007110101133956,0.09981872619728925
8787.0,0.429317,21.080659,-2.008361,22.801365,0.128872,0.076196,0.072624,0.003572,0.0526759999999999,0.0562479999999999,1.481032,0.067809480418399,0.5114711799148475,3172.0,0,1.017833069441302,1.4939355918026556,0.9953892668178373,0.1058165494136375,0.0900964221982465
8788.0,0.430761,21.081184,-2.008361,22.799527,0.128964,0.075335,0.072214,0.0031209999999999,0.0536289999999999,0.0567499999999999,1.598902,0.0581950400895021,0.2971656082090408,3173.0,0,1.0269169871069885,1.305311585110845,1.0133975812547231,0.12637084556246547,0.09069369562517193
8789.0,0.437193,21.070683,-2.012429,22.802809,0.129267,0.075051,0.07213,0.002921,0.0542159999999999,0.0571369999999999,1.207573,0.0538760905251121,0.2008963586321053,3174.0,0,1.0339199276181852,1.2216645754914772,1.0244897959183665,0.089697904593382,0.08660204875281906
8790.0,0.43483,21.096804,-2.009673,22.803071,0.128927,0.074175,0.071537,0.002638,0.054752,0.05739,1.617761,0.0481800084013661,0.0739308677398575,3175.0,0,1.0384980773580648,1.1033040568800128,1.03461829176115,0.08874178098520857,0.08302127574620005
8791.0,0.437193,21.083153,-2.015842,22.803334,0.129166,0.077036,0.073091,0.0039449999999999,0.05213,0.056075,1.353732,0.075674742475686,0.686787623112979,3176.0,0,1.0147025559828102,1.6499372647428125,0.9850718065003788,0.03168089306006805,0.0875888015484166
8792.0,0.440736,21.086303,-2.009148,22.805303,0.129074,0.074789,0.071573,0.0032159999999999,0.054285,0.057501,1.226432,0.0592417934642448,0.3204977079189945,3177.0,0,1.0405066726984853,1.3450439146800646,1.0257936507936516,0.07206896103638427,0.08518064019018258
8793.0,0.445724,21.088666,-2.009017,22.806091,0.129019,0.075198,0.0715,0.003698,0.0538209999999999,0.057519,1.28301,0.0687079632863886,0.5314983347055069,3178.0,0,1.040832390861797,1.5466332078628835,1.0170256991685553,0.052980088173168016,0.08358027619133374
8794.0,0.442968,21.07764,-2.014792,22.805959,0.129212,0.074836,0.071883,0.0029529999999999,0.0543759999999999,0.0573289999999999,1.306584,0.054306048513158,0.210480108625406,3179.0,0,1.0373942546935073,1.235048097030541,1.0275132275132264,0.07579022504985466,0.0835950754094595
8795.0,0.448743,21.084466,-2.015448,22.801496,0.129102,0.074421,0.071857,0.0025639999999999,0.0546809999999999,0.0572449999999999,1.316014,0.0468892871511648,0.0451607317803206,3180.0,0,1.0358742365980538,1.0723546633207892,1.033276643990929,0.10266966659865784,0.08156962875554084
8796.0,0.451106,21.077509,-2.00193,22.802152,0.128955,0.07512,0.071841,0.003279,0.0538349999999999,0.0571139999999999,1.41031,0.0609071996433614,0.3576195591270414,3181.0,0,1.033503732187287,1.3713927227102203,1.0172902494331055,0.10598948742899938,0.08263100169523775
8797.0,0.453206,21.078034,-2.008754,22.802152,0.128707,0.074763,0.071442,0.0033209999999999,0.0539439999999999,0.0572649999999999,1.245292,0.0615627027528036,0.3722307027629041,3182.0,0,1.0362361456684,1.3889585947302545,1.019349962207104,0.08981290942514908,0.0876627798091445
8798.0,0.451499,21.089979,-2.009411,22.796508,0.128844,0.075471,0.072288,0.0031829999999999,0.0533729999999999,0.0565559999999999,1.320729,0.0596357777194887,0.3292796045426969,3183.0,0,1.0234064691246314,1.331242158092862,1.0085600907029468,0.12651883774372308,0.09131930766780594
8799.0,0.454781,21.081709,-2.011511,22.803203,0.129111,0.075135,0.071626,0.0035089999999999,0.053976,0.057485,1.330158,0.0650091705726512,0.4490523617707829,3184.0,0,1.0402171454422087,1.4675867837724994,1.019954648526078,0.0694434380541955,0.09447674197318508
8800.0,0.466725,21.079871,-2.001667,22.800315,0.128936,0.075319,0.071888,0.003431,0.053617,0.057048,1.811069,0.0639897049498303,0.4263285051905507,3185.0,0,1.032309432255147,1.4349644500209717,1.0131708238851105,0.0993555103821776,0.10056174445333328
8801.0,0.462787,21.077246,-2.007836,22.80189,0.128909,0.074159,0.071468,0.0026909999999999,0.0547499999999999,0.0574409999999999,1.787495,0.0491497872184982,0.0955472069883351,3186.0,0,1.0394209454874455,1.1254705144291144,1.0345804988662122,0.08199867419913554,0.09510932873495336
8802.0,0.467512,21.087616,-2.020042,22.800052,0.129304,0.075587,0.072319,0.003268,0.053717,0.056985,1.377306,0.0608362187721063,0.3560373977453974,3187.0,0,1.0311694186835567,1.3667921371811529,1.015060468631898,0.10863423962299867,0.09254920019904797
8803.0,0.466725,21.073177,-2.014661,22.799921,0.128927,0.075256,0.071694,0.003562,0.053671,0.057233,1.518751,0.0663660754210763,0.4792977280473949,3188.0,0,1.035657091155848,1.489753241321685,1.014191232048376,0.08455443122695938,0.09600944069346037
8804.0,0.4725,21.082497,-2.013873,22.802546,0.128514,0.074826,0.071899,0.0029269999999999,0.0536879999999999,0.0566149999999999,1.40088,0.0545176851869097,0.2151974834086218,3189.0,0,1.0244741008821525,1.2241739857800178,1.0145124716553278,0.13664024985133671,0.09011390998559066
8805.0,0.477881,21.087878,-2.016761,22.801759,0.128651,0.074521,0.070975,0.003546,0.0541299999999999,0.0576759999999999,1.433884,0.0655077497182761,0.4601656752023098,3190.0,0,1.0436733770640119,1.4830614805521323,1.022864701436129,0.04814550941485862,0.08794448777875807
8806.0,0.480244,21.083941,-2.011773,22.802546,0.128854,0.074511,0.071531,0.0029799999999999,0.054343,0.057323,1.311299,0.0548358604445752,0.2222895998672049,3191.0,0,1.0372856819724054,1.2463404433291612,1.0268896447467886,0.08038820206994557,0.08750032387247923
8807.0,0.480769,21.073308,-2.013873,22.799264,0.128936,0.075765,0.072429,0.003336,0.0531709999999999,0.056507,1.499891,0.0627397878582713,0.3984678926402478,3192.0,0,1.0225197919022855,1.3952321204517522,1.004743008314436,0.124415314369273,0.09296263810221386
8808.0,0.48195,21.087091,-2.013873,22.801496,0.128844,0.075456,0.071699,0.0037569999999999,0.0533879999999999,0.0571449999999999,1.53761,0.0703703009983329,0.5685517898770598,3193.0,0,1.0340646912463234,1.5713090757005677,1.008843537414965,0.06756353066502596,0.09182194958685949
8809.0,0.490613,21.070158,-2.012823,22.797164,0.129193,0.074799,0.071505,0.003294,0.054394,0.057688,1.198144,0.0605570364923247,0.3498144335340651,3194.0,0,1.0438905225062214,1.3776662484316762,1.0278533635676501,0.047749215985869675,0.0932801182607316
8810.0,0.489432,21.076065,-2.015842,22.799789,0.12878,0.074663,0.071741,0.0029219999999999,0.054117,0.057039,1.363162,0.0539931261317859,0.2035050786137331,3195.0,0,1.0321465731734911,1.2220828105395325,1.0226190476190484,0.09491387131938922,0.08816331065280683
8811.0,0.497307,21.071602,-2.014398,22.798477,0.129221,0.075949,0.072897,0.0030519999999999,0.053272,0.056324,1.598902,0.0572898090965404,0.2769880379255789,3196.0,0,1.019208323908619,1.2764533667921485,1.0066515495086932,0.13662181649648175,0.09273035260902619
8812.0,0.49862,21.075409,-2.015579,22.797033,0.129239,0.075403,0.072051,0.0033519999999999,0.0538359999999999,0.0571879999999999,1.52818,0.0622620131136577,0.3878183086511235,3197.0,0,1.0348427957475674,1.401923881221263,1.0173091458805734,0.09722735446945496,0.09718646820574511
8813.0,0.504789,21.080922,-2.014923,22.797033,0.128854,0.075744,0.072146,0.003598,0.0531099999999999,0.0567079999999999,1.509321,0.0677449116002335,0.5100319429943445,3198.0,0,1.0261569780592616,1.5048097030531786,1.0035903250188956,0.09913611796568056,0.09010655453790631
8814.0,0.508332,21.084728,-2.017023,22.795851,0.129056,0.075587,0.071983,0.0036039999999999,0.053469,0.057073,1.509321,0.0674022816532634,0.5023947322824249,3199.0,0,1.0327618185930794,1.507319113341719,1.0103741496598648,0.08547217377208904,0.09462899237374954
8815.0,0.508989,21.078428,-2.014923,22.797689,0.129212,0.075345,0.071993,0.0033519999999999,0.053867,0.0572189999999999,1.674339,0.0622261825202345,0.3870196458537636,3200.0,0,1.035403754806604,1.401923881221263,1.0178949357520795,0.09381592897705215,0.09646887832398725
8816.0,0.508726,21.078296,-2.012167,22.796508,0.128964,0.075503,0.072298,0.0032049999999999,0.0534609999999999,0.0566659999999999,1.518751,0.0599491227413864,0.3362640551983546,3201.0,0,1.025396969011535,1.3404433291509972,1.01022297808012,0.1249493580371348,0.0957962983489257
8817.0,0.516601,21.071077,-2.009673,22.794407,0.129359,0.075534,0.071841,0.003693,0.053825,0.057518,1.650765,0.0686099654442091,0.5293139658940347,3202.0,0,1.0408142954082795,1.5445420326223982,1.0171012849584287,0.05361617769088489,0.09235466987836062
8818.0,0.523164,21.080396,-2.018598,22.798214,0.12923,0.075183,0.072298,0.0028849999999999,0.054047,0.056932,1.28301,0.0533784783895796,0.1898045998250386,3203.0,0,1.0302103596471397,1.2066081137599416,1.0212962962962973,0.11278790902345837,0.08625898038244066
8819.0,0.527496,21.077902,-2.015054,22.793357,0.129295,0.07596,0.072188,0.0037719999999999,0.0533349999999999,0.0571069999999999,1.471602,0.0707214639268036,0.576379200477509,3204.0,0,1.033377064012666,1.5775826014220231,1.0078420256991676,0.06614807548824675,0.0876225430802858
8820.0,0.539177,21.080265,-2.015054,22.79467,0.129203,0.074526,0.07171,0.0028159999999999,0.054677,0.057493,1.344303,0.0515015179779801,0.1479672114470571,3205.0,0,1.040361909070347,1.1777498954412453,1.0332010582010591,0.08818807156877373,0.08784029377774148
8821.0,0.538915,21.079346,-2.009936,22.792701,0.128964,0.075057,0.071794,0.003263,0.053907,0.05717,1.349017,0.0605290494917266,0.349190604173403,3206.0,0,1.0345170775842578,1.3647009619406676,1.0186507936507945,0.10220553179083092,0.08711328874782552
8822.0,0.537471,21.078559,-2.015711,22.792832,0.129423,0.075062,0.071605,0.003457,0.054361,0.057818,1.278295,0.0635922151502888,0.417468470095014,3207.0,0,1.0462429314634707,1.445838561271495,1.0272297808012103,0.036270459510255426,0.08691309676352073
8823.0,0.542327,21.077115,-2.012692,22.794013,0.128477,0.073791,0.071353,0.0024379999999999,0.054686,0.057124,1.438599,0.0445809790260938,0.0062913835268693,3208.0,0,1.0336846867224618,1.019657047260561,1.0333711262282699,0.112771744944132,0.09552940202799641
8824.0,0.547446,21.073308,-2.018992,22.794145,0.128679,0.075487,0.071867,0.0036199999999999,0.0531919999999999,0.0568119999999999,1.476317,0.0680540672644896,0.5169230130002982,3209.0,0,1.0280389052250614,1.514010874111272,1.0051398337112614,0.08764968074664581,0.10371214190544142
8825.0,0.557946,21.063989,-2.016367,22.793357,0.128606,0.075797,0.072125,0.003672,0.0528089999999999,0.056481,1.405595,0.0695322855519789,0.5498724520076042,3210.0,0,1.0220493101108357,1.5357590966123602,0.9979024943310647,0.08654587867789254,0.11003754172538119
8826.0,0.560309,21.080528,-2.009148,22.795195,0.128312,0.074894,0.071594,0.0032999999999999,0.053418,0.056718,1.627191,0.0617757726651565,0.3769800243893391,3211.0,0,1.0263379325944366,1.3801756587202165,1.009410430839003,0.12294743819408682,0.11411239386487845
8827.0,0.56254,21.078428,-2.017154,22.796245,0.12867,0.074689,0.071883,0.002806,0.053981,0.056787,1.429169,0.051980289726205,0.1586390186152344,3212.0,0,1.0275865188871305,1.1735675449603167,1.0200491307634174,0.13977923033564177,0.11045820817061644
8828.0,0.563984,21.086041,-2.012298,22.796901,0.128284,0.075293,0.072587,0.002706,0.052991,0.055697,1.433884,0.0510643115942028,0.1382218949415083,3213.0,0,1.0078624745532694,1.1317440401506118,1.0013416477702202,0.19461530779790848,0.11687052617371294
8829.0,0.569759,21.07554,-2.013873,22.798214,0.129056,0.074988,0.072182,0.002806,0.054068,0.056874,1.518751,0.0518966505761157,0.1567747045975991,3214.0,0,1.029160823343136,1.1735675449603167,1.0216931216931227,0.12940207368764434,0.11558152421331698
8830.0,0.573566,21.090504,-2.014792,22.803071,0.128964,0.074784,0.072219,0.0025649999999999,0.0541799999999999,0.0567449999999999,1.448028,0.0473413189125338,0.0552365054848191,3215.0,0,1.026826509839402,1.0727728983688862,1.0238095238095228,0.1289365929637465,0.12124897223847446
8831.0,0.578947,21.075802,-2.019386,22.797033,0.129313,0.074789,0.071815,0.0029739999999999,0.054524,0.057498,1.207573,0.0545437872535532,0.2157792976508832,3216.0,0,1.0404523863379336,1.2438310330405788,1.030309901738474,0.06566367484821067,0.12214491112073904
8832.0,0.582229,21.081315,-2.012036,22.795982,0.129175,0.075125,0.07203,0.003095,0.05405,0.057145,1.433884,0.0572607352315405,0.2763399823916788,3217.0,0,1.0340646912463254,1.2944374738603637,1.021352985638701,0.10039363954122049,0.12559316345173172
8833.0,0.58656,21.079084,-2.014792,22.797033,0.128881,0.075235,0.071846,0.003389,0.053646,0.057035,1.490462,0.0631722183905904,0.4081067555674158,3218.0,0,1.032074191359422,1.4173985780008957,1.013718820861679,0.09988172534017237,0.12145768252901275
8834.0,0.592598,21.064514,-2.009279,22.795589,0.128661,0.074437,0.072225,0.002212,0.0542239999999999,0.056436,1.358447,0.0407929921622868,0.0907254912535933,3219.0,0,1.0212350147025568,0.9251359263906702,1.0246409674981094,0.14432416099822076,0.11546447443874433
8835.0,0.594435,21.069896,-2.013873,22.800577,0.128688,0.074595,0.071516,0.0030789999999999,0.054093,0.057172,1.226432,0.0569194365363995,0.2687324452410444,3220.0,0,1.0345532684912926,1.287745713090769,1.0221655328798196,0.09550526750053823,0.10138219390655104
8836.0,0.597454,21.084466,-2.011642,22.800971,0.129001,0.075944,0.073091,0.0028529999999999,0.053057,0.05591,1.65548,0.0537713445663235,0.1985615745142397,3221.0,0,1.011716806152455,1.193224592220836,1.0025888133031,0.15742996150401356,0.0962113629120752
8837.0,0.600604,21.070552,-2.015317,22.79782,0.128955,0.075592,0.072067,0.003525,0.0533629999999999,0.0568879999999999,1.481032,0.0660557679334383,0.4723809839345847,3222.0,0,1.0294141596923763,1.474278544542094,1.008371126228268,0.09842442110845206,0.09554034085788772
8838.0,0.61163,21.078296,-2.003898,22.798083,0.129221,0.075487,0.072555,0.002932,0.053734,0.056666,1.532895,0.0545640643900624,0.2162312743841621,3223.0,0,1.0253969690115368,1.2262651610205448,1.0153817082388519,0.13468322689522416,0.09080792882688427
8839.0,0.597717,21.067139,-2.025423,22.800315,0.129203,0.075555,0.0715,0.004055,0.053648,0.057703,1.415025,0.0755838878637067,0.6847624766773808,3224.0,0,1.0441619543089808,1.6959431200335295,1.0137566137566147,-0.011420731634288583,0.08392665186987815
8840.0,0.608611,21.075015,-2.011773,22.802021,0.129368,0.075156,0.071962,0.003194,0.054212,0.057406,1.089703,0.0589157582129747,0.3132303924508568,3225.0,0,1.0387876046143416,1.3358427436219713,1.0244142101284968,0.07722828301898832,0.07400440521771466
8841.0,0.610842,21.068714,-2.018729,22.799002,0.129065,0.074663,0.071426,0.0032369999999999,0.054402,0.057639,1.405595,0.0595003951987939,0.3262619324261762,3226.0,0,1.0430038452838735,1.3538268506901026,1.0280045351473932,0.058953454306335806,0.0764359537472658
8842.0,0.615567,21.071208,-2.009542,22.801365,0.128844,0.074999,0.071327,0.0036719999999999,0.0538449999999999,0.0575169999999999,1.589473,0.0681944805556586,0.5200528208320261,3227.0,0,1.0407961999547606,1.5357590966123185,1.0174792139077844,0.05306951923118597,0.07381135800579679
8843.0,0.619767,21.074096,-2.019386,22.799921,0.128762,0.074663,0.071022,0.0036409999999999,0.0540989999999999,0.0577399999999999,1.221718,0.0673012939001846,0.5001437184513049,3228.0,0,1.0448314860891192,1.5227938101213099,1.022278911564625,0.03106895577011115,0.07099302580634308
8844.0,0.621342,21.067927,-2.017942,22.799789,0.128863,0.075198,0.071395,0.003803,0.053665,0.057468,1.415025,0.0708642343383147,0.5795615484473238,3229.0,0,1.0399095227324144,1.5905478879130734,1.0140778533635686,0.04510169447658596,0.07205263971468487
8845.0,0.62843,21.066089,-2.012167,22.801627,0.129368,0.076044,0.072666,0.003378,0.053324,0.056702,1.429169,0.0633473980309424,0.4120115042259544,3230.0,0,1.0260484053381598,1.4127979924718281,1.0076341647770228,0.11982075279604965,0.08412552818012123
8846.0,0.634205,21.073571,-2.020173,22.804384,0.129092,0.075435,0.072398,0.0030369999999999,0.053657,0.056694,1.52818,0.0565992023556598,0.2615944354520716,3231.0,0,1.0259036417100214,1.270179841070693,1.0139266817838255,0.1311840040893234,0.08342865783005093
8847.0,0.644049,21.078428,-2.016236,22.802809,0.129322,0.075366,0.071857,0.0035089999999999,0.0539559999999999,0.0574649999999999,1.259436,0.0650332672313138,0.4495894755323979,3232.0,0,1.0398552363718607,1.4675867837724994,1.0195767195767187,0.07024109911391496,0.0873139977938613
8848.0,0.644312,21.080659,-2.012692,22.798608,0.128955,0.075062,0.072256,0.002806,0.0538929999999999,0.0566989999999999,1.471602,0.0520651649534271,0.1605308847531747,3233.0,0,1.025994118977606,1.1735675449603167,1.0183862433862423,0.1452793659786421,0.09169164466260701
8849.0,0.642868,21.065301,-2.021092,22.797952,0.12923,0.075277,0.072167,0.00311,0.053953,0.057063,1.476317,0.0576416947770323,0.2848315586457854,3234.0,0,1.0325808640579064,1.3007109995818191,1.0195200302343168,0.1093081530200749,0.08898036554797567
8850.0,0.643524,21.075146,-2.015186,22.798608,0.1289,0.074054,0.071327,0.0027269999999999,0.0548459999999999,0.0575729999999999,1.495176,0.0497201305449704,0.1082601417476101,3235.0,0,1.0418095453517295,1.140526976160608,1.0363945578231284,0.07025957951828543,0.0867896904306936
8851.0,0.646674,21.068583,-2.015186,22.797033,0.129175,0.075477,0.072098,0.003379,0.053698,0.057077,1.617761,0.0629248216912792,0.4025922909422994,3236.0,0,1.0328342004071487,1.4132162275199251,1.0147014361300084,0.09780685394443944,0.08970692444193953
8852.0,0.647462,21.06727,-2.018861,22.795326,0.129313,0.075151,0.072188,0.0029629999999999,0.054162,0.057125,1.481032,0.0547052415855841,0.2193781096198197,3237.0,0,1.0337027821759792,1.2392304475115115,1.0234693877551029,0.09684598791864318,0.08719308563367907
8853.0,0.657043,21.085384,-2.017548,22.800183,0.129138,0.074936,0.071096,0.0038399999999999,0.054202,0.0580419999999999,1.594187,0.0708447871889009,0.5791280721002234,3238.0,0,1.050296313051345,1.6060225846926224,1.024225245653818,0.003956164623797664,0.08901393229654204
8854.0,0.659669,21.079084,-2.014398,22.799264,0.129092,0.074479,0.071096,0.0033829999999999,0.054613,0.057996,1.514036,0.0619438239279305,0.3807258817364813,3239.0,0,1.0494639221895508,1.4148891677122715,1.031991685563115,0.023194943303765148,0.07422187272163128
8855.0,0.657962,21.079478,-2.022536,22.798871,0.129129,0.075324,0.072498,0.0028259999999999,0.0538049999999999,0.0566309999999999,1.396165,0.0525220235661449,0.1707142488220059,3240.0,0,1.0247636281384294,1.181932245922216,1.0167233560090694,0.14899309290850904,0.06690852924437524
8856.0,0.668988,21.070027,-2.008229,22.793882,0.129092,0.075172,0.072041,0.003131,0.05392,0.057051,1.198144,0.0580664305187219,0.294298904932508,3241.0,0,1.0323637186156986,1.3094939355918573,1.018896447467877,0.1060456160067188,0.07289978085112307
8857.0,0.669119,21.079478,-2.015448,22.801102,0.129203,0.075057,0.071925,0.0031319999999999,0.054146,0.057278,1.358447,0.0578425397528948,0.2893083868234056,3242.0,0,1.0364713865641266,1.3099121706399126,1.023167044595617,0.0884495657425447,0.06834914993934822
8858.0,0.666625,21.068452,-2.012954,22.799658,0.128918,0.074705,0.070807,0.0038979999999999,0.054213,0.058111,1.339588,0.0719002471686279,0.6026542417606848,3243.0,0,1.0515448993440408,1.6302802174822513,1.0244331065759646,-0.0026412297704655474,0.0687895044999968
8859.0,0.667019,21.070027,-2.012692,22.800446,0.128762,0.074925,0.071106,0.003819,0.0538369999999999,0.0576559999999999,1.372591,0.0709350273041347,0.5811395214227442,3244.0,0,1.0433114679936657,1.5972396486826264,1.0173280423280413,0.036174718247514503,0.08239712686439278
8860.0,0.6682,21.071864,-2.019254,22.795195,0.129313,0.075792,0.072592,0.0031999999999999,0.053521,0.056721,1.806354,0.059788498187661,0.3326837389616781,3245.0,0,1.0263922189549886,1.3383521539105117,1.0113567649281945,0.13017209558576381,0.08774282116056724
8861.0,0.681063,21.068977,-2.016498,22.802677,0.129102,0.074243,0.071332,0.0029109999999999,0.0548589999999999,0.0577699999999999,1.452743,0.0530623405030987,0.1827578963059044,3246.0,0,1.0453743496946384,1.2174822250104649,1.0366402116402107,0.05230054482669089,0.08406833209244405
8862.0,0.682244,21.06622,-2.011379,22.799264,0.128936,0.075256,0.071904,0.003352,0.0536799999999999,0.057032,1.235862,0.0624429500195601,0.3918513865772033,3247.0,0,1.0320199049988699,1.4019238812213048,1.014361300075585,0.10124953352512889,0.08095914866996559
8863.0,0.68802,21.066483,-2.011379,22.80189,0.128863,0.074532,0.072182,0.00235,0.054331,0.056681,1.358447,0.0432525951557094,0.035901018102465,3248.0,0,1.0256684008142964,0.9828523630280628,1.026662887377174,0.14003238826775755,0.0772165566941205
8864.0,0.681194,21.058082,-2.019254,22.796901,0.129249,0.076968,0.073259,0.0037089999999999,0.052281,0.05599,1.41974,0.0709421980796448,0.5812993577827086,3249.0,0,1.0131644424338393,1.5512337933919091,0.9879251700680282,0.07665188626550978,0.09324484793320983
8865.0,0.686576,21.068845,-2.007836,22.801102,0.129616,0.075818,0.072629,0.0031889999999999,0.053798,0.056987,1.405595,0.0592761947248089,0.3212645109320029,3250.0,0,1.0312056095905913,1.3337515683814443,1.016591080876796,0.11224820222727705,0.09107634921565767
8866.0,0.690907,21.079346,-2.008623,22.805959,0.129653,0.075503,0.072204,0.0032989999999999,0.0541499999999999,0.0574489999999999,1.268866,0.0609222359697881,0.3579547183688694,3251.0,0,1.0395657091155839,1.3797574236721195,1.0232426303854865,0.07495378178193424,0.09126648541618793
8867.0,0.693532,21.061757,-2.014136,22.802415,0.129276,0.074705,0.071636,0.0030689999999999,0.054571,0.05764,1.613047,0.0562376310195702,0.2535350217740619,3252.0,0,1.0430219407373906,1.2835633626097984,1.0311980347694643,0.05102364598409381,0.09932540836290452
8868.0,0.694976,21.073833,-2.011773,22.807272,0.128955,0.075288,0.072482,0.0028059999999999,0.0536669999999999,0.0564729999999999,1.669624,0.0522844152940297,0.1654179679303735,3253.0,0,1.0219045464826952,1.173567544960275,1.0141156462585024,0.15764168262042777,0.09992626716347155
8869.0,0.700751,21.061495,-2.014792,22.805959,0.129258,0.075687,0.07172,0.0039669999999999,0.053571,0.057538,1.40088,0.074049876801314,0.6505694184771009,3254.0,0,1.0411762044786257,1.6591384358009478,1.0123015873015881,0.014489731071992917,0.09805576222888751
8870.0,0.701014,21.062676,-2.015054,22.803859,0.129249,0.07544,0.072492,0.0029479999999999,0.053809,0.056757,1.669624,0.0547853558818062,0.2211638547559229,3255.0,0,1.0270436552816113,1.2329569217900556,1.0167989417989427,0.13207345759106637,0.0957376309266266
8871.0,0.701407,21.061364,-2.019386,22.802021,0.129212,0.075041,0.072534,0.0025069999999999,0.054171,0.0566779999999999,1.349017,0.0462785202687734,0.0315467572345049,3256.0,0,1.0256141144537427,1.0485152655792576,1.0236394557823139,0.13288977429385684,0.08766757108577908
8872.0,0.704558,21.072652,-2.016761,22.800446,0.129561,0.075776,0.072492,0.0032839999999999,0.053785,0.057069,1.396165,0.0610567805748706,0.3609537133728204,3257.0,0,1.0326894367790103,1.3734838979506638,1.0163454270597136,0.10725812153079917,0.09091297112507349
8873.0,0.708101,21.06097,-2.010461,22.798477,0.129249,0.075424,0.072366,0.003058,0.053825,0.056883,1.160425,0.0568126927507153,0.2663531296246855,3258.0,0,1.0293236824247918,1.2789627770807728,1.0171012849584287,0.12132733892191716,0.09397651541382965
8874.0,0.707051,21.061364,-2.016498,22.803596,0.129175,0.075057,0.071579,0.0034779999999999,0.054118,0.057596,1.514036,0.0642657846597312,0.4324823132170934,3259.0,0,1.0422257407826294,1.454621497281491,1.0226379440665163,0.05347057324290072,0.08229329248518151
8875.0,0.706133,21.067795,-2.027917,22.802415,0.129304,0.074805,0.071437,0.0033679999999999,0.054499,0.057867,1.495176,0.0617981651376145,0.3774791518942038,3260.0,0,1.0471296086858186,1.4086156419908158,1.029837490551777,0.03154760381880184,0.0905444061884375
8876.0,0.710595,21.057163,-2.017679,22.799921,0.128918,0.074962,0.071878,0.003084,0.053956,0.05704,1.452743,0.0571566247196842,0.2740193623658935,3261.0,0,1.0321646686270083,1.289836888331296,1.0195767195767205,0.10740778217487834,0.08926650296103941
8877.0,0.714402,21.071996,-2.020698,22.801627,0.129019,0.074878,0.071694,0.003184,0.0541409999999999,0.057325,1.481032,0.0588083188652064,0.3108355727775793,3262.0,0,1.03732187287944,1.331660393141001,1.0230725623582757,0.0816590888716554,0.08188213549142195
8878.0,0.716502,21.069108,-2.015317,22.804253,0.129313,0.074637,0.071474,0.0031629999999999,0.054676,0.057839,1.339588,0.057848821259396,0.289448401405209,3263.0,0,1.0466229359873342,1.322877457130921,1.0331821617535912,0.040809453333946366,0.08368884772008818
8879.0,0.715845,21.06832,-2.016761,22.80504,0.12901,0.074967,0.071836,0.003131,0.054043,0.057174,1.424454,0.0579342757752943,0.2913531798694724,3264.0,0,1.0345894593983271,1.3094939355918573,1.0212207105064257,0.09700086810455277,0.07940872018774123
8880.0,0.723458,21.062939,-2.016761,22.801759,0.128909,0.075267,0.072083,0.003184,0.0536419999999999,0.056826,1.297155,0.0593553678951588,0.3230292784020971,3265.0,0,1.0282922415743054,1.331660393141001,1.0136432350718054,0.11929442531708556,0.08096037242869207
8881.0,0.721227,21.064514,-2.013742,22.803859,0.128808,0.074689,0.071237,0.003452,0.054119,0.057571,1.481032,0.0637841832963786,0.4217474340169622,3266.0,0,1.0417733544446965,1.4437473860310097,1.0226568405139842,0.059046099597682256,0.09237852699152499
8882.0,0.729496,21.063595,-2.016367,22.805565,0.128707,0.07544,0.072135,0.0033049999999999,0.0532669999999999,0.0565719999999999,1.64605,0.06204475482466,0.3829756282413699,3267.0,0,1.0236959963809085,1.3822668339607018,1.006557067271352,0.12532524381746135,0.09723526101254744
8883.0,0.73199,21.066351,-2.014923,22.80189,0.128615,0.074332,0.071321,0.003011,0.054283,0.057294,1.382021,0.0554675410802446,0.2363697413139978,3268.0,0,1.0367609138204035,1.2593057298202115,1.0257558578987158,0.0785260635984476,0.10215378187352545
8884.0,0.725033,21.057951,-2.018336,22.802021,0.128918,0.07388,0.071411,0.0024689999999999,0.055038,0.057507,1.250006,0.0448590999109722,9.20777744547463e-05,3269.0,0,1.0406152454195894,1.0326223337515696,1.0400226757369624,0.06898709565240924,0.11405837119135295
8885.0,0.730677,21.062282,-2.017811,22.807141,0.128633,0.074353,0.072151,0.0022019999999999,0.0542799999999999,0.0564819999999999,1.740347,0.0405666807907001,0.0957699645887333,3270.0,0,1.022067405564351,0.9209535759096578,1.0256991685563104,0.145729149447131,0.11234842585922948
8886.0,0.733565,21.057426,-2.016104,22.801102,0.128422,0.074768,0.071993,0.0027749999999999,0.053654,0.056429,1.542325,0.0517193178641319,0.1528219640402928,3271.0,0,1.0211083465279358,1.1606022584692663,1.0138699924414218,0.1559751223851028,0.12118391431357856
8887.0,0.737634,21.060707,-2.021092,22.801759,0.128321,0.075298,0.071972,0.003326,0.0530229999999999,0.0563489999999999,1.391451,0.0627263126131565,0.3981675298516267,3272.0,0,1.0196607102465496,1.3910497699707816,1.00194633408919,0.13084429748143545,0.11714879663172735
8888.0,0.739996,21.070158,-2.015579,22.805303,0.128991,0.075335,0.07255,0.0027849999999999,0.0536559999999999,0.0564409999999999,1.382021,0.0519037590621912,0.1569331525280306,3273.0,0,1.0213254919701416,1.164784608950237,1.0139077853363558,0.1598553465122215,0.1211749734861989
8889.0,0.742621,21.063858,-2.016892,22.80399,0.129258,0.074857,0.071957,0.0029,0.054401,0.057301,1.52818,0.0533068637182458,0.1882083110596317,3274.0,0,1.0368875819950247,1.212881639481439,1.0279856386999253,0.07990141478331814,0.1259170674365355
8890.0,0.742753,21.060707,-2.016367,22.80504,0.128651,0.074889,0.072597,0.002292,0.0537619999999999,0.0560539999999999,1.457458,0.0426315495787065,0.0497441044269942,3275.0,0,1.0143225514589451,0.9585947302384341,1.0159108087679507,0.20764930986057606,0.13052885805111583
8891.0,0.744065,21.068452,-2.019517,22.802546,0.128973,0.0744,0.070844,0.0035559999999999,0.054573,0.058129,1.570613,0.0651592333345547,0.452397256000852,3276.0,0,1.0518706175073522,1.487243831033061,1.0312358276644,0.018694922779170287,0.11873292181999089
8892.0,0.745378,21.057294,-2.013217,22.804909,0.12889,0.075246,0.072513,0.0027329999999999,0.053644,0.056377,1.627191,0.0509460341131512,0.1355854936191651,3277.0,0,1.020167382945036,1.1430363864491904,1.0136810279667432,0.16558701236217688,0.11640097659780035
8893.0,0.746953,21.065039,-2.016761,22.805434,0.128854,0.074689,0.072098,0.002591,0.0541649999999999,0.056756,1.457458,0.0478344348853526,0.0662280449667964,3278.0,0,1.0270255598280942,1.0836470096194513,1.0235260770975048,0.12594700310181373,0.10979167250417647
8894.0,0.74984,21.062807,-2.011511,22.803203,0.128991,0.074878,0.072056,0.002822,0.0541129999999999,0.056935,1.424454,0.0521491665742692,0.1624032782324569,3279.0,0,1.0302646460076914,1.1802593057298694,1.022543461829175,0.11510500179821248,0.10703201474735129
8895.0,0.753909,21.066351,-2.019648,22.804778,0.129249,0.07387,0.070975,0.002895,0.055379,0.058274,1.712058,0.0522751895991334,0.1652123274820987,3280.0,0,1.0544944582673612,1.210790464240954,1.0464663643235081,0.02776978713588163,0.11049735820221432
8896.0,0.754172,21.074096,-2.024636,22.807797,0.128486,0.075025,0.071993,0.0030319999999999,0.0534609999999999,0.0564929999999999,1.424454,0.0567131794545657,0.2641349813920133,3281.0,0,1.0222664555530414,1.2680886658302075,1.01022297808012,0.13265567016319724,0.09856604560072649
8897.0,0.756797,21.065826,-2.016761,22.807535,0.129111,0.075198,0.071615,0.003583,0.053913,0.057496,1.457458,0.0664576918796602,0.4813398560197819,3282.0,0,1.0404161954308988,1.498536177331723,1.0187641723356018,0.06475125654519664,0.10951653122429864
8898.0,0.754697,21.069239,-2.023192,22.811604,0.128661,0.075072,0.072056,0.003016,0.053589,0.056605,1.52818,0.0562791565590596,0.2544606247396255,3283.0,0,1.0242931463469813,1.2613969050606968,1.0126417233560099,0.13225876894396993,0.10622758033497655
8899.0,0.758766,21.059526,-2.022929,22.807272,0.129001,0.075235,0.072025,0.0032099999999999,0.053766,0.056976,1.740347,0.0597020477244404,0.3307567608630122,3284.0,0,1.031006559601901,1.3425345043914823,1.015986394557824,0.11455484933194826,0.09902158699986201
8900.0,0.75614,21.061626,-2.016761,22.80399,0.129001,0.076285,0.072639,0.003646,0.052716,0.056362,1.66491,0.0691617504789728,0.5416132369164286,3285.0,0,1.0198959511422765,1.524884985361837,0.9961451247165541,0.08833618384569775,0.09291928200866803
8901.0,0.761916,21.081315,-2.012167,22.809241,0.128918,0.075503,0.072387,0.0031159999999999,0.053415,0.056531,1.688484,0.0583345813988316,0.3002759795930689,3286.0,0,1.0229540827867007,1.3032204098703597,1.0093537414965994,0.12819977901489166,0.09429403927494177
8902.0,0.764803,21.067664,-2.016236,22.806878,0.128982,0.07491,0.072246,0.0026639999999999,0.054072,0.056736,1.396165,0.0492667320104303,0.098153902712234,3287.0,0,1.026663650757748,1.114178168130494,1.0217687074829942,0.13269750346895626,0.08949088127586988
8903.0,0.76546,21.061101,-2.012561,22.807403,0.129028,0.074915,0.071442,0.0034729999999999,0.054113,0.057586,1.693198,0.0641793251284323,0.4305551329912485,3288.0,0,1.0420447862474562,1.452530322041006,1.022543461829177,0.05388706975066826,0.09062277426299195
8904.0,0.765985,21.065039,-2.019386,22.811341,0.128991,0.075876,0.071999,0.003877,0.0531149999999999,0.056992,1.358447,0.0729911890955645,0.6269713029053965,3289.0,0,1.0312960868581778,1.621497281472255,1.0036848072562348,0.05408195188627285,0.08656476298139544
8905.0,0.761653,21.072258,-2.014267,22.812129,0.129111,0.07491,0.071327,0.003583,0.054201,0.057784,1.41031,0.0661045717870189,0.4734688202916963,3290.0,0,1.0456276860438825,1.498536177331723,1.02420634920635,0.041517359798618814,0.08647082044381227
8906.0,0.769266,21.06727,-2.015317,22.806353,0.129359,0.074862,0.07202,0.0028419999999999,0.054497,0.057339,1.688484,0.0521487027046863,0.1623929385940843,3291.0,0,1.0375752092286823,1.1886240066917686,1.0297996976568413,0.08462409017247852,0.08000422385035824
8907.0,0.772416,21.06307,-2.016892,22.808716,0.129056,0.074301,0.071615,0.002686,0.054755,0.057441,1.29244,0.0490539849514209,0.0934117774766452,3292.0,0,1.0394209454874472,1.1233793391886708,1.0346749811035534,0.07607018641641727,0.07903789937211876
8908.0,0.770841,21.069764,-2.015711,22.807141,0.128863,0.07481,0.071589,0.003221,0.054053,0.057274,1.386736,0.0595885595885596,0.3282271138934769,3293.0,0,1.0363990047500575,1.3471350899205916,1.0214096749811044,0.09167865612800463,0.07816331572281784
8909.0,0.778585,21.072127,-2.019911,22.811079,0.129102,0.075545,0.072235,0.00331,0.0535569999999999,0.056867,1.778065,0.0618021584077076,0.3775681617586366,3294.0,0,1.029034155168515,1.3843580092012289,1.0120370370370362,0.11361542395611668,0.07687472004803309
8910.0,0.788035,21.078165,-2.013086,22.811473,0.129414,0.074899,0.071447,0.0034519999999999,0.054515,0.057967,1.235862,0.0633208599310293,0.4114199708158648,3295.0,0,1.048939154037549,1.443747386030968,1.0301398337112633,0.02367021791115742,0.07527499866705083
8911.0,0.784491,21.075409,-2.021223,22.813967,0.12867,0.075382,0.071946,0.003436,0.053288,0.056724,1.250006,0.06447859783445,0.4372259121697612,3296.0,0,1.0264465053155403,1.4370556252614568,1.0069538926681794,0.11853653423249688,0.0768175885892965
8912.0,0.783966,21.063989,-2.014661,22.810423,0.12901,0.074889,0.072246,0.0026429999999999,0.054121,0.056764,1.53761,0.0488341155167952,0.0885108947131956,3297.0,0,1.0271703234562326,1.105395232120456,1.02269463340892,0.12395166697594717,0.08041833073111042
8913.0,0.779241,21.061364,-2.014136,22.813048,0.129249,0.07545,0.071657,0.003793,0.053799,0.057592,1.495176,0.0705018587360595,0.5714842077018487,3298.0,0,1.04215335896856,1.586365537432103,1.0166099773242638,0.04100111300282061,0.08241804612545509
8914.0,0.791054,21.066745,-2.013348,22.810029,0.129405,0.074883,0.071552,0.003331,0.0545219999999999,0.0578529999999999,1.344303,0.0610934834840342,0.3617718200605215,3299.0,0,1.0468762723365745,1.3931409452112669,1.0302721088435365,0.038084738076450186,0.08612320180731307
8915.0,0.790004,21.06727,-2.014529,22.807009,0.129037,0.07544,0.071699,0.0037409999999999,0.053597,0.057338,1.330158,0.0697973804992722,0.5557814100220664,3300.0,0,1.037557113775165,1.5646173149310147,1.012792894935753,0.056943259021075776,0.08224602785006618
8916.0,0.789085,21.078165,-2.014004,22.809897,0.128468,0.075072,0.071715,0.0033569999999999,0.053396,0.056753,1.330158,0.0628687004887914,0.4013413511088262,3301.0,0,1.0269712734675422,1.4040150564617484,1.0089947089947098,0.12063151159061758,0.09324094365824973
8917.0,0.790135,21.070158,-2.018467,22.803728,0.128587,0.074463,0.071447,0.003016,0.054124,0.05714,1.405595,0.0557228637413395,0.2420608753773028,3302.0,0,1.033974213978739,1.2613969050606968,1.0227513227513236,0.09606734035986386,0.08935986203755127
8918.0,0.792367,21.059263,-2.019386,22.806353,0.128091,0.074868,0.071647,0.003221,0.053223,0.056444,1.518751,0.0605178115136029,0.3489401099954532,3303.0,0,1.0213797783306953,1.3471350899205916,1.0057256235827674,0.1287302129465846,0.0939644883863425
8919.0,0.794204,21.067139,-2.014267,22.807272,0.128376,0.074637,0.071075,0.0035619999999999,0.0537389999999999,0.0573009999999999,1.325443,0.0662820989951618,0.477425896162253,3304.0,0,1.036887581995023,1.489753241321643,1.0154761904761895,0.07484368438364786,0.10320546804428506
8920.0,0.796567,21.080396,-2.025029,22.804778,0.128486,0.075996,0.072981,0.0030149999999999,0.0524899999999999,0.0555049999999999,1.570613,0.0574384180145165,0.2803005260203604,3305.0,0,1.0043881474779452,1.260978670012558,0.9918745275888122,0.1336193759929929,0.11186736257361451
8921.0,0.805492,21.070814,-2.018336,22.804515,0.1289,0.074579,0.071605,0.002974,0.0543209999999999,0.0572949999999999,1.457458,0.0547476160671552,0.2203226354776106,3306.0,0,1.036779009273919,1.2438310330406208,1.0264739229024933,0.0797257180255122,0.12266147553902125
8922.0,0.802998,21.075671,-2.017417,22.80911,0.128679,0.075125,0.072345,0.0027799999999999,0.0535539999999999,0.0563339999999999,1.353732,0.0519092521706655,0.1570555937426772,3307.0,0,1.0193892784437901,1.1626934337097516,1.0119803476946325,0.1699979304638593,0.11754266818537903
8923.0,0.80313,21.061364,-2.021223,22.802677,0.12867,0.075083,0.072083,0.003,0.053587,0.056587,1.627191,0.0559826826901545,0.2478522315520812,3308.0,0,1.0239674281836697,1.254705144291144,1.0126039304610743,0.1334109095822461,0.11773844479047062
8924.0,0.801423,21.073308,-2.016892,22.806878,0.128955,0.07566,0.072471,0.003189,0.0532949999999999,0.0564839999999999,1.28301,0.0598356349444613,0.3337344157841335,3309.0,0,1.0221035964713858,1.333751568381486,1.0070861678004526,0.12470368336974491,0.10748675939075125
8925.0,0.807067,21.071733,-2.022667,22.801365,0.128863,0.075251,0.072456,0.0027949999999999,0.053612,0.056407,1.490462,0.0521328782198345,0.1620402113258192,3310.0,0,1.020710246550555,1.1689669594312073,1.013076341647771,0.16488438867514316,0.10589606946563397
8926.0,0.812974,21.069896,-2.018336,22.801627,0.128936,0.074967,0.071458,0.003509,0.0539689999999999,0.057478,1.221718,0.0650176023716882,0.44924030630539,3311.0,0,1.0400904772675874,1.4675867837725414,1.019822373393801,0.0694434380541955,0.10562011591055469
8927.0,0.808248,21.078821,-2.022536,22.806222,0.128587,0.07492,0.071495,0.0034249999999999,0.053667,0.057092,1.429169,0.0638182902288141,0.4225076764652675,3312.0,0,1.0331056322099081,1.4324550397323474,1.0141156462585044,0.09802510641077966,0.11499490471303522
8928.0,0.816517,21.063201,-2.016498,22.801102,0.128982,0.074143,0.07077,0.003373,0.054839,0.058212,1.622476,0.061506199854121,0.3709712549332888,3313.0,0,1.0533725401492884,1.410706817231343,1.036262282690855,0.02621335894939092,0.10296209515427546
8929.0,0.817174,21.067664,-2.020042,22.802284,0.128422,0.074416,0.070817,0.0035989999999999,0.054006,0.057605,1.532895,0.0666395096931877,0.4853925693490433,3314.0,0,1.042388599864285,1.505227938101234,1.0205215419501144,0.05893678513247502,0.09992444932613616
8930.0,0.819274,21.06412,-2.017548,22.799527,0.128302,0.07482,0.071563,0.0032569999999999,0.053482,0.056739,1.29244,0.0608978553933024,0.3574112760879313,3315.0,0,1.0267179371183,1.3621915516520435,1.0106198034769474,0.13085984044220011,0.1001113522258285
8931.0,0.818486,21.063726,-2.021617,22.805565,0.128854,0.075382,0.072608,0.0027739999999999,0.0534719999999999,0.0562459999999999,1.382021,0.0518766480279767,0.1563288484304308,3316.0,0,1.0177968785342675,1.1601840234211693,1.0104308390022667,0.17347360605031747,0.08555085070427734
8932.0,0.827937,21.07239,-2.013611,22.804384,0.128624,0.074805,0.07108,0.0037249999999999,0.0538189999999999,0.0575439999999999,1.41031,0.069212188777406,0.5427375049977552,3317.0,0,1.0412847771997278,1.5579255541614618,1.0169879062736196,0.049669834876261754,0.08365209476203168
8933.0,0.822555,21.070946,-2.024111,22.807009,0.128357,0.074311,0.071316,0.0029949999999999,0.054046,0.0570409999999999,1.481032,0.0554147316224766,0.2351926201658831,3318.0,0,1.032182764080524,1.252613969050617,1.0212773998488294,0.10303445130085298,0.09060550342250695
8934.0,0.82938,21.069896,-2.013348,22.809241,0.128339,0.07544,0.071983,0.0034569999999999,0.052899,0.056356,1.448028,0.0653497164461245,0.4566431185501858,3319.0,0,1.0197873784211726,1.445838561271453,0.9996031746031755,0.12657271236666834,0.09856537020982628
8935.0,0.828724,21.071208,-2.018992,22.807009,0.128982,0.076002,0.071993,0.0040089999999999,0.05298,0.056989,1.349017,0.0756686359260866,0.6866515083150004,3320.0,0,1.0312418004976258,1.6767043078210235,1.0011337868480734,0.01927937345963171,0.10743757687665126
8936.0,0.828987,21.068452,-2.022536,22.807928,0.128789,0.075072,0.071327,0.0037449999999999,0.0537169999999999,0.0574619999999999,1.514036,0.0697159238988793,0.5539657449683297,3321.0,0,1.0398009500113088,1.5662902551234028,1.0150604686318963,0.05045587863173895,0.09787507098139492
8937.0,0.838174,21.065433,-2.019648,22.809372,0.128477,0.075839,0.073049,0.00279,0.052638,0.055428,1.65548,0.0530025266437432,0.1814246472673113,3322.0,0,1.0029947975571147,1.166875784190764,0.9946712018140598,0.16755919301553213,0.0881219549581506
8938.0,0.839749,21.07239,-2.018598,22.81226,0.128771,0.074799,0.071747,0.0030519999999999,0.0539719999999999,0.0570239999999999,1.471602,0.0565467919144757,0.2604262083710258,3323.0,0,1.0318751413707297,1.2764533667921485,1.0198790627362047,0.10581202682258417,0.09127856486203952
8939.0,0.836862,21.076327,-2.024636,22.809897,0.128918,0.0746,0.072655,0.001945,0.054318,0.056263,1.466888,0.0358069920285719,0.201863276982988,3324.0,0,1.0181045012440633,0.8134671685487583,1.0264172335600916,0.1476588518007249,0.08986561348701647
8940.0,0.841325,21.069108,-2.018204,22.811867,0.129056,0.075125,0.071369,0.0037559999999999,0.053931,0.057687,1.29244,0.0696432544685899,0.5523459456590676,3325.0,0,1.043872427052704,1.5708908406524704,1.0191043083900235,0.03523478148963688,0.0891904175299546
8941.0,0.842768,21.072127,-2.022273,22.81738,0.128854,0.074505,0.071463,0.003042,0.0543489999999999,0.057391,1.466888,0.0559705611775529,0.2475820434184865,3326.0,0,1.038516172811582,1.27227101631122,1.0270030234315939,0.07594244581787435,0.09870569625501821
8942.0,0.845262,21.063595,-2.017023,22.813048,0.128707,0.07491,0.071421,0.003489,0.0537969999999999,0.0572859999999999,1.462173,0.0648537120339047,0.4455871958450563,3327.0,0,1.0366161501922633,1.4592220828106004,1.0165721844293263,0.0812359339151506,0.10235405847662593
8943.0,0.849856,21.083547,-2.024111,22.820006,0.128716,0.074862,0.071484,0.0033779999999999,0.053854,0.0572319999999999,1.514036,0.0627239810602542,0.3981155596109691,3328.0,0,1.0356389957023289,1.4127979924717864,1.0176492819349972,0.08890493755062268,0.09454805739961528
8944.0,0.848675,21.083547,-2.013479,22.813179,0.128697,0.07534,0.071962,0.003378,0.053357,0.056735,1.584758,0.063308219948274,0.4111382259988949,3329.0,0,1.0266455553042309,1.4127979924718281,1.0082577475434626,0.11982075279604965,0.0943307104257695
8945.0,0.844475,21.065958,-2.018467,22.809504,0.128771,0.075015,0.07181,0.0032049999999999,0.053756,0.056961,1.613047,0.0596201424930706,0.3289310958389499,3330.0,0,1.0307351277991414,1.3404433291509972,1.0157974300831452,0.11443216071026796,0.09249791608787905
8946.0,0.850775,21.067533,-2.022929,22.805697,0.128753,0.074826,0.071484,0.0033419999999999,0.053927,0.057269,0.995407,0.0619715175789941,0.3813431723452734,3331.0,0,1.036308527482471,1.3977415307402927,1.0190287226001522,0.08693950084781599,0.09820556020215505
8947.0,0.850906,21.075277,-2.021354,22.815542,0.128569,0.074721,0.071306,0.003415,0.0538479999999999,0.0572629999999999,1.334873,0.0634180764731007,0.4135869244725692,3332.0,0,1.0361999547613652,1.428272689251419,1.017535903250188,0.08949918224542552,0.09920017867695721
8948.0,0.847887,21.075671,-2.023848,22.811079,0.128615,0.074673,0.071495,0.003178,0.053942,0.05712,1.53761,0.0589140388929054,0.3131920688607368,3333.0,0,1.0336123049083927,1.3291509828524184,1.01931216931217,0.10363855708412661,0.1067162029157758
8949.0,0.854581,21.078953,-2.026604,22.811341,0.128615,0.074862,0.071862,0.003,0.053753,0.056753,1.462173,0.0558098002009153,0.2439986863193983,3334.0,0,1.0269712734675422,1.254705144291144,1.0157407407407417,0.12933090842182038,0.10909923780459292
8950.0,0.858256,21.080003,-2.021617,22.813179,0.128697,0.074831,0.071463,0.0033679999999999,0.053866,0.057234,1.17457,0.0625243655670446,0.3936661365629068,3335.0,0,1.0356751866093654,1.4086156419908158,1.0178760393046116,0.09231122263239666,0.1028354468652578
8951.0,0.865213,21.078034,-2.025817,22.812392,0.128707,0.073838,0.071348,0.00249,0.0548689999999999,0.0573589999999999,1.499891,0.045379989065063,0.0115185250421514,3336.0,0,1.0379371182990265,1.0414052697616496,1.0368291761148893,0.08588863056589602,0.10541324849229575
8952.0,0.859175,21.062807,-2.019779,22.817511,0.128661,0.074358,0.072293,0.0020649999999999,0.054303,0.056368,1.471602,0.0380266647024159,0.1523868430882168,3337.0,0,1.0200045238633804,0.8636553743203622,1.0261337868480733,0.15639617630333658,0.10989309846864417
8953.0,0.870332,21.07239,-2.021748,22.813836,0.128679,0.075503,0.071967,0.0035359999999999,0.0531759999999999,0.0567119999999999,1.490462,0.0664949132143595,0.4821695183963235,3338.0,0,1.026229359873331,1.47887913007112,1.0048374905517752,0.11273528643879371,0.11224779579342761
8954.0,0.872038,21.069502,-2.021879,22.811604,0.128165,0.074385,0.070712,0.003673,0.0537799999999999,0.057453,1.287725,0.0682954946914339,0.5223044227326206,3339.0,0,1.0396380909296548,1.5361773316604572,1.0162509448223724,0.057182843402698635,0.11282884365300405
8955.0,0.868494,21.07239,-2.017679,22.811735,0.128045,0.075151,0.071894,0.0032569999999999,0.052894,0.0561509999999999,1.433884,0.061574818035731,0.3725007520372596,3340.0,0,1.0160778104501236,1.3621915516520435,0.9995086923658361,0.1402101769806472,0.12128643984689509
8956.0,0.869413,21.068189,-2.021617,22.815542,0.128431,0.074715,0.071726,0.002989,0.0537159999999999,0.0567049999999999,1.514036,0.0556434648249158,0.2402910760343439,3341.0,0,1.02610269169871,1.2501045587620765,1.0150415721844284,0.13173800061130025,0.13213177658112982
8957.0,0.871382,21.080003,-2.020042,22.815017,0.128119,0.074311,0.071164,0.0031469999999999,0.053808,0.056955,1.367877,0.0584846401159656,0.3036207836653541,3342.0,0,1.0306265550780376,1.316185696361368,1.0167800453514748,0.11304615549326003,0.14295785811103362
8958.0,0.872432,21.074621,-2.020042,22.811867,0.12833,0.073891,0.071369,0.0025219999999999,0.054439,0.056961,1.462173,0.0463262307127111,0.0326102215251595,3343.0,0,1.0307351277991414,1.0547887913007132,1.0287037037037046,0.10944903567989095,0.1397008904811284
8959.0,0.876501,21.070946,-2.024242,22.811341,0.128238,0.074868,0.07234,0.002528,0.0533699999999999,0.0558979999999999,1.207573,0.0473665473759158,0.0557988471379338,3344.0,0,1.0114996607102456,1.0572982015893373,1.0085034013605432,0.21390687036073092,0.14155767322283522
8960.0,0.884638,21.08079,-2.022404,22.813311,0.128128,0.074621,0.072072,0.002549,0.0535069999999999,0.0560559999999999,1.221718,0.0476377364132468,0.0618436422271382,3345.0,0,1.0143587423659797,1.0660811375993753,1.0110922146636423,0.20076458997474395,0.14902601920946656
8961.0,0.885163,21.062676,-2.023192,22.811604,0.128247,0.07524,0.072545,0.002695,0.053007,0.055702,1.268866,0.0508413824328403,0.1332528109655959,3346.0,0,1.0079529518208559,1.1271434546215444,1.0016439909297061,0.1941494458649341,0.1473089321371641
8962.0,0.889757,21.081709,-2.022667,22.813179,0.128587,0.073991,0.071726,0.002265,0.054596,0.056861,0.995407,0.0414857959228529,0.075282917280587,3347.0,0,1.028925582447411,0.9473023839398137,1.0316704459561612,0.12382650000428441,0.1475036409923151
8963.0,0.883588,21.081184,-2.024373,22.813048,0.128468,0.075036,0.071883,0.003153,0.0534319999999999,0.0565849999999999,1.316014,0.0590084779069115,0.315297111504464,3348.0,0,1.0239312372766334,1.3186951066499923,1.0096749811035517,0.1313031138558617,0.15130377060503356
8964.0,0.888182,21.063201,-2.027392,22.809241,0.128385,0.073802,0.071689,0.002113,0.0545829999999999,0.0566959999999999,1.287725,0.0387109775758464,0.1371335307216723,3349.0,0,1.0259398326170541,0.8837306566290624,1.031424792139077,0.13186630326901227,0.15278635557319004
8965.0,0.886345,21.068977,-2.025161,22.813048,0.128312,0.0744,0.071458,0.002942,0.053912,0.056854,1.325443,0.0545693988462893,0.2163501792452202,3350.0,0,1.02879891427279,1.2304475115015152,1.018745275888134,0.12303930625762238,0.14472151117979293
8966.0,0.890151,21.069896,-2.029361,22.809635,0.128229,0.074847,0.071799,0.0030479999999999,0.053382,0.05643,1.556469,0.0570968285783862,0.272686508262244,3351.0,0,1.0211264419814532,1.2747804265997607,1.0087301587301596,0.1336850891628104,0.14021858731029416
8967.0,0.895795,21.066351,-2.024504,22.813311,0.128247,0.074432,0.071684,0.002748,0.053815,0.056563,1.514036,0.0510628809276051,0.1381900054281666,3352.0,0,1.0235331372992544,1.149309912170688,1.01691232048375,0.15104745162044442,0.12685092756555577
8968.0,0.897895,21.077377,-2.026604,22.807009,0.128266,0.075072,0.07171,0.003362,0.0531939999999999,0.0565559999999999,1.287725,0.0632014287057055,0.4087578525700814,3353.0,0,1.0234064691246314,1.4061062317022754,1.0051776266061971,0.1242748853614557,0.12787323838229897
8969.0,0.89737,21.068189,-2.026079,22.806878,0.128504,0.074862,0.071962,0.0029,0.053642,0.056542,1.452743,0.0540611076934548,0.2050203854792942,3354.0,0,1.023153132775391,1.212881639481439,1.0136432350718074,0.1332584264267601,0.1213220134517965
8970.0,0.901964,21.060707,-2.019648,22.809766,0.12856,0.074962,0.07214,0.002822,0.053598,0.05642,1.613047,0.0526502360118659,0.1735721001934953,3355.0,0,1.02094548744628,1.1802593057298694,1.0128117913832209,0.15573535127975602,0.1211520590034852
8971.0,0.898945,21.072258,-2.027786,22.80806,0.12856,0.074978,0.071269,0.003709,0.053582,0.057291,1.476317,0.0692197152081817,0.5429052689023735,3356.0,0,1.0367066274598518,1.551233793391951,1.012509448223735,0.060472848417550074,0.12142403340902545
8972.0,0.906033,21.06517,-2.031461,22.808191,0.128808,0.075902,0.072566,0.0033359999999999,0.052906,0.056242,1.339588,0.063054038218005,0.4054725232477165,3357.0,0,1.0177244967202,1.3952321204517102,0.9997354497354507,0.13404960817171674,0.10893794267868381
8973.0,0.901045,21.065826,-2.032642,22.80399,0.128798,0.074526,0.071274,0.0032519999999999,0.054272,0.0575239999999999,1.433884,0.0599192968879551,0.3355992378660359,3358.0,0,1.0409228681293816,1.3601003764115582,1.0255479969765693,0.06579086455083683,0.09727045268053566
8974.0,0.908789,21.070946,-2.016629,22.80911,0.128449,0.074684,0.07171,0.002974,0.053765,0.056739,1.405595,0.0553137670646878,0.2329421233570423,3359.0,0,1.0267179371183,1.2438310330406208,1.0159674981103561,0.13016675878589923,0.08865054341193564
8975.0,0.910496,21.074621,-2.029754,22.805959,0.128569,0.075177,0.071899,0.0032779999999999,0.0533919999999999,0.0566699999999999,1.188714,0.0613938156687204,0.3684662149851401,3360.0,0,1.025469350825604,1.3709744876620815,1.0089191232048365,0.12575905031302514,0.08814333953211753
8976.0,0.916533,21.068714,-2.020961,22.802152,0.128431,0.075335,0.071253,0.004082,0.0530959999999999,0.0571779999999999,1.330158,0.0768781663747481,0.713611903868854,3361.0,0,1.0346618412123945,1.7072354663321498,1.0033257747543451,0.00882418185939382,0.08283082553726955
8977.0,0.913777,21.074227,-2.028967,22.807009,0.128688,0.074259,0.070886,0.003373,0.0544289999999999,0.0578019999999999,1.462173,0.0619695021128054,0.381298247667492,3362.0,0,1.045953404207192,1.410706817231343,1.028514739229024,0.034372551638963134,0.07958449945030026
8978.0,0.921521,21.074752,-2.031723,22.803071,0.128697,0.07397,0.070712,0.0032579999999999,0.054727,0.057985,1.193429,0.0595307703552111,0.3269389937047273,3363.0,0,1.0492648722008604,1.3626097867001405,1.0341458805744528,0.038075792675455356,0.0802476469305667
8979.0,0.914827,21.062545,-2.029623,22.806353,0.128413,0.075041,0.071894,0.0031469999999999,0.053372,0.056519,1.240577,0.0589623967174413,0.3142699632445065,3364.0,0,1.022736937344493,1.316185696361368,1.008541194255481,0.12818638762857892,0.08785184595045552
8980.0,0.92034,21.06097,-2.025292,22.810685,0.128302,0.073959,0.071295,0.0026639999999999,0.054343,0.057007,1.386736,0.0490210510819961,0.0926776825658515,3365.0,0,1.0315675186609374,1.114178168130494,1.0268896447467886,0.10261021133127635,0.08260477205578445
8981.0,0.926771,21.071471,-2.031592,22.805697,0.128486,0.075445,0.071479,0.0039659999999999,0.0530409999999999,0.0570069999999999,1.27358,0.0747709362392066,0.6666418106065719,3366.0,0,1.0315675186609354,1.6587202007528505,1.002286470143612,0.028009587547857095,0.08393741102093863
8982.0,0.93609,21.071471,-2.024242,22.802152,0.128486,0.074941,0.072014,0.0029269999999999,0.0535449999999999,0.0564719999999999,1.226432,0.0546632801703208,0.2184427909970023,3367.0,0,1.021886451029178,1.2241739857800178,1.0118102796674215,0.1406810829743811,0.09529521658210542
8983.0,0.929134,21.06097,-2.022798,22.802284,0.128881,0.074616,0.072277,0.002339,0.0542649999999999,0.056604,1.669624,0.0431024951166477,0.0392467432392149,3368.0,0,1.024275050893464,0.9782517774989953,1.0254157218442923,0.14183285474972507,0.10423837437744317
8984.0,0.933465,21.072652,-2.029492,22.806747,0.128817,0.074962,0.071479,0.003483,0.0538549999999999,0.0573379999999999,1.608332,0.0646724598930481,0.4415470913417887,3369.0,0,1.0375571137751631,1.456712672522018,1.0176681783824633,0.07769601983918861,0.10938412650398957
8985.0,0.935565,21.064251,-2.023848,22.805959,0.128808,0.0747,0.072188,0.002512,0.054108,0.05662,1.391451,0.046424809181467,0.0348075324847079,3370.0,0,1.0245645781497408,1.0506064408197846,1.0224489795918377,0.1390854399645669,0.1046071045562483
8986.0,0.94344,21.058476,-2.027392,22.804515,0.12856,0.074768,0.071678,0.0030899999999999,0.053792,0.056882,1.514036,0.0574424181584963,0.2803896891035111,3371.0,0,1.0293055869712744,1.2923462986198366,1.0164777021919889,0.12240223747106171,0.09904878428355865
8987.0,0.935959,21.064383,-2.029098,22.804647,0.128541,0.074826,0.071757,0.003069,0.0537149999999999,0.0567839999999999,1.584758,0.0571338148782486,0.2735109317196824,3372.0,0,1.0275322325265768,1.2835633626098404,1.0150226757369605,0.12380412959234055,0.10719700411031181
8988.0,0.938846,21.061626,-2.028836,22.806616,0.128771,0.075461,0.071867,0.003594,0.0533099999999999,0.0569039999999999,1.198144,0.0674157303370786,0.5026945030205143,3373.0,0,1.0297036869486533,1.5031367628607906,1.0073696145124706,0.08953331394091935,0.09904989502674541
8989.0,0.945015,21.07239,-2.025686,22.806222,0.129092,0.075965,0.072267,0.003698,0.053127,0.056825,1.330158,0.0696054811022437,0.5515039785145264,3374.0,0,1.028274146120788,1.5466332078628835,1.0039115646258512,0.08041616815116637,0.08641614973325003
8990.0,0.950266,21.067533,-2.025161,22.81226,0.129239,0.074642,0.0715,0.003142,0.0545969999999999,0.057739,1.759206,0.0575478955273088,0.2827407763277392,3375.0,0,1.0448133906356036,1.3140945211209247,1.031689342403627,0.047027008604379694,0.0909057951465072
8991.0,0.947772,21.062807,-2.030804,22.808716,0.128468,0.075713,0.072167,0.003546,0.0527549999999999,0.056301,1.358447,0.0672151034953371,0.4982225370455722,3376.0,0,1.0187921284777208,1.4830614805521323,0.9968820861677994,0.10949178581538876,0.08479200161729983
8992.0,0.94764,21.068189,-2.035398,22.811604,0.12855,0.075545,0.071673,0.003872,0.053005,0.056877,1.056699,0.0730483341508508,0.6282450643854578,3377.0,0,1.029215109703688,1.61940610623177,1.0016061980347704,0.05920999213871714,0.08489117885128257
8993.0,0.955385,21.068189,-2.018467,22.813442,0.128707,0.075834,0.071799,0.0040349999999999,0.0528729999999999,0.0569079999999999,1.386736,0.0763135000189128,0.7010255086060309,3378.0,0,1.0297760687627224,1.6875784190715468,0.9991118669690088,0.01549540181477127,0.07841752043250949
8994.0,0.955647,21.075671,-2.022273,22.817118,0.128495,0.074988,0.071689,0.0032989999999999,0.053507,0.0568059999999999,1.495176,0.0616543320624952,0.3742731171860773,3379.0,0,1.0279303325039575,1.3797574236721195,1.011092214663644,0.12259247397176032,0.0818819748186049
8995.0,0.956172,21.060313,-2.027917,22.811998,0.128945,0.074605,0.071589,0.003016,0.05434,0.057356,1.240577,0.0555013709721941,0.2371238085386087,3380.0,0,1.0378828319384763,1.2613969050606968,1.026832955404385,0.077947504672493,0.07980983052068917
8996.0,0.961028,21.075277,-2.014136,22.813311,0.129056,0.075986,0.072566,0.0034199999999999,0.05307,0.05649,1.504606,0.0644419739594127,0.4364095671502426,3381.0,0,1.0222121691924912,1.4303638644918624,1.0028344671201823,0.12339400981088933,0.0803898084643421
8997.0,0.962472,21.073833,-2.024111,22.815805,0.128835,0.074432,0.07129,0.0031419999999999,0.054403,0.057545,1.306584,0.0577531063892359,0.2873149199680462,3382.0,0,1.0413028726532467,1.314094521120883,1.028023431594861,0.05906754540460968,0.08242175813342187
8998.0,0.964835,21.069896,-2.029098,22.817118,0.128817,0.074999,0.071957,0.003042,0.0538179999999999,0.0568599999999999,1.320729,0.0565227893494863,0.2598911919544167,3383.0,0,1.028907486993892,1.27227101631122,1.0169690098261517,0.12417785780187351,0.09128846303674469
8999.0,0.965491,21.07869,-2.028311,22.817905,0.128945,0.074642,0.071316,0.0033259999999999,0.054303,0.057629,1.509321,0.0612477902180317,0.3652113122947171,3384.0,0,1.0428228907487003,1.3910497699707398,1.0261337868480733,0.05969472517200891,0.10364490788375384
9000.0,0.970873,21.067008,-2.031198,22.813311,0.128771,0.074868,0.071248,0.0036199999999999,0.0539029999999999,0.0575229999999999,1.075559,0.0671564262392401,0.496914622857763,3385.0,0,1.0409047726758642,1.514010874111272,1.0185752078609212,0.05282678804090912,0.10079123955748463
9001.0,0.972054,21.071077,-2.026604,22.817774,0.128927,0.075666,0.072403,0.003263,0.053261,0.056524,1.349017,0.0612631895159776,0.36555456216026,3386.0,0,1.0228274146120795,1.3647009619406676,1.0064436885865466,0.12981128250618645,0.10658213641933612
9002.0,0.976516,21.071602,-2.014923,22.815017,0.128587,0.075498,0.072498,0.0029999999999999,0.053089,0.056089,1.636621,0.0565078169146729,0.2595574568546359,3387.0,0,1.0149558923320525,1.2547051442911021,1.003193499622072,0.14787704117194522,0.10361958034334304
9003.0,0.975729,21.069764,-2.020698,22.816986,0.129083,0.074899,0.072466,0.0024329999999999,0.054184,0.056617,1.396165,0.0449017255698069,0.0008580468166214,3388.0,0,1.0245102917891888,1.017565872020076,1.0238851095993964,0.13905985028486278,0.11209764591573539
9004.0,0.971266,21.068058,-2.026867,22.81528,0.128881,0.074946,0.071642,0.003304,0.053935,0.057239,1.41031,0.0612577870068229,0.3654341404015888,3389.0,0,1.035765663876952,1.3818485989126466,1.019179894179895,0.09405579070906833,0.11071384946261434
9005.0,0.977698,21.072783,-2.021486,22.81738,0.128128,0.075209,0.071915,0.0032939999999999,0.0529189999999999,0.0562129999999999,1.504606,0.0622448979591835,0.387436812397679,3390.0,0,1.0171997285681964,1.3776662484316342,0.999981103552531,0.13585647329100792,0.11659469349758296
9006.0,0.981373,21.075277,-2.025554,22.81738,0.128523,0.075424,0.071789,0.0036349999999999,0.0530989999999999,0.0567339999999999,1.721487,0.0684557438794726,0.5258763720799802,3391.0,0,1.0266274598507117,1.5202843998327276,1.0033824640967488,0.09376844905095838,0.12047819875202108
9007.0,0.987542,21.079084,-2.023192,22.821581,0.128651,0.074742,0.071999,0.002743,0.0539089999999999,0.0566519999999999,1.481032,0.0508810981265073,0.1341380725248575,3392.0,0,1.0251436326622927,1.1472187369302027,1.0186885865457285,0.14384820112853314,0.11726770663314853
9008.0,0.987673,21.078428,-2.022011,22.817118,0.128789,0.075692,0.072135,0.0035569999999999,0.0530969999999999,0.0566539999999999,1.504606,0.0669893404648007,0.4931902862151498,3393.0,0,1.0251798235693272,1.487662066081158,1.003344671201813,0.11033989327066296,0.11398393970061396
9009.0,0.990692,21.090766,-2.026342,22.819874,0.129092,0.075366,0.072204,0.0031619999999999,0.053726,0.056888,1.584758,0.0588530906248254,0.3118335338874518,3394.0,0,1.0294141596923783,1.322459222082824,1.015230536659109,0.11850316552169537,0.12129507497713723
9010.0,0.991611,21.089585,-2.028442,22.824075,0.128844,0.07481,0.071563,0.003247,0.0540339999999999,0.0572809999999999,1.217003,0.0600906819653928,0.3394194058368878,3395.0,0,1.0365256729246768,1.358009201171115,1.021050642479213,0.09166184058529026,0.11965848581810343
9011.0,0.989511,21.072652,-2.010067,22.81948,0.128835,0.074322,0.071521,0.0028009999999999,0.054513,0.057314,1.433884,0.0513812965476757,0.1452874795571799,3396.0,0,1.0371228228907496,1.1714763697197896,1.0301020408163275,0.09770636131746102,0.11764826394700631
9012.0,0.993973,21.08801,-2.022536,22.821975,0.128725,0.075177,0.071862,0.0033149999999999,0.053548,0.056863,1.367877,0.0619059179443126,0.3798809585571381,3397.0,0,1.0289617733544456,1.3864491844416722,1.011866969009827,0.11503937184659951,0.1080776324002672
9013.0,0.99778,21.068845,-2.030542,22.820662,0.128302,0.074831,0.072356,0.0024749999999999,0.053471,0.0559459999999999,1.339588,0.0462859066427287,0.0317113992770128,3398.0,0,1.0123682424790763,1.035131744040152,1.0104119425548006,0.21217120305009535,0.10275493305446885
9014.0,0.993842,21.081184,-2.016236,22.821975,0.12867,0.074868,0.071363,0.003505,0.053802,0.057307,1.433884,0.0651450662602458,0.4520814723613162,3399.0,0,1.0369961547161284,1.465913843580153,1.0166666666666677,0.07768989911873048,0.08838100576026241
9015.0,1.001192,21.071733,-2.031067,22.820793,0.128798,0.076259,0.072771,0.0034879999999999,0.052539,0.0560269999999999,1.27358,0.066387514274838,0.4797755994215935,3400.0,0,1.013833974213978,1.4588038477624616,0.9928004535147401,0.11575425458003652,0.09015662044352733
9016.0,0.992529,21.087353,-2.032511,22.817249,0.129046,0.075855,0.071741,0.004114,0.0531909999999999,0.0573049999999999,1.268866,0.077342457512408,0.7239609386842327,3401.0,0,1.036959963809092,1.7206189878712552,1.0051209372637935,-0.0019378664164325654,0.09166060887074017
9017.0,1.00093,21.078296,-2.021092,22.823419,0.128964,0.076065,0.072387,0.0036779999999999,0.052899,0.0565769999999999,1.320729,0.0695274102079392,0.5497637807427205,3402.0,0,1.023786473648495,1.5382685069009008,0.9996031746031755,0.09062120767054971,0.08823618366166822
9018.0,1.003292,21.086697,-2.025817,22.820793,0.129267,0.074322,0.070292,0.00403,0.0549449999999999,0.058975,1.476317,0.0733447384704984,0.6348519073222461,3403.0,0,1.0671793711829913,1.6854872438311033,1.038265306122448,-0.0333993796714015,0.08842169061776833
9019.0,1.007755,21.07659,-2.037104,22.822368,0.128302,0.074988,0.071899,0.0030889999999999,0.053314,0.0564029999999999,1.278295,0.0579386664165805,0.2914510471252682,3404.0,0,1.020637864736484,1.2919280635717394,1.007445200302344,0.13625931235434463,0.07744266415507961
9020.0,1.013268,21.072521,-2.016892,22.818693,0.128771,0.074957,0.071699,0.0032579999999999,0.053814,0.057072,1.702628,0.0605407414289695,0.3494512170858002,3405.0,0,1.032743723139562,1.3626097867001405,1.0168934240362821,0.10670172485741847,0.08246835055170071
9021.0,1.010774,21.073571,-2.026211,22.815805,0.128881,0.074841,0.071342,0.003499,0.0540399999999999,0.0575389999999999,1.29244,0.0647471364334487,0.4432116290721297,3406.0,0,1.0411942999321413,1.463404433291571,1.0211640211640203,0.06346210922674167,0.0727398578830588
9022.0,1.008805,21.084991,-2.027523,22.824863,0.128844,0.075088,0.07192,0.003168,0.0537559999999999,0.0569239999999999,1.608332,0.0589318600368325,0.3135893015968176,3407.0,0,1.0300655960189993,1.324968632371448,1.0157974300831434,0.11689444140760064,0.08345841995860998
9023.0,1.016943,21.073833,-2.025292,22.822631,0.128725,0.075104,0.071757,0.003347,0.053621,0.056968,1.396165,0.0624184103539592,0.3913043982049042,3408.0,0,1.0308617959737625,1.3998327059808198,1.013246409674982,0.10238093842320806,0.07653849166380323
9024.0,1.017205,21.080528,-2.031461,22.821318,0.128854,0.075498,0.072356,0.0031419999999999,0.053356,0.0564979999999999,1.264151,0.058886369173679,0.3125753116918415,3409.0,0,1.022356932820628,1.314094521120883,1.0082388510959948,0.12794676308494146,0.08293726564556436
9025.0,1.020093,21.078821,-2.023979,22.828144,0.128909,0.074379,0.070859,0.0035199999999999,0.0545299999999999,0.0580499999999999,1.353732,0.0645504391997211,0.4388272539358842,3410.0,0,1.0504410766794834,1.472187369301567,1.0304232804232794,0.018469327893617438,0.0815704863104799
9026.0,1.023637,21.070421,-2.029229,22.827619,0.128615,0.075204,0.07172,0.0034839999999999,0.053411,0.056895,1.608332,0.0652287875383806,0.4539476170104943,3411.0,0,1.0295408278669993,1.4571309075700734,1.009278155706728,0.10524775433907918,0.0697691409152327
9027.0,1.026524,21.08906,-2.025292,22.823681,0.129001,0.074369,0.070928,0.0034409999999999,0.054632,0.058073,1.334873,0.0629839108231288,0.4039093858276423,3412.0,0,1.0508572721103833,1.4391468005019004,1.0323507180650047,0.021421924722482277,0.08041596048585933
9028.0,1.027049,21.084859,-2.017023,22.82867,0.128523,0.075251,0.0713,0.0039509999999999,0.053272,0.0572229999999999,1.28301,0.074165149325174,0.6531388393984134,3413.0,0,1.035476136620673,1.6524466750313949,1.0066515495086932,0.030588360146209803,0.07847030891683893
9029.0,1.026524,21.091291,-2.025029,22.827226,0.128339,0.074584,0.07151,0.0030739999999999,0.053755,0.056829,1.415025,0.0571843143091002,0.2746365624406872,3414.0,0,1.0283465279348571,1.2856545378502837,1.0157785336356773,0.12259151900350007,0.08305317200133519
9030.0,1.027574,21.08184,-2.031592,22.832608,0.128275,0.07503,0.070865,0.004165,0.053245,0.05741,1.64605,0.078221838260151,0.7435623078170492,3415.0,0,1.038859986428411,1.741948975324205,1.0061413454270607,-0.011311729095053513,0.08397164070687028
9031.0,1.030724,21.082497,-2.025554,22.832083,0.128119,0.074595,0.071799,0.0027959999999999,0.053524,0.05632,1.29244,0.0522372723026621,0.1643671521396101,3416.0,0,1.0191359420945496,1.1693851944793043,1.0114134542705981,0.16993030493300798,0.09252364530128161
9032.0,1.025606,21.069502,-2.030017,22.831426,0.128403,0.074253,0.071306,0.002947,0.0541499999999999,0.0570969999999999,1.613047,0.0544218943325147,0.2130623082852587,3417.0,0,1.0331961094774929,1.2325386867420005,1.0232426303854865,0.09743792571739651,0.09378273917870841
9033.0,1.028756,21.072652,-2.031329,22.830376,0.128394,0.074967,0.072072,0.002895,0.053427,0.056322,1.353732,0.054185071498091,0.2077835347749987,3418.0,0,1.0191721330015842,1.210790464240954,1.009580498866214,0.14820956926817064,0.09643273844882361
9034.0,1.029543,21.080528,-2.038286,22.834839,0.128449,0.074689,0.071815,0.002874,0.05376,0.056634,1.117992,0.0534588270307472,0.1915955685025869,3419.0,0,1.024817914498983,1.202007528230916,1.0158730158730167,0.1371314501402925,0.10623943257352575
9035.0,1.039387,21.090504,-2.031329,22.834314,0.12833,0.074826,0.071363,0.003463,0.0535039999999999,0.056967,1.268866,0.0647229230913,0.4426719144392883,3420.0,0,1.030843700520245,1.448347971560077,1.0110355253212386,0.10398937383773066,0.10678998032034688
9036.0,1.032693,21.081709,-2.026079,22.838253,0.127889,0.075099,0.071579,0.0035199999999999,0.05279,0.05631,1.476317,0.0666780322403439,0.4862512357102098,3421.0,0,1.0189549875593766,1.472187369301567,0.997543461829177,0.11783869311334716,0.13134517221101166
9037.0,1.039125,21.074096,-2.025161,22.836283,0.128008,0.073487,0.070308,0.003179,0.054521,0.0577,1.476317,0.0583067385642493,0.2996553636883496,3422.0,0,1.044107667948429,1.3295692179005156,1.0302532123960704,0.047921917423634275,0.11379663441543317
9038.0,1.037812,21.08906,-2.029623,22.837202,0.127907,0.074505,0.071358,0.0031469999999999,0.0534019999999999,0.0565489999999999,1.17457,0.0589292736363125,0.3135316508107983,3423.0,0,1.0232798009500104,1.316185696361368,1.0091080876795153,0.12865530139323123,0.11302511515574291
9039.0,1.050544,21.095885,-2.020304,22.842322,0.128008,0.074742,0.071516,0.003226,0.053266,0.056492,1.532895,0.0605628250136107,0.3499434594909694,3424.0,0,1.022248360099526,1.349226265161077,1.006538170823886,0.12809699647171124,0.11314229859238076
9040.0,1.0449,21.08289,-2.031067,22.843635,0.128229,0.074936,0.072487,0.002449,0.053293,0.055742,1.542325,0.0459526400720532,0.0242828979273939,3425.0,0,1.008676769961548,1.0242576327896704,1.0070483749055186,0.23424018981159445,0.10180574176268306
9041.0,1.045819,21.085384,-2.028967,22.843897,0.127944,0.075954,0.071736,0.0042179999999999,0.05199,0.056208,1.429169,0.0811294262468503,0.8083723523395299,3426.0,0,1.0171092513006117,1.7641154328733066,0.9824263038548762,-0.005555073022776913,0.09660099930868614
9042.0,1.050019,21.071077,-2.022142,22.843503,0.127962,0.077004,0.073479,0.003525,0.0509579999999999,0.0544829999999999,1.235862,0.0691732569320434,0.5418697153924759,3427.0,0,0.9858945939832607,1.474278544542094,0.9629251700680261,0.08972273312049384,0.09729470582431012
9043.0,1.051069,21.072521,-2.029492,22.842453,0.128541,0.075849,0.072897,0.0029519999999999,0.0526919999999999,0.0556439999999999,1.29244,0.056022621600592,0.2487424686061188,3428.0,0,1.0069034155168506,1.2346298619824438,0.9956916099773232,0.14938140363454921,0.1051852869208432
9044.0,1.049231,21.07974,-2.028442,22.849542,0.128872,0.076616,0.072603,0.004013,0.0522559999999999,0.0562689999999999,1.523465,0.0767935396214861,0.711725576207648,3429.0,0,1.0182130739651654,1.6783772480134536,0.9874527588813293,0.023765881843315517,0.09570651271307809
9045.0,1.05225,21.098904,-2.029361,22.849805,0.129267,0.075461,0.071741,0.00372,0.0538059999999999,0.0575259999999999,1.198144,0.0691359860241232,0.5410389480304052,3430.0,0,1.0409590590364162,1.5558343789210187,1.0167422524565373,0.051941949297761414,0.0949463131614055
9046.0,1.05435,21.07974,-2.029492,22.844554,0.128826,0.076159,0.072786,0.003373,0.0526669999999999,0.0560399999999999,1.396165,0.0640426824637351,0.4275093723046554,3431.0,0,1.0140692151097028,1.410706817231343,0.9952191987906264,0.12477575826958687,0.0780090200721663
9047.0,1.060782,21.081447,-2.027261,22.851774,0.129019,0.075576,0.072356,0.00322,0.0534429999999999,0.0566629999999999,1.518751,0.0602499812888257,0.3429701827321407,3432.0,0,1.025342682650983,1.3467168548724946,1.0098828420256982,0.12682772838896506,0.0799420174624633
9048.0,1.058288,21.080528,-2.030936,22.854137,0.129249,0.075261,0.071505,0.0037559999999999,0.053988,0.057744,1.679054,0.0695697271666449,0.5507070244176557,3433.0,0,1.0449038679031901,1.5708908406524704,1.0201814058956926,0.033867559315580165,0.08382904202899624
9049.0,1.064194,21.084466,-2.020042,22.854662,0.128661,0.075613,0.072146,0.0034669999999999,0.053048,0.0565149999999999,1.349017,0.0653546720956096,0.4567535798209161,3434.0,0,1.0226645555304221,1.4500209117524234,1.002418745275889,0.12049500095498544,0.07378566320047703
9050.0,1.065113,21.091422,-2.023979,22.858337,0.128798,0.075639,0.071825,0.0038139999999999,0.053159,0.0569729999999999,1.481032,0.0717456734386756,0.5992087981950756,3435.0,0,1.0309522732413472,1.5951484734420993,1.0045162509448233,0.06486725891920242,0.07677964339793589
9051.0,1.060257,21.074358,-2.031723,22.852693,0.128753,0.074731,0.070844,0.003887,0.054022,0.057909,1.457458,0.0719508357551413,0.6037818597585782,3436.0,0,1.0478896177335455,1.6256796319532254,1.0208238851096003,0.013774900880192953,0.0887890733473815
9052.0,1.059075,21.07869,-2.030411,22.860306,0.128302,0.074805,0.071573,0.0032319999999999,0.053497,0.056729,1.466888,0.0604134734008747,0.3466144167534135,3437.0,0,1.026536982583127,1.3517356754496173,1.0109032501889654,0.12859297878582332,0.08219649493345181
9053.0,1.065901,21.092341,-2.023323,22.866082,0.128762,0.075146,0.071342,0.003804,0.0536159999999999,0.0574199999999999,1.240577,0.0709476472014473,0.5814208185358303,3438.0,0,1.0390409409635821,1.5909661229611707,1.0131519274376408,0.0489476153493571,0.08201355270081172
9054.0,1.063669,21.071471,-2.030279,22.862276,0.12833,0.075807,0.071936,0.0038709999999999,0.052523,0.056394,1.688484,0.0736996420683877,0.6427626973260623,3439.0,0,1.0204750056548302,1.618987871183631,0.9924981103552541,0.05370568381790408,0.09043724897218536
9055.0,1.069969,21.081578,-2.032511,22.863588,0.128707,0.075025,0.072356,0.0026689999999999,0.0536819999999999,0.0563509999999999,1.217003,0.0497177877540374,0.1082079210116013,3440.0,0,1.0196969011535844,1.1162693433709794,1.0143990929705207,0.17203624879221757,0.08118520668496745
9056.0,1.072463,21.089322,-2.025292,22.864245,0.128716,0.075072,0.071358,0.0037139999999999,0.053644,0.0573579999999999,1.217003,0.0692329201230309,0.5431996060378983,3441.0,0,1.0379190228455093,1.5533249686323944,1.0136810279667432,0.05884997413029003,0.07945787214865291
9057.0,1.07522,21.082628,-2.027129,22.861882,0.128872,0.074789,0.072014,0.0027749999999999,0.0540829999999999,0.0568579999999999,1.344303,0.0513090747725759,0.1436776584679744,3442.0,0,1.0288712960868573,1.1606022584692663,1.021976568405139,0.12499830606256412,0.08933434443545556
9058.0,1.079157,21.083809,-2.025161,22.863194,0.128651,0.074878,0.071752,0.003126,0.0537729999999999,0.0568989999999999,1.532895,0.0581321828392904,0.2957645220842475,3443.0,0,1.0296132096810668,1.307402760351372,1.0161186696900972,0.11810452202931654,0.09529866228189174
9059.0,1.080995,21.088141,-2.023848,22.862538,0.128615,0.075057,0.071148,0.0039089999999999,0.053558,0.057467,1.377306,0.0729849325043409,0.6268318436843461,3444.0,0,1.039891427278897,1.6348808030113189,1.0120559334845058,0.027974578082806345,0.09983639640243325
9060.0,1.069576,21.081447,-2.026736,22.862407,0.128642,0.074474,0.070943,0.0035309999999999,0.054168,0.057699,1.438599,0.0651848843434435,0.4529690161799884,3445.0,0,1.0440895724949115,1.4767879548306346,1.0235827664399102,0.04759391355605702,0.10580905866799732
9061.0,1.067738,21.091291,-2.028836,22.86582,0.12822,0.07418,0.071216,0.0029639999999999,0.05404,0.057004,1.514036,0.0548472456098146,0.2225433748413205,3446.0,0,1.0315132323003855,1.2396486825596085,1.021164021164022,0.11253962374821946,0.10064200347581631
9062.0,1.079026,21.082497,-2.028311,22.862669,0.128376,0.075099,0.072366,0.0027329999999999,0.0532769999999999,0.0560099999999999,1.382021,0.0512969706070047,0.1434078569991392,3447.0,0,1.0135263515041837,1.1430363864491904,1.0067460317460308,0.1882361572501851,0.10974955990472009
9063.0,1.079945,21.067008,-2.033954,22.86897,0.128413,0.0747,0.071248,0.0034519999999999,0.053713,0.0571649999999999,1.509321,0.0642662992888259,0.4324937842833842,3448.0,0,1.0344266003166696,1.443747386030968,1.0149848828420265,0.09432495655477213,0.10344614494972451
9064.0,1.087164,21.085909,-2.025554,22.869364,0.12844,0.075645,0.072119,0.003526,0.0527949999999999,0.0563209999999999,1.287725,0.0667853625274642,0.4886436244250827,3449.0,0,1.0191540375480652,1.4746967795901913,0.9976379440665144,0.11343230647354485,0.09552104168281399
9065.0,1.085195,21.085516,-2.027654,22.871202,0.128964,0.075492,0.072167,0.003325,0.0534719999999999,0.056797,1.594187,0.062180913732164,0.3860106059953836,3450.0,0,1.0277674734223037,1.3906315349226845,1.0104308390022667,0.12036569687040755,0.10384186574229645
9066.0,1.091495,21.084072,-2.018073,22.869627,0.128569,0.074778,0.072035,0.0027429999999999,0.0537909999999999,0.0565339999999999,1.518751,0.050992712671029,0.1366259572020887,3451.0,0,1.023008369147251,1.1472187369301607,1.016458805744519,0.14992553841932776,0.10802304011368584
9067.0,1.087033,21.09116,-2.028048,22.873959,0.128734,0.074778,0.071201,0.0035769999999999,0.0539559999999999,0.0575329999999999,1.556469,0.0662935300331745,0.4776806936390383,3452.0,0,1.0410857272110372,1.496026767043099,1.0195767195767187,0.061964156512608226,0.111733665892776
9068.0,1.090183,21.098642,-2.029098,22.872909,0.128945,0.074232,0.071064,0.003168,0.054713,0.057881,1.363162,0.0579010856453559,0.2906133729199127,3453.0,0,1.047382945035061,1.324968632371448,1.0338813303099026,0.03885348936021149,0.09803568009848518
9069.0,1.084932,21.093523,-2.022011,22.875272,0.12822,0.074007,0.071264,0.002743,0.054213,0.056956,1.514036,0.0505957870660716,0.1277784979860379,3454.0,0,1.030644650531555,1.1472187369302027,1.0244331065759646,0.11118281867763091,0.08982001770345309
9070.0,1.088476,21.087747,-2.020961,22.876322,0.128642,0.074033,0.071358,0.0026749999999999,0.054609,0.057284,1.53761,0.0489837026185679,0.0918451864939526,3455.0,0,1.0365799592852305,1.1187787536595617,1.0319160997732435,0.08940565726995087,0.0933409111651005
9071.0,1.09412,21.088272,-2.026342,22.875403,0.128578,0.07481,0.071993,0.002817,0.0537679999999999,0.0565849999999999,1.424454,0.0523907827930592,0.1677888961290652,3456.0,0,1.0239312372766334,1.1781681304893843,1.0160241874527578,0.14964588153912106,0.09045693723024859
9072.0,1.098189,21.088141,-2.020173,22.877766,0.128789,0.073665,0.070901,0.0027639999999999,0.0551239999999999,0.0578879999999999,1.622476,0.0501405895691608,0.1176321601361543,3457.0,0,1.0475096132096802,1.1560016729401987,1.041647770219198,0.05125629930727693,0.08875336081770151
9073.0,1.101996,21.083153,-2.035398,22.875665,0.128284,0.074558,0.070607,0.0039509999999999,0.053726,0.057677,1.603617,0.0735384443575854,0.6391696054362177,3458.0,0,1.0436914725175308,1.6524466750313949,1.015230536659109,0.012168332604451382,0.08823059974320346
9074.0,1.102652,21.082759,-2.028311,22.876322,0.128651,0.074742,0.07202,0.002722,0.0539089999999999,0.0566309999999999,1.28301,0.0504915600074198,0.1254552801358566,3459.0,0,1.0247636281384294,1.1384358009201647,1.0186885865457285,0.14864124109001886,0.08822042831228327
9075.0,1.108296,21.08801,-2.030804,22.877766,0.128532,0.074878,0.071358,0.0035199999999999,0.053654,0.057174,1.429169,0.0656043239213492,0.4623183111430002,3460.0,0,1.0345894593983271,1.472187369301567,1.0138699924414218,0.09152595752188841,0.0855674037423542
9076.0,1.102652,21.086303,-2.022798,22.877372,0.128955,0.074784,0.072277,0.002507,0.0541709999999999,0.0566779999999999,1.636621,0.0462785202687737,0.0315467572345109,3461.0,0,1.0256141144537427,1.0485152655792993,1.0236394557823119,0.13288977429385684,0.08596895939962731
9077.0,1.106983,21.092866,-2.026998,22.881967,0.128762,0.075277,0.071479,0.0037979999999999,0.0534849999999999,0.0572829999999999,1.127421,0.0710092360617731,0.5827936322900691,3462.0,0,1.0365618638317116,1.5884567126725464,1.010676492819349,0.05673654576762799,0.08511129499603402
9078.0,1.105408,21.095098,-2.027523,22.884592,0.128679,0.075025,0.07118,0.003845,0.0536539999999999,0.0574989999999999,1.452743,0.0716615413288603,0.5973334961206949,3463.0,0,1.040470481791449,1.6081137599331494,1.01386999244142,0.03875177505100946,0.09251656817082757
9079.0,1.114202,21.085647,-2.028048,22.881573,0.128385,0.075561,0.071815,0.0037459999999999,0.0528239999999999,0.0565699999999999,1.561184,0.0709133932796971,0.5806572997003354,3464.0,0,1.0236598054738737,1.5667084901715,0.9981859410430829,0.08465257297834028,0.1023380356885838
9080.0,1.111052,21.093391,-2.024242,22.88131,0.128697,0.075744,0.072083,0.003661,0.052953,0.056614,1.377306,0.0691354760735735,0.541027581248734,3465.0,0,1.024456005428637,1.5311585110832928,1.0006235827664407,0.09342121384268198,0.09907667452488891
9081.0,1.11499,21.097067,-2.031329,22.883936,0.128165,0.074232,0.071463,0.002769,0.0539329999999999,0.056702,1.17457,0.0513405273111582,0.1443787345610054,3466.0,0,1.0260484053381598,1.158092848180726,1.0191421012849573,0.14106923750318812,0.11525372957852904
9082.0,1.117746,21.095492,-2.031592,22.886692,0.128293,0.075702,0.072529,0.003173,0.0525909999999999,0.0557639999999999,1.598902,0.0603323699421967,0.3448066232173636,3467.0,0,1.009074869938927,1.3270598076119333,0.9937830687830678,0.1253090310552124,0.11812723008170782
9083.0,1.116171,21.085122,-2.023323,22.88236,0.128633,0.07503,0.071715,0.0033149999999999,0.053603,0.0569179999999999,1.462173,0.0618423998209088,0.378465141589736,3468.0,0,1.0299570232978954,1.3864491844416722,1.0129062736205603,0.1103830077820136,0.12052558240590952
9084.0,1.113546,21.09011,-2.026079,22.884986,0.128486,0.074521,0.071568,0.0029529999999999,0.0539649999999999,0.0569179999999999,1.547039,0.0547196382907756,0.2196990117244879,3469.0,0,1.0299570232978954,1.235048097030541,1.0197467876039294,0.11602762945306988,0.13008471444127073
9085.0,1.12024,21.084334,-2.026473,22.888661,0.128119,0.075072,0.072723,0.002349,0.053047,0.055396,1.396165,0.0442806514854472,0.0129856749359943,3470.0,0,1.002415743044561,0.9824341279799658,1.0023998488284211,0.2532965080582899,0.12926404377494288
9086.0,1.120371,21.083022,-2.028704,22.883148,0.128541,0.075083,0.072256,0.0028269999999999,0.0534579999999999,0.0562849999999999,1.660195,0.0528816476178004,0.178730257591394,3471.0,0,1.0185026012214422,1.182350480970313,1.0101662887377163,0.16162477932564479,0.1278355836397295
9087.0,1.125884,21.091291,-2.027392,22.88958,0.128357,0.075587,0.071846,0.003741,0.05277,0.056511,1.509321,0.0708912091868641,0.5801628169707427,3472.0,0,1.0225921737163546,1.5646173149310565,0.9971655328798195,0.08072006900964468,0.12093204416441705
9088.0,1.129428,21.088141,-2.026342,22.890105,0.128596,0.074868,0.071925,0.002943,0.0537279999999999,0.0566709999999999,1.330158,0.0547748887937613,0.2209305436935191,3473.0,0,1.0254874462791215,1.2308657465496122,1.0152683295540428,0.13434309540462186,0.11993274140131487
9089.0,1.126015,21.089847,-2.026342,22.890893,0.128596,0.075466,0.071726,0.00374,0.0531299999999999,0.0568699999999999,1.584758,0.0703920498390771,0.5690365708513219,3474.0,0,1.0290884415290649,1.5641990798829595,1.003968253968253,0.07644586631506178,0.11822024351352631
9090.0,1.126409,21.082759,-2.033429,22.887874,0.128826,0.07607,0.072314,0.0037559999999999,0.052756,0.0565119999999999,1.339588,0.0711943438785373,0.5869196796877161,3475.0,0,1.0226102691698702,1.5708908406524704,0.9969009826152692,0.07913661249054793,0.12176681118416632
9091.0,1.127853,21.096935,-2.022929,22.8926,0.129267,0.075739,0.072041,0.003698,0.0535279999999999,0.057226,1.462173,0.0690840478992697,0.539881248865471,3476.0,0,1.0355304229812268,1.5466332078628835,1.0114890400604677,0.07203384275006364,0.10114701581975842
9092.0,1.131659,21.101398,-2.024767,22.897063,0.128881,0.075188,0.071951,0.003237,0.0536929999999999,0.0569299999999999,1.278295,0.0602860654821768,0.3437744982638955,3477.0,0,1.0301741687401031,1.3538268506901443,1.0146069538926672,0.11531600342419057,0.08773246666567229
9093.0,1.125228,21.103498,-2.030279,22.898113,0.129037,0.075949,0.072319,0.00363,0.053088,0.056718,1.542325,0.0683757463881408,0.5240932305211958,3478.0,0,1.0263379325944366,1.5181932245922842,1.003174603174604,0.09325802890412793,0.08790093905072839
9094.0,1.126934,21.098248,-2.028573,22.897851,0.128725,0.074952,0.072188,0.002764,0.053773,0.056537,1.476317,0.0514003049801019,0.1457111769164614,3479.0,0,1.0230626555078046,1.1560016729402407,1.0161186696900992,0.15149330615947032,0.08059092800999262
9095.0,1.140584,21.097329,-2.031461,22.892337,0.129212,0.076327,0.072429,0.003898,0.0528849999999999,0.056783,1.108562,0.073705706614227,0.6428978758615533,3480.0,0,1.0275141370730614,1.630280217482293,0.9993386243386233,0.047098554414210736,0.08343536422045031
9096.0,1.133759,21.092866,-2.025817,22.888924,0.129037,0.075912,0.071941,0.0039709999999999,0.053125,0.057096,1.339588,0.0747468282949965,0.6661044452904588,3481.0,0,1.0331780140239775,1.6608113759933358,1.0038737717309154,0.02747928778478348,0.08130726221088447
9097.0,1.139272,21.099167,-2.025029,22.897063,0.129331,0.075177,0.071946,0.0032309999999999,0.054154,0.057385,1.457458,0.0596620810636136,0.3298659052536721,3482.0,0,1.0384076000904783,1.3513174404015202,1.02331821617536,0.08240479286020563,0.07953255932592472
9098.0,1.139666,21.096148,-2.030279,22.893125,0.129469,0.075792,0.072161,0.0036309999999999,0.053677,0.057308,1.551754,0.0676441000037258,0.5077848556876365,3483.0,0,1.0370142501696458,1.5186114596403395,1.014304610733183,0.061242984997264216,0.07129293549931194
9099.0,1.140716,21.096148,-2.025686,22.89365,0.12889,0.074904,0.071773,0.0031309999999999,0.053986,0.057117,1.41974,0.0579954433474724,0.2927166031241868,3484.0,0,1.0335580185478408,1.3094939355918154,1.0201436130007568,0.10489022841963858,0.07321950658771272
9100.0,1.147147,21.102186,-2.027523,22.89877,0.128826,0.074385,0.071311,0.003074,0.0544409999999999,0.057515,1.613047,0.0564637595973698,0.2585754206414516,3485.0,0,1.0407600090477276,1.2856545378503255,1.0287414965986386,0.05785559239488958,0.06994404431128957
9101.0,1.145572,21.087091,-2.033298,22.893125,0.128918,0.074589,0.071258,0.003331,0.054329,0.05766,1.565899,0.0613105098472298,0.3666093308514593,3486.0,0,1.0433838498077368,1.3931409452112669,1.0266250944822384,0.05428681390046619,0.07836258796584797
9102.0,1.146359,21.101792,-2.028048,22.901264,0.128973,0.074206,0.070912,0.0032939999999999,0.054767,0.058061,1.344303,0.0601446099912355,0.3406214598321126,3487.0,0,1.0506401266681755,1.3776662484316342,1.034901738473168,0.03291976515806272,0.0819489075350495
9103.0,1.143997,21.088535,-2.028704,22.896013,0.128587,0.075067,0.071689,0.0033779999999999,0.05352,0.056898,1.485747,0.0631154126417666,0.4068405572177036,3488.0,0,1.0295951142275512,1.4127979924717864,1.0113378684807264,0.11252373978813568,0.09325388670488326
9104.0,1.145966,21.098904,-2.030673,22.896669,0.128054,0.074799,0.071374,0.0034249999999999,0.053255,0.0566799999999999,1.41974,0.064312002403485,0.4335125052677255,3489.0,0,1.025650305360777,1.4324550397323474,1.0063303099017393,0.11873868339523896,0.09611963950505217
9105.0,1.146359,21.103761,-2.025423,22.902314,0.127944,0.075125,0.071762,0.0033629999999999,0.052819,0.0561819999999999,1.617761,0.0636690647482012,0.4191814452087588,3490.0,0,1.0166387695091599,1.4065244667503305,0.9980914588057453,0.1312839909597947,0.09965462713573225
9106.0,1.146885,21.104417,-2.031854,22.901264,0.128174,0.07418,0.070649,0.0035309999999999,0.053994,0.057525,1.41974,0.0653949439762939,0.4576512387712526,3491.0,0,1.0409409635829008,1.4767879548306346,1.0202947845804997,0.06334248347679883,0.10677935581745335
9107.0,1.148853,21.098248,-2.026604,22.904808,0.128091,0.075293,0.072629,0.0026639999999999,0.052798,0.055462,1.844072,0.0504555010511562,0.124651527137988,3492.0,0,1.003610042976703,1.114178168130494,0.99769463340892,0.1954545845585432,0.11697975824106373
9108.0,1.149903,21.104811,-2.025554,22.902051,0.128725,0.075151,0.071573,0.0035779999999999,0.053574,0.057152,1.565899,0.0667848810079327,0.4886328913699123,3493.0,0,1.0341913594209464,1.496445002091196,1.0123582766439918,0.08990051299895341,0.12525557795085374
9109.0,1.157122,21.094441,-2.033954,22.902839,0.128385,0.074731,0.071857,0.002874,0.0536539999999999,0.0565279999999999,1.716772,0.0535644394744199,0.1939496665411908,3494.0,0,1.022899796426147,1.202007528230916,1.01386999244142,0.14024010472643933,0.13521747697091344
9110.0,1.153185,21.097854,-2.032773,22.906646,0.128413,0.074794,0.071752,0.003042,0.053619,0.056661,1.433884,0.0567325624766878,0.2645670283438033,3495.0,0,1.0253064917439503,1.27227101631122,1.0132086167800463,0.1291028792121004,0.13765891828259566
9111.0,1.161585,21.09641,-2.028704,22.904808,0.128312,0.074726,0.071904,0.002822,0.053586,0.056408,1.485747,0.0526620262377069,0.1738349039556452,3496.0,0,1.0207283420040725,1.1802593057298694,1.0125850340136064,0.15629083813656997,0.13880264778080606
9112.0,1.155154,21.096804,-2.035792,22.906383,0.128247,0.074264,0.071306,0.002958,0.053983,0.056941,1.353732,0.054794013040901,0.2213568225591131,3497.0,0,1.0303732187287953,1.2371392722710681,1.0200869236583532,0.11567796225596272,0.14418144181115436
9113.0,1.158697,21.091685,-2.037498,22.902839,0.128275,0.0747,0.072293,0.002407,0.053575,0.055982,1.433884,0.0449268329102584,0.0014176886434364,3498.0,0,1.0130196788057009,1.0066917607695944,1.0123771730914597,0.2121427299887328,0.1376257777304692
9114.0,1.157254,21.099429,-2.029361,22.907696,0.128321,0.074988,0.07203,0.002958,0.0533329999999999,0.0562909999999999,1.433884,0.0554618067274159,0.2362419227702998,3499.0,0,1.018611173942546,1.2371392722710681,1.0078042328042318,0.14315309651206154,0.1416235767525794
9115.0,1.160404,21.101267,-2.031329,22.909665,0.128357,0.07492,0.07193,0.00299,0.053437,0.056427,1.188714,0.055952692840301,0.2471837587446823,3500.0,0,1.021072155620901,1.2505227938101735,1.0097694633408927,0.14272128594189848,0.14166760644028029
9116.0,1.159222,21.09746,-2.044585,22.908615,0.128302,0.074353,0.071384,0.0029689999999999,0.053949,0.0569179999999999,1.490462,0.0550324374420759,0.2266712949417475,3501.0,0,1.0299570232978954,1.2417398578000938,1.0194444444444453,0.11713042378028171,0.14153404739746783
9117.0,1.164341,21.098511,-2.030673,22.905596,0.128615,0.075114,0.07192,0.003194,0.053501,0.056695,1.726202,0.0596987028522298,0.3306822037669303,3502.0,0,1.0259217371635385,1.3358427436219713,1.010978835978837,0.12989794375169184,0.1352267288501356
9118.0,1.164079,21.095098,-2.035792,22.908484,0.12855,0.074815,0.07182,0.002995,0.0537349999999999,0.05673,1.179284,0.055735447372339,0.2423413641154124,3503.0,0,1.0265550780366444,1.2526139690506586,1.015400604686318,0.12987850322005534,0.13350270656514204
9119.0,1.167229,21.091947,-2.028704,22.910453,0.128385,0.074616,0.071752,0.002864,0.053769,0.056633,1.287725,0.05326390180398,0.1872506913456009,3504.0,0,1.0247998190454657,1.1978251777499453,1.0160430839002277,0.14068040160344797,0.12422199412935812
9120.0,1.164866,21.095229,-2.036186,22.903495,0.128697,0.075755,0.072298,0.003457,0.052942,0.056399,1.004836,0.0652966397824075,0.4554600413898937,3505.0,0,1.0205654829224167,1.445838561271495,1.0004157218442942,0.12776728878397592,0.12329293405379604
9121.0,1.16106,21.099692,-2.032511,22.909665,0.128835,0.0747,0.071652,0.003048,0.054135,0.057183,1.259436,0.0563026451898922,0.2549841855800889,3506.0,0,1.0347523184799827,1.2747804265998022,1.0229591836734704,0.09321765266324789,0.11954482874497603
9122.0,1.165916,21.088928,-2.033167,22.908221,0.12855,0.073859,0.071358,0.0025009999999999,0.054691,0.0571919999999999,1.622476,0.045728808600892,0.0192937014945262,3507.0,0,1.0349151775616368,1.0460058552906752,1.0334656084656093,0.09843773940602696,0.11344770543892357
9123.0,1.168673,21.086697,-2.031854,22.91124,0.128734,0.07533,0.071972,0.003358,0.0534039999999999,0.0567619999999999,1.650765,0.0628780076771838,0.4015488080445559,3508.0,0,1.0271341325491963,1.4044332915098872,1.009145880574451,0.11933560563089363,0.11690172628740936
9124.0,1.169985,21.098248,-2.034611,22.917804,0.12867,0.074857,0.071899,0.002958,0.053813,0.056771,1.353732,0.0549671089307615,0.2252151244849138,3509.0,0,1.0272969916308536,1.2371392722710681,1.0168745275888142,0.13386249575644082,0.11447843931842497
9125.0,1.175367,21.091029,-2.029229,22.913997,0.128753,0.074941,0.071652,0.003289,0.053812,0.057101,1.396165,0.0611190604500771,0.3623419298269561,3510.0,0,1.033268491291564,1.3755750731911909,1.0168556311413464,0.10524023285369832,0.1132941550269754
9126.0,1.173923,21.086697,-2.030673,22.916229,0.128606,0.07607,0.072204,0.0038659999999999,0.052536,0.0564019999999999,1.64605,0.0735862344633305,0.6402348453860445,3511.0,0,1.0206197692829666,1.6168966959431457,0.9927437641723365,0.056159190719756835,0.10512018872413904
9127.0,1.174185,21.090635,-2.033954,22.914785,0.128743,0.075146,0.072345,0.0028009999999999,0.0535969999999999,0.0563979999999999,1.259436,0.0522594126646516,0.1648606601100812,3512.0,0,1.0205473874688975,1.1714763697197896,1.0127928949357512,0.16443815223655,0.1048764291948098
9128.0,1.175892,21.091816,-2.036448,22.914522,0.129001,0.075897,0.072319,0.003578,0.053104,0.056682,1.556469,0.0673759533000661,0.5018078741200145,3513.0,0,1.0256864962678136,1.4964450020912377,1.00347694633409,0.10564563353021139,0.10301969145440962
9129.0,1.177598,21.096673,-2.030017,22.91636,0.128863,0.075382,0.072114,0.003268,0.053481,0.056749,1.297155,0.0611046707303393,0.3620211834278311,3514.0,0,1.026898891653473,1.3667921371811529,1.0106009070294795,0.1288375586889523,0.09941264844149174
9130.0,1.176679,21.081972,-2.033036,22.919511,0.129451,0.075219,0.071789,0.0034299999999999,0.054232,0.057662,1.268866,0.0632456253572545,0.4097429945392126,3515.0,0,1.0434200407147713,1.434546214972833,1.0247921390778543,0.046027625755612256,0.08881667623188588
9131.0,1.181798,21.087485,-2.029886,22.920167,0.129046,0.074936,0.07181,0.003126,0.0541099999999999,0.0572359999999999,1.429169,0.0577701391583967,0.2876945798554513,3516.0,0,1.0357113775163982,1.307402760351372,1.0224867724867714,0.09078005736995531,0.09139984466816439
9132.0,1.182979,21.092866,-2.034217,22.919905,0.128881,0.074973,0.071573,0.0034,0.053908,0.057308,1.235862,0.0630692463225064,0.4058115114174123,3517.0,0,1.0370142501696458,1.4219991635299631,1.0186696900982624,0.07987036200202524,0.09475760621411004
9133.0,1.187442,21.086434,-2.030279,22.915573,0.128789,0.074374,0.071505,0.0028689999999999,0.0544149999999999,0.0572839999999999,1.433884,0.0527234636871507,0.1752043427661005,3518.0,0,1.0365799592852287,1.199916352990389,1.0282501889644737,0.08326517550171486,0.09184273450563836
9134.0,1.179042,21.087747,-2.034086,22.920561,0.12889,0.074773,0.071059,0.003714,0.054117,0.057831,1.207573,0.0686278132968699,0.5297117939669491,3519.0,0,1.0464781723591956,1.5533249686324362,1.0226190476190484,0.027902773660382296,0.08912372780696835
9135.0,1.185605,21.090504,-2.033429,22.92148,0.128679,0.074847,0.07192,0.0029269999999999,0.0538319999999999,0.0567589999999999,1.514036,0.0543718536956885,0.2119469040686104,3520.0,0,1.0270798461886441,1.2241739857800178,1.0172335600907019,0.13107191721648337,0.08882936377755289
9136.0,1.190592,21.088272,-2.030411,22.919773,0.128514,0.075519,0.071804,0.0037149999999999,0.0529949999999999,0.0567099999999999,1.466888,0.0700996301607668,0.5625185454442707,3521.0,0,1.0261931689662964,1.5537432036804915,1.0014172335600897,0.08973680617921342,0.08912092719676135
9137.0,1.193742,21.09326,-2.032773,22.920692,0.128624,0.075387,0.072293,0.0030939999999999,0.0532369999999999,0.0563309999999999,1.349017,0.0581163830346744,0.2954123449376602,3522.0,0,1.0193349920832382,1.2940192388122247,1.0059901738473158,0.13528943515183312,0.08662585725614916
9138.0,1.192824,21.08696,-2.029098,22.918723,0.12878,0.075477,0.07181,0.003667,0.053303,0.05697,1.429169,0.0687940867477113,0.5334180239421824,3523.0,0,1.030897986880797,1.5336679213718751,1.0072373393801974,0.07845556654351138,0.0882243822912673
9139.0,1.188886,21.080265,-2.037498,22.918329,0.129028,0.075314,0.072214,0.0031,0.053714,0.056814,1.363162,0.0577119985106582,0.2863986266510305,3524.0,0,1.0280750961320977,1.2965286491008488,1.0150037792894944,0.1258939183947977,0.09032141113254881
9140.0,1.190198,21.083678,-2.035661,22.918854,0.12934,0.074831,0.071642,0.0031889999999999,0.054509,0.057698,1.264151,0.0585030269675288,0.3040306260068028,3525.0,0,1.0440714770413944,1.3337515683814443,1.030026455026456,0.04894325994769677,0.09134027067871403
9141.0,1.197811,21.083809,-2.028179,22.918198,0.129019,0.075125,0.071542,0.003583,0.053894,0.057477,1.372591,0.0664811206976529,0.4818620836339276,3526.0,0,1.0400723818140702,1.498536177331723,1.0184051398337122,0.06582935796383349,0.08052372071165138
9142.0,1.194399,21.083153,-2.035661,22.916754,0.128578,0.074133,0.071306,0.002827,0.0544449999999999,0.057272,1.448028,0.0519230062814533,0.1573621724383545,3527.0,0,1.036362813843023,1.1823504809703547,1.02881708238851,0.09585561235320661,0.0869995449193673
9143.0,1.19453,21.091029,-2.033692,22.913341,0.128725,0.076637,0.073122,0.0035149999999999,0.052088,0.055603,1.598902,0.067480658104398,0.5041417409063373,3528.0,0,1.0061615019226429,1.470096194061082,0.984278155706728,0.10423546391452998,0.07924933299077067
9144.0,1.195055,21.089716,-2.035398,22.910453,0.128973,0.074537,0.07118,0.003357,0.054436,0.057793,1.320729,0.0616676157760349,0.3745692107419276,3529.0,0,1.045790545125538,1.4040150564617901,1.028647014361301,0.03809136912203448,0.07788262264871022
9145.0,1.198205,21.112424,-2.030673,22.919248,0.128909,0.074553,0.070959,0.003594,0.054356,0.05795,1.183999,0.0661184392074617,0.4737779246560081,3530.0,0,1.0486315313277548,1.5031367628607906,1.0271352985638709,0.022906417545856872,0.07157994845694296
9146.0,1.19978,21.097854,-2.030936,22.910715,0.128798,0.075025,0.072235,0.00279,0.053773,0.056563,1.598902,0.0518838100197121,0.1564884890003348,3531.0,0,1.0235331372992544,1.166875784190764,1.0161186696900992,0.1544950482563726,0.07595759720624043
9147.0,1.204899,21.091291,-2.028967,22.913472,0.12923,0.075062,0.071636,0.0034259999999999,0.054168,0.057594,1.443314,0.0632465063043437,0.4097626308220472,3532.0,0,1.0421895498755946,1.4328732747804447,1.0235827664399102,0.05778731586586683,0.08130875712689886
9148.0,1.203718,21.094966,-2.031592,22.912685,0.128872,0.074479,0.071421,0.003058,0.0543929999999999,0.0574509999999999,1.382021,0.0562194359672023,0.2531294546306273,3533.0,0,1.0396019000226184,1.2789627770807728,1.0278344671201805,0.06478846312290687,0.08179585642958274
9149.0,1.202011,21.09431,-2.034742,22.909009,0.12889,0.075272,0.071584,0.003688,0.053618,0.057306,1.27358,0.0687815886159758,0.5331394409799728,3534.0,0,1.0369780592626112,1.542450857381913,1.0131897203325784,0.06286717647712514,0.07961527277408506
9150.0,1.204768,21.096673,-2.033167,22.912685,0.129056,0.074847,0.071888,0.002959,0.054209,0.057168,1.349017,0.0545840250876222,0.2166761977032401,3535.0,0,1.0344808866772233,1.237557507319165,1.024357520786093,0.09271974744067135,0.0887724892894183
9151.0,1.19978,21.093129,-2.030673,22.910059,0.128422,0.074274,0.071468,0.002806,0.054148,0.056954,1.575328,0.0518199782082772,0.1550656799366117,3536.0,0,1.0306084596245202,1.1735675449603167,1.0232048374905527,0.11934095717041793,0.10035495623005497
9152.0,1.211724,21.096804,-2.035267,22.913341,0.128403,0.074332,0.071342,0.0029899999999999,0.0540709999999999,0.0570609999999999,1.66491,0.0552966415150168,0.2325603953949921,3537.0,0,1.03254467315087,1.2505227938101315,1.0217498110355243,0.10072660538004541,0.09616194523857025
9153.0,1.208968,21.092604,-2.030279,22.90914,0.128413,0.075114,0.071479,0.0036349999999999,0.053299,0.056934,1.391451,0.0681988742964352,0.5201507571753647,3538.0,0,1.0302465505541742,1.5202843998327276,1.007161753590326,0.08242962735955306,0.09411304132272306
9154.0,1.208574,21.08906,-2.032773,22.911634,0.128486,0.075009,0.071878,0.003131,0.0534769999999999,0.0566079999999999,1.330158,0.0585474400688135,0.3050205926337148,3539.0,0,1.0243474327075313,1.3094939355918573,1.010525321239606,0.12966353427536703,0.09163053806805702
9155.0,1.207655,21.091816,-2.031198,22.911766,0.128541,0.074568,0.07181,0.0027579999999999,0.0539729999999999,0.0567309999999999,1.499891,0.0510986771408455,0.1389879018923341,3540.0,0,1.0265731734901598,1.1534922626516164,1.0198979591836725,0.13873108695222347,0.09530250913944018
9156.0,1.21238,21.098904,-2.036054,22.913472,0.128486,0.075366,0.071841,0.003525,0.0531199999999999,0.0566449999999999,1.250006,0.0663579375388264,0.4791163349087022,3541.0,0,1.0250169644876714,1.474278544542094,1.0037792894935742,0.11256493834152537,0.0972835219020797
9157.0,1.214087,21.096279,-2.038154,22.907827,0.128468,0.074217,0.070676,0.003541,0.0542509999999999,0.0577919999999999,1.547039,0.0652694831526948,0.4548547209700795,3542.0,0,1.045772449672019,1.480970305311647,1.0251511715797421,0.03729827670739505,0.0977528079604159
9158.0,1.212249,21.097854,-2.034086,22.910715,0.128762,0.075645,0.071726,0.003919,0.0531169999999999,0.0570359999999999,1.561184,0.073779133250499,0.6445345532682869,3543.0,0,1.0320922868129374,1.639063153492331,1.0037226001511705,0.039963430576246295,0.10959153247543788
9159.0,1.21448,21.092735,-2.036054,22.910847,0.128403,0.074406,0.071174,0.0032319999999999,0.0539969999999999,0.0572289999999999,1.556469,0.0598540686692099,0.3341453029274073,3544.0,0,1.035584709341777,1.3517356754496173,1.0203514739229016,0.09958688719095676,0.11428223813081799
9160.0,1.214612,21.09431,-2.030804,22.908221,0.128523,0.074511,0.071605,0.0029059999999999,0.054012,0.0569179999999999,1.438599,0.0538018625145796,0.1992418186183777,3545.0,0,1.0299570232978954,1.2153910497699796,1.0206349206349214,0.11252987506706669,0.11431280890149083
9161.0,1.216318,21.07869,-2.033036,22.904808,0.128504,0.075414,0.072025,0.0033889999999999,0.05309,0.056479,1.198144,0.0638337948051456,0.4228532729827057,3546.0,0,1.022013119203801,1.4173985780008538,1.0032123960695398,0.12403381775377986,0.11211128193064798
9162.0,1.213299,21.080528,-2.034086,22.904283,0.128036,0.074894,0.072345,0.0025489999999999,0.053142,0.055691,1.320729,0.0479649248254708,0.06913666161657,3547.0,0,1.0077539018321655,1.0660811375993335,1.0041950113378695,0.219113850530265,0.10889470862331432
9163.0,1.221568,21.088141,-2.038942,22.907434,0.128615,0.075398,0.072172,0.003226,0.053217,0.056443,1.495176,0.0606185876958924,0.3511864079203555,3548.0,0,1.021361682877178,1.349226265161077,1.00561224489796,0.1293366839133544,0.1125230861233432
9164.0,1.220256,21.091554,-2.033167,22.907171,0.128817,0.07555,0.072387,0.0031629999999999,0.0532669999999999,0.0564299999999999,1.386736,0.0593789892618457,0.3235557979205652,3549.0,0,1.0211264419814512,1.322877457130921,1.006557067271352,0.12996924198209525,0.12678368242004706
9165.0,1.221174,21.104417,-2.033298,22.906252,0.12878,0.075046,0.071841,0.0032049999999999,0.053734,0.056939,1.749776,0.059644551967991,0.3294751822650865,3550.0,0,1.0303370278217607,1.3404433291509972,1.0153817082388519,0.1167158172437952,0.12504768030207117
9166.0,1.220124,21.098379,-2.031461,22.903495,0.128661,0.074442,0.071316,0.0031259999999999,0.054219,0.0573449999999999,1.306584,0.0576540022132052,0.2851058910099224,3551.0,0,1.0376837819497844,1.3074027603513303,1.024546485260772,0.08039920526818878,0.1308420325303279
9167.0,1.222356,21.104155,-2.033954,22.90599,0.128275,0.075162,0.071358,0.003804,0.0531129999999999,0.0569169999999999,1.377306,0.071619535339082,0.5963971839333431,3552.0,0,1.0299389278443782,1.5909661229611707,1.0036470143612992,0.07358205170768373,0.12875548801990494
9168.0,1.221699,21.103367,-2.026736,22.902576,0.128881,0.075366,0.07265,0.0027159999999999,0.0535149999999999,0.0562309999999999,1.386736,0.0507511772180281,0.1312421395723719,3553.0,0,1.0175254467315078,1.1359263906315404,1.0112433862433854,0.18256939354328489,0.1127318873005934
9169.0,1.211593,21.092866,-2.042485,22.899295,0.128817,0.074537,0.0715,0.003037,0.0542799999999999,0.0573169999999999,1.217003,0.055949595622778,0.2471147218637757,3554.0,0,1.0371771092512998,1.2701798410707348,1.0256991685563104,0.08222686601119766,0.10969498669670312
9170.0,1.223668,21.107436,-2.037498,22.901264,0.128679,0.075361,0.07254,0.002821,0.0533179999999999,0.0561389999999999,1.438599,0.0529079690166733,0.179316960742131,3555.0,0,1.0158606650079158,1.1798410706817726,1.0075207860922137,0.17047339734963401,0.09992933794330627
9171.0,1.226818,21.098642,-2.038286,22.903364,0.128835,0.074479,0.071647,0.002832,0.054356,0.057188,1.396165,0.0521000055190684,0.1613074798624976,3556.0,0,1.0348427957475694,1.18444165621084,1.0271352985638709,0.10316837264955037,0.09789307870536537
9172.0,1.2322,21.108618,-2.035004,22.900214,0.1289,0.075807,0.071951,0.0038559999999999,0.0530929999999999,0.0569489999999999,1.429169,0.0726259087655855,0.6188292158705697,3557.0,0,1.030517982356932,1.6127143454621753,1.0032690854119415,0.05887784333714985,0.10001825282338417
9173.0,1.227737,21.104155,-2.031198,22.897063,0.128991,0.075639,0.072098,0.003541,0.053352,0.056893,1.103847,0.0663692763293536,0.4793690761919431,3558.0,0,1.0295046369599647,1.480970305311647,1.0081632653061232,0.09896767787445149,0.1010720738780547
9174.0,1.228656,21.106911,-2.037761,22.894306,0.12934,0.075687,0.07181,0.003877,0.053653,0.05753,1.377306,0.0722592910127857,0.6106573177232459,3559.0,0,1.0410314408504873,1.621497281472255,1.013851095993954,0.03231275444812676,0.0909533109610359
9175.0,1.230362,21.098642,-2.036973,22.901132,0.128789,0.075057,0.071615,0.003442,0.0537319999999999,0.0571739999999999,1.707343,0.0640574693391398,0.4278389712910704,3560.0,0,1.0345894593983254,1.4395650355500393,1.0153439153439143,0.09635322486438624,0.09587308959917179
9176.0,1.231937,21.106386,-2.036711,22.903233,0.128964,0.075723,0.072161,0.0035619999999999,0.053241,0.0568029999999999,1.334873,0.066902069794523,0.4912450257270477,3561.0,0,1.0278760461434056,1.489753241321643,1.0060657596371891,0.1016509464483768,0.0988655726949212
9177.0,1.231937,21.099561,-2.034348,22.90087,0.128973,0.074568,0.071689,0.0028789999999999,0.054405,0.057284,1.476317,0.0529169576884901,0.1795173179534377,3562.0,0,1.0365799592852305,1.2040987034713593,1.0280612244897969,0.08412026225438907,0.10259562413958564
9178.0,1.231019,21.105467,-2.031198,22.904283,0.128541,0.074343,0.071201,0.003142,0.0541979999999999,0.0573399999999999,1.386736,0.0579715492905774,0.2921840053495805,3563.0,0,1.0375933046821977,1.3140945211209247,1.0241496598639446,0.08138176437309674,0.08138176437309674
9179.0,1.23535,21.100217,-2.029754,22.900082,0.128091,0.074889,0.071689,0.0031999999999999,0.053202,0.056402,1.466888,0.0601469841926206,0.3406743807061057,3564.0,0,1.0206197692829686,1.3383521539105117,1.005328798185942,0.13142465239255652,0.13142465239255652
9180.0,1.238369,21.101136,-2.038942,22.899032,0.128449,0.074889,0.072361,0.002528,0.05356,0.056088,1.726202,0.0471985213121488,0.0520535514758617,3565.0,0,1.0149377968785351,1.0572982015893373,1.0120937263794416,0.20039822830712817,0.20039822830712817
9181.0,1.235219,21.115049,-2.029623,22.902445,0.128817,0.076495,0.073569,0.0029259999999999,0.0523219999999999,0.0552479999999999,1.78278,0.0559218699233606,0.2464967168981902,3566.0,0,0.9997376159239982,1.2237557507319206,0.9886999244142092,0.14046888709619498,0.14046888709619498
