elapsed_runtime_s,Temperature TS inlet (Mean),Temperature TS outlet (Mean),Tank temperature (Mean),Bypass temperature (Mean),Pump outlet pressure (Mean),TS inlet pressure (Mean),TS outlet pressure (Mean),Differential pressure (Mean),Pump to inlet DP,Total system DP,Flow rate (Mean),Pressure_Ratio,Relative_Ratio_Dev,run_specific_time_s,label
3607.964,-1.034588,-0.109976,21.619797,0.800397,0.002467,0.46151600000000004,0.320228,0.141288,-0.45904900000000004,-0.317761,405.855054,-0.3077848068175877,0.00809990093048496,0.0,0
3608.964,-1.0289705,-0.111735,21.620322,0.7999510000000001,0.0024285,0.461199,0.3200305,0.1411685,-0.4587705,-0.317602,405.97952499999997,-0.30771117086031224,0.007858718131366738,1.0,0
3609.964,-1.023353,-0.113494,21.620847,0.799505,0.00239,0.460882,0.319833,0.141049,-0.458492,-0.317443,406.103996,-0.3076374454460393,0.007617242330163254,2.0,0
3610.964,-1.018472,-0.115911,21.619203666666667,0.7993546666666667,0.0024013333333333334,0.460628,0.3196963333333333,0.14093166666666668,-0.45822666666666667,-0.317295,406.17067066666664,-0.3075595212548111,0.007362014106686354,3.0,0
3611.964,-1.013591,-0.118328,21.617560333333333,0.7992043333333334,0.0024126666666666667,0.460374,0.3195596666666667,0.14081433333333332,-0.45796133333333333,-0.317147,406.23734533333334,-0.30748150676805336,0.007106490134646037,4.0,0
3612.964,-1.00871,-0.120745,21.615917,0.799054,0.002424,0.46012,0.319423,0.140697,-0.457696,-0.31699900000000003,406.30402,-0.30740340182872866,0.0068506698996919635,5.0,0
3613.964,-1.0218905,-0.112172,21.616118999999998,0.800492,0.0023569999999999997,0.4560255,0.316932,0.13909349999999998,-0.45366850000000003,-0.31457500000000005,404.58344950000003,-0.30659789383193636,0.004212357306678571,6.0,0
3614.964,-1.035071,-0.103599,21.616321,0.80193,0.00229,0.451931,0.314441,0.13749,-0.449641,-0.312151,402.862879,-0.3057779556978916,0.0015267811073649273,7.0,0
3615.964,-1.0332463333333335,-0.11115133333333334,21.616414,0.8022663333333333,0.0023316666666666668,0.4518993333333334,0.3143956666666667,0.13750366666666666,-0.4495676666666667,-0.312064,402.192623,-0.3058582338548232,0.0017897193689586643,8.0,0
3616.964,-1.0314216666666667,-0.11870366666666667,21.616507,0.8026026666666667,0.002373333333333333,0.45186766666666667,0.31435033333333334,0.13751733333333332,-0.44949433333333333,-0.311977,401.522367,-0.30593853820598005,0.0020527434255475097,9.0,0
3617.964,-1.029597,-0.126256,21.6166,0.802939,0.002415,0.451836,0.314305,0.137531,-0.449421,-0.31189,400.852111,-0.30601886876418494,0.002315853319129868,10.0,0
3618.964,-1.0299155,-0.13095400000000001,21.6185375,0.8029445,0.002415,0.451749,0.314259,0.13749,-0.449334,-0.311844,401.294125,-0.30598687387750284,0.002211059185761144,11.0,0
3619.964,-1.030234,-0.135652,21.620475,0.80295,0.002415,0.451662,0.314213,0.137449,-0.449247,-0.311798,401.736139,-0.30595486659870086,0.002106224463986006,12.0,0
3620.964,-1.037789,-0.12896833333333332,21.619183333333332,0.804381,0.0024156666666666667,0.45132833333333333,0.3141043333333334,0.13722399999999998,-0.4489126666666667,-0.31168866666666667,401.6130133333333,-0.30568151863581167,0.0012109169367646722,13.0,0
3621.964,-1.045344,-0.12228466666666667,21.617891666666665,0.8058120000000001,0.0024163333333333333,0.4509946666666667,0.3139956666666667,0.136999,-0.44857833333333336,-0.3115793333333334,401.4898876666667,-0.3054077632099111,0.0003142748296280917,14.0,0
3622.964,-1.052899,-0.115601,21.6166,0.807243,0.002417,0.45066100000000003,0.313887,0.136774,-0.44824400000000003,-0.31147,401.366762,-0.305133599409249,0.0005837048437156156,15.0,0
3623.964,-1.0540405000000002,-0.1183515,21.617461,0.8075915,0.002479,0.4512705,0.314126,0.1371445,-0.4487915,-0.311647,401.564657,-0.3055869052486628,0.0009010259216826189,16.0,0
3624.964,-1.055182,-0.121102,21.618322,0.80794,0.002541,0.45188,0.314365,0.137515,-0.449339,-0.311824,401.762552,-0.3060391064187761,0.002382138519492205,17.0,0
3625.964,-1.0519193333333334,-0.12659866666666666,21.61843,0.8069026666666667,0.002592333333333333,0.4519066666666667,0.31445266666666666,0.137454,-0.4493143333333333,-0.31186033333333335,401.6909473333333,-0.3059201448135674,0.001992498810939214,18.0,0
3626.964,-1.0486566666666666,-0.13209533333333334,21.618537999999997,0.8058653333333333,0.0026436666666666666,0.45193333333333335,0.31454033333333337,0.13739300000000002,-0.4492896666666667,-0.31189666666666666,401.6193426666667,-0.3058011701459937,0.001602816318699185,19.0,0
3627.964,-1.045394,-0.137592,21.618646,0.804828,0.002695,0.45196000000000003,0.314628,0.137332,-0.449265,-0.311933,401.547738,-0.3056821824139036,0.0012130910357255331,20.0,0
3628.964,-1.057116,-0.12525,21.618405,0.806699,0.0026030000000000003,0.45118050000000004,0.314156,0.1370245,-0.4485775000000001,-0.311553,401.66740849999996,-0.3054651770656734,0.0005023247301558786,21.0,0
3629.964,-1.068838,-0.112908,21.618164,0.80857,0.002511,0.45040100000000005,0.313684,0.136717,-0.44789000000000007,-0.31117300000000003,401.787079,-0.30524750552034097,0.00021062359745627202,22.0,0
3630.964,-1.0647935,-0.12273049999999999,21.6165885,0.806968,0.0024565000000000003,0.45123450000000004,0.314225,0.1370095,-0.448778,-0.3117685,401.794626,-0.3052952802839719,5.4145001318617325e-05,23.0,0
3631.964,-1.060749,-0.132553,21.615013,0.805366,0.002402,0.452068,0.314766,0.137302,-0.449666,-0.312364,401.802173,-0.3053428663560651,0.00010171556587068586,24.0,0
3632.964,-1.0611936666666666,-0.13071633333333332,21.613705,0.8054843333333334,0.002443,0.45161533333333337,0.3144206666666667,0.13719466666666666,-0.44917233333333334,-0.31197766666666665,401.73369966666667,-0.3054394982167161,0.0004182177680303045,25.0,0
3633.964,-1.0616383333333335,-0.12887966666666667,21.612397,0.8056026666666667,0.002484,0.45116266666666666,0.3140753333333333,0.13708733333333334,-0.44867866666666667,-0.31159133333333333,401.6652263333333,-0.3055363427196807,0.0007354164460733337,26.0,0
3634.964,-1.062083,-0.127043,21.611089,0.805721,0.002525,0.45071,0.31373,0.13698,-0.448185,-0.311205,401.596753,-0.30563340056762395,0.0010533139014667903,27.0,0
3635.964,-1.0645415,-0.1296405,21.6137865,0.805806,0.002537,0.450175,0.313481,0.13669399999999998,-0.447638,-0.310944,401.4758915,-0.3053679655613812,0.00018392399797040326,28.0,0
3636.964,-1.067,-0.132238,21.616484,0.805891,0.002549,0.44964000000000004,0.313232,0.136408,-0.447091,-0.310683,401.35503,-0.3051018810530319,0.0006875932457806044,29.0,0
3637.964,-1.0727256666666667,-0.125293,21.616435,0.806499,0.002513,0.4499036666666667,0.3133896666666667,0.136514,-0.44739066666666666,-0.31087666666666663,401.31118299999997,-0.3051344502815964,0.0005809179474486337,30.0,0
3638.964,-1.0784513333333332,-0.118348,21.616386000000002,0.807107,0.002477,0.45016733333333336,0.31354733333333334,0.13662,-0.44769033333333336,-0.31107033333333334,401.267336,-0.3051669759088892,0.00047438545810785104,31.0,0
3639.964,-1.084177,-0.111403,21.616337,0.807715,0.002441,0.450431,0.313705,0.136726,-0.44799,-0.311264,401.223489,-0.30519945802240683,0.0003679954911770533,32.0,0
3640.964,-1.0810505,-0.1270465,21.6150185,0.8094295,0.00245,0.4504015,0.31374599999999997,0.13665549999999999,-0.4479515,-0.311296,401.696782,-0.3050683055382236,0.0007975644737364673,33.0,0
3641.964,-1.077924,-0.14269,21.6137,0.811144,0.002459,0.450372,0.313787,0.136585,-0.447913,-0.311328,402.170075,-0.3049371305077783,0.0012272073029707675,34.0,0
3642.964,-1.0745853333333335,-0.14406966666666668,21.615191333333335,0.8113133333333333,0.0024506666666666665,0.45025133333333334,0.313618,0.13663333333333333,-0.4478006666666667,-0.31116733333333335,401.984623,-0.30512156105520394,0.0006231345467138105,35.0,0
3643.964,-1.0712466666666667,-0.14544933333333332,21.616682666666666,0.8114826666666667,0.0024423333333333332,0.4501306666666667,0.313449,0.13668166666666667,-0.44768833333333335,-0.31100666666666665,401.799171,-0.3053060841569489,1.8758643589023016e-05,36.0,0
3644.964,-1.067908,-0.146829,21.618174,0.811652,0.002434,0.45001,0.31328,0.13673,-0.44757600000000003,-0.310846,401.613719,-0.3054906998827012,0.0005859206346556789,37.0,0
3645.964,-1.072286,-0.136776,21.615911,0.8111615000000001,0.0024000000000000002,0.4502835,0.31365750000000003,0.136626,-0.4478835,-0.3112575,402.0654715,-0.30504875720752644,0.0008615919039496323,38.0,0
3646.964,-1.076664,-0.126723,21.613648,0.810671,0.002366,0.450557,0.314035,0.136522,-0.448191,-0.31166900000000003,402.517224,-0.3046074209598607,0.0023071181862541756,39.0,0
3647.964,-1.0779593333333333,-0.130855,21.613507666666667,0.8102333333333334,0.0023626666666666666,0.450934,0.314189,0.136745,-0.4485713333333333,-0.31182633333333337,402.358743,-0.3048462857181074,0.0015247548798451582,40.0,0
3648.964,-1.0792546666666667,-0.134987,21.613367333333333,0.8097956666666667,0.0023593333333333335,0.451311,0.31434300000000004,0.136968,-0.4489516666666667,-0.31198366666666666,402.200262,-0.3050847457627118,0.0007437171482328475,41.0,0
3649.964,-1.08055,-0.139119,21.613227,0.809358,0.002356,0.45168800000000003,0.314497,0.137191,-0.449332,-0.312141,402.041781,-0.30532280212137597,3.599837465673161e-05,42.0,0
3650.964,-1.076611,-0.145317,21.613909999999997,0.80836,0.002418,0.45048600000000005,0.3137745,0.13671149999999999,-0.448068,-0.31135650000000004,401.7455725,-0.30511396733077867,0.0006480065763632137,43.0,0
3651.964,-1.072672,-0.151515,21.614593,0.807362,0.00248,0.449284,0.313052,0.136232,-0.44680400000000003,-0.310572,401.449364,-0.3049039509582523,0.001335881609984102,44.0,0
3652.964,-1.0815276666666667,-0.14215066666666668,21.61395,0.8091943333333333,0.002458333333333333,0.44956833333333335,0.313196,0.13637233333333332,-0.44711,-0.3107376666666667,401.30055066666665,-0.3050091439298546,0.0009913388583538962,45.0,0
3653.964,-1.0903833333333335,-0.13278633333333334,21.613307,0.8110266666666667,0.002436666666666667,0.4498526666666667,0.31334,0.13651266666666667,-0.44741600000000004,-0.3109033333333333,401.15173733333336,-0.30511419301245296,0.0006472673921394945,46.0,0
3654.964,-1.099239,-0.123422,21.612664,0.812859,0.002415,0.450137,0.313484,0.136653,-0.447722,-0.311069,401.002924,-0.3052190985010755,0.0003036662450234262,47.0,0
3655.964,-1.094937,-0.1334765,21.614337499999998,0.8147854999999999,0.0024315,0.4501405,0.31344649999999996,0.13669399999999998,-0.447709,-0.311015,401.267651,-0.3053195386278557,2.530932366529015e-05,48.0,0
3656.964,-1.090635,-0.143531,21.616011,0.816712,0.002448,0.450144,0.313409,0.136735,-0.447696,-0.310961,401.532378,-0.3054199845877215,0.00035430399769298404,49.0,0
3657.964,-1.0899693333333333,-0.14188366666666666,21.615612333333335,0.8162673333333333,0.002435,0.450036,0.3134963333333333,0.13653966666666667,-0.44760099999999997,-0.3110613333333333,401.69585233333333,-0.30504840631516233,0.0008627411957589093,50.0,0
3658.964,-1.0893036666666667,-0.14023633333333332,21.615213666666666,0.8158226666666667,0.002422,0.449928,0.31358366666666665,0.13634433333333332,-0.447506,-0.31116166666666667,401.8593266666667,-0.30467667027928924,0.002080303117709237,51.0,0
3659.964,-1.088638,-0.138589,21.614815,0.815378,0.002409,0.44982,0.313671,0.136149,-0.447411,-0.311262,402.022801,-0.3043047763796071,0.0032983820973139233,52.0,0
3660.964,-1.088665,-0.14150649999999998,21.615912,0.8170170000000001,0.0023465,0.4499125,0.31356399999999995,0.13634849999999998,-0.447566,-0.3112175,401.45779749999997,-0.3046451353434697,0.0021835907556021494,53.0,0
3661.964,-1.088692,-0.144424,21.617009,0.818656,0.002284,0.450005,0.313457,0.136548,-0.447721,-0.311173,400.892794,-0.3049852586437952,0.0010695712921089395,54.0,0
3662.964,-1.0918506666666667,-0.14409,21.617045666666666,0.8194486666666667,0.0022953333333333333,0.450318,0.31364533333333333,0.13667266666666666,-0.4480226666666667,-0.31135,401.0966056666667,-0.305058163109671,0.0008307843760598788,55.0,0
3663.964,-1.0950093333333333,-0.143756,21.617082333333332,0.8202413333333334,0.002306666666666667,0.450631,0.3138336666666667,0.13679733333333333,-0.4483243333333333,-0.311527,401.3004173333333,-0.30513096946400287,0.0005923188086786046,56.0,0
3664.964,-1.098168,-0.143422,21.617119,0.821034,0.002318,0.450944,0.314022,0.136922,-0.448626,-0.31170400000000004,401.504229,-0.30520367790470876,0.0003541739417168843,57.0,0
3665.964,-1.0955430000000002,-0.1432905,21.6188255,0.8228715,0.002337,0.450516,0.31382750000000004,0.1366885,-0.448179,-0.3114905,401.8502955,-0.3049870810258423,0.0010636023712251585,58.0,0
3666.964,-1.092918,-0.143159,21.620532,0.824709,0.002356,0.450088,0.313633,0.136455,-0.44773199999999996,-0.31127699999999997,402.196362,-0.30477005166048365,0.0017744473410573613,59.0,0
3667.964,-1.092506,-0.14198566666666668,21.618294,0.8221236666666667,0.002354,0.4501903333333333,0.3135923333333333,0.136598,-0.4478363333333333,-0.3112383333333333,402.20448933333336,-0.3050183624040384,0.0009611452207682891,60.0,0
3668.964,-1.0920940000000001,-0.14081233333333334,21.616056,0.8195383333333334,0.002352,0.4502926666666667,0.3135516666666667,0.136741,-0.44794066666666665,-0.31119966666666665,402.2126166666667,-0.3052665574753743,0.00014822196632890972,61.0,0
3669.964,-1.091682,-0.139639,21.613818,0.816953,0.00235,0.450395,0.313511,0.136884,-0.44804499999999997,-0.31116099999999997,402.220744,-0.30551463695529907,0.0006643226869336161,62.0,0
3670.964,-1.0947035,-0.13546550000000002,21.615308499999998,0.819118,0.002333,0.45049249999999996,0.31369749999999996,0.136795,-0.4481595,-0.3113645,402.144469,-0.3052379905769945,0.00024178827236043254,63.0,0
3671.964,-1.097725,-0.131292,21.616799,0.821283,0.002316,0.45059,0.313884,0.136706,-0.448274,-0.311568,402.068194,-0.30496148552333063,0.0011474363454004877,64.0,0
3672.964,-1.095615,-0.137663,21.616608333333332,0.82239,0.0023236666666666666,0.4508493333333333,0.3140713333333333,0.13677799999999998,-0.44852566666666666,-0.3117476666666667,402.2341303333333,-0.3049508982783556,0.001182113172761845,65.0,0
3673.964,-1.093505,-0.144034,21.616417666666667,0.823497,0.0023313333333333333,0.45110866666666666,0.3142586666666667,0.13685,-0.44877733333333336,-0.31192733333333333,402.4000666666667,-0.30494032290769935,0.0012167511076913717,66.0,0
3674.964,-1.091395,-0.150405,21.616227,0.824604,0.002339,0.451368,0.314446,0.136922,-0.449029,-0.312107,402.566003,-0.3049297593913965,0.0012513502155827583,67.0,0
3675.964,-1.092827,-0.149279,21.6156725,0.823232,0.0024000000000000002,0.4500825,0.313649,0.13643349999999999,-0.4476825,-0.311249,402.7010375,-0.3047557247730808,0.0018213727689911918,68.0,0
3676.964,-1.094259,-0.148153,21.615118,0.82186,0.002461,0.448797,0.312852,0.135945,-0.446336,-0.31039100000000003,402.836072,-0.30458064010216535,0.0023948346017220734,69.0,0
3677.964,-1.0942923333333334,-0.14535,21.614929666666665,0.8217990000000001,0.0024346666666666666,0.4478566666666667,0.31225733333333333,0.13559933333333335,-0.44542200000000004,-0.3098226666666667,402.038391,-0.3044295920788048,0.002889568240331264,70.0,0
3678.964,-1.0943256666666668,-0.142547,21.614741333333335,0.821738,0.0024083333333333335,0.44691633333333336,0.3116626666666667,0.13525366666666666,-0.444508,-0.30925433333333335,401.24071000000004,-0.3042779228823543,0.0033863364320328992,71.0,0
3679.964,-1.094359,-0.139744,21.614553,0.821677,0.002382,0.44597600000000004,0.311068,0.134908,-0.44359400000000004,-0.308686,400.443029,-0.3041256286731306,0.0038851517530947843,72.0,0
3680.964,-1.092996,-0.14297700000000002,21.614993,0.824789,0.0023870000000000002,0.445421,0.3108035,0.1346175,-0.44303400000000004,-0.3084165,400.273596,-0.3038543404215938,0.00477371302525631,73.0,0
3681.964,-1.091633,-0.14621,21.615433,0.827901,0.002392,0.444866,0.310539,0.134327,-0.442474,-0.308147,400.104163,-0.3035823654776675,0.005664523448495329,74.0,0
3682.964,-1.0873110000000001,-0.147536,21.613163,0.8236916666666667,0.0024026666666666667,0.444756,0.31048166666666666,0.13427433333333333,-0.4423533333333333,-0.308079,400.30446466666666,-0.30354611746142024,0.005783248027416588,75.0,0
3683.964,-1.082989,-0.148862,21.610893,0.8194823333333333,0.0024133333333333333,0.44464600000000004,0.31042433333333336,0.13422166666666668,-0.4422326666666667,-0.30801100000000003,400.50476633333335,-0.3035098496640147,0.00590203739635764,76.0,0
3684.964,-1.078667,-0.150188,21.608623,0.815273,0.002424,0.44453600000000004,0.310367,0.134169,-0.44211200000000006,-0.307943,400.705068,-0.30347356206925413,0.006020891608368162,77.0,0
3685.964,-1.093921,-0.14360299999999998,21.6119755,0.8188295,0.002493,0.44501850000000004,0.3107995,0.134219,-0.4425255,-0.30830650000000004,400.500836,-0.3033029809648958,0.006579602729239631,78.0,0
3686.964,-1.109175,-0.137018,21.615328,0.822386,0.002562,0.44550100000000004,0.311232,0.134269,-0.442939,-0.30867,400.296604,-0.3031327183488434,0.00713727069261072,79.0,0
3687.964,-1.1025916666666666,-0.13958866666666667,21.6143,0.8238643333333333,0.002525,0.445724,0.31126766666666666,0.13445633333333334,-0.443199,-0.30874266666666667,400.67406033333333,-0.30337757240180085,0.006335290409434813,80.0,0
3688.964,-1.0960083333333335,-0.14215933333333333,21.613272000000002,0.8253426666666667,0.002488,0.445947,0.3113033333333333,0.13464366666666666,-0.443459,-0.30881533333333333,401.05151666666666,-0.30362213933826127,0.0055342505304172285,81.0,0
3689.964,-1.089425,-0.14473,21.612244,0.826821,0.002451,0.44616999999999996,0.311339,0.134831,-0.443719,-0.308888,401.428973,-0.30386641966293904,0.004734149402446763,82.0,0
3690.964,-1.0902924999999999,-0.1447345,21.6119215,0.825654,0.0024305,0.445905,0.3111345,0.13477050000000002,-0.4434745,-0.308704,401.178807,-0.3038975271352178,0.004632261853003916,83.0,0
3691.964,-1.09116,-0.144739,21.611599,0.824487,0.00241,0.44564,0.31093,0.13471,-0.44322999999999996,-0.30851999999999996,400.928641,-0.30392866892734904,0.004530261894373888,84.0,0
3692.964,-1.0958869999999998,-0.143671,21.61378733333333,0.8262906666666666,0.0024276666666666665,0.4459996666666666,0.31116366666666667,0.134836,-0.44357199999999997,-0.30873599999999995,400.7311686666667,-0.30397839353790024,0.004367396886549857,85.0,0
3693.964,-1.100614,-0.142603,21.615975666666667,0.8280943333333334,0.002445333333333333,0.44635933333333333,0.3113973333333333,0.134962,-0.443914,-0.308952,400.53369633333335,-0.3040280415306603,0.004204782828044706,86.0,0
3694.964,-1.105341,-0.141535,21.618164,0.829898,0.002463,0.446719,0.311631,0.135088,-0.444256,-0.309168,400.336224,-0.3040776130825764,0.0040424191392963715,87.0,0
3695.964,-1.0963335,-0.145494,21.6179855,0.8299865,0.0024295000000000002,0.44601999999999997,0.3113085,0.1347115,-0.4435905,-0.308879,400.470689,-0.30368505115653094,0.005328192933160336,88.0,0
3696.964,-1.087326,-0.149453,21.617807,0.830075,0.002396,0.44532099999999997,0.310986,0.134335,-0.44292499999999996,-0.30859,400.605154,-0.3032913095700391,0.0066178305161158635,89.0,0
3697.964,-1.0877986666666666,-0.14763633333333334,21.617768666666667,0.8304886666666667,0.0024063333333333332,0.445275,0.3109733333333333,0.13430166666666668,-0.44286866666666663,-0.308567,400.81486366666667,-0.3032546215837236,0.006737996146617076,90.0,0
3698.964,-1.0882713333333334,-0.14581966666666665,21.617730333333334,0.8309023333333334,0.002416666666666667,0.445229,0.31096066666666666,0.13426833333333332,-0.4428123333333333,-0.308544,401.02457333333336,-0.3032179242627033,0.00685819235145102,91.0,0
3699.964,-1.088744,-0.144003,21.617692,0.831316,0.002427,0.445183,0.310948,0.134235,-0.442756,-0.308521,401.234283,-0.30318121760341493,0.006978419142288028,92.0,0
3700.964,-1.0896095,-0.146256,21.615545,0.8286485,0.002458,0.444869,0.310588,0.13428099999999998,-0.442411,-0.30813,400.943283,-0.3035216202165413,0.0058634848343951385,93.0,0
3701.964,-1.090475,-0.148509,21.613398,0.825981,0.002489,0.44455500000000003,0.310228,0.134327,-0.442066,-0.307739,400.652283,-0.3038625541492767,0.004746810274113389,94.0,0
3702.964,-1.0962006666666668,-0.147655,21.614006333333332,0.8277416666666666,0.002493,0.44463366666666665,0.31044,0.13419366666666666,-0.4421406666666667,-0.30794699999999997,400.59787033333333,-0.3035096752986801,0.005902608502119211,95.0,0
3703.964,-1.1019263333333333,-0.146801,21.614614666666668,0.8295023333333333,0.002497,0.4447123333333333,0.310652,0.13406033333333334,-0.4422153333333333,-0.308155,400.54345766666665,-0.30315691561331876,0.007058016423458935,96.0,0
3704.964,-1.107652,-0.145947,21.615223,0.831263,0.002501,0.44479099999999994,0.310864,0.133927,-0.44228999999999996,-0.308363,400.489045,-0.30280427503284046,0.008213034235806327,97.0,0
3705.964,-1.1004565,-0.149571,21.613595,0.8289519999999999,0.002483,0.444949,0.310739,0.13421,-0.442466,-0.308256,400.57960549999996,-0.3033234267117173,0.0065126359560634395,98.0,0
3706.964,-1.093261,-0.153195,21.611967,0.826641,0.002465,0.44510700000000003,0.310614,0.134493,-0.44264200000000004,-0.308149,400.670166,-0.30384216554724935,0.0048135898786572096,99.0,0
3707.964,-1.094414,-0.149761,21.613668666666666,0.8281356666666666,0.002461,0.4450503333333334,0.31070566666666666,0.13434466666666667,-0.4425893333333334,-0.30824466666666667,400.54418266666664,-0.30354317217278665,0.0057928948492023125,100.0,0
3708.964,-1.095567,-0.14632699999999998,21.615370333333335,0.8296303333333334,0.002457,0.4449936666666667,0.31079733333333337,0.13419633333333333,-0.4425366666666667,-0.3083403333333334,400.41819933333335,-0.3032441076312492,0.006772432916116733,101.0,0
3709.964,-1.09672,-0.142893,21.617072,0.831125,0.002453,0.444937,0.310889,0.134048,-0.44248400000000004,-0.30843600000000004,400.292216,-0.30294497189722536,0.007752204162632226,102.0,0
3710.964,-1.0973015,-0.14436749999999998,21.6161475,0.829592,0.0024105,0.4450065,0.31101,0.13399650000000002,-0.44259600000000004,-0.3085995,400.6245785,-0.3027519515584225,0.008384411406507142,103.0,0
3711.964,-1.097883,-0.145842,21.615223,0.828059,0.002368,0.445076,0.311131,0.133945,-0.44270800000000005,-0.308763,400.956941,-0.3025590288836635,0.009016298767429043,104.0,0
3712.964,-1.0972876666666667,-0.15069166666666667,21.615853333333334,0.8305103333333334,0.0023836666666666667,0.44514233333333336,0.311005,0.13413733333333333,-0.4427586666666667,-0.30862133333333336,400.9663743333333,-0.3029588044024083,0.007706898004577467,105.0,0
3713.964,-1.0966923333333334,-0.15554133333333334,21.616483666666667,0.8329616666666666,0.002399333333333333,0.44520866666666664,0.310879,0.13432966666666668,-0.44280933333333333,-0.30847966666666665,400.97580766666664,-0.30335848843555324,0.00639779688817399,106.0,0
3714.964,-1.096097,-0.160391,21.617114,0.835413,0.002415,0.445275,0.310753,0.134522,-0.44286,-0.308338,400.985241,-0.3037580810144989,0.005088995315371103,107.0,0
3715.964,-1.101368,-0.15342650000000002,21.613917999999998,0.8313794999999999,0.0023994999999999997,0.44488399999999995,0.3104245,0.1344595,-0.44248449999999995,-0.308025,400.6340155,-0.30387460775373537,0.0047073306208248455,108.0,0
3716.964,-1.106639,-0.146462,21.610722,0.827346,0.002384,0.44449299999999997,0.310096,0.134397,-0.442109,-0.307712,400.28279,-0.3039913324346087,0.004325017600110059,109.0,0
3717.964,-1.1058213333333333,-0.14522233333333334,21.612642666666666,0.8273736666666667,0.0023899999999999998,0.4452293333333333,0.310586,0.13464333333333334,-0.4428393333333333,-0.30819599999999997,400.349655,-0.30404624712554995,0.004145153314182748,110.0,0
3718.964,-1.1050036666666665,-0.14398266666666668,21.614563333333333,0.8274013333333333,0.002396,0.4459656666666667,0.311076,0.13488966666666666,-0.4435696666666667,-0.30868,400.41652,-0.30410098098302707,0.003965881319340836,111.0,0
3719.964,-1.104186,-0.142743,21.616484,0.827429,0.002402,0.44670200000000004,0.311566,0.135136,-0.44430000000000003,-0.309164,400.483385,-0.30415553489879565,0.0037871986947815017,112.0,0
3720.964,-1.1000595,-0.15565,21.6136815,0.82597,0.0023864999999999997,0.44596250000000004,0.311152,0.1348105,-0.443576,-0.3087655,400.445298,-0.3039181649101055,0.0045646661226140806,113.0,0
3721.964,-1.095933,-0.168557,21.610879,0.824511,0.002371,0.44522300000000004,0.310738,0.134485,-0.442852,-0.308367,400.407211,-0.3036800187873574,0.005344675653401687,114.0,0
3722.964,-1.0973533333333334,-0.16219333333333333,21.610874,0.8234173333333333,0.0023933333333333333,0.4449746666666667,0.310748,0.13422666666666666,-0.4425813333333333,-0.30835466666666667,400.21940766666665,-0.3032820406992026,0.006648189219875755,115.0,0
3723.964,-1.0987736666666665,-0.15582966666666667,21.610869,0.8223236666666667,0.0024156666666666667,0.44472633333333333,0.310758,0.13396833333333333,-0.4423106666666667,-0.30834233333333333,400.03160433333335,-0.3028835755341846,0.007953298128701713,116.0,0
3724.964,-1.100194,-0.149466,21.610864,0.82123,0.002438,0.444478,0.310768,0.13371,-0.44204,-0.30833,399.843801,-0.30248462239757123,0.009260005310431474,117.0,0
3725.964,-1.111,-0.143529,21.610504499999998,0.8202465,0.002437,0.44478799999999996,0.310839,0.13394899999999998,-0.442351,-0.308402,400.388487,-0.3028122527410422,0.008186904528719952,118.0,0
3726.964,-1.121806,-0.137592,21.610145,0.819263,0.002436,0.445098,0.31091,0.134188,-0.442662,-0.308474,400.933173,-0.30313942271851363,0.007115311602198804,119.0,0
3727.964,-1.1155123333333334,-0.14111233333333334,21.608878999999998,0.8169593333333333,0.002438,0.4453533333333333,0.3110256666666667,0.13432766666666668,-0.4429153333333333,-0.3085876666666667,400.81720366666667,-0.30328137194325755,0.006650379622998415,120.0,0
3728.964,-1.1092186666666666,-0.14463266666666666,21.607613,0.8146556666666667,0.00244,0.4456086666666667,0.3111413333333333,0.13446733333333333,-0.4431686666666667,-0.3087013333333333,400.70123433333333,-0.30342315887967164,0.00618597919326247,121.0,0
3729.964,-1.102925,-0.148153,21.606347,0.812352,0.002442,0.44586400000000004,0.311257,0.134607,-0.44342200000000004,-0.308815,400.585265,-0.30356478380590907,0.0057221094019447305,122.0,0
3730.964,-1.113179,-0.1480685,21.610135,0.8153085,0.0024675,0.4453325,0.3110565,0.134276,-0.442865,-0.308589,400.375587,-0.30319917627081905,0.0069195983999059685,123.0,0
3731.964,-1.123433,-0.147984,21.613923,0.818265,0.002493,0.444801,0.310856,0.133945,-0.442308,-0.308363,400.165909,-0.3028326479119706,0.008120103408791324,124.0,0
3732.964,-1.1270666666666667,-0.14586933333333332,21.61262333333333,0.818518,0.0024933333333333335,0.44472633333333333,0.310714,0.13401233333333334,-0.442233,-0.30822066666666664,400.167967,-0.3030362645248045,0.007453189764326518,125.0,0
3733.964,-1.1307003333333332,-0.14375466666666667,21.611323666666667,0.818771,0.0024936666666666666,0.44465166666666667,0.310572,0.13407966666666665,-0.442158,-0.30807833333333334,400.170025,-0.30323995021376265,0.006786049872066102,126.0,0
3734.964,-1.134334,-0.14164,21.610024,0.819024,0.002494,0.444577,0.31043,0.134147,-0.442083,-0.307936,400.172083,-0.3034437050140019,0.0061186836168595216,127.0,0
3735.964,-1.1270660000000001,-0.142452,21.6091615,0.8160905,0.0024714999999999997,0.4452355,0.3108125,0.13442300000000001,-0.44276400000000005,-0.308341,400.4317395,-0.30360034600903874,0.005605631094186325,128.0,0
3736.964,-1.119798,-0.143264,21.608299,0.813157,0.002449,0.445894,0.311195,0.134699,-0.44344500000000003,-0.308746,400.691396,-0.3037565058947691,0.005094154368087245,129.0,0
3737.964,-1.1213733333333333,-0.147692,21.609209,0.8141546666666667,0.0024193333333333332,0.4458893333333333,0.3112063333333333,0.134683,-0.44347000000000003,-0.30878700000000003,400.4940026666667,-0.3037033028238727,0.005268412516351351,130.0,0
3738.964,-1.1229486666666668,-0.15212,21.610118999999997,0.8151523333333334,0.0023896666666666667,0.44588466666666665,0.31121766666666667,0.134667,-0.443495,-0.308828,400.2966093333333,-0.3036501057511488,0.005442651018560785,131.0,0
3739.964,-1.124524,-0.156548,21.611029,0.81615,0.00236,0.44587999999999994,0.311229,0.134651,-0.44351999999999997,-0.308869,400.099216,-0.30359691467558314,0.005616869878037889,132.0,0
3740.964,-1.1278575000000002,-0.151849,21.609139,0.813262,0.0023769999999999998,0.44522049999999996,0.310851,0.1343695,-0.44284349999999995,-0.308474,399.9785165,-0.30342503260188436,0.006179842115878631,133.0,0
3741.964,-1.131191,-0.14715,21.607249,0.810374,0.002394,0.444561,0.310473,0.134088,-0.442167,-0.308079,399.857817,-0.30325262457990887,0.006744537013168128,134.0,0
3742.964,-1.128457,-0.146889,21.607385999999998,0.8109283333333334,0.002451333333333333,0.444834,0.31068833333333334,0.13414566666666666,-0.44238266666666665,-0.308237,400.05816400000003,-0.303235140093961,0.006801804650041099,135.0,0
3743.964,-1.125723,-0.146628,21.607523,0.8114826666666667,0.002508666666666667,0.445107,0.31090366666666663,0.13420333333333334,-0.4425983333333333,-0.308395,400.258511,-0.30321767264752314,0.006859016476724822,136.0,0
3744.964,-1.122989,-0.146367,21.60766,0.812037,0.002566,0.44538,0.311119,0.134261,-0.442814,-0.30855299999999997,400.458858,-0.3032002222156983,0.006916172574765178,137.0,0
3745.964,-1.1231325,-0.1594565,21.609243499999998,0.81418,0.0024655,0.4454095,0.31120899999999996,0.1342005,-0.442944,-0.30874349999999995,400.513154,-0.30297464910835037,0.007655001204811329,138.0,0
3746.964,-1.123276,-0.172546,21.610827,0.816323,0.002365,0.44543900000000003,0.311299,0.13414,-0.443074,-0.308934,400.56745,-0.3027492083697269,0.008393396282274312,139.0,0
3747.964,-1.12276,-0.16870466666666667,21.609421333333334,0.8149293333333334,0.002373,0.4459176666666667,0.31157566666666664,0.13434200000000002,-0.4435446666666667,-0.3092026666666667,400.7714896666667,-0.30288336886785305,0.00795397503121198,140.0,0
3748.964,-1.122244,-0.16486333333333333,21.608015666666667,0.8135356666666667,0.002381,0.44639633333333334,0.31185233333333334,0.134544,-0.4440153333333334,-0.3094713333333333,400.9755293333333,-0.3030172449387895,0.007515485375912068,141.0,0
3749.964,-1.121728,-0.161022,21.60661,0.812142,0.002389,0.446875,0.312129,0.134746,-0.44448600000000005,-0.30974,401.179569,-0.3031508374860794,0.0070779243569634165,142.0,0
3750.964,-1.1256504999999999,-0.15996100000000002,21.608246,0.8125005000000001,0.0024419999999999997,0.4465265,0.31174199999999996,0.1347845,-0.4440845,-0.3093,401.151572,-0.30351161436982016,0.00589625738477717,143.0,0
3751.964,-1.129573,-0.1589,21.609882,0.812859,0.002495,0.44617799999999996,0.311355,0.134823,-0.44368299999999994,-0.30885999999999997,401.123575,-0.30387304420733763,0.0047124517669430155,144.0,0
3752.964,-1.1326656666666666,-0.16436966666666666,21.609736666666667,0.8146513333333333,0.0024263333333333333,0.4459723333333333,0.311127,0.13484533333333334,-0.44354599999999994,-0.3087006666666666,400.6737146666667,-0.3040172549196436,0.004240112646984651,145.0,0
3753.964,-1.1357583333333334,-0.16983933333333334,21.60959133333333,0.8164436666666667,0.0023576666666666663,0.44576666666666664,0.310899,0.13486766666666666,-0.443409,-0.30854133333333333,400.22385433333335,-0.30416155474566686,0.003767481649300186,146.0,0
3754.964,-1.138851,-0.175309,21.609446,0.818236,0.002289,0.445561,0.310671,0.13489,-0.443272,-0.308382,399.773994,-0.30430594376803355,0.0032945585032607694,147.0,0
3755.964,-1.135358,-0.173838,21.609052,0.8162134999999999,0.0023369999999999997,0.44537899999999997,0.310695,0.134684,-0.443042,-0.308358,399.60041950000004,-0.3039989526928658,0.004300058663138873,148.0,0
3756.964,-1.131865,-0.172367,21.608658,0.814191,0.002385,0.445197,0.310719,0.134478,-0.442812,-0.308334,399.426845,-0.3036916427098694,0.005306603354596651,149.0,0
3757.964,-1.1346346666666667,-0.166321,21.60708933333333,0.8146743333333333,0.002426666666666667,0.4447896666666667,0.31064966666666666,0.13413999999999998,-0.442363,-0.30822299999999997,400.01504366666666,-0.303235811394288,0.006799605913202389,150.0,0
3758.964,-1.1374043333333332,-0.160275,21.605520666666667,0.8151576666666667,0.0024683333333333332,0.4443823333333333,0.31058033333333335,0.133802,-0.441914,-0.308112,400.60324233333336,-0.30277905379565656,0.008295642363768674,151.0,0
3759.964,-1.140174,-0.154229,21.603952,0.815641,0.00251,0.443975,0.310511,0.133464,-0.441465,-0.30800099999999997,401.191441,-0.3023213670876901,0.009794721963339859,152.0,0
3760.964,-1.1353895,-0.166108,21.607697,0.8146795,0.0024445,0.4439465,0.3104975,0.13344899999999998,-0.44150199999999995,-0.30805299999999997,401.382663,-0.30226205603158324,0.009988985840116649,153.0,0
3761.964,-1.130605,-0.177987,21.611442,0.813718,0.002379,0.443918,0.310484,0.133434,-0.44153899999999996,-0.30810499999999996,401.573885,-0.3022027549157717,0.010183217159046354,154.0,0
3762.964,-1.1323076666666667,-0.17811533333333335,21.609732666666666,0.8143063333333334,0.002335,0.44375466666666663,0.3104513333333333,0.13330333333333333,-0.44141966666666665,-0.3081163333333333,401.5745953333333,-0.3019884372810091,0.010885180289084362,155.0,0
3763.964,-1.1340103333333333,-0.17824366666666666,21.608023333333335,0.8148946666666667,0.002291,0.44359133333333334,0.3104186666666667,0.13317266666666666,-0.4413003333333333,-0.30812766666666663,401.5753056666667,-0.301774003737448,0.01158752305985089,156.0,0
3764.964,-1.135713,-0.178372,21.606314,0.815483,0.002247,0.443428,0.310386,0.133042,-0.441181,-0.308139,401.576016,-0.30155945419103314,0.01229024577940896,157.0,0
3765.964,-1.1453704999999998,-0.1760785,21.609350499999998,0.8166495,0.0022645,0.443557,0.3103375,0.1332195,-0.4412925,-0.308073,401.8617255,-0.30188548839032703,0.011222372912627399,158.0,0
3766.964,-1.155028,-0.173785,21.612387,0.817816,0.002282,0.44368599999999997,0.310289,0.133397,-0.44140399999999996,-0.308007,402.147435,-0.30221135787477654,0.010155039542970479,159.0,0
3767.964,-1.14827,-0.17912533333333333,21.610618666666664,0.8163626666666667,0.0023353333333333334,0.44326099999999996,0.31015666666666664,0.13310433333333332,-0.44092566666666666,-0.30782133333333334,402.13422833333334,-0.3018754526472398,0.011255243383774372,160.0,0
3768.964,-1.141512,-0.18446566666666667,21.608850333333333,0.8149093333333333,0.002388666666666667,0.442836,0.31002433333333335,0.13281166666666666,-0.4404473333333333,-0.30763566666666664,402.12102166666665,-0.30153881782040787,0.012357836910361852,161.0,0
3769.964,-1.134754,-0.189806,21.607082,0.813456,0.002442,0.442411,0.309892,0.132519,-0.439969,-0.30745,402.107815,-0.3012014510146192,0.013462827916933318,162.0,0
3770.964,-1.1423185,-0.1828555,21.6071175,0.8165165,0.0024235000000000003,0.44233849999999997,0.3098795,0.132459,-0.439915,-0.307456,402.00592500000005,-0.3011020335792905,0.013788453823364244,163.0,0
3771.964,-1.149883,-0.175905,21.607153,0.819577,0.002405,0.442266,0.309867,0.132399,-0.439861,-0.307462,401.904035,-0.3010025917337334,0.014114159681593463,164.0,0
3772.964,-1.149602,-0.17873533333333333,21.60602666666667,0.8196553333333333,0.002448,0.4427163333333333,0.3101316666666667,0.13258466666666666,-0.4402683333333334,-0.3076836666666667,401.88328766666666,-0.30114581897968046,0.013645041748376774,165.0,0
3773.964,-1.149321,-0.18156566666666668,21.604900333333333,0.8197336666666667,0.0024909999999999997,0.4431666666666667,0.31039633333333333,0.13277033333333332,-0.4406756666666667,-0.30790533333333336,401.86254033333336,-0.30128878144420984,0.013176791064338778,166.0,0
3774.964,-1.14904,-0.184396,21.603774,0.819812,0.002534,0.44361700000000004,0.310661,0.132956,-0.44108300000000006,-0.30812700000000004,401.841793,-0.30143147986088753,0.012709405226801418,167.0,0
3775.964,-1.153424,-0.18319449999999998,21.6051225,0.8196945,0.00242,0.44348050000000006,0.3105275,0.132953,-0.4410605000000001,-0.30810750000000003,402.05389049999997,-0.3014400551399528,0.012681318271939745,168.0,0
3776.964,-1.157808,-0.181993,21.606471,0.819577,0.002306,0.443344,0.310394,0.13295,-0.44103800000000004,-0.30808800000000003,402.265988,-0.30144863129397304,0.012653228451303233,169.0,0
3777.964,-1.1549903333333333,-0.18529766666666667,21.60671,0.820986,0.0022923333333333333,0.443572,0.310473,0.133099,-0.4412796666666667,-0.30818066666666666,402.30633966666664,-0.3016211977918715,0.012088014491478116,170.0,0
3778.964,-1.1521726666666665,-0.18860233333333332,21.606949,0.822395,0.0022786666666666667,0.4438,0.310552,0.133248,-0.4415213333333333,-0.30827333333333334,402.34669133333335,-0.30179357538082424,0.01152341927268663,171.0,0
3779.964,-1.149355,-0.191907,21.607188,0.823804,0.002265,0.444028,0.310631,0.133397,-0.44176299999999996,-0.308366,402.387043,-0.3019657643708603,0.010959441779478052,172.0,0
3780.964,-1.1490399999999998,-0.191513,21.607923,0.8246184999999999,0.002326,0.44384349999999995,0.310737,0.1331065,-0.4415175,-0.308411,402.59552099999996,-0.3014757092883278,0.012564538812238069,173.0,0
3781.964,-1.148725,-0.191119,21.608658,0.825433,0.002387,0.44365899999999997,0.310843,0.132816,-0.441272,-0.308456,402.803999,-0.3009851089239945,0.014171421828312214,174.0,0
3782.964,-1.1526096666666668,-0.19106866666666666,21.60882133333333,0.8255456666666666,0.002396333333333333,0.44362066666666666,0.31076133333333333,0.13285933333333333,-0.44122433333333333,-0.308365,402.9382283333333,-0.3011158370288667,0.01374324283230155,175.0,0
3783.964,-1.1564943333333333,-0.19101833333333335,21.608984666666668,0.8256583333333334,0.0024056666666666666,0.4435823333333333,0.31067966666666663,0.13290266666666667,-0.44117666666666666,-0.308274,403.07245766666665,-0.3012465933826813,0.013314971311398804,176.0,0
3784.964,-1.160379,-0.190968,21.609148,0.825771,0.002415,0.443544,0.310598,0.132946,-0.441129,-0.308183,403.206687,-0.3013773779945957,0.012886607235610303,177.0,0
3785.964,-1.158071,-0.2002355,21.609586,0.8271515,0.002422,0.4435915,0.3106075,0.132984,-0.4411695,-0.3081855,403.110997,-0.3014358459409501,0.01269510482996239,178.0,0
3786.964,-1.155763,-0.209503,21.610024,0.828532,0.002429,0.443639,0.310617,0.133022,-0.44121,-0.30818799999999996,403.015307,-0.3014943031533809,0.012503637581564031,179.0,0
3787.964,-1.1587886666666667,-0.20845066666666667,21.610326666666666,0.8293963333333334,0.0024383333333333336,0.443335,0.310479,0.132856,-0.44089666666666666,-0.30804066666666663,402.69703933333335,-0.3013320611754708,0.013035035227695668,180.0,0
3788.964,-1.1618143333333335,-0.20739833333333332,21.610629333333332,0.8302606666666666,0.0024476666666666666,0.443031,0.310341,0.13269,-0.4405833333333333,-0.30789333333333335,402.37877166666664,-0.30116958843106895,0.013567188712557132,181.0,0
3789.964,-1.16484,-0.206346,21.610932,0.831125,0.002457,0.442727,0.310203,0.132524,-0.44027,-0.307746,402.060504,-0.301006884427475,0.01410009964990988,182.0,0
3790.964,-1.1685475,-0.2012275,21.60927,0.831352,0.0024714999999999997,0.443141,0.31040999999999996,0.132731,-0.4406695,-0.3079385,402.436968,-0.3012037393187851,0.013455332942679199,183.0,0
3791.964,-1.172255,-0.196109,21.607608,0.831579,0.002486,0.443555,0.310617,0.132938,-0.441069,-0.308131,402.813432,-0.30140023760508583,0.012811734238113548,184.0,0
3792.964,-1.1663373333333333,-0.19914600000000002,21.607540999999998,0.831372,0.0025106666666666667,0.442918,0.3103203333333333,0.13259766666666667,-0.4404073333333333,-0.30780966666666665,402.73095566666666,-0.3010802902471127,0.01385967062981086,185.0,0
3793.964,-1.1604196666666666,-0.202183,21.607474,0.8311649999999999,0.0025353333333333334,0.442281,0.31002366666666664,0.13225733333333334,-0.43974566666666665,-0.3074883333333333,402.64847933333334,-0.300759380064492,0.01491076059962615,186.0,0
3794.964,-1.154502,-0.20522,21.607407,0.830958,0.00256,0.441644,0.309727,0.131917,-0.439084,-0.30716699999999997,402.566003,-0.3004375027045001,0.015965018404209497,187.0,0
3795.964,-1.1620625,-0.2072675,21.610267999999998,0.833531,0.0024895000000000004,0.4418975,0.309771,0.1321265,-0.439408,-0.3072815,402.3887265,-0.3006927518223423,0.015128990748816462,188.0,0
3796.964,-1.169623,-0.209315,21.613129,0.836104,0.002419,0.442151,0.309815,0.132336,-0.439732,-0.307396,402.21145,-0.3009476247978878,0.01429419508734786,189.0,0
3797.964,-1.1715623333333334,-0.20717066666666667,21.611539333333333,0.8364739999999999,0.0024113333333333335,0.442099,0.30984,0.13225900000000002,-0.4396876666666667,-0.3074286666666667,402.37478733333336,-0.30080284444983546,0.01476839995807333,190.0,0
3798.964,-1.1735016666666667,-0.20502633333333334,21.60994966666667,0.836844,0.002403666666666667,0.442047,0.309865,0.132182,-0.43964333333333333,-0.3074613333333333,402.53812466666665,-0.30065803490261406,0.015242700466006509,191.0,0
3799.964,-1.175441,-0.202882,21.60836,0.837214,0.002396,0.441995,0.30989,0.132105,-0.439599,-0.307494,402.701462,-0.30051319614738925,0.015717096640082695,192.0,0
3800.964,-1.176658,-0.210631,21.606802000000002,0.8379945,0.0024305000000000004,0.4422825,0.3099265,0.132356,-0.439852,-0.307496,402.631983,-0.30091099031262863,0.014414185483697328,193.0,0
3801.964,-1.177875,-0.21838,21.605244,0.838775,0.002465,0.44257,0.309963,0.132607,-0.440105,-0.307498,402.562504,-0.30130832712268013,0.013112772321070554,194.0,0
3802.964,-1.174809,-0.221624,21.605895,0.8400023333333334,0.002456666666666667,0.442406,0.309925,0.13248100000000002,-0.43994933333333336,-0.30746833333333334,402.5586413333333,-0.30112854160905256,0.013701631012149829,195.0,0
3803.964,-1.171743,-0.224868,21.606545999999998,0.8412296666666667,0.002448333333333333,0.44224199999999997,0.30988699999999997,0.132355,-0.43979366666666664,-0.30743866666666664,402.55477866666666,-0.30094862882358203,0.014290906561791994,196.0,0
3804.964,-1.168677,-0.228112,21.607197,0.842457,0.00244,0.44207799999999997,0.309849,0.132229,-0.439638,-0.307409,402.550916,-0.30076858863107514,0.01488059941280162,197.0,0
3805.964,-1.174668,-0.222563,21.605879,0.8410625,0.0023959999999999997,0.44226849999999995,0.31005099999999997,0.1322175,-0.4398725,-0.307655,402.76518799999997,-0.30058210181837197,0.015491407137051438,198.0,0
3806.964,-1.180659,-0.217014,21.604561,0.839668,0.002352,0.442459,0.310253,0.132206,-0.44010699999999997,-0.307901,402.97946,-0.30039581373578184,0.01610156395260509,199.0,0
3807.964,-1.176803,-0.21979100000000001,21.606229666666668,0.8405643333333334,0.0023396666666666665,0.4423493333333333,0.31020633333333336,0.13214299999999998,-0.44000966666666663,-0.3078666666666667,403.0508036666667,-0.3003190846240906,0.01635287788422568,200.0,0
3808.964,-1.172947,-0.222568,21.60789833333333,0.8414606666666666,0.002327333333333333,0.4422396666666667,0.31015966666666667,0.13208,-0.43991233333333335,-0.3078323333333333,403.1221473333333,-0.30024232155873837,0.01660430302563165,201.0,0
3809.964,-1.169091,-0.225345,21.609567,0.842357,0.002315,0.44213,0.310113,0.132017,-0.439815,-0.307798,403.193491,-0.3001655245171822,0.016855839450658716,202.0,0
3810.964,-1.180907,-0.229951,21.608486999999997,0.844816,0.0023055,0.442004,0.31000700000000003,0.131997,-0.4396985,-0.30770149999999996,403.1020505,-0.30019956902188427,0.01674433212132609,203.0,0
3811.964,-1.192723,-0.234557,21.607407,0.847275,0.002296,0.441878,0.309901,0.131977,-0.439582,-0.30760499999999996,403.01061,-0.30023363157188326,0.01663276568750993,204.0,0
3812.964,-1.171285,-0.236985,21.604782,0.84139,0.002295,0.441862,0.309655,0.132207,-0.439567,-0.30736,403.107263,-0.30076712029592817,0.014885408709698011,205.0,0
3813.964,-1.1779354999999998,-0.23912899999999998,21.604388,0.8434025,0.0023175,0.441685,0.3096865,0.1319985,-0.4393675,-0.307369,402.9956795,-0.30042914059219356,0.01599240716545125,206.0,0
3814.964,-1.184586,-0.241273,21.603994,0.845415,0.00234,0.441508,0.309718,0.13179,-0.439168,-0.307378,402.884096,-0.3000908538209838,0.017100411371600233,207.0,0
3815.964,-1.188961,-0.231559,21.604869,0.839552,0.002501,0.443897,0.311286,0.132611,-0.441396,-0.30878500000000003,403.292712,-0.30043611730989245,0.015969556042636612,208.0,0
3816.964,-1.182223,-0.2302465,21.6035565,0.839552,0.0024995,0.442299,0.3102515,0.13204749999999998,-0.4397995,-0.307752,403.6164625,-0.3002454533155524,0.0165940454571486,209.0,0
3817.964,-1.175485,-0.228934,21.602244,0.839552,0.002498,0.440701,0.309217,0.131484,-0.438203,-0.306719,403.940213,-0.30005340003012304,0.01722308527239025,210.0,0
3818.964,-1.177848,-0.26175,21.611169,0.844365,0.002284,0.44122,0.30927,0.13195,-0.438936,-0.306986,403.871062,-0.3006139861255083,0.015386975189296215,211.0,0
3819.964,-1.181698,-0.251205,21.607888000000003,0.8453714999999999,0.0023014999999999997,0.441055,0.309347,0.131708,-0.4387535,-0.30704549999999997,403.5253095,-0.3001874633192973,0.01678398241370016,212.0,0
3820.964,-1.185548,-0.24066,21.604607,0.846378,0.002319,0.44089,0.309424,0.131466,-0.438571,-0.30710499999999996,403.179557,-0.29976058553936663,0.01818215229774056,213.0,0
3821.964,-1.196661,-0.249673,21.603994,0.842002,0.002407,0.44163600000000003,0.309539,0.132097,-0.43922900000000004,-0.307132,403.503307,-0.3007481308113326,0.014947605728899305,214.0,0
3822.964,-1.195217,-0.2505485,21.605788,0.8443215,0.0023769999999999998,0.4408535,0.309308,0.13154549999999998,-0.43847650000000005,-0.306931,403.3445755,-0.30000649979303284,0.017376699496734593,215.0,0
3823.964,-1.193773,-0.251424,21.607582,0.846641,0.002347,0.440071,0.309077,0.130994,-0.437724,-0.30673,403.185844,-0.29926231886375626,0.019814145090086055,216.0,0
3824.964,-1.202524,-0.256499,21.606532,0.847166,0.002396,0.44184500000000004,0.310404,0.131441,-0.43944900000000003,-0.308008,404.097373,-0.29910478600425994,0.02033011877213231,217.0,0
3825.964,-1.189787,-0.2621985,21.606537000000003,0.846595,0.0024155,0.44163850000000004,0.3102105,0.131428,-0.43922300000000003,-0.307795,404.100286,-0.2992290914389535,0.019922976204910126,218.0,0
3826.964,-1.17705,-0.267898,21.606542,0.846024,0.002435,0.441432,0.310017,0.131415,-0.43899699999999997,-0.30758199999999997,404.103199,-0.29935352486127437,0.01951541443468774,219.0,0
3827.964,-1.1835740000000001,-0.2675695,21.607171,0.847503,0.002426,0.441718,0.31009549999999997,0.1316225,-0.439292,-0.3076695,404.4703985,-0.2996248500424548,0.018626732205385688,220.0,0
3828.964,-1.190098,-0.267241,21.6078,0.848982,0.002417,0.442004,0.310174,0.13183,-0.439587,-0.307757,404.837598,-0.2998958110585869,0.017739242740447025,221.0,0
3829.964,-1.1945605000000001,-0.255821,21.606848499999998,0.8483255000000001,0.0023935,0.44243299999999997,0.310417,0.132016,-0.44003950000000003,-0.3080235,405.1358095,-0.3000101127514978,0.017364865829217813,222.0,0
3830.964,-1.199023,-0.244401,21.605897,0.847669,0.00237,0.442862,0.31066,0.132202,-0.440492,-0.30829,405.434021,-0.30012417960866394,0.016991258084905758,223.0,0
3831.964,-1.199942,-0.252047,21.605536,0.8480955,0.002366,0.441823,0.310094,0.13172899999999998,-0.43945700000000004,-0.307728,404.916571,-0.29975469671593974,0.01820144019688874,224.0,0
3832.964,-1.200861,-0.259693,21.605175,0.848522,0.002362,0.44078400000000006,0.309528,0.131256,-0.4384220000000001,-0.30716600000000005,404.399121,-0.2993834693137418,0.019417336170598043,225.0,0
3833.964,-1.1913575,-0.265969,21.606648,0.84824,0.002395,0.4414395,0.309946,0.13149349999999999,-0.43904450000000006,-0.307551,404.742234,-0.2994999356555785,0.01903586929807355,226.0,0
3834.964,-1.181854,-0.272245,21.608121,0.847958,0.002428,0.44209499999999996,0.310364,0.131731,-0.439667,-0.307936,405.085347,-0.2996160722002611,0.018655482623372133,227.0,0
3835.964,-1.207774,-0.26665,21.607582,0.851016,0.00241,0.439736,0.30914,0.130596,-0.437326,-0.30673,405.665833,-0.29862459269422054,0.02190291514659759,228.0,0
3836.964,-1.2053675,-0.2691,21.6064005,0.8487845,0.0023715,0.440128,0.3094675,0.1306605,-0.4377565,-0.30709600000000004,405.2210695,-0.29847826012465867,0.022382204070581557,229.0,0
3837.964,-1.202961,-0.27155,21.605219,0.846553,0.002333,0.44052,0.309795,0.130725,-0.43818700000000005,-0.307462,404.776306,-0.298332215086744,0.022860551230649118,230.0,0
3838.964,-1.197916,-0.258595,21.604415,0.847686,0.002448,0.44174,0.309712,0.132028,-0.439292,-0.307264,405.715537,-0.30054792836639044,0.015603336812571311,231.0,0
3839.964,-1.2040945,-0.26655700000000004,21.6074925,0.8526320000000001,0.002412,0.44000100000000003,0.308859,0.131142,-0.437589,-0.306447,405.802504,-0.29969286177865945,0.0184039706427247,232.0,0
3840.964,-1.210273,-0.274519,21.61057,0.857578,0.002376,0.43826200000000004,0.308006,0.130256,-0.43588600000000005,-0.30563,405.889471,-0.2988311137111853,0.021226488590995518,233.0,0
3841.964,-1.183906,-0.281975,21.607829,0.851189,0.002416,0.431176,0.303432,0.127744,-0.42876000000000003,-0.301016,402.843876,-0.29793893539260985,0.024148675959072108,234.0,0
3842.964,-1.1962959999999998,-0.2766775,21.6081355,0.8526775,0.0024795,0.4309555,0.30342,0.1275355,-0.42847599999999997,-0.3009405,401.74144750000005,-0.29764980453935463,0.025095677819028328,235.0,0
3843.964,-1.208686,-0.27138,21.608442,0.854166,0.002543,0.430735,0.303408,0.127327,-0.42819199999999996,-0.300865,400.639019,-0.29736029015089055,0.026043935887210323,236.0,0
3844.964,-1.20459,-0.275656,21.608209,0.849445,0.002432,0.427385,0.301206,0.126179,-0.424953,-0.298774,399.736034,-0.2969252997985655,0.027468677204427028,237.0,0
3845.964,-1.2085205,-0.27364900000000003,21.606312,0.84931,0.0023365,0.4268695,0.301002,0.12586750000000002,-0.42453300000000005,-0.29866550000000003,398.71867,-0.29648530617244406,0.02890980594463144,238.0,0
3846.964,-1.212451,-0.271642,21.604415,0.849175,0.002241,0.426354,0.300798,0.125556,-0.424113,-0.298557,397.701306,-0.2960444410910325,0.030353788997239062,239.0,0
3847.964,-1.202578,-0.285975,21.609171,0.852506,0.002474,0.42735999999999996,0.301444,0.125916,-0.424886,-0.29897,397.753993,-0.29635313084717035,0.029342725079567256,240.0,0
3848.964,-1.209003,-0.2806915,21.6081935,0.852373,0.0023994999999999997,0.426463,0.30103349999999995,0.1254295,-0.4240635,-0.29863399999999996,397.916368,-0.29578069270449525,0.031217654647684667,241.0,0
3849.964,-1.215428,-0.275408,21.607216,0.85224,0.002325,0.425566,0.300623,0.124943,-0.423241,-0.29829799999999995,398.078743,-0.2952060296758341,0.03309987147395277,242.0,0
3850.964,-1.201354,-0.278629,21.603837,0.849532,0.00246,0.42603599999999997,0.300377,0.125659,-0.42357599999999995,-0.297917,397.241992,-0.2966629286430974,0.02832803195481004,243.0,0
3851.964,-1.2106675,-0.2789885,21.6063585,0.8499665,0.0024590000000000002,0.4263355,0.300535,0.12580049999999998,-0.4238765,-0.298076,397.3080935,-0.29678643847073016,0.02792349527124882,244.0,0
3852.964,-1.219981,-0.279348,21.60888,0.850401,0.002458,0.426635,0.300693,0.125942,-0.42417699999999997,-0.298235,397.374195,-0.29690977330164836,0.02751953176143329,245.0,0
3853.964,-1.2131055,-0.277993,21.605898500000002,0.8496885,0.0024465,0.427578,0.3014155,0.1261625,-0.4251315,-0.298969,397.74589249999997,-0.29676181784181566,0.0280041362028991,246.0,0
3854.964,-1.20623,-0.276638,21.602917,0.848976,0.002435,0.42852100000000004,0.302138,0.126383,-0.426086,-0.299703,398.11759,-0.2966145252707793,0.028486569458149202,247.0,0
3855.964,-1.2135859999999998,-0.27392649999999996,21.6027525,0.849367,0.002528,0.42766750000000003,0.3015165,0.126151,-0.4251395,-0.2989885,398.0455235,-0.2967291835484201,0.02811102461067705,248.0,0
3856.964,-1.220942,-0.271215,21.602588,0.849758,0.002621,0.426814,0.300895,0.125919,-0.42419300000000004,-0.29827400000000004,397.973457,-0.2968443535003017,0.027733803856077488,249.0,0
3857.964,-1.2141146666666667,-0.282825,21.60452366666667,0.8508773333333334,0.0025943333333333335,0.42681433333333335,0.30091466666666666,0.12589966666666666,-0.42422000000000004,-0.29832033333333335,397.96109466666667,-0.29677988648944686,0.027944955237875768,250.0,0
3858.964,-1.2072873333333334,-0.294435,21.606459333333333,0.8519966666666666,0.0025676666666666664,0.4268146666666667,0.30093433333333336,0.12588033333333334,-0.424247,-0.29836666666666667,397.94873233333334,-0.29671542768425235,0.02815607974334622,251.0,0
3859.964,-1.20046,-0.306045,21.608395,0.853116,0.002541,0.426815,0.300954,0.125861,-0.424274,-0.298413,397.93637,-0.29665097708315163,0.028367177377619845,252.0,0
3860.964,-1.207722,-0.2982925,21.6087935,0.8517775,0.0025335,0.42619,0.300717,0.125473,-0.4236565,-0.29818350000000005,397.7664825,-0.29616752290481296,0.029950654204585092,253.0,0
3861.964,-1.214984,-0.29054,21.609192,0.850439,0.002526,0.425565,0.30048,0.125085,-0.42303900000000005,-0.29795400000000005,397.596595,-0.2956826573499307,0.03153875376965265,254.0,0
3862.964,-1.2173466666666668,-0.29075,21.608894333333332,0.850054,0.002505,0.42584533333333335,0.30057533333333336,0.12527,-0.4233403333333334,-0.2980703333333334,397.67580399999997,-0.29590919183822584,0.03079677629009825,255.0,0
3863.964,-1.2197093333333333,-0.29096,21.608596666666667,0.849669,0.002484,0.4261256666666666,0.30067066666666664,0.125455,-0.42364166666666664,-0.29818666666666666,397.755013,-0.29613540406098876,0.030055854339744448,256.0,0
3864.964,-1.222072,-0.29117,21.608299,0.849284,0.002463,0.42640599999999995,0.300766,0.12564,-0.42394299999999996,-0.298303,397.834222,-0.2963612947054078,0.02931598566781579,257.0,0
3865.964,-1.21039,-0.300253,21.6059365,0.8481285000000001,0.0024535,0.426709,0.30091999999999997,0.12578899999999998,-0.4242555,-0.29846649999999997,398.0454455,-0.2964942033614258,0.028880664625331787,258.0,0
3866.964,-1.198708,-0.309336,21.603574,0.846973,0.002444,0.427012,0.301074,0.125938,-0.424568,-0.29863,398.256669,-0.29662691636420163,0.028445984413745573,259.0,0
3867.964,-1.204299,-0.3045796666666667,21.605653999999998,0.8475323333333333,0.0025273333333333333,0.42670166666666665,0.3009193333333333,0.12578233333333333,-0.4241743333333333,-0.298392,398.2662476666667,-0.2965352214503505,0.02874631643638481,260.0,0
3868.964,-1.2098900000000001,-0.29982333333333333,21.607734,0.8480916666666667,0.002610666666666667,0.42639133333333334,0.3007646666666667,0.12562666666666666,-0.4237806666666667,-0.29815400000000003,398.2758263333333,-0.2964433561780139,0.029047206440992457,261.0,0
3869.964,-1.215481,-0.295067,21.609814,0.848651,0.002694,0.426081,0.30061,0.125471,-0.423387,-0.297916,398.285405,-0.296351320071991,0.029348655984012484,262.0,0
3870.964,-1.2221215,-0.2883635,21.6082215,0.8468690000000001,0.0026290000000000003,0.4264465,0.300851,0.1255955,-0.4238175,-0.298222,398.24442650000003,-0.2963440545613491,0.029372453001916154,263.0,0
3871.964,-1.228762,-0.28166,21.606629,0.845087,0.002564,0.426812,0.301092,0.12572,-0.424248,-0.298528,398.203448,-0.2963368037959019,0.029396201724293247,264.0,0
3872.964,-1.219538,-0.29013833333333333,21.606815333333333,0.8468353333333334,0.0025703333333333333,0.42642066666666667,0.30094166666666666,0.125479,-0.42385033333333333,-0.2983713333333333,398.2163023333333,-0.29604623655575724,0.030347908239738874,265.0,0
3873.964,-1.210314,-0.2986166666666667,21.60700166666667,0.8485836666666666,0.0025766666666666663,0.4260293333333333,0.30079133333333335,0.125238,-0.42345266666666664,-0.2982146666666667,398.22915666666665,-0.2957551235678215,0.03130140226477529,266.0,0
3874.964,-1.20109,-0.307095,21.607188,0.850332,0.002583,0.42563799999999996,0.300641,0.124997,-0.42305499999999996,-0.298058,398.242011,-0.295463463293102,0.03225668884012711,267.0,0
3875.964,-1.2083659999999998,-0.309755,21.60843,0.8520135,0.002601,0.426568,0.3011395,0.1254285,-0.423967,-0.29853850000000004,398.29436599999997,-0.2958456574347943,0.031004873065463068,268.0,0
3876.964,-1.215642,-0.312415,21.609672,0.853695,0.002619,0.42749800000000004,0.301638,0.12586,-0.42487900000000006,-0.29901900000000003,398.346721,-0.29622621081816425,0.02975843133222511,269.0,0
3877.964,-1.2167439999999998,-0.307928,21.610016666666667,0.853677,0.0026019999999999997,0.42735833333333334,0.30150166666666667,0.12585666666666667,-0.42475633333333335,-0.2988996666666667,398.19169933333336,-0.2963039114282261,0.02950393541309415,270.0,0
3878.964,-1.217846,-0.303441,21.610361333333334,0.853659,0.002585,0.4272186666666667,0.3013653333333334,0.12585333333333332,-0.4246336666666667,-0.29878033333333337,398.03667766666666,-0.2963816569301466,0.02924929245786112,271.0,0
3879.964,-1.218948,-0.298954,21.610706,0.853641,0.002568,0.427079,0.301229,0.12585,-0.42451099999999997,-0.298661,397.881656,-0.2964594473628418,0.028994502339062866,272.0,0
3880.964,-1.2213115,-0.3039965,21.609472,0.8546389999999999,0.0025954999999999997,0.4270435,0.301245,0.12579849999999998,-0.424448,-0.2986495,397.9835365,-0.2963821160239088,0.029247788769680594,273.0,0
3881.964,-1.223675,-0.309039,21.608238,0.855637,0.002623,0.427008,0.301261,0.125747,-0.424385,-0.298638,398.085417,-0.29630476172522996,0.02950115040127299,274.0,0
3882.964,-1.222729,-0.309587,21.606617,0.8564766666666667,0.002614,0.42703399999999997,0.3013033333333333,0.12573066666666666,-0.42442,-0.29868933333333336,398.0732326666667,-0.2962418427701556,0.029707231373992116,275.0,0
3883.964,-1.221783,-0.310135,21.604996,0.8573163333333333,0.0026049999999999997,0.42706,0.3013456666666667,0.12571433333333334,-0.42445499999999997,-0.29874066666666665,398.0610483333333,-0.29617893419153385,0.029913278360300444,276.0,0
3884.964,-1.220837,-0.310683,21.603375,0.858156,0.002596,0.42708599999999997,0.301388,0.125698,-0.42449,-0.298792,398.048864,-0.2961160359867982,0.03011929136860425,277.0,0
3885.964,-1.219026,-0.30991349999999995,21.605517499999998,0.8568705000000001,0.0025399999999999997,0.426447,0.300901,0.125546,-0.42390700000000003,-0.298361,397.7501785,-0.29616471576245684,0.029959848550337176,278.0,0
3886.964,-1.217215,-0.309144,21.60766,0.855585,0.002484,0.425808,0.300414,0.125394,-0.42332400000000003,-0.29793000000000003,397.451493,-0.29621352962158914,0.029799966563100355,279.0,0
3887.964,-1.2274370000000001,-0.304189,21.606561499999998,0.857237,0.0025085000000000003,0.42628,0.300748,0.125532,-0.4237715,-0.2982395,397.56928200000004,-0.2962263772490062,0.02975788621462494,280.0,0
3888.964,-1.237659,-0.299234,21.605463,0.858889,0.002533,0.426752,0.301082,0.12567,-0.424219,-0.298549,397.687071,-0.29623919777095736,0.029715894645767182,281.0,0
3889.964,-1.231379,-0.305125,21.6029785,0.8603350000000001,0.002533,0.4269045,0.301056,0.1258485,-0.4243715,-0.298523,397.9784705,-0.2965533655143324,0.02868688845716849,282.0,0
3890.964,-1.225099,-0.311016,21.600494,0.861781,0.002533,0.427057,0.30103,0.126027,-0.424524,-0.298497,398.26987,-0.2968673075428186,0.027658621561582608,283.0,0
3891.964,-1.223262,-0.311716,21.599619,0.859155,0.002372,0.426075,0.300379,0.125696,-0.423703,-0.298007,397.477782,-0.29666133272913503,0.02833325911570861,284.0,0
3892.964,-1.2284074999999999,-0.3154535,21.603111,0.8601635000000001,0.002417,0.4261495,0.30072,0.1254295,-0.4237325,-0.298303,397.5518005,-0.2960117432855476,0.030460885428706286,285.0,0
3893.964,-1.233553,-0.319191,21.606603,0.861172,0.002462,0.42622400000000005,0.301061,0.125163,-0.423762,-0.298599,397.625819,-0.2953622442839242,0.03258821551351776,286.0,0
3894.964,-1.23572,-0.312997,21.605411,0.865974,0.002446,0.427034,0.301283,0.125751,-0.424588,-0.298837,398.322534,-0.2961725158801376,0.02993430051259438,287.0,0
3895.964,-1.2441475,-0.316601,21.605227499999998,0.8653215000000001,0.002479,0.426273,0.300852,0.125421,-0.423794,-0.298373,398.2514115,-0.2959487296864271,0.030667276392858933,288.0,0
3896.964,-1.252575,-0.320205,21.605044,0.864669,0.002512,0.425512,0.300421,0.125091,-0.423,-0.297909,398.180289,-0.29572410336667465,0.0314030039715858,289.0,0
3897.964,-1.2382646666666666,-0.3271836666666667,21.604701,0.8656893333333333,0.0024259999999999998,0.42585666666666666,0.300629,0.12522766666666668,-0.4234306666666667,-0.298203,398.09163533333333,-0.29574608612685777,0.03133100295700708,290.0,0
3898.964,-1.2239543333333334,-0.33416233333333334,21.604358,0.8667096666666667,0.00234,0.4262013333333333,0.300837,0.12536433333333333,-0.4238613333333333,-0.298497,398.0029816666667,-0.29576802421552373,0.031259148256837066,291.0,0
3899.964,-1.209644,-0.341141,21.604015,0.86773,0.002254,0.426546,0.301045,0.125501,-0.424292,-0.29879100000000003,397.914328,-0.2957899177687011,0.031187439425535923,292.0,0
3900.964,-1.2247395,-0.336251,21.6049285,0.8703704999999999,0.0022855,0.42624850000000003,0.3009225,0.125326,-0.423963,-0.29863700000000004,398.1484335,-0.2956066817309099,0.0317875997565612,293.0,0
3901.964,-1.239835,-0.331361,21.605842,0.873011,0.002317,0.425951,0.3008,0.125151,-0.423634,-0.298483,398.382539,-0.29542316108518457,0.03238869227534846,294.0,0
3902.964,-1.2388603333333335,-0.3307486666666667,21.604539666666668,0.8715973333333333,0.0023250000000000002,0.4262036666666667,0.3008456666666667,0.125358,-0.4238786666666667,-0.29852066666666666,398.360852,-0.29574098816246513,0.031347700523895794,295.0,0
3903.964,-1.2378856666666667,-0.3301363333333333,21.603237333333333,0.8701836666666667,0.002333,0.4264563333333333,0.30089133333333334,0.125565,-0.42412333333333335,-0.29855833333333337,398.339165,-0.2960584485451131,0.030307909822055112,296.0,0
3904.964,-1.236911,-0.329524,21.601935,0.86877,0.002341,0.426709,0.300937,0.125772,-0.424368,-0.29859600000000003,398.317478,-0.29637554286737655,0.02926931809244815,297.0,0
3905.964,-1.2315800000000001,-0.33784899999999995,21.602119000000002,0.8715280000000001,0.0022495,0.426496,0.30104549999999997,0.1254505,-0.42424649999999997,-0.298796,398.50897599999996,-0.29570260615610544,0.03147341464607356,298.0,0
3906.964,-1.226249,-0.346174,21.602303,0.874286,0.002158,0.42628299999999997,0.301154,0.125129,-0.424125,-0.298996,398.700474,-0.29502928388867405,0.03367877402722763,299.0,0
3907.964,-1.2317923333333334,-0.34384333333333333,21.602870333333332,0.8743156666666667,0.002257666666666667,0.425786,0.3008456666666667,0.12494033333333332,-0.42352833333333334,-0.298588,398.52977166666665,-0.29499945694177937,0.033776467420610135,300.0,0
3908.964,-1.2373356666666666,-0.34151266666666663,21.603437666666668,0.8743453333333333,0.0023573333333333332,0.425289,0.3005373333333333,0.12475166666666666,-0.42293166666666665,-0.29818,398.35906933333337,-0.294969545835724,0.033874436463861235,301.0,0
3909.964,-1.242879,-0.339182,21.604005,0.874375,0.002457,0.424792,0.300229,0.124563,-0.422335,-0.29777200000000004,398.188367,-0.29493955021381174,0.03397268232528228,302.0,0
3910.964,-1.2406565,-0.338975,21.6023925,0.874698,0.002506,0.42506600000000005,0.30031,0.124756,-0.42256000000000005,-0.29780400000000007,398.08878200000004,-0.29523924469719026,0.03299108098463399,303.0,0
3911.964,-1.238434,-0.338768,21.60078,0.875021,0.002555,0.42534000000000005,0.300391,0.124949,-0.4227850000000001,-0.29783600000000005,397.989197,-0.29553862019376326,0.03201052443424157,304.0,0
3912.964,-1.238009,-0.34060266666666666,21.60182,0.875733,0.002495,0.425225,0.3003616666666667,0.12486333333333334,-0.42273000000000005,-0.29786666666666667,398.152359,-0.2953744203339097,0.03254833480949271,305.0,0
3913.964,-1.237584,-0.34243733333333337,21.60286,0.876445,0.002435,0.42511000000000004,0.3003323333333333,0.12477766666666666,-0.422675,-0.29789733333333335,398.315521,-0.2952101777413958,0.03308628514873735,306.0,0
3914.964,-1.237159,-0.344272,21.6039,0.877157,0.002375,0.424995,0.300303,0.124692,-0.42262,-0.29792799999999997,398.478683,-0.2950458923995372,0.03362437550662212,307.0,0
3915.964,-1.2379015,-0.343201,21.6026815,0.8791095,0.002401,0.4252515,0.3005485,0.12470300000000001,-0.4228505,-0.2981475,398.2669565,-0.2949110735616336,0.034065953044316255,308.0,0
3916.964,-1.238644,-0.34213,21.601463,0.881062,0.002427,0.425508,0.300794,0.124714,-0.423081,-0.298367,398.05523,-0.29477640162616997,0.03450704942656713,309.0,0
3917.964,-1.2384636666666666,-0.34415633333333334,21.602450333333334,0.8820873333333333,0.0023846666666666664,0.42578866666666665,0.300924,0.12486466666666667,-0.423404,-0.2985393333333333,398.39872233333335,-0.2949073735109733,0.034078071968387524,310.0,0
3918.964,-1.2382833333333334,-0.34618266666666664,21.603437666666665,0.8831126666666667,0.0023423333333333334,0.42606933333333336,0.301054,0.12501533333333334,-0.42372699999999996,-0.29871166666666665,398.74221466666665,-0.2950381457199543,0.03364974851642344,311.0,0
3919.964,-1.238103,-0.348209,21.604425,0.884138,0.0023,0.42635,0.301184,0.125166,-0.42405,-0.298884,399.085707,-0.29516871870939443,0.033222077576197884,312.0,0
3920.964,-1.2447810000000001,-0.342806,21.603049,0.8830205,0.0022395,0.4257975,0.30080450000000003,0.12499299999999999,-0.423558,-0.29856499999999997,399.04496800000004,-0.2951031384205667,0.03343687532191453,313.0,0
3921.964,-1.251459,-0.337403,21.601673,0.881903,0.002179,0.425245,0.300425,0.12482,-0.423066,-0.298246,399.004229,-0.2950374055996123,0.033652172662212654,314.0,0
3922.964,-1.2486866666666667,-0.34084733333333334,21.600876,0.8830503333333334,0.002268333333333333,0.425591,0.300674,0.124917,-0.4233226666666667,-0.2984056666666667,399.22493233333336,-0.29508765989613883,0.03348757275270586,315.0,0
3923.964,-1.2459143333333333,-0.34429166666666666,21.600079,0.8841976666666667,0.0023576666666666668,0.42593699999999995,0.300923,0.12501400000000001,-0.4235793333333333,-0.29856533333333335,399.44563566666665,-0.2951378532896315,0.03332317232134441,316.0,0
3924.964,-1.243142,-0.347736,21.599282,0.885345,0.002447,0.42628299999999997,0.301172,0.125111,-0.423836,-0.298725,399.666339,-0.2951879858907357,0.033158971005726845,317.0,0
3925.964,-1.2474585,-0.3456945,21.5996895,0.8861715,0.002391,0.42578499999999997,0.30088550000000003,0.1248995,-0.423394,-0.2984945,399.290004,-0.29499661071392286,0.03378578978466651,318.0,0
3926.964,-1.251775,-0.343653,21.600097,0.886998,0.002335,0.42528699999999997,0.300599,0.124688,-0.422952,-0.29826400000000003,398.913669,-0.2948048355483258,0.0344139186628859,319.0,0
3927.964,-1.2528816666666667,-0.34294233333333335,21.600153666666667,0.8867486666666666,0.0023336666666666666,0.42507066666666665,0.300532,0.12453866666666666,-0.422737,-0.29819833333333334,399.0397926666667,-0.29460151647048427,0.03507985777907763,320.0,0
3928.964,-1.2539883333333335,-0.34223166666666666,21.600210333333333,0.8864993333333333,0.0023323333333333334,0.42485433333333333,0.300465,0.12438933333333334,-0.422522,-0.29813266666666666,399.1659163333333,-0.2943979904746352,0.03574647462210401,321.0,0
3929.964,-1.255095,-0.341521,21.600267,0.88625,0.002331,0.424638,0.300398,0.12424,-0.422307,-0.29806699999999997,399.29204,-0.29419425724474674,0.036413770227076925,322.0,0
3930.964,-1.2492845,-0.34285350000000003,21.5995465,0.8866425,0.0023255000000000003,0.42436799999999997,0.3001385,0.12422949999999999,-0.4220425,-0.297813,399.244856,-0.2943537543108912,0.03589136310035268,323.0,0
3931.964,-1.243474,-0.344186,21.598826,0.887035,0.00232,0.424098,0.299879,0.124219,-0.421778,-0.297559,399.197672,-0.2945134514210115,0.03536830076158515,324.0,0
3932.964,-1.245137,-0.346142,21.599441499999998,0.887043,0.0023214999999999998,0.4247225,0.30035900000000004,0.12436349999999999,-0.422401,-0.2980375,399.271259,-0.2944211647727271,0.03567057091570558,325.0,0
3933.964,-1.2468,-0.348098,21.600057,0.887051,0.002323,0.42534700000000003,0.300839,0.124508,-0.423024,-0.298516,399.344846,-0.2943291499516575,0.03597195074326609,326.0,0
3934.964,-1.254036,-0.345865,21.5998085,0.8891065,0.002295,0.4250045,0.30062,0.1243845,-0.42270949999999996,-0.29832499999999995,399.365536,-0.29425597072214066,0.036211637603669855,327.0,0
3935.964,-1.261272,-0.343632,21.59956,0.891162,0.002267,0.424662,0.300401,0.124261,-0.42239499999999996,-0.29813399999999995,399.386226,-0.29418268251916463,0.036451681389207624,328.0,0
3936.964,-1.259042,-0.34528,21.599747,0.89183,0.0023066666666666665,0.424694,0.3003653333333333,0.12432866666666667,-0.42238733333333334,-0.29805866666666664,399.4481776666667,-0.2943482230722428,0.035909479787758936,329.0,0
3937.964,-1.256812,-0.346928,21.599934,0.892498,0.0023463333333333335,0.424726,0.30032966666666666,0.12439633333333333,-0.42237966666666665,-0.2979833333333333,399.51012933333334,-0.29451376963483,0.03536725850312461,330.0,0
3938.964,-1.254582,-0.348576,21.600121,0.893166,0.002386,0.424758,0.300294,0.124464,-0.422372,-0.297908,399.572081,-0.29467932220725385,0.03482501753423173,331.0,0
3939.964,-1.2502635,-0.346272,21.599242500000003,0.8927350000000001,0.00235,0.42482,0.3004075,0.12441250000000001,-0.42247,-0.2980575,399.198538,-0.29448906310285483,0.03544818079650891,332.0,0
3940.964,-1.245945,-0.343968,21.598364,0.892304,0.002314,0.424882,0.300521,0.124361,-0.422568,-0.298207,398.824995,-0.29429889224667327,0.03607105501586605,333.0,0
3941.964,-1.2488686666666666,-0.340939,21.598119,0.8927066666666666,0.002354,0.4247993333333333,0.300491,0.12430833333333333,-0.42244533333333334,-0.298137,398.87907966666666,-0.294259677606438,0.03619949629711361,334.0,0
3942.964,-1.2517923333333334,-0.33791,21.597874,0.8931093333333333,0.002394,0.4247166666666667,0.300461,0.12425566666666667,-0.4223226666666667,-0.298067,398.93316433333337,-0.2942204401857984,0.0363280121919316,335.0,0
3943.964,-1.254716,-0.334881,21.597629,0.893512,0.002434,0.424634,0.300431,0.124203,-0.4222,-0.297997,398.987249,-0.29418117996489807,0.03645660276535645,336.0,0
3944.964,-1.2509495,-0.346662,21.598875,0.8953599999999999,0.0025025,0.42453850000000004,0.300304,0.1242345,-0.422036,-0.29780150000000005,399.476665,-0.294370135178362,0.035837710189264516,337.0,0
3945.964,-1.247183,-0.358443,21.600121,0.897208,0.002571,0.424443,0.300177,0.124266,-0.421872,-0.29760600000000004,399.966081,-0.2945592373023981,0.03521833643109362,338.0,0
3946.964,-1.2470503333333334,-0.35706733333333335,21.600358333333336,0.897937,0.002498,0.42460966666666666,0.30031833333333335,0.12429133333333334,-0.42211166666666666,-0.29782033333333335,399.801429,-0.2944520078462835,0.03556954936198409,339.0,0
3947.964,-1.2469176666666666,-0.3556916666666667,21.600595666666667,0.898666,0.002425,0.42477633333333337,0.3004596666666667,0.12431666666666666,-0.42235133333333336,-0.29803466666666667,399.636777,-0.2943449000868947,0.03592036369471607,340.0,0
3948.964,-1.246785,-0.354316,21.600833,0.899395,0.002352,0.424943,0.300601,0.124342,-0.422591,-0.298249,399.472125,-0.29423791381717507,0.0362707801074702,341.0,0
3949.964,-1.249398,-0.347221,21.599821,0.900847,0.0023565,0.42521450000000005,0.3006995,0.12451499999999999,-0.422858,-0.298343,399.331701,-0.2944612481288001,0.035539284294692886,342.0,0
3950.964,-1.252011,-0.340126,21.598809,0.902299,0.002361,0.42548600000000003,0.300798,0.124688,-0.42312500000000003,-0.298437,399.191277,-0.29468430058328055,0.03480871165990618,343.0,0
3951.964,-1.250549,-0.3443133333333333,21.59920333333333,0.9011033333333333,0.0023956666666666666,0.42534333333333335,0.3007633333333333,0.12458,-0.4229476666666667,-0.2983676666666667,399.367907,-0.2945525046499165,0.035240388157330105,344.0,0
3952.964,-1.249087,-0.3485006666666667,21.599597666666668,0.8999076666666667,0.0024303333333333334,0.4252006666666667,0.3007286666666667,0.124472,-0.42277033333333336,-0.29829833333333333,399.544537,-0.2944205981512377,0.03567242679375626,345.0,0
3953.964,-1.247625,-0.352688,21.599992,0.898712,0.002465,0.42505800000000005,0.300694,0.124364,-0.42259300000000005,-0.298229,399.721167,-0.29428858094805393,0.03610482802508008,346.0,0
3954.964,-1.245803,-0.352259,21.600844000000002,0.9013979999999999,0.0023805,0.424527,0.30037,0.124157,-0.4221465,-0.2979895,399.22434599999997,-0.2941094954227866,0.03669139401625687,347.0,0
3955.964,-1.243981,-0.35183,21.601696,0.904084,0.002296,0.423996,0.300046,0.12395,-0.42169999999999996,-0.29774999999999996,398.727525,-0.2939300306616805,0.037279202133760125,348.0,0
3956.964,-1.240173,-0.351867,21.602090500000003,0.9055770000000001,0.002271,0.4245365,0.30030999999999997,0.1242265,-0.42226549999999996,-0.29803899999999994,399.058581,-0.2941912000653619,0.036423783529120124,349.0,0
3957.964,-1.236365,-0.351904,21.602485,0.90707,0.002246,0.42507700000000004,0.300574,0.124503,-0.422831,-0.298328,399.389637,-0.29445167088427976,0.03557065302712625,350.0,0
3958.964,-1.2404145,-0.347798,21.599051000000003,0.9048445,0.002267,0.424343,0.300168,0.12417500000000001,-0.422076,-0.29790099999999997,399.5628355,-0.2942012675472369,0.03639080910265069,351.0,0
3959.964,-1.244464,-0.343692,21.595617,0.902619,0.002288,0.42360899999999996,0.299762,0.123847,-0.42132099999999995,-0.29747399999999996,399.736034,-0.29394996677110036,0.03721390459637064,352.0,0
3960.964,-1.23688,-0.354305,21.593732,0.902332,0.002175,0.42519,0.300707,0.124483,-0.42301500000000003,-0.298532,399.456385,-0.2942763123679122,0.03614501179683072,353.0,0
3961.964,-1.2489355,-0.345369,21.596992,0.9051865,0.0023049999999999998,0.42496449999999997,0.300628,0.12433649999999999,-0.42265949999999997,-0.298323,399.7516945,-0.29417721399191066,0.03646959267547267,354.0,0
3962.964,-1.260991,-0.336433,21.600252,0.908041,0.002435,0.424739,0.300549,0.12419,-0.42230399999999996,-0.298114,400.047004,-0.2940779487713797,0.03679472002668205,355.0,0
3963.964,-1.228912,-0.356056,21.597235,0.9082,0.002515,0.424082,0.300175,0.123907,-0.421567,-0.29766000000000004,400.267873,-0.2939207621107964,0.037309559789567404,356.0,0
3964.964,-1.2319225,-0.3537215,21.596426,0.905322,0.002454,0.4227995,0.2992775,0.12352199999999999,-0.42034550000000004,-0.2968235,399.90614949999997,-0.29385896568172065,0.03751196410793911,357.0,0
3965.964,-1.234933,-0.351387,21.595617,0.902444,0.002393,0.421517,0.29838,0.123137,-0.419124,-0.295987,399.544426,-0.29379680905128086,0.0377155482082604,358.0,0
3966.964,-1.234954,-0.356581,21.602926,0.907499,0.002206,0.42350200000000005,0.299951,0.123551,-0.42129600000000006,-0.29774500000000004,398.742401,-0.2932648144411873,0.03945801145482586,359.0,0
3967.964,-1.2454710000000002,-0.3533895,21.602935000000002,0.9081379999999999,0.0023035,0.4243505,0.30038050000000005,0.12397,-0.42204700000000006,-0.29807700000000004,399.324155,-0.29373575392255813,0.03791552451590563,360.0,0
3968.964,-1.255988,-0.350198,21.602944,0.908777,0.002401,0.425199,0.30081,0.124389,-0.422798,-0.29840900000000004,399.905909,-0.2942050203762088,0.036378517311662306,361.0,0
3969.964,-1.2471953333333334,-0.35727833333333336,21.600769666666668,0.9081363333333333,0.0024146666666666665,0.4248903333333333,0.30057933333333337,0.124311,-0.4224756666666667,-0.2981646666666667,399.856906,-0.2942448620193399,0.03624802238272595,362.0,0
3970.964,-1.2384026666666668,-0.36435866666666666,21.598595333333332,0.9074956666666666,0.0024283333333333336,0.4245816666666667,0.30034866666666665,0.124233,-0.4221533333333333,-0.29792033333333334,399.807903,-0.29428476450444035,0.036117328175651386,363.0,0
3971.964,-1.22961,-0.371439,21.596421,0.906855,0.002442,0.424273,0.300118,0.124155,-0.421831,-0.297676,399.7589,-0.2943247279709836,0.03598643423361558,364.0,0
3972.964,-1.2334705000000001,-0.3624045,21.596840999999998,0.9080895,0.0023915000000000004,0.42406750000000004,0.300161,0.1239065,-0.42167600000000005,-0.2977695,399.8711575,-0.29384359992885517,0.03756229217351703,365.0,0
3973.964,-1.237331,-0.35337,21.597261,0.909324,0.002341,0.423862,0.300204,0.123658,-0.42152100000000003,-0.29786300000000004,399.983415,-0.29336211804896556,0.039139309052404814,366.0,0
3974.964,-1.2385856666666666,-0.3529616666666667,21.597934666666667,0.9105516666666666,0.0023433333333333336,0.42397033333333334,0.300188,0.12378233333333334,-0.42162700000000003,-0.2978446666666667,400.049902,-0.29358325466962026,0.03841501142485415,367.0,0
3975.964,-1.2398403333333334,-0.35255333333333333,21.59860833333333,0.9117793333333334,0.0023456666666666665,0.42407866666666666,0.300172,0.12390666666666666,-0.42173299999999997,-0.2978263333333333,400.116389,-0.2938042801273479,0.03769107789368942,368.0,0
3976.964,-1.241095,-0.352145,21.599282,0.913007,0.002348,0.424187,0.300156,0.124031,-0.42183899999999996,-0.29780799999999996,400.182876,-0.2940251945059478,0.03696750818443906,369.0,0
3977.964,-1.2370855,-0.35341449999999996,21.598298,0.912741,0.0023499999999999997,0.4245375,0.30027550000000003,0.12426200000000001,-0.4221875,-0.29792549999999995,400.1774795,-0.29432963867864076,0.03597034999620996,370.0,0
3978.964,-1.233076,-0.354684,21.597314,0.912475,0.002352,0.42488800000000004,0.300395,0.124493,-0.422536,-0.298043,400.172083,-0.2946335806501237,0.03497483668771151,371.0,0
3979.964,-1.2368226666666666,-0.36011133333333334,21.59785666666667,0.9118446666666666,0.002345,0.4251573333333334,0.3006276666666667,0.12452966666666668,-0.42281233333333335,-0.29828266666666664,400.29911933333335,-0.2945277405052214,0.0353214991519627,372.0,0
3980.964,-1.2405693333333334,-0.3655386666666667,21.598399333333333,0.9112143333333333,0.0023380000000000002,0.4254266666666667,0.30086033333333334,0.12456633333333333,-0.42308866666666667,-0.29852233333333333,400.42615566666666,-0.29442203861611027,0.03566770878148551,373.0,0
3981.964,-1.244316,-0.370966,21.598942,0.910584,0.002331,0.425696,0.301093,0.124603,-0.423365,-0.29876199999999997,400.553192,-0.2943164747120681,0.03601346646298731,374.0,0
3982.964,-1.244306,-0.36179150000000004,21.6017095,0.9127665,0.0022905,0.425229,0.300855,0.12437400000000001,-0.4229385,-0.2985645,400.72904400000004,-0.29407181912221075,0.03681479671202548,375.0,0
3983.964,-1.244296,-0.352617,21.604477,0.914949,0.00225,0.42476200000000003,0.300617,0.124145,-0.42251200000000005,-0.29836700000000005,400.904896,-0.29382666960150144,0.03761774475255919,376.0,0
3984.964,-1.2414666666666667,-0.3603616666666667,21.603787333333333,0.915,0.0022663333333333333,0.42464033333333334,0.3005276666666667,0.12411266666666668,-0.422374,-0.2982613333333334,400.626036,-0.2938461186360554,0.037554042550979494,377.0,0
3985.964,-1.2386373333333334,-0.3681063333333333,21.603097666666667,0.915051,0.0022826666666666664,0.42451866666666666,0.3004383333333333,0.12408033333333333,-0.422236,-0.29815566666666665,400.347176,-0.29386558038375155,0.03749029870953635,378.0,0
3986.964,-1.235808,-0.375851,21.602408,0.915102,0.002299,0.42439699999999997,0.300349,0.124048,-0.422098,-0.29805,400.068316,-0.2938850548570589,0.03742651318738921,379.0,0
3987.964,-1.2417505,-0.362283,21.6023085,0.913987,0.0023829999999999997,0.42474249999999997,0.300575,0.1241675,-0.4223595,-0.298192,400.2883885,-0.29398603319218153,0.037095774803367565,380.0,0
3988.964,-1.247693,-0.348715,21.602209,0.912872,0.002467,0.42508799999999997,0.300801,0.124287,-0.42262099999999997,-0.298334,400.508461,-0.2940868865647626,0.036765445714161626,381.0,0
3989.964,-1.2437464999999999,-0.3603245,21.6038955,0.916223,0.0024565,0.424173,0.30014050000000003,0.12403249999999999,-0.4217165,-0.297684,400.55757800000003,-0.29411415990163975,0.036676116261911584,382.0,0
3990.964,-1.2398,-0.371934,21.605582,0.919574,0.002446,0.423258,0.29948,0.123778,-0.420812,-0.297034,400.606695,-0.29414155048228297,0.036586402796460304,383.0,0
3991.964,-1.2380775000000002,-0.366666,21.6028095,0.919798,0.0024609999999999996,0.4237365,0.299836,0.1239005,-0.4212755,-0.29737500000000006,400.9043615,-0.2941087105913128,0.03669396460620611,384.0,0
3992.964,-1.236355,-0.361398,21.600037,0.920022,0.002476,0.424215,0.300192,0.124023,-0.42173900000000003,-0.29771600000000004,401.202028,-0.29407594288397054,0.03680128999002552,385.0,0
3993.964,-1.242453,-0.378147,21.597891,0.917049,0.002498,0.423906,0.300083,0.123823,-0.421408,-0.297585,401.290884,-0.2938323283666384,0.037599210372539105,386.0,0
3994.964,-1.237703,-0.37788900000000003,21.599302,0.9180980000000001,0.002456,0.4236415,0.2999675,0.123674,-0.4211855,-0.2975115,400.666761,-0.293633787568156,0.03824949899903196,387.0,0
3995.964,-1.232953,-0.377631,21.600713,0.919147,0.002414,0.423377,0.299852,0.123525,-0.420963,-0.297438,400.042638,-0.2934350368916909,0.038900475047284555,388.0,0
3996.964,-1.237616,-0.3738513333333333,21.598337,0.918184,0.0024406666666666665,0.423694,0.30007433333333333,0.12361966666666667,-0.4212533333333333,-0.29763366666666663,400.42224400000003,-0.29345752387523866,0.038826822529731464,389.0,0
3997.964,-1.242279,-0.3700716666666667,21.595961,0.9172210000000001,0.0024673333333333335,0.42401099999999997,0.30029666666666666,0.12371433333333333,-0.42154366666666665,-0.29782933333333333,400.80185,-0.2934799798834123,0.03875327146706142,390.0,0
3998.964,-1.246942,-0.366292,21.593585,0.916258,0.002494,0.424328,0.300519,0.123809,-0.421834,-0.298025,401.181456,-0.2935024049801699,0.03867982164979,391.0,0
3999.964,-1.242776,-0.3762475,21.5940385,0.9183195,0.002509,0.42444550000000003,0.3005775,0.123868,-0.4219365,-0.29806849999999996,401.0373225,-0.2935709367901018,0.038455356668827045,392.0,0
4000.964,-1.23861,-0.386203,21.594492,0.920381,0.002524,0.424563,0.300636,0.123927,-0.422039,-0.298112,400.893189,-0.29363943531151226,0.03823100071909147,393.0,0
4001.964,-1.2415976666666666,-0.386762,21.596657999999998,0.9219306666666667,0.0024673333333333335,0.4237416666666667,0.30015166666666665,0.12358999999999999,-0.4212743333333333,-0.29768433333333333,400.742123,-0.29337247392824933,0.03910539002635549,394.0,0
4002.964,-1.2445853333333334,-0.387321,21.598824,0.9234803333333333,0.002410666666666667,0.42292033333333334,0.29966733333333334,0.123253,-0.42050966666666667,-0.2972566666666666,400.59105700000003,-0.2931045416424235,0.03998295936965701,395.0,0
4003.964,-1.247573,-0.38788,21.60099,0.92503,0.002354,0.422099,0.299183,0.122916,-0.419745,-0.29682899999999995,400.439991,-0.2928356331478235,0.0408637261286422,396.0,0
4004.964,-1.2368554999999999,-0.38885400000000003,21.5969345,0.9226665000000001,0.0023815,0.42275799999999997,0.2994865,0.1232715,-0.4203765,-0.29710499999999995,400.39720850000003,-0.29324139965340507,0.03953470284673577,397.0,0
4005.964,-1.226138,-0.389828,21.592879,0.920303,0.002409,0.423417,0.29979,0.123627,-0.421008,-0.297381,400.354426,-0.2936459488797098,0.03820966656838232,398.0,0
4006.964,-1.2388253333333332,-0.38369333333333333,21.593718,0.9217856666666666,0.0023753333333333335,0.42367066666666664,0.299987,0.12368366666666666,-0.42129533333333335,-0.29761166666666666,400.6437746666667,-0.2935801810768876,0.0384250784861927,399.0,0
4007.964,-1.2515126666666667,-0.37755866666666665,21.594557000000002,0.9232683333333334,0.002341666666666667,0.42392433333333335,0.300184,0.12374033333333334,-0.42158266666666666,-0.2978423333333334,400.9331233333333,-0.2935145029235142,0.03864019677157393,400.0,0
4008.964,-1.2642,-0.371424,21.595396,0.924751,0.002308,0.424178,0.300381,0.123797,-0.42187,-0.29807300000000003,401.222472,-0.29344891423640984,0.038855022024502306,401.0,0
4009.964,-1.257303,-0.381285,21.596831333333334,0.924878,0.002294,0.424151,0.3004486666666667,0.12370233333333333,-0.42185700000000004,-0.2981546666666667,400.95763066666666,-0.2932335520493564,0.039560406418480465,402.0,0
4010.964,-1.250406,-0.391146,21.598266666666667,0.925005,0.00228,0.424124,0.30051633333333333,0.12360766666666667,-0.421844,-0.2982363333333334,400.69278933333334,-0.29301817658860446,0.04026583428833497,403.0,0
4011.964,-1.243509,-0.401007,21.599702,0.925132,0.002266,0.424097,0.300584,0.123513,-0.421831,-0.298318,400.427948,-0.29280278785292646,0.040971305638086264,404.0,0
4012.964,-1.249454,-0.397411,21.598114000000002,0.9266829999999999,0.00225,0.4240505,0.30056950000000004,0.12348100000000001,-0.4218005,-0.2983195,400.96789950000004,-0.2927480947701454,0.04115044408193358,405.0,0
4013.964,-1.255399,-0.393815,21.596526,0.928234,0.002234,0.42400400000000005,0.300555,0.123449,-0.42177000000000003,-0.298321,401.507851,-0.2926933937771624,0.04132960843438205,406.0,0
4014.964,-1.2584856666666666,-0.3916986666666667,21.597112333333335,0.928862,0.002247,0.4241723333333334,0.3006493333333333,0.12352300000000001,-0.4219253333333334,-0.2984023333333333,401.47778800000003,-0.2927610242910854,0.041108095504323594,407.0,0
4015.964,-1.2615723333333333,-0.3895823333333333,21.597698666666666,0.92949,0.00226,0.4243406666666667,0.3007436666666667,0.123597,-0.42208066666666666,-0.29848366666666665,401.447725,-0.29282860502638125,0.04088674561619565,408.0,0
4016.964,-1.264659,-0.387466,21.598285,0.930118,0.002273,0.424509,0.300838,0.123671,-0.422236,-0.29856499999999997,401.417662,-0.29289613603798836,0.04066555859005627,409.0,0
4017.964,-1.2613155,-0.38417999999999997,21.5944115,0.9292815,0.002306,0.424338,0.3007395,0.1235985,-0.42203199999999996,-0.2984335,401.6165205,-0.2928659269105824,0.0407645037545693,410.0,0
4018.964,-1.257972,-0.380894,21.590538,0.928445,0.002339,0.42416699999999996,0.300641,0.123526,-0.421828,-0.298302,401.815379,-0.29283568856426917,0.040863544620938996,411.0,0
4019.964,-1.2573670000000001,-0.3832946666666667,21.589516666666665,0.927918,0.002376333333333333,0.4244246666666667,0.30080033333333334,0.12362433333333334,-0.42204833333333336,-0.298424,401.69725933333336,-0.2929158024929273,0.040601144262784605,412.0,0
4020.964,-1.256762,-0.38569533333333333,21.588495333333334,0.927391,0.002413666666666667,0.42468233333333333,0.3009596666666667,0.12372266666666666,-0.4222686666666667,-0.29854600000000003,401.57913966666666,-0.29299583281694147,0.04033901773826798,413.0,0
4021.964,-1.256157,-0.388096,21.587474,0.926864,0.002451,0.42494000000000004,0.301119,0.123821,-0.42248900000000006,-0.29866800000000004,401.46102,-0.2930757796671148,0.04007716461896449,414.0,0
4022.964,-1.259218,-0.383602,21.5913435,0.926262,0.002395,0.42426200000000003,0.300673,0.123589,-0.42186700000000005,-0.29827800000000004,401.2363375,-0.2929579534733778,0.040463085468864235,415.0,0
4023.964,-1.262279,-0.379108,21.595213,0.92566,0.002339,0.423584,0.300227,0.123357,-0.42124500000000004,-0.29788800000000004,401.011655,-0.29283977932029887,0.040850146003928334,416.0,0
4024.964,-1.2592676666666667,-0.382207,21.594582666666668,0.9266583333333334,0.002404,0.423729,0.300356,0.123373,-0.421325,-0.29795200000000005,401.0890086666667,-0.2928221511236008,0.040907884342375245,417.0,0
4025.964,-1.2562563333333332,-0.385306,21.593952333333334,0.9276566666666667,0.002469,0.423874,0.300485,0.123389,-0.42140500000000003,-0.298016,401.1663623333333,-0.292804529620032,0.04096560075854816,418.0,0
4026.964,-1.253245,-0.388405,21.593322,0.928655,0.002534,0.424019,0.300614,0.123405,-0.421485,-0.29808,401.243716,-0.29278691480578145,0.041023295264929094,419.0,0
4027.964,-1.261156,-0.390009,21.592261,0.928993,0.002482,0.4238115,0.3003325,0.123479,-0.4213295,-0.2978505,401.1091815,-0.2930706088004965,0.040094100965431645,420.0,0
4028.964,-1.269067,-0.391613,21.5912,0.929331,0.00243,0.423604,0.300051,0.123553,-0.421174,-0.297621,400.974647,-0.2933545122788022,0.039164220535942484,421.0,0
4029.964,-1.2698506666666667,-0.389283,21.591032000000002,0.9295256666666667,0.002457,0.42387366666666665,0.3002476666666667,0.123626,-0.42141666666666666,-0.2977906666666667,400.99327166666666,-0.29335881358626903,0.03915013229137965,422.0,0
4030.964,-1.2706343333333332,-0.386953,21.590864,0.9297203333333334,0.002484,0.4241433333333333,0.3004443333333333,0.12369899999999999,-0.42165933333333333,-0.2979603333333333,401.01189633333337,-0.2933631099428842,0.03913606026253935,423.0,0
4031.964,-1.271418,-0.384623,21.590696,0.929915,0.002511,0.424413,0.300641,0.123772,-0.421902,-0.29813,401.030521,-0.2933674013571904,0.03912200442144165,424.0,0
4032.964,-1.275202,-0.39042699999999997,21.591525500000003,0.930095,0.0025250000000000003,0.4242165,0.300541,0.1236755,-0.4216915,-0.298016,401.549283,-0.29328500404917823,0.039391883623416835,425.0,0
4033.964,-1.278986,-0.396231,21.592355,0.930275,0.002539,0.42402,0.300441,0.123579,-0.421481,-0.297902,402.068045,-0.29320252443769573,0.03966203239724364,426.0,0
4034.964,-1.2820306666666665,-0.39525066666666664,21.59301,0.9294373333333333,0.002468,0.4242146666666667,0.3005736666666667,0.123641,-0.42174666666666666,-0.29810566666666666,401.73666833333334,-0.2931648378920313,0.039785468649161215,427.0,0
4035.964,-1.2850753333333333,-0.39427033333333333,21.593665,0.9285996666666666,0.002397,0.42440933333333336,0.30070633333333335,0.123703,-0.4220123333333334,-0.29830933333333337,401.40529166666664,-0.29312719879560895,0.03990874948867629,428.0,0
4036.964,-1.28812,-0.39329,21.59432,0.927762,0.002326,0.42460400000000004,0.300839,0.123765,-0.42227800000000004,-0.29851300000000003,401.073915,-0.29308960705887366,0.04003187520911222,429.0,0
4037.964,-1.2859665,-0.393421,21.5939785,0.9303619999999999,0.002366,0.42436450000000003,0.300785,0.12357950000000001,-0.42199850000000005,-0.298419,401.1135355,-0.29284415192033125,0.040835824251971076,430.0,0
4038.964,-1.283813,-0.393552,21.593637,0.932962,0.002406,0.42412500000000003,0.300731,0.123394,-0.421719,-0.298325,401.153156,-0.2925983714235579,0.041640838953670434,431.0,0
4039.964,-1.2892363333333334,-0.38875933333333335,21.592614666666666,0.9332036666666667,0.0023873333333333333,0.424126,0.30064833333333335,0.12347766666666667,-0.42173866666666665,-0.298261,401.326157,-0.2927831124087406,0.04103574940819821,432.0,0
4040.964,-1.2946596666666668,-0.3839666666666667,21.591592333333335,0.9334453333333333,0.002368666666666667,0.42412700000000003,0.3005656666666667,0.12356133333333334,-0.42175833333333335,-0.298197,401.499158,-0.2929678361648721,0.04043071629372741,433.0,0
4041.964,-1.300083,-0.379174,21.59057,0.933687,0.00235,0.424128,0.300483,0.123645,-0.421778,-0.298133,401.672159,-0.2931525426943622,0.039825739602364796,434.0,0
4042.964,-1.2924735,-0.3904865,21.590318,0.9321165,0.0023445000000000002,0.4245635,0.300566,0.12399750000000001,-0.422219,-0.29822150000000003,401.5909485,-0.29368122628594706,0.03809412106728827,435.0,0
4043.964,-1.284864,-0.401799,21.590066,0.930546,0.002339,0.424999,0.300649,0.12435,-0.42266000000000004,-0.29831,401.509738,-0.29420880662661864,0.03636611605410034,436.0,0
4044.964,-1.2850386666666667,-0.40186733333333335,21.590566333333335,0.9298783333333334,0.0023743333333333333,0.42424333333333336,0.3003403333333333,0.123903,-0.42186900000000005,-0.297966,401.3414286666667,-0.2937008732589341,0.03802977055003365,437.0,0
4045.964,-1.2852133333333333,-0.40193566666666664,21.591066666666666,0.9292106666666666,0.0024096666666666667,0.42348766666666665,0.3000316666666667,0.123456,-0.421078,-0.29762200000000005,401.1731193333334,-0.2931910315690478,0.03969967545008035,438.0,0
4046.964,-1.285388,-0.402004,21.591567,0.928543,0.002445,0.422732,0.299723,0.123009,-0.420287,-0.29727800000000004,401.00481,-0.29267927078227673,0.041375866044990994,439.0,0
4047.964,-1.2892225,-0.3998265,21.59037,0.9321710000000001,0.0024205,0.42339899999999997,0.3000835,0.1233155,-0.42097850000000003,-0.297663,401.112943,-0.2929265815869018,0.040565839064714004,440.0,0
4048.964,-1.293057,-0.397649,21.589173,0.935799,0.002396,0.424066,0.300444,0.123622,-0.42167,-0.298048,401.221076,-0.29317308125567687,0.039758468830163096,441.0,0
4049.964,-1.292076,-0.3977363333333333,21.588443333333334,0.9339503333333333,0.0024043333333333334,0.42419333333333337,0.30051,0.12368333333333333,-0.421789,-0.29810566666666666,401.399698,-0.2932357803762396,0.039553107890221706,442.0,0
4050.964,-1.2910949999999999,-0.3978236666666667,21.587713666666666,0.9321016666666667,0.0024126666666666667,0.4243206666666667,0.300576,0.12374466666666667,-0.421908,-0.29816333333333334,401.57831999999996,-0.2932984441278923,0.03934786279548752,443.0,0
4051.964,-1.290114,-0.397911,21.586984,0.930253,0.002421,0.42444800000000005,0.300642,0.123806,-0.42202700000000004,-0.298221,401.756942,-0.2933610725405544,0.03914273344796426,444.0,0
4052.964,-1.293868,-0.39266049999999997,21.588138999999998,0.9327734999999999,0.002421,0.42387800000000003,0.30039000000000005,0.123488,-0.421457,-0.29796900000000004,401.57966550000003,-0.29300330283588316,0.04031455088614189,445.0,0
4053.964,-1.297622,-0.38741,21.589294,0.935294,0.002421,0.423308,0.300138,0.12317,-0.420887,-0.297717,401.402389,-0.2926445640862371,0.04148954227612445,446.0,0
4054.964,-1.298742,-0.389598,21.589049,0.9340513333333333,0.0024323333333333332,0.423634,0.300301,0.123333,-0.4212016666666667,-0.29786866666666667,401.45393733333333,-0.2928129268551332,0.04093809695821071,447.0,0
4055.964,-1.299862,-0.39178599999999997,21.588804,0.9328086666666666,0.002443666666666667,0.42396,0.300464,0.12349600000000001,-0.4215163333333333,-0.29802033333333333,401.5054856666667,-0.2929810382540453,0.04038747496246997,448.0,0
4056.964,-1.300982,-0.393974,21.588559,0.931566,0.002455,0.424286,0.300627,0.123659,-0.421831,-0.298172,401.557034,-0.2931488988455065,0.03983767444641517,449.0,0
4057.964,-1.302373,-0.3952075,21.586564,0.931146,0.0024340000000000004,0.42407700000000004,0.3005505,0.12352650000000001,-0.421643,-0.2981165,401.710737,-0.2929653592384061,0.04043882907015317,450.0,0
4058.964,-1.303764,-0.396441,21.584569,0.930726,0.002413,0.423868,0.300474,0.123394,-0.421455,-0.298061,401.86444,-0.29278165588652616,0.041040520013723825,451.0,0
4059.964,-1.3034316666666665,-0.40004633333333334,21.585006666666665,0.931741,0.0024010000000000004,0.42401133333333335,0.300632,0.12337933333333334,-0.42161033333333336,-0.298231,401.83615100000003,-0.2926389991366415,0.04150776937834577,452.0,0
4060.964,-1.3030993333333334,-0.40365166666666663,21.585444333333335,0.932756,0.002389,0.4241546666666667,0.30079,0.12336466666666666,-0.42176566666666665,-0.29840099999999997,401.807862,-0.2924964474659644,0.04197467457283177,453.0,0
4061.964,-1.302767,-0.407257,21.585882,0.933771,0.002377,0.424298,0.300948,0.12335,-0.421921,-0.298571,401.779573,-0.29235400075843765,0.0424412359773092,454.0,0
4062.964,-1.3047665,-0.407023,21.5863985,0.9348375,0.002376,0.423648,0.3004175,0.12323049999999999,-0.421272,-0.29804149999999996,401.88520700000004,-0.2925207289369551,0.0418951444987089,455.0,0
4063.964,-1.306766,-0.406789,21.586915,0.935904,0.002375,0.422998,0.299887,0.123111,-0.42062299999999997,-0.297512,401.990841,-0.2926879716229773,0.04134736783307802,456.0,0
4064.964,-1.3052906666666668,-0.4051416666666667,21.586629000000002,0.9359,0.002431,0.421479,0.2990066666666667,0.12247233333333334,-0.419048,-0.2965756666666667,401.2147503333333,-0.29226395448084175,0.04273616815561321,457.0,0
4065.964,-1.3038153333333333,-0.40349433333333334,21.586343,0.935896,0.002487,0.41996,0.2981263333333333,0.12183366666666666,-0.417473,-0.2956393333333333,400.4386596666667,-0.2918367379528847,0.044135447554627394,458.0,0
4066.964,-1.30234,-0.401847,21.586057,0.935892,0.002543,0.418441,0.297246,0.121195,-0.415898,-0.294703,399.662569,-0.29140628569092825,0.045545325082762655,459.0,0
4067.964,-1.306759,-0.400247,21.5855405,0.9380255,0.0024565000000000003,0.41890099999999997,0.2974005,0.1215005,-0.4164445,-0.294944,399.1419015,-0.29175746529841373,0.04439509245375328,460.0,0
4068.964,-1.311178,-0.398647,21.585024,0.940159,0.00237,0.419361,0.297555,0.121806,-0.416991,-0.29518500000000003,398.621234,-0.29210772440586097,0.043247874775374395,461.0,0
4069.964,-1.3113633333333332,-0.40002866666666664,21.586505333333335,0.9390689999999999,0.0023836666666666667,0.41884499999999997,0.29730633333333334,0.12153866666666667,-0.41646133333333335,-0.29492266666666667,398.66671866666667,-0.29183731783979416,0.04413354822781501,462.0,0
4070.964,-1.3115486666666667,-0.4014103333333333,21.587986666666666,0.937979,0.0023973333333333333,0.418329,0.29705766666666666,0.12127133333333333,-0.41593166666666664,-0.29466033333333336,398.7122033333333,-0.2915662225755574,0.045021477400945864,463.0,0
4071.964,-1.311734,-0.402792,21.589468,0.936889,0.002411,0.417813,0.296809,0.121004,-0.415402,-0.294398,398.757688,-0.29129443597872895,0.04591167092339421,464.0,0
4072.964,-1.3147876666666667,-0.4038653333333333,21.58818966666667,0.9372946666666666,0.0023883333333333335,0.417996,0.2969713333333333,0.12102466666666667,-0.41560766666666665,-0.294583,398.6629513333333,-0.29120001283264624,0.04622093883429512,465.0,0
4073.964,-1.3178413333333332,-0.40493866666666667,21.586911333333333,0.9377003333333334,0.0023656666666666665,0.418179,0.2971336666666667,0.12104533333333332,-0.41581333333333337,-0.29476800000000003,398.5682146666667,-0.2911056830926131,0.04652990080862218,466.0,0
4074.964,-1.320895,-0.406012,21.585633,0.938106,0.002343,0.418362,0.297296,0.121066,-0.416019,-0.294953,398.473478,-0.29101144662009815,0.04683855730011255,467.0,0
4075.964,-1.319227,-0.4051105,21.585845,0.9381010000000001,0.002336,0.418615,0.2972365,0.1213785,-0.416279,-0.2949005,398.6504585,-0.29158038618423265,0.04497508676636597,468.0,0
4076.964,-1.317559,-0.404209,21.586057,0.938096,0.002329,0.418868,0.297177,0.121691,-0.416539,-0.294848,398.827439,-0.29214861549246407,0.043113942562216345,469.0,0
4077.964,-1.3143639999999999,-0.40510399999999996,21.586343,0.9384333333333333,0.002345,0.41906566666666667,0.297377,0.12168866666666667,-0.4167206666666667,-0.295032,398.8247376666667,-0.29201565560860654,0.04354943139329415,470.0,0
4078.964,-1.311169,-0.405999,21.586629000000002,0.9387706666666668,0.0023610000000000003,0.4192633333333334,0.29757700000000004,0.12168633333333333,-0.4169023333333333,-0.295216,398.82203633333336,-0.29188281160050655,0.04398454069186386,471.0,0
4079.964,-1.307974,-0.406894,21.586915,0.939108,0.002377,0.41946100000000003,0.297777,0.121684,-0.417084,-0.2954,398.819335,-0.2917500833167499,0.044419270953858336,472.0,0
4080.964,-1.3164565000000001,-0.4054235,21.585995500000003,0.940658,0.0024285,0.4191355,0.29764599999999997,0.1214895,-0.416707,-0.2952175,398.8212215,-0.2915472779369628,0.04508352753424483,473.0,0
4081.964,-1.324939,-0.403953,21.585076,0.942208,0.00248,0.41880999999999996,0.297515,0.121295,-0.41633,-0.295035,398.823108,-0.291344105262905,0.04574898712826181,474.0,0
4082.964,-1.3206246666666668,-0.40524533333333335,21.584755666666666,0.9411523333333334,0.0025206666666666667,0.4190656666666666,0.2976143333333333,0.12145133333333333,-0.416545,-0.29509366666666664,398.9049856666667,-0.291569037924765,0.04501225617496463,475.0,0
4083.964,-1.3163103333333332,-0.4065376666666667,21.584435333333335,0.9400966666666667,0.0025613333333333334,0.4193213333333333,0.29771366666666665,0.12160766666666667,-0.41675999999999996,-0.29515233333333335,398.9868633333333,-0.29179373850754675,0.04427628535956463,476.0,0
4084.964,-1.311996,-0.40783,21.584115,0.939041,0.002602,0.419577,0.297813,0.121764,-0.416975,-0.295211,399.068741,-0.29201820737024364,0.04354107350623604,477.0,0
4085.964,-1.3095035,-0.403054,21.5833805,0.9385685,0.0025935000000000003,0.41984,0.2979765,0.1218635,-0.41724649999999996,-0.295383,398.7265825,-0.2920666609945464,0.04338237141055956,478.0,0
4086.964,-1.307011,-0.398278,21.582646,0.938096,0.002585,0.420103,0.29814,0.121963,-0.417518,-0.295555,398.384424,-0.2921150516026892,0.043223875714234916,479.0,0
4087.964,-1.3079273333333332,-0.39588,21.581407666666667,0.9381006666666667,0.002534666666666667,0.4203656666666667,0.29830333333333336,0.12206233333333333,-0.417831,-0.2957686666666667,398.9318856666667,-0.29213396197815694,0.04316193780432731,480.0,0
4088.964,-1.3088436666666667,-0.393482,21.580169333333334,0.9381053333333333,0.002484333333333333,0.4206283333333333,0.29846666666666666,0.12216166666666667,-0.418144,-0.29598233333333335,399.47934733333335,-0.29215284404298686,0.043100092621385255,481.0,0
4089.964,-1.30976,-0.391084,21.578931,0.93811,0.002434,0.420891,0.29863,0.122261,-0.418457,-0.296196,400.026809,-0.29217169786070696,0.04303833995733308,482.0,0
4090.964,-1.3137515,-0.3961,21.5827915,0.9374009999999999,0.002418,0.419473,0.29770050000000003,0.1217725,-0.417055,-0.2952825,399.43816549999997,-0.2919825730001389,0.043657788185377466,483.0,0
4091.964,-1.317743,-0.401116,21.586652,0.936692,0.002402,0.418055,0.296771,0.121284,-0.415653,-0.294369,398.849522,-0.29179217229798005,0.044281415228466736,484.0,0
4092.964,-1.3206556666666667,-0.4036513333333333,21.585876333333335,0.9380873333333333,0.0023883333333333335,0.41856366666666667,0.29716733333333334,0.12139633333333334,-0.41617533333333334,-0.294779,398.7667543333333,-0.2916958678374367,0.044596845083945125,485.0,0
4093.964,-1.3235683333333335,-0.40618666666666664,21.585100666666666,0.9394826666666667,0.0023746666666666664,0.4190723333333333,0.29756366666666667,0.12150866666666667,-0.41669766666666663,-0.295189,398.68398666666667,-0.29159980481405334,0.044911484150626624,486.0,0
4094.964,-1.326481,-0.408722,21.584325,0.940878,0.002361,0.419581,0.29796,0.121621,-0.41722,-0.295599,398.601219,-0.2915039823210352,0.04522533539857254,487.0,0
4095.964,-1.3310935000000002,-0.405733,21.582311,0.940781,0.0023014999999999997,0.4194815,0.29769650000000003,0.121785,-0.41718,-0.29539499999999996,399.097046,-0.291925048959799,0.043846198977863904,488.0,0
4096.964,-1.335706,-0.402744,21.580297,0.940684,0.002242,0.41938200000000003,0.297433,0.121949,-0.41714,-0.295191,399.592873,-0.29234619635181563,0.042466798062792965,489.0,0
4097.964,-1.3287553333333333,-0.407559,21.581032333333333,0.9419446666666667,0.002282,0.41929933333333336,0.2973636666666667,0.12193566666666666,-0.41701733333333335,-0.2950816666666667,399.2595596666667,-0.29240021773727487,0.042289859656077344,490.0,0
4098.964,-1.3218046666666667,-0.41237399999999996,21.581767666666668,0.9432053333333333,0.002322,0.4192166666666667,0.2972943333333333,0.12192233333333334,-0.4168946666666667,-0.29497233333333334,398.9262463333333,-0.2924542709132065,0.042112817124754565,491.0,0
4099.964,-1.314854,-0.417189,21.582503,0.944466,0.002362,0.419134,0.297225,0.121909,-0.41677200000000003,-0.29486300000000004,398.592933,-0.29250835590768065,0.041935670376885725,492.0,0
4100.964,-1.3159965,-0.40888800000000003,21.5822595,0.944273,0.0024200000000000003,0.419022,0.29729550000000005,0.1217265,-0.41660200000000003,-0.29487550000000007,398.6319515,-0.29218964908869627,0.042979543581564195,493.0,0
4101.964,-1.317139,-0.400587,21.582016,0.94408,0.002478,0.41891,0.297366,0.121544,-0.416432,-0.29488800000000004,398.67097,-0.2918706820577718,0.0440242690688285,494.0,0
4102.964,-1.3171653333333333,-0.403845,21.57992,0.9427203333333334,0.0024393333333333333,0.418809,0.297331,0.121478,-0.4163696666666667,-0.2948916666666667,398.971353,-0.29175586379378526,0.0444003379259843,495.0,0
4103.964,-1.3171916666666668,-0.407103,21.577824,0.9413606666666666,0.002400666666666667,0.418708,0.297296,0.12141199999999999,-0.41630733333333336,-0.29489533333333334,399.271736,-0.2916410111464394,0.04477651940033356,496.0,0
4104.964,-1.317218,-0.410361,21.575728,0.940001,0.002362,0.418607,0.297261,0.121346,-0.41624500000000003,-0.294899,399.572119,-0.29152612410028733,0.04515281354247025,497.0,0
4105.964,-1.311773,-0.413898,21.5795805,0.941673,0.0023415,0.419031,0.2975455,0.1214855,-0.4166895,-0.295204,399.23182699999995,-0.291549922784046,0.04507486476069811,498.0,0
4106.964,-1.306328,-0.417435,21.583433,0.943345,0.002321,0.41945499999999997,0.29783,0.121625,-0.41713399999999995,-0.29550899999999997,398.891535,-0.29157367074769913,0.04499708210451847,499.0,0
4107.964,-1.3126016666666667,-0.4086863333333333,21.58202,0.9429133333333334,0.0023766666666666667,0.41905366666666666,0.29755466666666663,0.121499,-0.41667699999999996,-0.295178,398.8662103333333,-0.2915910683600688,0.04494009900815432,500.0,0
4108.964,-1.3188753333333332,-0.3999376666666667,21.580607,0.9424816666666667,0.0024323333333333337,0.4186523333333333,0.29727933333333334,0.121373,-0.41622,-0.29484699999999997,398.8408856666667,-0.29160850417688755,0.04488299077922864,501.0,0
4109.964,-1.325149,-0.391189,21.579194,0.94205,0.002488,0.418251,0.297004,0.121247,-0.415763,-0.294516,398.815561,-0.29162597832413734,0.04482575700510738,502.0,0
4110.964,-1.318893,-0.400142,21.5783905,0.9416385,0.0024745,0.418776,0.29742,0.12135599999999999,-0.4163015,-0.29494549999999997,398.7690265,-0.2915105794972621,0.04520372740313727,503.0,0
4111.964,-1.312637,-0.409095,21.577587,0.941227,0.002461,0.419301,0.297836,0.121465,-0.41684,-0.295375,398.722492,-0.29139547882995587,0.045580721227193144,504.0,0
4112.964,-1.3207923333333333,-0.405367,21.578147,0.94303,0.0024360000000000002,0.41911533333333334,0.2976393333333333,0.121476,-0.41667933333333335,-0.2952033333333333,398.77969833333333,-0.2915342370413629,0.04512624090173767,505.0,0
4113.964,-1.3289476666666666,-0.401639,21.578707,0.944833,0.002411,0.41892966666666664,0.2974426666666667,0.121487,-0.41651866666666665,-0.2950316666666667,398.83690466666667,-0.2916731023013829,0.04467140995567409,506.0,0
4114.964,-1.337103,-0.397911,21.579267,0.946636,0.002386,0.418744,0.297246,0.121498,-0.416358,-0.29486,398.894111,-0.2918120747339422,0.04421622798310132,507.0,0
4115.964,-1.327705,-0.3982,21.5787945,0.944877,0.002389,0.419541,0.2976995,0.12184149999999999,-0.41715199999999997,-0.29531050000000003,398.8752515,-0.2920800861079081,0.043338399599248234,508.0,0
4116.964,-1.318307,-0.398489,21.578322,0.943118,0.002392,0.420338,0.298153,0.122185,-0.417946,-0.295761,398.856392,-0.2923470791611336,0.04246390656208765,509.0,0
4117.964,-1.318622,-0.39994166666666664,21.579092,0.9433453333333334,0.002373,0.41961866666666664,0.297801,0.12181766666666667,-0.4172456666666667,-0.295428,398.9865206666667,-0.2919573966992987,0.04374024913153407,510.0,0
4118.964,-1.318937,-0.40139433333333335,21.579862000000002,0.9435726666666666,0.0023539999999999998,0.41889933333333335,0.297449,0.12145033333333333,-0.4165453333333333,-0.295095,399.1166493333333,-0.2915664038961839,0.045020883514238275,511.0,0
4119.964,-1.319252,-0.402847,21.580632,0.9438,0.002335,0.41818,0.297097,0.121083,-0.415845,-0.294762,399.246778,-0.2911740941314531,0.04630583139405209,512.0,0
4120.964,-1.3267335,-0.400038,21.578847000000003,0.944903,0.0023655,0.4181805,0.2969175,0.121263,-0.41581500000000005,-0.29455200000000004,398.8413045,-0.29162798751364793,0.04481917622625886,513.0,0
4121.964,-1.334215,-0.397229,21.577062,0.946006,0.002396,0.418181,0.296738,0.121443,-0.415785,-0.294342,398.435831,-0.2920819463952437,0.04333230652565523,514.0,0
4122.964,-1.3300023333333333,-0.398945,21.577632666666666,0.9461056666666666,0.0023503333333333336,0.4188476666666667,0.29718466666666665,0.121663,-0.41649733333333333,-0.2948343333333333,398.59448133333336,-0.2921106148193382,0.04323840768838538,515.0,0
4123.964,-1.3257896666666666,-0.400661,21.578203333333335,0.9462053333333333,0.0023046666666666667,0.4195143333333334,0.29763133333333336,0.121883,-0.4172096666666667,-0.2953266666666667,398.75313166666666,-0.2921391853476997,0.043144829492929304,516.0,0
4124.964,-1.321577,-0.402377,21.578774,0.946305,0.002259,0.420181,0.298078,0.122103,-0.417922,-0.295819,398.911782,-0.2921676584809091,0.043051570299714625,517.0,0
4125.964,-1.3224285,-0.407675,21.5808675,0.9484205,0.0023065000000000004,0.41992650000000004,0.2979875,0.12193899999999999,-0.41762,-0.29568099999999997,398.825309,-0.2919862362584078,0.04364578976889899,518.0,0
4126.964,-1.32328,-0.412973,21.582961,0.950536,0.002354,0.41967200000000005,0.297897,0.121775,-0.417318,-0.295543,398.738836,-0.29180455145608736,0.04424086927627813,519.0,0
4127.964,-1.324113,-0.4091433333333333,21.5809,0.9506313333333334,0.002354,0.41961633333333337,0.2979426666666667,0.12167366666666667,-0.41726233333333335,-0.29558866666666667,398.95622333333336,-0.29160062758431166,0.04490878929825726,520.0,0
4128.964,-1.324946,-0.4053136666666667,21.578839000000002,0.9507266666666666,0.002354,0.4195606666666667,0.29798833333333336,0.12157233333333332,-0.41720666666666667,-0.29563433333333333,399.17361066666666,-0.2913966492944727,0.045576887557897905,521.0,0
4129.964,-1.325779,-0.401484,21.576778,0.950822,0.002354,0.419505,0.298034,0.121471,-0.417151,-0.29568,399.390998,-0.29119261656478485,0.046245164126555105,522.0,0
4130.964,-1.3216955000000001,-0.4072285,21.5780065,0.9518074999999999,0.0023375,0.419155,0.297723,0.121432,-0.41681749999999995,-0.29538549999999997,399.12712750000003,-0.29133203699949495,0.045788514794600776,523.0,0
4131.964,-1.317612,-0.412973,21.579235,0.952793,0.002321,0.418805,0.297412,0.121393,-0.41648399999999997,-0.295091,398.863257,-0.2914716807168599,0.045331134136027185,524.0,0
4132.964,-1.320317,-0.4082503333333333,21.578503666666666,0.9521886666666667,0.0023613333333333333,0.418642,0.2974043333333333,0.12123766666666667,-0.41628066666666663,-0.295043,398.81780066666664,-0.29124090455214807,0.04608700454817849,525.0,0
4133.964,-1.3230220000000001,-0.4035276666666667,21.577772333333336,0.9515843333333334,0.002401666666666667,0.418479,0.2973966666666667,0.12108233333333333,-0.41607733333333335,-0.294995,398.7723443333333,-0.2910099028303299,0.04684361373655099,526.0,0
4134.964,-1.325727,-0.398805,21.577041,0.95098,0.002442,0.418316,0.297389,0.120927,-0.415874,-0.294947,398.726888,-0.2907786752205601,0.04760096278477577,527.0,0
4135.964,-1.3225090000000002,-0.406283,21.577665500000002,0.951414,0.0024685,0.4185025,0.297414,0.1210885,-0.416034,-0.29494549999999997,398.7931875,-0.29105503649950837,0.04669578562281829,528.0,0
4136.964,-1.319291,-0.413761,21.57829,0.951848,0.002495,0.418689,0.297439,0.12125,-0.41619399999999995,-0.294944,398.859487,-0.29133118529143925,0.045791304428096424,529.0,0
4137.964,-1.3198779999999999,-0.4107016666666667,21.578066,0.9516286666666667,0.002415,0.4190793333333333,0.29760366666666666,0.12147566666666666,-0.4166643333333333,-0.29518866666666665,399.09325766666666,-0.29154393235145876,0.04509448546439754,530.0,0
4138.964,-1.320465,-0.40764233333333333,21.577842,0.9514093333333333,0.002335,0.4194696666666667,0.29776833333333336,0.12170133333333333,-0.41713466666666665,-0.2954333333333333,399.3270283333333,-0.2917561996514306,0.04439923787799138,531.0,0
4139.964,-1.321052,-0.404583,21.577618,0.95119,0.002255,0.41986,0.297933,0.121927,-0.417605,-0.295678,399.560799,-0.2919679888123677,0.04370555635950968,532.0,0
4140.964,-1.3216945,-0.4052835,21.578042,0.9529559999999999,0.0022849999999999997,0.4191895,0.2976625,0.121527,-0.4169045,-0.29537749999999996,399.1616835,-0.2914991119047933,0.045241287667892593,533.0,0
4141.964,-1.322337,-0.405984,21.578466,0.954722,0.002315,0.418519,0.297392,0.121127,-0.41620399999999996,-0.295077,398.762568,-0.29102865668916367,0.046782188471841346,534.0,0
4142.964,-1.31101,-0.39415,21.578916,0.954481,0.002635,0.419304,0.297911,0.121393,-0.416669,-0.295276,399.428205,-0.29134226770474336,0.04575500575608127,535.0,0
4143.964,-1.3140375,-0.40486900000000003,21.578024,0.9534640000000001,0.0024685,0.418963,0.297605,0.121358,-0.4164945,-0.29513649999999997,399.68512999999996,-0.291380297651704,0.045630444748149146,536.0,0
4144.964,-1.317065,-0.415588,21.577132,0.952447,0.002302,0.418622,0.297299,0.121323,-0.41631999999999997,-0.29499699999999995,399.942055,-0.29141835947914946,0.045505779320788475,537.0,0
4145.964,-1.3125205,-0.40415650000000003,21.576276,0.9508185,0.002392,0.41917,0.297608,0.121562,-0.416778,-0.295216,399.23949849999997,-0.2916715653694902,0.044676443930238285,538.0,0
4146.964,-1.307976,-0.392725,21.57542,0.94919,0.002482,0.419718,0.297917,0.121801,-0.417236,-0.295435,398.536942,-0.29192421537023494,0.04384892926713846,539.0,0
4147.964,-1.312124,-0.3986015,21.5757315,0.9517135,0.0024565,0.4195775,0.297923,0.1216545,-0.41712099999999996,-0.29546649999999997,399.0064205,-0.2916534810126582,0.04473567634823583,540.0,0
4148.964,-1.316272,-0.404478,21.576043,0.954237,0.002431,0.419437,0.297929,0.121508,-0.417006,-0.295498,399.475899,-0.2913825973309673,0.0456229125165829,541.0,0
4149.964,-1.309109,-0.40603266666666665,21.57747433333333,0.954333,0.0024433333333333334,0.41947466666666666,0.29790833333333333,0.12156633333333333,-0.4170313333333333,-0.295465,399.50418933333333,-0.2915047746327006,0.04522274030845219,542.0,0
4150.964,-1.301946,-0.40758733333333336,21.578905666666667,0.954429,0.0024556666666666668,0.4195123333333333,0.29788766666666666,0.12162466666666667,-0.41705666666666663,-0.295432,399.5324796666667,-0.2916269370915313,0.04482261671587451,543.0,0
4151.964,-1.294783,-0.409142,21.580337,0.954525,0.002468,0.41955,0.297867,0.121683,-0.41708199999999995,-0.29539899999999997,399.56077,-0.2917490847101642,0.04442254172999094,544.0,0
4152.964,-1.3073543333333333,-0.405472,21.579592333333334,0.9549923333333333,0.002442,0.4193476666666667,0.29777533333333334,0.12157233333333334,-0.4169056666666666,-0.29533333333333334,399.5437983333333,-0.29160703406214367,0.04488780590491004,545.0,0
4153.964,-1.3199256666666668,-0.401802,21.578847666666665,0.9554596666666666,0.002416,0.4191453333333333,0.2976836666666667,0.12146166666666666,-0.41672933333333334,-0.29526766666666665,399.5268266666667,-0.2914648632002463,0.04535346382115313,546.0,0
4154.964,-1.332497,-0.398132,21.578103,0.955927,0.00239,0.418943,0.297592,0.121351,-0.416553,-0.295202,399.509855,-0.2913225719718066,0.045819515978751446,547.0,0
4155.964,-1.315293,-0.39838850000000003,21.575494,0.9543335,0.002476,0.4190545,0.29765850000000005,0.121396,-0.4165785,-0.2951825,399.624858,-0.2914127623311387,0.04552411188376804,548.0,0
4156.964,-1.298089,-0.398645,21.572885,0.95274,0.002562,0.41916600000000004,0.297725,0.121441,-0.41660400000000003,-0.295163,399.739861,-0.29150294164948404,0.04522874395177079,549.0,0
4157.964,-1.3019266666666667,-0.40062433333333336,21.573937666666666,0.953064,0.0025646666666666665,0.418634,0.29735933333333336,0.12127466666666666,-0.41606933333333335,-0.29479466666666665,399.590242,-0.29147776206632714,0.04531121564863061,550.0,0
4158.964,-1.3057643333333333,-0.4026036666666667,21.574990333333332,0.953388,0.0025673333333333334,0.41810200000000003,0.29699366666666666,0.12110833333333333,-0.41553466666666666,-0.29442633333333335,399.440623,-0.29145251768609204,0.045393899577955144,551.0,0
4159.964,-1.309602,-0.404583,21.576043,0.953712,0.00257,0.41757,0.296628,0.120942,-0.415,-0.294058,399.291004,-0.2914272082583331,0.04547679656003878,552.0,0
4160.964,-1.3144605,-0.4081545,21.578274999999998,0.9564170000000001,0.0025164999999999996,0.41792050000000003,0.2967785,0.121142,-0.415404,-0.294262,399.02686900000003,-0.29162524103099885,0.04482817189084376,553.0,0
4161.964,-1.319319,-0.411726,21.580507,0.959122,0.002463,0.418271,0.296929,0.121342,-0.415808,-0.294466,398.762734,-0.29182288898455294,0.04418080763509258,554.0,0
4162.964,-1.323648,-0.40635099999999996,21.57857866666667,0.957887,0.0024506666666666665,0.41847533333333337,0.2970856666666667,0.12138966666666667,-0.4160246666666667,-0.29463500000000004,398.7717346666667,-0.29178548335791793,0.04430332378166546,555.0,0
4163.964,-1.327977,-0.400976,21.576650333333333,0.956652,0.0024383333333333336,0.41867966666666667,0.29724233333333333,0.12143733333333333,-0.41624133333333335,-0.294804,398.7807353333333,-0.2917481166729798,0.04442571238093962,556.0,0
4164.964,-1.332306,-0.395601,21.574722,0.955417,0.002426,0.41888400000000003,0.297399,0.121485,-0.41645800000000005,-0.29497300000000004,398.789736,-0.29171078886895885,0.04454797363198881,557.0,0
4165.964,-1.3290785,-0.3964145,21.5755615,0.9557585,0.0023810000000000003,0.41878150000000003,0.2972765,0.121505,-0.4164005,-0.2948955,399.097961,-0.2917991015839357,0.04425871946073978,558.0,0
4166.964,-1.325851,-0.397228,21.576401,0.9561,0.002336,0.41867899999999997,0.297154,0.121525,-0.41634299999999996,-0.29481799999999997,399.406186,-0.291887438692229,0.0439693853930847,559.0,0
4167.964,-1.324339,-0.39719333333333334,21.575143666666666,0.956197,0.0023396666666666665,0.419139,0.29750099999999996,0.121638,-0.4167993333333333,-0.29516133333333333,399.39672133333335,-0.29183897888267313,0.04412810774756837,560.0,0
4168.964,-1.322827,-0.39715866666666666,21.573886333333334,0.956294,0.0023433333333333336,0.41959899999999994,0.297848,0.121751,-0.41725566666666664,-0.29550466666666664,399.38725666666664,-0.2917906250699012,0.04428648292654158,561.0,0
4169.964,-1.321315,-0.397124,21.572629,0.956391,0.002347,0.42005899999999996,0.298195,0.121864,-0.41771199999999997,-0.295848,399.377792,-0.29174237690652144,0.04444451206783073,562.0,0
4170.964,-1.319844,-0.399829,21.57192,0.9568110000000001,0.0024070000000000003,0.4193675,0.29781599999999997,0.1215515,-0.41696049999999996,-0.29540900000000003,399.5938165,-0.29151872064313206,0.045177062382112276,563.0,0
4171.964,-1.318373,-0.402534,21.571211,0.957231,0.002467,0.418676,0.297437,0.121239,-0.416209,-0.29497,399.809841,-0.2912942567177949,0.04591225806390875,564.0,0
4172.964,-1.320306,-0.39982066666666666,21.572801000000002,0.956994,0.002433,0.4186533333333333,0.297456,0.12119733333333334,-0.4162203333333333,-0.295023,399.60930833333333,-0.29118621752313284,0.04626612316388423,565.0,0
4173.964,-1.322239,-0.39710733333333337,21.574391,0.9567570000000001,0.002399,0.41863066666666665,0.297475,0.12115566666666666,-0.41623166666666667,-0.295076,399.40877566666666,-0.29107818421195936,0.04661996899343401,566.0,0
4174.964,-1.324172,-0.394394,21.575981,0.95652,0.002365,0.418608,0.297494,0.121114,-0.416243,-0.295129,399.208243,-0.29097015678379407,0.0469737955541315,567.0,0
4175.964,-1.327654,-0.4012745,21.575828,0.9560615,0.002418,0.4184615,0.2973785,0.121083,-0.4160435,-0.29496049999999996,399.1298195,-0.29103517068568713,0.04676085291821919,568.0,0
4176.964,-1.331136,-0.408155,21.575675,0.955603,0.002471,0.418315,0.297263,0.121052,-0.415844,-0.294792,399.051396,-0.29110024696820674,0.04654770596454305,569.0,0
4177.964,-1.3274023333333334,-0.40561566666666665,21.575332333333332,0.9570246666666666,0.0024683333333333332,0.4185473333333333,0.297393,0.12115433333333334,-0.416079,-0.29492466666666667,399.22905033333336,-0.29118178162107416,0.046280652251502685,570.0,0
4178.964,-1.3236686666666668,-0.4030763333333333,21.574989666666667,0.9584463333333334,0.002465666666666667,0.41877966666666666,0.297523,0.12125666666666667,-0.416314,-0.29505733333333334,399.40670466666666,-0.29126322422472195,0.046013900030956956,571.0,0
4179.964,-1.319935,-0.400537,21.574647,0.959868,0.002463,0.419012,0.297653,0.121359,-0.416549,-0.29519,399.584359,-0.2913445749349414,0.04574744879263615,572.0,0
4180.964,-1.3263925,-0.3959425,21.575828,0.9598155,0.0024885000000000003,0.41908,0.29778,0.12129999999999999,-0.4165915,-0.2952915,399.3241015,-0.29117322646579796,0.046308673294112146,573.0,0
4181.964,-1.33285,-0.391348,21.577009,0.959763,0.002514,0.41914799999999997,0.297907,0.121241,-0.41663399999999995,-0.29539299999999996,399.063844,-0.29100191295456673,0.04686978329653868,574.0,0
4182.964,-1.32907,-0.3935356666666667,21.57534666666667,0.9590803333333333,0.0024963333333333335,0.41885866666666666,0.29769366666666663,0.121165,-0.4163623333333333,-0.2951973333333333,399.2813536666667,-0.29100925157955754,0.046845746804280664,575.0,0
4183.964,-1.32529,-0.3957233333333333,21.573684333333333,0.9583976666666667,0.0024786666666666668,0.4185693333333333,0.29748033333333335,0.121089,-0.41609066666666666,-0.29500166666666666,399.4988633333333,-0.2910165997873855,0.046821678924972576,576.0,0
4184.964,-1.32151,-0.397911,21.572022,0.957715,0.002461,0.41828,0.297267,0.121013,-0.415819,-0.294806,399.716373,-0.2910239575968332,0.04679757959709474,577.0,0
4185.964,-1.325894,-0.3897205,21.571943,0.95782,0.002483,0.41869649999999997,0.297397,0.1212995,-0.4162135,-0.294914,399.6296205,-0.29143646574766485,0.045446475134577,578.0,0
4186.964,-1.330278,-0.38153,21.571864,0.957925,0.002505,0.41911299999999996,0.297527,0.121586,-0.416608,-0.295022,399.542868,-0.291848192661189,0.044097929489891885,579.0,0
4187.964,-1.332903,-0.3839803333333333,21.572949,0.9587303333333334,0.0024909999999999997,0.418838,0.2974576666666667,0.12138033333333333,-0.41634699999999997,-0.29496666666666665,399.33730233333335,-0.291537167003726,0.045116644278699214,580.0,0
4188.964,-1.335528,-0.38643066666666664,21.574034,0.9595356666666667,0.002477,0.41856299999999996,0.2973883333333333,0.12117466666666667,-0.416086,-0.29491133333333336,399.13173666666665,-0.29122575114860344,0.04613663709752369,581.0,0
4189.964,-1.338153,-0.388881,21.575119,0.960341,0.002463,0.418288,0.297319,0.120969,-0.415825,-0.294856,398.926171,-0.2909139443610758,0.04715791035290684,582.0,0
4190.964,-1.3327390000000001,-0.392346,21.574463,0.9611745,0.002477,0.418285,0.297228,0.121057,-0.41580799999999996,-0.294751,398.98817099999997,-0.291137474838086,0.046425772031789325,583.0,0
4191.964,-1.327325,-0.395811,21.573807,0.962008,0.002491,0.418282,0.297137,0.121145,-0.41579099999999997,-0.29464599999999996,399.050171,-0.291361023593641,0.04569357384222206,584.0,0
4192.964,-1.3289325,-0.3948265,21.5743975,0.962533,0.002529,0.41891100000000003,0.29759800000000003,0.121313,-0.41638200000000003,-0.295069,398.79439249999996,-0.29135095021146495,0.04572656759418381,585.0,0
4193.964,-1.33054,-0.393842,21.574988,0.963058,0.002567,0.41954,0.298059,0.121481,-0.41697300000000004,-0.29549200000000003,398.538614,-0.29134090538453417,0.04575946781800733,586.0,0
4194.964,-1.32424,-0.381635,21.570482,0.95796,0.002403,0.419362,0.297996,0.121366,-0.416959,-0.295593,399.854046,-0.29107488044359386,0.04663078995823855,587.0,0
4195.964,-1.3231025,-0.388417,21.5723195,0.960673,0.0024555000000000002,0.4189085,0.297567,0.12134149999999999,-0.416453,-0.29511149999999997,399.72988899999996,-0.29136971367648606,0.04566511086594405,588.0,0
4196.964,-1.321965,-0.395199,21.574157,0.963386,0.002508,0.418455,0.297138,0.121317,-0.415947,-0.29463,399.605732,-0.2916652642410313,0.044697082268565724,589.0,0
4197.964,-1.320565,-0.398261,21.576344,0.965399,0.002473,0.419683,0.29795,0.121733,-0.41720999999999997,-0.295477,399.212832,-0.2917794199070489,0.0443231836450666,590.0,0
4198.964,-1.3328389999999999,-0.3938445,21.5762745,0.964969,0.002568,0.419743,0.298027,0.12171599999999999,-0.41717499999999996,-0.29545899999999997,399.4508745,-0.29176314918954677,0.04437647577755233,591.0,0
4199.964,-1.345113,-0.389428,21.576205,0.964539,0.002663,0.419803,0.298104,0.121699,-0.41713999999999996,-0.29544099999999995,399.688917,-0.29174687574165925,0.04442977685297844,592.0,0
4200.964,-1.354125,-0.400364,21.569917,0.956891,0.002487,0.41846099999999997,0.297159,0.121302,-0.41597399999999995,-0.294672,398.912248,-0.2916102727821276,0.04487719799567402,593.0,0
4201.964,-1.3458765000000001,-0.394631,21.573918,0.962458,0.002515,0.41857849999999996,0.29741300000000004,0.1211655,-0.4160635,-0.294898,399.1144025,-0.2912194682289318,0.04615721579588128,594.0,0
4202.964,-1.337628,-0.388898,21.577919,0.968025,0.002543,0.418696,0.297667,0.121029,-0.416153,-0.295124,399.316557,-0.290828831773006,0.04743668302036985,595.0,0
4203.964,-1.327828,-0.398874,21.578357,0.967587,0.00248,0.41827899999999996,0.297299,0.12098,-0.415799,-0.294819,399.615162,-0.2909585904694106,0.04701167916672655,596.0,0
4204.964,-1.318093,-0.40275700000000003,21.5752945,0.9649615,0.002559,0.418734,0.2975175,0.1212165,-0.416175,-0.2949585,399.4434645,-0.29126399054241736,0.04601139007992716,597.0,0
4205.964,-1.308358,-0.40664,21.572232,0.962336,0.002638,0.41918900000000003,0.297736,0.121453,-0.41655100000000006,-0.295098,399.271767,-0.291568839274997,0.04501290682050341,598.0,0
4206.964,-1.316382,-0.39974,21.573002,0.9635086666666667,0.0026043333333333335,0.41922533333333334,0.29783933333333334,0.12138600000000001,-0.416621,-0.295235,399.36402,-0.29135903221160764,0.045700096295527404,599.0,0
4207.964,-1.324406,-0.39284,21.573772,0.9646813333333333,0.002570666666666667,0.41926166666666664,0.29794266666666663,0.121319,-0.416691,-0.29537199999999997,399.456273,-0.2911492956394442,0.0463870548878168,600.0,0
4208.964,-1.33243,-0.38594,21.574542,0.965854,0.002537,0.41929799999999995,0.298046,0.121252,-0.41676099999999994,-0.29550899999999997,399.548526,-0.2909396295229868,0.04707378271371121,601.0,0
4209.964,-1.3312840000000001,-0.384415,21.574241999999998,0.967426,0.0024980000000000002,0.41915499999999994,0.297832,0.121323,-0.41665699999999994,-0.295334,399.69804999999997,-0.29118265427594936,0.04627779401005039,602.0,0
4210.964,-1.330138,-0.38289,21.573942,0.968998,0.002459,0.419012,0.297618,0.121394,-0.416553,-0.295159,399.847574,-0.2914258003802646,0.04548140783944554,603.0,0
4211.964,-1.32851,-0.386444,21.574396999999998,0.9678423333333334,0.002458333333333333,0.4188233333333333,0.29755566666666666,0.12126766666666666,-0.416365,-0.2950973333333333,399.724311,-0.29125396688154276,0.04604422097771943,604.0,0
4212.964,-1.326882,-0.389998,21.574852,0.9666866666666667,0.0024576666666666666,0.41863466666666665,0.29749333333333333,0.12114133333333334,-0.416177,-0.2950356666666667,399.601048,-0.2910819781374546,0.04660754259735722,605.0,0
4213.964,-1.325254,-0.393552,21.575307,0.965531,0.002457,0.418446,0.297431,0.121015,-0.415989,-0.294974,399.477785,-0.29090983393751735,0.047171373387762006,606.0,0
4214.964,-1.3305585,-0.393106,21.575307,0.9669755,0.002464,0.4190235,0.29775850000000004,0.121265,-0.41655949999999997,-0.2952945,399.8758745,-0.2911115725642376,0.04651061078640639,607.0,0
4215.964,-1.335863,-0.39266,21.575307,0.96842,0.002471,0.419601,0.298086,0.121515,-0.41713,-0.295615,400.273964,-0.2913127593622116,0.04585165561183746,608.0,0
4216.964,-1.334485,-0.39211833333333335,21.572872666666665,0.9668326666666667,0.002481,0.41934,0.297906,0.121434,-0.416859,-0.295425,400.29324399999996,-0.29130783144380096,0.045867796220313006,609.0,0
4217.964,-1.333107,-0.3915766666666667,21.570438333333332,0.9652453333333333,0.002491,0.419079,0.297726,0.121353,-0.416588,-0.295235,400.312524,-0.29130289711392815,0.045883957828507294,610.0,0
4218.964,-1.331729,-0.391035,21.568004,0.963658,0.002501,0.41881799999999997,0.297546,0.121272,-0.416317,-0.295045,400.331804,-0.2912979563600726,0.04590014047742941,611.0,0
4219.964,-1.3318865,-0.38499950000000005,21.570234499999998,0.9624245,0.0025580000000000004,0.4186535,0.2974715,0.12118200000000001,-0.4160955,-0.29491350000000005,400.27430649999997,-0.2912367262725174,0.0461006898347438,612.0,0
4220.964,-1.332044,-0.378964,21.572465,0.961191,0.002615,0.418489,0.297397,0.121092,-0.415874,-0.29478200000000004,400.216809,-0.2911754309608942,0.04630145282305931,613.0,0
4221.964,-1.3173676666666667,-0.37983500000000003,21.57092666666667,0.9613943333333334,0.0025853333333333336,0.4185793333333333,0.29743833333333336,0.121141,-0.41599400000000003,-0.29485300000000003,399.95348766666666,-0.2912092270783401,0.04619075904645176,614.0,0
4222.964,-1.3026913333333332,-0.380706,21.569388333333332,0.9615976666666667,0.0025556666666666666,0.41866966666666666,0.29747966666666664,0.12119,-0.416114,-0.294924,399.69016633333337,-0.291243003703321,0.046080129114295376,615.0,0
4223.964,-1.288015,-0.381577,21.56785,0.961801,0.002526,0.41875999999999997,0.297521,0.121239,-0.416234,-0.294995,399.426845,-0.29127676085269544,0.04596956297137267,616.0,0
4224.964,-1.3167974999999998,-0.3799225,21.569767,0.964244,0.0025395,0.419331,0.298,0.121331,-0.4167915,-0.2954605,400.117369,-0.2911078827372505,0.04652269622447125,617.0,0
4225.964,-1.34558,-0.378268,21.571684,0.966687,0.002553,0.419902,0.298479,0.121423,-0.41734899999999997,-0.29592599999999997,400.807893,-0.2909394558018728,0.047074351709431306,618.0,0
4226.964,-1.336607,-0.3829786666666667,21.569967666666667,0.963228,0.0025233333333333336,0.4196243333333333,0.2982456666666667,0.12137866666666666,-0.417101,-0.2957223333333333,400.51723499999997,-0.2910061536002556,0.046855893739925936,619.0,0
4227.964,-1.327634,-0.38768933333333333,21.568251333333333,0.959769,0.0024936666666666666,0.4193466666666667,0.2980123333333333,0.12133433333333334,-0.416853,-0.29551866666666665,400.226577,-0.29107293076039786,0.04663717583367233,620.0,0
4228.964,-1.318661,-0.3924,21.566535,0.95631,0.002464,0.419069,0.297779,0.12129,-0.416605,-0.295315,399.935919,-0.2911397874240286,0.046418197526459704,621.0,0
4229.964,-1.3188325,-0.3863845,21.5672975,0.9605,0.0024415,0.4188965,0.2976555,0.12124099999999999,-0.416455,-0.295214,399.686099,-0.29112699121631674,0.0464601094579159,622.0,0
4230.964,-1.319004,-0.380369,21.56806,0.96469,0.002419,0.418724,0.297532,0.121192,-0.416305,-0.295113,399.436279,-0.2911141857873092,0.04650205159225107,623.0,0
4231.964,-1.3267246666666668,-0.381822,21.567709666666666,0.9644976666666667,0.0024483333333333336,0.4189733333333333,0.2975976666666667,0.12137566666666666,-0.416525,-0.2951493333333334,399.4199276666667,-0.2914013758310844,0.04556140654329133,624.0,0
4232.964,-1.3344453333333333,-0.38327500000000003,21.567359333333332,0.9643053333333333,0.0024776666666666666,0.4192226666666667,0.29766333333333334,0.12155933333333334,-0.41674500000000003,-0.2951856666666667,399.4035763333333,-0.2916882626584506,0.044621754631176236,625.0,0
4233.964,-1.342166,-0.384728,21.567009,0.964113,0.002507,0.419472,0.297729,0.121743,-0.41696500000000003,-0.29522200000000004,399.387225,-0.2919748467493596,0.04368309428390038,626.0,0
4234.964,-1.337682,-0.3848375,21.568346499999997,0.964148,0.002565,0.41949000000000003,0.2978485,0.1216415,-0.416925,-0.29528350000000003,399.753945,-0.2917594093887615,0.04438872489679935,627.0,0
4235.964,-1.333198,-0.384947,21.569684,0.964183,0.002623,0.419508,0.297968,0.12154,-0.416885,-0.295345,400.120665,-0.29154393068575424,0.04509449092014628,628.0,0
4236.964,-1.338924,-0.3792545,21.568661,0.9640145,0.0025919999999999997,0.418563,0.29747500000000004,0.121088,-0.41597100000000004,-0.294883,399.550057,-0.2910979157150755,0.04655534161126318,629.0,0
4237.964,-1.34465,-0.373562,21.567638,0.963846,0.002561,0.41761800000000004,0.296982,0.120636,-0.41505700000000006,-0.29442100000000004,398.979449,-0.2906499363941251,0.048022626217473774,630.0,0
4238.964,-1.3340185,-0.378058,21.567343,0.9634849999999999,0.0025325,0.4172035,0.296662,0.1205415,-0.414671,-0.29412950000000004,398.6800585,-0.2906925989340922,0.04788289189218675,631.0,0
4239.964,-1.323387,-0.382554,21.567048,0.963124,0.002504,0.41678899999999997,0.296342,0.120447,-0.41428499999999996,-0.293838,398.380668,-0.29073534097382464,0.04774289717813518,632.0,0
4240.964,-1.3274233333333334,-0.381843,21.56644,0.9625779999999999,0.0024216666666666666,0.417394,0.29671333333333333,0.12068066666666667,-0.4149723333333333,-0.2942916666666667,398.77090066666665,-0.29081687570386383,0.047475843212331115,633.0,0
4241.964,-1.3314596666666667,-0.381132,21.565832,0.962032,0.0023393333333333335,0.41799899999999995,0.29708466666666666,0.12091433333333333,-0.41565966666666665,-0.2947453333333333,399.16113333333334,-0.2908981407821802,0.047209672447611095,634.0,0
4242.964,-1.335496,-0.380421,21.565224,0.961486,0.002257,0.418604,0.297456,0.121148,-0.41634699999999997,-0.295199,399.551366,-0.29097913754425403,0.04694438050982319,635.0,0
4243.964,-1.3371024999999999,-0.381608,21.565512,0.962992,0.002309,0.41877349999999997,0.29749899999999996,0.12127450000000001,-0.41646449999999996,-0.29518999999999995,399.2874315,-0.29120078950496264,0.046218394968360665,636.0,0
4244.964,-1.338709,-0.382795,21.5658,0.964498,0.002361,0.41894299999999995,0.297542,0.121401,-0.41658199999999995,-0.29518099999999997,399.023497,-0.2914223164282576,0.04549281896694535,637.0,0
4245.964,-1.3344866666666666,-0.38235399999999997,21.564294666666665,0.9639843333333333,0.002352333333333333,0.41890399999999994,0.29764766666666664,0.12125633333333333,-0.41655166666666665,-0.2952953333333333,399.1227283333333,-0.2910962411935482,0.04656082623866631,638.0,0
4246.964,-1.3302643333333333,-0.381913,21.562789333333335,0.9634706666666666,0.0023436666666666666,0.418865,0.2977533333333333,0.12111166666666667,-0.4165213333333333,-0.2954096666666667,399.2219596666667,-0.29077011846560513,0.04762898906687718,639.0,0
4247.964,-1.326042,-0.381472,21.561284,0.962957,0.002335,0.418826,0.297859,0.120967,-0.416491,-0.295524,399.321191,-0.2904439482340512,0.048697307485566665,640.0,0
4248.964,-1.3337135,-0.38349849999999996,21.5639095,0.963386,0.0023625,0.41891500000000004,0.29780850000000003,0.1211065,-0.4165525,-0.295446,399.3731145,-0.2907359594191834,0.04774087155929019,641.0,0
4249.964,-1.341385,-0.385525,21.566535,0.963815,0.00239,0.41900400000000004,0.297758,0.121246,-0.41661400000000004,-0.295368,399.425038,-0.2910278843915096,0.04678471800926909,642.0,0
4250.964,-1.3345546666666668,-0.3858896666666667,21.565257666666664,0.9626886666666666,0.0023806666666666668,0.4188526666666667,0.2976566666666667,0.121196,-0.416472,-0.29527600000000004,399.40614466666665,-0.29100705691392675,0.04685293508049171,643.0,0
4251.964,-1.3277243333333333,-0.3862543333333333,21.563980333333333,0.9615623333333333,0.0023713333333333334,0.4187013333333333,0.29755533333333334,0.121146,-0.41633000000000003,-0.295184,399.3872513333333,-0.2909862152288214,0.04692119868618161,644.0,0
4252.964,-1.320894,-0.386619,21.562703,0.960436,0.002362,0.41855,0.297454,0.121096,-0.416188,-0.295092,399.368358,-0.290965359321651,0.046989508873970576,645.0,0
4253.964,-1.323696,-0.383077,21.5599865,0.959417,0.0023369999999999997,0.41873099999999996,0.297498,0.12123300000000001,-0.416394,-0.295161,399.602715,-0.2911504276008482,0.04638334732930849,646.0,0
4254.964,-1.326498,-0.379535,21.55727,0.958398,0.002312,0.41891199999999995,0.297542,0.12137,-0.41659999999999997,-0.29523,399.837072,-0.29133531285480757,0.04577778525453591,647.0,0
4255.964,-1.3261479999999999,-0.380725,21.55888,0.9586256666666666,0.0023266666666666666,0.4190703333333333,0.29769799999999996,0.12137233333333333,-0.4167436666666666,-0.2953713333333333,399.9709726666666,-0.29124047773686085,0.046088402513377646,648.0,0
4256.964,-1.325798,-0.381915,21.56049,0.9588533333333333,0.0023413333333333333,0.41922866666666664,0.297854,0.12137466666666667,-0.41688733333333333,-0.29551266666666665,400.10487333333333,-0.2911457079827514,0.046398805683426136,649.0,0
4257.964,-1.325448,-0.383105,21.5621,0.959081,0.002356,0.419387,0.29801,0.121377,-0.417031,-0.295654,400.238774,-0.2910510035249263,0.046708994985940167,650.0,0
4258.964,-1.331407,-0.37769699999999995,21.5619425,0.9611285,0.0023655,0.41881900000000005,0.297547,0.12127199999999999,-0.41645350000000003,-0.2951815,399.9049655,-0.29120247807372995,0.04621286433146976,651.0,0
4259.964,-1.337366,-0.372289,21.561785,0.963176,0.002375,0.41825100000000004,0.297084,0.121167,-0.415876,-0.294709,399.571157,-0.29135437330928765,0.045715355784830325,652.0,0
4260.964,-1.3358846666666666,-0.37060499999999996,21.561688333333333,0.9611243333333334,0.0023936666666666668,0.4184926666666667,0.29728566666666667,0.121207,-0.416099,-0.294892,399.70920533333333,-0.29129435854053615,0.045911924559807527,653.0,0
4261.964,-1.3344033333333334,-0.368921,21.56159166666667,0.9590726666666667,0.002412333333333333,0.4187343333333334,0.2974873333333333,0.12124700000000001,-0.416322,-0.295075,399.8472536666667,-0.2912344080649307,0.04610828275286927,654.0,0
4262.964,-1.332922,-0.367237,21.561495,0.957021,0.002431,0.418976,0.297689,0.121287,-0.416545,-0.29525799999999996,399.985302,-0.2911745217792119,0.04630443070222556,655.0,0
4263.964,-1.3292030000000001,-0.3737565,21.5622305,0.9591585,0.002397,0.41827800000000004,0.297204,0.121074,-0.415881,-0.294807,399.7947155,-0.29112724824468594,0.046459267602607324,656.0,0
4264.964,-1.325484,-0.380276,21.562966,0.961296,0.002363,0.41758,0.296719,0.120861,-0.415217,-0.294356,399.604129,-0.2910798235135447,0.04661459972331672,657.0,0
4265.964,-1.3233063333333335,-0.37656,21.561792666666665,0.961377,0.0024503333333333334,0.41802233333333333,0.296975,0.12104733333333333,-0.415572,-0.29452466666666666,399.417998,-0.2912795487012648,0.04596043181933274,658.0,0
4266.964,-1.3211286666666666,-0.372844,21.560619333333335,0.961458,0.002537666666666667,0.4184646666666667,0.297231,0.12123366666666667,-0.41592700000000005,-0.29469333333333336,399.23186699999997,-0.2914789329512141,0.045307380602480296,659.0,0
4267.964,-1.318951,-0.369128,21.559446,0.961539,0.002625,0.41890700000000003,0.297487,0.12142,-0.41628200000000004,-0.294862,399.045736,-0.29167797713563676,0.04465544321586257,660.0,0
4268.964,-1.322943,-0.3753525,21.562440000000002,0.961539,0.0025595,0.419279,0.29776749999999996,0.1215115,-0.4167195,-0.295208,399.71739349999996,-0.2915913260390408,0.044939255021900326,661.0,0
4269.964,-1.326935,-0.381577,21.565434,0.961539,0.002494,0.419651,0.298048,0.121603,-0.417157,-0.295554,400.389051,-0.2915048566962959,0.04522247152227277,662.0,0
4270.964,-1.3351365,-0.3747475,21.563353499999998,0.961642,0.0025275000000000002,0.418757,0.2975755,0.1211815,-0.41622950000000003,-0.295048,400.416224,-0.2911417646797372,0.046411721341671486,663.0,0
4271.964,-1.343338,-0.367918,21.561273,0.961745,0.002561,0.417863,0.297103,0.12076,-0.415302,-0.294542,400.443397,-0.2907770508619049,0.04760628311171555,664.0,0
4272.964,-1.338525,-0.3717275,21.559451,0.960396,0.002502,0.4179,0.29709450000000004,0.12080550000000001,-0.41539800000000004,-0.29459250000000003,400.208143,-0.2908193848294522,0.047467624972830524,665.0,0
4273.964,-1.333712,-0.375537,21.557629,0.959047,0.002443,0.417937,0.297086,0.120851,-0.41549400000000003,-0.29464300000000004,399.972889,-0.2908616992344034,0.0473290309080997,666.0,0
4274.964,-1.33159,-0.379097,21.56322,0.958048,0.002484,0.417974,0.297159,0.120815,-0.41549,-0.294675,399.8289,-0.290777854528038,0.04760365083185247,667.0,0
4275.964,-1.3225775,-0.38837299999999997,21.564970000000002,0.9622925,0.002379,0.41815250000000004,0.29716600000000004,0.1209865,-0.4157735,-0.294787,399.4438575,-0.2909920689800311,0.046902025660470636,668.0,0
4276.964,-1.313565,-0.397649,21.56672,0.966537,0.002274,0.418331,0.297173,0.121158,-0.416057,-0.294899,399.058815,-0.291205991501144,0.04620135666198899,669.0,0
4277.964,-1.3111645,-0.39249449999999997,21.562731499999998,0.9624935,0.0023020000000000002,0.4184105,0.297285,0.1211255,-0.4161085,-0.294983,399.2790295,-0.29109184525633397,0.04657522442782969,670.0,0
4278.964,-1.308764,-0.38734,21.558743,0.95845,0.00233,0.41849000000000003,0.297397,0.121093,-0.41616000000000003,-0.295067,399.499244,-0.2909777272628971,0.04694899966081667,671.0,0
4279.964,-1.3249135,-0.37773500000000004,21.561169,0.958786,0.0023755,0.41899200000000003,0.29773950000000005,0.12125250000000001,-0.41661650000000006,-0.295364,399.879057,-0.2910417399256628,0.04673933642350614,672.0,0
4280.964,-1.341063,-0.36813,21.563595,0.959122,0.002421,0.41949400000000003,0.298082,0.121412,-0.417073,-0.295661,400.25887,-0.2911056124601987,0.046530132153796866,673.0,0
4281.964,-1.3403626666666666,-0.36720200000000003,21.563542666666667,0.9594896666666667,0.0024426666666666668,0.41953333333333337,0.29796433333333333,0.12156900000000001,-0.4170906666666667,-0.2955216666666667,399.93499033333336,-0.2914696999606,0.04533762178631118,674.0,0
4282.964,-1.3396623333333333,-0.366274,21.563490333333334,0.9598573333333333,0.002464333333333333,0.4195726666666667,0.2978466666666667,0.121726,-0.41710833333333336,-0.29538233333333336,399.61111066666666,-0.2918337566189997,0.0441452124368682,675.0,0
4283.964,-1.338962,-0.365346,21.563438,0.960225,0.002486,0.41961200000000004,0.297729,0.121883,-0.41712600000000005,-0.29524300000000003,399.287231,-0.29219778243931677,0.04295290409263186,676.0,0
4284.964,-1.3321385000000001,-0.3756615,21.5627175,0.9620795,0.002511,0.41875700000000005,0.2973255,0.1214315,-0.416246,-0.29481450000000003,398.8568935,-0.2917308316015808,0.044482326867356425,677.0,0
4285.964,-1.325315,-0.385977,21.561997,0.963934,0.002536,0.417902,0.296922,0.12098,-0.415366,-0.29438600000000004,398.426556,-0.29126190218241776,0.04601823016904805,678.0,0
4286.964,-1.318617,-0.392401,21.56545,0.957017,0.002432,0.419083,0.2981,0.120983,-0.416651,-0.295668,400.235471,-0.2903708148325933,0.04893684424349398,679.0,0
4287.964,-1.3176709999999998,-0.386945,21.562834,0.956051,0.0024660000000000003,0.4182105,0.2975645,0.120646,-0.41574449999999996,-0.2950985,400.098018,-0.2901933523915587,0.04951809408189789,680.0,0
4288.964,-1.316725,-0.381489,21.560218,0.955085,0.0025,0.417338,0.297029,0.120309,-0.414838,-0.294529,399.960565,-0.29001511437022254,0.05010188420951622,681.0,0
4289.964,-1.3265859999999998,-0.3740475,21.559925,0.9552645,0.0024085,0.417808,0.297292,0.120516,-0.41539950000000003,-0.29488349999999997,400.1560115,-0.29012141353423276,0.04975371830160247,682.0,0
4290.964,-1.336447,-0.366606,21.559632,0.955444,0.002317,0.41827800000000004,0.297555,0.120723,-0.415961,-0.295238,400.351458,-0.290227425714011,0.049406492364634014,683.0,0
4291.964,-1.338616,-0.36252666666666666,21.558029333333334,0.9570726666666667,0.0023216666666666668,0.418376,0.2975666666666667,0.12080933333333334,-0.41605433333333336,-0.295245,400.2677683333333,-0.2903698243814895,0.048940088307650176,684.0,0
4292.964,-1.340785,-0.35844733333333334,21.556426666666667,0.9587013333333333,0.0023263333333333335,0.41847400000000007,0.29757833333333333,0.12089566666666667,-0.4161476666666667,-0.295252,400.18407866666666,-0.29051215917465006,0.04847389346077735,685.0,0
4293.964,-1.342954,-0.354368,21.554824,0.96033,0.002331,0.41857200000000006,0.29759,0.120982,-0.416241,-0.295259,400.100389,-0.29065443013645975,0.04800790768328367,686.0,0
4294.964,-1.333347,-0.36522166666666667,21.555668333333333,0.9596276666666667,0.0023823333333333335,0.4179976666666667,0.29738166666666666,0.120616,-0.41561533333333334,-0.29499933333333334,400.5830036666667,-0.2902113578052731,0.04945912022945409,687.0,0
4295.964,-1.32374,-0.3760753333333334,21.556512666666666,0.9589253333333334,0.0024336666666666664,0.4174233333333333,0.29717333333333334,0.12025000000000001,-0.41498966666666665,-0.2947396666666666,401.0656183333333,-0.28976694945886067,0.05091470867978509,688.0,0
4296.964,-1.314133,-0.386929,21.557357,0.958223,0.002485,0.41684899999999997,0.296965,0.119884,-0.41436399999999995,-0.29447999999999996,401.548233,-0.28932119904528153,0.05237469285644125,689.0,0
4297.964,-1.3181695,-0.379327,21.556493,0.9592620000000001,0.002443,0.4166845,0.29696449999999996,0.11972,-0.4142415,-0.2945215,401.4248625,-0.28901085239130414,0.05339118367794604,690.0,0
4298.964,-1.322206,-0.371725,21.555629,0.960301,0.002401,0.41652,0.296964,0.119556,-0.414119,-0.294563,401.301492,-0.28870032213040725,0.054408275874545664,691.0,0
4299.964,-1.335075,-0.3678265,21.555542,0.960237,0.0024254999999999997,0.41633549999999997,0.296811,0.1195245,-0.41391,-0.29438549999999997,401.289584,-0.28876999533713926,0.054180072430943915,692.0,0
4300.964,-1.347944,-0.363928,21.555455,0.960173,0.00245,0.416151,0.296658,0.119493,-0.413701,-0.29420799999999997,401.277676,-0.2888397389412618,0.0539516384119505,693.0,0
4301.964,-1.33579,-0.367205,21.556514999999997,0.9615766666666667,0.0024389999999999998,0.4158833333333333,0.2964213333333333,0.119462,-0.4134443333333333,-0.2939823333333333,401.2865576666667,-0.2889440713358542,0.05360991434265694,694.0,0
4302.964,-1.323636,-0.370482,21.557575,0.9629803333333333,0.002428,0.41561566666666666,0.29618466666666665,0.11943100000000001,-0.4131876666666667,-0.29375666666666667,401.2954393333333,-0.28904853335054376,0.05326776572346936,695.0,0
4303.964,-1.311482,-0.373759,21.558635,0.964384,0.002417,0.415348,0.295948,0.1194,-0.412931,-0.293531,401.304321,-0.28915312522703607,0.052925191762719925,696.0,0
4304.964,-1.3232685000000002,-0.371239,21.55601,0.9626250000000001,0.0024275,0.41380700000000004,0.29513849999999997,0.11866850000000001,-0.4113795,-0.292711,400.28120750000005,-0.2884654885950531,0.055177435555211596,697.0,0
4305.964,-1.335055,-0.368719,21.553385,0.960866,0.002438,0.412266,0.294329,0.117937,-0.409828,-0.291891,399.258094,-0.28777264553091914,0.05744673218338403,698.0,0
4306.964,-1.332699,-0.366153,21.5552945,0.9613054999999999,0.0025009999999999998,0.41250549999999997,0.29457,0.1179355,-0.4100045,-0.292069,399.123486,-0.2876451054686118,0.05786446925593847,699.0,0
4307.964,-1.330343,-0.363587,21.557204,0.961745,0.002564,0.412745,0.294811,0.117934,-0.41018099999999996,-0.292247,398.988878,-0.28751767516699983,0.05828184682489257,700.0,0
4308.964,-1.329353,-0.36775033333333335,21.558477666666665,0.9625049999999999,0.0025626666666666667,0.412678,0.29464166666666664,0.11803633333333333,-0.4101153333333333,-0.292079,399.337863,-0.28781323582123036,0.05731378518036401,701.0,0
4309.964,-1.328363,-0.37191366666666664,21.559751333333335,0.963265,0.0025613333333333334,0.41261099999999995,0.29447233333333334,0.11813866666666667,-0.41004966666666665,-0.291911,399.686848,-0.2881088911397508,0.05634541347809652,702.0,0
4310.964,-1.327373,-0.376077,21.561025,0.964025,0.00256,0.41254399999999997,0.294303,0.118241,-0.40998399999999996,-0.291743,400.035833,-0.2884046411680484,0.05537673156910372,703.0,0
4311.964,-1.3339555,-0.374756,21.558949,0.9630445000000001,0.00248,0.412095,0.293895,0.1182,-0.40961499999999995,-0.291415,399.5124845,-0.2885643557104981,0.05485361213352968,704.0,0
4312.964,-1.340538,-0.373435,21.556873,0.962064,0.0024,0.411646,0.293487,0.118159,-0.409246,-0.291087,398.989136,-0.2887243582694963,0.05432954934582279,705.0,0
4313.964,-1.33959,-0.37684,21.558101,0.9629075,0.0025034999999999996,0.4117705,0.2937665,0.118004,-0.40926699999999994,-0.29126299999999994,398.9196885,-0.2883308166327034,0.05561853202552358,706.0,0
4314.964,-1.338642,-0.380245,21.559329,0.963751,0.002607,0.41189499999999996,0.294046,0.117849,-0.40928799999999993,-0.29143899999999995,398.850241,-0.2879373153801611,0.056907382433071474,707.0,0
4315.964,-1.337984,-0.3709225,21.556902,0.9631035,0.002558,0.41252749999999994,0.294465,0.1180625,-0.4099695,-0.29190699999999997,399.119316,-0.28797944232300765,0.05676940237047767,708.0,0
4316.964,-1.337326,-0.3616,21.554475,0.962456,0.002509,0.41315999999999997,0.294884,0.118276,-0.410651,-0.292375,399.388391,-0.2880214294411299,0.05663188028140165,709.0,0
4317.964,-1.3324785000000001,-0.3678165,21.555431499999997,0.965387,0.0024855,0.412458,0.29425,0.11820800000000001,-0.40997249999999996,-0.2917645,399.2718255,-0.2883322377287201,0.055613877452841964,710.0,0
4318.964,-1.327631,-0.374033,21.556388,0.968318,0.002462,0.411756,0.293616,0.11814,-0.409294,-0.29115399999999997,399.15526,-0.2886440764928792,0.054592499463117394,711.0,0
4319.964,-1.332099,-0.3724685,21.5562215,0.9646605,0.002393,0.412481,0.29409949999999996,0.1183815,-0.410088,-0.2917065,399.45099300000004,-0.28867411061555237,0.0544941274986126,712.0,0
4320.964,-1.336567,-0.370904,21.556055,0.961003,0.002324,0.41320599999999996,0.294583,0.118623,-0.41088199999999997,-0.292259,399.746726,-0.2887040286603663,0.05439613572856783,713.0,0
4321.964,-1.333523,-0.37075600000000003,21.555449666666668,0.961572,0.002378666666666667,0.41272133333333333,0.29434733333333335,0.11837400000000001,-0.41034266666666663,-0.29196866666666665,399.61779766666666,-0.28847667594078097,0.055140793193827586,714.0,0
4322.964,-1.330479,-0.370608,21.55484433333333,0.962141,0.0024333333333333334,0.41223666666666664,0.29411166666666666,0.118125,-0.40980333333333335,-0.2916783333333334,399.48886933333335,-0.2882487247917085,0.05588741071914671,715.0,0
4323.964,-1.327435,-0.37046,21.554239,0.96271,0.002488,0.411752,0.293876,0.117876,-0.409264,-0.29138800000000004,399.359941,-0.2880201728472888,0.05663599605352121,716.0,0
4324.964,-1.3288943333333332,-0.370472,21.555181,0.9631759999999999,0.0024913333333333332,0.41171266666666667,0.29383966666666667,0.11787299999999999,-0.4092213333333333,-0.2913483333333334,399.30477033333335,-0.28804287176997556,0.0565616493632205,717.0,0
4325.964,-1.3303536666666667,-0.370484,21.556123,0.963642,0.0024946666666666667,0.41167333333333334,0.29380333333333336,0.11787,-0.4091786666666667,-0.29130866666666666,399.24959966666665,-0.28806557542648537,0.056487287168039524,718.0,0
4326.964,-1.331813,-0.370496,21.557065,0.964108,0.002498,0.411634,0.293767,0.117867,-0.409136,-0.291269,399.194429,-0.28808828381829954,0.056412909463126604,719.0,0
4327.964,-1.3296623333333333,-0.369054,21.554110666666666,0.9623883333333333,0.0025046666666666663,0.41186233333333333,0.2939596666666667,0.11790266666666667,-0.4093576666666667,-0.291455,398.99867033333334,-0.28801941257420177,0.056638486206403216,720.0,0
4328.964,-1.3275116666666666,-0.367612,21.551156333333335,0.9606686666666667,0.0025113333333333333,0.41209066666666666,0.29415233333333335,0.11793833333333333,-0.4095793333333333,-0.291641,398.80291166666666,-0.28795061587730464,0.056863818782248776,721.0,0
4329.964,-1.325361,-0.36617,21.548202,0.958949,0.002518,0.412319,0.294345,0.117974,-0.40980099999999997,-0.291827,398.607153,-0.2878818936066373,0.05708890758688401,722.0,0
4330.964,-1.3293903333333335,-0.365781,21.550254666666667,0.9583666666666667,0.002450333333333333,0.41231833333333334,0.2944056666666667,0.11791266666666667,-0.40986799999999995,-0.29195533333333334,398.900518,-0.28768519218836025,0.057733171617744716,723.0,0
4331.964,-1.3334196666666667,-0.365392,21.55230733333333,0.9577843333333333,0.0023826666666666666,0.41231766666666664,0.29446633333333333,0.11785133333333334,-0.409935,-0.29208366666666663,399.193883,-0.28748855506821414,0.0583772250503628,724.0,0
4332.964,-1.337449,-0.365003,21.55436,0.957202,0.002315,0.412317,0.294527,0.11779,-0.410002,-0.29221199999999997,399.487248,-0.28729198221467755,0.05902106798798157,725.0,0
4333.964,-1.334446,-0.36784866666666666,21.553477666666666,0.9594239999999999,0.0023483333333333333,0.41217933333333334,0.29438566666666666,0.11779366666666667,-0.409831,-0.2920373333333333,399.67133033333334,-0.287420800494514,0.05859914431837643,726.0,0
4334.964,-1.3314430000000002,-0.37069433333333335,21.552595333333333,0.961646,0.0023816666666666665,0.41204166666666664,0.29424433333333333,0.11779733333333334,-0.40965999999999997,-0.29186266666666666,399.85541266666667,-0.2875497263170913,0.05817686840972647,727.0,0
4335.964,-1.32844,-0.37354,21.551713,0.963868,0.002415,0.411904,0.294103,0.117801,-0.409489,-0.291688,400.039495,-0.2876787598171375,0.05775423982075145,728.0,0
4336.964,-1.3366445,-0.372788,21.552065499999998,0.9653115,0.0024015,0.4117925,0.29383950000000003,0.117953,-0.409391,-0.291438,399.34957699999995,-0.28811890862014206,0.05631260282348882,729.0,0
4337.964,-1.344849,-0.372036,21.552418,0.966755,0.002388,0.411681,0.293576,0.118105,-0.409293,-0.291188,398.659659,-0.2885592681997205,0.05487027546127454,730.0,0
4338.964,-1.3400156666666667,-0.3700863333333333,21.551574666666667,0.9641406666666666,0.0024423333333333332,0.4122753333333334,0.2940176666666667,0.11825766666666666,-0.409833,-0.29157533333333335,398.95249233333334,-0.28855156909823215,0.054895492636637844,731.0,0
4339.964,-1.3351823333333332,-0.36813666666666667,21.55073133333333,0.9615263333333334,0.0024966666666666666,0.4128696666666667,0.29445933333333335,0.11841033333333334,-0.41037300000000004,-0.29196266666666665,399.24532566666664,-0.2885438902589195,0.05492064344648562,732.0,0
4340.964,-1.330349,-0.366187,21.549888,0.958912,0.002551,0.41346400000000005,0.294901,0.118563,-0.41091300000000003,-0.29235,399.538159,-0.2885362316019002,0.05494572815246024,733.0,0
4341.964,-1.333473,-0.367845,21.551135666666667,0.961566,0.002495,0.41306500000000007,0.2947903333333334,0.11827466666666667,-0.41057000000000005,-0.29229533333333335,399.78926033333335,-0.28807500485099136,0.05645640259641749,734.0,0
4342.964,-1.336597,-0.369503,21.55238333333333,0.96422,0.002439,0.41266600000000003,0.2946796666666667,0.11798633333333333,-0.410227,-0.29224066666666665,400.0403616666667,-0.28761300681413016,0.05796960326413558,735.0,0
4343.964,-1.339721,-0.371161,21.553631,0.966874,0.002383,0.41226700000000005,0.294569,0.117698,-0.409884,-0.292186,400.291463,-0.2871502355550243,0.059485336497630104,736.0,0
4344.964,-1.329925,-0.355115,21.546063,0.963257,0.002422,0.41394400000000003,0.295071,0.118873,-0.41152200000000005,-0.29264900000000005,399.820449,-0.288862536784271,0.053876967723957114,737.0,0
4345.964,-1.337694,-0.36768,21.5473185,0.9628485,0.002425,0.41281200000000007,0.29446950000000005,0.1183425,-0.41038700000000006,-0.29204450000000004,399.4468545,-0.28836875526942923,0.05549427008965924,738.0,0
4346.964,-1.345463,-0.380245,21.548574,0.96244,0.002428,0.41168000000000005,0.293868,0.117812,-0.40925200000000006,-0.29144000000000003,399.07326,-0.2878722348876362,0.05712054317594639,739.0,0
4347.964,-1.3301085000000001,-0.3798815,21.5508815,0.9649055,0.0024575,0.412219,0.294207,0.118012,-0.4097615,-0.2917495,399.0685575,-0.2880023818791709,0.05669426752371687,740.0,0
4348.964,-1.314754,-0.379518,21.553189,0.967371,0.002487,0.41275799999999996,0.294546,0.118212,-0.41027099999999994,-0.29205899999999996,399.063855,-0.2881322056206888,0.05626905062520959,741.0,0
4349.964,-1.329285,-0.360919,21.547875,0.962002,0.00232,0.412623,0.29448,0.118143,-0.41030300000000003,-0.29216000000000003,399.268008,-0.28794156499359,0.05689346350406066,742.0,0
4350.964,-1.327143,-0.36135649999999997,21.547962,0.9630515,0.0023915,0.41146000000000005,0.29384350000000004,0.1176165,-0.40906850000000006,-0.29145200000000004,399.21618,-0.28752345273090624,0.05826292333850647,743.0,0
4351.964,-1.325001,-0.361794,21.548049,0.964101,0.002463,0.410297,0.293207,0.11709,-0.40783400000000003,-0.290744,399.164352,-0.28710280923809506,0.05964067381233451,744.0,0
4352.964,-1.351761,-0.364025,21.560636,0.969326,0.002473,0.412462,0.294402,0.11806,-0.409989,-0.291929,398.912248,-0.2879596475994419,0.05683423682111832,745.0,0
4353.964,-1.346068,-0.362114,21.55642,0.9686445,0.0024315,0.4124335,0.2943595,0.118074,-0.410002,-0.29192799999999997,399.2287475,-0.2879846634520403,0.056752301397512195,746.0,0
4354.964,-1.340375,-0.360203,21.552204,0.967963,0.00239,0.412405,0.294317,0.118088,-0.410015,-0.291927,399.545247,-0.28800967771832187,0.05667037116963314,747.0,0
4355.964,-1.3389063333333333,-0.35691,21.551554333333332,0.968238,0.0023933333333333333,0.4122696666666667,0.29420833333333335,0.11806133333333334,-0.40987633333333334,-0.291815,399.2712026666667,-0.2880420550638975,0.05656432435333736,748.0,0
4356.964,-1.3374376666666667,-0.353617,21.550904666666668,0.968513,0.0023966666666666667,0.4121343333333333,0.29409966666666665,0.11803466666666666,-0.40973766666666667,-0.291703,398.99715833333335,-0.2880744543243221,0.0564582057584595,749.0,0
4357.964,-1.335969,-0.350324,21.550255,0.968788,0.0024,0.411999,0.293991,0.118008,-0.409599,-0.291591,398.723114,-0.2881068755218531,0.05635201531209866,750.0,0
4358.964,-1.333639,-0.356378,21.550444499999998,0.9699234999999999,0.0024045,0.411744,0.29395899999999997,0.117785,-0.40933949999999997,-0.2915545,398.653683,-0.28774473937828965,0.05753813432240451,751.0,0
4359.964,-1.331309,-0.362432,21.550634,0.971059,0.002409,0.411489,0.293927,0.117562,-0.40908,-0.291518,398.584252,-0.287382143791297,0.05872575816616932,752.0,0
4360.964,-1.332896,-0.3571743333333333,21.54870933333333,0.9700893333333334,0.002384666666666667,0.411718,0.2940473333333333,0.11767066666666667,-0.4093333333333333,-0.2916626666666667,398.40097433333335,-0.28746975766227434,0.05843879294665233,753.0,0
4361.964,-1.334483,-0.35191666666666666,21.546784666666667,0.9691196666666666,0.002360333333333333,0.411947,0.29416766666666666,0.11777933333333333,-0.40958666666666665,-0.2918073333333333,398.21769666666665,-0.2875572631529261,0.05815218270955502,754.0,0
4362.964,-1.33607,-0.346659,21.54486,0.96815,0.002336,0.412176,0.294288,0.117888,-0.40984,-0.291952,398.034419,-0.28764466046423104,0.05786592679660385,755.0,0
4363.964,-1.3333265,-0.353327,21.547639500000002,0.9711535,0.002365,0.412033,0.2942395,0.1177935,-0.409668,-0.2918745,398.6502105,-0.28753475383665267,0.0582259083743788,756.0,0
4364.964,-1.330583,-0.359995,21.550419,0.974157,0.002394,0.41189,0.294191,0.117699,-0.40949599999999997,-0.291797,399.266002,-0.287424754881012,0.058586192357952926,757.0,0
4365.964,-1.3301373333333333,-0.3554756666666667,21.549034000000002,0.9737680000000001,0.0024126666666666667,0.411803,0.294072,0.117731,-0.4093903333333333,-0.2916593333333333,399.1542176666667,-0.28757710671504216,0.05808718829605519,758.0,0
4366.964,-1.3296916666666667,-0.3509563333333333,21.547649,0.973379,0.002431333333333333,0.41171599999999997,0.29395299999999996,0.11776299999999999,-0.40928466666666663,-0.2915216666666666,399.04243333333335,-0.28772953721583483,0.05758792657376055,759.0,0
4367.964,-1.329246,-0.346437,21.546264,0.97299,0.00245,0.41162899999999997,0.293834,0.117795,-0.40917899999999996,-0.291384,398.930649,-0.2878820464443347,0.057088406991454455,760.0,0
4368.964,-1.3233305,-0.3643245,21.5449945,0.975303,0.002548,0.41153649999999997,0.29370549999999995,0.11783099999999999,-0.4089885,-0.29115749999999996,399.1943255,-0.2881041596625814,0.056360910674709386,761.0,0
4369.964,-1.317415,-0.382212,21.543725,0.977616,0.002646,0.411444,0.293577,0.117867,-0.408798,-0.290931,399.458002,-0.28832647989099724,0.05563273632926913,762.0,0
4370.964,-1.3167323333333334,-0.37151866666666666,21.545195,0.9766183333333334,0.0026523333333333334,0.41167933333333334,0.2937743333333333,0.117905,-0.40902700000000003,-0.291122,399.5460116666667,-0.288257959151741,0.0558571650500046,763.0,0
4371.964,-1.3160496666666666,-0.36082533333333333,21.546664999999997,0.9756206666666667,0.0026586666666666664,0.41191466666666665,0.2939716666666667,0.117943,-0.409256,-0.29131300000000004,399.63402133333335,-0.28818951509450086,0.05608134261106268,764.0,0
4372.964,-1.315367,-0.350132,21.548135,0.974623,0.002665,0.41215,0.294169,0.117981,-0.40948500000000004,-0.29150400000000004,399.722031,-0.2881211475906262,0.05630526943381764,765.0,0
4373.964,-1.320066,-0.35617,21.5491915,0.9761265,0.0026225,0.4123355,0.29440750000000004,0.117928,-0.409713,-0.291785,399.536975,-0.28783145233725144,0.05725411989608298,766.0,0
4374.964,-1.324765,-0.362208,21.550248,0.97763,0.00258,0.412521,0.294646,0.117875,-0.409941,-0.292066,399.351919,-0.28754207932868225,0.058201914897034523,767.0,0
4375.964,-1.3152819999999998,-0.3585,21.5487385,0.9777279999999999,0.002623,0.4125525,0.294432,0.11812049999999999,-0.40992949999999995,-0.291809,399.335417,-0.28814903086757804,0.05621394222042009,768.0,0
4376.964,-1.305799,-0.354792,21.547229,0.977826,0.002666,0.41258399999999995,0.294218,0.118366,-0.40991799999999995,-0.291552,399.318915,-0.28875601646186905,0.05422585800080604,769.0,0
4377.964,-1.305763,-0.371326,21.549099,0.980456,0.002505,0.411946,0.294183,0.117763,-0.409441,-0.291678,399.381088,-0.28761967565455254,0.057947760544091564,770.0,0
4378.964,-1.2979715,-0.349375,21.547114,0.9793054999999999,0.002528,0.4120755,0.294353,0.11772250000000001,-0.40954749999999995,-0.291825,399.27927950000003,-0.28744599209125216,0.05851663327295287,771.0,0
4379.964,-1.29018,-0.327424,21.545129,0.978155,0.002551,0.412205,0.294523,0.117682,-0.40965399999999996,-0.29197199999999995,399.177471,-0.2872723988351117,0.05908521021515756,772.0,0
4380.964,-1.2974806666666667,-0.33995566666666666,21.545180666666667,0.978271,0.0025796666666666667,0.412032,0.2942593333333333,0.11777266666666666,-0.4094523333333333,-0.2916796666666666,399.23950633333334,-0.2876353233676937,0.05789650896273346,773.0,0
4381.964,-1.3047813333333333,-0.3524873333333333,21.54523233333333,0.978387,0.002608333333333333,0.411859,0.29399566666666666,0.11786333333333333,-0.40925066666666665,-0.29138733333333333,399.3015416666667,-0.28799860557817597,0.056706636193561866,774.0,0
4382.964,-1.312082,-0.365019,21.545284,0.978503,0.002637,0.411686,0.293732,0.117954,-0.409049,-0.291095,399.363577,-0.28836224599557997,0.055515590174917584,775.0,0
4383.964,-1.3112255,-0.3682125,21.546227000000002,0.97961,0.0025725,0.41242599999999996,0.29419799999999996,0.118228,-0.4098535,-0.2916255,399.2529195,-0.2884647525634222,0.05517984630908179,776.0,0
4384.964,-1.310369,-0.371406,21.54717,0.980717,0.002508,0.413166,0.294664,0.118502,-0.41065799999999997,-0.29215599999999997,399.142262,-0.28856685749908073,0.0548454179252178,777.0,0
4385.964,-1.312477,-0.36374833333333334,21.547078000000003,0.9809256666666666,0.0025126666666666665,0.413101,0.2946913333333333,0.11840966666666666,-0.4105883333333333,-0.29217866666666664,398.956008,-0.2883909391587012,0.05542161030892312,778.0,0
4386.964,-1.314585,-0.35609066666666667,21.546986,0.9811343333333333,0.0025173333333333332,0.41303599999999996,0.2947186666666667,0.11831733333333333,-0.41051866666666664,-0.2922013333333333,398.76975400000003,-0.28821496111007794,0.05599799825742946,779.0,0
4387.964,-1.316693,-0.348433,21.546894,0.981343,0.002522,0.412971,0.294746,0.118225,-0.41044899999999995,-0.292224,398.5835,-0.28803892332280817,0.05657458187031672,780.0,0
4388.964,-1.3141189999999998,-0.355944,21.549651500000003,0.98326,0.002542,0.412678,0.29460949999999997,0.11806849999999999,-0.41013599999999995,-0.2920675,399.0683765,-0.28787716239774713,0.05710440390479121,781.0,0
4389.964,-1.311545,-0.363455,21.552409,0.985177,0.002562,0.412385,0.294473,0.117912,-0.409823,-0.291911,399.553253,-0.2877151543840985,0.05763503523840974,782.0,0
4390.964,-1.3084416666666667,-0.363079,21.550085666666668,0.9846526666666666,0.0025566666666666667,0.41220266666666666,0.2943093333333333,0.11789333333333334,-0.409646,-0.29175266666666666,399.39866133333334,-0.2877939028508424,0.0573771072323338,783.0,0
4391.964,-1.3053383333333333,-0.362703,21.54776233333333,0.9841283333333334,0.0025513333333333334,0.4120203333333334,0.2941456666666667,0.11787466666666667,-0.409469,-0.29159433333333334,399.24406966666663,-0.28787271939850406,0.057118956238101926,784.0,0
4392.964,-1.302235,-0.362327,21.545439,0.983604,0.002546,0.41183800000000004,0.293982,0.117856,-0.40929200000000004,-0.29143600000000003,399.089478,-0.2879516041154093,0.05686058196641719,785.0,0
4393.964,-1.3068795,-0.359178,21.5468295,0.983735,0.002552,0.41239750000000003,0.29411,0.1182875,-0.40984550000000003,-0.291558,399.357172,-0.28861556029176927,0.05468589971835114,786.0,0
4394.964,-1.311524,-0.356029,21.54822,0.983866,0.002558,0.412957,0.294238,0.118719,-0.410399,-0.29168,399.624866,-0.2892777255249782,0.0525170834180938,787.0,0
4395.964,-1.3114504999999999,-0.3488475,21.545887,0.983209,0.0025635,0.4124215,0.294072,0.1183495,-0.409858,-0.2915085,399.6805205,-0.28875803023981533,0.054219262193270445,788.0,0
4396.964,-1.311377,-0.341666,21.543554,0.982552,0.002569,0.411886,0.293906,0.11798,-0.409317,-0.291337,399.736175,-0.2882369611742516,0.05592594056639766,789.0,0
4397.964,-1.296019,-0.3496055,21.5452215,0.9826825,0.0024980000000000002,0.412236,0.294219,0.11801700000000001,-0.409738,-0.291721,399.6293055,-0.2880311028781877,0.05660019648569903,790.0,0
4398.964,-1.280661,-0.357545,21.546889,0.982813,0.002427,0.412586,0.294532,0.118054,-0.410159,-0.292105,399.522436,-0.2878256671819152,0.057273068246983194,791.0,0
4399.964,-1.265538,-0.367215,21.545076,0.985004,0.002512,0.412206,0.294155,0.118051,-0.409694,-0.291643,399.86482,-0.28814502566555933,0.056227060618953106,792.0,0
4400.964,-1.279623,-0.357126,21.545282,0.9839085000000001,0.002578,0.41216700000000006,0.294191,0.117976,-0.40958900000000004,-0.291613,399.657457,-0.2880357822983097,0.056584869793617654,793.0,0
4401.964,-1.293708,-0.347037,21.545488,0.982813,0.002644,0.41212800000000005,0.294227,0.117901,-0.40948400000000007,-0.29158300000000004,399.450094,-0.2879264829064943,0.05694286246778546,794.0,0
4402.964,-1.2956515,-0.35294899999999996,21.5442255,0.984094,0.002587,0.41213750000000005,0.294229,0.1179085,-0.40955050000000004,-0.29164200000000007,399.457584,-0.2878980440703749,0.05703600932636821,795.0,0
4403.964,-1.297595,-0.358861,21.542963,0.985375,0.00253,0.41214700000000004,0.294231,0.117916,-0.40961700000000006,-0.29170100000000004,399.465074,-0.2878696144681848,0.05712912594069253,796.0,0
4404.964,-1.2946356666666667,-0.35470066666666666,21.544184,0.9866516666666667,0.002474,0.4123516666666667,0.2942496666666667,0.118102,-0.40987766666666675,-0.2917756666666667,399.426531,-0.2881403348974895,0.05624242447942229,797.0,0
4405.964,-1.2916763333333332,-0.35054033333333334,21.545405,0.9879283333333333,0.002418,0.41255633333333336,0.29426833333333335,0.118288,-0.4101383333333334,-0.2918503333333334,399.387988,-0.28841071120892836,0.05535685012117597,798.0,0
4406.964,-1.288717,-0.34638,21.546626,0.989205,0.002362,0.41276100000000004,0.294287,0.118474,-0.41039900000000007,-0.29192500000000005,399.349445,-0.28868074405820693,0.054472400718294844,799.0,0
4407.964,-1.2786035,-0.352044,21.5435135,0.9861679999999999,0.002441,0.4124645,0.2941345,0.11832999999999999,-0.41002350000000004,-0.29169350000000005,399.3137195,-0.2885939186264168,0.05475678353137414,800.0,0
4408.964,-1.26849,-0.357708,21.540401,0.983131,0.00252,0.41216800000000003,0.293982,0.118186,-0.409648,-0.291462,399.277994,-0.28850693401880156,0.05504168769940665,801.0,0
4409.964,-1.272741,-0.35518900000000003,21.540978,0.9844783333333333,0.002465666666666667,0.4119226666666667,0.293902,0.11802066666666666,-0.409457,-0.29143633333333335,399.30878533333333,-0.2882377268049966,0.055923432865364164,802.0,0
4410.964,-1.276992,-0.35267,21.541555,0.9858256666666666,0.0024113333333333335,0.41167733333333334,0.293822,0.11785533333333334,-0.409266,-0.29141066666666665,399.33957666666663,-0.2879682683184081,0.056806001035130005,803.0,0
4411.964,-1.281243,-0.350151,21.542132,0.987173,0.002357,0.411432,0.293742,0.11769,-0.409075,-0.291385,399.370368,-0.2876985582070726,0.05768939336150447,804.0,0
4412.964,-1.2814109999999999,-0.34729350000000003,21.544409,0.989033,0.0024340000000000004,0.41171800000000003,0.2938865,0.1178315,-0.409284,-0.2914525,399.399993,-0.2878973717452228,0.057038211419857654,805.0,0
4413.964,-1.281579,-0.344436,21.546686,0.990893,0.002511,0.412004,0.294031,0.117973,-0.409493,-0.29152,399.429618,-0.2880959823390933,0.05638769418973566,806.0,0
4414.964,-1.2858715,-0.34543,21.546561,0.992471,0.002438,0.41235049999999995,0.29410899999999995,0.1182415,-0.4099125,-0.291671,399.48859600000003,-0.28845616675794655,0.055207967741516706,807.0,0
4415.964,-1.290164,-0.346424,21.546436,0.994049,0.002365,0.412697,0.294187,0.11851,-0.410332,-0.29182199999999997,399.547574,-0.2888156147110504,0.05403065346905356,808.0,0
4416.964,-1.2839853333333333,-0.34672600000000003,21.546991333333334,0.9935083333333333,0.002408,0.412611,0.2941973333333333,0.11841366666666667,-0.410203,-0.2917893333333333,399.49475333333334,-0.2886715975706279,0.05450235857527175,809.0,0
4417.964,-1.2778066666666668,-0.347028,21.547546666666666,0.9929676666666666,0.002451,0.412525,0.29420766666666665,0.11831733333333334,-0.410074,-0.29175666666666666,399.4419326666667,-0.288527489820918,0.05497436045771653,810.0,0
4418.964,-1.271628,-0.34733,21.548102,0.992427,0.002494,0.412439,0.294218,0.118221,-0.409945,-0.291724,399.389112,-0.28838329137638313,0.05544665939655313,811.0,0
4419.964,-1.2810535,-0.3395555,21.546954,0.9923195,0.0025050000000000003,0.412102,0.2940545,0.1180475,-0.409597,-0.2915495,399.749233,-0.288204718796082,0.056031545318544596,812.0,0
4420.964,-1.290479,-0.331781,21.545806,0.992212,0.002516,0.41176500000000005,0.293891,0.117874,-0.40924900000000003,-0.291375,400.109354,-0.28802584252091645,0.05661742594448482,813.0,0
4421.964,-1.2895703333333333,-0.336071,21.545643333333334,0.9945423333333333,0.002501666666666667,0.4120533333333334,0.2940686666666667,0.11798466666666667,-0.4095516666666667,-0.291567,399.82839533333333,-0.28808320012501504,0.05642956028728341,814.0,0
4422.964,-1.2886616666666666,-0.34036099999999997,21.545480666666666,0.9968726666666666,0.002487333333333333,0.4123416666666667,0.29424633333333333,0.11809533333333334,-0.4098543333333334,-0.291759,399.54743666666667,-0.28814047301473705,0.05624197209847148,815.0,0
4423.964,-1.287753,-0.344651,21.545318,0.999203,0.002473,0.41263000000000005,0.294424,0.118206,-0.41015700000000005,-0.291951,399.266478,-0.2881976613776222,0.05605466076379251,816.0,0
4424.964,-1.2818965,-0.35478849999999995,21.5459485,0.9991505,0.002405,0.4124515,0.294341,0.11811050000000001,-0.41004650000000004,-0.29193600000000003,398.8532955,-0.28804242456020124,0.05656311412729975,817.0,0
4425.964,-1.27604,-0.364926,21.546579,0.999098,0.002337,0.412273,0.294258,0.118015,-0.409936,-0.29192100000000004,398.440113,-0.2878871040530815,0.05707184160302825,818.0,0
4426.964,-1.2839265000000002,-0.3523395,21.54629,0.99722,0.002417,0.4128695,0.2945675,0.11830199999999999,-0.4104525,-0.2921505,398.699455,-0.28822406544987655,0.05596817844876534,819.0,0
4427.964,-1.291813,-0.339753,21.546001,0.995342,0.002497,0.413466,0.294877,0.118589,-0.410969,-0.29238,398.958797,-0.2885601798680189,0.054867289437595224,820.0,0
4428.964,-1.2876495000000001,-0.34979950000000004,21.5454995,0.999252,0.0024765,0.4130155,0.2945355,0.11848,-0.410539,-0.29205899999999996,398.881899,-0.2885969142929521,0.054746971704830005,821.0,0
4429.964,-1.283486,-0.359846,21.544998,1.003162,0.002456,0.412565,0.294194,0.118371,-0.410109,-0.291738,398.805001,-0.28863372575029017,0.05462640166474475,822.0,0
4430.964,-1.283551,-0.35608300000000004,21.545842,1.0022505000000002,0.00247,0.4122365,0.2941585,0.118078,-0.40976650000000003,-0.2916885,398.935608,-0.2881599353776733,0.0561782262419076,823.0,0
4431.964,-1.283616,-0.35232,21.546686,1.001339,0.002484,0.41190800000000005,0.294123,0.117785,-0.40942400000000007,-0.29163900000000004,399.066215,-0.2876853523128891,0.05773264715546422,824.0,0
4432.964,-1.2874956666666668,-0.35100200000000004,21.546305333333333,1.000956,0.00244,0.412059,0.2942186666666667,0.11784033333333334,-0.409619,-0.2917786666666667,399.2706553333333,-0.2876834839614795,0.05773876664164157,825.0,0
4433.964,-1.2913753333333333,-0.349684,21.545924666666668,1.000573,0.002396,0.41221,0.29431433333333334,0.11789566666666666,-0.409814,-0.29191833333333334,399.4750956666667,-0.2876816173880933,0.057744880304187785,826.0,0
4434.964,-1.295255,-0.348366,21.545544,1.00019,0.002352,0.412361,0.29441,0.117951,-0.41000899999999996,-0.292058,399.679536,-0.2876797525901933,0.057750988151412885,827.0,0
4435.964,-1.2917399999999999,-0.34472250000000004,21.5433305,0.9992234999999999,0.0023664999999999997,0.412138,0.29414,0.11799799999999999,-0.40977149999999996,-0.2917735,399.4805535,-0.2879611880308611,0.05682919138441478,828.0,0
4436.964,-1.288225,-0.341079,21.541117,0.998257,0.002381,0.41191500000000003,0.29387,0.118045,-0.409534,-0.291489,399.281571,-0.28824294989658955,0.055906325464346374,829.0,0
4437.964,-1.286282,-0.3417005,21.5405965,0.9989045,0.0024005,0.41230200000000006,0.294094,0.11820800000000001,-0.40990150000000003,-0.29169350000000005,399.2035895,-0.2883821805535734,0.05545029771897725,830.0,0
4438.964,-1.284339,-0.342322,21.540076,0.999552,0.00242,0.41268900000000003,0.294318,0.118371,-0.41026900000000005,-0.29189800000000005,399.125608,-0.28852116177717974,0.05499508695273625,831.0,0
4439.964,-1.2854875,-0.340517,21.541684,1.0020790000000002,0.0023959999999999997,0.412399,0.29401200000000005,0.11838699999999999,-0.410003,-0.29161600000000004,399.393173,-0.2887473719640391,0.054254171670658824,832.0,0
4440.964,-1.286636,-0.338712,21.543292,1.004606,0.002372,0.412109,0.293706,0.118403,-0.409737,-0.29133400000000004,399.660738,-0.2889738758615303,0.05351229438638938,833.0,0
4441.964,-1.2835653333333332,-0.34073366666666666,21.543756333333334,1.0037326666666668,0.002425333333333333,0.41210966666666665,0.293854,0.11825566666666666,-0.4096843333333334,-0.2914286666666667,399.37750866666664,-0.28865139742077206,0.054568520934872855,834.0,0
4442.964,-1.2804946666666666,-0.34275533333333336,21.544220666666668,1.0028593333333333,0.0024786666666666668,0.41211033333333336,0.29400200000000004,0.11810833333333333,-0.40963166666666667,-0.29152333333333336,399.09427933333336,-0.28832883605719617,0.055625019083781035,835.0,0
4443.964,-1.277424,-0.344777,21.544685,1.001986,0.002532,0.412111,0.29415,0.117961,-0.409579,-0.29161800000000004,398.81105,-0.28800619173881403,0.056681788937887556,836.0,0
4444.964,-1.2759853333333333,-0.3465683333333333,21.545198666666668,1.0015796666666668,0.0024846666666666667,0.41209233333333334,0.29405733333333334,0.118035,-0.4096076666666667,-0.2915726666666667,398.87935200000004,-0.28816669650559074,0.05615608124893601,837.0,0
4445.964,-1.2745466666666665,-0.3483596666666667,21.545712333333334,1.0011733333333332,0.0024373333333333335,0.41207366666666667,0.2939646666666667,0.11810899999999999,-0.4096363333333333,-0.29152733333333336,398.947654,-0.2883271788078176,0.055630447139023986,838.0,0
4446.964,-1.273108,-0.350151,21.546226,1.000767,0.00239,0.412055,0.293872,0.118183,-0.409665,-0.291482,399.015956,-0.2884876386502108,0.055104886592704405,839.0,0
4447.964,-1.277568,-0.35052649999999996,21.54656,1.0022175,0.002398,0.41288400000000003,0.294419,0.118465,-0.410486,-0.292021,399.08556,-0.288597634505524,0.05474461276375708,840.0,0
4448.964,-1.282028,-0.350902,21.546894,1.003668,0.002406,0.413713,0.294966,0.118747,-0.411307,-0.29256,399.155164,-0.28870719123961236,0.05438577720613913,841.0,0
4449.964,-1.284705,-0.34258666666666665,21.543680000000002,1.0039606666666667,0.0023580000000000003,0.41333733333333333,0.2947146666666667,0.11862266666666667,-0.4109793333333333,-0.29235666666666665,399.364516,-0.28863484287492847,0.05462274270168921,842.0,0
4450.964,-1.287382,-0.33427133333333336,21.540466,1.0042533333333332,0.00231,0.4129616666666666,0.2944633333333333,0.11849833333333333,-0.41065166666666664,-0.2921533333333333,399.573868,-0.28856237905372933,0.054860086356586346,843.0,0
4451.964,-1.290059,-0.325956,21.537252,1.004546,0.002262,0.41258599999999995,0.294212,0.118374,-0.41032399999999997,-0.29195,399.78322,-0.2884897994994187,0.05509780907677719,844.0,0
4452.964,-1.2925145,-0.32721500000000003,21.5397795,1.0054949999999998,0.0023395,0.412053,0.294165,0.11788799999999999,-0.40971349999999995,-0.29182549999999996,399.23281799999995,-0.28773347164169993,0.05757503999119706,845.0,0
4453.964,-1.29497,-0.328474,21.542307,1.006444,0.002417,0.41152,0.294118,0.117402,-0.409103,-0.291701,398.682416,-0.2869748864586338,0.06005966441370647,846.0,0
4454.964,-1.283223,-0.338253,21.542044500000003,1.005722,0.0023895,0.4117905,0.2940695,0.117721,-0.409401,-0.29168,398.8780805,-0.28754518808011725,0.05819173267899058,847.0,0
4455.964,-1.271476,-0.348032,21.541782,1.005,0.002362,0.412061,0.294021,0.11804,-0.40969900000000004,-0.291659,399.073745,-0.2881146600666833,0.05632651828073687,848.0,0
4456.964,-1.274538,-0.347419,21.53277,1.003381,0.002319,0.412741,0.294229,0.118512,-0.410422,-0.29191,399.244264,-0.28875715423918363,0.05422213139321297,849.0,0
4457.964,-1.2757285,-0.34423349999999997,21.5362035,1.004655,0.002323,0.4121395,0.29398250000000004,0.11815700000000001,-0.40981650000000003,-0.29165949999999996,399.23377700000003,-0.2883175477745472,0.05566199204790412,850.0,0
4458.964,-1.276919,-0.341048,21.539637,1.005929,0.002327,0.411538,0.293736,0.117802,-0.409211,-0.291409,399.22329,-0.28787664035580757,0.057106113769657574,851.0,0
4459.964,-1.281143,-0.33654133333333336,21.53999,1.005648,0.0023583333333333334,0.4119256666666667,0.2939423333333333,0.11798333333333334,-0.40956733333333334,-0.29158399999999995,399.1886323333334,-0.28806892493605035,0.056476316385252856,852.0,0
4460.964,-1.285367,-0.33203466666666664,21.540343,1.005367,0.0023896666666666667,0.4123133333333333,0.29414866666666667,0.11816466666666667,-0.40992366666666663,-0.291759,399.15397466666667,-0.288260875221993,0.05584761392835402,853.0,0
4461.964,-1.289591,-0.327528,21.540696,1.005086,0.002421,0.412701,0.294355,0.118346,-0.41028,-0.29193399999999997,399.119317,-0.2884524920846546,0.055220003546077145,854.0,0
4462.964,-1.2876210000000001,-0.32952349999999997,21.5409155,1.00563,0.002432,0.41362350000000003,0.294518,0.1191055,-0.41119150000000004,-0.292086,399.0148515,-0.2896601453584166,0.051264528426217315,855.0,0
4463.964,-1.285651,-0.331519,21.541135,1.006174,0.002443,0.414546,0.294681,0.119865,-0.41210300000000005,-0.29223800000000005,398.910386,-0.29086245638215774,0.0473265509917451,856.0,0
4464.964,-1.287423,-0.3310465,21.540506999999998,1.007031,0.0024365,0.41792850000000004,0.29581999999999997,0.12210850000000001,-0.41549200000000003,-0.2933835,395.068166,-0.2938896390054178,0.03741149854272796,857.0,0
4465.964,-1.289195,-0.330574,21.539879,1.007888,0.00243,0.421311,0.296959,0.124352,-0.418881,-0.294529,391.225946,-0.29686783804430866,0.02765688398881183,858.0,0
4466.964,-1.290245,-0.3223705,21.5382385,1.005755,0.0025009999999999998,0.420433,0.2964025,0.1240305,-0.41793199999999997,-0.2939015,390.689637,-0.29677267300104554,0.027968581865251974,859.0,0
4467.964,-1.291295,-0.314167,21.536598,1.003622,0.002572,0.419555,0.295846,0.123709,-0.416983,-0.293274,390.153328,-0.2966770747897991,0.028281698514131204,860.0,0
4468.964,-1.2854736666666666,-0.32220466666666664,21.539576,1.005618,0.002541666666666667,0.419688,0.295871,0.123817,-0.41714633333333334,-0.29332933333333333,390.25687366666665,-0.29681981339836794,0.02781418103448363,861.0,0
4469.964,-1.2796523333333334,-0.33024233333333336,21.542554000000003,1.007614,0.0025113333333333333,0.419821,0.295896,0.12392500000000001,-0.41730966666666663,-0.2933846666666666,390.3604193333333,-0.29696244027202884,0.02734702952465351,862.0,0
4470.964,-1.273831,-0.33828,21.545532,1.00961,0.002481,0.419954,0.295921,0.124033,-0.417473,-0.29344,390.463965,-0.29710495554192856,0.026880243555090888,863.0,0
4471.964,-1.2767213333333334,-0.34498333333333336,21.543017000000003,1.0094616666666667,0.0024703333333333335,0.419844,0.29598199999999997,0.123862,-0.41737366666666664,-0.29351166666666667,390.42717766666664,-0.29676595975778647,0.027990570019684857,864.0,0
4472.964,-1.2796116666666666,-0.35168666666666665,21.540502,1.0093133333333333,0.0024596666666666664,0.419734,0.296043,0.12369100000000001,-0.41727433333333336,-0.2935833333333333,390.39039033333336,-0.2964268025754501,0.029101425118246538,865.0,0
4473.964,-1.282502,-0.35839,21.537987,1.009165,0.002449,0.419624,0.296104,0.12352,-0.417175,-0.293655,390.353603,-0.2960874838796282,0.0302128092283942,866.0,0
4474.964,-1.2824485,-0.3406215,21.5402085,1.0094105,0.0024275,0.4196615,0.2961015,0.12356,-0.417234,-0.293674,390.694252,-0.29614148449427535,0.030035938853151034,867.0,0
4475.964,-1.282395,-0.322853,21.54243,1.009656,0.002406,0.419699,0.296099,0.1236,-0.41729299999999997,-0.293693,391.034901,-0.2961954698388658,0.029859118492535974,868.0,0
4476.964,-1.2761273333333334,-0.32681,21.542184666666667,1.009621,0.0024300000000000003,0.41968,0.2960716666666667,0.12360833333333333,-0.41724999999999995,-0.29364166666666663,390.85189333333335,-0.296245966637028,0.029693724307712444,869.0,0
4477.964,-1.2698596666666666,-0.33076700000000003,21.54193933333333,1.009586,0.002454,0.41966099999999995,0.2960443333333333,0.12361666666666667,-0.417207,-0.29359033333333334,390.66888566666665,-0.296296473844256,0.029528296029659118,870.0,0
4478.964,-1.263592,-0.334724,21.541694,1.009551,0.002478,0.41964199999999996,0.296017,0.123625,-0.417164,-0.293539,390.485878,-0.2963469914637683,0.029362833647834097,871.0,0
4479.964,-1.2723594999999999,-0.33776300000000004,21.5432245,1.0114625,0.0024625000000000003,0.419946,0.2962415,0.1237045,-0.4174835,-0.293779,390.81766600000003,-0.2963106237986023,0.029481950117649536,872.0,0
4480.964,-1.281127,-0.340802,21.544755,1.013374,0.002447,0.42025,0.296466,0.123784,-0.41780300000000004,-0.29401900000000003,391.149454,-0.29627431175532903,0.0296008844068526,873.0,0
4481.964,-1.274108,-0.342992,21.541054,1.011853,0.002348,0.419929,0.296271,0.123658,-0.417581,-0.293923,391.550298,-0.2961300828583744,0.03007328308771884,874.0,0
4482.964,-1.2746905000000002,-0.33185600000000004,21.541505,1.011918,0.002378,0.41987050000000004,0.2961995,0.123671,-0.4174925,-0.29382149999999996,391.2471025,-0.29622399497953855,0.029765688957194114,875.0,0
4483.964,-1.275273,-0.32072,21.541956,1.011983,0.002408,0.419812,0.296128,0.123684,-0.417404,-0.29372,390.943907,-0.2963179469241956,0.02945796439118875,876.0,0
4484.964,-1.2740965000000002,-0.313735,21.5395395,1.010198,0.002432,0.419383,0.295891,0.123492,-0.41695099999999996,-0.29345899999999997,391.179223,-0.2961793980093536,0.029911759199224952,877.0,0
4485.964,-1.27292,-0.30675,21.537123,1.008413,0.002456,0.418954,0.295654,0.1233,-0.416498,-0.29319799999999996,391.414539,-0.296040547711028,0.030366541140651848,878.0,0
4486.964,-1.2677450000000001,-0.317195,21.538909333333333,1.007917,0.0024533333333333334,0.41888200000000003,0.2956893333333333,0.12319266666666667,-0.41642866666666667,-0.293236,391.14963666666665,-0.2958320892864148,0.031049313365095088,879.0,0
4487.964,-1.26257,-0.32764000000000004,21.540695666666668,1.0074210000000001,0.0024506666666666665,0.41881,0.2957246666666667,0.12308533333333334,-0.41635933333333336,-0.293274,390.8847343333333,-0.2956235614354622,0.031732312984407596,880.0,0
4488.964,-1.257395,-0.338085,21.542482,1.006925,0.002448,0.41873800000000005,0.29576,0.122978,-0.41629000000000005,-0.293312,390.619832,-0.29541496412348156,0.032415540112206265,881.0,0
4489.964,-1.2690565,-0.3277955,21.5408905,1.010302,0.002392,0.418852,0.29579750000000005,0.12305450000000001,-0.41646000000000005,-0.2934055,391.11447899999996,-0.295478066268228,0.032208859131019674,882.0,0
4490.964,-1.280718,-0.317506,21.539299,1.013679,0.002336,0.418966,0.295835,0.123131,-0.41663,-0.293499,391.609126,-0.29554111691696927,0.03200234681676062,883.0,0
4491.964,-1.286105,-0.3148845,21.5393265,1.0139995000000002,0.0023474999999999998,0.4182275,0.2954255,0.122802,-0.41588,-0.293078,391.418715,-0.29528300298885,0.03284775769995607,884.0,0
4492.964,-1.291492,-0.312263,21.539354,1.01432,0.002359,0.417489,0.295016,0.122473,-0.41513,-0.292657,391.228304,-0.29502395640873075,0.03369622333558886,885.0,0
4493.964,-1.2725915,-0.33146,21.5385665,1.014353,0.0023515000000000003,0.418373,0.295558,0.12281500000000001,-0.4160215,-0.2932065,391.334387,-0.29521381758831594,0.033074363412386676,886.0,0
4494.964,-1.253691,-0.350657,21.537779,1.014386,0.002344,0.419257,0.2961,0.123157,-0.416913,-0.29375599999999996,391.44047,-0.29540286679203287,0.03245516298625595,887.0,0
4495.964,-1.2560986666666667,-0.3379223333333333,21.537823666666668,1.013895,0.002324,0.41920166666666664,0.2961163333333333,0.12308533333333334,-0.41687766666666665,-0.2937923333333333,391.4574723333333,-0.2952559909805458,0.032936231212268074,888.0,0
4496.964,-1.2585063333333335,-0.32518766666666665,21.537868333333332,1.013404,0.002304,0.41914633333333334,0.29613266666666666,0.12301366666666666,-0.4168423333333333,-0.2938286666666666,391.47447466666665,-0.2951090902693591,0.03341738099326319,889.0,0
4497.964,-1.260914,-0.312453,21.537913,1.012913,0.002284,0.419091,0.296149,0.122942,-0.416807,-0.293865,391.491477,-0.2949621646521403,0.03389861234998248,890.0,0
4498.964,-1.2866445,-0.322052,21.5410815,1.0186575,0.0023020000000000002,0.418975,0.295994,0.12298100000000001,-0.416673,-0.293692,391.60576749999996,-0.2951506220720375,0.033281350217090444,891.0,0
4499.964,-1.312375,-0.331651,21.54425,1.024402,0.00232,0.41885900000000004,0.295839,0.12302,-0.41653900000000005,-0.29351900000000003,391.720058,-0.2953392007451901,0.032663690938556256,892.0,0
4500.964,-1.2861235,-0.324733,21.541529500000003,1.0178125,0.0023515000000000003,0.418427,0.295696,0.122731,-0.41607550000000004,-0.2933445,391.42029349999996,-0.2949736165037751,0.03386110364181105,893.0,0
4501.964,-1.259872,-0.317815,21.538809,1.011223,0.002383,0.417995,0.295553,0.122442,-0.415612,-0.29317,391.120529,-0.29460721684459745,0.03506118711551176,894.0,0
4502.964,-1.273976,-0.325343,21.541772,1.0135265,0.002354,0.4178275,0.295446,0.1223815,-0.4154735,-0.293092,391.37125949999995,-0.29455980841090573,0.035216465856532375,895.0,0
4503.964,-1.28808,-0.332871,21.544735,1.01583,0.002325,0.41766000000000003,0.295339,0.122321,-0.415335,-0.293014,391.62199,-0.2945123683589593,0.03537184815808858,896.0,0
4504.964,-1.2822633333333333,-0.3235263333333333,21.542671,1.0169766666666666,0.0023213333333333332,0.41789633333333337,0.295431,0.12246533333333333,-0.415575,-0.29310966666666666,391.717471,-0.2946895939912828,0.03479137394873766,897.0,0
4505.964,-1.2764466666666665,-0.3141816666666667,21.540607,1.0181233333333333,0.0023176666666666667,0.41813266666666665,0.29552300000000004,0.12260966666666667,-0.415815,-0.2932053333333334,391.812952,-0.2948666150410198,0.034211569816923415,898.0,0
4506.964,-1.27063,-0.304837,21.538543,1.01927,0.002314,0.418369,0.295615,0.122754,-0.416055,-0.29330100000000003,391.908433,-0.2950434318622101,0.0336324346030451,899.0,0
4507.964,-1.271604,-0.3134135,21.5400575,1.0174515,0.0023569999999999997,0.4182405,0.2955485,0.122692,-0.4158835,-0.29319150000000005,391.9962375,-0.2950160201499222,0.033722217281818345,900.0,0
4508.964,-1.272578,-0.32199,21.541572,1.015633,0.0024,0.41811200000000004,0.295482,0.12263,-0.415712,-0.293082,392.084042,-0.29498858582043774,0.03381207403960096,901.0,0
4509.964,-1.274127,-0.3102355,21.539118,1.0166505,0.002453,0.4183015,0.2956995,0.122602,-0.4158485,-0.29324649999999997,392.161836,-0.29482442481919446,0.03434975713969002,902.0,0
4510.964,-1.275676,-0.298481,21.536664,1.017668,0.002506,0.418491,0.295917,0.122574,-0.415985,-0.293411,392.23963,-0.29466037155275204,0.03488708737167234,903.0,0
4511.964,-1.2756105,-0.305372,21.539223,1.0177990000000001,0.00253,0.41854250000000004,0.295909,0.1226335,-0.4160125,-0.293379,392.32096049999996,-0.2947839182330297,0.03448242998316775,904.0,0
4512.964,-1.275545,-0.312263,21.541782,1.01793,0.002554,0.418594,0.295901,0.122693,-0.41604,-0.293347,392.402291,-0.2949074485805417,0.03407782609002441,905.0,0
4513.964,-1.2728736666666667,-0.30945500000000004,21.54093,1.0182013333333333,0.0024886666666666664,0.418601,0.29591933333333337,0.12268166666666666,-0.41611233333333336,-0.2934306666666667,392.43262833333335,-0.2948289480219235,0.0343349421126905,906.0,0
4514.964,-1.2702023333333332,-0.306647,21.540078,1.0184726666666668,0.0024233333333333333,0.41860800000000004,0.29593766666666665,0.12267033333333334,-0.41618466666666665,-0.2935143333333333,392.46296566666666,-0.29475047475033067,0.03459196876106996,907.0,0
4515.964,-1.267531,-0.303839,21.539226,1.018744,0.002358,0.418615,0.295956,0.122659,-0.416257,-0.29359799999999997,392.493303,-0.29467202875153753,0.0348489060817565,908.0,0
4516.964,-1.2684813333333333,-0.30509400000000003,21.539888333333334,1.0181593333333334,0.0024026666666666667,0.41828400000000004,0.295657,0.122627,-0.4158813333333333,-0.29325433333333334,392.3872666666667,-0.2948612621739748,0.034229102276675305,909.0,0
4517.964,-1.2694316666666665,-0.306349,21.540550666666665,1.0175746666666667,0.002447333333333333,0.417953,0.295358,0.12259500000000001,-0.4155056666666667,-0.29291066666666665,392.2812303333333,-0.2950508377763908,0.03360817771580937,910.0,0
4518.964,-1.270382,-0.307604,21.541213,1.01699,0.002492,0.41762200000000005,0.295059,0.122563,-0.41513000000000005,-0.292567,392.175194,-0.2952407564877424,0.03298612935650924,911.0,0
4519.964,-1.2652635,-0.2997225,21.538314,1.0173815,0.0024895,0.4177415,0.29521949999999997,0.122522,-0.415252,-0.29273,392.003385,-0.2950552798187121,0.03359362851674286,912.0,0
4520.964,-1.260145,-0.291841,21.535415,1.017773,0.002487,0.417861,0.29538,0.122481,-0.41537399999999997,-0.29289299999999996,391.831576,-0.2948699121030977,0.034200770817491066,913.0,0
4521.964,-1.2638853333333333,-0.292111,21.536913000000002,1.01913,0.0024963333333333335,0.41769466666666666,0.2953113333333333,0.12238333333333334,-0.41519833333333334,-0.292815,392.015676,-0.2947594396881162,0.03456260554140067,914.0,0
4522.964,-1.2676256666666668,-0.292381,21.538411,1.020487,0.0025056666666666665,0.41752833333333333,0.29524266666666665,0.12228566666666667,-0.41502266666666665,-0.29273699999999997,392.199776,-0.2946488737535792,0.03492474657365485,915.0,0
4523.964,-1.271366,-0.292651,21.539909,1.021844,0.002515,0.417362,0.295174,0.122188,-0.414847,-0.292659,392.383876,-0.29453821418068393,0.03528719430337268,916.0,0
4524.964,-1.271103,-0.2972205,21.540644,1.020688,0.0025575,0.4182055,0.2955965,0.122609,-0.415648,-0.293039,392.4716065,-0.2949834835810195,0.0338287856086521,917.0,0
4525.964,-1.27084,-0.30179,21.541379,1.019532,0.0026,0.419049,0.296019,0.12303,-0.416449,-0.293419,392.559337,-0.29542704011065013,0.03237598714793177,918.0,0
4526.964,-1.268378,-0.306118,21.5414935,1.0203875,0.0025665,0.417786,0.29523299999999997,0.122553,-0.4152195,-0.2926665,392.416075,-0.29515303388456926,0.033273450710940455,919.0,0
4527.964,-1.265916,-0.310446,21.541608,1.021243,0.002533,0.41652300000000003,0.294447,0.122076,-0.41399,-0.291914,392.272813,-0.2948774001241579,0.03417624500230543,920.0,0
4528.964,-1.2671125,-0.298732,21.538892,1.0192085,0.0026075,0.417538,0.295281,0.122257,-0.4149305,-0.29267350000000003,392.17470349999996,-0.29464523491340094,0.0349366650125833,921.0,0
4529.964,-1.268309,-0.287018,21.536176,1.017174,0.002682,0.418553,0.296115,0.122438,-0.415871,-0.293433,392.076594,-0.29441411979705195,0.03569364560660282,922.0,0
4530.964,-1.2735793333333332,-0.28788566666666665,21.536717666666668,1.019038,0.002614,0.41821433333333335,0.2958733333333333,0.122341,-0.41560033333333335,-0.2932593333333333,392.247762,-0.29437246450507626,0.035830080852215285,923.0,0
4531.964,-1.2788496666666667,-0.28875333333333336,21.537259333333335,1.020902,0.002546,0.41787566666666665,0.2956316666666667,0.122244,-0.41532966666666665,-0.2930856666666667,392.41893,-0.29433075492019967,0.03596669392553975,924.0,0
4532.964,-1.28412,-0.289621,21.537801,1.022766,0.002478,0.417537,0.29539,0.122147,-0.415059,-0.292912,392.590098,-0.2942889909362065,0.03610348517446893,925.0,0
4533.964,-1.2788356666666667,-0.29133133333333333,21.537593333333334,1.0221783333333334,0.0025113333333333333,0.4179583333333333,0.29554766666666665,0.12241066666666667,-0.415447,-0.29303633333333334,392.4848816666667,-0.2946488031336603,0.0349249778779025,926.0,0
4534.964,-1.2735513333333333,-0.2930416666666667,21.53738566666667,1.0215906666666668,0.002544666666666667,0.41837966666666665,0.2957053333333333,0.12267433333333334,-0.41583499999999995,-0.2931606666666666,392.3796653333333,-0.29500794387503987,0.03374866982830016,927.0,0
4535.964,-1.268267,-0.294752,21.537178,1.021003,0.002578,0.418801,0.295863,0.122938,-0.41622299999999995,-0.29328499999999996,392.274449,-0.29536641503812866,0.03257455487528238,928.0,0
4536.964,-1.2572,-0.292877,21.538842000000002,1.0196505,0.002568,0.4175225,0.29513100000000003,0.1223915,-0.4149545,-0.292563,392.30374,-0.2949523259835138,0.033930837335257924,929.0,0
4537.964,-1.246133,-0.291002,21.540506,1.018298,0.002558,0.416244,0.294399,0.121845,-0.413686,-0.291841,392.333031,-0.294535697450959,0.03529543744900632,930.0,0
4538.964,-1.2403343333333332,-0.294765,21.538985333333333,1.0196346666666667,0.002522,0.416541,0.2946206666666667,0.12192033333333333,-0.41401899999999997,-0.2920986666666667,392.207491,-0.2944807552650689,0.035475391790240285,931.0,0
4539.964,-1.2345356666666667,-0.29852799999999996,21.53746466666667,1.0209713333333332,0.002486,0.416838,0.2948423333333333,0.12199566666666667,-0.414352,-0.29235633333333333,392.081951,-0.2944259013895626,0.03565505688493853,932.0,0
4540.964,-1.228737,-0.302291,21.535944,1.022308,0.00245,0.417135,0.295064,0.122071,-0.41468499999999997,-0.292614,391.956411,-0.29437113561169465,0.03583443342991455,933.0,0
4541.964,-1.2206465,-0.299228,21.538602,1.0234394999999998,0.0024605,0.4169395,0.2949085,0.122031,-0.414479,-0.292448,392.21822,-0.2944209342836049,0.035671325845956,934.0,0
4542.964,-1.212556,-0.296165,21.54126,1.024571,0.002471,0.416744,0.294753,0.121991,-0.414273,-0.292282,392.480029,-0.2944707824810753,0.035508056048947245,935.0,0
4543.964,-1.2109744999999998,-0.295748,21.539683500000002,1.0242369999999998,0.0024545,0.4170725,0.295038,0.1220345,-0.41461800000000004,-0.2925835,392.41051400000003,-0.2943306714389424,0.03596696735504401,936.0,0
4544.964,-1.209393,-0.295331,21.538107,1.023903,0.002438,0.417401,0.295323,0.122078,-0.414963,-0.292885,392.340999,-0.2941907933738511,0.03642511558210859,937.0,0
4545.964,-1.2094435,-0.2881345,21.5377735,1.0242655,0.0024619999999999998,0.4171865,0.2952685,0.121918,-0.41472450000000005,-0.29280649999999997,392.5426155,-0.29397417797641084,0.03713460466624319,938.0,0
4546.964,-1.209494,-0.280938,21.53744,1.024628,0.002486,0.416972,0.295214,0.121758,-0.414486,-0.292728,392.744232,-0.29375731329239907,0.03784491024866643,939.0,0
4547.964,-1.2074150000000001,-0.28290366666666666,21.538634333333334,1.0247743333333335,0.0024463333333333333,0.4170413333333333,0.295236,0.12180533333333333,-0.414595,-0.29278966666666667,392.74635466666666,-0.29379425011778587,0.03772392958559179,940.0,0
4548.964,-1.205336,-0.28486933333333336,21.539828666666665,1.0249206666666666,0.0024066666666666668,0.4171106666666667,0.29525799999999996,0.12185266666666666,-0.414704,-0.2928513333333333,392.74847733333337,-0.2938311675263181,0.03760301251931819,941.0,0
4549.964,-1.203257,-0.286835,21.541023,1.025067,0.002367,0.41718,0.29528,0.1219,-0.414813,-0.292913,392.7506,-0.29386806553330186,0.03748215899971319,942.0,0
4550.964,-1.1950530000000001,-0.29178899999999997,21.540365,1.0248599999999999,0.0024095,0.4170195,0.2952265,0.121793,-0.41461000000000003,-0.292817,392.894402,-0.2937538741320135,0.03785617466837532,943.0,0
4551.964,-1.186849,-0.296743,21.539707,1.024653,0.002452,0.41685900000000004,0.295173,0.121686,-0.414407,-0.292721,393.038204,-0.29363957085563436,0.0382305567660014,944.0,0
4552.964,-1.1841553333333334,-0.296587,21.539511666666666,1.023944,0.002460666666666667,0.41686300000000004,0.29506,0.12180300000000001,-0.4144023333333334,-0.2925993333333333,393.017567,-0.29392521259584115,0.03729498293771061,945.0,0
4553.964,-1.1814616666666666,-0.296431,21.539316333333336,1.0232350000000001,0.0024693333333333334,0.416867,0.294947,0.12192,-0.41439766666666666,-0.2924776666666667,392.99693,-0.294210860769472,0.03635938803776839,946.0,0
4554.964,-1.178768,-0.296275,21.539121,1.022526,0.002478,0.416871,0.294834,0.122037,-0.414393,-0.292356,392.976293,-0.2944965153767447,0.035423772065461434,947.0,0
4555.964,-1.1827595,-0.28887850000000004,21.538778,1.022427,0.0024725,0.41715349999999995,0.2952085,0.121945,-0.41468099999999997,-0.292736,392.757657,-0.2940701263624963,0.03682034107569343,948.0,0
4556.964,-1.186751,-0.281482,21.538435,1.022328,0.002467,0.417436,0.295583,0.121853,-0.414969,-0.293116,392.539021,-0.2936443292012878,0.03821497156596698,949.0,0
4557.964,-1.1880905,-0.2782945,21.537806500000002,1.0219805,0.0025385,0.41723299999999997,0.29539649999999995,0.1218365,-0.41469449999999997,-0.29285799999999995,392.599176,-0.29379891413779097,0.03770865333412987,950.0,0
4558.964,-1.18943,-0.275107,21.537178,1.021633,0.00261,0.41702999999999996,0.29521,0.12182,-0.41441999999999996,-0.29259999999999997,392.659331,-0.2939537038601029,0.03720166435913419,951.0,0
4559.964,-1.1892453333333333,-0.279478,21.538444666666667,1.0223936666666666,0.0026033333333333334,0.41718999999999995,0.29516566666666666,0.12202433333333333,-0.41458666666666666,-0.2925623333333333,392.81637333333333,-0.29432839372964326,0.03597442762750702,952.0,0
4560.964,-1.1890606666666668,-0.28384899999999996,21.539711333333333,1.0231543333333333,0.0025966666666666664,0.41735,0.2951213333333333,0.12222866666666667,-0.4147533333333333,-0.29252466666666666,392.97341566666665,-0.29470278246375153,0.034748177216817555,953.0,0
4561.964,-1.188876,-0.28822,21.540978,1.023915,0.00259,0.41751,0.295077,0.122433,-0.41492,-0.292487,393.130458,-0.29507687042531194,0.03352291193849655,954.0,0
4562.964,-1.191095,-0.2791415,21.538033499999997,1.0236139999999998,0.0025575,0.417535,0.29533,0.12220500000000001,-0.4149775,-0.2927725,393.081088,-0.2944865552627679,0.03545639482555507,955.0,0
4563.964,-1.193314,-0.270063,21.535089,1.023313,0.002525,0.41756,0.295583,0.121977,-0.415035,-0.293058,393.031718,-0.2938964036681332,0.037389341972091206,956.0,0
4564.964,-1.1932155,-0.28122,21.5384355,1.0265944999999999,0.002517,0.41757449999999996,0.29549899999999996,0.1220755,-0.41505749999999997,-0.29298199999999996,393.12719300000003,-0.29411778878297296,0.036664230441586954,957.0,0
4565.964,-1.193117,-0.292377,21.541782,1.029876,0.002509,0.417589,0.295415,0.122174,-0.41508,-0.292906,393.222668,-0.2943391498967666,0.03593919752266994,958.0,0
4566.964,-1.1980849999999998,-0.2884995,21.541116000000002,1.0300975,0.0024635,0.4167545,0.2948095,0.121945,-0.414291,-0.292346,392.9202795,-0.2943469550314997,0.03591363305237483,959.0,0
4567.964,-1.203053,-0.284622,21.54045,1.030319,0.002418,0.41592,0.294204,0.121716,-0.41350200000000004,-0.29178600000000005,392.617891,-0.2943547899521403,0.03588797102310426,960.0,0
4568.964,-1.2046599999999998,-0.2810276666666667,21.541238333333332,1.0287966666666666,0.0024163333333333333,0.416896,0.2949176666666667,0.12197833333333334,-0.4144796666666667,-0.2925013333333334,392.75041466666664,-0.29429339346777794,0.03608906538654333,961.0,0
4569.964,-1.206267,-0.2774333333333333,21.54202666666667,1.0272743333333334,0.002414666666666667,0.417872,0.29563133333333336,0.12224066666666666,-0.41545733333333335,-0.2932166666666667,392.88293833333336,-0.2942322859442107,0.03628921330512058,962.0,0
4570.964,-1.207874,-0.273839,21.542815,1.025752,0.002413,0.418848,0.296345,0.122503,-0.416435,-0.293932,393.015462,-0.2941714653462493,0.036488421444773045,963.0,0
4571.964,-1.2038635,-0.275918,21.54114,1.0256385,0.0024850000000000002,0.41813,0.2959605,0.1221695,-0.41564500000000004,-0.2934755,393.3427135,-0.29392821741682784,0.03728514112722514,964.0,0
4572.964,-1.199853,-0.277997,21.539465,1.025525,0.002557,0.417412,0.295576,0.121836,-0.41485500000000003,-0.29301900000000003,393.669965,-0.29368404306093226,0.03808489517140057,965.0,0
4573.964,-1.2006195000000002,-0.28085550000000004,21.536227,1.0257969999999998,0.002432,0.416961,0.29530500000000004,0.121656,-0.41452900000000004,-0.29287300000000005,393.1539985,-0.2934807781380268,0.03875065691176183,966.0,0
4574.964,-1.201386,-0.283714,21.532989,1.026069,0.002307,0.41651000000000005,0.295034,0.121476,-0.41420300000000004,-0.292727,392.638032,-0.2932771932535333,0.03941746663512313,967.0,0
4575.964,-1.200949,-0.283744,21.535871,1.02808,0.002284,0.41711600000000004,0.2952545,0.1218615,-0.414832,-0.2929705,392.90527,-0.29376179697274324,0.03783022467091657,968.0,0
4576.964,-1.200512,-0.283774,21.538753,1.030091,0.002261,0.417722,0.295475,0.122247,-0.41546099999999997,-0.293214,393.172508,-0.29424493332691476,0.03624778882617108,969.0,0
4577.964,-1.2053536666666667,-0.28098866666666666,21.538765333333334,1.028825,0.0023296666666666665,0.41787199999999997,0.2955696666666667,0.12230233333333333,-0.4155423333333333,-0.29324,393.2975113333333,-0.29432050080858374,0.03600027962787189,970.0,0
4578.964,-1.2101953333333333,-0.27820333333333336,21.538777666666665,1.027559,0.0023983333333333335,0.418022,0.2956643333333333,0.12235766666666666,-0.41562366666666667,-0.29326599999999997,393.4225146666667,-0.29439603871460335,0.035752867299881363,971.0,0
4579.964,-1.215037,-0.275418,21.53879,1.026293,0.002467,0.418172,0.295759,0.122413,-0.415705,-0.293292,393.547518,-0.2944715470623328,0.03550555178534198,972.0,0
4580.964,-1.2076864999999999,-0.27776100000000004,21.537923499999998,1.02733,0.0024055,0.417967,0.2956985,0.1222685,-0.41556150000000003,-0.293293,393.5795785,-0.2942255098836391,0.03631140720761217,973.0,0
4581.964,-1.200336,-0.280104,21.537057,1.028367,0.002344,0.417762,0.295638,0.122124,-0.415418,-0.293294,393.611639,-0.293979302724732,0.037117819372881056,974.0,0
4582.964,-1.2081455,-0.279087,21.53814,1.0291545,0.0022635,0.4174385,0.295427,0.1220115,-0.41517499999999996,-0.2931635,393.2356335,-0.29388039713469527,0.03744176881193373,975.0,0
4583.964,-1.215955,-0.27807,21.539223,1.029942,0.002183,0.41711499999999996,0.295216,0.121899,-0.41493199999999997,-0.293033,392.859628,-0.29378137569861007,0.03776609768618733,976.0,0
4584.964,-1.2135924999999999,-0.27800400000000003,21.537549499999997,1.0287935,0.0022830000000000003,0.41714799999999996,0.2951895,0.1219585,-0.414865,-0.29290649999999996,392.58734749999996,-0.29397224150565,0.03714094726645911,977.0,0
4585.964,-1.21123,-0.277938,21.535876,1.027645,0.002383,0.417181,0.295163,0.122018,-0.414798,-0.29278,392.315067,-0.29416316897181033,0.036515594892145176,978.0,0
4586.964,-1.2160443333333333,-0.2751826666666667,21.53699333333333,1.028289,0.0023580000000000003,0.41725633333333334,0.29520833333333335,0.122048,-0.4148983333333333,-0.2928503333333333,392.41411366666665,-0.29416433945104487,0.036511761174644386,979.0,0
4587.964,-1.2208586666666668,-0.27242733333333335,21.538110666666668,1.0289329999999999,0.002333,0.41733166666666666,0.29525366666666664,0.12207799999999999,-0.4149986666666667,-0.29292066666666666,392.51316033333336,-0.2941655093643097,0.036507929310886866,980.0,0
4588.964,-1.225673,-0.269672,21.539228,1.029577,0.002308,0.417407,0.295299,0.122108,-0.415099,-0.292991,392.612207,-0.29416667871201496,0.036504099299529136,981.0,0
4589.964,-1.2235276666666666,-0.27285033333333336,21.537498333333335,1.0287213333333334,0.0023153333333333333,0.41741199999999995,0.29536666666666667,0.12204533333333333,-0.41509666666666667,-0.29305133333333333,392.5314956666667,-0.2940173630657028,0.03699315881423049,982.0,0
4590.964,-1.2213823333333333,-0.27602866666666664,21.535768666666666,1.0278656666666666,0.002322666666666667,0.417417,0.2954343333333333,0.12198266666666667,-0.4150943333333333,-0.29311166666666666,392.45078433333333,-0.29386804574071695,0.037482223827158934,983.0,0
4591.964,-1.219237,-0.279207,21.534039,1.02701,0.00233,0.41742199999999996,0.295502,0.12192,-0.41509199999999996,-0.293172,392.370073,-0.2937187267370287,0.03797129433840862,984.0,0
4592.964,-1.221664,-0.281483,21.536196500000003,1.028559,0.0023734999999999997,0.41761699999999996,0.2955415,0.1220755,-0.4152435,-0.293168,392.8313275,-0.2939860442994153,0.03709573842340019,985.0,0
4593.964,-1.224091,-0.283759,21.538354,1.030108,0.002417,0.41781199999999996,0.295581,0.122231,-0.41539499999999996,-0.293164,393.292582,-0.29425316687289654,0.03622082116336023,986.0,0
4594.964,-1.2342466666666667,-0.27726833333333334,21.537384,1.0296293333333333,0.002379,0.41713233333333327,0.29522699999999996,0.12190533333333334,-0.4147533333333333,-0.292848,393.0752093333333,-0.29392320075354206,0.037301572405343486,987.0,0
4595.964,-1.2444023333333334,-0.27077766666666664,21.536414,1.0291506666666668,0.0023409999999999998,0.41645266666666664,0.294873,0.12157966666666667,-0.4141116666666666,-0.29253199999999996,392.8578366666667,-0.29359221206569575,0.0383856729068498,988.0,0
4596.964,-1.254558,-0.264287,21.535444,1.028672,0.002303,0.41577299999999995,0.294519,0.121254,-0.41346999999999995,-0.292216,392.640464,-0.29326019604855497,0.03947313826112675,989.0,0
4597.964,-1.249437,-0.2581155,21.533316999999997,1.027149,0.002319,0.41631699999999994,0.2947355,0.12158150000000001,-0.413998,-0.29241649999999997,393.04044,-0.2936772488689531,0.038107148460417406,990.0,0
4598.964,-1.244316,-0.251944,21.53119,1.025626,0.002335,0.416861,0.294952,0.121909,-0.414526,-0.292617,393.440416,-0.2940932392497436,0.036744638510692984,991.0,0
4599.964,-1.241994,-0.26146933333333333,21.533933333333334,1.0266853333333332,0.0023803333333333333,0.41656866666666664,0.29487433333333335,0.12169433333333333,-0.4141883333333333,-0.29249400000000003,393.2056963333334,-0.2938147150806156,0.03765689987345455,992.0,0
4600.964,-1.2396719999999999,-0.27099466666666666,21.536676666666665,1.0277446666666668,0.0024256666666666667,0.41627633333333336,0.29479666666666665,0.12147966666666667,-0.4138506666666667,-0.292371,392.9709766666667,-0.29353573640669844,0.03857064989394943,993.0,0
4601.964,-1.23735,-0.28052,21.53942,1.028804,0.002471,0.415984,0.294719,0.121265,-0.413513,-0.292248,392.736257,-0.2932563021145698,0.03948589221901455,994.0,0
4602.964,-1.2470773333333334,-0.2733736666666667,21.538268,1.0281476666666667,0.0025213333333333333,0.41650966666666667,0.29498233333333335,0.12152733333333333,-0.41398833333333335,-0.292461,392.6974906666667,-0.29355326491470746,0.03851323806985696,995.0,0
4603.964,-1.2568046666666666,-0.2662273333333333,21.537116,1.0274913333333333,0.002571666666666667,0.41703533333333337,0.2952456666666667,0.12178966666666666,-0.4144636666666667,-0.292674,392.65872433333334,-0.2938495465614917,0.03754281492954992,996.0,0
4604.964,-1.266532,-0.259081,21.535964,1.026835,0.002622,0.417561,0.295509,0.122052,-0.414939,-0.292887,392.619958,-0.2941451493958133,0.03657461513088023,997.0,0
4605.964,-1.2620803333333332,-0.27072266666666667,21.537572666666666,1.0268249999999999,0.0025473333333333333,0.41762366666666667,0.29558033333333333,0.12204333333333332,-0.4150763333333333,-0.293033,393.13458633333335,-0.29402694771872734,0.03696176581642663,998.0,0
4606.964,-1.2576286666666667,-0.28236433333333333,21.539181333333335,1.026815,0.002472666666666667,0.4176863333333334,0.2956516666666667,0.12203466666666667,-0.4152136666666667,-0.293179,393.64921466666664,-0.2939088242330436,0.037348660398542566,999.0,0
4607.964,-1.253177,-0.294006,21.54079,1.026805,0.002398,0.41774900000000004,0.295723,0.122026,-0.415351,-0.293325,394.163843,-0.2937907788612014,0.03773529913126583,1000.0,0
4608.964,-1.258174,-0.28555233333333335,21.540210666666667,1.0264066666666667,0.00245,0.41761033333333336,0.295541,0.12206933333333334,-0.41516033333333335,-0.293091,394.01120733333335,-0.2940300832290896,0.036951495953796876,1001.0,0
4609.964,-1.263171,-0.27709866666666666,21.539631333333336,1.0260083333333332,0.002502,0.4174716666666667,0.29535900000000004,0.12211266666666666,-0.4149696666666667,-0.29285700000000003,393.85857166666665,-0.29426960750450226,0.036166972504408146,1002.0,0
4610.964,-1.268168,-0.268645,21.539052,1.02561,0.002554,0.417333,0.295177,0.122156,-0.414779,-0.292623,393.705936,-0.2945093519907034,0.035381727789807194,1003.0,0
4611.964,-1.269956,-0.268432,21.537701666666667,1.024764,0.002554,0.41703266666666666,0.295045,0.12198766666666666,-0.41447866666666666,-0.292491,393.69860166666666,-0.2943166218043111,0.03601298468587455,1004.0,0
4612.964,-1.271744,-0.26821900000000004,21.536351333333336,1.0239179999999999,0.002554,0.41673233333333337,0.29491300000000004,0.12181933333333334,-0.41417833333333337,-0.29235900000000004,393.69126733333337,-0.29412361210817906,0.036645157071383716,1005.0,0
4613.964,-1.273532,-0.268006,21.535001,1.023072,0.002554,0.416432,0.294781,0.121651,-0.413878,-0.292227,393.683933,-0.2939303222938216,0.037278246939332016,1006.0,0
4614.964,-1.2717236666666667,-0.2688373333333334,21.535803,1.023393,0.002565,0.416542,0.294838,0.12170399999999999,-0.413977,-0.292273,393.61844966666666,-0.2939880572786829,0.03708914523180884,1007.0,0
4615.964,-1.2699153333333335,-0.26966866666666667,21.536605,1.023714,0.0025759999999999997,0.41665199999999997,0.294895,0.121757,-0.414076,-0.292319,393.55296633333336,-0.2940457646561612,0.03690013394785241,1008.0,0
4616.964,-1.268107,-0.2705,21.537407,1.024035,0.002587,0.41676199999999997,0.294952,0.12181,-0.41417499999999996,-0.292365,393.487483,-0.294103444446054,0.03671121302261948,1009.0,0
4617.964,-1.271867,-0.27505650000000004,21.538248000000003,1.0256020000000001,0.0025139999999999997,0.4169635,0.295145,0.1218185,-0.41444949999999997,-0.292631,393.42019500000004,-0.2939291612830062,0.037282049644540405,1010.0,0
4618.964,-1.275627,-0.279613,21.539089,1.027169,0.002441,0.417165,0.295338,0.121827,-0.414724,-0.29289699999999996,393.352907,-0.29375510883167805,0.037852130607128776,1011.0,0
4619.964,-1.2812446666666668,-0.27375133333333335,21.538014333333333,1.026812,0.002437,0.416788,0.295044,0.121744,-0.41435099999999997,-0.29260699999999995,393.43113033333333,-0.29381923494630147,0.03764209577640609,1012.0,0
4620.964,-1.2868623333333333,-0.26788966666666664,21.53693966666667,1.026455,0.0024330000000000003,0.41641100000000003,0.29475,0.121661,-0.413978,-0.292317,393.5093536666667,-0.29388347661826625,0.03743168245609663,1013.0,0
4621.964,-1.29248,-0.262028,21.535865,1.026098,0.002429,0.416034,0.294456,0.121578,-0.413605,-0.292027,393.587577,-0.29394783416021125,0.037220889622201714,1014.0,0
4622.964,-1.2810995,-0.26627199999999995,21.5356555,1.0260965,0.0024600000000000004,0.415702,0.29432,0.121382,-0.413242,-0.29186,393.1645225,-0.2937317449139848,0.03792865538219958,1015.0,0
4623.964,-1.269719,-0.270516,21.535446,1.026095,0.002491,0.41537,0.294184,0.121186,-0.412879,-0.291693,392.741468,-0.29351527569887476,0.038637665669495,1016.0,0
4624.964,-1.2777185,-0.2722955,21.5365335,1.0275805,0.0025655,0.4159035,0.2945055,0.121398,-0.413338,-0.29194,392.898682,-0.2937022332866402,0.038025315996834785,1017.0,0
4625.964,-1.285718,-0.274075,21.537621,1.029066,0.00264,0.416437,0.294827,0.12161,-0.413797,-0.29218700000000003,393.055896,-0.2938887761119005,0.037414324812414024,1018.0,0
4626.964,-1.2906065,-0.267278,21.537634500000003,1.028191,0.002631,0.4167075,0.29507,0.1216375,-0.41407649999999996,-0.292439,393.327874,-0.2937568148803781,0.03784654271751431,1019.0,0
4627.964,-1.295495,-0.260481,21.537648,1.027316,0.002622,0.41697799999999996,0.295313,0.121665,-0.41435599999999995,-0.292691,393.599852,-0.29362503167573695,0.0382781775240425,1020.0,0
4628.964,-1.2984155,-0.2691115,21.540765,1.0283995,0.0025365,0.4164445,0.294851,0.1215935,-0.413908,-0.29231450000000003,393.4690165,-0.29377009811382754,0.03780303561116016,1021.0,0
4629.964,-1.301336,-0.277742,21.543882,1.029483,0.002451,0.41591100000000003,0.294389,0.121522,-0.41346000000000005,-0.29193800000000003,393.338181,-0.29391547892294034,0.037326864026281714,1022.0,0
4630.964,-1.3015265,-0.2689405,21.5410735,1.0290165,0.0025265,0.416041,0.294652,0.121389,-0.4135145,-0.29212550000000004,393.679533,-0.29355510763251974,0.03850720254242723,1023.0,0
4631.964,-1.301717,-0.260139,21.538265,1.02855,0.002602,0.41617099999999996,0.294915,0.121256,-0.41356899999999996,-0.292313,394.020885,-0.2931948313215722,0.039687229968501825,1024.0,0
4632.964,-1.299512,-0.26654466666666665,21.53781,1.0280776666666667,0.0025396666666666666,0.4161296666666667,0.29482733333333333,0.12130233333333333,-0.41359,-0.29228766666666667,393.8643533333333,-0.2932919718206561,0.03936906180251809,1025.0,0
4633.964,-1.297307,-0.27295033333333335,21.537354999999998,1.0276053333333335,0.0024773333333333336,0.41608833333333334,0.2947396666666667,0.12134866666666667,-0.413611,-0.29226233333333335,393.7078216666667,-0.29338910245561434,0.039050925944900006,1026.0,0
4634.964,-1.295102,-0.279356,21.5369,1.027133,0.002415,0.41604700000000006,0.294652,0.121395,-0.41363200000000006,-0.292237,393.55129,-0.29348622322794954,0.03873282239072606,1027.0,0
4635.964,-1.306022,-0.26622999999999997,21.539735,1.0303360000000001,0.0024254999999999997,0.4164255,0.2948905,0.121535,-0.41400000000000003,-0.292465,393.7049925,-0.2935635110229735,0.038479678581217036,1028.0,0
4636.964,-1.316942,-0.253104,21.54257,1.033539,0.002436,0.41680399999999995,0.295129,0.121675,-0.41436799999999996,-0.292693,393.858695,-0.2936406615391669,0.03822698440655825,1029.0,0
4637.964,-1.31362,-0.26154133333333335,21.542803333333335,1.0327223333333333,0.0024436666666666665,0.416471,0.29482966666666666,0.12164133333333334,-0.4140273333333333,-0.292386,393.7419086666667,-0.2938009579100846,0.037701959284907605,1030.0,0
4638.964,-1.310298,-0.26997866666666664,21.543036666666666,1.0319056666666666,0.002451333333333333,0.416138,0.29453033333333334,0.12160766666666667,-0.4136866666666667,-0.29207900000000003,393.6251223333333,-0.2939615182864284,0.03717606945571439,1031.0,0
4639.964,-1.306976,-0.278416,21.54327,1.031089,0.002459,0.41580500000000004,0.294231,0.121574,-0.41334600000000005,-0.29177200000000003,393.508336,-0.29412234332095466,0.036649312780979826,1032.0,0
4640.964,-1.3052875,-0.269095,21.539841,1.029234,0.002434,0.41618200000000005,0.294667,0.121515,-0.413748,-0.292233,393.71716749999996,-0.2936939724034253,0.03805237319837973,1033.0,0
4641.964,-1.303599,-0.259774,21.536412,1.027379,0.002409,0.416559,0.295103,0.121456,-0.41415,-0.292694,393.925999,-0.29326643309533523,0.03945270981208704,1034.0,0
4642.964,-1.3127710000000001,-0.256649,21.536538,1.028365,0.0023975000000000003,0.416886,0.2950385,0.1218475,-0.41448850000000004,-0.29264100000000004,393.946803,-0.2939714707922434,0.037143471614937806,1035.0,0
4643.964,-1.321943,-0.253524,21.536664,1.029351,0.002386,0.417213,0.294974,0.122239,-0.414827,-0.292588,393.967607,-0.2946753578608862,0.03483800211661514,1036.0,0
4644.964,-1.3157085,-0.2667155,21.537647999999997,1.0304669999999998,0.002353,0.41702700000000004,0.29500400000000004,0.12202299999999999,-0.414674,-0.292651,394.0147555,-0.2942631905139712,0.03618799033041953,1037.0,0
4645.964,-1.309474,-0.279907,21.538632,1.031583,0.00232,0.416841,0.295034,0.121807,-0.41452100000000003,-0.29271400000000003,394.061904,-0.2938507189037923,0.03753897510987436,1038.0,0
4646.964,-1.3076035,-0.2806945,21.538501,1.0279729999999998,0.002391,0.41685700000000003,0.2952245,0.1216325,-0.414466,-0.29283349999999997,393.80023200000005,-0.2934686885502998,0.038790254422489956,1039.0,0
4647.964,-1.305733,-0.281482,21.53837,1.024363,0.002462,0.416873,0.295415,0.121458,-0.414411,-0.29295299999999996,393.53856,-0.29308655679158324,0.04004186587169589,1040.0,0
4648.964,-1.30523,-0.278704,21.538851,1.0276554999999998,0.0023645000000000003,0.41660949999999997,0.2950565,0.121553,-0.414245,-0.29269199999999995,394.0261495,-0.2934333388051486,0.03890603685812499,1041.0,0
4649.964,-1.304727,-0.275926,21.539332,1.030948,0.002267,0.416346,0.294698,0.121648,-0.414079,-0.292431,394.513739,-0.2937803988620501,0.03776929715808297,1042.0,0
4650.964,-1.3167149999999999,-0.267153,21.5391135,1.0285415,0.002338,0.416547,0.29489750000000003,0.1216495,-0.414209,-0.2925595,393.881169,-0.293691816671817,0.03805943395242817,1043.0,0
4651.964,-1.328703,-0.25838,21.538895,1.026135,0.002409,0.416748,0.295097,0.121651,-0.414339,-0.292688,393.248599,-0.2936032900675294,0.038349388683900476,1044.0,0
4652.964,-1.351541,-0.238385,21.540032,1.031036,0.002277,0.417265,0.295489,0.121776,-0.414988,-0.29321200000000003,393.558205,-0.2934453368418769,0.03886673920804862,1045.0,0
4653.964,-1.332673,-0.252255,21.540053999999998,1.0318675000000002,0.0022719999999999997,0.41745350000000003,0.2954785,0.121975,-0.4151815,-0.29320650000000004,393.7864805,-0.29378788261972816,0.0377447853069236,1046.0,0
4654.964,-1.313805,-0.266125,21.540076,1.032699,0.002267,0.417642,0.295468,0.122174,-0.415375,-0.293201,394.014756,-0.29413010925094013,0.03662387671956424,1047.0,0
4655.964,-1.3156079999999999,-0.27242833333333333,21.539862666666664,1.0312516666666667,0.0022616666666666666,0.41709033333333334,0.295202,0.12188833333333333,-0.4148286666666667,-0.2929403333333333,394.30755666666664,-0.29382884298138257,0.03761062619441624,1048.0,0
4656.964,-1.317411,-0.27873166666666666,21.539649333333333,1.0298043333333333,0.0022563333333333333,0.41653866666666667,0.294936,0.12160266666666666,-0.4142823333333333,-0.29267966666666667,394.60035733333336,-0.2935267821222938,0.0385999782201738,1049.0,0
4657.964,-1.319214,-0.285035,21.539436,1.028357,0.002251,0.415987,0.29467,0.121317,-0.413736,-0.292419,394.893158,-0.29322392352592846,0.039591943106773164,1050.0,0
4658.964,-1.325044,-0.2779175,21.541983000000002,1.029145,0.0022665000000000003,0.4160425,0.29473499999999997,0.1213075,-0.41377600000000003,-0.2924685,394.213954,-0.2931726179687028,0.039759986252538404,1051.0,0
4659.964,-1.330874,-0.2708,21.54453,1.029933,0.002282,0.416098,0.2948,0.121298,-0.413816,-0.292518,393.53475,-0.2931213223300267,0.03992799691168114,1052.0,0
4660.964,-1.32085,-0.263905,21.539562,1.0289975,0.002295,0.416334,0.294828,0.121506,-0.41403900000000005,-0.29253300000000004,393.513739,-0.29346581714721837,0.03879965924396833,1053.0,0
4661.964,-1.310826,-0.25701,21.534594,1.028062,0.002308,0.41657,0.294856,0.121714,-0.414262,-0.29254800000000003,393.492728,-0.29380994107579517,0.03767253636258561,1054.0,0
4662.964,-1.3137425,-0.262652,21.536862999999997,1.029681,0.0023425,0.4167305,0.295103,0.1216275,-0.414388,-0.2927605,394.135626,-0.2935118620999211,0.03864884636682253,1055.0,0
4663.964,-1.316659,-0.268294,21.539132,1.0313,0.002377,0.416891,0.29535,0.121541,-0.414514,-0.292973,394.778524,-0.2932139643388748,0.03962456283087834,1056.0,0
4664.964,-1.3169715,-0.2682265,21.5419995,1.031671,0.0023639999999999998,0.41685099999999997,0.29517,0.121681,-0.414487,-0.292806,394.284663,-0.29357083230796693,0.03845569888334677,1057.0,0
4665.964,-1.317284,-0.268159,21.544867,1.032042,0.002351,0.416811,0.29499,0.121821,-0.41446,-0.292639,393.790802,-0.29392774677350475,0.03728668264414503,1058.0,0
4666.964,-1.318196,-0.267525,21.543352,1.0316726666666667,0.002330333333333333,0.41628933333333334,0.29471166666666665,0.12157766666666667,-0.413959,-0.2923813333333333,393.697265,-0.29369565672523945,0.03804685647170458,1059.0,0
4667.964,-1.319108,-0.266891,21.541837,1.0313033333333332,0.0023096666666666665,0.41576766666666665,0.2944333333333333,0.12133433333333334,-0.413458,-0.29212366666666667,393.603728,-0.29346300421406174,0.03880887255656118,1060.0,0
4668.964,-1.32002,-0.266257,21.540322,1.030934,0.002289,0.415246,0.294155,0.121091,-0.412957,-0.291866,393.510191,-0.2932297871928244,0.039572737603818076,1061.0,0
4669.964,-1.319108,-0.26602333333333333,21.540400333333334,1.0315366666666668,0.002349333333333333,0.41507733333333335,0.29409566666666664,0.12098166666666667,-0.41272800000000004,-0.29174633333333333,393.433471,-0.2931275798934082,0.03990750126379594,1062.0,0
4670.964,-1.318196,-0.2657896666666667,21.540478666666665,1.0321393333333333,0.0024096666666666667,0.41490866666666665,0.29403633333333334,0.12087233333333333,-0.412499,-0.29162666666666665,393.35675100000003,-0.2930252591123673,0.04024263661468275,1063.0,0
4671.964,-1.317284,-0.265556,21.540557,1.032742,0.00247,0.41474,0.293977,0.120763,-0.41227,-0.29150699999999996,393.280031,-0.2929228246605978,0.04057814427585815,1064.0,0
4672.964,-1.3141043333333333,-0.2645383333333333,21.541554333333334,1.0325463333333333,0.0023943333333333334,0.4149566666666667,0.2940583333333333,0.12089833333333333,-0.41256233333333336,-0.291664,393.09067066666665,-0.29304329699664866,0.04018355641009097,1065.0,0
4673.964,-1.3109246666666665,-0.2635206666666667,21.542551666666665,1.0323506666666666,0.002318666666666667,0.41517333333333334,0.2941396666666667,0.12103366666666666,-0.4128546666666667,-0.291821,392.90131033333336,-0.293163598724649,0.03978952734370256,1066.0,0
4674.964,-1.307745,-0.262503,21.543549,1.032155,0.002243,0.41539000000000004,0.294221,0.121169,-0.41314700000000004,-0.291978,392.71195,-0.293283730206755,0.039396055890507986,1067.0,0
4675.964,-1.3120349999999998,-0.26302749999999997,21.539943,1.031911,0.0022805000000000004,0.415573,0.29440900000000003,0.121164,-0.41329250000000006,-0.2921285,393.1422165,-0.29316838115470556,0.039773863259058184,1068.0,0
4676.964,-1.316325,-0.263552,21.536337,1.031667,0.002318,0.415756,0.294597,0.121159,-0.413438,-0.292279,393.572483,-0.293053113291747,0.04015140470572831,1069.0,0
4677.964,-1.313325,-0.2643393333333333,21.536414666666666,1.032652,0.002326666666666667,0.415759,0.29457099999999997,0.121188,-0.41343233333333335,-0.29224433333333333,393.4835813333333,-0.2931272746622978,0.03990850099947263,1070.0,0
4678.964,-1.310325,-0.2651266666666667,21.536492333333335,1.033637,0.0023353333333333334,0.415762,0.294545,0.121217,-0.41342666666666666,-0.29220966666666665,393.39467966666666,-0.29320143806585147,0.03966559063444153,1071.0,0
4679.964,-1.307325,-0.265914,21.53657,1.034622,0.002344,0.415765,0.294519,0.121246,-0.413421,-0.29217499999999996,393.305778,-0.29327560350249143,0.039422673610361336,1072.0,0
4680.964,-1.3092515,-0.269959,21.536348500000003,1.032514,0.0023245,0.41609850000000004,0.29473099999999997,0.1213675,-0.413774,-0.2924065,393.30423299999995,-0.2933190420834614,0.03928039748690637,1073.0,0
4681.964,-1.311178,-0.274004,21.536127,1.030406,0.002305,0.416432,0.294943,0.121489,-0.414127,-0.292638,393.302688,-0.29336240661054847,0.03913836391509884,1074.0,0
4682.964,-1.3103343333333333,-0.2724276666666667,21.535772,1.030505,0.0023403333333333336,0.41586933333333337,0.29458066666666666,0.12128866666666667,-0.41352900000000004,-0.2922403333333333,393.470422,-0.2933021867120647,0.0393356045597012,1075.0,0
4683.964,-1.3094906666666666,-0.27085133333333333,21.535417,1.0306039999999999,0.0023756666666666666,0.41530666666666666,0.29421833333333336,0.12108833333333333,-0.412931,-0.2918426666666667,393.638156,-0.293241792394191,0.039533416487114836,1076.0,0
4684.964,-1.308647,-0.269275,21.535062,1.030703,0.002411,0.414744,0.293856,0.120888,-0.412333,-0.291445,393.80589,-0.293181222898053,0.03973180218291161,1077.0,0
4685.964,-1.302032,-0.2751295,21.537371999999998,1.0317794999999998,0.002328,0.41513100000000003,0.2941805,0.12095049999999999,-0.41280300000000003,-0.2918525,393.60881099999995,-0.2929988226801227,0.040329224919681717,1078.0,0
4686.964,-1.295417,-0.280984,21.539682,1.032856,0.002245,0.415518,0.294505,0.121013,-0.413273,-0.29226,393.411732,-0.2928168373371532,0.04092528879988189,1079.0,0
4687.964,-1.301974,-0.2710625,21.536777,1.032492,0.002317,0.41618299999999997,0.2946475,0.12153549999999999,-0.413866,-0.29233050000000005,394.015087,-0.2936597682819276,0.03816440332699389,1080.0,0
4688.964,-1.308531,-0.261141,21.533872,1.032128,0.002389,0.416848,0.29479,0.122058,-0.414459,-0.292401,394.618442,-0.2945002871219761,0.035411418317291,1081.0,0
4689.964,-1.3138915,-0.25680749999999997,21.5341195,1.0322165,0.002415,0.4167645,0.2949975,0.121767,-0.4143495,-0.29258249999999997,394.7762925,-0.2938758074422858,0.03745680161524567,1082.0,0
4690.964,-1.319252,-0.252474,21.534367,1.032305,0.002441,0.41668099999999997,0.295205,0.121476,-0.41423999999999994,-0.29276399999999997,394.934143,-0.29325099761248935,0.03950326626706169,1083.0,0
4691.964,-1.3184485000000001,-0.25526,21.5352055,1.032985,0.0023775000000000003,0.4168035,0.29513849999999997,0.121665,-0.41442599999999996,-0.292761,394.98848,-0.2935754358448453,0.038440620734691566,1084.0,0
4692.964,-1.317645,-0.258046,21.536044,1.033665,0.002314,0.416926,0.295072,0.121854,-0.41461200000000004,-0.292758,395.042817,-0.293899582982603,0.03737892863611414,1085.0,0
4693.964,-1.3122829999999999,-0.26138666666666666,21.535961666666665,1.033588,0.0022916666666666667,0.41686633333333334,0.2951163333333333,0.12175,-0.4145746666666667,-0.2928246666666667,395.0177506666667,-0.29367518921044194,0.03811389454240399,1086.0,0
4694.964,-1.306921,-0.2647273333333333,21.535879333333334,1.033511,0.0022693333333333333,0.41680666666666666,0.2951606666666667,0.121646,-0.4145373333333333,-0.29289133333333334,394.99268433333333,-0.2934507550202676,0.038848992831431284,1087.0,0
4695.964,-1.301559,-0.268068,21.535797,1.033434,0.002247,0.416747,0.295205,0.121542,-0.4145,-0.292958,394.967618,-0.29322628040115895,0.039584223538965624,1088.0,0
4696.964,-1.3040443333333334,-0.2714163333333333,21.534336,1.0315116666666666,0.002261,0.416306,0.294938,0.121368,-0.414045,-0.292677,394.52924566666667,-0.2931282665610419,0.039905252193802254,1089.0,0
4697.964,-1.3065296666666666,-0.27476466666666666,21.532875,1.0295893333333335,0.0022749999999999997,0.415865,0.294671,0.121194,-0.41359,-0.292396,394.0908733333333,-0.2930300370657826,0.04022698719256079,1090.0,0
4698.964,-1.309015,-0.278113,21.531414,1.027667,0.002289,0.415424,0.294404,0.12102,-0.41313500000000003,-0.292115,393.652501,-0.2929315912028543,0.04054943086900875,1091.0,0
4699.964,-1.306623,-0.27389833333333335,21.530349333333334,1.0278273333333334,0.0022793333333333333,0.4155663333333333,0.2945453333333333,0.121021,-0.413287,-0.292266,393.77665766666667,-0.2928262752670064,0.040894376370355645,1092.0,0
4700.964,-1.304231,-0.26968366666666665,21.52928466666667,1.0279876666666667,0.0022696666666666664,0.41570866666666667,0.29468666666666665,0.121022,-0.413439,-0.292417,393.9008143333333,-0.2927210367697212,0.041239068234077525,1093.0,0
4701.964,-1.301839,-0.265469,21.52822,1.028148,0.00226,0.41585099999999997,0.294828,0.121023,-0.413591,-0.292568,394.024971,-0.2926158756256195,0.041583506739820586,1094.0,0
4702.964,-1.3146935,-0.26963000000000004,21.5310375,1.029058,0.002308,0.415902,0.29471499999999995,0.121187,-0.41359399999999996,-0.292407,394.288843,-0.2930102782203762,0.040291704130029804,1095.0,0
4703.964,-1.327548,-0.273791,21.533855,1.029968,0.002356,0.41595299999999996,0.294602,0.121351,-0.41359699999999994,-0.29224599999999995,394.552715,-0.29340467509356954,0.03899992026030441,1096.0,0
4704.964,-1.320556,-0.2681426666666667,21.53281133333333,1.0308396666666666,0.002344,0.415962,0.294641,0.121321,-0.413618,-0.292297,394.47182666666663,-0.2933172475986239,0.03928627503494264,1097.0,0
4705.964,-1.313564,-0.26249433333333333,21.531767666666667,1.0317113333333334,0.002332,0.415971,0.29468,0.121291,-0.413639,-0.292348,394.39093833333334,-0.2932298289808963,0.03957260073367308,1098.0,0
4706.964,-1.306572,-0.256846,21.530724,1.032583,0.00232,0.41598,0.294719,0.121261,-0.41366,-0.292399,394.31005,-0.29314241923903506,0.03985889736092307,1099.0,0
4707.964,-1.3115386666666666,-0.26025433333333337,21.532682666666666,1.0323126666666667,0.00232,0.41598066666666667,0.29465566666666665,0.121325,-0.4136606666666667,-0.29233566666666666,394.31009133333333,-0.29329666336013743,0.03935369541541389,1100.0,0
4708.964,-1.3165053333333334,-0.26366266666666666,21.534641333333333,1.0320423333333333,0.00232,0.4159813333333333,0.29459233333333334,0.121389,-0.4136613333333333,-0.29227233333333336,394.3101326666667,-0.2934509069840714,0.03884849509830035,1101.0,0
4709.964,-1.321472,-0.267071,21.5366,1.031772,0.00232,0.41598199999999996,0.294529,0.121453,-0.413662,-0.292209,394.310174,-0.2936051501108395,0.03834329640957401,1102.0,0
4710.964,-1.313133,-0.2681055,21.5331385,1.0314255,0.002301,0.4155675,0.29428699999999997,0.1212805,-0.4132665,-0.29198599999999997,394.42073949999997,-0.2934687265208444,0.038790130056044925,1103.0,0
4711.964,-1.304794,-0.26914,21.529677,1.031079,0.002282,0.415153,0.294045,0.121108,-0.412871,-0.291763,394.531305,-0.29333204156271947,0.039237819772016125,1104.0,0
4712.964,-1.305602,-0.274526,21.532595,1.032436,0.002424,0.415906,0.294705,0.121201,-0.413482,-0.292281,394.010827,-0.29312350507036594,0.03992084769485493,1105.0,0
4713.964,-1.317065,-0.2607435,21.533251,1.0330485,0.0024555000000000002,0.4160085,0.2947925,0.121216,-0.413553,-0.29233699999999996,393.839522,-0.2931094517739002,0.03996687701943846,1106.0,0
4714.964,-1.328528,-0.246961,21.533907,1.033661,0.002487,0.416111,0.29488,0.121231,-0.413624,-0.29239299999999996,393.668217,-0.2930954033020408,0.040012890541795465,1107.0,0
4715.964,-1.3338985,-0.2409885,21.533448,1.0343285,0.0024745,0.4161895,0.29498749999999996,0.121202,-0.41371499999999994,-0.29251299999999997,394.0430445,-0.2929608376801366,0.040453638710988615,1108.0,0
4716.964,-1.339269,-0.235016,21.532989,1.034996,0.002462,0.41626799999999997,0.295095,0.121173,-0.41380599999999995,-0.292633,394.417872,-0.29282633124297675,0.04089419303001873,1109.0,0
4717.964,-1.3350975,-0.2407745,21.5334025,1.035275,0.002469,0.4159485,0.294849,0.1210995,-0.4134795,-0.29238,394.257426,-0.29287979907056827,0.040719067713550716,1110.0,0
4718.964,-1.330926,-0.246533,21.533816,1.035554,0.002476,0.415629,0.294603,0.121026,-0.41315300000000005,-0.292127,394.09698,-0.29293335140577803,0.04054366560589717,1111.0,0
4719.964,-1.327127,-0.2525036666666667,21.534131333333335,1.0365520000000001,0.002473,0.416306,0.29496633333333333,0.12133966666666667,-0.413833,-0.2924933333333333,394.1686736666667,-0.29320996604096994,0.03963765861609092,1112.0,0
4720.964,-1.323328,-0.2584743333333333,21.534446666666668,1.03755,0.00247,0.416983,0.29532966666666666,0.12165333333333334,-0.414513,-0.2928596666666667,394.2403673333333,-0.2934856731128009,0.03873462420489815,1113.0,0
4721.964,-1.319529,-0.264445,21.534762,1.038548,0.002467,0.41766,0.295693,0.121967,-0.415193,-0.293226,394.312061,-0.29376047708048325,0.03783454776688189,1114.0,0
4722.964,-1.3172755,-0.264563,21.532744,1.035961,0.0024895,0.416884,0.295328,0.121556,-0.4143945,-0.2928385,394.704289,-0.29333471688141827,0.03922905719356684,1115.0,0
4723.964,-1.315022,-0.264681,21.530726,1.033374,0.002512,0.416108,0.294963,0.121145,-0.41359599999999996,-0.29245099999999996,395.096517,-0.29290731270929293,0.040628951191038265,1116.0,0
4724.964,-1.3113946666666667,-0.263162,21.528881333333334,1.033009,0.0025336666666666667,0.4158263333333333,0.294776,0.12105033333333333,-0.41329266666666664,-0.2922423333333333,394.781476,-0.29289323520516175,0.04067505980395758,1117.0,0
4725.964,-1.3077673333333333,-0.261643,21.527036666666667,1.032644,0.002555333333333333,0.4155446666666667,0.294589,0.12095566666666667,-0.4129893333333333,-0.29203366666666664,394.466435,-0.29287913702162693,0.04072123614895551,1118.0,0
4726.964,-1.30414,-0.260124,21.525192,1.032279,0.002577,0.415263,0.294402,0.120861,-0.412686,-0.291825,394.151394,-0.2928650181130886,0.040767480375387244,1119.0,0
4727.964,-1.313185,-0.258348,21.527522,1.0342639999999999,0.0025215,0.41547449999999997,0.29445750000000004,0.121017,-0.412953,-0.291936,394.0255005,-0.29305342993858835,0.04015036757965085,1120.0,0
4728.964,-1.32223,-0.256572,21.529852,1.036249,0.002466,0.415686,0.294513,0.121173,-0.41322,-0.292047,393.899607,-0.2932415982808147,0.0395340522744283,1121.0,0
4729.964,-1.3220376666666667,-0.25858400000000004,21.529607333333335,1.036249,0.002487,0.415679,0.29455766666666666,0.12112133333333333,-0.413192,-0.29207066666666665,394.107604,-0.2931364268179446,0.039878524577646624,1122.0,0
4730.964,-1.3218453333333333,-0.260596,21.529362666666668,1.036249,0.002508,0.415672,0.29460233333333335,0.12106966666666667,-0.413164,-0.29209433333333334,394.315601,-0.293031241100163,0.0402230435705474,1123.0,0
4731.964,-1.321653,-0.262608,21.529118,1.036249,0.002529,0.415665,0.294647,0.121018,-0.413136,-0.292118,394.523598,-0.2929260411245719,0.04056760926262237,1124.0,0
4732.964,-1.319199,-0.26386750000000003,21.5297865,1.0366895,0.0024720000000000002,0.41625,0.29494299999999996,0.121307,-0.413778,-0.292471,394.6093275,-0.2931699925322095,0.039768585449802774,1125.0,0
4733.964,-1.316745,-0.265127,21.530455,1.03713,0.002415,0.41683499999999996,0.295239,0.121596,-0.41441999999999996,-0.292824,394.695057,-0.2934131881018968,0.03897203726328424,1126.0,0
4734.964,-1.3248895,-0.25929250000000004,21.5294905,1.0358335,0.002341,0.41584199999999993,0.2945055,0.1213365,-0.41350099999999995,-0.29216449999999994,394.186352,-0.2934377267230954,0.03889166493478924,1127.0,0
4735.964,-1.333034,-0.253458,21.528526,1.034537,0.002267,0.41484899999999997,0.293772,0.121077,-0.41258199999999995,-0.29150499999999996,393.677647,-0.29346237466097563,0.03881093455699025,1128.0,0
4736.964,-1.3208275,-0.25861,21.530330499999998,1.038278,0.0023225,0.414674,0.293772,0.12090200000000001,-0.4123515,-0.2914495,393.70239949999996,-0.29320202109613064,0.039663681012024665,1129.0,0
4737.964,-1.308621,-0.263762,21.532135,1.042019,0.002378,0.41449899999999995,0.293772,0.120727,-0.41212099999999996,-0.291394,393.727152,-0.2929413762981655,0.040517381354557847,1130.0,0
4738.964,-1.314593,-0.264123,21.528362,1.039459,0.0024135,0.4156185,0.2945675,0.12105099999999999,-0.413205,-0.292154,393.827342,-0.2929569897677661,0.040466241932439306,1131.0,0
4739.964,-1.320565,-0.264484,21.524589,1.036899,0.002449,0.416738,0.295363,0.121375,-0.414289,-0.292914,393.927532,-0.2929725215309157,0.04041537012673102,1132.0,0
4740.964,-1.3226006666666668,-0.261652,21.526474333333333,1.0376236666666667,0.002472,0.416717,0.29528899999999997,0.121428,-0.41424500000000003,-0.292817,394.461973,-0.29313158428365893,0.03989438552407898,1133.0,0
4741.964,-1.3246363333333333,-0.25882,21.528359666666667,1.0383483333333332,0.002495,0.416696,0.295215,0.121481,-0.414201,-0.29272,394.99641399999996,-0.2932906808305167,0.039373290234210656,1134.0,0
4742.964,-1.326672,-0.255988,21.530245,1.039073,0.002518,0.416675,0.295141,0.121534,-0.414157,-0.29262299999999997,395.530855,-0.2934498111822599,0.038852084221847494,1135.0,0
4743.964,-1.3254480000000002,-0.2597965,21.530521,1.038711,0.002491,0.4167265,0.29517649999999995,0.12154999999999999,-0.4142355,-0.29268549999999993,395.29774799999996,-0.29343282609246707,0.03890771616649891,1136.0,0
4744.964,-1.324224,-0.263605,21.530797,1.038349,0.002464,0.416778,0.295212,0.121566,-0.41431399999999996,-0.29274799999999995,395.064641,-0.2934158474390135,0.038963327029950756,1137.0,0
4745.964,-1.317013,-0.26430699999999996,21.5260195,1.0355565,0.002439,0.4163635,0.29506299999999996,0.1213005,-0.4139245,-0.292624,395.0536125,-0.2930505274525366,0.04015987420842648,1138.0,0
4746.964,-1.309802,-0.265009,21.521242,1.032764,0.002414,0.415949,0.294914,0.121035,-0.413535,-0.2925,395.042584,-0.29268451928982864,0.04135867539806526,1139.0,0
4747.964,-1.3261105,-0.25063599999999997,21.521832500000002,1.033683,0.0024115,0.416092,0.294974,0.121118,-0.4136805,-0.2925625,395.0956255,-0.29278221425040396,0.04103869118215897,1140.0,0
4748.964,-1.342419,-0.236263,21.522423,1.034602,0.002409,0.416235,0.295034,0.121201,-0.413826,-0.292625,395.148667,-0.2928798405122938,0.04071893197780774,1141.0,0
4749.964,-1.3407766666666667,-0.24352066666666666,21.524907666666667,1.0356723333333333,0.002427666666666667,0.41605600000000004,0.29496100000000003,0.12109500000000001,-0.4136283333333334,-0.29253333333333337,394.941492,-0.29276353432477864,0.041099874290470795,1142.0,0
4750.964,-1.3391343333333332,-0.2507783333333333,21.52739233333333,1.0367426666666668,0.0024463333333333333,0.415877,0.294888,0.120989,-0.41343066666666667,-0.29244166666666666,394.73431700000003,-0.29264711692194323,0.04148118087112518,1143.0,0
4751.964,-1.337492,-0.258036,21.529877,1.037813,0.002465,0.415698,0.294815,0.120883,-0.413233,-0.29235,394.527142,-0.2925305881441902,0.04186285224250641,1144.0,0
4752.964,-1.332065,-0.2565955,21.5262435,1.0367685,0.002418,0.416042,0.29495899999999997,0.121083,-0.413624,-0.292541,394.938222,-0.29273758954410184,0.041184852269404826,1145.0,0
4753.964,-1.326638,-0.255155,21.52261,1.035724,0.002371,0.41638600000000003,0.295103,0.121283,-0.414015,-0.292732,395.349302,-0.2929441999545909,0.040508132919613526,1146.0,0
4754.964,-1.333019,-0.246923,21.5213025,1.0338505,0.0024279999999999996,0.41688200000000003,0.2955045,0.1213775,-0.414454,-0.29307649999999996,395.3762845,-0.29286191679153006,0.04077763825805947,1147.0,0
4755.964,-1.3394,-0.238691,21.519995,1.031977,0.002485,0.417378,0.295906,0.121472,-0.414893,-0.293421,395.403267,-0.2927798077571995,0.04104657326570338,1148.0,0
4756.964,-1.33077,-0.2499795,21.523145,1.033782,0.0024,0.4163515,0.295238,0.1211135,-0.41395150000000003,-0.292838,394.960075,-0.29257966834198773,0.04170209790557555,1149.0,0
4757.964,-1.32214,-0.261268,21.526295,1.035587,0.002315,0.415325,0.29457,0.120755,-0.41301,-0.292255,394.516883,-0.29237861644661495,0.04236061122825341,1150.0,0
4758.964,-1.3202016666666667,-0.25886033333333336,21.524583,1.0359436666666666,0.002335,0.41580466666666666,0.29483166666666666,0.120973,-0.4134696666666666,-0.2924966666666666,394.6441946666667,-0.2925808162811208,0.04169833801457157,1151.0,0
4759.964,-1.3182633333333333,-0.25645266666666666,21.522871000000002,1.0363003333333334,0.002355,0.4162843333333333,0.2950933333333333,0.12119100000000001,-0.4139293333333333,-0.2927383333333333,394.7715063333333,-0.2927825670305246,0.04103753570730517,1152.0,0
4760.964,-1.316325,-0.254045,21.521159,1.036657,0.002375,0.41676399999999997,0.295355,0.121409,-0.41438899999999995,-0.29297999999999996,394.898818,-0.2929838701892912,0.0403781994115735,1153.0,0
4761.964,-1.321944,-0.25944333333333336,21.521386,1.0370789999999999,0.0024193333333333332,0.416581,0.295302,0.121279,-0.41416166666666665,-0.2928826666666666,395.046334,-0.29283080157298047,0.04087955117917341,1154.0,0
4762.964,-1.327563,-0.26484166666666664,21.521613000000002,1.037501,0.0024636666666666665,0.416398,0.295249,0.121149,-0.4139343333333333,-0.29278533333333334,395.19385,-0.29267756482525364,0.04138145363433221,1155.0,0
4763.964,-1.333182,-0.27024,21.52184,1.037923,0.002508,0.416215,0.295196,0.121019,-0.413707,-0.292688,395.341366,-0.29252415966894363,0.04188390768486627,1156.0,0
4764.964,-1.3287010000000001,-0.259753,21.5222895,1.0360209999999999,0.0025155,0.415645,0.2946145,0.1210305,-0.4131295,-0.292099,395.269083,-0.29296090683649273,0.040453412200406436,1157.0,0
4765.964,-1.32422,-0.249266,21.522739,1.034119,0.002523,0.41507499999999997,0.294033,0.121042,-0.412552,-0.29151,395.1968,-0.29339887674493575,0.03901891182374029,1158.0,0
4766.964,-1.3363055,-0.250345,21.523703,1.0370055,0.0024345,0.4150755,0.294263,0.12081249999999999,-0.412641,-0.2918285,395.28023099999996,-0.2927794203179527,0.041047842260980794,1159.0,0
4767.964,-1.348391,-0.251424,21.524667,1.039892,0.002346,0.415076,0.294493,0.120583,-0.41273,-0.292147,395.363662,-0.29216023104749117,0.043075897669769714,1160.0,0
4768.964,-1.3464496666666665,-0.250297,21.524515333333333,1.0400586666666667,0.002377666666666667,0.41515466666666667,0.294524,0.12063066666666666,-0.412777,-0.29214633333333334,395.462443,-0.2922424430360938,0.04280662545187641,1161.0,0
4769.964,-1.3445083333333334,-0.24917,21.524363666666666,1.0402253333333333,0.002409333333333333,0.41523333333333334,0.294555,0.12067833333333333,-0.41282399999999997,-0.29214566666666664,395.561224,-0.2923246363049862,0.04253741454739979,1162.0,0
4770.964,-1.342567,-0.248043,21.524212,1.040392,0.002441,0.415312,0.294586,0.120726,-0.412871,-0.292145,395.660005,-0.2924068108605614,0.042268264935399924,1163.0,0
4771.964,-1.344348,-0.24863033333333334,21.523725,1.0408323333333334,0.0024703333333333335,0.41486633333333334,0.29433133333333333,0.120535,-0.412396,-0.291861,395.588046,-0.29228045926841983,0.04268210936403616,1164.0,0
4772.964,-1.346129,-0.24921766666666667,21.523238,1.0412726666666665,0.0024996666666666665,0.4144206666666667,0.2940766666666667,0.12034399999999999,-0.41192100000000004,-0.29157700000000003,395.51608699999997,-0.2921538162750048,0.043096908230930486,1165.0,0
4773.964,-1.34791,-0.249805,21.522751,1.041713,0.002529,0.41397500000000004,0.293822,0.120153,-0.41144600000000003,-0.291293,395.444128,-0.2920268808710763,0.04351266484168714,1166.0,0
4774.964,-1.343041,-0.249664,21.521357333333334,1.040644,0.0024813333333333332,0.4145456666666667,0.29411166666666666,0.120434,-0.41206433333333337,-0.2916303333333333,395.322031,-0.2922706056512349,0.042714383310923365,1167.0,0
4775.964,-1.338172,-0.249523,21.519963666666666,1.039575,0.002433666666666667,0.4151163333333333,0.29440133333333335,0.120715,-0.41268266666666664,-0.2919676666666667,395.199934,-0.29251360007107974,0.04191849395853764,1168.0,0
4776.964,-1.333303,-0.249382,21.51857,1.038506,0.002386,0.415687,0.294691,0.120996,-0.413301,-0.292305,395.077837,-0.292755867408662,0.04112498604779746,1169.0,0
4777.964,-1.3301303333333332,-0.25723999999999997,21.520596333333334,1.038872,0.0023796666666666666,0.4154616666666667,0.29456499999999997,0.12089666666666667,-0.413082,-0.2921853333333333,395.2126563333333,-0.29267060616844326,0.04140424560159561,1170.0,0
4778.964,-1.3269576666666667,-0.265098,21.522622666666667,1.0392379999999999,0.0023733333333333336,0.4152363333333333,0.294439,0.12079733333333334,-0.412863,-0.29206566666666667,395.3474756666667,-0.2925852544756682,0.04168380141827299,1171.0,0
4779.964,-1.323785,-0.272956,21.524649,1.039604,0.002367,0.415011,0.294313,0.120698,-0.412644,-0.291946,395.482295,-0.29249981218632093,0.04196365396953072,1172.0,0
4780.964,-1.3296826666666666,-0.2611553333333333,21.521508,1.039038,0.0023593333333333335,0.41525700000000004,0.29457333333333335,0.12068366666666666,-0.41289766666666666,-0.292214,395.64664,-0.29228539828367067,0.042665932409635565,1173.0,0
4781.964,-1.3355803333333334,-0.24935466666666664,21.518366999999998,1.038472,0.002351666666666667,0.415503,0.29483366666666666,0.12066933333333334,-0.41315133333333337,-0.292482,395.810985,-0.29207124767336506,0.04336734847778234,1174.0,0
4782.964,-1.341478,-0.237554,21.515226,1.037906,0.002344,0.41574900000000004,0.295094,0.120655,-0.413405,-0.29275,395.97533,-0.29185735987073175,0.044067903761437655,1175.0,0
4783.964,-1.3457615,-0.24651199999999998,21.52065,1.0434290000000002,0.002365,0.41488600000000003,0.2947195,0.12016650000000001,-0.412521,-0.2923545,395.95545949999996,-0.2912986037040628,0.04589802020573985,1176.0,0
4784.964,-1.350045,-0.25547,21.526074,1.048952,0.002386,0.41402300000000003,0.294345,0.119678,-0.41163700000000003,-0.291959,395.935589,-0.2907374476479219,0.04773599710411691,1177.0,0
4785.964,-1.3434673333333333,-0.25928399999999996,21.523485,1.0454526666666668,0.002471333333333333,0.41275933333333337,0.2939643333333333,0.118795,-0.41028800000000004,-0.291493,397.497766,-0.28954122358251666,0.05165403768024057,1178.0,0
4786.964,-1.3368896666666665,-0.263098,21.520896,1.0419533333333333,0.0025566666666666667,0.41149566666666665,0.2935836666666667,0.117912,-0.408939,-0.29102700000000004,399.059943,-0.28833710733656437,0.05559792783129902,1179.0,0
4787.964,-1.330312,-0.266912,21.518307,1.038454,0.002642,0.410232,0.293203,0.117029,-0.40759,-0.290561,400.62212,-0.2871250205476595,0.05956792422081647,1180.0,0
4788.964,-1.3400735,-0.2530985,21.521177,1.040891,0.0025285,0.41072,0.293527,0.11719299999999999,-0.4081915,-0.2909985,400.7018,-0.2871036930060841,0.05963777917165536,1181.0,0
4789.964,-1.349835,-0.239285,21.524047,1.043328,0.002415,0.41120799999999996,0.293851,0.117357,-0.40879299999999996,-0.291436,400.78148,-0.28708242822755825,0.05970742855216549,1182.0,0
4790.964,-1.3471036666666667,-0.24592066666666665,21.523347,1.0434156666666667,0.002459,0.41103366666666663,0.29360933333333333,0.11742433333333334,-0.40857466666666664,-0.2911503333333333,400.81606899999997,-0.28740064011304356,0.05866517642299274,1183.0,0
4791.964,-1.3443723333333333,-0.2525563333333333,21.522647,1.0435033333333332,0.002503,0.4108593333333333,0.29336766666666664,0.11749166666666666,-0.40835633333333327,-0.29086466666666666,400.850658,-0.2877191922720898,0.05762180978220188,1184.0,0
4792.964,-1.341641,-0.259192,21.521947,1.043591,0.002547,0.41068499999999997,0.293126,0.117559,-0.40813799999999995,-0.290579,400.885247,-0.28803808525078584,0.05657732684116634,1185.0,0
4793.964,-1.337833,-0.253414,21.521500500000002,1.045456,0.002525,0.4107615,0.2932005,0.117561,-0.4082365,-0.2906755,400.91071750000003,-0.28797348589233424,0.056788911706347256,1186.0,0
4794.964,-1.334025,-0.247636,21.521054,1.047321,0.002503,0.41083800000000004,0.293275,0.117563,-0.40833500000000006,-0.29077200000000003,400.936188,-0.2879089176997262,0.05700039449279293,1187.0,0
4795.964,-1.343274,-0.243111,21.522153,1.0482814999999999,0.0025364999999999997,0.4103445,0.2929155,0.117429,-0.407808,-0.290379,400.97900400000003,-0.2879523892429507,0.056858010406745874,1188.0,0
4796.964,-1.352523,-0.238586,21.523252,1.049242,0.00257,0.40985099999999997,0.292556,0.117295,-0.40728099999999995,-0.28998599999999997,401.02182,-0.2879959732861913,0.05671525784489162,1189.0,0
4797.964,-1.343894,-0.242445,21.523362499999998,1.0490765,0.0025225,0.41044099999999994,0.29306299999999996,0.117378,-0.40791849999999996,-0.2905405,400.868159,-0.2877493610840427,0.057522996664506554,1190.0,0
4798.964,-1.335265,-0.246304,21.523473,1.048911,0.002475,0.411031,0.29357,0.117461,-0.408556,-0.291095,400.714498,-0.2875035184981214,0.05832821472927818,1191.0,0
4799.964,-1.3364273333333332,-0.25168566666666664,21.522018666666668,1.049992,0.0024703333333333335,0.41065999999999997,0.293268,0.117392,-0.4081896666666667,-0.2907976666666667,400.692174,-0.2875925021599489,0.058036762978945666,1192.0,0
4800.964,-1.3375896666666667,-0.2570673333333333,21.520564333333333,1.051073,0.002465666666666667,0.410289,0.292966,0.117323,-0.4078233333333333,-0.2905003333333333,400.66985,-0.28768164568394566,0.05774478762564961,1193.0,0
4801.964,-1.338752,-0.262449,21.51911,1.052154,0.002461,0.409918,0.292664,0.117254,-0.407457,-0.290203,400.647526,-0.2877709495012959,0.05745228725711504,1194.0,0
4802.964,-1.340433,-0.2592185,21.5192155,1.0518125,0.0024660000000000003,0.4105615,0.2931955,0.117366,-0.40809550000000006,-0.2907295,400.634319,-0.2875951525933332,0.058028081908363505,1195.0,0
4803.964,-1.342114,-0.255988,21.519321,1.051471,0.002471,0.41120500000000004,0.293727,0.117478,-0.40873400000000004,-0.291256,400.621112,-0.28741990492570946,0.05860207761073899,1196.0,0
4804.964,-1.349482,-0.257417,21.518992,1.053143,0.002526,0.4104705,0.29324,0.1172305,-0.40794450000000004,-0.29071400000000003,400.814401,-0.2873694518971377,0.05876732843527033,1197.0,0
4805.964,-1.35685,-0.258846,21.518663,1.054815,0.002581,0.409736,0.292753,0.116983,-0.407155,-0.290172,401.00769,-0.2873188032046842,0.05893322012554758,1198.0,0
4806.964,-1.35413,-0.26209150000000003,21.521034999999998,1.055506,0.002524,0.40999399999999997,0.292958,0.117036,-0.40747,-0.29043399999999997,400.8045165,-0.28722675835462325,0.059234698308265665,1199.0,0
4807.964,-1.35141,-0.265337,21.523407,1.056197,0.002467,0.410252,0.293163,0.117089,-0.407785,-0.290696,400.601343,-0.2871348557079238,0.05953571072662034,1200.0,0
4808.964,-1.3535553333333334,-0.25954333333333335,21.52370433333333,1.0557746666666668,0.0024903333333333335,0.410849,0.29326566666666665,0.11758333333333333,-0.40835866666666665,-0.29077533333333333,400.6883403333333,-0.2879420246793457,0.056891957876900046,1201.0,0
4809.964,-1.3557006666666667,-0.25374966666666665,21.524001666666667,1.0553523333333332,0.0025136666666666667,0.411446,0.29336833333333334,0.11807766666666666,-0.40893233333333334,-0.29085466666666665,400.77533766666664,-0.2887469289872627,0.054255622570230755,1202.0,0
4810.964,-1.357846,-0.247956,21.524299,1.05493,0.002537,0.412043,0.293471,0.118572,-0.409506,-0.29093399999999997,400.862335,-0.289549578149229,0.05162667363338558,1203.0,0
4811.964,-1.3574323333333334,-0.24839633333333333,21.523018999999998,1.056139,0.002554666666666667,0.4152153333333333,0.2944576666666667,0.12075766666666667,-0.4126606666666667,-0.29190299999999997,397.8615076666666,-0.29263258908269035,0.04152876448469922,1204.0,0
4812.964,-1.3570186666666668,-0.24883666666666668,21.521739,1.057348,0.002572333333333333,0.41838766666666666,0.2954443333333333,0.12294333333333332,-0.4158153333333333,-0.292872,394.86068033333333,-0.2956688201384753,0.03158407534235019,1205.0,0
4813.964,-1.356605,-0.249277,21.520459,1.058557,0.00259,0.42156,0.296431,0.125129,-0.41897,-0.293841,391.859853,-0.2986593280171086,0.02178914515280128,1206.0,0
4814.964,-1.364381,-0.2513455,21.517736499999998,1.0599254999999999,0.002519,0.416649,0.295187,0.12146199999999999,-0.41413,-0.29266800000000004,393.5104595,-0.29329508438191965,0.039358867105990125,1207.0,0
4815.964,-1.372157,-0.253414,21.515014,1.061294,0.002448,0.411738,0.293943,0.117795,-0.40929,-0.291495,395.161066,-0.2878039722543239,0.057344126511949534,1208.0,0
4816.964,-1.3661683333333334,-0.25807066666666667,21.515622,1.0620436666666666,0.002440666666666667,0.411291,0.2936876666666667,0.11760333333333334,-0.4088503333333333,-0.29124700000000003,397.14731233333333,-0.287644674321755,0.0578658814085008,1209.0,0
4817.964,-1.3601796666666666,-0.2627273333333333,21.51623,1.0627933333333333,0.0024333333333333334,0.410844,0.29343233333333335,0.11741166666666666,-0.4084106666666667,-0.290999,399.13355866666666,-0.2874850334100808,0.05838875967824786,1210.0,0
4818.964,-1.354191,-0.267384,21.516838,1.063543,0.002426,0.410397,0.293177,0.11722,-0.40797100000000003,-0.29075100000000004,401.119805,-0.2873250484104223,0.05891276495314668,1211.0,0
4819.964,-1.359063,-0.260297,21.518797,1.0655376666666665,0.0024463333333333333,0.41012033333333336,0.2930566666666667,0.11706366666666666,-0.40767400000000004,-0.29061033333333336,401.0131333333333,-0.28715089463041865,0.05948317780160273,1212.0,0
4820.964,-1.3639350000000001,-0.25321,21.520756000000002,1.0675323333333333,0.002466666666666667,0.40984366666666666,0.29293633333333335,0.11690733333333334,-0.407377,-0.2904696666666667,400.90646166666664,-0.2869764869146275,0.060054422376110805,1213.0,0
4821.964,-1.368807,-0.246123,21.522715,1.069527,0.002487,0.409567,0.292816,0.116751,-0.40708,-0.290329,400.79979,-0.2868018247072435,0.06062650049712237,1214.0,0
4822.964,-1.3670515,-0.2522125,21.519675,1.0704365,0.002408,0.410288,0.29320500000000005,0.11708299999999999,-0.40788,-0.29079699999999997,400.738049,-0.28705326824867167,0.05980293739852682,1215.0,0
4823.964,-1.365296,-0.258302,21.516635,1.071346,0.002329,0.411009,0.293594,0.117415,-0.40868,-0.291265,400.676308,-0.28730372737527493,0.058982598593221414,1216.0,0
4824.964,-1.365572,-0.261918,21.516937,1.070729,0.0023585,0.410494,0.293373,0.117121,-0.4081355,-0.2910145,400.86985100000004,-0.2869666739763485,0.06008656308574878,1217.0,0
4825.964,-1.365848,-0.265534,21.517239,1.070112,0.002388,0.40997900000000004,0.293152,0.116827,-0.40759100000000004,-0.290764,401.063394,-0.2866287200372924,0.06119347715341894,1218.0,0
4826.964,-1.369523,-0.2469605,21.5168125,1.0698165,0.002426,0.409728,0.292795,0.11693300000000001,-0.407302,-0.290369,400.6885665,-0.2870923469375227,0.05967494140429119,1219.0,0
4827.964,-1.373198,-0.228387,21.516386,1.069521,0.002464,0.409477,0.292438,0.117039,-0.40701299999999996,-0.28997399999999995,400.313739,-0.2875566322368874,0.05815424917411749,1220.0,0
4828.964,-1.3764026666666667,-0.23673533333333333,21.517328666666668,1.0722806666666667,0.0024746666666666667,0.40976433333333334,0.2926793333333333,0.11708500000000001,-0.40728966666666666,-0.2902046666666666,400.49357333333336,-0.2874742402194677,0.058424111047603255,1221.0,0
4829.964,-1.3796073333333332,-0.24508366666666667,21.518271333333335,1.0750403333333334,0.0024853333333333333,0.41005166666666665,0.29292066666666666,0.117131,-0.4075663333333333,-0.2904353333333333,400.67340766666666,-0.28739196006202683,0.0586936065416217,1222.0,0
4830.964,-1.382812,-0.253432,21.519214,1.0778,0.002496,0.410339,0.293162,0.117177,-0.407843,-0.290666,400.853242,-0.28730979153691877,0.05896273640179106,1223.0,0
4831.964,-1.3766466666666666,-0.25589833333333334,21.51838066666667,1.0771916666666668,0.002484333333333333,0.4133733333333333,0.293919,0.11945433333333333,-0.410889,-0.2914346666666667,398.57243700000004,-0.2907223704107526,0.04778538018268352,1224.0,0
4832.964,-1.3704813333333334,-0.25836466666666663,21.517547333333333,1.0765833333333332,0.002472666666666667,0.4164076666666667,0.294676,0.12173166666666667,-0.413935,-0.2922033333333333,396.291632,-0.29408472526215934,0.03677252471511283,1225.0,0
4833.964,-1.364316,-0.260831,21.516714,1.075975,0.002461,0.419442,0.295433,0.124009,-0.416981,-0.292972,394.010827,-0.2973979567365341,0.025920565011148367,1226.0,0
4834.964,-1.372054,-0.25405833333333333,21.515944333333334,1.077075,0.0024543333333333335,0.41958999999999996,0.29559566666666665,0.12399433333333333,-0.4171356666666666,-0.2931413333333333,392.6413943333333,-0.2972525259628385,0.026396900247025123,1227.0,0
4835.964,-1.379792,-0.24728566666666665,21.515174666666667,1.0781749999999999,0.0024476666666666666,0.419738,0.29575833333333335,0.12397966666666667,-0.4172903333333333,-0.29331066666666666,391.2719616666667,-0.297107202995843,0.026872882379300966,1228.0,0
4836.964,-1.38753,-0.240513,21.514405,1.079275,0.002441,0.419886,0.295921,0.123965,-0.41744499999999995,-0.29347999999999996,389.902529,-0.2969619877157175,0.027348511800459607,1229.0,0
4837.964,-1.3862656666666666,-0.24359166666666668,21.514271333333333,1.0792623333333333,0.002429,0.419767,0.29582533333333333,0.12394166666666667,-0.417338,-0.2933963333333333,389.9071006666667,-0.2969822150124879,0.027282260525482327,1230.0,0
4838.964,-1.3850013333333333,-0.24667033333333332,21.514137666666667,1.0792496666666667,0.002417,0.419648,0.29572966666666667,0.12391833333333334,-0.417231,-0.29331266666666667,389.91167233333334,-0.2970024526839713,0.027215975269792025,1231.0,0
4839.964,-1.383737,-0.249749,21.514004,1.079237,0.002405,0.41952900000000004,0.295634,0.123895,-0.41712400000000005,-0.293229,389.916244,-0.2970227007381516,0.027149656007238843,1232.0,0
4840.964,-1.3743910000000001,-0.25705100000000003,21.5121375,1.0791895,0.00235,0.419318,0.2955545,0.1237635,-0.416968,-0.2932045,389.8910985,-0.29681845325889106,0.027818635953769766,1233.0,0
4841.964,-1.365045,-0.264353,21.510271,1.079142,0.002295,0.419107,0.295475,0.123632,-0.416812,-0.29318,389.865953,-0.2966140528920782,0.028488116659022067,1234.0,0
4842.964,-1.372862,-0.265731,21.510539,1.0806325,0.0023350000000000003,0.41915,0.295512,0.123638,-0.41681500000000005,-0.293177,390.066218,-0.29662631293574593,0.028447960847126752,1235.0,0
4843.964,-1.380679,-0.267109,21.510807,1.082123,0.002375,0.41919300000000004,0.295549,0.123644,-0.416818,-0.293174,390.266483,-0.29663857280293277,0.02840780561326617,1236.0,0
4844.964,-1.3838295,-0.25490199999999996,21.5128415,1.0831404999999998,0.0023014999999999997,0.4195955,0.29567350000000003,0.123922,-0.417294,-0.29337199999999997,390.120324,-0.29696640010735853,0.027334059717453396,1237.0,0
4845.964,-1.38698,-0.242695,21.514876,1.084158,0.002228,0.419998,0.295798,0.1242,-0.41777,-0.29357,389.974165,-0.29729348036833747,0.0262627606429523,1238.0,0
4846.964,-1.390992,-0.246295,21.511846,1.08205,0.002314,0.4205205,0.29625100000000004,0.1242695,-0.41820650000000004,-0.293937,390.136631,-0.29714936795427116,0.026734777802750576,1239.0,0
4847.964,-1.395004,-0.249895,21.508816,1.079942,0.0024,0.42104300000000006,0.296704,0.124339,-0.41864300000000004,-0.294304,390.299097,-0.2970055560598316,0.027205810658583074,1240.0,0
4848.964,-1.3907319999999999,-0.25226966666666667,21.510708333333334,1.082201,0.002363333333333333,0.4205186666666667,0.296298,0.12422066666666667,-0.4181553333333334,-0.2939346666666667,390.430589,-0.29706894503863407,0.026998190198328387,1241.0,0
4849.964,-1.38646,-0.25464433333333336,21.512600666666668,1.08446,0.0023266666666666666,0.41999433333333336,0.29589200000000004,0.12410233333333333,-0.41766766666666666,-0.29356533333333334,390.56208100000003,-0.29713248204309645,0.02679008490370316,1242.0,0
4850.964,-1.382188,-0.257019,21.514493,1.086719,0.00229,0.41947,0.295486,0.123984,-0.41718,-0.293196,390.693573,-0.2971961675923284,0.026581493074446683,1243.0,0
4851.964,-1.3870956666666667,-0.25382666666666664,21.513425,1.0851066666666667,0.0023323333333333334,0.4195966666666667,0.2956226666666667,0.123974,-0.41726433333333335,-0.2932903333333333,390.526326,-0.2971121354220755,0.026856727006175918,1244.0,0
4852.964,-1.3920033333333333,-0.25063433333333335,21.512357,1.0834943333333333,0.0023746666666666664,0.41972333333333334,0.2957593333333333,0.12396399999999999,-0.41734866666666665,-0.2933846666666667,390.359079,-0.29702813721253984,0.02713184970500826,1245.0,0
4853.964,-1.396911,-0.247442,21.511289,1.081882,0.002417,0.41985,0.295896,0.123954,-0.417433,-0.293479,390.191832,-0.2969441729431381,0.027406861238361113,1246.0,0
4854.964,-1.3951903333333333,-0.249338,21.510545,1.0833846666666667,0.0023973333333333333,0.41942433333333334,0.29558666666666666,0.12383766666666667,-0.417027,-0.2931893333333333,389.986476,-0.296954306605983,0.027373670046711207,1247.0,0
4855.964,-1.3934696666666666,-0.251234,21.509801,1.0848873333333333,0.0023776666666666664,0.4189986666666667,0.29527733333333334,0.12372133333333334,-0.416621,-0.29289966666666667,389.78112,-0.2969644600195222,0.02734041416482136,1248.0,0
4856.964,-1.391749,-0.25313,21.509057,1.08639,0.002358,0.41857300000000003,0.294968,0.123605,-0.416215,-0.29261,389.575764,-0.29697463324155365,0.027307093403383886,1249.0,0
4857.964,-1.3882486666666667,-0.25536133333333333,21.509392666666667,1.0867106666666666,0.00231,0.41917933333333335,0.29538966666666666,0.12378966666666667,-0.41686933333333337,-0.2930796666666667,389.69572966666664,-0.29695147548586487,0.02738294292778709,1250.0,0
4858.964,-1.3847483333333332,-0.2575926666666667,21.50972833333333,1.0870313333333335,0.0022619999999999997,0.4197856666666667,0.29581133333333337,0.12397433333333334,-0.4175236666666667,-0.29354933333333333,389.81569533333334,-0.29692839031493695,0.02745855471241687,1251.0,0
4859.964,-1.381248,-0.259824,21.510064,1.087352,0.002214,0.42039200000000004,0.296233,0.124159,-0.41817800000000005,-0.29401900000000003,389.935661,-0.2969053773880438,0.02753392987326697,1252.0,0
4860.964,-1.390578,-0.25022866666666665,21.510768666666667,1.0878936666666668,0.002310333333333333,0.419984,0.296053,0.123931,-0.4176736666666667,-0.2937426666666667,389.91153199999997,-0.2967180040510192,0.02814764126612157,1253.0,0
4861.964,-1.399908,-0.24063333333333334,21.51147333333333,1.0884353333333334,0.0024066666666666668,0.419576,0.295873,0.12370300000000001,-0.41716933333333334,-0.29346633333333333,389.887403,-0.29653017766609,0.028762836544917292,1254.0,0
4862.964,-1.409238,-0.231038,21.512178,1.088977,0.002503,0.419168,0.295693,0.123475,-0.416665,-0.29319,389.863274,-0.29634189658813814,0.02937952109797548,1255.0,0
4863.964,-1.388125,-0.24530249999999998,21.510995,1.088879,0.0024355,0.41892,0.2953595,0.1235605,-0.41648450000000004,-0.292924,389.6985825,-0.2966756186019374,0.028286468024537825,1256.0,0
4864.964,-1.367012,-0.259567,21.509812,1.088781,0.002368,0.41867200000000004,0.295026,0.123646,-0.41630400000000006,-0.29265800000000003,389.533891,-0.2970096300050684,0.027192467102635343,1257.0,0
4865.964,-1.375493,-0.2573575,21.510181,1.0886689999999999,0.0023525,0.419702,0.295662,0.12404000000000001,-0.41734950000000004,-0.2933095,389.7702765,-0.2972096461350646,0.026537346263765693,1258.0,0
4866.964,-1.383974,-0.255148,21.51055,1.088557,0.002337,0.420732,0.296298,0.124434,-0.418395,-0.29396100000000003,390.006662,-0.2974086626481259,0.025885499510265975,1259.0,0
4867.964,-1.3902683333333334,-0.251279,21.510199333333333,1.088619,0.002324333333333333,0.42041066666666665,0.296149,0.12426166666666667,-0.41808633333333334,-0.2938246666666667,390.28037133333333,-0.29721603883098824,0.026516408010854753,1260.0,0
4868.964,-1.3965626666666666,-0.24741,21.509848666666667,1.088681,0.0023116666666666667,0.4200893333333333,0.296,0.12408933333333333,-0.41777766666666666,-0.29368833333333333,390.55408066666666,-0.29702313038066586,0.0271482487819098,1261.0,0
4869.964,-1.402857,-0.243541,21.509498,1.088743,0.002299,0.419768,0.295851,0.123917,-0.417469,-0.293552,390.82779,-0.2968299366658043,0.027781023891331413,1262.0,0
4870.964,-1.3983083333333333,-0.24514766666666668,21.509905333333332,1.0887753333333334,0.0023296666666666665,0.41953599999999996,0.29569666666666666,0.12383933333333333,-0.41720633333333335,-0.293367,390.6844306666667,-0.2968306573262086,0.027778663483455257,1263.0,0
4871.964,-1.3937596666666667,-0.24675433333333333,21.510312666666668,1.0888076666666666,0.002360333333333333,0.419304,0.2955423333333333,0.12376166666666667,-0.41694366666666666,-0.293182,390.5410713333333,-0.2968313788946203,0.027776300101546192,1264.0,0
4872.964,-1.389211,-0.248361,21.51072,1.08884,0.002391,0.419072,0.295388,0.123684,-0.416681,-0.292997,390.397712,-0.29683210137275606,0.027773933739981382,1265.0,0
4873.964,-1.3917486666666667,-0.24169566666666667,21.508736666666668,1.0885773333333333,0.002369333333333333,0.419123,0.295448,0.12367500000000001,-0.4167536666666667,-0.29307866666666665,390.2264073333333,-0.2967587489942076,0.028014187722340878,1266.0,0
4874.964,-1.3942863333333333,-0.23503033333333334,21.506753333333332,1.0883146666666668,0.0023476666666666667,0.419174,0.295508,0.123666,-0.41682633333333335,-0.29316033333333336,390.0551026666667,-0.29668542219122956,0.028254357936010832,1267.0,0
4875.964,-1.396824,-0.228365,21.50477,1.088052,0.002326,0.419225,0.295568,0.123657,-0.416899,-0.293242,389.883798,-0.2966121209504483,0.028494444424794096,1268.0,0
4876.964,-1.3980403333333333,-0.23101066666666667,21.506117333333332,1.0893443333333332,0.0023233333333333335,0.41968300000000003,0.295839,0.123844,-0.4173596666666667,-0.2935156666666667,390.11492833333335,-0.2967327861886978,0.028099224738732165,1269.0,0
4877.964,-1.3992566666666668,-0.23365633333333335,21.507464666666667,1.0906366666666667,0.0023206666666666666,0.420141,0.29611,0.124031,-0.41782033333333335,-0.29378933333333335,390.34605866666664,-0.29685318534805316,0.027704876551525537,1270.0,0
4878.964,-1.400473,-0.236302,21.508812,1.091929,0.002318,0.420599,0.296381,0.124218,-0.418281,-0.294063,390.577189,-0.29697331930764076,0.027311396983736413,1271.0,0
4879.964,-1.4027555,-0.2321005,21.509279499999998,1.09265,0.0023245,0.419845,0.2957825,0.12406249999999999,-0.41752049999999996,-0.293458,390.592491,-0.29714181014299934,0.02675953220461058,1272.0,0
4880.964,-1.405038,-0.227899,21.509747,1.093371,0.002331,0.419091,0.295184,0.123907,-0.41675999999999996,-0.292853,390.607793,-0.2973109159010363,0.026205653344615776,1273.0,0
4881.964,-1.3953045,-0.2333805,21.5078855,1.0934125,0.0023445000000000002,0.4191625,0.29535100000000003,0.1238115,-0.41681799999999997,-0.29300649999999995,390.1634915,-0.29704042781364476,0.027091593807115344,1274.0,0
4882.964,-1.385571,-0.238862,21.506024,1.093454,0.002358,0.419234,0.295518,0.123716,-0.41687599999999997,-0.29316,389.71919,-0.2967700149925037,0.027977287747050994,1275.0,0
4883.964,-1.385877,-0.22997566666666666,21.506409,1.0942619999999998,0.002425,0.41899733333333333,0.2953266666666667,0.12367066666666666,-0.4165723333333333,-0.29290166666666667,389.89744766666666,-0.2968775255778522,0.027625154022324905,1276.0,0
4884.964,-1.3861830000000002,-0.22108933333333333,21.506794,1.09507,0.002492,0.41876066666666667,0.2951353333333333,0.12362533333333334,-0.4162686666666667,-0.2926433333333333,390.07570533333336,-0.2969851930208368,0.02727250653550284,1277.0,0
4885.964,-1.386489,-0.212203,21.507179,1.095878,0.002559,0.418524,0.294944,0.12358,-0.41596500000000003,-0.292385,390.253963,-0.29709301766499024,0.026919344161398517,1278.0,0
4886.964,-1.383488,-0.21782366666666667,21.507965666666667,1.095253,0.002531666666666667,0.41839866666666664,0.29496066666666665,0.12343799999999999,-0.415867,-0.292429,390.25368333333336,-0.29682157233339584,0.027808419924162053,1279.0,0
4887.964,-1.380487,-0.22344433333333333,21.508752333333334,1.094628,0.0025043333333333332,0.41827333333333333,0.2949773333333333,0.123296,-0.415769,-0.292473,390.25340366666666,-0.296549999037925,0.028697914812133463,1280.0,0
4888.964,-1.377486,-0.229065,21.509539,1.094003,0.002477,0.41814799999999996,0.294994,0.123154,-0.41567099999999996,-0.29251699999999997,390.253124,-0.29627829768806985,0.029587829121756948,1281.0,0
4889.964,-1.384049,-0.2336605,21.509961,1.0951235000000001,0.00246,0.4185855,0.2951605,0.123425,-0.41612550000000004,-0.29270050000000003,390.9000195,-0.29660594365388243,0.028514677171564307,1282.0,0
4890.964,-1.390612,-0.238256,21.510383,1.096244,0.002443,0.41902300000000003,0.295327,0.123696,-0.41658000000000006,-0.29288400000000003,391.546915,-0.296932874676832,0.027443866902356118,1283.0,0
4891.964,-1.394879,-0.23095433333333332,21.509439333333333,1.0947183333333332,0.002444,0.4187516666666667,0.29525033333333334,0.12350133333333334,-0.4163076666666667,-0.29280633333333334,391.27585,-0.29665951381994043,0.0283392166618196,1284.0,0
4892.964,-1.399146,-0.22365266666666667,21.50849566666667,1.0931926666666667,0.0024449999999999997,0.41848033333333334,0.29517366666666667,0.12330666666666666,-0.41603533333333337,-0.2927286666666667,391.004785,-0.29638579508261736,0.029235738601389283,1285.0,0
4893.964,-1.403413,-0.216351,21.507552,1.091667,0.002446,0.418209,0.295097,0.123112,-0.415763,-0.292651,390.73372,-0.296111717761604,0.030133435024476962,1286.0,0
4894.964,-1.4011355,-0.22013749999999999,21.507047,1.092835,0.0024235,0.418478,0.295155,0.123323,-0.4160545,-0.29273150000000003,390.470634,-0.2964113990147902,0.02915187701720745,1287.0,0
4895.964,-1.398858,-0.223924,21.506542,1.094003,0.002401,0.418747,0.295213,0.123534,-0.416346,-0.292812,390.207548,-0.2967106606300063,0.028171693466982783,1288.0,0
4896.964,-1.3850435,-0.2311105,21.506509,1.092592,0.0023815,0.4187655,0.2952315,0.123534,-0.41638400000000003,-0.29285000000000005,390.290057,-0.29668358218275004,0.028260384589454457,1289.0,0
4897.964,-1.371229,-0.238297,21.506476,1.091181,0.002362,0.41878400000000005,0.29525,0.123534,-0.41642200000000007,-0.29288800000000004,390.372566,-0.29665650867751625,0.028349059525122122,1290.0,0
4898.964,-1.3707695,-0.24541800000000003,21.5076245,1.0932815,0.0023829999999999997,0.41906150000000003,0.295422,0.1236395,-0.41667850000000006,-0.29303900000000005,390.709675,-0.2967270850957875,0.028117897756603005,1291.0,0
4899.964,-1.37031,-0.252539,21.508773,1.095382,0.002404,0.419339,0.295594,0.123745,-0.416935,-0.29319,391.046784,-0.2967975746760878,0.02788702041196689,1292.0,0
4900.964,-1.3801869999999998,-0.2288465,21.5093635,1.0960055,0.0024184999999999996,0.419151,0.295385,0.12376599999999999,-0.41673249999999995,-0.2929665,390.915948,-0.2969921880155447,0.027249595549268757,1293.0,0
4901.964,-1.390064,-0.205154,21.509954,1.096629,0.002433,0.418963,0.295176,0.123787,-0.41652999999999996,-0.292743,390.785112,-0.2971869905816882,0.02661155090482792,1294.0,0
4902.964,-1.3856393333333332,-0.21176933333333334,21.508753333333335,1.0963883333333333,0.0024619999999999998,0.41915433333333335,0.2953866666666667,0.12376766666666666,-0.41669233333333333,-0.29292466666666667,390.8042206666667,-0.29702481613088505,0.02714272737672241,1295.0,0
4903.964,-1.3812146666666667,-0.21838466666666667,21.507552666666665,1.0961476666666667,0.002491,0.41934566666666667,0.2955973333333333,0.12374833333333334,-0.41685466666666665,-0.2931063333333333,390.82332933333333,-0.2968627679897262,0.027673490141581714,1296.0,0
4904.964,-1.37679,-0.225,21.506352,1.095907,0.00252,0.41953700000000005,0.295808,0.123729,-0.417017,-0.293288,390.842438,-0.2967008460107047,0.028203839682541476,1297.0,0
4905.964,-1.3786843333333334,-0.23262666666666668,21.506656,1.0955496666666666,0.0024686666666666668,0.41930333333333336,0.29564233333333334,0.12366100000000001,-0.4168346666666667,-0.29317366666666667,390.6019953333333,-0.29666749566773637,0.02831307339615441,1298.0,0
4906.964,-1.3805786666666666,-0.24025333333333332,21.50696,1.0951923333333333,0.0024173333333333334,0.4190696666666667,0.29547666666666667,0.123593,-0.41665233333333335,-0.29305933333333334,390.3615526666667,-0.2966341161354738,0.02842240271463159,1299.0,0
4907.964,-1.382473,-0.24788,21.507264,1.094835,0.002366,0.418836,0.295311,0.123525,-0.41647,-0.292945,390.12111,-0.2966007073755789,0.028531827763543127,1300.0,0
4908.964,-1.3832313333333335,-0.23373266666666667,21.507118,1.0957536666666667,0.0023923333333333336,0.419002,0.29548833333333335,0.12351366666666666,-0.4166096666666667,-0.293096,390.36889933333333,-0.29647406919043123,0.02894661088172701,1301.0,0
4909.964,-1.3839896666666667,-0.21958533333333333,21.506972,1.0966723333333332,0.0024186666666666666,0.41916800000000004,0.29566566666666666,0.12350233333333334,-0.41674933333333336,-0.29324700000000004,390.6166886666667,-0.29634751588688624,0.02936111598379898,1302.0,0
4910.964,-1.384748,-0.205438,21.506826,1.097591,0.002445,0.41933400000000004,0.295843,0.123491,-0.41688900000000007,-0.29339800000000005,390.864478,-0.2962210473796319,0.02977534334918508,1303.0,0
4911.964,-1.3792353333333334,-0.21642033333333335,21.508517666666666,1.0978246666666667,0.0024486666666666667,0.41917766666666667,0.29563466666666666,0.123543,-0.416729,-0.293186,390.7832783333333,-0.29645956115259836,0.028994129638917232,1304.0,0
4912.964,-1.3737226666666666,-0.22740266666666667,21.510209333333336,1.0980583333333334,0.0024523333333333333,0.41902133333333336,0.29542633333333335,0.12359500000000001,-0.416569,-0.292974,390.7020786666667,-0.2966982581475293,0.02821231581441319,1305.0,0
4913.964,-1.36821,-0.238385,21.511901,1.098292,0.002456,0.418865,0.295218,0.123647,-0.416409,-0.29276199999999997,390.620879,-0.29693713857562776,0.02742990118391131,1306.0,0
4914.964,-1.37272,-0.22787600000000002,21.510355,1.0972415,0.002463,0.41934499999999997,0.29566950000000003,0.1236755,-0.416882,-0.2932065,390.8520215,-0.2966685936754132,0.02830947704764819,1307.0,0
4915.964,-1.37723,-0.217367,21.508809,1.096191,0.00247,0.419825,0.296121,0.123704,-0.41735500000000003,-0.293651,391.083164,-0.29640065747542843,0.02918705921115128,1308.0,0
4916.964,-1.3770845,-0.220252,21.507675499999998,1.09769,0.0024435,0.4187335,0.295427,0.1233065,-0.41629000000000005,-0.2929835,390.8881685,-0.2962040793775478,0.02983091932578008,1309.0,0
4917.964,-1.376939,-0.223137,21.506542,1.099189,0.002417,0.417642,0.294733,0.122909,-0.415225,-0.292316,390.693173,-0.29600649288095093,0.03047808228909865,1310.0,0
4918.964,-1.3773583333333332,-0.22352966666666665,21.508508,1.0990946666666666,0.002409333333333333,0.417961,0.2949346666666667,0.12302633333333333,-0.41555166666666665,-0.29252533333333336,390.53162733333335,-0.296056156810401,0.030315416032514753,1311.0,0
4919.964,-1.3777776666666666,-0.22392233333333333,21.510474000000002,1.0990003333333334,0.0024016666666666665,0.41828,0.29513633333333333,0.12314366666666667,-0.41587833333333335,-0.29273466666666664,390.37008166666664,-0.29610574271900686,0.030153005320725512,1312.0,0
4920.964,-1.378197,-0.224315,21.51244,1.098906,0.002394,0.418599,0.295338,0.123261,-0.416205,-0.292944,390.208536,-0.2961552507904778,0.029990849552021026,1313.0,0
4921.964,-1.3715885,-0.22859849999999998,21.508176,1.0975155,0.0024285,0.418288,0.2952935,0.1229945,-0.4158595,-0.292865,390.7649545,-0.295760456982363,0.03128393351858716,1314.0,0
4922.964,-1.36498,-0.232882,21.503912,1.096125,0.002463,0.417977,0.295249,0.122728,-0.415514,-0.292786,391.321373,-0.29536500663035814,0.03257916788964332,1315.0,0
4923.964,-1.362592,-0.2262375,21.5024705,1.0973285000000002,0.0023835,0.41854650000000004,0.295604,0.12294250000000001,-0.41616300000000006,-0.2932205,390.9306575,-0.2954198124768721,0.032399660106226635,1316.0,0
4924.964,-1.360204,-0.219593,21.501029,1.098532,0.002304,0.41911600000000004,0.295959,0.123157,-0.41681200000000007,-0.29365500000000005,390.539942,-0.29547444765133357,0.03222071133181703,1317.0,0
4925.964,-1.367572,-0.215756,21.505369,1.0991655,0.002287,0.41891150000000005,0.295737,0.12317449999999999,-0.41662450000000006,-0.29345000000000004,390.712898,-0.29564942928087345,0.03164758699462922,1318.0,0
4926.964,-1.37494,-0.211919,21.509709,1.099799,0.00227,0.41870700000000005,0.295515,0.123192,-0.41643700000000006,-0.29324500000000003,390.885854,-0.29582456848111116,0.03107394655982587,1319.0,0
4927.964,-1.3648206666666667,-0.21957033333333334,21.511354666666666,1.1012873333333333,0.0022853333333333332,0.4191203333333334,0.29571033333333335,0.12340999999999999,-0.41683500000000007,-0.29342500000000005,391.1820623333333,-0.2960651002557373,0.030286123207924898,1320.0,0
4928.964,-1.3547013333333333,-0.22722166666666666,21.513000333333334,1.1027756666666666,0.0023006666666666666,0.4195336666666667,0.2959056666666667,0.123628,-0.417233,-0.293605,391.4782706666667,-0.2963051731410822,0.029499802874459857,1321.0,0
4929.964,-1.344582,-0.234873,21.514646,1.104264,0.002316,0.419947,0.296101,0.123846,-0.41763100000000003,-0.293785,391.774479,-0.29654478844910565,0.028714981262316308,1322.0,0
4930.964,-1.334162,-0.22958299999999998,21.5106555,1.1017355,0.0023905000000000003,0.4197235,0.295881,0.1238425,-0.417333,-0.2934905,391.60798,-0.2967481525500082,0.02804889468029026,1323.0,0
4931.964,-1.323742,-0.224293,21.506665,1.099207,0.002465,0.4195,0.295661,0.123839,-0.417035,-0.293196,391.441481,-0.29695180728669596,0.027381856167240315,1324.0,0
4932.964,-1.3321895000000001,-0.212493,21.506311500000002,1.0994515,0.0023935,0.418649,0.295407,0.123242,-0.4162555,-0.29301350000000004,391.25286800000003,-0.2960736760803787,0.03025803446611597,1325.0,0
4933.964,-1.340637,-0.200693,21.505958,1.099696,0.002322,0.417798,0.295153,0.122645,-0.415476,-0.292831,391.064255,-0.29519224983452674,0.03314500513990726,1326.0,0
4934.964,-1.337725,-0.20016050000000002,21.504735,1.0977510000000001,0.0023105,0.418533,0.295488,0.123045,-0.4162225,-0.2931775,391.2514525,-0.29562384451548035,0.03173138580109014,1327.0,0
4935.964,-1.334813,-0.199628,21.503512,1.095806,0.002299,0.419268,0.295823,0.123445,-0.416969,-0.293524,391.43865,-0.29605389382398645,0.030322828082524178,1328.0,0
4936.964,-1.3242073333333333,-0.20974766666666667,21.502763666666667,1.0966576666666668,0.002301,0.4191893333333333,0.29574866666666666,0.12344066666666667,-0.4168883333333333,-0.29344766666666666,391.51635,-0.2961007850242511,0.030169243456856565,1329.0,0
4937.964,-1.3136016666666668,-0.21986733333333333,21.502015333333333,1.0975093333333332,0.002303,0.41911066666666663,0.2956743333333333,0.12343633333333333,-0.41680766666666663,-0.2933713333333333,391.59405,-0.2961476943746901,0.03001559938319598,1330.0,0
4938.964,-1.302996,-0.229987,21.501267,1.098361,0.002305,0.41903199999999996,0.2956,0.123432,-0.41672699999999996,-0.293295,391.67175,-0.29619462188584345,0.02986189582702059,1331.0,0
4939.964,-1.306853,-0.221471,21.504408666666667,1.0997313333333332,0.0023150000000000002,0.4186253333333333,0.295383,0.12324233333333333,-0.41631033333333334,-0.293068,391.2813023333333,-0.29603548002767166,0.03038313952685001,1332.0,0
4940.964,-1.31071,-0.212955,21.50755033333333,1.1011016666666666,0.002325,0.4182186666666667,0.295166,0.12305266666666667,-0.41589366666666666,-0.292841,390.89085466666666,-0.29587601929343954,0.030905427654207007,1333.0,0
4941.964,-1.314567,-0.204439,21.510692,1.102472,0.002335,0.417812,0.294949,0.122863,-0.41547700000000004,-0.29261400000000004,390.500407,-0.295716238723777,0.031428763351354916,1334.0,0
4942.964,-1.3102806666666666,-0.210037,21.509855333333334,1.1029016666666667,0.0023226666666666665,0.417798,0.29504800000000003,0.12275,-0.41547533333333336,-0.29272533333333334,390.71082133333334,-0.2954454466902487,0.03231569934080558,1335.0,0
4943.964,-1.3059943333333335,-0.21563500000000002,21.509018666666666,1.1033313333333332,0.0023103333333333335,0.417784,0.295147,0.122637,-0.41547366666666663,-0.2928366666666667,390.92123566666663,-0.2951746524841586,0.03320264244613502,1336.0,0
4944.964,-1.301708,-0.221233,21.508182,1.103761,0.002298,0.41777,0.295246,0.122524,-0.41547199999999995,-0.292948,391.13165,-0.2949038561054802,0.034089592667429724,1337.0,0
4945.964,-1.304511,-0.21768300000000002,21.508052,1.102534,0.0022786666666666667,0.41809033333333334,0.29538000000000003,0.12271033333333332,-0.41581166666666664,-0.2931013333333333,391.290288,-0.29511107619493476,0.033410876411712254,1338.0,0
4946.964,-1.307314,-0.214133,21.507922,1.101307,0.0022593333333333332,0.41841066666666665,0.295514,0.12289666666666667,-0.4161513333333333,-0.29325466666666666,391.44892600000003,-0.29531795801357036,0.03273326810795196,1339.0,0
4947.964,-1.310117,-0.210583,21.507792,1.10008,0.00224,0.418731,0.295648,0.123083,-0.416491,-0.293408,391.607564,-0.2955245023890129,0.032056765045392455,1340.0,0
4948.964,-1.3121996666666667,-0.21406033333333332,21.508957666666667,1.1025176666666667,0.002251333333333333,0.418571,0.2955723333333333,0.12299866666666666,-0.41631966666666664,-0.293321,391.71033600000004,-0.29544355445668224,0.03232189704916755,1341.0,0
4949.964,-1.3142823333333333,-0.21753766666666666,21.510123333333333,1.1049553333333333,0.0022626666666666667,0.418411,0.2954966666666667,0.12291433333333333,-0.41614833333333334,-0.293234,391.813108,-0.2953625398696935,0.032587247369612826,1342.0,0
4950.964,-1.316365,-0.221015,21.511289,1.107393,0.002274,0.418251,0.295421,0.12283,-0.415977,-0.293147,391.91588,-0.2952814585456853,0.03285281627649006,1343.0,0
4951.964,-1.3150233333333334,-0.22021266666666667,21.510136666666668,1.1062263333333333,0.002289666666666667,0.41822533333333334,0.2954343333333333,0.122791,-0.41593566666666665,-0.29314466666666666,392.06727766666666,-0.2952170372911131,0.03306381779090395,1344.0,0
4952.964,-1.3136816666666666,-0.21941033333333332,21.508984333333334,1.1050596666666668,0.0023053333333333333,0.41819966666666664,0.29544766666666666,0.122752,-0.4158943333333333,-0.2931423333333333,392.21867533333335,-0.29515260323159775,0.033274861245860654,1345.0,0
4953.964,-1.31234,-0.218608,21.507832,1.103893,0.002321,0.418174,0.295461,0.122713,-0.415853,-0.29313999999999996,392.370073,-0.2950881563633216,0.03348594665386451,1346.0,0
4954.964,-1.3118003333333335,-0.21847666666666665,21.508488333333332,1.1050306666666667,0.002363,0.41829733333333335,0.295524,0.12277333333333333,-0.41593433333333335,-0.293161,392.145334,-0.29517550889565636,0.033199837407267174,1347.0,0
4955.964,-1.3112606666666666,-0.21834533333333334,21.509144666666668,1.1061683333333332,0.002405,0.41842066666666666,0.295587,0.12283366666666667,-0.4160156666666667,-0.293182,391.920595,-0.2952628272721154,0.032913840032777086,1348.0,0
4956.964,-1.310721,-0.218214,21.509801,1.107306,0.002447,0.418544,0.29565,0.122894,-0.41609700000000005,-0.29320300000000005,391.695856,-0.2953501115127278,0.032627954464792275,1349.0,0
4957.964,-1.309525,-0.21728066666666665,21.508284333333332,1.1056723333333334,0.002444,0.41814533333333337,0.295391,0.12275433333333334,-0.41570133333333337,-0.292947,391.544982,-0.29529524874087987,0.03280764869803432,1350.0,0
4958.964,-1.308329,-0.21634733333333334,21.50676766666667,1.1040386666666666,0.002441,0.41774666666666666,0.295132,0.12261466666666666,-0.4153056666666667,-0.29269100000000003,391.39410799999996,-0.2952402814319447,0.03298768532578378,1351.0,0
4959.964,-1.307133,-0.215414,21.505251,1.102405,0.002438,0.417348,0.294873,0.122475,-0.41491,-0.292435,391.243234,-0.29518520928685565,0.03316806532758554,1352.0,0
4960.964,-1.3068356666666667,-0.21136,21.505966666666666,1.1033223333333333,0.0023866666666666667,0.4177383333333333,0.29511766666666667,0.12262066666666667,-0.4153516666666667,-0.292731,391.5800543333333,-0.2952220292572059,0.033047467404490605,1353.0,0
4961.964,-1.3065383333333334,-0.207306,21.506682333333334,1.1042396666666667,0.0023353333333333334,0.41812866666666665,0.29536233333333334,0.12276633333333332,-0.4157933333333333,-0.293027,391.9168746666667,-0.295258771005077,0.0329271256866136,1354.0,0
4962.964,-1.306241,-0.203252,21.507398,1.105157,0.002284,0.418519,0.295607,0.122912,-0.41623499999999997,-0.293323,392.253695,-0.29529543477947495,0.032807039358375256,1355.0,0
4963.964,-1.3091196666666667,-0.20048033333333332,21.506405333333333,1.1050126666666666,0.0023096666666666665,0.418261,0.295398,0.122863,-0.41595133333333334,-0.29308833333333334,392.0708916666667,-0.2953790156036257,0.03253328373860542,1356.0,0
4964.964,-1.3119983333333334,-0.19770866666666667,21.505412666666665,1.1048683333333333,0.0023353333333333334,0.418003,0.29518900000000003,0.12281399999999999,-0.41566766666666666,-0.2928536666666667,391.8880883333333,-0.29546271050521244,0.03225915447644212,1357.0,0
4965.964,-1.314877,-0.194937,21.50442,1.104724,0.002361,0.41774500000000003,0.29498,0.122765,-0.41538400000000003,-0.292619,391.705285,-0.29554651971794704,0.03198465080639945,1358.0,0
4966.964,-1.3145706666666668,-0.19633733333333334,21.505703333333333,1.10592,0.002381,0.41777433333333336,0.2950396666666667,0.12273466666666667,-0.41539333333333334,-0.2926586666666667,391.764482,-0.29546685583187615,0.032245577122048896,1359.0,0
4967.964,-1.3142643333333333,-0.19773766666666667,21.506986666666666,1.107116,0.002401,0.4178036666666667,0.2950993333333333,0.12270433333333333,-0.4154026666666667,-0.29269833333333334,391.823679,-0.29538719552561576,0.03250649171260178,1360.0,0
4968.964,-1.313958,-0.199138,21.50827,1.108312,0.002421,0.417833,0.295159,0.122674,-0.415412,-0.292738,391.882876,-0.2953075387989244,0.03276739457884881,1361.0,0
4969.964,-1.3063016666666667,-0.20346966666666666,21.506826333333333,1.1082683333333334,0.002414,0.41806933333333335,0.295278,0.12279133333333334,-0.4156553333333333,-0.292864,391.8807806666667,-0.29541694500959537,0.03240905203660649,1362.0,0
4970.964,-1.2986453333333332,-0.20780133333333334,21.505382666666666,1.1082246666666666,0.002407,0.41830566666666663,0.295397,0.12290866666666667,-0.41589866666666664,-0.29299,391.87868533333335,-0.29552622319753324,0.03205112881234762,1363.0,0
4971.964,-1.290989,-0.212133,21.503939,1.108181,0.0024,0.41854199999999997,0.295516,0.123026,-0.41614199999999996,-0.293116,391.87659,-0.2956353735873177,0.03169362417049759,1364.0,0
4972.964,-1.292214,-0.207145,21.504974333333333,1.1087353333333334,0.002365,0.4185703333333333,0.29553633333333335,0.123034,-0.4162053333333333,-0.29317133333333334,391.877114,-0.29560960842150447,0.03177801384967738,1365.0,0
4973.964,-1.293439,-0.202157,21.506009666666667,1.1092896666666667,0.00233,0.4185986666666666,0.29555666666666663,0.123042,-0.4162686666666666,-0.29322666666666664,391.877638,-0.2955838510958093,0.03186237784980461,1366.0,0
4974.964,-1.294664,-0.197169,21.507045,1.109844,0.002295,0.41862699999999997,0.295577,0.12305,-0.416332,-0.293282,391.878162,-0.2955581016066543,0.031946716182598145,1367.0,0
4975.964,-1.2893116666666666,-0.20395066666666667,21.506738666666667,1.109523,0.0023550000000000003,0.41811333333333334,0.29534299999999997,0.12277033333333334,-0.41575833333333334,-0.29298799999999997,391.8786856666666,-0.2952932479844012,0.03281420185583561,1368.0,0
4976.964,-1.2839593333333335,-0.21073233333333335,21.506432333333333,1.109202,0.002415,0.41759966666666665,0.295109,0.12249066666666666,-0.41518466666666665,-0.292694,391.87920933333334,-0.2950276624562141,0.03368408476988305,1369.0,0
4977.964,-1.278607,-0.217514,21.506126,1.108881,0.002475,0.417086,0.294875,0.122211,-0.414611,-0.2924,391.879733,-0.2947613419840332,0.03455637487541918,1370.0,0
4978.964,-1.2769300000000001,-0.21710566666666667,21.505265666666666,1.109552,0.002447,0.4173813333333333,0.2950703333333333,0.122311,-0.41493433333333335,-0.29262333333333335,392.0196056666667,-0.2947726542416452,0.03451932338513963,1371.0,0
4979.964,-1.275253,-0.21669733333333335,21.50440533333333,1.110223,0.002419,0.41767666666666664,0.29526566666666665,0.12241099999999999,-0.41525766666666664,-0.29284666666666664,392.1594783333333,-0.2947839488830201,0.03448232959402697,1372.0,0
4980.964,-1.273576,-0.216289,21.503545,1.110894,0.002391,0.41797199999999995,0.295461,0.122511,-0.415581,-0.29307,392.299351,-0.29479522594927565,0.034445393367406374,1373.0,0
4981.964,-1.2718113333333334,-0.210149,21.504697,1.1101353333333335,0.0024173333333333334,0.4179673333333333,0.29544,0.12252733333333334,-0.41555,-0.29302266666666665,392.1385236666667,-0.2948565231376644,0.03424462423204533,1374.0,0
4982.964,-1.2700466666666665,-0.204009,21.505848999999998,1.1093766666666667,0.0024436666666666665,0.41796266666666665,0.295419,0.12254366666666666,-0.41551899999999997,-0.2929753333333333,391.9776963333333,-0.2949178294722892,0.03404382513965132,1375.0,0
4983.964,-1.268282,-0.197869,21.507001,1.108618,0.00247,0.417958,0.295398,0.12256,-0.41548799999999997,-0.29292799999999997,391.816869,-0.29497914495519717,0.03384299608351893,1376.0,0
4984.964,-1.2676216666666666,-0.19671566666666665,21.50644833333333,1.1085723333333335,0.0024733333333333335,0.4181583333333333,0.29547433333333334,0.122684,-0.41568499999999997,-0.29300099999999996,391.99653433333333,-0.29513765263998604,0.03332382951716184,1377.0,0
4985.964,-1.2669613333333332,-0.19556233333333334,21.505895666666667,1.1085266666666667,0.0024766666666666665,0.41835866666666666,0.29555066666666663,0.122808,-0.415882,-0.293074,392.17619966666666,-0.29529601015675166,0.03280515480214374,1378.0,0
4986.964,-1.266301,-0.194409,21.505343,1.108481,0.00248,0.41855899999999996,0.295627,0.122932,-0.416079,-0.293147,392.355865,-0.2954542177187931,0.03228697123983759,1379.0,0
4987.964,-1.2620173333333333,-0.195825,21.505443666666668,1.1080163333333333,0.002471333333333333,0.418294,0.29550533333333334,0.12278866666666667,-0.4158226666666667,-0.293034,392.30821433333335,-0.29529165146917946,0.0328194309860631,1380.0,0
4988.964,-1.2577336666666665,-0.197241,21.505544333333333,1.1075516666666667,0.002462666666666667,0.418029,0.29538366666666666,0.12264533333333333,-0.4155663333333333,-0.292921,392.26056366666666,-0.29512888466795434,0.03335254760701134,1381.0,0
4989.964,-1.25345,-0.198657,21.505645,1.107087,0.002454,0.417764,0.295262,0.122502,-0.41531,-0.292808,392.212913,-0.29496591694376956,0.03388632231897404,1382.0,0
4990.964,-1.253669,-0.199313,21.505266000000002,1.1080933333333334,0.0024456666666666667,0.41735533333333336,0.294982,0.12237333333333333,-0.4149096666666667,-0.29253633333333334,392.16838433333334,-0.2949404125887946,0.033969857753972876,1383.0,0
4991.964,-1.2538880000000001,-0.199969,21.504887,1.1090996666666666,0.0024373333333333335,0.4169466666666667,0.294702,0.12224466666666667,-0.41450933333333334,-0.2922646666666667,392.12385566666666,-0.2949148589694618,0.0340535545464955,1384.0,0
4992.964,-1.254107,-0.200625,21.504508,1.110106,0.002429,0.416538,0.294422,0.122116,-0.414109,-0.291993,392.079327,-0.2948892559428941,0.03413741316451269,1385.0,0
4993.964,-1.254807,-0.19772266666666666,21.504537,1.111054,0.002382,0.41685333333333335,0.29469833333333334,0.122155,-0.4144713333333333,-0.29231633333333334,392.0463233333333,-0.2947255573579452,0.03467358169399848,1386.0,0
4994.964,-1.2555070000000002,-0.19482033333333335,21.504566,1.1120020000000002,0.0023350000000000003,0.41716866666666663,0.29497466666666666,0.122194,-0.41483366666666666,-0.29263966666666663,392.0133196666667,-0.29456214473627107,0.03520881359652095,1387.0,0
4995.964,-1.256207,-0.191918,21.504595,1.11295,0.002288,0.41748399999999997,0.295251,0.122233,-0.41519599999999995,-0.292963,391.980316,-0.2943990173292067,0.035743111324212595,1388.0,0
4996.964,-1.2583075,-0.19262400000000002,21.505521,1.1113155,0.002354,0.41733149999999997,0.295228,0.1221035,-0.4149775,-0.29287399999999997,392.463956,-0.2942419630991152,0.03625751733220561,1389.0,0
4997.964,-1.260408,-0.19333,21.506447,1.109681,0.00242,0.41717899999999997,0.295205,0.121974,-0.414759,-0.292785,392.947596,-0.29408474339253243,0.03677246533197598,1390.0,0
4998.964,-1.2586979999999999,-0.19463133333333332,21.506443,1.110858,0.0024433333333333334,0.41703599999999996,0.29495166666666667,0.12208433333333334,-0.41459266666666666,-0.29250833333333337,392.5947223333333,-0.29446885489738894,0.0355143695409722,1391.0,0
4999.964,-1.256988,-0.19593266666666667,21.506439,1.112035,0.0024666666666666665,0.416893,0.29469833333333334,0.12219466666666666,-0.41442633333333334,-0.29223166666666667,392.24184866666667,-0.29485327473545697,0.03425526385385569,1392.0,0
5000.964,-1.255278,-0.197234,21.506435,1.113212,0.00249,0.41675,0.294445,0.122305,-0.41426,-0.291955,391.888975,-0.29523800327814237,0.03299514705414586,1393.0,0
5001.964,-1.2577196666666666,-0.19630799999999998,21.506755,1.1129963333333335,0.002465666666666667,0.4168483333333333,0.29457833333333333,0.12227,-0.4143826666666667,-0.2921126666666667,392.062752,-0.2950661427267132,0.033558048799235074,1394.0,0
5002.964,-1.2601613333333332,-0.195382,21.507075,1.1127806666666666,0.002441333333333333,0.4169466666666667,0.2947116666666667,0.122235,-0.41450533333333334,-0.29227033333333335,392.236529,-0.29489438389465966,0.034120617378780804,1395.0,0
5003.964,-1.262603,-0.194456,21.507395,1.112565,0.002417,0.417045,0.294845,0.1222,-0.414628,-0.292428,392.410306,-0.29472272669170113,0.034682853088482624,1396.0,0
5004.964,-1.2629063333333332,-0.19436866666666666,21.506636666666665,1.1124893333333334,0.0024013333333333334,0.41701866666666665,0.294918,0.12210066666666666,-0.41461733333333334,-0.2925166666666667,392.34450833333335,-0.2944907299841057,0.03544272119360892,1397.0,0
5005.964,-1.2632096666666668,-0.19428133333333333,21.505878333333335,1.1124136666666666,0.0023856666666666666,0.41699233333333335,0.294991,0.12200133333333334,-0.4146066666666667,-0.29260533333333333,392.27871066666665,-0.29425872133923237,0.03620262839737953,1398.0,0
5006.964,-1.263513,-0.194194,21.50512,1.112338,0.00237,0.416966,0.295064,0.121902,-0.414596,-0.292694,392.212913,-0.2940267007561596,0.03696257470281261,1399.0,0
5007.964,-1.2592946666666667,-0.196316,21.504537000000003,1.1125563333333333,0.0023863333333333336,0.41713266666666665,0.295127,0.12200566666666667,-0.41474633333333333,-0.29274066666666665,392.207646,-0.294170077059336,0.03649296855648465,1400.0,0
5008.964,-1.2550763333333335,-0.198438,21.503954,1.1127746666666667,0.0024026666666666667,0.41729933333333336,0.29519,0.12210933333333333,-0.4148966666666667,-0.29278733333333334,392.202379,-0.2943133494605471,0.03602370272442368,1401.0,0
5009.964,-1.250858,-0.20056,21.503371,1.112993,0.002419,0.417466,0.295253,0.122213,-0.415047,-0.292834,392.197112,-0.29445651807269557,0.035554776836835056,1402.0,0
5010.964,-1.254843,-0.19886066666666666,21.505689333333333,1.1148019999999998,0.0023896666666666667,0.41748,0.295239,0.122241,-0.41509033333333334,-0.2928493333333333,392.29981833333335,-0.2944932335850597,0.03543452104916456,1403.0,0
5011.964,-1.258828,-0.19716133333333333,21.508007666666668,1.116611,0.0023603333333333336,0.417494,0.295225,0.122269,-0.4151336666666666,-0.29286466666666666,392.40252466666664,-0.2945299414323774,0.03531429036712741,1404.0,0
5012.964,-1.262813,-0.195462,21.510326,1.11842,0.002331,0.417508,0.295211,0.122297,-0.41517699999999996,-0.29288,392.505231,-0.29456664161704915,0.035194084782861346,1405.0,0
5013.964,-1.2642423333333332,-0.191539,21.50873633333333,1.1174426666666666,0.002362,0.4171006666666667,0.29500166666666666,0.122099,-0.41473866666666664,-0.29263966666666663,392.577001,-0.2944005568178439,0.03573806897544074,1406.0,0
5014.964,-1.2656716666666668,-0.187616,21.507146666666667,1.1164653333333334,0.002393,0.4166933333333333,0.2947923333333333,0.12190100000000001,-0.4143003333333333,-0.29239933333333334,392.648771,-0.29423412057948434,0.036283204250753265,1407.0,0
5015.964,-1.267101,-0.183693,21.505557,1.115488,0.002424,0.416286,0.294583,0.121703,-0.413862,-0.292159,392.720541,-0.2940673317853095,0.03682949426624316,1408.0,0
5016.964,-1.2624193333333333,-0.18538466666666667,21.506650999999998,1.115809,0.0024106666666666664,0.41688366666666665,0.29489499999999996,0.12198866666666668,-0.414473,-0.29248433333333335,392.6938236666667,-0.29432305841327444,0.035991902602826475,1409.0,0
5017.964,-1.2577376666666666,-0.18707633333333332,21.507745,1.11613,0.0023973333333333333,0.4174813333333333,0.295207,0.12227433333333333,-0.415084,-0.29280966666666663,392.6671063333334,-0.29457803218472767,0.03515677680048568,1410.0,0
5018.964,-1.253056,-0.188768,21.508839,1.116451,0.002384,0.418079,0.295519,0.12256,-0.415695,-0.293135,392.640389,-0.29483225641938543,0.03432410598602109,1411.0,0
5019.964,-1.2570376666666667,-0.18618666666666667,21.506826333333333,1.1170053333333334,0.0023943333333333334,0.4177513333333333,0.29531766666666665,0.12243366666666666,-0.415357,-0.2929233333333333,392.727351,-0.2947680222909183,0.03453449459881064,1412.0,0
5020.964,-1.2610193333333333,-0.18360533333333331,21.504813666666667,1.1175596666666667,0.0024046666666666665,0.41742366666666664,0.2951163333333333,0.12230733333333334,-0.41501899999999997,-0.29271166666666665,392.814313,-0.2947036835350113,0.03474522590204321,1413.0,0
5021.964,-1.265001,-0.181024,21.502801,1.118114,0.002415,0.41709599999999997,0.294915,0.122181,-0.41468099999999997,-0.2925,392.901275,-0.29463923989582325,0.0349563007336855,1414.0,0
5022.964,-1.2692886666666667,-0.186216,21.503428,1.1185223333333334,0.002396,0.41661933333333334,0.29458666666666666,0.12203266666666666,-0.41422333333333333,-0.29219066666666665,392.604766,-0.2946066806312552,0.0350629433965407,1415.0,0
5023.964,-1.2735763333333334,-0.191408,21.504055,1.1189306666666667,0.0023769999999999998,0.41614266666666666,0.29425833333333334,0.12188433333333333,-0.41376566666666664,-0.2918813333333333,392.308257,-0.2945740493388351,0.035169821975103766,1416.0,0
5024.964,-1.277864,-0.1966,21.504682,1.119339,0.002358,0.41566600000000004,0.29393,0.121736,-0.413308,-0.291572,392.011748,-0.29454134577928753,0.035276937253082674,1417.0,0
5025.964,-1.274145,-0.19651266666666667,21.504040666666665,1.1181136666666667,0.0023583333333333334,0.41611200000000004,0.29425033333333334,0.12186166666666666,-0.4137536666666667,-0.291892,392.181481,-0.294527809689847,0.035321272548788474,1418.0,0
5026.964,-1.270426,-0.19642533333333334,21.503399333333334,1.1168883333333335,0.0023586666666666665,0.41655800000000004,0.2945706666666667,0.12198733333333334,-0.41419933333333336,-0.292212,392.35121399999997,-0.29451430272936874,0.035365512437237734,1419.0,0
5027.964,-1.266707,-0.196338,21.502758,1.115663,0.002359,0.41700400000000004,0.294891,0.122113,-0.41464500000000004,-0.292532,392.520947,-0.2945008248039282,0.03540965722606548,1420.0,0
5028.964,-1.2654990000000002,-0.1927605,21.5026085,1.11464,0.002343,0.41649100000000006,0.2947415,0.1217495,-0.414148,-0.2923985,392.456209,-0.2939765349018586,0.037126884933957105,1421.0,0
5029.964,-1.264291,-0.189183,21.502459,1.113617,0.002327,0.415978,0.294592,0.121386,-0.413651,-0.292265,392.391471,-0.29345098513235823,0.03884823913608748,1422.0,0
5030.964,-1.2653113333333335,-0.19079366666666667,21.501771333333334,1.1138753333333333,0.0023176666666666667,0.4163963333333333,0.29480333333333336,0.12159299999999999,-0.41407866666666665,-0.29248566666666664,392.57775633333335,-0.2936478100324173,0.03820357066040214,1423.0,0
5031.964,-1.2663316666666666,-0.19240433333333332,21.501083666666666,1.1141336666666668,0.0023083333333333332,0.41681466666666667,0.29501466666666665,0.1218,-0.4145063333333333,-0.29270633333333335,392.7640416666667,-0.29384422878354605,0.03756023246056983,1424.0,0
5032.964,-1.267352,-0.194015,21.500396,1.114392,0.002299,0.41723299999999997,0.295226,0.122007,-0.41493399999999997,-0.292927,392.950327,-0.29404024264158307,0.03691822042329196,1425.0,0
5033.964,-1.2676786666666666,-0.194049,21.501643333333334,1.115061,0.0022676666666666665,0.41680366666666663,0.294989,0.12181466666666667,-0.41453599999999996,-0.29272133333333333,392.788549,-0.2938585804978268,0.03751322571616866,1426.0,0
5034.964,-1.2680053333333334,-0.194083,21.502890666666666,1.1157299999999999,0.0022363333333333332,0.41637433333333335,0.294752,0.12162233333333333,-0.414138,-0.2925156666666667,392.626771,-0.29367656918684715,0.03810937465043229,1427.0,0
5035.964,-1.268332,-0.194117,21.504138,1.116399,0.002205,0.415945,0.294515,0.12143,-0.41374,-0.29231,392.464993,-0.29349420770099016,0.038706670526491904,1428.0,0
5036.964,-1.270778,-0.18932533333333335,21.503416,1.1157299999999999,0.0022533333333333333,0.41627566666666665,0.2946146666666667,0.12166099999999999,-0.4140223333333333,-0.29236133333333336,392.6299163333333,-0.29385200762601593,0.03753475410637708,1429.0,0
5037.964,-1.2732240000000001,-0.18453366666666668,21.502693999999998,1.115061,0.0023016666666666667,0.41660633333333336,0.29471433333333336,0.121892,-0.41430466666666665,-0.29241266666666665,392.7948396666667,-0.2942093198949884,0.03636443492565855,1430.0,0
5038.964,-1.27567,-0.179742,21.501972,1.114392,0.00235,0.416937,0.294814,0.122123,-0.414587,-0.292464,392.959763,-0.2945661455041897,0.03519570972117336,1431.0,0
5039.964,-1.2760366666666667,-0.177267,21.501154666666665,1.1135176666666666,0.0023566666666666666,0.416755,0.2948466666666667,0.12190833333333333,-0.4143983333333333,-0.29249,393.03770633333335,-0.29418223411991057,0.03645315004923755,1432.0,0
5040.964,-1.2764033333333333,-0.174792,21.500337333333334,1.1126433333333334,0.0023633333333333336,0.416573,0.2948793333333333,0.12169366666666667,-0.4142096666666667,-0.292516,393.1156496666667,-0.2937979730023354,0.03771173587276888,1433.0,0
5041.964,-1.27677,-0.172317,21.49952,1.111769,0.00237,0.416391,0.294912,0.121479,-0.41402100000000003,-0.292542,393.193593,-0.2934133616733491,0.038971468757757144,1434.0,0
5042.964,-1.2761426666666666,-0.175409,21.499082666666666,1.111025,0.0024043333333333334,0.416333,0.29477533333333333,0.12155766666666667,-0.41392866666666667,-0.292371,393.33556100000004,-0.2936688616288031,0.038134619523890856,1435.0,0
5043.964,-1.2755153333333333,-0.178501,21.498645333333336,1.110281,0.0024386666666666667,0.416275,0.29463866666666666,0.12163633333333333,-0.41383633333333336,-0.2922,393.477529,-0.2939244755965738,0.03729739686091915,1436.0,0
5044.964,-1.274888,-0.181593,21.498208,1.109537,0.002473,0.416217,0.294502,0.121715,-0.413744,-0.292029,393.619497,-0.29418020365299236,0.03645980051883102,1437.0,0
5045.964,-1.2790300000000001,-0.17650266666666667,21.49912666666667,1.110135,0.002464333333333333,0.415848,0.294568,0.12128,-0.4133836666666667,-0.29210366666666665,393.592256,-0.29338433799836794,0.0390665311624796,1438.0,0
5046.964,-1.283172,-0.17141233333333333,21.500045333333333,1.110733,0.0024556666666666668,0.41547900000000004,0.294634,0.12084500000000001,-0.41302333333333335,-0.2921783333333334,393.565015,-0.2925870836685991,0.04167781018942884,1439.0,0
5047.964,-1.287314,-0.166322,21.500964,1.111331,0.002447,0.41511000000000003,0.2947,0.12041,-0.41266300000000006,-0.29225300000000004,393.537774,-0.29178843702594376,0.04429364951452086,1440.0,0
5048.964,-1.2845659999999999,-0.1729165,21.499533,1.1088740000000001,0.0024215,0.41459750000000006,0.29440350000000004,0.120194,-0.41217600000000004,-0.291982,394.26829299999997,-0.2916091466003518,0.044880886623934635,1441.0,0
5049.964,-1.281818,-0.179511,21.498102,1.106417,0.002396,0.41408500000000004,0.294107,0.119978,-0.411689,-0.291711,394.998812,-0.29142943199704635,0.04546951305959668,1442.0,0
5050.964,-1.2798766666666666,-0.179726,21.496510333333333,1.1065076666666667,0.002403,0.41462166666666667,0.29439966666666667,0.120222,-0.4122186666666667,-0.2919966666666667,394.90073266666667,-0.29164688882006506,0.04475726802057589,1443.0,0
5051.964,-1.2779353333333334,-0.17994100000000002,21.494918666666667,1.1065983333333334,0.00241,0.41515833333333335,0.29469233333333333,0.120466,-0.41274833333333333,-0.2922823333333333,394.8026533333333,-0.2918637875310319,0.0440468509883043,1444.0,0
5052.964,-1.275994,-0.180156,21.493327,1.106689,0.002417,0.415695,0.294985,0.12071,-0.413278,-0.292568,394.704574,-0.2920801302758198,0.04333825493431853,1445.0,0
5053.964,-1.281281,-0.1762605,21.496095500000003,1.1077345,0.0023740000000000002,0.41542100000000004,0.2945625,0.12085850000000001,-0.413047,-0.29218849999999996,394.94293600000003,-0.2926030030553498,0.04162566878462004,1446.0,0
5054.964,-1.286568,-0.172365,21.498864,1.10878,0.002331,0.41514700000000004,0.29414,0.121007,-0.412816,-0.291809,395.181298,-0.2931264610055352,0.039911166002044696,1447.0,0
5055.964,-1.288736,-0.170344,21.4993495,1.1075460000000001,0.00231,0.415466,0.29441249999999997,0.12105350000000001,-0.41315599999999997,-0.2921025,394.677816,-0.29299778533480175,0.0403326225783448,1448.0,0
5056.964,-1.290904,-0.168323,21.499835,1.106312,0.002289,0.41578499999999996,0.294685,0.1211,-0.413496,-0.292396,394.174334,-0.2928693212735341,0.04075338606168921,1449.0,0
5057.964,-1.29353,-0.16890066666666667,21.499100000000002,1.1073276666666667,0.002356,0.41547233333333333,0.29455733333333334,0.120915,-0.4131163333333333,-0.2922013333333333,394.215212,-0.2926906610421948,0.04133855907063533,1450.0,0
5058.964,-1.296156,-0.16947833333333334,21.498365,1.1083433333333332,0.002423,0.41515966666666665,0.29442966666666665,0.12073,-0.4127366666666667,-0.2920066666666667,394.25609,-0.2925116721194437,0.04192480865572301,1451.0,0
5059.964,-1.298782,-0.170056,21.49763,1.109359,0.00249,0.414847,0.294302,0.120545,-0.41235700000000003,-0.291812,394.296968,-0.292332353597377,0.04251213779064522,1452.0,0
5060.964,-1.298546,-0.1723935,21.4963165,1.1088075,0.002366,0.4160465,0.2950625,0.12098400000000001,-0.4136805,-0.2926965,394.4573355,-0.2924582919869125,0.04209964674104871,1453.0,0
5061.964,-1.29831,-0.174731,21.495003,1.108256,0.002242,0.417246,0.295823,0.121423,-0.415004,-0.293581,394.617703,-0.29258342710775587,0.04168978666956091,1454.0,0
5062.964,-1.3000440000000002,-0.17544949999999998,21.4981465,1.110059,0.002267,0.4170775,0.2955755,0.121502,-0.41481049999999997,-0.29330849999999997,394.6004095,-0.29291036005684534,0.040618970091589435,1455.0,0
5063.964,-1.301778,-0.176168,21.50129,1.111862,0.002292,0.416909,0.295328,0.121581,-0.41461699999999996,-0.29303599999999996,394.583116,-0.2932375981631196,0.039547154020072695,1456.0,0
5064.964,-1.29926,-0.18265399999999998,21.500733,1.110284,0.0021995,0.41640299999999997,0.2950515,0.1213515,-0.41420349999999995,-0.292852,393.953576,-0.29297626161116835,0.040403120092133205,1457.0,0
5065.964,-1.296742,-0.18914,21.500176,1.108706,0.002107,0.415897,0.294775,0.121122,-0.41379,-0.292668,393.324036,-0.2927144027511606,0.041260796900683516,1458.0,0
5066.964,-1.3002983333333333,-0.18165833333333334,21.499286333333334,1.108777,0.002180333333333333,0.41572733333333334,0.29464133333333337,0.121086,-0.413547,-0.29246099999999997,393.5470223333333,-0.29279935001184865,0.04098256573661352,1459.0,0
5067.964,-1.3038546666666668,-0.17417666666666667,21.498396666666665,1.108848,0.002253666666666667,0.4155576666666667,0.29450766666666667,0.12104999999999999,-0.413304,-0.292254,393.7700086666667,-0.29288439716140463,0.04070400740253488,1460.0,0
5068.964,-1.307411,-0.166695,21.497507,1.108919,0.002327,0.41538800000000003,0.294374,0.121014,-0.413061,-0.292047,393.992995,-0.2929695443761197,0.04042512132103426,1461.0,0
5069.964,-1.3055976666666667,-0.17500066666666667,21.496049,1.108571,0.0023133333333333335,0.41559633333333335,0.29447733333333337,0.121119,-0.413283,-0.292164,393.82920566666667,-0.2930662356453946,0.0401084245354304,1462.0,0
5070.964,-1.3037843333333334,-0.18330633333333335,21.494591,1.108223,0.0022996666666666664,0.4158046666666667,0.29458066666666666,0.121224,-0.413505,-0.292281,393.6654163333333,-0.2931628230924006,0.03979206780306055,1463.0,0
5071.964,-1.301971,-0.191612,21.493133,1.107875,0.002286,0.416013,0.294684,0.121329,-0.413727,-0.292398,393.501627,-0.29325930688426644,0.03947605057652159,1464.0,0
5072.964,-1.3117916666666667,-0.19100233333333333,21.494177,1.1081783333333333,0.002313,0.41568166666666667,0.294469,0.12121266666666668,-0.41336866666666666,-0.29215599999999997,393.58356,-0.29323209443086584,0.03956518061468317,1465.0,0
5073.964,-1.3216123333333334,-0.19039266666666668,21.495221,1.1084816666666666,0.00234,0.4153503333333334,0.294254,0.12109633333333333,-0.41301033333333337,-0.291914,393.665493,-0.29320483475756803,0.03965446531406469,1466.0,0
5074.964,-1.331433,-0.189783,21.496265,1.108785,0.002367,0.415019,0.294039,0.12098,-0.412652,-0.291672,393.747426,-0.2931775277413602,0.03974390507757508,1467.0,0
5075.964,-1.326777,-0.1886605,21.4938915,1.1085180000000001,0.0023305,0.41593600000000003,0.2946475,0.1212885,-0.4136055,-0.292317,393.86302850000004,-0.2932475347826245,0.03951460821236363,1468.0,0
5076.964,-1.322121,-0.187538,21.491518,1.108251,0.002294,0.41685300000000003,0.295256,0.121597,-0.414559,-0.292962,393.978631,-0.2933172197858924,0.039286366131095485,1469.0,0
5077.964,-1.3153100000000002,-0.18812050000000002,21.4933135,1.1084375,0.002323,0.416314,0.2949895,0.1213245,-0.413991,-0.2926665,394.24062349999997,-0.29306142660450735,0.04012417577959393,1470.0,0
5078.964,-1.308499,-0.188703,21.495109,1.108624,0.002352,0.415775,0.294723,0.121052,-0.413423,-0.292371,394.502616,-0.29280493055521956,0.040964287559475676,1471.0,0
5079.964,-1.3096510000000001,-0.18048766666666669,21.494785,1.1095113333333333,0.0023466666666666666,0.4160376666666667,0.2948773333333333,0.12116033333333334,-0.413691,-0.29253066666666666,394.54061566666667,-0.292877114103153,0.040727861894827355,1472.0,0
5080.964,-1.310803,-0.17227233333333333,21.494460999999998,1.1103986666666668,0.0023413333333333333,0.41630033333333333,0.2950316666666667,0.12126866666666666,-0.413959,-0.29269033333333333,394.57861533333335,-0.292949204186576,0.04049174235823216,1473.0,0
5081.964,-1.311955,-0.164057,21.494137,1.111286,0.002336,0.416563,0.295186,0.121377,-0.414227,-0.29285,394.616615,-0.2930212009869009,0.04025592835550318,1474.0,0
5082.964,-1.3022073333333333,-0.16893366666666668,21.493831999999998,1.1092986666666667,0.002378,0.4158066666666667,0.294793,0.12101366666666667,-0.41342866666666667,-0.292415,394.472499,-0.2927081964358134,0.04128112469383016,1475.0,0
5083.964,-1.2924596666666668,-0.17381033333333334,21.493527,1.1073113333333333,0.0024200000000000003,0.41505033333333335,0.2944,0.12065033333333333,-0.4126303333333334,-0.29198,394.328383,-0.29239398071554135,0.042310288023080456,1476.0,0
5084.964,-1.282712,-0.178687,21.493222,1.105324,0.002462,0.41429400000000005,0.294007,0.120287,-0.41183200000000003,-0.291545,394.184267,-0.29207854678253947,0.043343441413259964,1477.0,0
5085.964,-1.3025575,-0.1684245,21.492531999999997,1.106818,0.002475,0.414737,0.2942895,0.12044750000000001,-0.412262,-0.2918145,393.8779155,-0.292163216991178,0.04306611768886037,1478.0,0
5086.964,-1.322403,-0.158162,21.491842,1.108312,0.002488,0.41518,0.294572,0.120608,-0.412692,-0.292084,393.571564,-0.29224771075695855,0.042789371874817905,1479.0,0
5087.964,-1.31815,-0.160977,21.491906,1.1082806666666667,0.002446666666666667,0.4156573333333333,0.29484466666666664,0.12081266666666667,-0.41321066666666667,-0.292398,393.7911976666667,-0.29237618674619587,0.042368569323316896,1480.0,0
5088.964,-1.313897,-0.163792,21.49197,1.1082493333333332,0.0024053333333333335,0.41613466666666665,0.29511733333333334,0.12101733333333334,-0.41372933333333334,-0.292712,394.01083133333333,-0.29250434060998154,0.04194882184220505,1481.0,0
5089.964,-1.309644,-0.166607,21.492034,1.108218,0.002364,0.416612,0.29539,0.121222,-0.414248,-0.293026,394.230465,-0.29263217355828763,0.04153012546841228,1482.0,0
5090.964,-1.3084060000000002,-0.173408,21.494097500000002,1.108293,0.0024200000000000003,0.4160355,0.2950015,0.121034,-0.4136155,-0.29258150000000005,394.577802,-0.29262513765837506,0.04155317043310092,1483.0,0
5091.964,-1.307168,-0.180209,21.496161,1.108368,0.002476,0.415459,0.294613,0.120846,-0.41298300000000004,-0.29213700000000004,394.925139,-0.2926180802068855,0.04157628598653251,1484.0,0
5092.964,-1.3043203333333333,-0.16624966666666668,21.494392,1.1075776666666666,0.002474333333333333,0.4154953333333333,0.2945856666666667,0.12090966666666667,-0.413021,-0.29211133333333333,394.735873,-0.2927453069262182,0.041159575218768785,1485.0,0
5093.964,-1.3014726666666667,-0.15229033333333333,21.492623,1.1067873333333333,0.002472666666666667,0.4155316666666667,0.2945583333333333,0.12097333333333334,-0.413059,-0.2920856666666667,394.546607,-0.2928725102366577,0.04074294112308996,1486.0,0
5094.964,-1.298625,-0.138331,21.490854,1.105997,0.002471,0.415568,0.294531,0.121037,-0.413097,-0.29206,394.357341,-0.2929996901446637,0.04032638367833874,1487.0,0
5095.964,-1.307436,-0.1504525,21.4941635,1.1094659999999998,0.002311,0.415417,0.294358,0.121059,-0.413106,-0.29204699999999995,394.325474,-0.2930465620120792,0.040172862374325935,1488.0,0
5096.964,-1.316247,-0.162574,21.497473,1.112935,0.002151,0.41526599999999997,0.294185,0.121081,-0.41311499999999995,-0.29203399999999996,394.293607,-0.29309343183721687,0.04001934775946736,1489.0,0
5097.964,-1.31128,-0.167184,21.494003499999998,1.1115445,0.0021625000000000004,0.4147345,0.29397399999999996,0.12076049999999999,-0.41257199999999994,-0.2918115,393.905209,-0.2927023469899727,0.04130028361799365,1490.0,0
5098.964,-1.306313,-0.171794,21.490534,1.110154,0.002174,0.414203,0.293763,0.12044,-0.412029,-0.291589,393.516811,-0.2923102313435009,0.04258459569450168,1491.0,0
5099.964,-1.3142595,-0.170688,21.491549,1.111071,0.002171,0.41447100000000003,0.293963,0.120508,-0.4123,-0.291792,393.7917145,-0.29228302760860453,0.042673697176597414,1492.0,0
5100.964,-1.322206,-0.169582,21.492564,1.111988,0.002168,0.414739,0.294163,0.120576,-0.412571,-0.291995,394.066618,-0.29225585961170225,0.04276268160461005,1493.0,0
5101.964,-1.3183085,-0.170773,21.491873,1.1098195,0.002237,0.4149655,0.29438149999999996,0.120584,-0.41272850000000005,-0.29214450000000003,394.11183500000004,-0.292163715768879,0.04306448402228602,1494.0,0
5102.964,-1.314411,-0.171964,21.491182,1.107651,0.002306,0.415192,0.2946,0.120592,-0.41288600000000003,-0.292294,394.157052,-0.2920716422248326,0.043366056187563506,1495.0,0
5103.964,-1.3172255000000002,-0.170937,21.490691499999997,1.1074895,0.0022919999999999998,0.4151015,0.294552,0.1205495,-0.41280950000000005,-0.29225999999999996,394.547955,-0.29202281445270634,0.043525983744586605,1496.0,0
5104.964,-1.32004,-0.16991,21.490201,1.107328,0.002278,0.415011,0.294504,0.120507,-0.412733,-0.292226,394.938858,-0.2919739685800956,0.043685970586851086,1497.0,0
5105.964,-1.3134775,-0.174865,21.4908245,1.107328,0.0022595000000000002,0.41539499999999996,0.294608,0.120787,-0.4131355,-0.2923485,394.7974135,-0.2923672557000202,0.04239782153643945,1498.0,0
5106.964,-1.306915,-0.17982,21.491448,1.107328,0.002241,0.41577899999999995,0.294712,0.121067,-0.41353799999999996,-0.292471,394.655969,-0.292759777238796,0.04111218002461692,1499.0,0
5107.964,-1.311765,-0.175299,21.491556,1.108734,0.0022383333333333335,0.41560299999999994,0.2946006666666666,0.12100233333333332,-0.41336466666666666,-0.29236233333333334,394.510989,-0.2927260983266551,0.04122248991399624,1500.0,0
5108.964,-1.3166149999999999,-0.17077799999999999,21.491664,1.11014,0.0022356666666666666,0.415427,0.2944893333333333,0.12093766666666667,-0.4131913333333333,-0.29225366666666663,394.366009,-0.2926923911579087,0.0413328923533669,1501.0,0
5109.964,-1.321465,-0.166257,21.491772,1.111546,0.002233,0.415251,0.294378,0.120873,-0.413018,-0.292145,394.221029,-0.292658655696981,0.04144338745925169,1502.0,0
5110.964,-1.3198816666666666,-0.16878733333333332,21.490417333333333,1.1101616666666667,0.0022843333333333335,0.41537466666666667,0.294573,0.12080166666666667,-0.41309033333333334,-0.29228866666666664,394.71988166666665,-0.2924347275972591,0.042176828129957156,1503.0,0
5111.964,-1.3182983333333333,-0.17131766666666667,21.48906266666667,1.1087773333333333,0.0023356666666666664,0.4154983333333333,0.294768,0.12073033333333333,-0.4131626666666667,-0.29243233333333335,395.2187343333333,-0.29221087790493633,0.04291001198976874,1504.0,0
5112.964,-1.316715,-0.173848,21.487708,1.107393,0.002387,0.415622,0.294963,0.120659,-0.413235,-0.292576,395.717587,-0.29198710657883914,0.043642939173544115,1505.0,0
5113.964,-1.3167186666666668,-0.17093466666666668,21.489822,1.1092743333333335,0.0024173333333333334,0.41562866666666665,0.29493566666666665,0.120693,-0.4132113333333334,-0.2925183333333333,395.66607,-0.2920861127222536,0.04331866038798737,1506.0,0
5114.964,-1.3167223333333333,-0.16802133333333333,21.491936000000003,1.1111556666666667,0.0024476666666666666,0.41563533333333336,0.29490833333333333,0.120727,-0.4131876666666667,-0.2924606666666667,395.614553,-0.29218513020749304,0.04299434445409711,1507.0,0
5115.964,-1.316726,-0.165108,21.49405,1.113037,0.002478,0.415642,0.294881,0.120761,-0.41316400000000003,-0.292403,395.563036,-0.2922841590365062,0.04266999136549077,1508.0,0
5116.964,-1.321194,-0.16354666666666667,21.493630333333336,1.1130976666666668,0.002444,0.41543599999999997,0.29472566666666666,0.12071033333333332,-0.412992,-0.29228166666666666,395.4713243333333,-0.29228320552586695,0.04267311443706423,1509.0,0
5117.964,-1.3256620000000001,-0.16198533333333334,21.493210666666666,1.1131583333333332,0.0024100000000000002,0.41523,0.2945703333333333,0.12065966666666667,-0.41281999999999996,-0.29216033333333336,395.3796126666667,-0.2922822512206722,0.0426762401110774,1510.0,0
5118.964,-1.33013,-0.160424,21.492791,1.113219,0.002376,0.41502399999999995,0.294415,0.120609,-0.41264799999999996,-0.292039,395.287901,-0.2922812961199281,0.04267936839078512,1511.0,0
5119.964,-1.3276106666666667,-0.163861,21.49156,1.1140476666666665,0.0023233333333333335,0.414869,0.29437766666666665,0.12049133333333333,-0.41254566666666664,-0.2920543333333333,395.278048,-0.29206857600873926,0.043376099087899966,1512.0,0
5120.964,-1.3250913333333334,-0.167298,21.490329,1.1148763333333334,0.0022706666666666665,0.41471399999999997,0.2943403333333333,0.12037366666666667,-0.41244333333333333,-0.29206966666666667,395.268195,-0.29185575033923933,0.044073175524377506,1513.0,0
5121.964,-1.322572,-0.170735,21.489098,1.115705,0.002218,0.414559,0.294303,0.120256,-0.412341,-0.292085,395.258342,-0.291642819032837,0.04477059795763105,1514.0,0
5122.964,-1.325204,-0.17026,21.489669,1.1154866666666667,0.0022993333333333334,0.41489000000000004,0.294383,0.120507,-0.41259066666666666,-0.29208366666666663,395.1890686666667,-0.29207469245069156,0.043356065660682064,1515.0,0
5123.964,-1.327836,-0.169785,21.49024,1.1152683333333333,0.0023806666666666668,0.415221,0.294463,0.120758,-0.41284033333333336,-0.29208233333333333,395.11979533333334,-0.2925060435132958,0.04194324425479856,1516.0,0
5124.964,-1.330468,-0.16931,21.490811,1.11505,0.002462,0.41555200000000003,0.294543,0.121009,-0.41309,-0.292081,395.050522,-0.2929368731677678,0.040532130637846886,1517.0,0
5125.964,-1.3289316666666666,-0.16605366666666665,21.488391,1.111958,0.002416666666666667,0.4148906666666667,0.29435266666666665,0.120538,-0.412474,-0.291936,395.17700933333333,-0.2922324612762533,0.04283931910953409,1518.0,0
5126.964,-1.3273953333333333,-0.16279733333333332,21.485971,1.1088660000000001,0.0023713333333333334,0.41422933333333334,0.29416233333333336,0.120067,-0.411858,-0.291791,395.30349666666666,-0.29152594225665696,0.04515340914219357,1519.0,0
5127.964,-1.325859,-0.159541,21.483551,1.105774,0.002326,0.413568,0.293972,0.119596,-0.411242,-0.291646,395.429984,-0.29081730664014527,0.04747443174947452,1520.0,0
5128.964,-1.3278423333333333,-0.163464,21.486147,1.1083266666666667,0.0023283333333333333,0.413772,0.293971,0.11980099999999999,-0.41144366666666665,-0.29164266666666666,395.21781766666663,-0.29117301073944685,0.046309379871267264,1521.0,0
5129.964,-1.3298256666666666,-0.16738699999999998,21.488743,1.1108793333333333,0.0023306666666666667,0.413976,0.29397,0.120006,-0.41164533333333336,-0.29163933333333336,395.00565133333333,-0.29152836631622925,0.04514546952282128,1522.0,0
5130.964,-1.331809,-0.17131,21.491339,1.113432,0.002333,0.41418,0.293969,0.120211,-0.411847,-0.291636,394.793485,-0.29188337388247065,0.04398269902723406,1523.0,0
5131.964,-1.3296186666666667,-0.17335499999999998,21.490461,1.1133706666666667,0.002342,0.41428966666666667,0.2941603333333333,0.12012933333333334,-0.4119476666666667,-0.29181833333333335,395.0200053333333,-0.29161380113930613,0.044865641426138025,1524.0,0
5132.964,-1.3274283333333332,-0.1754,21.489583,1.1133093333333333,0.0023510000000000002,0.41439933333333334,0.2943516666666667,0.12004766666666666,-0.41204833333333335,-0.2920006666666667,395.2465256666667,-0.29134436011396747,0.04574815240437313,1525.0,0
5133.964,-1.325238,-0.177445,21.488705,1.113248,0.00236,0.414509,0.294543,0.119966,-0.41214900000000004,-0.292183,395.473046,-0.29107505070993916,0.046630232278060624,1526.0,0
5134.964,-1.3258155,-0.1713805,21.4872875,1.111305,0.0023855,0.414492,0.2945315,0.1199605,-0.41210650000000004,-0.292146,395.570171,-0.2910917228719345,0.04657562527835324,1527.0,0
5135.964,-1.326393,-0.165316,21.48587,1.109362,0.002411,0.41447500000000004,0.29452,0.119955,-0.41206400000000004,-0.292109,395.667296,-0.29110839847304903,0.04652100701436124,1528.0,0
5136.964,-1.3366215000000001,-0.1613065,21.486922999999997,1.1121525,0.002316,0.414546,0.29431850000000004,0.1202275,-0.41223000000000004,-0.29200250000000005,395.61819,-0.2916522127264214,0.044739830416927195,1529.0,0
5137.964,-1.34685,-0.157297,21.487976,1.114943,0.002221,0.414617,0.294117,0.1205,-0.41239600000000004,-0.29189600000000004,395.569084,-0.29219558918027616,0.04296008776178173,1530.0,0
5138.964,-1.328884,-0.1666885,21.488432500000002,1.1141874999999999,0.0023415,0.4142995,0.29401900000000003,0.1202805,-0.411958,-0.29167750000000003,395.2669365,-0.2919734341205513,0.04368772112359531,1531.0,0
5139.964,-1.310918,-0.17608,21.488889,1.113432,0.002462,0.41398199999999996,0.293921,0.120061,-0.41151999999999994,-0.29145899999999997,394.964789,-0.29175080615961835,0.044416903397670016,1532.0,0
5140.964,-1.3241420000000002,-0.1736845,21.491415500000002,1.1142195,0.0024015,0.414778,0.29444099999999995,0.120337,-0.4123765,-0.2920395,395.2252825,-0.29181413541784135,0.04420947854262036,1533.0,0
5141.964,-1.337366,-0.171289,21.493942,1.115007,0.002341,0.415574,0.294961,0.120613,-0.413233,-0.29262,395.485776,-0.2918772021527859,0.04400291354057562,1534.0,0
5142.964,-1.336741,-0.16498733333333332,21.492210333333333,1.1137213333333333,0.002352666666666667,0.41523333333333334,0.29476399999999997,0.12046933333333333,-0.4128806666666667,-0.29241133333333336,395.499636,-0.2917783147470733,0.04432680341978357,1535.0,0
5143.964,-1.336116,-0.15868566666666667,21.490478666666668,1.1124356666666668,0.0023643333333333333,0.4148926666666667,0.294567,0.12032566666666666,-0.4125283333333334,-0.29220266666666667,395.513496,-0.2916792584248963,0.044651246557850244,1536.0,0
5144.964,-1.335491,-0.152384,21.488747,1.11115,0.002376,0.41455200000000003,0.29437,0.120182,-0.41217600000000004,-0.29199400000000003,395.527356,-0.29158003275307814,0.04497624437357717,1537.0,0
5145.964,-1.337268,-0.15119633333333332,21.486650666666666,1.110598,0.0023466666666666666,0.4146266666666667,0.29436033333333333,0.12026633333333334,-0.41228000000000004,-0.29201366666666667,395.5823843333333,-0.291711033871076,0.044547171166745,1538.0,0
5146.964,-1.339045,-0.15000866666666668,21.484554333333335,1.110046,0.0023173333333333336,0.41470133333333337,0.2943506666666667,0.12035066666666666,-0.41238400000000003,-0.29203333333333337,395.63741266666665,-0.2918419689140111,0.044118314378211565,1539.0,0
5147.964,-1.340822,-0.148821,21.482458,1.109494,0.002288,0.41477600000000003,0.294341,0.120435,-0.412488,-0.292053,395.692441,-0.2919728379318621,0.043689673844279575,1540.0,0
5148.964,-1.3367676666666666,-0.153065,21.484135000000002,1.1101646666666667,0.0022873333333333335,0.4150536666666667,0.29447866666666667,0.120575,-0.41276633333333335,-0.29219133333333336,395.63114866666666,-0.2921151324077604,0.043223611050149935,1541.0,0
5149.964,-1.3327133333333334,-0.157309,21.485812,1.1108353333333334,0.0022866666666666664,0.41533133333333333,0.29461633333333337,0.120715,-0.41304466666666667,-0.29232966666666665,395.5698563333333,-0.29225723511073476,0.04275817637755641,1542.0,0
5150.964,-1.328659,-0.161553,21.487489,1.111506,0.002286,0.415609,0.294754,0.120855,-0.413323,-0.292468,395.508564,-0.29239914642820847,0.04229336855755583,1543.0,0
5151.964,-1.3259316666666667,-0.167941,21.488407666666667,1.1117103333333334,0.002276,0.415209,0.294543,0.12066600000000001,-0.412933,-0.292267,395.263394,-0.292217604835663,0.04288797900422525,1544.0,0
5152.964,-1.3232043333333332,-0.17432899999999998,21.489326333333334,1.1119146666666668,0.0022660000000000002,0.41480900000000004,0.29433200000000004,0.120477,-0.41254300000000005,-0.29206600000000005,395.018224,-0.2920357199994182,0.0434837136907259,1545.0,0
5153.964,-1.320477,-0.180717,21.490245,1.112119,0.002256,0.414409,0.294121,0.120288,-0.41215300000000005,-0.29186500000000004,394.773054,-0.29185349094508817,0.044080575808503,1546.0,0
5154.964,-1.323175,-0.17432899999999998,21.486701333333336,1.1105146666666668,0.002257666666666667,0.414785,0.294348,0.120437,-0.41252733333333336,-0.29209033333333334,394.88149466666664,-0.29194984724207507,0.04376497617104558,1547.0,0
5155.964,-1.3258729999999999,-0.167941,21.483157666666667,1.1089103333333332,0.0022593333333333332,0.415161,0.29457500000000003,0.120586,-0.41290166666666667,-0.2923156666666667,394.98993533333334,-0.2920460288269494,0.043449948775165614,1548.0,0
5156.964,-1.328571,-0.161553,21.479614,1.107306,0.002261,0.415537,0.294802,0.120735,-0.413276,-0.292541,395.098376,-0.29214203617446005,0.04313549206589917,1549.0,0
5157.964,-1.332888,-0.16095500000000001,21.481480666666666,1.1085749999999999,0.0023283333333333333,0.4149426666666667,0.295065,0.11987766666666666,-0.4126143333333333,-0.29273666666666665,394.34714966666667,-0.29053270212628446,0.048406608308785626,1550.0,0
5158.964,-1.337205,-0.160357,21.483347333333334,1.109844,0.0023956666666666666,0.4143483333333333,0.295328,0.11902033333333334,-0.4119526666666667,-0.29293233333333335,393.5959233333333,-0.2889181983323286,0.05369465722701372,1551.0,0
5159.964,-1.341522,-0.159759,21.485214,1.111113,0.002463,0.413754,0.295591,0.118163,-0.411291,-0.293128,392.844697,-0.28729849984196065,0.05899972054238689,1552.0,0
5160.964,-1.3393926666666667,-0.16710966666666668,21.485724333333334,1.1103543333333334,0.0024,0.414217,0.295256,0.118961,-0.41181700000000004,-0.292856,393.39999666666665,-0.288869300852808,0.0538548130994565,1553.0,0
5161.964,-1.3372633333333335,-0.17446033333333333,21.486234666666665,1.1095956666666666,0.002337,0.41468000000000005,0.294921,0.119759,-0.412343,-0.292584,393.95529633333337,-0.29043609431006306,0.048723031757262225,1554.0,0
5162.964,-1.335134,-0.181811,21.486745,1.108837,0.002274,0.41514300000000004,0.294586,0.120557,-0.41286900000000004,-0.292312,394.510596,-0.29199889553077496,0.04360432634725986,1555.0,0
5163.964,-1.3370883333333334,-0.17413966666666666,21.486147,1.108487,0.002285,0.41505200000000003,0.29461233333333336,0.12043966666666667,-0.41276700000000005,-0.29232733333333333,394.8573963333333,-0.2917867912247294,0.04429904007313323,1556.0,0
5164.964,-1.3390426666666666,-0.16646833333333333,21.485549,1.1081370000000001,0.002296,0.414961,0.29463866666666666,0.12032233333333334,-0.412665,-0.2923426666666667,395.2041966666667,-0.29157458206515074,0.04499409722998171,1557.0,0
5165.964,-1.340997,-0.158797,21.484951,1.107787,0.002307,0.41487,0.294665,0.120205,-0.412563,-0.292358,395.550997,-0.2913622679742681,0.04568949807253131,1558.0,0
5166.964,-1.3394825,-0.16223749999999998,21.483057,1.1073985,0.002306,0.4147115,0.294649,0.1200625,-0.4124055,-0.292343,395.871306,-0.2911280066051656,0.04645678371416495,1559.0,0
5167.964,-1.337968,-0.165678,21.481163,1.10701,0.002305,0.41455299999999995,0.294633,0.11992,-0.41224799999999995,-0.292328,396.191615,-0.29089356623577606,0.04722465564260536,1560.0,0
5168.964,-1.3428143333333333,-0.16006566666666666,21.481470333333334,1.108258,0.0023543333333333333,0.414944,0.2947973333333333,0.12014666666666667,-0.41258966666666663,-0.292443,396.1289566666667,-0.29120205273048383,0.04621425747523378,1561.0,0
5169.964,-1.3476606666666666,-0.15445333333333333,21.481777666666666,1.109506,0.002403666666666667,0.41533499999999995,0.2949616666666667,0.12037333333333333,-0.4129313333333333,-0.292558,396.06629833333335,-0.29151002872962417,0.045205531354433615,1562.0,0
5170.964,-1.352507,-0.148841,21.482085,1.110754,0.002453,0.415726,0.295126,0.1206,-0.413273,-0.292673,396.00364,-0.2918174954993321,0.044198473133181926,1563.0,0
5171.964,-1.3488453333333332,-0.153866,21.481786333333336,1.1101443333333334,0.0024346666666666666,0.415116,0.2947476666666667,0.12036833333333333,-0.41268133333333334,-0.292313,395.7479856666667,-0.29167450835634673,0.044666804647555014,1564.0,0
5172.964,-1.3451836666666668,-0.158891,21.481487666666666,1.1095346666666666,0.0024163333333333333,0.414506,0.2943693333333333,0.12013666666666667,-0.41208966666666663,-0.291953,395.4923313333333,-0.29153111061858855,0.04513648099942691,1565.0,0
5173.964,-1.341522,-0.163916,21.481189,1.108925,0.002398,0.413896,0.293991,0.119905,-0.411498,-0.291593,395.236677,-0.29138730051494904,0.045607507989780305,1566.0,0
5174.964,-1.3403990000000001,-0.16385766666666668,21.481816000000002,1.1098876666666666,0.0023996666666666667,0.413999,0.29407866666666665,0.11992033333333334,-0.4115993333333333,-0.291679,395.094185,-0.2913528156495613,0.04572045765009802,1567.0,0
5175.964,-1.339276,-0.16379933333333332,21.482443,1.1108503333333333,0.0024013333333333334,0.414102,0.29416633333333336,0.11993566666666666,-0.4117006666666667,-0.291765,394.951693,-0.29131834775997706,0.045833351708886694,1568.0,0
5176.964,-1.338153,-0.163741,21.48307,1.111813,0.002403,0.41420500000000005,0.294254,0.119951,-0.41180200000000006,-0.291851,394.809201,-0.2912838968336648,0.045946190207191595,1569.0,0
5177.964,-1.3405303333333334,-0.16232633333333332,21.481918,1.11174,0.0023406666666666667,0.4144873333333334,0.294527,0.11996033333333334,-0.4121466666666667,-0.2921863333333333,395.17014566666666,-0.29106294942645694,0.046669868096363976,1570.0,0
5178.964,-1.3429076666666666,-0.16091166666666668,21.480766000000003,1.111667,0.0022783333333333336,0.41476966666666665,0.2948,0.11996966666666667,-0.4124913333333333,-0.2925216666666667,395.53109033333334,-0.2908423712555687,0.047392336611035146,1571.0,0
5179.964,-1.345285,-0.159497,21.479614,1.111594,0.002216,0.415052,0.295073,0.119979,-0.412836,-0.292857,395.892035,-0.29062216139619945,0.048113598780241684,1572.0,0
5180.964,-1.3477203333333334,-0.15748433333333334,21.479818,1.1120023333333333,0.0022773333333333335,0.4148253333333333,0.2948453333333333,0.11998,-0.41254799999999997,-0.292568,395.66834366666666,-0.2908274693550069,0.047441145402591034,1573.0,0
5181.964,-1.3501556666666668,-0.15547166666666667,21.480021999999998,1.1124106666666667,0.0023386666666666664,0.4145986666666666,0.29461766666666667,0.119981,-0.41225999999999996,-0.29227899999999996,395.44465233333335,-0.29103306416597324,0.046767752486579384,1574.0,0
5182.964,-1.352591,-0.153459,21.480226,1.112819,0.0024,0.41437199999999996,0.29439,0.119982,-0.41197199999999995,-0.29198999999999997,395.220961,-0.2912389464306953,0.04609341806177236,1575.0,0
5183.964,-1.3528390000000001,-0.15860733333333335,21.481348999999998,1.114336,0.0024173333333333334,0.414541,0.2943713333333333,0.12016966666666667,-0.4121236666666666,-0.291954,395.26287033333335,-0.29158713263364955,0.04495298985047491,1576.0,0
5184.964,-1.353087,-0.16375566666666666,21.482472,1.115853,0.0024346666666666666,0.41470999999999997,0.29435266666666665,0.12035733333333333,-0.4122753333333333,-0.29191799999999996,395.30477966666666,-0.2919350626564997,0.04381340071612927,1577.0,0
5185.964,-1.353335,-0.168904,21.483595,1.11737,0.002452,0.414879,0.294334,0.120545,-0.412427,-0.291882,395.346689,-0.29228273678187117,0.04267464973304136,1578.0,0
5186.964,-1.3501703333333333,-0.16466,21.482603333333333,1.117895,0.002465,0.4149173333333333,0.294462,0.12045533333333333,-0.4124523333333333,-0.29199699999999995,395.492324,-0.2920473849844102,0.04344550689833615,1579.0,0
5187.964,-1.3470056666666668,-0.160416,21.481611666666666,1.11842,0.002478,0.41495566666666667,0.29458999999999996,0.12036566666666666,-0.41247766666666663,-0.292112,395.637959,-0.2918120620964419,0.04421626937521217,1580.0,0
5188.964,-1.343841,-0.156172,21.48062,1.118945,0.002491,0.414994,0.294718,0.120276,-0.41250299999999995,-0.29222699999999996,395.783594,-0.29157676811263944,0.04498693718111646,1581.0,0
5189.964,-1.3486536666666666,-0.15818466666666667,21.481043,1.119193,0.002432,0.4151583333333333,0.29477733333333334,0.120381,-0.4127263333333333,-0.2923453333333333,395.72282566666667,-0.2916733969968727,0.04467044472773707,1582.0,0
5190.964,-1.3534663333333334,-0.16019733333333333,21.481465999999998,1.119441,0.002373,0.4153226666666667,0.29483666666666664,0.120486,-0.41294966666666666,-0.2924636666666667,395.66205733333334,-0.2917699213623002,0.04435429460898721,1583.0,0
5191.964,-1.358279,-0.16221,21.481889,1.119689,0.002314,0.415487,0.294896,0.120591,-0.413173,-0.292582,395.601289,-0.291866341378409,0.04403848626973861,1584.0,0
5192.964,-1.3579726666666667,-0.162166,21.481845333333332,1.1204766666666666,0.0023296666666666665,0.41537033333333334,0.2949793333333333,0.120391,-0.41304066666666667,-0.2926496666666667,395.77206966666665,-0.2914756371260549,0.04531817555058315,1585.0,0
5193.964,-1.3576663333333332,-0.162122,21.481801666666666,1.1212643333333334,0.0023453333333333334,0.4152536666666667,0.2950626666666667,0.120191,-0.4129083333333334,-0.29271733333333333,395.94285033333335,-0.29108468243883606,0.046598685090767145,1586.0,0
5194.964,-1.35736,-0.162078,21.481758,1.122052,0.002361,0.41513700000000003,0.295146,0.119991,-0.41277600000000003,-0.292785,396.113631,-0.2906934770758888,0.04788001567920119,1587.0,0
5195.964,-1.345361,-0.16323749999999998,21.481353,1.120236,0.0023575000000000002,0.41471650000000004,0.29461000000000004,0.1201065,-0.41235900000000003,-0.2922525,395.9564705,-0.2912675393711289,0.045999766459159264,1588.0,0
5196.964,-1.333362,-0.164397,21.480948,1.11842,0.002354,0.414296,0.294074,0.120222,-0.411942,-0.29172,395.79931,-0.29184276389094554,0.04411571055842867,1589.0,0
5197.964,-1.3551505,-0.15678399999999998,21.4808495,1.1207500000000001,0.0023355,0.4150875,0.2947115,0.120376,-0.412752,-0.29237599999999997,396.025621,-0.2916431456253285,0.044769528256167423,1590.0,0
5198.964,-1.376939,-0.149171,21.480751,1.12308,0.002317,0.415879,0.295349,0.12053,-0.413562,-0.29303199999999996,396.251932,-0.2914443093038271,0.04542078482103662,1591.0,0
5199.964,-1.370377,-0.15607366666666667,21.479290333333335,1.1220666666666668,0.0023246666666666667,0.415558,0.29513766666666663,0.12042033333333334,-0.41323333333333334,-0.292813,395.9955736666667,-0.29141072374943233,0.0455307889320522,1592.0,0
5200.964,-1.363815,-0.16297633333333333,21.477829666666665,1.1210533333333332,0.0023323333333333334,0.415237,0.29492633333333335,0.12031066666666666,-0.41290466666666664,-0.29259399999999997,395.73921533333333,-0.29137708472759183,0.04564096816713348,1593.0,0
5201.964,-1.357253,-0.169879,21.476369,1.12004,0.00234,0.414916,0.294715,0.120201,-0.412576,-0.292375,395.482857,-0.29134339211052535,0.04575132294480433,1594.0,0
5202.964,-1.3595636666666666,-0.16507666666666668,21.476706999999998,1.119675,0.0023120000000000003,0.4148053333333333,0.294604,0.12020133333333334,-0.4124933333333333,-0.292292,395.37512733333335,-0.2914025876844579,0.04555743731141648,1595.0,0
5203.964,-1.3618743333333334,-0.16027433333333332,21.477045,1.11931,0.002284,0.41469466666666666,0.294493,0.12020166666666666,-0.41241066666666665,-0.292209,395.2673976666667,-0.29146180698965185,0.04536347395007834,1596.0,0
5204.964,-1.364185,-0.155472,21.477383,1.118945,0.002256,0.41458399999999995,0.294382,0.120202,-0.412328,-0.292126,395.159668,-0.29152105004038054,0.0451694328140394,1597.0,0
5205.964,-1.3599703333333333,-0.15755733333333333,21.477776666666667,1.1201266666666667,0.0022853333333333337,0.41448166666666664,0.2943573333333333,0.12012433333333333,-0.41219633333333333,-0.292072,395.05960933333336,-0.29142574798679594,0.04548157944587117,1598.0,0
5206.964,-1.3557556666666668,-0.15964266666666668,21.47817033333333,1.1213083333333334,0.0023146666666666667,0.4143793333333333,0.2943326666666667,0.12004666666666668,-0.41206466666666663,-0.292018,394.95955066666664,-0.2913303850294978,0.04579392555807438,1599.0,0
5207.964,-1.351541,-0.161728,21.478564,1.12249,0.002344,0.414277,0.294308,0.119969,-0.411933,-0.291964,394.859492,-0.2912349611100861,0.04610647134192891,1600.0,0
5208.964,-1.3508116666666667,-0.16166966666666668,21.476784666666667,1.1211916666666666,0.002337,0.414508,0.294444,0.120064,-0.41217099999999995,-0.292107,395.013509,-0.29129728024844115,0.045902354972926274,1601.0,0
5209.964,-1.3500823333333334,-0.16161133333333333,21.475005333333332,1.1198933333333334,0.00233,0.41473899999999997,0.29458,0.120159,-0.41240899999999997,-0.29224999999999995,395.167526,-0.2913595274582451,0.045698474194386884,1602.0,0
5210.964,-1.349353,-0.161553,21.473226,1.118595,0.002323,0.41496999999999995,0.294716,0.120254,-0.41264699999999993,-0.29239299999999996,395.321543,-0.29142170286395597,0.04549482859866849,1603.0,0
5211.964,-1.349003,-0.16238433333333332,21.474422,1.1197326666666667,0.002337,0.41482366666666665,0.2947083333333333,0.12011533333333334,-0.4124866666666666,-0.2923713333333333,395.47136933333337,-0.29119880529182024,0.04622489394111029,1604.0,0
5212.964,-1.348653,-0.16321566666666668,21.475618,1.1208703333333332,0.002351,0.4146773333333333,0.29470066666666667,0.11997666666666666,-0.4123263333333333,-0.2923496666666666,395.62119566666667,-0.2909757343715641,0.04695552705759154,1605.0,0
5213.964,-1.348303,-0.164047,21.476814,1.122008,0.002365,0.414531,0.294693,0.119838,-0.412166,-0.292328,395.771022,-0.2907524899008892,0.047686728610707885,1606.0,0
5214.964,-1.3477196666666666,-0.15822766666666666,21.475180666666667,1.1230289999999998,0.0023573333333333332,0.41481633333333334,0.29477133333333333,0.120045,-0.41245899999999996,-0.292414,395.88365333333337,-0.29104781577760647,0.0467194359423686,1607.0,0
5215.964,-1.3471363333333335,-0.15240833333333334,21.473547333333336,1.12405,0.0023496666666666666,0.41510166666666665,0.2948496666666667,0.120252,-0.412752,-0.2925,395.99628466666667,-0.2913427223677228,0.045753516580220754,1608.0,0
5216.964,-1.346553,-0.146589,21.471914,1.125071,0.002342,0.415387,0.294928,0.120459,-0.413045,-0.292586,396.108916,-0.29163721056352343,0.044788967601727014,1609.0,0
5217.964,-1.3404133333333335,-0.151154,21.473853666666667,1.1240063333333332,0.0023356666666666664,0.4150973333333333,0.29474833333333333,0.120349,-0.41276166666666664,-0.29241266666666665,395.87474733333335,-0.29157090226620425,0.04500614982280382,1610.0,0
5218.964,-1.3342736666666666,-0.155719,21.475793333333336,1.1229416666666667,0.0023293333333333334,0.4148076666666667,0.2945686666666667,0.120239,-0.41247833333333334,-0.29223933333333335,395.64057866666667,-0.2915045028736932,0.045223630411609705,1611.0,0
5219.964,-1.328134,-0.160284,21.477733,1.121877,0.002323,0.414518,0.294389,0.120129,-0.412195,-0.292066,395.40641,-0.2914380121981397,0.04544140998341961,1612.0,0
5220.964,-1.3348276666666665,-0.154569,21.476692,1.1218486666666667,0.002332,0.41429900000000003,0.294311,0.119988,-0.41196699999999997,-0.291979,395.55804133333334,-0.2912570454843361,0.04603413750672847,1613.0,0
5221.964,-1.3415213333333333,-0.148854,21.475651,1.1218203333333332,0.002341,0.41408,0.294233,0.11984700000000001,-0.411739,-0.291892,395.7096726666667,-0.29107587834982435,0.04662752147600746,1614.0,0
5222.964,-1.348215,-0.143139,21.47461,1.121792,0.00235,0.41386100000000003,0.294155,0.119706,-0.411511,-0.291805,395.861304,-0.29089451046147125,0.04722156298238078,1615.0,0
5223.964,-1.3440296666666667,-0.14996266666666666,21.474965333333333,1.1235706666666665,0.0023433333333333336,0.41402500000000003,0.2942516666666667,0.11977333333333334,-0.41168166666666667,-0.2919083333333333,395.8788816666667,-0.29093747419116106,0.047080842158335745,1616.0,0
5224.964,-1.3398443333333332,-0.15678633333333333,21.475320666666665,1.1253493333333333,0.0023366666666666666,0.41418900000000003,0.2943483333333333,0.11984066666666666,-0.4118523333333334,-0.29201166666666667,395.8964593333333,-0.2909804023134562,0.04694023796061619,1617.0,0
5225.964,-1.335659,-0.16361,21.475676,1.127128,0.00233,0.414353,0.294445,0.119908,-0.41202300000000003,-0.292115,395.914037,-0.29102329487260387,0.04679975024429739,1618.0,0
5226.964,-1.3331943333333334,-0.164367,21.476137,1.1262459999999999,0.00235,0.41430933333333336,0.29438366666666665,0.11992566666666667,-0.41195933333333334,-0.2920336666666667,395.81188133333336,-0.29111115606351784,0.046511974967889724,1619.0,0
5227.964,-1.3307296666666666,-0.165124,21.476598,1.125364,0.00237,0.41426566666666664,0.29432233333333335,0.11994333333333333,-0.41189566666666666,-0.2919523333333333,395.70972566666666,-0.2911990444158861,0.0462241107284832,1620.0,0
5228.964,-1.328265,-0.165881,21.477059,1.124482,0.00239,0.414222,0.294261,0.119961,-0.411832,-0.291871,395.60757,-0.2912869599423064,0.045936157484816276,1621.0,0
5229.964,-1.3365559999999999,-0.1591995,21.4758865,1.12598,0.0023695,0.41420199999999996,0.2941725,0.1200295,-0.4118325,-0.29180300000000003,395.7729835,-0.2914529364558077,0.04539252796473858,1622.0,0
5230.964,-1.344847,-0.152518,21.474714,1.127478,0.002349,0.414182,0.294084,0.120098,-0.411833,-0.291735,395.938397,-0.2916189125662891,0.0448488997646882,1623.0,0
5231.964,-1.3412156666666666,-0.15294833333333333,21.475967999999998,1.1284406666666666,0.00229,0.41423666666666664,0.29416000000000003,0.12007666666666666,-0.4119466666666667,-0.29187,395.9040836666667,-0.2914866604576492,0.045282070391257534,1624.0,0
5232.964,-1.3375843333333333,-0.15337866666666666,21.477222,1.1294033333333333,0.002231,0.41429133333333334,0.294236,0.12005533333333333,-0.4120603333333333,-0.292005,395.86977033333335,-0.29135448131256175,0.045715002037382324,1625.0,0
5233.964,-1.333953,-0.153809,21.478476,1.130366,0.002172,0.414346,0.294312,0.120034,-0.412174,-0.29214,395.835457,-0.291222375070662,0.046147694900777525,1626.0,0
5234.964,-1.3343433333333332,-0.153288,21.476122,1.128559,0.0022136666666666667,0.414311,0.2943253333333333,0.11998566666666667,-0.4120973333333333,-0.29211166666666666,395.900164,-0.29115926777638557,0.0463543927484259,1627.0,0
5235.964,-1.3347336666666667,-0.152767,21.473768,1.126752,0.002255333333333333,0.414276,0.2943386666666667,0.11993733333333333,-0.41202066666666665,-0.29208333333333336,395.964871,-0.2910961369966966,0.04656116751878625,1628.0,0
5236.964,-1.335124,-0.152246,21.471414,1.124945,0.002297,0.41424099999999997,0.294352,0.119889,-0.411944,-0.292055,396.029578,-0.2910329827184828,0.04676801925480578,1629.0,0
5237.964,-1.3396046666666666,-0.15445866666666666,21.472616,1.1268396666666667,0.0023153333333333333,0.414274,0.29444,0.119834,-0.41195866666666664,-0.29212466666666664,396.290193,-0.2908891123926164,0.04723924349343023,1630.0,0
5238.964,-1.3440853333333334,-0.15667133333333333,21.473818,1.1287343333333335,0.0023336666666666666,0.414307,0.294528,0.119779,-0.4119733333333333,-0.29219433333333333,396.550808,-0.2907452523106324,0.04771043417985632,1631.0,0
5239.964,-1.348566,-0.158884,21.47502,1.130629,0.002352,0.41434,0.294616,0.119724,-0.41198799999999997,-0.29226399999999997,396.811423,-0.29060140247143723,0.048181591317666084,1632.0,0
5240.964,-1.3419886666666667,-0.15220433333333333,21.473649333333334,1.1282076666666667,0.0023543333333333333,0.414105,0.294438,0.119667,-0.41175066666666665,-0.29208366666666663,396.70717333333334,-0.2906304720748611,0.048086378481676295,1633.0,0
5241.964,-1.3354113333333333,-0.14552466666666666,21.472278666666668,1.1257863333333333,0.0023566666666666666,0.41387,0.29426,0.11961000000000001,-0.41151333333333334,-0.29190333333333335,396.60292366666664,-0.29065957520916746,0.047991055820644446,1634.0,0
5242.964,-1.328834,-0.138845,21.470908,1.123365,0.002359,0.41363500000000003,0.294082,0.119553,-0.41127600000000003,-0.291723,396.498674,-0.2906887119324053,0.04789562314444051,1635.0,0
5243.964,-1.3284185000000002,-0.1449625,21.471307000000003,1.1255769999999998,0.002345,0.41406350000000003,0.2942625,0.119801,-0.4117185,-0.2919175,396.4810555,-0.2909786443374402,0.046945995929847606,1636.0,0
5244.964,-1.328003,-0.15108,21.471706,1.127789,0.002331,0.414492,0.294443,0.120049,-0.412161,-0.292112,396.463437,-0.2912679541925466,0.04599840777796127,1637.0,0
5245.964,-1.3337345,-0.148813,21.470979,1.1276005,0.0023725,0.41433450000000005,0.294362,0.11997250000000001,-0.411962,-0.2919895,396.1761645,-0.2912229555710371,0.046145793564656756,1638.0,0
5246.964,-1.339466,-0.146546,21.470252,1.127412,0.002414,0.414177,0.294281,0.119896,-0.411763,-0.291867,395.888892,-0.2911779134548598,0.04629332181117907,1639.0,0
5247.964,-1.3361166666666666,-0.15009266666666668,21.46979633333333,1.1285003333333334,0.002428333333333333,0.41419133333333336,0.294348,0.11984333333333333,-0.411763,-0.2919196666666667,395.9112836666667,-0.29105000785243257,0.04671225615192387,1640.0,0
5248.964,-1.3327673333333334,-0.15363933333333332,21.469340666666668,1.1295886666666666,0.0024426666666666668,0.4142056666666667,0.29441500000000004,0.11979066666666667,-0.41176300000000005,-0.29197233333333333,395.9336753333333,-0.2909221022500052,0.047131190492668895,1641.0,0
5249.964,-1.329418,-0.157186,21.468885,1.130677,0.002457,0.41422000000000003,0.294482,0.119738,-0.41176300000000005,-0.29202500000000003,395.956067,-0.29079419664757794,0.0475501248334137,1642.0,0
5250.964,-1.3313086666666667,-0.15473299999999998,21.469923666666666,1.13069,0.002396333333333333,0.41395733333333334,0.29423900000000003,0.11971833333333333,-0.411561,-0.2918426666666667,396.05573633333336,-0.29088913726633614,0.04723916202354006,1643.0,0
5251.964,-1.3331993333333334,-0.15228,21.470962333333333,1.130703,0.002335666666666667,0.41369466666666665,0.293996,0.11969866666666666,-0.411359,-0.2916603333333333,396.15540566666664,-0.2909841711275013,0.046927893813077604,1644.0,0
5252.964,-1.33509,-0.149827,21.472001,1.130716,0.002275,0.41343199999999997,0.293753,0.119679,-0.41115699999999994,-0.29147799999999996,396.255075,-0.29107929836850244,0.046616319751899615,1645.0,0
5253.964,-1.331517,-0.15150433333333332,21.47140333333333,1.1308036666666668,0.002285,0.41368999999999995,0.29391,0.11978,-0.41140499999999997,-0.29162499999999997,395.9816163333333,-0.2911493325295815,0.046386934060073104,1646.0,0
5254.964,-1.327944,-0.15318166666666666,21.470805666666667,1.1308913333333332,0.002295,0.413948,0.29406699999999997,0.119881,-0.41165299999999994,-0.291772,395.7081576666667,-0.2912192823064142,0.04615782475534724,1647.0,0
5255.964,-1.324371,-0.154859,21.470208,1.130979,0.002305,0.41420599999999996,0.294224,0.119982,-0.41190099999999996,-0.291919,395.434699,-0.2912891478514202,0.04592899133849593,1648.0,0
5256.964,-1.3216293333333333,-0.15359,21.467422666666668,1.1297683333333333,0.002333,0.41458399999999995,0.2945233333333333,0.12006066666666668,-0.412251,-0.29219033333333333,395.59971733333333,-0.2912326662623812,0.04611398774849851,1649.0,0
5257.964,-1.3188876666666667,-0.15232099999999998,21.464637333333332,1.1285576666666668,0.0023610000000000003,0.414962,0.2948226666666667,0.12013933333333333,-0.412601,-0.2924616666666667,395.7647356666667,-0.2911762804976571,0.04629867030128598,1650.0,0
5258.964,-1.316146,-0.151052,21.461852,1.127347,0.002389,0.41534,0.295122,0.120218,-0.412951,-0.292733,395.929754,-0.29111999031359725,0.04648303979489676,1651.0,0
5259.964,-1.3166273333333334,-0.150921,21.464302,1.1289513333333334,0.0023773333333333333,0.41493433333333335,0.29482566666666665,0.12010866666666667,-0.412557,-0.29244833333333337,396.028241,-0.2911330017419858,0.04644042294254114,1652.0,0
5260.964,-1.3171086666666667,-0.15078999999999998,21.466752,1.1305556666666667,0.002365666666666667,0.41452866666666666,0.29452933333333337,0.11999933333333333,-0.412163,-0.29216366666666665,396.126728,-0.2911460380465285,0.04639772461232183,1653.0,0
5261.964,-1.31759,-0.150659,21.469202,1.13216,0.002354,0.414123,0.294233,0.11989,-0.411769,-0.291879,396.225215,-0.29115909929863415,0.04635494457035072,1654.0,0
5262.964,-1.3178963333333333,-0.14940466666666666,21.468808,1.1324956666666668,0.0023996666666666667,0.4142463333333333,0.2943256666666667,0.11992066666666666,-0.41184666666666664,-0.291926,396.0486716666667,-0.291178653492368,0.04629089793669883,1655.0,0
5263.964,-1.3182026666666666,-0.14815033333333333,21.468414,1.1328313333333333,0.0024453333333333336,0.4143696666666667,0.29441833333333334,0.11995133333333334,-0.41192433333333334,-0.291973,395.8721283333333,-0.2911982003123559,0.04622687545457227,1656.0,0
5264.964,-1.318509,-0.146896,21.46802,1.133167,0.002491,0.414493,0.294511,0.119982,-0.412002,-0.29202,395.695585,-0.2912177397627675,0.04616287711031397,1657.0,0
5265.964,-1.315942,-0.147173,21.46682433333333,1.132496,0.002436666666666667,0.414658,0.294626,0.120032,-0.41222133333333333,-0.29218933333333336,395.8977976666667,-0.2911840835928359,0.04627311251122468,1658.0,0
5266.964,-1.313375,-0.14745,21.465628666666667,1.131825,0.0023823333333333335,0.414823,0.29474100000000003,0.12008200000000001,-0.4124406666666667,-0.29235866666666666,396.10001033333333,-0.2911504632192667,0.04638323066687633,1659.0,0
5267.964,-1.310808,-0.147727,21.464433,1.131154,0.002328,0.414988,0.294856,0.120132,-0.41266,-0.292528,396.302223,-0.2911168785849818,0.046493231764219156,1660.0,0
5268.964,-1.3103996666666666,-0.15065866666666666,21.465949666666667,1.132029,0.0023826666666666666,0.4145143333333334,0.29457533333333336,0.119939,-0.4121316666666667,-0.29219266666666666,396.23778733333336,-0.29102177950035263,0.04680471360370464,1661.0,0
5269.964,-1.3099913333333333,-0.15359033333333333,21.467466333333334,1.1329040000000001,0.0024373333333333335,0.41404066666666667,0.29429466666666665,0.119746,-0.4116033333333334,-0.29185733333333336,396.1733516666667,-0.29092643627708625,0.047116995080243584,1662.0,0
5270.964,-1.309583,-0.156522,21.468983,1.133779,0.002492,0.413567,0.294014,0.119553,-0.411075,-0.291522,396.108916,-0.2908308479738441,0.04743007927703957,1663.0,0
5271.964,-1.3125583333333333,-0.150761,21.468268333333334,1.1336476666666668,0.0024916666666666668,0.4135493333333333,0.29406466666666664,0.11948466666666667,-0.41105766666666665,-0.29157299999999997,395.994189,-0.2906768734237778,0.04793439828574131,1664.0,0
5272.964,-1.3155336666666666,-0.145,21.467553666666667,1.1335163333333333,0.0024913333333333332,0.4135316666666667,0.29411533333333334,0.11941633333333333,-0.41104033333333334,-0.291624,395.879462,-0.2905228858876442,0.04843875982822898,1665.0,0
5273.964,-1.318509,-0.139239,21.466839,1.133385,0.002491,0.413514,0.294166,0.119348,-0.41102299999999997,-0.29167499999999996,395.764735,-0.2903688853638005,0.048943163909883625,1666.0,0
5274.964,-1.3139733333333332,-0.139414,21.46657666666667,1.1344643333333333,0.0025306666666666667,0.413726,0.294271,0.11945499999999999,-0.4111953333333333,-0.2917403333333333,395.812931,-0.29050740809495584,0.0484894548623247,1667.0,0
5275.964,-1.3094376666666667,-0.139589,21.466314333333333,1.1355436666666667,0.0025703333333333333,0.41393800000000003,0.29437599999999997,0.119562,-0.4113676666666667,-0.29180566666666663,395.86112699999995,-0.2906458147637956,0.04803612595831497,1668.0,0
5276.964,-1.304902,-0.139764,21.466052,1.136623,0.00261,0.41415,0.294481,0.119669,-0.41154,-0.291871,395.909323,-0.29078410551612366,0.047583176720296994,1669.0,0
5277.964,-1.3062236666666667,-0.14672733333333332,21.467334333333334,1.1367103333333333,0.0025583333333333335,0.414531,0.2946533333333333,0.11987766666666666,-0.41197266666666665,-0.292095,395.99573266666664,-0.29098522147558686,0.046924453565938884,1670.0,0
5278.964,-1.3075453333333333,-0.15369066666666667,21.46861666666667,1.1367976666666666,0.0025066666666666666,0.414912,0.29482566666666665,0.12008633333333334,-0.41240533333333335,-0.292319,396.0821423333333,-0.2911859154405911,0.04626711258692806,1671.0,0
5279.964,-1.308867,-0.160654,21.469899,1.136885,0.002455,0.41529299999999997,0.294998,0.120295,-0.412838,-0.292543,396.168552,-0.291386188737928,0.04561114943757094,1672.0,0
5280.964,-1.3099515,-0.14028,21.4700825,1.1380835,0.0024205,0.4150385,0.29501299999999997,0.12002550000000001,-0.41261800000000004,-0.29259250000000003,396.786568,-0.29088840256218235,0.04724156842947114,1673.0,0
5281.964,-1.311036,-0.119906,21.470266,1.139282,0.002386,0.41478400000000004,0.295028,0.119756,-0.41239800000000004,-0.292642,397.404584,-0.2903900852819007,0.048873726969322795,1674.0,0
5282.964,-1.3122390000000002,-0.12776833333333334,21.469915666666665,1.1385043333333333,0.0023656666666666665,0.41439633333333337,0.294713,0.11968333333333334,-0.4120306666666667,-0.29234733333333335,397.16846433333336,-0.2904726115999738,0.04860342521552974,1675.0,0
5283.964,-1.313442,-0.13563066666666668,21.469565333333332,1.1377266666666666,0.0023453333333333334,0.4140086666666667,0.294398,0.11961066666666667,-0.4116633333333333,-0.2920526666666666,396.93234466666667,-0.2905552851973341,0.04833264107199042,1676.0,0
5284.964,-1.314645,-0.143493,21.469215,1.136949,0.002325,0.413621,0.294083,0.119538,-0.411296,-0.29175799999999996,396.696225,-0.29063810646859317,0.04806137324621795,1677.0,0
5285.964,-1.3115316666666668,-0.138956,21.467247,1.1355776666666666,0.0023136666666666666,0.41360433333333335,0.2941336666666667,0.11947066666666667,-0.4112906666666667,-0.29181999999999997,396.7039643333334,-0.29047816259262527,0.04858524382704632,1678.0,0
5286.964,-1.3084183333333332,-0.134419,21.465279,1.1342063333333334,0.0023023333333333333,0.4135876666666667,0.2941843333333333,0.11940333333333333,-0.41128533333333334,-0.29188200000000003,396.71170366666666,-0.29031821456851026,0.04910912799446698,1679.0,0
5287.964,-1.305305,-0.129882,21.463311,1.132835,0.002291,0.413571,0.294235,0.119336,-0.41128000000000003,-0.29194400000000004,396.719443,-0.29015826239608633,0.04963302574900996,1680.0,0
5288.964,-1.308141,-0.13097366666666665,21.46452,1.1343816666666666,0.0023436666666666666,0.41361733333333334,0.2941976666666667,0.11941966666666666,-0.4112736666666667,-0.29185400000000006,396.8281186666667,-0.2903661642154677,0.04895207659596812,1681.0,0
5289.964,-1.3109769999999998,-0.13206533333333334,21.465729,1.1359283333333334,0.002396333333333333,0.4136636666666667,0.29416033333333336,0.11950333333333334,-0.4112673333333334,-0.291764,396.93679433333335,-0.29057407243805516,0.04827110647024879,1682.0,0
5290.964,-1.313813,-0.133157,21.466938,1.137475,0.002449,0.41371,0.294123,0.119587,-0.41126100000000004,-0.29167400000000004,397.04547,-0.29078198706414426,0.0475901153708842,1683.0,0
5291.964,-1.3101845,-0.13156800000000002,21.465109499999997,1.1354199999999999,0.0024665,0.41402700000000003,0.29433050000000005,0.1196965,-0.41156050000000005,-0.291864,397.0343435,-0.29083644041748513,0.04741176212247056,1684.0,0
5292.964,-1.306556,-0.129979,21.463281,1.133365,0.002484,0.41434400000000005,0.294538,0.119806,-0.41186000000000006,-0.29205400000000004,397.023217,-0.2908908145748909,0.047233668267674056,1685.0,0
5293.964,-1.310494,-0.12976500000000002,21.46288,1.1327444999999998,0.002409,0.4142195,0.2944715,0.119748,-0.4118105,-0.2920625,396.85940600000004,-0.29078493818136786,0.047580449458484164,1686.0,0
5294.964,-1.314432,-0.129551,21.462479,1.132124,0.002334,0.414095,0.294405,0.11969,-0.411761,-0.29207099999999997,396.695595,-0.29067903633184383,0.04792731402635353,1687.0,0
5295.964,-1.3103125,-0.1300085,21.4645935,1.1318359999999998,0.0023245,0.414029,0.29455549999999997,0.11947350000000001,-0.41170450000000003,-0.292231,396.7307205,-0.2901930636975396,0.049519039652977326,1688.0,0
5296.964,-1.306193,-0.130466,21.466708,1.131548,0.002315,0.413963,0.294706,0.119257,-0.411648,-0.292391,396.765846,-0.28970695766032545,0.05111120221949328,1689.0,0
5297.964,-1.3063996666666666,-0.128296,21.465656666666668,1.132007,0.0023813333333333334,0.413692,0.29435833333333333,0.11933366666666667,-0.41131066666666666,-0.291977,396.72003033333334,-0.2901309556708692,0.04972246455942675,1690.0,0
5298.964,-1.3066063333333333,-0.126126,21.46460533333333,1.132466,0.0024476666666666666,0.41342100000000004,0.2940106666666667,0.11941033333333333,-0.41097333333333336,-0.291563,396.67421466666667,-0.2905556497314904,0.048331447098672986,1691.0,0
5299.964,-1.306813,-0.123956,21.463554,1.132925,0.002514,0.41315,0.293663,0.119487,-0.410636,-0.291149,396.628399,-0.29098104155758764,0.046938144218718225,1692.0,0
5300.964,-1.3016696666666667,-0.131515,21.463511666666665,1.133195,0.0024793333333333334,0.412876,0.29358333333333336,0.11929266666666666,-0.4103966666666667,-0.291104,396.5196736666667,-0.29067720825512283,0.047933301599230815,1693.0,0
5301.964,-1.2965263333333332,-0.139074,21.463469333333332,1.133465,0.0024446666666666666,0.412602,0.29350366666666666,0.11909833333333333,-0.4101573333333333,-0.291059,396.41094833333335,-0.2903730203686562,0.04892962036292148,1694.0,0
5302.964,-1.291383,-0.146633,21.463427,1.133735,0.00241,0.41232800000000003,0.293424,0.118904,-0.409918,-0.291014,396.302223,-0.29006847727710733,0.04992710254403976,1695.0,0
5303.964,-1.297082,-0.13511700000000001,21.464577333333335,1.1351473333333333,0.0024263333333333333,0.412916,0.293705,0.119211,-0.4104896666666667,-0.2912786666666667,396.628682,-0.290412402778477,0.048800629579233035,1696.0,0
5304.964,-1.302781,-0.123601,21.465727666666666,1.1365596666666666,0.0024426666666666663,0.41350400000000004,0.293986,0.119518,-0.41106133333333333,-0.2915433333333333,396.955141,-0.2907553716769882,0.04767728981406971,1697.0,0
5305.964,-1.30848,-0.112085,21.466878,1.137972,0.002459,0.414092,0.294267,0.119825,-0.411633,-0.291808,397.2816,-0.29109738795817625,0.046557070194565675,1698.0,0
5306.964,-1.303785,-0.1170155,21.465203000000002,1.1349165,0.0025095,0.4140235,0.294298,0.1197255,-0.41151400000000005,-0.2917885,397.4866905,-0.2909397759001538,0.047073303278715395,1699.0,0
5307.964,-1.29909,-0.121946,21.463528,1.131861,0.00256,0.413955,0.294329,0.119626,-0.411395,-0.291769,397.691781,-0.2907820726602722,0.04758983501445935,1700.0,0
5308.964,-1.2905975,-0.126106,21.464247999999998,1.13204,0.00253,0.41394600000000004,0.29449800000000004,0.119448,-0.411416,-0.291968,397.5460015,-0.29033457700861653,0.049055535439263664,1701.0,0
5309.964,-1.282105,-0.130266,21.464968,1.132219,0.0025,0.413937,0.294667,0.11927,-0.411437,-0.292167,397.400222,-0.28988712703798397,0.05052108624318419,1702.0,0
5310.964,-1.2820046666666667,-0.13340066666666667,21.464131,1.1325296666666667,0.0024806666666666666,0.4141066666666667,0.294609,0.11949766666666667,-0.411626,-0.2921283333333333,397.4620826666667,-0.2903071161048689,0.049145479236794354,1703.0,0
5311.964,-1.2819043333333333,-0.13653533333333331,21.463294,1.1328403333333334,0.0024613333333333336,0.4142763333333333,0.294551,0.11972533333333334,-0.411815,-0.2920896666666667,397.5239433333333,-0.2907267196679406,0.047771134886479105,1704.0,0
5312.964,-1.281804,-0.13967,21.462457,1.133151,0.002442,0.414446,0.294493,0.119953,-0.412004,-0.292051,397.585804,-0.29114593825773105,0.04639805145456544,1705.0,0
5313.964,-1.2860793333333334,-0.133747,21.463512666666666,1.1334533333333334,0.002441,0.414265,0.29449633333333336,0.11976866666666668,-0.41182399999999997,-0.29205533333333333,397.438205,-0.29082558931061797,0.047447303187251766,1706.0,0
5314.964,-1.2903546666666665,-0.127824,21.464568333333332,1.1337556666666666,0.0024400000000000003,0.414084,0.29449966666666666,0.11958433333333333,-0.411644,-0.29205966666666666,397.290606,-0.29050496020418987,0.048497472536959685,1707.0,0
5315.964,-1.29463,-0.121901,21.465624,1.134058,0.002439,0.413903,0.294503,0.1194,-0.411464,-0.292064,397.143007,-0.2901840505707682,0.04954856070796154,1708.0,0
5316.964,-1.2896823333333334,-0.126003,21.464274999999997,1.1326100000000001,0.0024270000000000003,0.41337833333333335,0.294119,0.11925933333333334,-0.41095133333333334,-0.291692,397.16764233333333,-0.2902037634718226,0.04948399425386818,1709.0,0
5317.964,-1.2847346666666666,-0.130105,21.462926,1.131162,0.002415,0.4128536666666666,0.29373499999999997,0.11911866666666666,-0.4104386666666666,-0.29131999999999997,397.19227766666666,-0.2902235256185876,0.049419266503327286,1710.0,0
5318.964,-1.279787,-0.134207,21.461577,1.129714,0.002403,0.41232899999999995,0.293351,0.118978,-0.40992599999999996,-0.290948,397.216913,-0.29024333719582845,0.04935437685116972,1711.0,0
5319.964,-1.2868184999999999,-0.1316485,21.464708,1.13335,0.0024140000000000003,0.4132745,0.2940175,0.119257,-0.41086049999999996,-0.2916035,397.1776215,-0.2902622429321946,0.049292454135897334,1712.0,0
5320.964,-1.29385,-0.12909,21.467839,1.136986,0.002425,0.41422000000000003,0.294684,0.119536,-0.411795,-0.292259,397.13833,-0.2902810628615279,0.04923081246783523,1713.0,0
5321.964,-1.2872219999999999,-0.12704633333333334,21.465547333333333,1.1355103333333334,0.002413666666666667,0.41403500000000004,0.2945583333333333,0.11947666666666668,-0.41162133333333334,-0.29214466666666666,397.3898623333333,-0.2902593895183345,0.04930180003655893,1714.0,0
5322.964,-1.280594,-0.12500266666666668,21.46325566666667,1.1340346666666667,0.002402333333333333,0.41385,0.2944326666666667,0.11941733333333333,-0.4114476666666667,-0.29203033333333334,397.64139466666666,-0.2902376978790284,0.049372847531273134,1715.0,0
5323.964,-1.273966,-0.122959,21.460964,1.132559,0.002391,0.413665,0.294307,0.119358,-0.41127400000000003,-0.291916,397.892927,-0.2902159879204324,0.04944395502789112,1716.0,0
5324.964,-1.2758046666666667,-0.123806,21.462251666666667,1.1343806666666667,0.0023616666666666664,0.413314,0.2940473333333333,0.11926666666666667,-0.41095233333333336,-0.2916856666666667,397.689062,-0.290220902069507,0.049427859518673234,1717.0,0
5325.964,-1.2776433333333332,-0.124653,21.463539333333333,1.1362023333333333,0.0023323333333333334,0.41296299999999997,0.29378766666666667,0.11917533333333333,-0.41063066666666664,-0.29145533333333334,397.485197,-0.2902258239175769,0.049411738792627835,1718.0,0
5326.964,-1.279482,-0.1255,21.464827,1.138024,0.002303,0.412612,0.293528,0.119084,-0.410309,-0.291225,397.281332,-0.29023075348274946,0.04939559279044703,1719.0,0
5327.964,-1.2810964999999999,-0.12096699999999999,21.462407499999998,1.1383169999999998,0.0023610000000000003,0.4134945,0.29405950000000003,0.119435,-0.4111335,-0.29169849999999997,397.16361900000004,-0.2905024535885632,0.048505682555482266,1720.0,0
5328.964,-1.282711,-0.116434,21.459988,1.13861,0.002419,0.414377,0.294591,0.119786,-0.411958,-0.292172,397.045906,-0.29077306612097864,0.04761933449321343,1721.0,0
5329.964,-1.2836736666666666,-0.116189,21.461160333333332,1.137945,0.0024343333333333335,0.41441833333333333,0.2947303333333333,0.119688,-0.411984,-0.292296,397.1779206666667,-0.2905168417143426,0.0484585565510417,1722.0,0
5330.964,-1.2846363333333333,-0.11594399999999999,21.46233266666667,1.1372799999999998,0.002449666666666667,0.41445966666666667,0.2948696666666667,0.11959,-0.41201,-0.29242,397.3099353333333,-0.2902606496460028,0.049297672689953664,1723.0,0
5331.964,-1.285599,-0.115699,21.463505,1.136615,0.002465,0.414501,0.295009,0.119492,-0.412036,-0.292544,397.44195,-0.2900044899098377,0.0501366829299994,1724.0,0
5332.964,-1.2833405,-0.11574799999999999,21.463393,1.1382995,0.002442,0.4141375,0.2946285,0.119509,-0.4116955,-0.2921865,397.6551995,-0.29028563655817596,0.049215832056081044,1725.0,0
5333.964,-1.281082,-0.115797,21.463281,1.139984,0.002419,0.413774,0.294248,0.119526,-0.41135499999999997,-0.291829,397.868449,-0.29056724864715056,0.0482934567058112,1726.0,0
5334.964,-1.2753423333333334,-0.11424766666666666,21.462688,1.139068,0.0024183333333333335,0.4135836666666666,0.294166,0.11941766666666666,-0.4111653333333333,-0.2917476666666667,397.88543366666664,-0.2904378054841008,0.048717427080423925,1727.0,0
5335.964,-1.2696026666666667,-0.11269833333333333,21.462094999999998,1.138152,0.0024176666666666665,0.41339333333333333,0.294084,0.11930933333333334,-0.41097566666666663,-0.2916663333333333,397.90241833333334,-0.2903082428438411,0.04914178878352615,1728.0,0
5336.964,-1.263863,-0.111149,21.461502,1.137236,0.002417,0.413203,0.294002,0.119201,-0.410786,-0.291585,397.919403,-0.2901785605608773,0.0495665423571674,1729.0,0
5337.964,-1.272875,-0.11324533333333334,21.461404666666667,1.1389683333333334,0.0024676666666666666,0.41338433333333335,0.29401466666666665,0.11936966666666667,-0.41091666666666665,-0.291547,397.52268399999997,-0.29049675237498046,0.04852435596859628,1730.0,0
5338.964,-1.281887,-0.11534166666666666,21.461307333333334,1.1407006666666666,0.0025183333333333334,0.41356566666666666,0.29402733333333336,0.11953833333333333,-0.4110473333333334,-0.291509,397.125965,-0.2908147418904113,0.04748283217696636,1731.0,0
5339.964,-1.290899,-0.117438,21.46121,1.142433,0.002569,0.41374700000000003,0.29404,0.119707,-0.41117800000000004,-0.29147100000000004,396.729246,-0.29113252930003375,0.04644197035058251,1732.0,0
5340.964,-1.2864063333333333,-0.119204,21.460890333333335,1.1434343333333334,0.0025403333333333332,0.41408100000000003,0.2942653333333333,0.11981566666666667,-0.41154066666666667,-0.291725,397.19165933333335,-0.2911400197145841,0.0464174366959027,1733.0,0
5341.964,-1.2819136666666666,-0.12097,21.460570666666666,1.1444356666666666,0.002511666666666667,0.414415,0.2944906666666667,0.11992433333333333,-0.41190333333333334,-0.291979,397.65407266666665,-0.2911474969389992,0.046392946243400957,1734.0,0
5342.964,-1.277421,-0.122736,21.460251,1.145437,0.002483,0.414749,0.294716,0.120033,-0.41226599999999997,-0.29223299999999997,398.116486,-0.29115496100808946,0.04636849887906158,1735.0,0
5343.964,-1.2797706666666666,-0.11365233333333333,21.459865666666666,1.1449056666666666,0.0024766666666666665,0.4142363333333333,0.29441833333333334,0.119818,-0.41175966666666663,-0.29194166666666665,398.029837,-0.2909908392942144,0.04690605329966058,1736.0,0
5344.964,-1.2821203333333333,-0.10456866666666667,21.459480333333335,1.1443743333333334,0.0024703333333333335,0.41372366666666666,0.29412066666666664,0.119603,-0.4112533333333333,-0.2916503333333333,397.943188,-0.29082631344746174,0.04744493139285422,1737.0,0
5345.964,-1.28447,-0.095485,21.459095,1.143843,0.002464,0.413211,0.293823,0.119388,-0.410747,-0.291359,397.856539,-0.2906613819732876,0.04798513805378213,1738.0,0
5346.964,-1.277178,-0.09968533333333333,21.459795,1.1440326666666667,0.002487,0.41309199999999996,0.29377766666666666,0.11931433333333333,-0.41060499999999994,-0.29129066666666664,397.82196366666665,-0.29058249148409004,0.0482435312316869,1739.0,0
5347.964,-1.269886,-0.10388566666666667,21.460495,1.1442223333333332,0.00251,0.412973,0.2937323333333333,0.11924066666666666,-0.41046299999999997,-0.2912223333333333,397.78738833333335,-0.2905035464103051,0.04850210319267623,1740.0,0
5348.964,-1.262594,-0.108086,21.461195,1.144412,0.002533,0.41285399999999994,0.293687,0.119167,-0.41032099999999994,-0.29115399999999997,397.752813,-0.2904245466952622,0.04876085412236564,1741.0,0
5349.964,-1.2610336666666666,-0.10963200000000001,21.459474333333333,1.1432013333333333,0.00251,0.4128626666666666,0.293709,0.11915366666666666,-0.4103526666666666,-0.291199,397.807295,-0.2903696422986787,0.04894068469077084,1742.0,0
5350.964,-1.2594733333333334,-0.111178,21.45775366666667,1.1419906666666666,0.002487,0.4128713333333333,0.29373099999999996,0.11914033333333333,-0.4103843333333333,-0.29124399999999995,397.861777,-0.29031474637534016,0.0491204875064174,1743.0,0
5351.964,-1.257913,-0.112724,21.456033,1.14078,0.002464,0.41287999999999997,0.293753,0.119127,-0.41041599999999995,-0.29128899999999996,397.916259,-0.29025985892328493,0.04930026257573061,1744.0,0
5352.964,-1.2570816666666667,-0.11408033333333334,21.455187000000002,1.1426763333333332,0.0024356666666666667,0.4127303333333333,0.293697,0.11903333333333332,-0.41029466666666664,-0.2912613333333333,397.83244033333335,-0.29011740371327527,0.04976685182873064,1745.0,0
5353.964,-1.2562503333333335,-0.11543666666666666,21.454341,1.1445726666666667,0.0024073333333333334,0.41258066666666665,0.293641,0.11893966666666667,-0.4101733333333333,-0.2912336666666666,397.7486216666667,-0.2899748642237368,0.05023371712584579,1746.0,0
5354.964,-1.255419,-0.116793,21.453495,1.146469,0.002379,0.412431,0.293585,0.118846,-0.41005199999999997,-0.29120599999999996,397.664803,-0.2898322403798552,0.05070085871211827,1747.0,0
5355.964,-1.256571,-0.112199,21.454122333333334,1.1456083333333333,0.00238,0.41254799999999997,0.2936663333333333,0.11888166666666666,-0.410168,-0.2912863333333333,397.71509433333335,-0.2898372289010736,0.05068451960884013,1748.0,0
5356.964,-1.257723,-0.107605,21.454749666666665,1.1447476666666667,0.002381,0.412665,0.2937476666666667,0.11891733333333333,-0.410284,-0.29136666666666666,397.76538566666665,-0.2898422146014661,0.05066818974472598,1749.0,0
5357.964,-1.258875,-0.103011,21.455377,1.143887,0.002382,0.412782,0.293829,0.118953,-0.4104,-0.291447,397.815677,-0.2898471974834246,0.05065186911194153,1750.0,0
5358.964,-1.2629003333333333,-0.10743,21.45451633333333,1.1441203333333334,0.002396,0.412869,0.293858,0.119011,-0.410473,-0.291462,397.8575863333333,-0.28993695063244257,0.050357897029405074,1751.0,0
5359.964,-1.2669256666666666,-0.111849,21.453655666666666,1.1443536666666667,0.00241,0.412956,0.293887,0.119069,-0.410546,-0.29147700000000004,397.89949566666667,-0.29002667186301134,0.05006402949064337,1752.0,0
5360.964,-1.270951,-0.116268,21.452795,1.144587,0.002424,0.413043,0.293916,0.119127,-0.410619,-0.29149200000000003,397.941405,-0.29011636119215417,0.04977026643989935,1753.0,0
5361.964,-1.2648656666666667,-0.112369,21.45231533333333,1.1451463333333334,0.0024376666666666665,0.41334933333333335,0.29406333333333334,0.119286,-0.4109116666666667,-0.29162566666666667,398.01650866666665,-0.2902966743785348,0.04917967944112489,1754.0,0
5362.964,-1.2587803333333332,-0.10847,21.451835666666668,1.1457056666666667,0.0024513333333333336,0.41365566666666664,0.2942106666666667,0.119445,-0.41120433333333334,-0.29175933333333337,398.09161233333333,-0.29047673089550174,0.048589933121957696,1755.0,0
5363.964,-1.252695,-0.104571,21.451356,1.146265,0.002465,0.413962,0.294358,0.119604,-0.411497,-0.291893,398.166716,-0.29065653129070507,0.048001025688657495,1756.0,0
5364.964,-1.2549869999999999,-0.106082,21.453791000000002,1.1472805,0.002426,0.41365549999999995,0.2942275,0.119428,-0.4112295,-0.29180150000000005,398.3263185,-0.2904176145379028,0.04878355929491607,1757.0,0
5365.964,-1.257279,-0.107593,21.456226,1.148296,0.002387,0.41334899999999997,0.294097,0.119252,-0.410962,-0.29171,398.485921,-0.2901783867568941,0.04956711162431238,1758.0,0
5366.964,-1.2569285,-0.10547699999999999,21.4542155,1.1475355,0.0024454999999999998,0.41251899999999997,0.293765,0.118754,-0.4100735,-0.2913195,398.0254635,-0.2895926939748458,0.051485454643461104,1759.0,0
5367.964,-1.256578,-0.103361,21.452205,1.146775,0.002504,0.41168899999999997,0.293433,0.118256,-0.40918499999999997,-0.290929,397.565006,-0.28900445765230304,0.05341212862263045,1760.0,0
5368.964,-1.2576285,-0.097454,21.455519,1.1494005,0.0024305000000000004,0.412351,0.29370450000000003,0.1186465,-0.4099205,-0.29127400000000003,397.6298345,-0.2894385361028201,0.05199037409391627,1761.0,0
5369.964,-1.258679,-0.091547,21.458833,1.152026,0.002357,0.413013,0.293976,0.119037,-0.410656,-0.291619,397.694663,-0.2898710596486101,0.05057371240691044,1762.0,0
5370.964,-1.258987,-0.09295333333333333,21.457276999999998,1.1519753333333334,0.002367,0.41342633333333334,0.29410000000000003,0.11932633333333334,-0.41105933333333333,-0.291733,397.761356,-0.29029051026821,0.04919986899847173,1763.0,0
5371.964,-1.259295,-0.09435966666666668,21.455721,1.1519246666666667,0.0023769999999999998,0.41383966666666666,0.294224,0.11961566666666666,-0.4114626666666667,-0.291847,397.828049,-0.29070913855887753,0.04782871899690999,1764.0,0
5372.964,-1.259603,-0.095766,21.454165,1.151874,0.002387,0.414253,0.294348,0.119905,-0.411866,-0.291961,397.894742,-0.2911269469364961,0.04646025448938529,1765.0,0
5373.964,-1.2573006666666666,-0.10271466666666666,21.453572,1.1516513333333334,0.0024073333333333334,0.41418933333333335,0.29440733333333335,0.119782,-0.41178200000000004,-0.29200000000000004,398.0581623333333,-0.2908876320179901,0.04724409222371517,1766.0,0
5374.964,-1.2549983333333334,-0.10966333333333333,21.452979,1.1514286666666667,0.0024276666666666665,0.41412566666666667,0.29446666666666665,0.119659,-0.411698,-0.292039,398.2215826666667,-0.29064821944293984,0.04802824981643472,1767.0,0
5375.964,-1.252696,-0.116612,21.452386,1.151206,0.002448,0.41406200000000004,0.294526,0.119536,-0.41161400000000004,-0.292078,398.385003,-0.2904087091515574,0.04881272746336918,1768.0,0
5376.964,-1.2591163333333333,-0.10888433333333333,21.453558,1.1529963333333333,0.0024693333333333334,0.4140626666666667,0.2944486666666667,0.119614,-0.41159333333333337,-0.2919793333333333,398.37334266666664,-0.29061279891024855,0.04814426410533412,1769.0,0
5377.964,-1.2655366666666668,-0.10115666666666666,21.454729999999998,1.1547866666666666,0.0024906666666666666,0.41406333333333334,0.2943713333333333,0.119692,-0.41157266666666664,-0.2918806666666667,398.36168233333336,-0.290816909165273,0.04747573361483792,1770.0,0
5378.964,-1.271957,-0.093429,21.455902,1.156577,0.002512,0.414064,0.294294,0.11977,-0.411552,-0.291782,398.350022,-0.2910210399197183,0.04680713598176789,1771.0,0
5379.964,-1.265511,-0.102938,21.454939333333332,1.1561833333333333,0.002480333333333333,0.4141613333333333,0.29434133333333334,0.11982,-0.41168099999999996,-0.291861,398.385645,-0.291051301982122,0.04670801743713748,1772.0,0
5380.964,-1.2590649999999999,-0.11244699999999999,21.453976666666666,1.1557896666666667,0.0024486666666666667,0.4142586666666666,0.29438866666666663,0.11987,-0.41180999999999995,-0.29194,398.421268,-0.2910815450852215,0.04660896099067513,1773.0,0
5381.964,-1.252619,-0.121956,21.453014,1.155396,0.002417,0.41435599999999995,0.294436,0.11992,-0.41193899999999994,-0.292019,398.456891,-0.29111176924682836,0.04650996658404205,1774.0,0
5382.964,-1.2590796666666666,-0.11329266666666667,21.453043333333333,1.156373,0.0024536666666666665,0.41393766666666665,0.2943226666666667,0.119615,-0.41148399999999996,-0.291869,398.4422226666667,-0.290692446589531,0.04788339087242777,1775.0,0
5383.964,-1.2655403333333333,-0.10462933333333332,21.453072666666667,1.15735,0.0024903333333333335,0.41351933333333335,0.2942093333333333,0.11931,-0.41102900000000003,-0.291719,398.4275543333333,-0.2902721955681852,0.04925985586875137,1776.0,0
5384.964,-1.272001,-0.095966,21.453102,1.158327,0.002527,0.41310100000000005,0.294096,0.119005,-0.41057400000000005,-0.291569,398.412886,-0.2898510130963312,0.05063937168221799,1777.0,0
5385.964,-1.262711,-0.097162,21.45482266666667,1.159567,0.002537,0.413204,0.2940756666666667,0.11912833333333334,-0.41066700000000006,-0.29153866666666667,398.25153466666666,-0.2900856981910685,0.04987069819504775,1778.0,0
5386.964,-1.2534210000000001,-0.098358,21.456543333333332,1.1608070000000001,0.002547,0.41330700000000004,0.29405533333333334,0.11925166666666666,-0.41076,-0.29150833333333337,398.09018333333336,-0.29032027701563856,0.04910237277881091,1779.0,0
5387.964,-1.244131,-0.099554,21.458264,1.162047,0.002557,0.41341,0.294035,0.119375,-0.410853,-0.291478,397.928832,-0.2905547496422069,0.04833439519714122,1780.0,0
5388.964,-1.2430430000000001,-0.09777766666666667,21.456616,1.1615683333333333,0.002548,0.413561,0.2941876666666667,0.11937333333333333,-0.411013,-0.2916396666666667,398.023652,-0.2904375865749256,0.048718144082410375,1781.0,0
5389.964,-1.241955,-0.09600133333333334,21.454968,1.1610896666666668,0.002539,0.41371199999999997,0.2943403333333333,0.11937166666666667,-0.411173,-0.29180133333333336,398.118472,-0.2903205146913376,0.04910159431007788,1782.0,0
5390.964,-1.240867,-0.094225,21.45332,1.160611,0.00253,0.413863,0.294493,0.11937,-0.411333,-0.29196300000000003,398.213292,-0.29020353388503684,0.04948474622865984,1783.0,0
5391.964,-1.2451746666666665,-0.09010333333333334,21.452746,1.1611236666666667,0.0024706666666666666,0.41354766666666665,0.29427766666666666,0.11927,-0.411077,-0.29180700000000004,398.2532356666667,-0.2901409958255894,0.0496895796386817,1784.0,0
5392.964,-1.2494823333333334,-0.08598166666666666,21.452172,1.1616363333333335,0.0024113333333333335,0.41323233333333337,0.29406233333333337,0.11917,-0.410821,-0.291651,398.29317933333334,-0.2900783798257144,0.04989466833010647,1785.0,0
5393.964,-1.25379,-0.08186,21.451598,1.162149,0.002352,0.41291700000000003,0.293847,0.11907,-0.410565,-0.291495,398.333123,-0.2900156857396167,0.05010001278046272,1786.0,0
5394.964,-1.2535565,-0.0856885,21.4511825,1.1642845,0.0024045,0.41342500000000004,0.294187,0.119238,-0.4110205,-0.2917825,398.393649,-0.2901030243090657,0.049813949267064284,1787.0,0
5395.964,-1.253323,-0.089517,21.450767,1.16642,0.002457,0.413933,0.294527,0.119406,-0.411476,-0.29207,398.454175,-0.290190169512121,0.04952851909435696,1788.0,0
5396.964,-1.250268,-0.09149399999999999,21.452841999999997,1.166234,0.002487,0.41366749999999997,0.29432749999999996,0.11934,-0.4111805,-0.2918405,398.402981,-0.29023820496887615,0.049371186639591946,1789.0,0
5397.964,-1.247213,-0.093471,21.454917,1.166048,0.002517,0.413402,0.294128,0.119274,-0.410885,-0.291611,398.351787,-0.29028630951801476,0.04921362788377692,1790.0,0
5398.964,-1.2468776666666666,-0.09583566666666667,21.454746333333333,1.1672533333333333,0.0025123333333333334,0.41340933333333335,0.2941763333333333,0.119233,-0.410897,-0.29166400000000003,398.20199433333335,-0.2901780499201745,0.049568214879106454,1791.0,0
5399.964,-1.2465423333333334,-0.09820033333333333,21.454575666666667,1.1684586666666668,0.0025076666666666667,0.41341666666666665,0.2942246666666667,0.119192,-0.410909,-0.291717,398.05220166666663,-0.2900697966454777,0.04992278116399107,1792.0,0
5400.964,-1.246207,-0.100565,21.454405,1.169664,0.002503,0.413424,0.294273,0.119151,-0.41092100000000004,-0.29177000000000003,397.902409,-0.28996154969337096,0.05027732674024332,1793.0,0
5401.964,-1.2367905000000001,-0.097999,21.4508175,1.1674745,0.0025505,0.4133065,0.2941265,0.11918000000000001,-0.410756,-0.29157600000000006,398.0154175,-0.29014862874462877,0.04966457923334333,1794.0,0
5402.964,-1.227374,-0.095433,21.44723,1.165285,0.002598,0.41318900000000003,0.29398,0.119209,-0.41059100000000004,-0.29138200000000003,398.128426,-0.2903358581553374,0.049051339248114,1795.0,0
5403.964,-1.2323616666666666,-0.09466266666666667,21.448805,1.1667553333333334,0.0025613333333333334,0.4130486666666667,0.2938826666666667,0.119166,-0.41048733333333337,-0.2913213333333334,398.07562,-0.290304427512406,0.04915428529133481,1796.0,0
5404.964,-1.2373493333333334,-0.09389233333333333,21.450380000000003,1.1682256666666666,0.002524666666666667,0.4129083333333334,0.29378533333333334,0.119123,-0.4103836666666667,-0.29126066666666667,398.022814,-0.29027298099010035,0.049257283344905756,1797.0,0
5405.964,-1.242337,-0.093122,21.451955,1.169696,0.002488,0.412768,0.293688,0.11908,-0.41028000000000003,-0.2912,397.970008,-0.2902415185763834,0.0493603334482523,1798.0,0
5406.964,-1.2428949999999999,-0.084262,21.4507675,1.171494,0.002501,0.413284,0.29398199999999997,0.119302,-0.410783,-0.291481,397.9289895,-0.2904265522832062,0.048754285139872455,1799.0,0
5407.964,-1.243453,-0.075402,21.44958,1.173292,0.002514,0.4138,0.294276,0.119524,-0.411286,-0.29176199999999997,397.887971,-0.29061113339898126,0.04814971922107203,1800.0,0
5408.964,-1.2416613333333333,-0.07863433333333333,21.448750333333333,1.173634,0.002576,0.41354466666666667,0.29415966666666665,0.119385,-0.41096866666666665,-0.29158366666666663,398.084567,-0.29049730595188755,0.04852254281598822,1801.0,0
5409.964,-1.2398696666666666,-0.08186666666666666,21.44792066666667,1.173976,0.002638,0.41328933333333334,0.2940433333333333,0.119246,-0.41065133333333337,-0.29140533333333335,398.281163,-0.29038330258265144,0.04889594261574115,1802.0,0
5410.964,-1.238078,-0.085099,21.447091,1.174318,0.0027,0.413034,0.293927,0.119107,-0.41033400000000003,-0.291227,398.477759,-0.29026912288312173,0.049269919957164565,1803.0,0
5411.964,-1.2424485,-0.07646049999999999,21.449069,1.175497,0.0026625,0.412746,0.293652,0.119094,-0.41008350000000005,-0.2909895,397.9117185,-0.2904147336206738,0.048792995278463036,1804.0,0
5412.964,-1.246819,-0.067822,21.451047,1.176676,0.002625,0.412458,0.293377,0.119081,-0.409833,-0.290752,397.345678,-0.29056052236038177,0.04831548758217363,1805.0,0
5413.964,-1.2317155,-0.0795205,21.449165,1.1778395000000002,0.0025580000000000004,0.4130475,0.29371749999999996,0.11933,-0.41048949999999995,-0.2911595,397.3669395,-0.2907024191907935,0.04785072721222727,1806.0,0
5414.964,-1.216612,-0.091219,21.447283,1.179003,0.002491,0.413637,0.294058,0.119579,-0.41114599999999996,-0.29156699999999997,397.388201,-0.29084386287076336,0.0473874510640665,1807.0,0
5415.964,-1.2286169999999998,-0.08217050000000001,21.446054,1.1795200000000001,0.0025115,0.413064,0.2938455,0.1192185,-0.4105525,-0.291334,397.71056899999996,-0.2903862243835426,0.04888637272429852,1808.0,0
5416.964,-1.240622,-0.073122,21.444825,1.180037,0.002532,0.412491,0.293633,0.118858,-0.409959,-0.291101,398.032937,-0.2899272608413545,0.05038963439011801,1809.0,0
5417.964,-1.2444023333333332,-0.07926366666666668,21.446096333333333,1.1802246666666667,0.002486,0.412572,0.293662,0.11891,-0.410086,-0.291176,397.9264656666667,-0.28996427569894045,0.050268398145057125,1810.0,0
5418.964,-1.2481826666666667,-0.08540533333333333,21.44736766666667,1.1804123333333334,0.00244,0.412653,0.293691,0.118962,-0.410213,-0.291251,397.81999433333334,-0.2900012676372217,0.05014723696851253,1811.0,0
5419.964,-1.251963,-0.091547,21.448639,1.1806,0.002394,0.412734,0.29372,0.119014,-0.41034,-0.291326,397.713523,-0.29003823667747886,0.05002615079078321,1812.0,0
5420.964,-1.2410103333333333,-0.08876133333333333,21.447472333333334,1.181694,0.0024296666666666668,0.412709,0.29367166666666666,0.11903733333333333,-0.41027933333333333,-0.291242,397.63965766666666,-0.29013799575085203,0.04969940590358668,1813.0,0
5421.964,-1.2300576666666667,-0.08597566666666667,21.446305666666667,1.1827880000000002,0.0024653333333333333,0.412684,0.2936233333333333,0.11906066666666666,-0.4102186666666667,-0.291158,397.5657923333333,-0.2902377843307578,0.04937256437246251,1814.0,0
5422.964,-1.219105,-0.08319,21.445139,1.183882,0.002501,0.412659,0.293575,0.119084,-0.410158,-0.291074,397.491927,-0.2903376024302889,0.04904562615452768,1815.0,0
5423.964,-1.2259886666666668,-0.0795,21.446699333333335,1.1835173333333333,0.0024846666666666667,0.41292966666666664,0.293716,0.11921366666666666,-0.410445,-0.29123133333333334,397.66166,-0.2904505040070428,0.04867583509980555,1816.0,0
5424.964,-1.2328723333333333,-0.07581,21.448259666666665,1.1831526666666667,0.0024683333333333337,0.41320033333333334,0.293857,0.11934333333333333,-0.410732,-0.29138866666666663,397.831393,-0.29056324780290105,0.048306560831168355,1817.0,0
5425.964,-1.239756,-0.07212,21.44982,1.182788,0.002452,0.413471,0.293998,0.119473,-0.41101899999999997,-0.29154599999999997,398.001126,-0.2906758341483828,0.047937802266053375,1818.0,0
5426.964,-1.232814,-0.07528800000000001,21.44818933333333,1.1834593333333332,0.0024513333333333336,0.41298666666666667,0.293761,0.11922566666666666,-0.4105353333333333,-0.29130966666666663,397.85190966666664,-0.29041582393027626,0.04878942414376819,1819.0,0
5427.964,-1.225872,-0.078456,21.446558666666668,1.1841306666666667,0.0024506666666666665,0.4125023333333333,0.293524,0.11897833333333334,-0.41005166666666665,-0.29107333333333335,397.70269333333334,-0.2901552003329669,0.04964305504694477,1820.0,0
5428.964,-1.21893,-0.081624,21.444928,1.184802,0.00245,0.412018,0.293287,0.118731,-0.409568,-0.290837,397.553477,-0.28989396118339605,0.05049870209308893,1821.0,0
5429.964,-1.220053,-0.077377,21.445261000000002,1.186202,0.0024403333333333334,0.41232033333333334,0.2933816666666667,0.11893866666666666,-0.40988,-0.29094133333333333,397.83627966666666,-0.29017994741537534,0.04956199993710275,1822.0,0
5430.964,-1.221176,-0.07313,21.445594,1.1876019999999998,0.0024306666666666665,0.4126226666666667,0.29347633333333334,0.11914633333333334,-0.410192,-0.2910456666666667,398.1190823333333,-0.2904654985929319,0.04862672273228619,1823.0,0
5431.964,-1.222299,-0.068883,21.445927,1.189002,0.002421,0.41292500000000004,0.293571,0.119354,-0.41050400000000004,-0.29115,398.401885,-0.290750615708046,0.04769286722956656,1824.0,0
5432.964,-1.2279283333333333,-0.07064766666666666,21.445052,1.1886226666666666,0.002457,0.41307733333333335,0.29369666666666666,0.11938066666666666,-0.41062033333333336,-0.2912396666666667,398.02731966666664,-0.2907331851560813,0.047749958214305055,1825.0,0
5433.964,-1.2335576666666668,-0.07241233333333334,21.444177,1.1882433333333333,0.002493,0.41322966666666666,0.29382233333333335,0.11940733333333334,-0.41073666666666664,-0.29132933333333333,397.65275433333335,-0.29071576447788394,0.04780701685909816,1826.0,0
5434.964,-1.239187,-0.074177,21.443302,1.187864,0.002529,0.41338199999999997,0.293948,0.119434,-0.41085299999999997,-0.291419,397.278189,-0.2906983536650667,0.047864043191416794,1827.0,0
5435.964,-1.230991,-0.07950033333333334,21.444060333333333,1.1884473333333334,0.002511666666666667,0.41320466666666666,0.293833,0.11937166666666667,-0.410693,-0.2913213333333333,397.41858533333334,-0.2906598294261068,0.0479902231737247,1828.0,0
5436.964,-1.222795,-0.08482366666666667,21.444818666666666,1.1890306666666666,0.002494333333333333,0.4130273333333333,0.293718,0.11930933333333334,-0.410533,-0.29122366666666666,397.5589816666667,-0.2906212751584123,0.04811650151034941,1829.0,0
5437.964,-1.214599,-0.090147,21.445577,1.189614,0.002477,0.41285,0.293603,0.119247,-0.410373,-0.291126,397.699378,-0.2905826908268595,0.04824287831633278,1830.0,0
5438.964,-1.2200386666666667,-0.08505700000000001,21.444527,1.1891326666666666,0.0024716666666666667,0.413135,0.2938503333333333,0.11928466666666666,-0.4106633333333333,-0.2913786666666667,397.78529233333336,-0.2904689741044345,0.048615339250308365,1831.0,0
5439.964,-1.2254783333333332,-0.079967,21.443476999999998,1.1886513333333333,0.0024663333333333334,0.41342,0.2940976666666667,0.11932233333333334,-0.41095366666666666,-0.29163133333333335,397.87120666666664,-0.2903554180611229,0.04898727390555058,1832.0,0
5440.964,-1.230918,-0.074877,21.442427,1.18817,0.002461,0.413705,0.294345,0.11936,-0.411244,-0.29188400000000003,397.957121,-0.29024202235661145,0.04935868339670102,1833.0,0
5441.964,-1.223145,-0.070808,21.441902,1.187674,0.0024993333333333334,0.413681,0.29428133333333334,0.11939966666666667,-0.41118166666666667,-0.29178200000000004,398.1724306666666,-0.2903824920432381,0.04889859740793412,1834.0,0
5442.964,-1.2153720000000001,-0.066739,21.441377,1.187178,0.002537666666666667,0.413657,0.2942176666666667,0.11943933333333333,-0.41111933333333334,-0.29168,398.38774033333334,-0.2905230043255996,0.048438371903651745,1835.0,0
5443.964,-1.207599,-0.06267,21.440852,1.186682,0.002576,0.41363300000000003,0.294154,0.119479,-0.411057,-0.291578,398.60305,-0.2906635592230742,0.04797800682038289,1836.0,0
5444.964,-1.208513,-0.06572333333333334,21.443702333333334,1.1883263333333334,0.002589,0.413178,0.293869,0.119309,-0.410589,-0.29128,398.42774733333334,-0.290580825547751,0.04824898773967934,1837.0,0
5445.964,-1.209427,-0.06877666666666667,21.446552666666665,1.1899706666666667,0.002602,0.412723,0.293584,0.11913900000000001,-0.410121,-0.290982,398.25244466666663,-0.290497903052765,0.04852058710757745,1838.0,0
5446.964,-1.210341,-0.07183,21.449403,1.191615,0.002615,0.41226799999999997,0.293299,0.118969,-0.409653,-0.290684,398.077142,-0.29041479109097473,0.04879280704368549,1839.0,0
5447.964,-1.2085255,-0.0678395,21.447046,1.189596,0.0025545000000000003,0.41248399999999996,0.2933835,0.1191005,-0.4099295,-0.290829,397.6218735,-0.29053969167793886,0.04838371515040263,1840.0,0
5448.964,-1.20671,-0.063849,21.444689,1.187577,0.002494,0.4127,0.293468,0.119232,-0.410206,-0.290974,397.166605,-0.29066442388561814,0.04797517475653312,1841.0,0
5449.964,-1.211358,-0.05911566666666667,21.443978666666666,1.188005,0.002472666666666667,0.41275533333333336,0.29360566666666665,0.11914966666666667,-0.4102826666666667,-0.29113300000000003,397.140202,-0.29040943416920906,0.048810352784026345,1842.0,0
5450.964,-1.216006,-0.05438233333333333,21.443268333333332,1.188433,0.002451333333333333,0.41281066666666666,0.29374333333333336,0.11906733333333333,-0.41035933333333335,-0.291292,397.11379900000003,-0.2901545397315354,0.04964521874126271,1843.0,0
5451.964,-1.220654,-0.049649,21.442558,1.188861,0.00243,0.412866,0.293881,0.118985,-0.410436,-0.291451,397.087396,-0.2898997405192052,0.05047977280311877,1844.0,0
5452.964,-1.202646,-0.0617775,21.4433455,1.1893075,0.0024665,0.4124295,0.293608,0.1188215,-0.409963,-0.29114150000000005,397.70786499999997,-0.289835399378479,0.050690511917445,1845.0,0
5453.964,-1.184638,-0.073906,21.444133,1.189754,0.002503,0.411993,0.293335,0.118658,-0.40949,-0.29083200000000003,398.328334,-0.2897709095970831,0.05090173788050811,1846.0,0
5454.964,-1.1912813333333334,-0.07116733333333333,21.444175333333334,1.1907593333333333,0.002462,0.41245,0.29361,0.11884,-0.409988,-0.291148,398.38159233333334,-0.2898628493098562,0.05060060405815858,1847.0,0
5455.964,-1.1979246666666667,-0.06842866666666667,21.444217666666667,1.1917646666666668,0.002421,0.41290699999999997,0.293885,0.119022,-0.41048599999999996,-0.291464,398.43485066666665,-0.28995456594029007,0.050300200906326364,1848.0,0
5456.964,-1.204568,-0.06569,21.44426,1.19277,0.00238,0.41336399999999995,0.29416,0.119204,-0.41098399999999996,-0.29178,398.488109,-0.29004606029933105,0.05000052576888658,1849.0,0
5457.964,-1.2058754999999999,-0.061881,21.4424,1.19062,0.002352,0.41297149999999994,0.2938435,0.11912800000000001,-0.41061949999999997,-0.2914915,398.90465,-0.29011844327520553,0.049763446909918296,1850.0,0
5458.964,-1.207183,-0.058072,21.44054,1.18847,0.002324,0.412579,0.293527,0.119052,-0.410255,-0.291203,399.321191,-0.29019095487185986,0.04952594677415989,1851.0,0
5459.964,-1.2028196666666666,-0.060443000000000004,21.442329666666666,1.1899389999999999,0.0023813333333333334,0.4127053333333333,0.29366866666666663,0.11903666666666667,-0.41032399999999997,-0.29128733333333334,399.176822,-0.2901047873667006,0.04980817465380294,1852.0,0
5460.964,-1.1984563333333333,-0.06281400000000001,21.444119333333333,1.191408,0.0024386666666666667,0.41283166666666665,0.29381033333333334,0.11902133333333334,-0.410393,-0.29137166666666664,399.032453,-0.2900186488365594,0.050090307630409225,1853.0,0
5461.964,-1.194093,-0.065185,21.445909,1.192877,0.002496,0.412958,0.293952,0.119006,-0.410462,-0.291456,398.888084,-0.2899325392668244,0.05037234575183769,1854.0,0
5462.964,-1.1966050000000001,-0.06414600000000001,21.445324333333332,1.1933836666666666,0.0024893333333333334,0.4129893333333333,0.29390499999999997,0.11908433333333333,-0.4105,-0.2914156666666667,398.78994866666665,-0.29009652479868003,0.04983523737365936,1855.0,0
5463.964,-1.199117,-0.063107,21.444739666666667,1.1938903333333333,0.0024826666666666664,0.41302066666666665,0.293858,0.11916266666666667,-0.410538,-0.2913753333333333,398.69181333333336,-0.29026047997297844,0.04929822842680376,1856.0,0
5464.964,-1.201629,-0.062068,21.444155,1.194397,0.002476,0.413052,0.293811,0.119241,-0.410576,-0.291335,398.593678,-0.2904244047981489,0.048761318883662086,1857.0,0
5465.964,-1.1961495,-0.063764,21.4417965,1.1933105,0.0024875,0.4129485,0.2939665,0.118982,-0.410461,-0.29147900000000004,398.936909,-0.28987477464308326,0.05056154453677064,1858.0,0
5466.964,-1.19067,-0.06546,21.439438,1.192224,0.002499,0.412845,0.294122,0.118723,-0.41034600000000004,-0.291623,399.28014,-0.28932483641813594,0.05236277922349719,1859.0,0
5467.964,-1.195679,-0.0547555,21.439736500000002,1.1930165,0.00248,0.41257699999999997,0.293871,0.118706,-0.41009700000000004,-0.291391,399.244639,-0.2894590534899145,0.051923172674485985,1860.0,0
5468.964,-1.200688,-0.044051,21.440035,1.193809,0.002461,0.412309,0.29362,0.118689,-0.409848,-0.291159,399.209138,-0.28959343364719026,0.051483031965016246,1861.0,0
5469.964,-1.2019885000000001,-0.052868,21.440115,1.1939215,0.002502,0.41274500000000003,0.293868,0.11887700000000001,-0.410243,-0.291366,399.1520495,-0.28977286577191025,0.05089533074277508,1862.0,0
5470.964,-1.203289,-0.061685,21.440195,1.194034,0.002543,0.413181,0.294116,0.119065,-0.410638,-0.29157299999999997,399.094961,-0.28995195269788165,0.050308760163816246,1863.0,0
5471.964,-1.1940355,-0.060307,21.4425905,1.1959045000000001,0.0024920000000000003,0.41317800000000005,0.294049,0.119129,-0.410686,-0.29155699999999996,398.972376,-0.290073900921631,0.04990933826397825,1864.0,0
5472.964,-1.184782,-0.058929,21.444986,1.197775,0.002441,0.413175,0.293982,0.119193,-0.410734,-0.291541,398.849791,-0.29019582064260724,0.04951000972041408,1865.0,0
5473.964,-1.191706,-0.0540065,21.443706499999998,1.198267,0.0024605,0.412853,0.29376800000000003,0.119085,-0.4103925,-0.2913075,399.0265965,-0.2901741385969251,0.0495810257927477,1866.0,0
5474.964,-1.19863,-0.049084,21.442427,1.198759,0.00248,0.412531,0.293554,0.118977,-0.410051,-0.291074,399.203402,-0.2901524204365321,0.04965216015303975,1867.0,0
5475.964,-1.2018295,-0.059198,21.441010499999997,1.1983685,0.0025830000000000002,0.412418,0.2936185,0.1187995,-0.409835,-0.2910355,399.4962445,-0.28987224095609443,0.050569843223209454,1868.0,0
5476.964,-1.205029,-0.069312,21.439594,1.197978,0.002686,0.41230500000000003,0.293683,0.118622,-0.409619,-0.290997,399.789087,-0.2895917659868463,0.051488494119711126,1869.0,0
5477.964,-1.1975436666666666,-0.06626666666666667,21.438671666666668,1.1974363333333333,0.002663,0.41246333333333335,0.29369933333333337,0.11876400000000001,-0.4098003333333333,-0.29103633333333334,399.5624266666667,-0.28981013471634076,0.050773262276898934,1870.0,0
5478.964,-1.1900583333333334,-0.06322133333333334,21.437749333333333,1.1968946666666667,0.00264,0.41262166666666666,0.29371566666666665,0.118906,-0.4099816666666667,-0.2910756666666667,399.3357663333333,-0.2900283102780456,0.05005866312428242,1871.0,0
5479.964,-1.182573,-0.060176,21.436827,1.196353,0.002617,0.41278,0.293732,0.119048,-0.410163,-0.291115,399.109106,-0.29024629292816007,0.04934469582272161,1872.0,0
5480.964,-1.1880813333333333,-0.048674,21.435835333333333,1.1958886666666666,0.002585333333333333,0.41260199999999997,0.29360566666666665,0.11899633333333333,-0.41001666666666664,-0.2910203333333333,398.8846486666667,-0.29022386949441764,0.049418140193052906,1873.0,0
5481.964,-1.1935896666666668,-0.037172,21.43484366666667,1.1954243333333334,0.0025536666666666668,0.412424,0.2934793333333333,0.11894466666666667,-0.40987033333333334,-0.29092566666666664,398.66019133333333,-0.29020143004925153,0.049491637006241374,1874.0,0
5482.964,-1.199098,-0.02567,21.433852,1.19496,0.002522,0.412246,0.293353,0.118893,-0.409724,-0.29083099999999995,398.435734,-0.29017897457550595,0.04956518631847773,1875.0,0
5483.964,-1.192087,-0.03127733333333333,21.434802333333334,1.1957696666666666,0.0025053333333333334,0.412347,0.29345066666666664,0.11889633333333333,-0.40984166666666666,-0.29094533333333333,398.72654166666666,-0.2901037964347121,0.04981142029301999,1876.0,0
5484.964,-1.185076,-0.03688466666666667,21.43575266666667,1.1965793333333334,0.0024886666666666664,0.412448,0.29354833333333336,0.11889966666666667,-0.40995933333333334,-0.29105966666666666,399.01734933333336,-0.29002866144933415,0.050057512918900815,1877.0,0
5485.964,-1.178065,-0.042492,21.436703,1.197389,0.002472,0.412549,0.293646,0.118903,-0.410077,-0.29117400000000004,399.308157,-0.2899535695822237,0.050303464317793645,1878.0,0
5486.964,-1.1806215,-0.053862,21.438118000000003,1.198919,0.0025234999999999997,0.41224150000000004,0.293383,0.1188585,-0.409718,-0.29085950000000005,398.982754,-0.2900990195671647,0.049827066158555366,1879.0,0
5487.964,-1.183178,-0.065232,21.439533,1.200449,0.002575,0.411934,0.29312,0.118814,-0.40935900000000003,-0.290545,398.657351,-0.2902447246664289,0.049349832413160155,1880.0,0
5488.964,-1.1956565000000001,-0.047786999999999996,21.437667,1.2005645,0.0025310000000000003,0.41259500000000005,0.293553,0.11904200000000001,-0.410064,-0.291022,398.6057485,-0.290301734123781,0.04916310705493665,1881.0,0
5489.964,-1.208135,-0.030342,21.435801,1.20068,0.002487,0.413256,0.293986,0.11927,-0.410769,-0.291499,398.554146,-0.29035854789078014,0.04897702264916137,1882.0,0
5490.964,-1.2019476666666666,-0.034613,21.436041,1.200842,0.002505666666666667,0.412918,0.2938496666666667,0.11906833333333333,-0.4104123333333333,-0.291344,398.555255,-0.29011950612150084,0.049759965726892785,1883.0,0
5491.964,-1.1957603333333333,-0.038884,21.436281,1.201004,0.0025243333333333333,0.41258,0.2937133333333333,0.11886666666666668,-0.41005566666666665,-0.291189,398.55636400000003,-0.2898800485138567,0.0505442708166699,1884.0,0
5492.964,-1.189573,-0.043155,21.436521,1.201166,0.002543,0.412242,0.293577,0.118665,-0.409699,-0.29103399999999996,398.557473,-0.289640173981811,0.0513299414756323,1885.0,0
5493.964,-1.183375,-0.044365666666666664,21.435864666666667,1.2001743333333332,0.002536,0.4119406666666667,0.293437,0.11850366666666667,-0.40940466666666664,-0.29090099999999997,398.60986,-0.289454336429164,0.05193862265242488,1886.0,0
5494.964,-1.177177,-0.04557633333333334,21.435208333333332,1.1991826666666667,0.002529,0.4116393333333333,0.293297,0.11834233333333333,-0.4091103333333333,-0.29076799999999997,398.662247,-0.28926823147520464,0.05254817965944214,1887.0,0
5495.964,-1.170979,-0.046787,21.434552,1.198191,0.002522,0.411338,0.293157,0.118181,-0.40881599999999996,-0.290635,398.714634,-0.28908185854237245,0.05315861438839098,1888.0,0
5496.964,-1.176762,-0.04165966666666667,21.435121333333335,1.199902,0.0025313333333333334,0.41181433333333334,0.29343366666666665,0.11838066666666666,-0.40928299999999995,-0.2909023333333333,398.8093373333333,-0.2892398558125368,0.052641119603489606,1889.0,0
5497.964,-1.182545,-0.03653233333333333,21.435690666666666,1.201613,0.0025406666666666668,0.41229066666666664,0.29371033333333335,0.11858033333333333,-0.40975,-0.29116966666666666,398.9040406666667,-0.2893974929367327,0.05212480441909828,1890.0,0
5498.964,-1.188328,-0.031405,21.43626,1.203324,0.00255,0.412767,0.293987,0.11878,-0.410217,-0.291437,398.998744,-0.28955477114495776,0.05160966480655682,1891.0,0
5499.964,-1.18195,-0.03573,21.435471,1.2021160000000002,0.002547,0.41235849999999996,0.2937475,0.118611,-0.4098115,-0.2912005,398.873971,-0.2894288945744435,0.05202195337783799,1892.0,0
5500.964,-1.175572,-0.040055,21.434682,1.200908,0.002544,0.41195,0.293508,0.118442,-0.409406,-0.290964,398.749198,-0.2893027686520682,0.0524350586612532,1893.0,0
5501.964,-1.1764673333333333,-0.04260066666666667,21.434639,1.2024283333333334,0.0025266666666666666,0.41204666666666667,0.293628,0.11841866666666667,-0.40952,-0.2911013333333333,398.73225433333334,-0.2891652564756865,0.05288545779830123,1894.0,0
5502.964,-1.1773626666666668,-0.04514633333333333,21.434596,1.2039486666666666,0.002509333333333333,0.41214333333333336,0.293748,0.11839533333333334,-0.40963400000000005,-0.2912386666666667,398.71531066666665,-0.28902782083800216,0.05333560624508937,1895.0,0
5503.964,-1.178258,-0.047692,21.434553,1.205469,0.002492,0.41224000000000005,0.293868,0.118372,-0.40974800000000006,-0.291376,398.698367,-0.28889046167513127,0.053785504210859036,1896.0,0
5504.964,-1.1843923333333333,-0.043875333333333336,21.434859,1.205508,0.0024966666666666666,0.4121013333333334,0.29374100000000003,0.11836033333333333,-0.4096046666666667,-0.2912443333333333,398.80489566666665,-0.288963070805844,0.053547684617894165,1897.0,0
5505.964,-1.1905266666666667,-0.040058666666666666,21.435165,1.205547,0.0025013333333333333,0.41196266666666664,0.293614,0.11834866666666667,-0.40946133333333334,-0.2911126666666667,398.91142433333334,-0.2890357307708276,0.053309698525406346,1898.0,0
5506.964,-1.196661,-0.036242,21.435471,1.205586,0.002506,0.41182399999999997,0.293487,0.118337,-0.40931799999999996,-0.290981,399.017953,-0.2891084416234849,0.05307154575848361,1899.0,0
5507.964,-1.1920233333333332,-0.03523566666666667,21.435908333333334,1.2056733333333334,0.0025166666666666666,0.411655,0.293276,0.118379,-0.4091383333333333,-0.2907593333333333,398.93046699999996,-0.2893380543778291,0.05231948591089042,1900.0,0
5508.964,-1.1873856666666667,-0.034229333333333334,21.436345666666664,1.2057606666666667,0.0025273333333333333,0.41148599999999996,0.293065,0.118421,-0.40895866666666664,-0.2905376666666667,398.842981,-0.2895678688829242,0.051566765260985026,1901.0,0
5509.964,-1.182748,-0.033223,21.436783,1.205848,0.002538,0.411317,0.292854,0.118463,-0.408779,-0.290316,398.755495,-0.2897978854047918,0.050813382937456186,1902.0,0
5510.964,-1.1791749999999999,-0.038984000000000005,21.437074666666664,1.2071606666666668,0.0025273333333333333,0.41165666666666667,0.293058,0.11859866666666667,-0.40912933333333334,-0.29053066666666666,398.62662366666666,-0.2898813330780481,0.050540063432142124,1903.0,0
5511.964,-1.175602,-0.044745,21.437366333333333,1.2084733333333333,0.0025166666666666666,0.41199633333333335,0.293262,0.11873433333333333,-0.4094796666666667,-0.29074533333333336,398.4977523333333,-0.2899646379624172,0.05026721160898728,1904.0,0
5512.964,-1.172029,-0.050506,21.437658,1.209786,0.002506,0.41233600000000004,0.293466,0.11887,-0.40983,-0.29096,398.368881,-0.29004780042407935,0.04999482626862706,1905.0,0
5513.964,-1.180896,-0.04715166666666667,21.436112333333334,1.2083566666666667,0.002507333333333333,0.4124976666666667,0.293637,0.11886066666666667,-0.40999033333333335,-0.2911296666666667,398.7429223333333,-0.2899116074564542,0.050440904548415766,1906.0,0
5514.964,-1.1897630000000001,-0.043797333333333334,21.434566666666665,1.2069273333333332,0.002508666666666667,0.4126593333333333,0.293808,0.11885133333333334,-0.41015066666666666,-0.2912993333333333,399.11696366666666,-0.2897755209683619,0.0508866340715276,1907.0,0
5515.964,-1.19863,-0.040443,21.433021,1.205498,0.00251,0.412821,0.293979,0.118842,-0.410311,-0.291469,399.491005,-0.28963954083497845,0.05133201524680309,1908.0,0
5516.964,-1.1855336666666667,-0.03703,21.433560333333332,1.20649,0.0025036666666666666,0.4127186666666667,0.293898,0.11882066666666667,-0.410215,-0.2913943333333333,399.41032966666666,-0.28965531811851053,0.051280339278355846,1909.0,0
5517.964,-1.1724373333333333,-0.033617,21.43409966666667,1.207482,0.0024973333333333336,0.4126163333333333,0.293817,0.11879933333333333,-0.41011899999999996,-0.29131966666666664,399.32965433333334,-0.28967110278830316,0.051228639117393726,1910.0,0
5518.964,-1.159341,-0.030204,21.434639,1.208474,0.002491,0.412514,0.293736,0.118778,-0.41002299999999997,-0.291245,399.248979,-0.28968689484954463,0.05117691474692332,1911.0,0
5519.964,-1.1650070000000001,-0.032103,21.4338475,1.2095635,0.0024385,0.4128965,0.294085,0.1188115,-0.410458,-0.2916465,399.2780535,-0.28946150266654,0.05191515078822373,1912.0,0
5520.964,-1.170673,-0.034002,21.433056,1.210653,0.002386,0.41327899999999995,0.294434,0.118845,-0.41089299999999995,-0.292048,399.307128,-0.2892365877164802,0.05265182372935262,1913.0,0
5521.964,-1.1714896666666668,-0.03257566666666666,21.431921333333335,1.2099996666666666,0.002394666666666667,0.413155,0.294224,0.11893100000000001,-0.4107603333333333,-0.29182933333333333,399.3055563333333,-0.28953937342060804,0.05166009758961709,1914.0,0
5522.964,-1.1723063333333332,-0.03114933333333333,21.430786666666666,1.2093463333333334,0.0024033333333333333,0.413031,0.294014,0.119017,-0.41062766666666667,-0.29161066666666663,399.3039846666667,-0.2898423547748157,0.05066773062934182,1915.0,0
5523.964,-1.173123,-0.029723,21.429652,1.208693,0.002412,0.412907,0.293804,0.119103,-0.410495,-0.291392,399.302413,-0.2901455319687986,0.04967472222720937,1916.0,0
5524.964,-1.1718686666666667,-0.031939999999999996,21.43071666666667,1.209991,0.002412,0.41285333333333335,0.29375033333333334,0.119103,-0.4104413333333333,-0.2913383333333333,399.10596266666664,-0.2901834696232745,0.04955046350854764,1917.0,0
5525.964,-1.1706143333333332,-0.034157,21.431781333333333,1.211289,0.002412,0.4127996666666667,0.29369666666666666,0.119103,-0.41038766666666665,-0.29128466666666664,398.90951233333334,-0.290221417200039,0.04942617229101676,1918.0,0
5526.964,-1.16936,-0.036374,21.432846,1.212587,0.002412,0.412746,0.293643,0.119103,-0.410334,-0.29123099999999996,398.713062,-0.2902593747029852,0.0493018485618657,1919.0,0
5527.964,-1.1744393333333334,-0.032938666666666665,21.433815,1.2122783333333333,0.002439666666666667,0.412906,0.29382566666666665,0.11908033333333333,-0.4104663333333333,-0.291386,398.82297266666666,-0.2901105736903482,0.04978922247628581,1920.0,0
5528.964,-1.1795186666666666,-0.029503333333333333,21.434784,1.2119696666666668,0.002467333333333333,0.413066,0.2940083333333333,0.11905766666666667,-0.4105986666666666,-0.29154099999999994,398.93288333333334,-0.28996186859318085,0.05027628223492786,1921.0,0
5529.964,-1.184598,-0.026068,21.435753,1.211661,0.002495,0.413226,0.294191,0.119035,-0.41073099999999996,-0.29169599999999996,399.042794,-0.2898132593187739,0.050763028141446176,1922.0,0
5530.964,-1.1723843333333333,-0.033452,21.43425033333333,1.2108830000000002,0.002499,0.4132443333333333,0.2942843333333333,0.11896,-0.4107453333333333,-0.2917853333333333,399.29634066666665,-0.28962055065884457,0.05139421453102755,1923.0,0
5531.964,-1.1601706666666667,-0.040836,21.432747666666668,1.210105,0.002503,0.41326266666666667,0.29437766666666665,0.118885,-0.4107596666666667,-0.29187466666666667,399.54988733333334,-0.28942785544796784,0.05202535687038856,1924.0,0
5532.964,-1.147957,-0.04822,21.431245,1.209327,0.002507,0.413281,0.294471,0.11881,-0.41077400000000003,-0.291964,399.803434,-0.2892351736847359,0.05265645516414008,1925.0,0
5533.964,-1.1515913333333332,-0.04470866666666667,21.431705666666666,1.2114783333333334,0.0025266666666666666,0.413448,0.2944576666666667,0.11899033333333334,-0.41092133333333336,-0.291931,399.7773473333333,-0.2895703222279095,0.05155872972192699,1926.0,0
5534.964,-1.1552256666666667,-0.04119733333333333,21.432166333333335,1.2136296666666666,0.0025463333333333336,0.413615,0.2944443333333333,0.11917066666666666,-0.41106866666666664,-0.291898,399.75126066666667,-0.2899052305257124,0.050461791164995606,1927.0,0
5535.964,-1.15886,-0.037686,21.432627,1.215781,0.002566,0.413782,0.294431,0.119351,-0.41121599999999997,-0.291865,399.725174,-0.2902398988363751,0.04936563864755317,1928.0,0
5536.964,-1.1613246666666666,-0.032814666666666666,21.432262333333334,1.2156936666666667,0.002553,0.4134963333333333,0.2942126666666667,0.11928366666666666,-0.4109433333333333,-0.29165966666666665,399.4438573333333,-0.29026862649828394,0.04927154578629811,1929.0,0
5537.964,-1.1637893333333333,-0.027943333333333334,21.431897666666668,1.2156063333333333,0.00254,0.41321066666666667,0.2939943333333333,0.11921633333333334,-0.41067066666666663,-0.2914543333333333,399.16254066666664,-0.29029739230801077,0.04917732797796759,1930.0,0
5538.964,-1.166254,-0.023072,21.431533,1.215519,0.002527,0.412925,0.293776,0.119149,-0.410398,-0.291249,398.881224,-0.2903261963415912,0.04908298497351893,1931.0,0
5539.964,-1.1719579999999998,-0.022232666666666664,21.432434,1.2160016666666666,0.0025136666666666667,0.41325466666666666,0.29403833333333335,0.11921633333333334,-0.41074099999999997,-0.29152466666666665,398.7998283333333,-0.2902476830436123,0.04934014272192311,1932.0,0
5540.964,-1.177662,-0.021393333333333334,21.433335,1.2164843333333333,0.0025003333333333336,0.41358433333333333,0.29430066666666665,0.11928366666666666,-0.411084,-0.29180033333333333,398.7184326666667,-0.290169300765701,0.04959687133505419,1933.0,0
5541.964,-1.183366,-0.020554,21.434236,1.216967,0.002487,0.413914,0.294563,0.119351,-0.411427,-0.292076,398.637037,-0.2900910491801684,0.04985317188620453,1934.0,0
5542.964,-1.1688815,-0.0247,21.4330815,1.2182529999999998,0.0024324999999999998,0.4129735,0.29405800000000004,0.11891550000000001,-0.410541,-0.2916255,398.8170705,-0.28965630632825046,0.0512771025554285,1935.0,0
5543.964,-1.154397,-0.028846,21.431927,1.219539,0.002378,0.412033,0.293553,0.11848,-0.409655,-0.291175,398.997104,-0.2892196829519545,0.05270719258144063,1936.0,0
5544.964,-1.1582646666666665,-0.026576,21.430525666666668,1.2186586666666666,0.0024346666666666666,0.412473,0.29371633333333336,0.11875666666666666,-0.41003833333333334,-0.29128166666666666,398.96934266666665,-0.28962403423428096,0.05138280463692457,1937.0,0
5545.964,-1.1621323333333333,-0.024306,21.429124333333334,1.2177783333333334,0.0024913333333333332,0.412913,0.29387966666666665,0.11903333333333334,-0.41042166666666663,-0.29138833333333336,398.9415813333333,-0.29002763018756367,0.05006089065186747,1938.0,0
5546.964,-1.166,-0.022036,21.427723,1.216898,0.002548,0.41335299999999997,0.294043,0.11931,-0.410805,-0.291495,398.91382,-0.2904304729262616,0.04874144370069733,1939.0,0
5547.964,-1.1702846666666666,-0.023358666666666666,21.428978333333333,1.2172403333333333,0.0025166666666666666,0.41320066666666666,0.293974,0.11922666666666666,-0.410684,-0.29145733333333335,398.77198766666663,-0.2903131287797806,0.049125785681919276,1940.0,0
5548.964,-1.1745693333333334,-0.024681333333333333,21.430233666666666,1.2175826666666667,0.0024853333333333333,0.4130483333333333,0.29390499999999997,0.11914333333333334,-0.41056299999999996,-0.29141966666666663,398.63015533333333,-0.2901957154664419,0.049510354208119556,1941.0,0
5549.964,-1.178854,-0.026004,21.431489,1.217925,0.002454,0.412896,0.293836,0.11906,-0.410442,-0.291382,398.488323,-0.2900782329250733,0.049895149479657896,1942.0,0
5550.964,-1.1660483333333334,-0.025901666666666667,21.429920666666668,1.2184629999999999,0.002437,0.41280133333333335,0.293839,0.11896233333333334,-0.41036433333333333,-0.291402,398.4957923333333,-0.2898951335808105,0.050494862092896664,1943.0,0
5551.964,-1.1532426666666666,-0.025799333333333334,21.428352333333333,1.219001,0.0024200000000000003,0.41270666666666667,0.293842,0.11886466666666666,-0.4102866666666667,-0.291422,398.5032616666667,-0.28971196491550194,0.05109480175613201,1944.0,0
5552.964,-1.140437,-0.025697,21.426784,1.219539,0.002403,0.41261200000000003,0.293845,0.118767,-0.41020900000000005,-0.29144200000000003,398.510731,-0.289528726889773,0.05169496859832945,1945.0,0
5553.964,-1.1576875,-0.0256755,21.4298475,1.222375,0.0024075,0.4127255,0.293844,0.1188815,-0.410318,-0.2914365,398.206423,-0.2897308666226357,0.05103289223796581,1946.0,0
5554.964,-1.174938,-0.025654,21.432911,1.225211,0.002412,0.412839,0.293843,0.118996,-0.410427,-0.291431,397.902115,-0.2899328989878808,0.050371167543058926,1947.0,0
5555.964,-1.1665705000000002,-0.021913000000000002,21.432057999999998,1.2270815000000002,0.002434,0.41307550000000004,0.2940225,0.11905299999999999,-0.4106415,-0.29158850000000003,398.1661445,-0.28992025871778354,0.05041256872580269,1948.0,0
5556.964,-1.158203,-0.018172,21.431205,1.228952,0.002456,0.413312,0.294202,0.11911,-0.410856,-0.291746,398.430174,-0.2899076316462012,0.05045392667892201,1949.0,0
5557.964,-1.1566136666666667,-0.021138333333333335,21.430963666666667,1.2287726666666667,0.002471,0.41275666666666666,0.293825,0.11893166666666666,-0.41028566666666666,-0.291354,398.48602166666666,-0.2898759722924083,0.05055762182798451,1950.0,0
5558.964,-1.1550243333333334,-0.024104666666666667,21.430722333333332,1.2285933333333332,0.002486,0.41220133333333336,0.29344800000000004,0.11875333333333334,-0.4097153333333334,-0.29096200000000005,398.54186933333335,-0.2898442247972774,0.05066160566990052,1951.0,0
5559.964,-1.153435,-0.027071,21.430481,1.228414,0.002501,0.411646,0.293071,0.118575,-0.40914500000000004,-0.29057000000000005,398.597717,-0.28981238879221,0.05076587941195532,1952.0,0
5560.964,-1.1548933333333333,-0.02178566666666667,21.42879,1.2269013333333332,0.0024853333333333333,0.4122963333333333,0.2934893333333333,0.118807,-0.40981100000000004,-0.29100400000000004,398.57592066666666,-0.2899075181181523,0.05045429852188599,1953.0,0
5561.964,-1.1563516666666667,-0.016500333333333332,21.427099000000002,1.2253886666666667,0.002469666666666667,0.4129466666666667,0.2939076666666667,0.119039,-0.410477,-0.291438,398.55412433333333,-0.290002338748185,0.050143728715889124,1954.0,0
5562.964,-1.15781,-0.011215,21.425408,1.223876,0.002454,0.413597,0.294326,0.119271,-0.411143,-0.29187199999999996,398.532328,-0.2900968521824577,0.049834165080464565,1955.0,0
5563.964,-1.1561473333333334,-0.013577666666666667,21.426458,1.2247219999999999,0.002462666666666667,0.41344566666666666,0.29417466666666664,0.119271,-0.410983,-0.29171199999999997,398.81993133333333,-0.29020979020979026,0.049464254637702765,1956.0,0
5564.964,-1.1544846666666666,-0.015940333333333334,21.427508,1.225568,0.002471333333333333,0.4132943333333334,0.29402333333333336,0.119271,-0.41082300000000005,-0.29155200000000003,399.10753466666665,-0.2903228162075059,0.049094056062023106,1957.0,0
5565.964,-1.152822,-0.018303,21.428558,1.226414,0.00248,0.41314300000000004,0.293872,0.119271,-0.41066300000000006,-0.29139200000000004,399.395138,-0.29043593027842846,0.04872356901664254,1958.0,0
5566.964,-1.1511156666666666,-0.018930333333333334,21.42749333333333,1.2265306666666667,0.002520333333333333,0.412851,0.29369133333333336,0.11915966666666666,-0.4103306666666667,-0.291171,399.12691766666666,-0.2903998329798235,0.04884179994403548,1959.0,0
5567.964,-1.1494093333333333,-0.019557666666666668,21.426428666666666,1.2266473333333332,0.002560666666666667,0.412559,0.29351066666666664,0.11904833333333334,-0.40999833333333335,-0.29095,398.85869733333334,-0.2903636771621279,0.04896022254134902,1960.0,0
5568.964,-1.147703,-0.020185,21.425364,1.226764,0.002601,0.412267,0.29333,0.118937,-0.409666,-0.29072899999999996,398.590477,-0.29032746268292386,0.049078837275049914,1961.0,0
5569.964,-1.153173,-0.015824666666666667,21.426435333333334,1.228644,0.0025613333333333334,0.412369,0.29338966666666666,0.11897933333333334,-0.4098076666666667,-0.2908283333333333,398.463817,-0.29033039970067187,0.049069217543226906,1962.0,0
5570.964,-1.1586429999999999,-0.011464333333333333,21.427506666666666,1.230524,0.0025216666666666664,0.41247100000000003,0.29344933333333334,0.11902166666666666,-0.40994933333333333,-0.2909276666666667,398.337157,-0.2903333346885177,0.049059604460023776,1963.0,0
5571.964,-1.164113,-0.007104,21.428578,1.232404,0.002482,0.412573,0.293509,0.119064,-0.41009100000000004,-0.29102700000000004,398.210497,-0.2903362676485649,0.04904999801855059,1964.0,0
5572.964,-1.1573743333333333,-0.008926666666666666,21.427171333333334,1.2317930000000001,0.002450333333333333,0.41249600000000003,0.29353033333333334,0.11896566666666666,-0.4100456666666667,-0.29108,398.3203933333333,-0.2901285551005013,0.04973032724366744,1965.0,0
5573.964,-1.1506356666666666,-0.010749333333333333,21.42576466666667,1.231182,0.0024186666666666666,0.412419,0.29355166666666666,0.11886733333333334,-0.41000033333333336,-0.29113300000000003,398.4302896666667,-0.28992079661918146,0.05041080691581745,1966.0,0
5574.964,-1.143897,-0.012572,21.424358,1.230571,0.002387,0.412342,0.293573,0.118769,-0.409955,-0.291186,398.540186,-0.2897129921893676,0.05109143708490971,1967.0,0
5575.964,-1.145676,-0.011842666666666666,21.425991333333336,1.230396,0.002401,0.412403,0.29358,0.118823,-0.41000200000000003,-0.291179,398.56428366666665,-0.28981148826466274,0.0507688289458863,1968.0,0
5576.964,-1.1474550000000001,-0.011113333333333333,21.427624666666667,1.230221,0.002415,0.412464,0.293587,0.118877,-0.410049,-0.291172,398.58838133333336,-0.2899099617605744,0.05044629476202189,1969.0,0
5577.964,-1.149234,-0.010384,21.429258,1.230046,0.002429,0.41252500000000003,0.293594,0.118931,-0.410096,-0.291165,398.612479,-0.2900084126848657,0.05012383450788904,1970.0,0
5578.964,-1.1519613333333334,-0.007831666666666666,21.42901,1.2312713333333334,0.0024560000000000003,0.412418,0.29355033333333336,0.11886766666666666,-0.409962,-0.29109433333333334,398.5606163333333,-0.2899487186992583,0.0503193526089909,1971.0,0
5579.964,-1.1546886666666667,-0.005279333333333333,21.428762,1.2324966666666666,0.002483,0.412311,0.29350666666666664,0.11880433333333333,-0.40982799999999997,-0.2910236666666666,398.5087536666667,-0.28988898567769655,0.050514998566116964,1972.0,0
5580.964,-1.157416,-0.002727,21.428514,1.233722,0.00251,0.41220399999999996,0.293463,0.118741,-0.40969399999999995,-0.29095299999999996,398.456891,-0.28982921358187713,0.050710772504723556,1973.0,0
5581.964,-1.1566939999999999,-0.01104,21.427844999999998,1.2336605,0.0025295,0.41276999999999997,0.293685,0.119085,-0.41024049999999995,-0.29115549999999996,398.96781899999996,-0.29028165254686594,0.049228881047837514,1974.0,0
5582.964,-1.155972,-0.019353,21.427176,1.233599,0.002549,0.413336,0.293907,0.119429,-0.41078699999999996,-0.29135799999999995,399.478747,-0.29073288768361144,0.04775093253779594,1975.0,0
5583.964,-1.139073,-0.018992000000000002,21.425908999999997,1.231965,0.002487,0.413338,0.294089,0.119249,-0.41085099999999997,-0.291602,399.5721,-0.2902494827796033,0.04933424797457364,1976.0,0
5584.964,-1.122174,-0.018631,21.424642,1.230331,0.002425,0.41334,0.294271,0.119069,-0.410915,-0.291846,399.665453,-0.28976622845656264,0.05091707020747949,1977.0,0
5585.964,-1.1378915,-0.006821500000000001,21.423368,1.2318155000000002,0.0024270000000000003,0.41333949999999997,0.294178,0.1191615,-0.4109125,-0.291751,399.0683775,-0.2899931007041662,0.05017398645133897,1978.0,0
5586.964,-1.153609,0.004988,21.422094,1.2333,0.002429,0.413339,0.294085,0.119254,-0.41091,-0.29165599999999997,398.471302,-0.29021997571238406,0.04943089365324771,1979.0,0
5587.964,-1.1510145,3.549999999999994e-05,21.4232655,1.2341055,0.00252,0.41345550000000003,0.29420250000000003,0.119253,-0.4109355,-0.2916825,398.78763649999996,-0.2901995330156022,0.049497850436506896,1980.0,0
5588.964,-1.14842,-0.004917,21.424437,1.234911,0.002611,0.41357200000000005,0.29432,0.119252,-0.4109610000000001,-0.29170900000000005,399.103971,-0.2901790928557524,0.04956479891045096,1981.0,0
5589.964,-1.144672,-0.005896333333333333,21.425542333333333,1.2348940000000002,0.002585,0.41330333333333336,0.2941576666666667,0.11914566666666666,-0.4107183333333334,-0.2915726666666667,398.93972133333335,-0.2900916445373622,0.04985122188895075,1982.0,0
5590.964,-1.140924,-0.006875666666666666,21.426647666666668,1.234877,0.002559,0.4130346666666667,0.29399533333333333,0.11903933333333333,-0.4104756666666667,-0.29143633333333335,398.77547166666665,-0.2900040928226184,0.05013798352566734,1983.0,0
5591.964,-1.137176,-0.007855,21.427753,1.23486,0.002533,0.412766,0.293833,0.118933,-0.410233,-0.2913,398.611222,-0.2899164375280329,0.05042508442158655,1984.0,0
5592.964,-1.1434565,-0.006056499999999999,21.425082,1.235713,0.002454,0.413284,0.294191,0.119093,-0.41083000000000003,-0.291737,398.7835485,-0.28988459918847015,0.05052936580990752,1985.0,0
5593.964,-1.149737,-0.004258,21.422411,1.236566,0.002375,0.413802,0.294549,0.119253,-0.411427,-0.292174,398.955875,-0.28985285324699944,0.050633344563058014,1986.0,0
5594.964,-1.147309,-0.00183,21.422116000000003,1.237157,0.002421,0.4128875,0.294025,0.1188625,-0.4104665,-0.291604,399.17039850000003,-0.2895797576166573,0.05152782561538505,1987.0,0
5595.964,-1.144881,0.000598,21.421821,1.237748,0.002467,0.41197300000000003,0.293501,0.118472,-0.40950600000000004,-0.291034,399.384922,-0.2893053808866803,0.05242650270463911,1988.0,0
5596.964,-1.1395653333333333,-0.0014583333333333336,21.421164666666666,1.2363913333333334,0.0024703333333333335,0.41208666666666666,0.29356766666666667,0.118519,-0.40961633333333336,-0.2910973333333333,399.0116663333333,-0.2893421958487882,0.05230592118524091,1989.0,0
5597.964,-1.1342496666666668,-0.0035146666666666672,21.420508333333334,1.2350346666666667,0.0024736666666666665,0.41220033333333334,0.29363433333333333,0.11856599999999999,-0.40972666666666663,-0.2911606666666667,398.6384106666667,-0.2893789909833978,0.05218540460764176,1990.0,0
5598.964,-1.128934,-0.005571,21.419852,1.233678,0.002477,0.41231399999999996,0.293701,0.118613,-0.40983699999999995,-0.291224,398.265155,-0.28941576630652255,0.05206495291939217,1991.0,0
5599.964,-1.127636,-0.005731333333333334,21.420085333333333,1.234597,0.002502,0.41229166666666667,0.29372366666666666,0.11856799999999999,-0.40978966666666666,-0.29122166666666666,398.3384966666667,-0.289339383064116,0.05231513401149668,1992.0,0
5600.964,-1.126338,-0.005891666666666667,21.420318666666667,1.235516,0.002527,0.4122693333333333,0.29374633333333333,0.118523,-0.4097423333333333,-0.29121933333333333,398.4118383333333,-0.28926298217411955,0.05256537290545893,1993.0,0
5601.964,-1.12504,-0.006052,21.420552,1.236435,0.002552,0.41224700000000003,0.293769,0.118478,-0.40969500000000003,-0.291217,398.48518,-0.2891865636304169,0.0528156696213119,1994.0,0
5602.964,-1.1298786666666667,-0.0017036666666666667,21.421585333333333,1.2366366666666666,0.0025033333333333335,0.41241333333333335,0.2937846666666667,0.11862866666666666,-0.40991,-0.29128133333333334,398.72084666666666,-0.28940244460762427,0.05210858601317103,1995.0,0
5603.964,-1.1347173333333334,0.0026446666666666667,21.42261866666667,1.2368383333333333,0.0024546666666666666,0.4125796666666667,0.29380033333333333,0.11877933333333333,-0.410125,-0.29134566666666667,398.95651333333336,-0.2896180992415302,0.05140224375630775,1996.0,0
5604.964,-1.139556,0.006993,21.423652,1.23704,0.002406,0.412746,0.293816,0.11893,-0.41034,-0.29141,399.19218,-0.289833527887917,0.05069664168541399,1997.0,0
5605.964,-1.1375466666666667,0.0023966666666666667,21.423639333333334,1.238399,0.002475666666666667,0.412614,0.2938253333333333,0.11878866666666667,-0.4101383333333333,-0.2913496666666667,399.1639646666667,-0.2896314405256125,0.05135854651439142,1998.0,0
5606.964,-1.1355373333333334,-0.0021996666666666666,21.423626666666667,1.239758,0.0025453333333333335,0.412482,0.2938346666666667,0.11864733333333333,-0.40993666666666667,-0.29128933333333334,399.1357493333333,-0.28942915433072014,0.05202110258770498,1999.0,0
5607.964,-1.133528,-0.006796,21.423614,1.241117,0.002615,0.41235,0.293844,0.118506,-0.409735,-0.291229,399.107534,-0.28922666900965016,0.05268431086696057,2000.0,0
5608.964,-1.1368530000000001,0.0017943333333333335,21.422491333333333,1.2406793333333332,0.0025986666666666667,0.41249933333333333,0.293818,0.11868133333333333,-0.4099006666666667,-0.29121933333333333,399.23116699999997,-0.2895375209705789,0.051666164993366404,2001.0,0
5609.964,-1.140178,0.010384666666666667,21.421368666666666,1.2402416666666667,0.0025823333333333336,0.41264866666666666,0.293792,0.11885666666666667,-0.4100663333333333,-0.2912096666666667,399.3548,-0.28984812176271096,0.05064884178298834,2002.0,0
5610.964,-1.143503,0.018975,21.420246,1.239804,0.002566,0.412798,0.293766,0.119032,-0.410232,-0.2912,399.478433,-0.29015847169034026,0.0496323402391603,2003.0,0
5611.964,-1.1359923333333333,0.013637,21.420727,1.2411166666666666,0.0025483333333333334,0.412684,0.29366733333333334,0.11901666666666666,-0.4101356666666667,-0.291119,399.2254046666667,-0.2901892386565713,0.049531567962808665,2004.0,0
5612.964,-1.1284816666666666,0.008298999999999999,21.421208,1.2424293333333332,0.0025306666666666667,0.41257,0.2935686666666667,0.11900133333333333,-0.4100393333333333,-0.291038,398.97237633333333,-0.2902200200794234,0.0494307483361075,2005.0,0
5613.964,-1.120971,0.002961,21.421689,1.243742,0.002513,0.412456,0.29347,0.118986,-0.409943,-0.290957,398.719348,-0.29025081596908825,0.04932988132567495,2006.0,0
5614.964,-1.1241356666666666,0.005979999999999999,21.421164,1.2442526666666667,0.002485666666666667,0.4122133333333333,0.29337833333333335,0.118835,-0.40972766666666666,-0.2908926666666667,398.715681,-0.2900348199612749,0.050037341698165316,2007.0,0
5615.964,-1.1273003333333333,0.008999,21.420639,1.2447633333333332,0.002458333333333333,0.41197066666666665,0.29328666666666664,0.118684,-0.4095123333333333,-0.2908283333333333,398.712014,-0.2898185967991118,0.0507455460783921,2008.0,0
5616.964,-1.130465,0.012018,21.420114,1.245274,0.002431,0.411728,0.293195,0.118533,-0.40929699999999997,-0.29076399999999997,398.708347,-0.2896021461240765,0.05145449564063864,2009.0,0
5617.964,-1.132317,0.013184666666666666,21.419851666666666,1.2444573333333333,0.0024233333333333333,0.4120603333333333,0.293373,0.11868733333333334,-0.409637,-0.29094966666666666,398.708871,-0.2897385320951609,0.051007785208892154,2010.0,0
5618.964,-1.134169,0.014351333333333334,21.419589333333334,1.2436406666666666,0.0024156666666666667,0.4123926666666667,0.293551,0.11884166666666666,-0.409977,-0.2911353333333333,398.70939500000003,-0.28987469185188075,0.05056181570611107,2011.0,0
5619.964,-1.136021,0.015518,21.419327,1.242824,0.002408,0.412725,0.293729,0.118996,-0.410317,-0.291321,398.709919,-0.2900106259565798,0.050116585290428506,2012.0,0
5620.964,-1.1321206666666666,0.007831000000000001,21.420272333333333,1.2449679999999999,0.002462666666666667,0.412698,0.2937556666666667,0.11894233333333333,-0.41023533333333334,-0.29129299999999997,398.676188,-0.2899375397638585,0.05035596742369075,2013.0,0
5621.964,-1.1282203333333334,0.00014400000000000003,21.421217666666667,1.247112,0.0025173333333333332,0.412671,0.2937823333333333,0.11888866666666667,-0.41015366666666664,-0.291265,398.642457,-0.289864424466337,0.050595444885070506,2014.0,0
5622.964,-1.12432,-0.007543,21.422163,1.249256,0.002572,0.412644,0.293809,0.118835,-0.410072,-0.29123699999999997,398.608726,-0.28979128004662613,0.05083501773152299,2015.0,0
5623.964,-1.1233203333333333,0.004606999999999999,21.42212166666667,1.2497226666666665,0.00258,0.41271566666666665,0.29379866666666665,0.118917,-0.4101356666666667,-0.2912186666666666,398.7231326666667,-0.2899462290434687,0.050327507078280154,2016.0,0
5624.964,-1.1223206666666667,0.016756999999999998,21.422080333333334,1.2501893333333334,0.002588,0.41278733333333334,0.2937883333333333,0.11899900000000001,-0.4101993333333333,-0.29120033333333334,398.8375393333333,-0.2901011299412073,0.04982015396595807,2017.0,0
5625.964,-1.121321,0.028907,21.422039,1.250656,0.002596,0.412859,0.293778,0.119081,-0.410263,-0.291182,398.951946,-0.29025598276223485,0.04931295832121263,2018.0,0
5626.964,-1.1242925000000001,0.02496,21.421132,1.2533634999999999,0.0025865,0.41287949999999995,0.293818,0.1190615,-0.410293,-0.2912315,398.9716975,-0.29018723250757983,0.049538138782923236,2019.0,0
5627.964,-1.127264,0.021013,21.420225,1.256071,0.002577,0.4129,0.293858,0.119042,-0.410323,-0.291281,398.991449,-0.29011849230604253,0.049763286317254685,2020.0,0
5628.964,-1.129883,0.019816666666666666,21.42008333333333,1.255067,0.0025046666666666668,0.41265,0.29368866666666665,0.11896133333333334,-0.41014533333333336,-0.291184,398.998097,-0.2900474873479499,0.0499958516994089,2021.0,0
5629.964,-1.1325020000000001,0.018620333333333332,21.419941666666666,1.254063,0.0024323333333333332,0.4124,0.29351933333333335,0.11888066666666666,-0.4099676666666667,-0.29108700000000004,399.004745,-0.28997642084722325,0.05022861865461614,2022.0,0
5630.964,-1.135121,0.017424,21.4198,1.253059,0.00236,0.41215,0.29335,0.1188,-0.40979000000000004,-0.29099,399.011393,-0.2899052927238164,0.050461587445055356,2023.0,0
5631.964,-1.1262913333333333,0.021656333333333333,21.418579333333334,1.252901,0.002332,0.412522,0.2935913333333333,0.11893066666666667,-0.41019000000000005,-0.29125933333333337,399.049856,-0.289941140953723,0.05034417230234234,2024.0,0
5632.964,-1.1174616666666668,0.025888666666666664,21.417358666666665,1.252743,0.002304,0.41289400000000004,0.2938326666666667,0.11906133333333334,-0.41059,-0.29152866666666666,399.088319,-0.2899769193362056,0.05022698593369357,2025.0,0
5633.964,-1.108632,0.030121,21.416138,1.252585,0.002276,0.413266,0.294074,0.119192,-0.41099,-0.291798,399.126782,-0.29001262807520395,0.05011002767113748,2026.0,0
5634.964,-1.1159386666666666,0.029139666666666664,21.417041666666666,1.2551496666666666,0.002316,0.4129446666666667,0.2938286666666667,0.119116,-0.4106286666666667,-0.29151266666666664,398.88217,-0.2900827432475324,0.049880376639922175,2027.0,0
5635.964,-1.1232453333333334,0.028158333333333334,21.417945333333336,1.2577143333333334,0.002356,0.41262333333333334,0.2935833333333333,0.11904,-0.4102673333333333,-0.29122733333333334,398.637558,-0.29015298192474975,0.049650321088199445,2028.0,0
5636.964,-1.130552,0.027177,21.418849,1.260279,0.002396,0.412302,0.293338,0.118964,-0.409906,-0.290942,398.392946,-0.2902233444334663,0.049419859946209344,2029.0,0
5637.964,-1.124969,0.0171315,21.419127500000002,1.260494,0.0024200000000000003,0.4124815,0.293432,0.1190495,-0.41006149999999997,-0.291012,398.900779,-0.290321793979181,0.049097404207383843,2030.0,0
5638.964,-1.119386,0.007086,21.419406,1.260709,0.002444,0.412661,0.293526,0.119135,-0.410217,-0.291082,399.408612,-0.2904201688866353,0.04877519293424104,2031.0,0
5639.964,-1.1146660000000002,0.0133015,21.419452999999997,1.2617310000000002,0.002408,0.41255,0.29366749999999997,0.1188825,-0.410142,-0.2912595,399.2662425,-0.2898576343257563,0.05061768490437968,2032.0,0
5640.964,-1.109946,0.019517,21.4195,1.262753,0.002372,0.412439,0.293809,0.11863,-0.410067,-0.291437,399.123873,-0.28929489399267433,0.05246085084845353,2033.0,0
5641.964,-1.1193203333333335,0.022399,21.418331,1.264027,0.0024046666666666665,0.412782,0.2939543333333333,0.11882766666666666,-0.4103773333333333,-0.29154966666666665,399.0453996666667,-0.2895577961367168,0.05159975692993313,2034.0,0
5642.964,-1.1286946666666666,0.025281,21.417162,1.265301,0.0024373333333333335,0.41312499999999996,0.29409966666666665,0.11902533333333333,-0.4106876666666667,-0.29166233333333336,398.96692633333333,-0.28982030095936884,0.05073996437407069,2035.0,0
5643.964,-1.138069,0.028163,21.415993,1.266575,0.00247,0.41346799999999995,0.294245,0.119223,-0.410998,-0.291775,398.888453,-0.2900824093606522,0.04988147023298917,2036.0,0
5644.964,-1.1273766666666667,0.025219333333333333,21.416380666666665,1.2666383333333333,0.002496,0.41336966666666664,0.29410766666666666,0.11926199999999999,-0.41087366666666664,-0.29161166666666666,399.014624,-0.2902651105208588,0.049283061807932294,2037.0,0
5645.964,-1.1166843333333334,0.022275666666666666,21.416768333333334,1.2667016666666666,0.002522,0.4132713333333333,0.29397033333333333,0.119301,-0.41074933333333336,-0.29144833333333336,399.140795,-0.2904479222881813,0.048684291106960154,2038.0,0
5646.964,-1.105992,0.019332,21.417156,1.266765,0.002548,0.413173,0.293833,0.11934,-0.410625,-0.291285,399.266966,-0.29063084476309226,0.048085157800990985,2039.0,0
5647.964,-1.1100663333333334,0.02218833333333333,21.417077666666664,1.268382,0.0025486666666666665,0.41326033333333334,0.293932,0.11932833333333333,-0.4107116666666667,-0.2913833333333333,399.035707,-0.2905411108550057,0.04837906686293425,2040.0,0
5648.964,-1.1141406666666667,0.025044666666666666,21.416999333333333,1.269999,0.0025493333333333336,0.41334766666666667,0.294031,0.11931666666666667,-0.4107983333333333,-0.2914816666666667,398.80444800000004,-0.2904514148095736,0.04867285191180959,2041.0,0
5649.964,-1.118215,0.027901,21.416921,1.271616,0.00255,0.413435,0.29413,0.119305,-0.410885,-0.29158,398.573189,-0.29036175660283675,0.04896651302609123,2042.0,0
5650.964,-1.1178649999999999,0.025786,21.41613333333333,1.271835,0.002497,0.4129966666666667,0.2938406666666667,0.119156,-0.4104996666666667,-0.29134366666666667,398.64233966666666,-0.2902713447709127,0.04926264251912227,2043.0,0
5651.964,-1.117515,0.023670999999999998,21.415345666666667,1.272054,0.002444,0.41255833333333336,0.29355133333333333,0.119007,-0.41011433333333336,-0.2911073333333334,398.71149033333336,-0.2901807630411106,0.04955932848547584,2044.0,0
5652.964,-1.117165,0.021556,21.414558,1.272273,0.002391,0.41212000000000004,0.293262,0.118858,-0.40972900000000007,-0.29087100000000005,398.780641,-0.2900900109340831,0.04985657249517739,2045.0,0
5653.964,-1.1160856666666665,0.01772033333333333,21.414237333333332,1.272375,0.002403666666666667,0.41245366666666666,0.29349566666666665,0.11895800000000001,-0.41005,-0.291092,399.017953,-0.2901067921150887,0.049801608421140786,2046.0,0
5654.964,-1.1150063333333333,0.013884666666666667,21.413916666666665,1.2724769999999999,0.0024163333333333333,0.41278733333333334,0.29372933333333334,0.119058,-0.410371,-0.291313,399.255265,-0.2901235470429125,0.04974673033520183,2047.0,0
5655.964,-1.113927,0.010049,21.413596,1.272579,0.002429,0.41312099999999996,0.293963,0.119158,-0.41069199999999995,-0.29153399999999996,399.492577,-0.2901402757791137,0.0496919380357328,2048.0,0
5656.964,-1.116202,0.014628666666666668,21.414821,1.2738333333333334,0.002407666666666667,0.4127936666666666,0.2938673333333333,0.11892633333333333,-0.410386,-0.2914596666666666,399.42080699999997,-0.28979210578684234,0.050832313151531694,2049.0,0
5657.964,-1.118477,0.019208333333333334,21.416045999999998,1.2750876666666666,0.002386333333333333,0.4124663333333333,0.29377166666666665,0.11869466666666667,-0.41007999999999994,-0.29138533333333333,399.349037,-0.28944341618728747,0.05197439015787042,2050.0,0
5658.964,-1.120752,0.023788,21.417271,1.276342,0.002365,0.412139,0.293676,0.118463,-0.40977399999999997,-0.291311,399.277267,-0.289094205816391,0.05311817286743492,2051.0,0
5659.964,-1.120329,0.021965,21.418014666666668,1.2772173333333334,0.002358,0.4121433333333333,0.293612,0.11853133333333334,-0.40978533333333333,-0.291254,399.00538,-0.2892529647708998,0.052598183307303814,2052.0,0
5660.964,-1.119906,0.020142,21.418758333333333,1.2780926666666668,0.0023510000000000002,0.4121476666666667,0.29354800000000003,0.11859966666666666,-0.40979666666666664,-0.291197,398.733493,-0.2894117149441144,0.05207822250889704,2053.0,0
5661.964,-1.119483,0.018319,21.419502,1.278968,0.002344,0.412152,0.293484,0.118668,-0.409808,-0.29114,398.461606,-0.28957045633676337,0.051558290469828405,2054.0,0
5662.964,-1.1144516666666666,0.017502,21.417504,1.2789970000000002,0.0023883333333333335,0.412181,0.2934926666666667,0.11868833333333333,-0.4097926666666667,-0.29110433333333335,398.4867516666667,-0.28963091001525165,0.05136028411621707,2055.0,0
5663.964,-1.1094203333333335,0.016685,21.415506,1.279026,0.0024326666666666667,0.41221,0.29350133333333334,0.11870866666666667,-0.4097773333333333,-0.29106866666666664,398.5118973333333,-0.28969136821794655,0.051162262944290715,2056.0,0
5664.964,-1.104389,0.015868,21.413508,1.279055,0.002477,0.412239,0.29351,0.118729,-0.409762,-0.291033,398.537043,-0.289751830945356,0.05096422695238556,2057.0,0
5665.964,-1.1096246666666667,0.016918333333333334,21.415681,1.2801343333333333,0.002457,0.41255600000000003,0.2937053333333333,0.11885066666666667,-0.41009900000000005,-0.29124833333333333,398.7093953333333,-0.2898104030418746,0.05077238341953472,2058.0,0
5666.964,-1.1148603333333333,0.017968666666666668,21.417854000000002,1.2812136666666667,0.002437,0.41287300000000005,0.2939006666666667,0.11897233333333333,-0.410436,-0.2914636666666667,398.8817476666667,-0.2898688789536305,0.05058085492448827,2059.0,0
5667.964,-1.120096,0.019019,21.420027,1.282293,0.002417,0.41319000000000006,0.294096,0.119094,-0.41077300000000005,-0.291679,399.0541,-0.28992725891735566,0.050389640691868465,2060.0,0
5668.964,-1.1189793333333333,0.026160333333333334,21.417280666666667,1.2819793333333334,0.002431333333333333,0.4128176666666667,0.29382233333333335,0.11899533333333334,-0.41038633333333335,-0.291391,398.859511,-0.28996000506840724,0.05028238591223111,2061.0,0
5669.964,-1.1178626666666667,0.03330166666666667,21.414534333333336,1.2816656666666666,0.0024456666666666667,0.4124453333333334,0.2935486666666667,0.11889666666666666,-0.4099996666666667,-0.291103,398.664922,-0.2899928129847577,0.05017492883023733,2062.0,0
5670.964,-1.116746,0.040443,21.411788,1.281352,0.00246,0.412073,0.293275,0.118798,-0.409613,-0.290815,398.470333,-0.290025682841323,0.050067268872977855,2063.0,0
5671.964,-1.1166813333333334,0.038975,21.412915666666667,1.2815926666666666,0.0024259999999999998,0.411881,0.29316833333333336,0.11871266666666666,-0.409455,-0.2907423333333333,398.39984499999997,-0.28992919025498987,0.050383314904387744,2064.0,0
5672.964,-1.1166166666666666,0.037507,21.414043333333336,1.2818333333333334,0.002392,0.411689,0.29306166666666666,0.11862733333333333,-0.40929699999999997,-0.29066966666666666,398.329357,-0.28983262317084296,0.050699604941469856,2065.0,0
5673.964,-1.116552,0.036039,21.415171,1.282074,0.002358,0.411497,0.292955,0.118542,-0.409139,-0.290597,398.258869,-0.2897359815025737,0.05101613926691417,2066.0,0
5674.964,-1.120526,0.040675,21.41424,1.2838824999999998,0.0023935,0.41194600000000003,0.293289,0.118657,-0.4095525,-0.2908955,398.116628,-0.28972424713375483,0.05105457331493002,2067.0,0
5675.964,-1.1245,0.045311,21.413309,1.285691,0.002429,0.412395,0.293623,0.118772,-0.409966,-0.291194,397.974387,-0.28971253643603717,0.05109292983204039,2068.0,0
5676.964,-1.1126193333333334,0.03655166666666666,21.413414666666668,1.2858209999999999,0.0024360000000000002,0.412398,0.29359266666666667,0.11880533333333333,-0.409962,-0.2911566666666667,398.4107223333333,-0.2897966717159274,0.05081735818118771,2069.0,0
5677.964,-1.1007386666666668,0.027792333333333332,21.413520333333334,1.285951,0.002443,0.412401,0.29356233333333337,0.11883866666666668,-0.409958,-0.29111933333333334,398.8470576666667,-0.28988080863765375,0.05054178115276342,2070.0,0
5678.964,-1.088858,0.019033,21.413626,1.286081,0.00245,0.412404,0.293532,0.118872,-0.409954,-0.291082,399.283393,-0.2899649472012645,0.050266198746609425,2071.0,0
5679.964,-1.1000726666666667,0.023053666666666667,21.413309666666667,1.285854,0.0024646666666666667,0.41207366666666667,0.2933463333333333,0.11872733333333334,-0.409609,-0.29088166666666665,399.1467173333333,-0.28985599239598187,0.05062306278270989,2072.0,0
5680.964,-1.1112873333333335,0.027074333333333332,21.412993333333333,1.285627,0.0024793333333333334,0.4117433333333333,0.2931606666666667,0.11858266666666667,-0.40926399999999996,-0.29068133333333335,399.01004166666667,-0.2897468538975344,0.05098052847638779,2073.0,0
5681.964,-1.122502,0.031095,21.412677,1.2854,0.002494,0.411413,0.292975,0.118438,-0.408919,-0.290481,398.873366,-0.2896375312409823,0.0513385973504793,2074.0,0
5682.964,-1.118127,0.031678333333333336,21.412370666666664,1.2856626666666668,0.002452,0.41170999999999996,0.293225,0.11848500000000001,-0.409258,-0.290773,398.98966433333334,-0.2895124579420754,0.05174825493410329,2075.0,0
5683.964,-1.113752,0.03226166666666667,21.412064333333333,1.2859253333333334,0.00241,0.412007,0.293475,0.118532,-0.409597,-0.291065,399.10596266666664,-0.2893875916757,0.05215723441578779,2076.0,0
5684.964,-1.109377,0.032845,21.411758,1.286188,0.002368,0.412304,0.293725,0.118579,-0.409936,-0.29135700000000003,399.222261,-0.2892629319282325,0.05256553747782455,2077.0,0
5685.964,-1.107563,0.037701,21.414304,1.2898740000000002,0.0023629999999999996,0.41217349999999997,0.293594,0.1185795,-0.40981049999999997,-0.291231,398.9610015,-0.2893527358443373,0.05227139911581613,2078.0,0
5686.964,-1.105749,0.042557,21.41685,1.29356,0.002358,0.412043,0.293463,0.11858,-0.40968499999999997,-0.29110499999999995,398.699742,-0.2894425947803674,0.0519770805448434,2079.0,0
5687.964,-1.1033876666666667,0.039736,21.415702333333332,1.2927456666666668,0.002372333333333333,0.4123733333333333,0.2936856666666666,0.11868766666666666,-0.41000099999999995,-0.2913133333333333,398.780013,-0.28948211382113825,0.051847642248333936,2080.0,0
5688.964,-1.1010263333333334,0.036914999999999996,21.414554666666668,1.2919313333333333,0.0023866666666666667,0.41270366666666664,0.2939083333333333,0.11879533333333334,-0.410317,-0.2915216666666666,398.86028400000004,-0.2895215719916681,0.051718403322561834,2081.0,0
5689.964,-1.098665,0.034094,21.413407,1.291117,0.002401,0.41303399999999996,0.294131,0.118903,-0.41063299999999997,-0.29173,398.940555,-0.2895609694324845,0.051589363307251945,2082.0,0
5690.964,-1.0997563333333333,0.037659333333333336,21.412551,1.2917640000000001,0.002441333333333333,0.41292399999999996,0.29406466666666664,0.11885933333333333,-0.41048266666666666,-0.29162333333333335,399.0286946666667,-0.28956063811213656,0.05159044849405303,2083.0,0
5691.964,-1.1008476666666667,0.041224666666666666,21.411694999999998,1.292411,0.0024816666666666667,0.412814,0.29399833333333336,0.11881566666666667,-0.4103323333333333,-0.29151666666666665,399.1168343333333,-0.28956030654901643,0.05159153447601561,2084.0,0
5692.964,-1.101939,0.04479,21.410839,1.293058,0.002522,0.412704,0.293932,0.118772,-0.410182,-0.29141,399.204974,-0.2895599747428574,0.051592621254013205,2085.0,0
5693.964,-1.096514,0.04121666666666667,21.412035,1.2928973333333333,0.0024746666666666667,0.412602,0.29374533333333336,0.11885666666666667,-0.41012733333333334,-0.2912706666666667,399.24583566666666,-0.28980501130139574,0.050790043203000956,2086.0,0
5694.964,-1.091089,0.037643333333333334,21.413231,1.2927366666666666,0.0024273333333333334,0.41250000000000003,0.2935586666666667,0.11894133333333334,-0.4100726666666667,-0.29113133333333335,399.28669733333334,-0.29005011319159657,0.04998725116857872,2087.0,0
5695.964,-1.085664,0.03407,21.414427,1.292576,0.00238,0.41239800000000004,0.293372,0.119026,-0.41001800000000005,-0.29099200000000003,399.327559,-0.2902952804395915,0.04918424506515662,2088.0,0
5696.964,-1.0898715,0.0389035,21.413442,1.2937889999999999,0.0023805,0.412138,0.293356,0.118782,-0.4097575,-0.2909755,398.670991,-0.2898843581492911,0.050530155295181456,2089.0,0
5697.964,-1.094079,0.043737,21.412457,1.295002,0.002381,0.41187799999999997,0.29334,0.118538,-0.40949699999999994,-0.29095899999999997,398.014423,-0.28947291304432765,0.051877777921004564,2090.0,0
5698.964,-1.0932803333333334,0.04433733333333333,21.413785999999998,1.2955513333333333,0.0024393333333333333,0.4116686666666666,0.293209,0.11845966666666667,-0.4092293333333333,-0.29076966666666665,398.1455623333334,-0.28947083331636364,0.05188458973727372,2091.0,0
5699.964,-1.0924816666666666,0.04493766666666667,21.415115,1.2961006666666668,0.0024976666666666667,0.41145933333333334,0.293078,0.11838133333333334,-0.40896166666666667,-0.29058033333333333,398.27670166666667,-0.2894687508660164,0.05189141047027357,2092.0,0
5700.964,-1.091683,0.045538,21.416444,1.29665,0.002556,0.41125,0.292947,0.118303,-0.408694,-0.290391,398.407841,-0.2894666656879369,0.05189824013752431,2093.0,0
5701.964,-1.0949266666666666,0.044471666666666666,21.415115333333333,1.2971883333333334,0.0025273333333333333,0.4115453333333333,0.293141,0.11840433333333333,-0.409018,-0.29061366666666666,398.729082,-0.28948511512561415,0.0518378119556171,2094.0,0
5702.964,-1.0981703333333332,0.04340533333333334,21.413786666666667,1.2977266666666667,0.002498666666666667,0.4118406666666667,0.293335,0.11850566666666668,-0.409342,-0.2908363333333333,399.050323,-0.2895035353572368,0.051777479433469886,2095.0,0
5703.964,-1.101414,0.042339,21.412458,1.298265,0.00247,0.412136,0.293529,0.118607,-0.409666,-0.29105899999999996,399.371564,-0.2895219264521012,0.05171724234411346,2096.0,0
5704.964,-1.0943553333333333,0.038941,21.412574666666668,1.297623,0.0024616666666666667,0.41245166666666666,0.293657,0.11879466666666667,-0.40998999999999997,-0.2911953333333333,399.5119603333333,-0.289750863234542,0.05096739653436,2097.0,0
5705.964,-1.0872966666666666,0.035543,21.41269133333333,1.296981,0.0024533333333333334,0.4127673333333333,0.29378499999999996,0.11898233333333333,-0.410314,-0.29133166666666666,399.65235666666666,-0.2899794384612073,0.05021873494271434,2098.0,0
5706.964,-1.080238,0.032145,21.412808,1.296339,0.002445,0.413083,0.293913,0.11917,-0.410638,-0.291468,399.792753,-0.29020765298791873,0.04947125476606917,2099.0,0
5707.964,-1.0808943333333334,0.03472633333333333,21.412647666666665,1.2976373333333333,0.002435,0.412786,0.293857,0.11892899999999999,-0.410351,-0.291422,399.595255,-0.28982332155477036,0.05073007089701276,2100.0,0
5708.964,-1.0815506666666665,0.03730766666666667,21.412487333333335,1.2989356666666665,0.002425,0.412489,0.293801,0.118688,-0.410064,-0.29137599999999997,399.397757,-0.2894384521402809,0.05199064909978268,2101.0,0
5709.964,-1.082207,0.039889,21.412327,1.300234,0.002415,0.412192,0.293745,0.118447,-0.409777,-0.29133,399.200259,-0.28905304361407214,0.05325299307675191,2102.0,0
5710.964,-1.0790276666666667,0.03573233333333333,21.412064333333333,1.3003943333333332,0.0024403333333333334,0.41218733333333335,0.2937513333333333,0.118436,-0.40974700000000003,-0.291311,399.15415866666666,-0.289047361048064,0.05327160541271825,2103.0,0
5711.964,-1.0758483333333333,0.03157566666666667,21.41180166666667,1.3005546666666667,0.002465666666666667,0.4121826666666667,0.2937576666666667,0.118425,-0.409717,-0.291292,399.10805833333336,-0.28904167764988425,0.05329022047432963,2104.0,0
5712.964,-1.072669,0.027419,21.411539,1.300715,0.002491,0.41217800000000004,0.293764,0.118414,-0.409687,-0.291273,399.061958,-0.28903599341935043,0.05330883826218358,2105.0,0
5713.964,-1.0844236666666667,0.03755533333333333,21.411320333333332,1.3024506666666666,0.0024983333333333333,0.4120163333333334,0.29364433333333334,0.118372,-0.40951800000000005,-0.291146,399.1677793333333,-0.2890527133183726,0.05325407490748102,2106.0,0
5714.964,-1.0961783333333335,0.04769166666666666,21.411101666666667,1.3041863333333334,0.002505666666666667,0.4118546666666667,0.2935246666666667,0.11833,-0.409349,-0.291019,399.27360066666665,-0.2890694470230708,0.05319926633449501,2107.0,0
5715.964,-1.107933,0.057828,21.410883,1.305922,0.002513,0.41169300000000003,0.293405,0.118288,-0.40918000000000004,-0.29089200000000004,399.379422,-0.2890861945505512,0.053144412487197035,2108.0,0
5716.964,-1.0943615,0.047799999999999995,21.411758,1.305677,0.0024619999999999998,0.4116685,0.293387,0.11828150000000001,-0.40920650000000003,-0.290925,399.21597499999996,-0.289051588993794,0.05325775745278927,2109.0,0
5717.964,-1.08079,0.037772,21.412633,1.305432,0.002411,0.411644,0.293369,0.118275,-0.409233,-0.290958,399.052528,-0.28901698791883335,0.05337108773897392,2110.0,0
5718.964,-1.0788734999999998,0.043009,21.411517500000002,1.3051300000000001,0.002406,0.4121135,0.29356099999999996,0.1185525,-0.4097075,-0.291155,399.1385735,-0.2893595781370324,0.05224898828059854,2111.0,0
5719.964,-1.076957,0.048246,21.410402,1.304828,0.002401,0.412583,0.293753,0.11883,-0.410182,-0.291352,399.224619,-0.2897013757341271,0.051129484925861335,2112.0,0
5720.964,-1.0765836666666666,0.04559633333333333,21.408948000000002,1.306235,0.002381,0.412847,0.293895,0.118952,-0.410466,-0.291514,399.3356826666667,-0.28979815575018575,0.05081249746436323,2113.0,0
5721.964,-1.0762103333333333,0.04294666666666667,21.407494,1.307642,0.0023610000000000003,0.413111,0.294037,0.119074,-0.41075000000000006,-0.29167600000000005,399.44674633333335,-0.28989480193500167,0.05049594834569282,2114.0,0
5722.964,-1.075837,0.040297,21.40604,1.309049,0.002341,0.41337500000000005,0.294179,0.119196,-0.41103400000000007,-0.29183800000000004,399.55781,-0.28999131456598376,0.050179836661241595,2115.0,0
5723.964,-1.0704496666666665,0.03877566666666667,21.407523,1.3092173333333332,0.002399,0.41277900000000006,0.29386100000000004,0.118918,-0.4103800000000001,-0.29146200000000005,399.530303,-0.2897760362981536,0.05088494619122785,2116.0,0
5724.964,-1.0650623333333333,0.037254333333333334,21.409005999999998,1.3093856666666668,0.002457,0.412183,0.293543,0.11864,-0.40972600000000003,-0.291086,399.502796,-0.28956007077918117,0.051592306702396784,2117.0,0
5725.964,-1.059675,0.035733,21.410489,1.309554,0.002515,0.41158700000000004,0.293225,0.118362,-0.40907200000000005,-0.29071,399.475289,-0.28934341471284936,0.052301928990980184,2118.0,0
5726.964,-1.0618946666666667,0.03791166666666667,21.410340666666666,1.3095196666666666,0.0025196666666666666,0.41198300000000004,0.29348,0.118503,-0.40946333333333335,-0.2909603333333333,399.6853873333333,-0.289411236035549,0.05207979109729588,2119.0,0
5727.964,-1.0641143333333332,0.04009033333333333,21.41019233333333,1.3094853333333334,0.0025243333333333333,0.412379,0.29373499999999997,0.118644,-0.4098546666666667,-0.2912106666666667,399.8954856666667,-0.28947892784497886,0.05185807740360959,2120.0,0
5728.964,-1.066334,0.042269,21.410044,1.309451,0.002529,0.412775,0.29399,0.118785,-0.410246,-0.29146099999999997,400.105584,-0.2895464905117674,0.05163678669598715,2121.0,0
5729.964,-1.082605,0.050048499999999996,21.4111415,1.3141954999999998,0.00244,0.412493,0.29382299999999995,0.11867,-0.410053,-0.29138299999999995,400.050537,-0.2894023197057935,0.052108995109138245,2122.0,0
5730.964,-1.098876,0.057828,21.412239,1.31894,0.002351,0.412211,0.293656,0.118555,-0.40986,-0.291305,399.99549,-0.2892580131215857,0.05258164824217504,2123.0,0
5731.964,-1.095566,0.05531666666666667,21.411359,1.3177076666666667,0.0023716666666666665,0.411933,0.2935143333333333,0.11841866666666666,-0.40956133333333333,-0.29114266666666666,399.6889276666667,-0.2891360735618114,0.052981041764548764,2124.0,0
5732.964,-1.092256,0.05280533333333333,21.410479,1.3164753333333332,0.0023923333333333336,0.411655,0.29337266666666667,0.11828233333333334,-0.40926266666666666,-0.29098033333333334,399.3823653333333,-0.289013956026503,0.053381018217315224,2125.0,0
5733.964,-1.088946,0.050294,21.409599,1.315243,0.002413,0.411377,0.293231,0.118146,-0.408964,-0.290818,399.075803,-0.2888916601257326,0.053781578877620695,2126.0,0
5734.964,-1.086933,0.04299,21.409852,1.3145283333333333,0.002416,0.4116646666666667,0.29337233333333335,0.11829233333333333,-0.40924866666666665,-0.2909563333333334,399.1314326666667,-0.28904827801909677,0.053268602020780764,2127.0,0
5735.964,-1.08492,0.035686,21.410104999999998,1.3138136666666667,0.002419,0.4119523333333333,0.2935136666666667,0.11843866666666666,-0.40953333333333336,-0.29109466666666667,399.1870623333333,-0.28920467818169826,0.05275633830622539,2128.0,0
5736.964,-1.082907,0.028382,21.410358,1.313099,0.002422,0.41224,0.293655,0.118585,-0.409818,-0.291233,399.242692,-0.28936086106725684,0.0522447862478681,2129.0,0
5737.964,-1.086626,0.033632333333333334,21.409949666666666,1.3142366666666667,0.0024663333333333334,0.4122246666666667,0.293662,0.11856266666666666,-0.40975833333333334,-0.2911956666666667,399.23011933333333,-0.2893484924410546,0.05228529770448631,2130.0,0
5738.964,-1.090345,0.03888266666666666,21.409541333333333,1.3153743333333332,0.0025106666666666667,0.4122093333333333,0.293669,0.11854033333333333,-0.4096986666666667,-0.29115833333333335,399.21754666666664,-0.28933612021222144,0.052325820960945735,2131.0,0
5739.964,-1.094064,0.044133,21.409133,1.316512,0.002555,0.412194,0.293676,0.118518,-0.40963900000000003,-0.291121,399.204974,-0.28932374437918357,0.05236635602240125,2132.0,0
5740.964,-1.0847384999999998,0.049131499999999995,21.4089585,1.3204875,0.0025295,0.4126015,0.293941,0.1186605,-0.410072,-0.29141150000000005,399.50446550000004,-0.28936574398092035,0.05222879304524275,2133.0,0
5741.964,-1.075413,0.05413,21.408784,1.324463,0.002504,0.413009,0.294206,0.118803,-0.410505,-0.291702,399.803957,-0.2894076549802194,0.05209152027119601,2134.0,0
5742.964,-1.0742323333333332,0.05676266666666666,21.40764,1.3243233333333333,0.0025150000000000003,0.41263733333333336,0.293986,0.11865133333333333,-0.4101223333333333,-0.291471,399.61366100000004,-0.2893078796193646,0.052418318505433326,2135.0,0
5743.964,-1.0730516666666667,0.059395333333333335,21.406496,1.3241836666666666,0.002526,0.41226566666666664,0.29376599999999997,0.11849966666666667,-0.40973966666666667,-0.29124,399.423365,-0.28920791789238015,0.05274572715211667,2136.0,0
5744.964,-1.071871,0.062028,21.405352,1.324044,0.002537,0.411894,0.293546,0.118348,-0.40935699999999997,-0.29100899999999996,399.233069,-0.2891077692766199,0.053073747923090164,2137.0,0
5745.964,-1.0780436666666666,0.06278666666666667,21.405781,1.3255006666666667,0.0024790000000000003,0.41175666666666666,0.29346633333333333,0.11829033333333333,-0.40927766666666665,-0.2909873333333333,399.22841866666664,-0.28902291033775035,0.05335168980317184,2138.0,0
5746.964,-1.0842163333333334,0.06354533333333333,21.406209999999998,1.3269573333333333,0.002421,0.41161933333333334,0.29338666666666663,0.11823266666666667,-0.40919833333333333,-0.2909656666666666,399.22376833333334,-0.28893801849474426,0.053629739455489434,2139.0,0
5747.964,-1.090389,0.064304,21.406639,1.328414,0.002363,0.411482,0.293307,0.118175,-0.409119,-0.290944,399.219118,-0.2888530937284598,0.05390789694273879,2140.0,0
5748.964,-1.0842355000000001,0.067724,21.4058115,1.3272154999999999,0.0023864999999999997,0.411987,0.293603,0.118384,-0.40960050000000003,-0.2912165,399.1195735,-0.289023790312244,0.053348807587480174,2141.0,0
5749.964,-1.078082,0.071144,21.404984,1.326017,0.00241,0.412492,0.293899,0.118593,-0.410082,-0.291489,399.020029,-0.2891940860464152,0.05279103115100836,2142.0,0
5750.964,-1.0718233333333334,0.06384366666666666,21.405092,1.3271256666666666,0.0024116666666666666,0.41242533333333337,0.2938036666666667,0.11862166666666667,-0.41001366666666667,-0.291392,399.0244666666667,-0.28931220011089087,0.052404167426552406,2143.0,0
5751.964,-1.0655646666666667,0.056543333333333334,21.4052,1.3282343333333333,0.0024133333333333333,0.41235866666666665,0.29370833333333335,0.11865033333333334,-0.40994533333333333,-0.291295,399.02890433333334,-0.28943035355206753,0.052017174730011106,2144.0,0
5752.964,-1.059306,0.049243,21.405308,1.329343,0.002415,0.412292,0.293613,0.118679,-0.409877,-0.291198,399.033342,-0.2895485463896397,0.05163005299687817,2145.0,0
5753.964,-1.0647666666666666,0.05674266666666667,21.404702,1.3307689999999999,0.002477,0.411973,0.29352733333333336,0.11844566666666667,-0.40949599999999997,-0.29105033333333336,399.104697,-0.2892481389679156,0.052613989453034415,2146.0,0
5754.964,-1.0702273333333334,0.06424233333333333,21.404096000000003,1.332195,0.002539,0.411654,0.29344166666666666,0.11821233333333334,-0.409115,-0.29090266666666664,399.176052,-0.28894717201888315,0.05359975855138632,2147.0,0
5755.964,-1.075688,0.071742,21.40349,1.333621,0.002601,0.411335,0.293356,0.117979,-0.408734,-0.290755,399.247407,-0.2886456439778535,0.05458736541682163,2148.0,0
5756.964,-1.076038,0.06618533333333333,21.403592,1.3350943333333334,0.002599666666666667,0.411291,0.29328533333333334,0.11800566666666666,-0.4086913333333333,-0.2906856666666667,399.16725533333334,-0.28874102723251754,0.054274952823843314,2149.0,0
5757.964,-1.076388,0.06062866666666667,21.403694,1.3365676666666666,0.002598333333333333,0.411247,0.2932146666666667,0.11803233333333334,-0.40864866666666666,-0.2906163333333333,399.0871036666667,-0.2888364304050024,0.053962474993228926,2150.0,0
5758.964,-1.076738,0.055072,21.403796,1.338041,0.002597,0.411203,0.293144,0.118059,-0.40860599999999997,-0.290547,399.006952,-0.2889318535015479,0.05364993190454104,2151.0,0
5759.964,-1.0792973333333333,0.058244333333333335,21.403712333333335,1.3394953333333333,0.0026296666666666664,0.41165566666666664,0.2934506666666667,0.118205,-0.409026,-0.290821,399.1837586666667,-0.28899211539636926,0.05345255370765245,2152.0,0
5760.964,-1.0818566666666667,0.06141666666666666,21.403628666666666,1.3409496666666667,0.0026623333333333334,0.41210833333333335,0.2937573333333333,0.118351,-0.409446,-0.291095,399.36056533333334,-0.28905225366044285,0.053255580443502315,2153.0,0
5761.964,-1.084416,0.064589,21.403545,1.342404,0.002695,0.412561,0.294064,0.118497,-0.409866,-0.291369,399.537372,-0.28911226867383166,0.05305901086725462,2154.0,0
5762.964,-1.076032,0.06559066666666666,21.403512,1.3423496666666666,0.002622666666666667,0.4125106666666667,0.2940506666666667,0.11846000000000001,-0.40988800000000003,-0.291428,399.514687,-0.2890064822743829,0.05340549729686994,2155.0,0
5763.964,-1.067648,0.06659233333333334,21.403479,1.3422953333333334,0.0025503333333333333,0.4124603333333333,0.2940373333333333,0.118423,-0.40991,-0.291487,399.492002,-0.28890070723014133,0.05375194653432058,2156.0,0
5764.964,-1.059264,0.067594,21.403446,1.342241,0.002478,0.41241,0.294024,0.118386,-0.409932,-0.291546,399.469317,-0.2887949435392785,0.05409835858559531,2157.0,0
5765.964,-1.067329,0.07025400000000001,21.40569,1.345768,0.0024885000000000003,0.41228699999999996,0.2938365,0.1184505,-0.4097985,-0.29134800000000005,399.6980195,-0.289046419268053,0.05327469006249541,2158.0,0
5766.964,-1.075394,0.072914,21.407934,1.349295,0.002499,0.412164,0.293649,0.118515,-0.409665,-0.29115,399.926722,-0.2892980588970473,0.05245048471044356,2159.0,0
5767.964,-1.074818,0.06896433333333334,21.407803,1.349227,0.0025206666666666667,0.41189566666666666,0.29351299999999997,0.11838266666666666,-0.409375,-0.29099233333333335,399.8669233333333,-0.2891797394721372,0.05283802106015267,2160.0,0
5768.964,-1.074242,0.06501466666666667,21.407671999999998,1.349159,0.002542333333333333,0.4116273333333333,0.293377,0.11825033333333333,-0.409085,-0.29083466666666663,399.80712466666665,-0.28906125229374235,0.05322610685956697,2161.0,0
5769.964,-1.073666,0.061065,21.407541,1.349091,0.002564,0.411359,0.293241,0.118118,-0.40879499999999996,-0.29067699999999996,399.747326,-0.2889425970048484,0.05361474327802973,2162.0,0
5770.964,-1.0689336666666667,0.06342133333333333,21.406646666666667,1.3496926666666667,0.0025803333333333334,0.4112513333333333,0.29320199999999996,0.11804933333333334,-0.408671,-0.29062166666666667,399.3901663333333,-0.2888622441905042,0.05387792606803632,2163.0,0
5771.964,-1.0642013333333333,0.06577766666666666,21.405752333333332,1.3502943333333335,0.0025966666666666664,0.4111436666666667,0.293163,0.11798066666666666,-0.408547,-0.2905663333333333,399.03300666666667,-0.28878184259952777,0.054141268618099425,2164.0,0
5772.964,-1.059469,0.068134,21.404858,1.350896,0.002613,0.411036,0.293124,0.117912,-0.40842300000000004,-0.290511,398.675847,-0.28870139218749236,0.05440477107373154,2165.0,0
5773.964,-1.0579773333333333,0.06745533333333334,21.404416333333334,1.3518763333333335,0.002572333333333333,0.411389,0.29333133333333333,0.11805766666666667,-0.40881666666666666,-0.290759,399.07277066666666,-0.2887797026695813,0.05414827761633201,2166.0,0
5774.964,-1.0564856666666667,0.06677666666666666,21.403974666666667,1.3528566666666666,0.002531666666666667,0.411742,0.29353866666666667,0.11820333333333333,-0.40921033333333334,-0.291007,399.46969433333334,-0.2888578624795133,0.05389227766148097,2167.0,0
5775.964,-1.054994,0.066098,21.403533,1.353837,0.002491,0.412095,0.293746,0.118349,-0.40960399999999997,-0.291255,399.866618,-0.28893587205171833,0.053636769786272076,2168.0,0
5776.964,-1.0562865000000001,0.06408,21.405808999999998,1.3562165,0.002495,0.4126205,0.2940525,0.118568,-0.41012550000000003,-0.2915575,400.00692449999997,-0.2891024554738866,0.053091152433937916,2169.0,0
5777.964,-1.057579,0.062062,21.408085,1.358596,0.002499,0.413146,0.294359,0.118787,-0.41064700000000004,-0.29186,400.147231,-0.28926861579072977,0.05254692089541546,2170.0,0
5778.964,-1.0737649999999999,0.0739575,21.4055355,1.3603625,0.002495,0.412573,0.294017,0.118556,-0.41007800000000005,-0.291522,399.52444249999996,-0.2891066799649823,0.05307731578911101,2171.0,0
5779.964,-1.089951,0.085853,21.402986,1.362129,0.002491,0.41200000000000003,0.293675,0.118325,-0.409509,-0.291184,398.901654,-0.28894429412856404,0.05360918462077413,2172.0,0
5780.964,-1.0860789999999998,0.086673,21.403052,1.3634745,0.0024735,0.411876,0.293588,0.118288,-0.4094025,-0.2911145,399.28709000000003,-0.288929083063936,0.05365900602977458,2173.0,0
5781.964,-1.082207,0.087493,21.403118,1.36482,0.002456,0.411752,0.293501,0.118251,-0.409296,-0.291045,399.672526,-0.28891386408336284,0.053708853366187026,2174.0,0
5782.964,-1.0735043333333332,0.08174033333333333,21.402720666666667,1.36565,0.0024323333333333332,0.41189333333333333,0.29356033333333337,0.118333,-0.409461,-0.291128,399.6631096666667,-0.28899770429345956,0.05343424816924314,2175.0,0
5783.964,-1.0648016666666666,0.07598766666666668,21.40232333333333,1.36648,0.0024086666666666666,0.4120346666666667,0.29361966666666667,0.118415,-0.409626,-0.291211,399.6536933333333,-0.2890814769606348,0.053159864198334184,2176.0,0
5784.964,-1.056099,0.070235,21.401926,1.36731,0.002385,0.41217600000000004,0.293679,0.118497,-0.409791,-0.291294,399.644277,-0.2891651821664755,0.05288570118623526,2177.0,0
5785.964,-1.0605576666666665,0.07111666666666668,21.403234666666666,1.3687993333333333,0.002428333333333333,0.41208300000000003,0.293719,0.118364,-0.40965466666666667,-0.29129066666666664,399.7980186666667,-0.28893675226471793,0.05363388678939229,2178.0,0
5786.964,-1.0650163333333333,0.07199833333333333,21.404543333333333,1.3702886666666667,0.0024716666666666667,0.41198999999999997,0.293759,0.118231,-0.4095183333333333,-0.29128733333333334,399.9517603333333,-0.2887081702687391,0.05438257055284179,2179.0,0
5787.964,-1.069475,0.07288,21.405852,1.371778,0.002515,0.41189699999999996,0.293799,0.118098,-0.40938199999999997,-0.291284,400.105502,-0.28847943602658643,0.05513175297427997,2180.0,0
5788.964,-1.0644876666666667,0.07401733333333334,21.405035333333334,1.37223,0.0024956666666666664,0.4119696666666666,0.2938053333333333,0.11816433333333333,-0.409474,-0.2913096666666667,400.04316166666666,-0.28857661758732156,0.054813450317425905,2181.0,0
5789.964,-1.0595003333333333,0.07515466666666666,21.404218666666665,1.372682,0.0024763333333333334,0.41204233333333334,0.2938116666666667,0.11823066666666666,-0.409566,-0.29133533333333334,399.9808213333333,-0.28867375548854673,0.05449529066031289,2182.0,0
5790.964,-1.054513,0.076292,21.403402,1.373134,0.002457,0.412115,0.293818,0.118297,-0.409658,-0.29136100000000004,399.918481,-0.28877084975967693,0.05417727390659677,2183.0,0
5791.964,-1.0573566666666667,0.07961733333333333,21.40225,1.3738926666666667,0.0024476666666666666,0.411934,0.29371533333333333,0.11821866666666667,-0.40948633333333334,-0.2912676666666667,399.75293899999997,-0.28870061280176096,0.054407323827022847,2184.0,0
5792.964,-1.0602003333333334,0.08294266666666666,21.401098,1.3746513333333334,0.0024383333333333336,0.411753,0.2936126666666667,0.11814033333333333,-0.40931466666666666,-0.2911743333333333,399.587397,-0.2886303169289077,0.05463756671390185,2185.0,0
5793.964,-1.063044,0.086268,21.399946,1.37541,0.002429,0.411572,0.29351,0.118062,-0.409143,-0.291081,399.421855,-0.2885599620669596,0.05486800281012505,2186.0,0
5794.964,-1.0715345,0.0896035,21.4006,1.376626,0.0023535,0.4122245,0.2938,0.1184245,-0.409871,-0.2914465,399.2668125,-0.2889318564422865,0.053649922272621886,2187.0,0
5795.964,-1.080025,0.092939,21.401254,1.377842,0.002278,0.41287700000000005,0.29409,0.118787,-0.41059900000000005,-0.291812,399.11177,-0.289302432062504,0.05243616110652938,2188.0,0
5796.964,-1.0726615000000002,0.09102350000000001,21.401250500000003,1.3783875,0.002327,0.4117615,0.29352350000000005,0.11823800000000001,-0.40943450000000003,-0.2911965,399.34144,-0.2887843813464212,0.054132953358752345,2189.0,0
5797.964,-1.065298,0.089108,21.401247,1.378933,0.002376,0.410646,0.292957,0.117689,-0.40827,-0.29058100000000003,399.57111,-0.28826337537260965,0.055839425084937666,2190.0,0
5798.964,-1.059842,0.08136566666666667,21.401827333333333,1.380487,0.002403,0.41094933333333333,0.29310600000000003,0.11784333333333333,-0.40854633333333334,-0.29070300000000004,399.490931,-0.2884461618294501,0.05524073728440082,2191.0,0
5799.964,-1.054386,0.07362333333333333,21.40240766666667,1.3820409999999999,0.00243,0.41125266666666666,0.293255,0.11799766666666667,-0.40882266666666667,-0.290825,399.410752,-0.28862870118592865,0.054642858821572715,2192.0,0
5800.964,-1.04893,0.065881,21.402988,1.383595,0.002457,0.411556,0.293404,0.118152,-0.409099,-0.290947,399.330573,-0.2888109939427716,0.054045788056404476,2193.0,0
5801.964,-1.050149,0.07270599999999999,21.402892666666666,1.3842796666666666,0.002390666666666667,0.411406,0.293325,0.11808099999999999,-0.40901533333333334,-0.29093433333333335,399.38876533333337,-0.2886964841492922,0.0544208465677577,2194.0,0
5802.964,-1.0513679999999999,0.079531,21.402797333333336,1.3849643333333332,0.002324333333333333,0.411256,0.293246,0.11801,-0.4089316666666667,-0.2909216666666667,399.44695766666666,-0.28858192749871203,0.054796058552049276,2195.0,0
5803.964,-1.052587,0.086356,21.402702,1.385649,0.002258,0.411106,0.293167,0.117939,-0.40884800000000004,-0.29090900000000003,399.50515,-0.2884673239622646,0.055171424103498956,2196.0,0
5804.964,-1.054906,0.084562,21.403431,1.3879679999999999,0.0022906666666666665,0.4115026666666667,0.29351166666666667,0.117991,-0.409212,-0.291221,399.393566,-0.2883378012810017,0.05559565492729901,2197.0,0
5805.964,-1.057225,0.08276800000000001,21.40416,1.390287,0.0023233333333333335,0.41189933333333334,0.29385633333333333,0.11804300000000001,-0.409576,-0.291533,399.28198199999997,-0.28820850882011845,0.05601913170107209,2198.0,0
5806.964,-1.059544,0.080974,21.404889,1.392606,0.002356,0.412296,0.294201,0.118095,-0.40993999999999997,-0.29184499999999997,399.170398,-0.2880794459663511,0.05644185643346533,2199.0,0
5807.964,-1.043113,0.085402,21.4038545,1.3914745000000002,0.0023885,0.411549,0.293549,0.118,-0.4091605,-0.2911605,399.30598999999995,-0.2883960900333488,0.05540473944295776,2200.0,0
5808.964,-1.026682,0.08983,21.40282,1.390343,0.002421,0.410802,0.292897,0.117905,-0.408381,-0.290476,399.441582,-0.288713942896322,0.05436366323459352,2201.0,0
5809.964,-1.0456175,0.08452699999999999,21.401688999999998,1.39363,0.00236,0.41131249999999997,0.293303,0.11800949999999999,-0.4089525,-0.290943,399.377891,-0.28856600354809797,0.05484821490506231,2202.0,0
5810.964,-1.064553,0.079224,21.400558,1.396917,0.002299,0.411823,0.293709,0.118114,-0.409524,-0.29141,399.3142,-0.2884184771062919,0.05533141416660825,2203.0,0
5811.964,-1.06129,0.08064450000000001,21.402578,1.397024,0.002384,0.411621,0.293527,0.118094,-0.409237,-0.29114300000000004,399.4592205,-0.28857187539708146,0.054828982602988297,2204.0,0
5812.964,-1.058027,0.082065,21.404598,1.397131,0.002469,0.41141900000000003,0.293345,0.118074,-0.40895000000000004,-0.290876,399.604241,-0.2887254889974055,0.054325845827429275,2205.0,0
5813.964,-1.0544980000000002,0.07450799999999999,21.4040545,1.4003055,0.0024665,0.411804,0.29358850000000003,0.1182155,-0.4093375,-0.291122,399.302453,-0.2887978472479243,0.054088847952408425,2206.0,0
5814.964,-1.050969,0.066951,21.403511,1.40348,0.002464,0.41218899999999997,0.293832,0.118357,-0.40972499999999995,-0.29136799999999996,399.000665,-0.2888700686315666,0.053852298362947804,2207.0,0
5815.964,-1.0427006666666667,0.07441666666666666,21.404022666666666,1.4054776666666666,0.0024406666666666665,0.4117666666666666,0.29359766666666665,0.118169,-0.40932599999999997,-0.29115699999999994,399.28415033333334,-0.288692359372137,0.05443435661552298,2208.0,0
5816.964,-1.0344323333333334,0.08188233333333333,21.404534333333334,1.4074753333333334,0.0024173333333333334,0.4113443333333333,0.2933633333333333,0.117981,-0.40892699999999993,-0.290946,399.56763566666666,-0.28851430332138334,0.05501755072760672,2209.0,0
5817.964,-1.026164,0.089348,21.405046,1.409473,0.002394,0.41092199999999995,0.293129,0.117793,-0.40852799999999995,-0.29073499999999997,399.851121,-0.2883358994631933,0.055601884027312254,2210.0,0
5818.964,-1.0358906666666667,0.088657,21.403652333333334,1.4092623333333334,0.0023986666666666666,0.41110766666666665,0.2932903333333333,0.11781733333333333,-0.408709,-0.29089166666666666,399.79027966666666,-0.28826774453481047,0.05582511459304784,2211.0,0
5819.964,-1.0456173333333334,0.087966,21.402258666666665,1.4090516666666666,0.0024033333333333333,0.41129333333333334,0.29345166666666667,0.11784166666666666,-0.40889,-0.2910483333333333,399.7294383333333,-0.28819964994574726,0.05604814752699372,2212.0,0
5820.964,-1.055344,0.087275,21.400865,1.408841,0.002408,0.41147900000000004,0.293613,0.117866,-0.409071,-0.291205,399.668597,-0.2881316156159093,0.056270983091486704,2213.0,0
5821.964,-1.052252,0.084285,21.400996,1.4105766666666666,0.0023796666666666666,0.41103233333333333,0.293242,0.11779033333333333,-0.40865266666666666,-0.29086233333333333,399.6549763333333,-0.2882414117973335,0.05591136326242252,2214.0,0
5822.964,-1.04916,0.081295,21.401127,1.4123123333333334,0.0023513333333333333,0.4105856666666667,0.292871,0.11771466666666666,-0.4082343333333333,-0.2905196666666666,399.64135566666664,-0.288351433004001,0.05555100639916932,2215.0,0
5823.964,-1.046068,0.078305,21.401258,1.414048,0.002323,0.410139,0.2925,0.117639,-0.40781599999999996,-0.29017699999999996,399.627735,-0.2884616799283989,0.05518991023359654,2216.0,0
5824.964,-1.046893,0.07993866666666667,21.40357433333333,1.4177263333333334,0.002351,0.41062566666666667,0.2927663333333333,0.11785933333333333,-0.4082746666666666,-0.2904153333333333,399.47785,-0.28867728427255906,0.054483732692750975,2217.0,0
5825.964,-1.047718,0.08157233333333333,21.405890666666668,1.4214046666666666,0.002379,0.4111123333333333,0.29303266666666666,0.11807966666666667,-0.40873333333333334,-0.29065366666666664,399.327965,-0.2888924047277884,0.053779140052694796,2218.0,0
5826.964,-1.048543,0.083206,21.408207,1.425083,0.002407,0.411599,0.293299,0.1183,-0.409192,-0.290892,399.17808,-0.28910704292127637,0.05307612698382891,2219.0,0
5827.964,-1.0481993333333333,0.08852933333333333,21.406488666666668,1.425095,0.002441333333333333,0.41152866666666665,0.293303,0.11822566666666667,-0.4090873333333333,-0.29086166666666663,399.44740666666667,-0.28899930658483663,0.053429000120142844,2220.0,0
5828.964,-1.0478556666666667,0.09385266666666667,21.40477033333333,1.4251070000000001,0.002475666666666667,0.4114583333333333,0.293307,0.11815133333333333,-0.40898266666666666,-0.29083133333333333,399.71673333333337,-0.288891515104589,0.05378205387117874,2221.0,0
5829.964,-1.047512,0.099176,21.403052,1.425119,0.00251,0.411388,0.293311,0.118077,-0.40887799999999996,-0.290801,399.98606,-0.28878366843818554,0.0541352883756403,2222.0,0
5830.964,-1.0456913333333333,0.09104633333333334,21.402487,1.426933,0.0025046666666666668,0.411018,0.29307466666666665,0.11794333333333333,-0.4085133333333333,-0.29057,399.92820466666666,-0.2887142534252332,0.05436264614681774,2223.0,0
5831.964,-1.0438706666666666,0.08291666666666667,21.401922,1.428747,0.0024993333333333334,0.41064799999999996,0.2928383333333333,0.11780966666666667,-0.40814866666666666,-0.29033899999999996,399.87034933333337,-0.28864471437216754,0.05459041019154476,2224.0,0
5832.964,-1.04205,0.074787,21.401357,1.430561,0.002494,0.410278,0.292602,0.117676,-0.407784,-0.290108,399.812494,-0.28857505094621405,0.05481858159977093,2225.0,0
5833.964,-1.0499666666666667,0.08096233333333333,21.403540666666668,1.433502,0.0024980000000000002,0.41029766666666667,0.29263,0.11766766666666667,-0.40779966666666667,-0.290132,399.70375966666666,-0.28854352965025226,0.05492182456249162,2226.0,0
5834.964,-1.0578833333333333,0.08713766666666667,21.405724333333332,1.436443,0.002502,0.4103173333333333,0.292658,0.11765933333333334,-0.4078153333333333,-0.29015599999999997,399.59502533333335,-0.2885120107761457,0.05502505959281301,2227.0,0
5835.964,-1.0658,0.093313,21.407908,1.439384,0.002506,0.410337,0.292686,0.117651,-0.407831,-0.29018,399.486291,-0.2884804943236152,0.055128286691649264,2228.0,0
5836.964,-1.049962,0.09332733333333333,21.406639333333334,1.4403466666666667,0.002495,0.410539,0.29283166666666666,0.11770733333333333,-0.408044,-0.2903366666666667,399.628259,-0.28846796375218625,0.055169328573952514,2229.0,0
5837.964,-1.034124,0.09334166666666666,21.405370666666666,1.4413093333333333,0.002484,0.410741,0.29297733333333337,0.11776366666666667,-0.408257,-0.2904933333333333,399.770227,-0.28845544625594394,0.05521032763057343,2230.0,0
5838.964,-1.018286,0.093356,21.404102,1.442272,0.002473,0.410943,0.293123,0.11782,-0.40847,-0.29065,399.912195,-0.2884429418144338,0.05525128392850742,2231.0,0
5839.964,-1.0294136666666667,0.09182466666666667,21.403329,1.4446056666666667,0.002463,0.42995333333333335,0.29798600000000003,0.13196733333333333,-0.42749033333333336,-0.29552300000000004,392.5282813333333,-0.30870321910566184,0.011108013469222522,2232.0,0
5840.964,-1.0405413333333333,0.09029333333333332,21.402556,1.4469393333333334,0.002453,0.44896366666666665,0.302849,0.14611466666666667,-0.44651066666666667,-0.300396,385.14436766666665,-0.3272374095670941,0.07181378956384976,2233.0,0
5841.964,-1.051669,0.088762,21.401783,1.449273,0.002443,0.467974,0.307712,0.160262,-0.46553100000000003,-0.305269,377.760454,-0.34425708332438293,0.1275590084588183,2234.0,0
5842.964,-1.045354,0.08844133333333333,21.401797666666667,1.451169,0.002441333333333333,0.486918,0.31302199999999997,0.173896,-0.48447666666666667,-0.31058066666666667,334.030607,-0.3589364997347649,0.175639088765686,2235.0,1
5843.964,-1.039039,0.08812066666666667,21.401812333333332,1.453065,0.002439666666666667,0.505862,0.318332,0.18753,-0.5034223333333333,-0.31589233333333333,290.30075999999997,-0.37251103118395196,0.22010029512150697,2236.0,1
5844.964,-1.032724,0.0878,21.401827,1.454961,0.002438,0.524806,0.323642,0.201164,-0.5223679999999999,-0.321204,246.570913,-0.3851008964961417,0.26133638505452517,2237.0,1
5845.964,-1.0335699999999999,0.087275,21.401914666666666,1.4575866666666666,0.002442,0.5248423333333333,0.32370499999999996,0.20113733333333333,-0.5224003333333334,-0.32126299999999997,245.016074,-0.3850260145814378,0.26109112132115553,2238.0,1
5846.964,-1.034416,0.08675,21.402002333333336,1.4602123333333334,0.002446,0.5248786666666667,0.323768,0.2011106666666667,-0.5224326666666667,-0.321322,243.461235,-0.38495114193562796,0.2608458879465658,2239.0,1
5847.964,-1.035262,0.086225,21.40209,1.462838,0.00245,0.524915,0.323831,0.201084,-0.5224650000000001,-0.321381,241.906396,-0.3848762785569915,0.26060068492512034,2240.0,1
5848.964,-1.0254323333333333,0.08743533333333334,21.40241066666667,1.4641796666666667,0.00241,0.5252956666666667,0.32398899999999997,0.20130666666666666,-0.5228856666666667,-0.321579,242.02321833333335,-0.3849924840022084,0.2609812972725003,2241.0,1
5849.964,-1.0156026666666667,0.08864566666666666,21.40273133333333,1.4655213333333335,0.00237,0.5256763333333333,0.324147,0.20152933333333334,-0.5233063333333333,-0.321777,242.14004066666666,-0.3851085026205223,0.2613612976982447,2242.0,1
5850.964,-1.005773,0.089856,21.403052,1.466863,0.00233,0.526057,0.324305,0.201752,-0.5237269999999999,-0.321975,242.256863,-0.3852243348621226,0.26174068767687664,2243.0,1
5851.964,-1.0076825,0.110018,21.40084,1.4678434999999999,0.0023125000000000003,0.5254615,0.324099,0.2013625,-0.523149,-0.3217865,242.2758655,-0.3849054187342779,0.2606961289145078,2244.0,1
5852.964,-1.009592,0.13018,21.398628,1.468824,0.002295,0.524866,0.323893,0.200973,-0.522571,-0.321598,242.294868,-0.3845857971180896,0.2596492594379203,2245.0,1
5853.964,-0.9899655,0.1189165,21.3982405,1.4687185,0.0023865,0.5246315,0.32367250000000003,0.200959,-0.5222450000000001,-0.321286,242.66093899999998,-0.3847990594434785,0.2603477660709139,2246.0,1
5854.964,-0.970339,0.107653,21.397853,1.468613,0.002478,0.524397,0.323452,0.200945,-0.521919,-0.32097400000000004,243.02701,-0.3850125881843508,0.26104714530520723,2247.0,1
5855.964,-0.9677994999999999,0.1243835,21.400419499999998,1.4727375,0.0024385,0.5245715,0.3236005,0.200971,-0.522133,-0.32116200000000006,242.88946399999998,-0.3849045835152796,0.260693393288282,2248.0,1
5856.964,-0.96526,0.141114,21.402986,1.476862,0.002399,0.524746,0.323749,0.200997,-0.522347,-0.32135,242.751918,-0.3847966673431022,0.26033993112877596,2249.0,1
5857.964,-0.9644286666666667,0.14124966666666666,21.401896666666666,1.477024,0.0024216666666666666,0.5242046666666667,0.323521,0.20068366666666668,-0.521783,-0.32109933333333335,242.68056733333333,-0.3846120921508727,0.2597353846116017,2250.0,1
5858.964,-0.9635973333333333,0.14138533333333334,21.400807333333333,1.477186,0.0024443333333333335,0.5236633333333334,0.323293,0.20037033333333334,-0.521219,-0.32084866666666667,242.60921666666667,-0.38442711750809333,0.2591295297580478,2251.0,1
5859.964,-0.962766,0.141521,21.399718,1.477348,0.002467,0.523122,0.323065,0.200057,-0.520655,-0.320598,242.537866,-0.38424174211664563,0.2585223623163355,2252.0,1
5860.964,-0.9560106666666667,0.15225333333333335,21.399494666666666,1.4784263333333334,0.002491,0.522861,0.32301266666666667,0.19984833333333335,-0.52037,-0.32052166666666665,242.740532,-0.38405118931629934,0.2578982370999632,2253.0,1
5861.964,-0.9492553333333333,0.16298566666666667,21.399271333333335,1.4795046666666667,0.002515,0.5226,0.3229603333333333,0.19963966666666666,-0.520085,-0.3204453333333333,242.943198,-0.38386042767450396,0.25727342785683116,2254.0,1
5862.964,-0.9425,0.173718,21.399048,1.480583,0.002539,0.522339,0.322908,0.199431,-0.5198,-0.32036899999999996,243.145864,-0.3836694568477431,0.25664793346180614,2255.0,1
5863.964,-0.9299316666666667,0.17257066666666668,21.400339,1.480721,0.002521666666666667,0.5224873333333333,0.322974,0.19951333333333332,-0.5199656666666667,-0.3204523333333333,243.37916033333332,-0.38370555948032364,0.25676618185978284,2256.0,1
5864.964,-0.9173633333333333,0.17142333333333334,21.40163,1.480859,0.0025043333333333332,0.5226356666666667,0.32304,0.19959566666666667,-0.5201313333333334,-0.32053566666666666,243.61245666666667,-0.3837416391148117,0.25688435493118655,2257.0,1
5865.964,-0.904795,0.170276,21.402921,1.480997,0.002487,0.522784,0.323106,0.199678,-0.520297,-0.320619,243.845753,-0.38377769577317533,0.25700245274796996,2258.0,1
5866.964,-0.9044743333333334,0.18607100000000001,21.401316666666666,1.48177,0.0025213333333333333,0.523104,0.32336166666666666,0.19974233333333333,-0.5205826666666666,-0.32084033333333334,243.91176033333335,-0.38369067933625534,0.25671744432814125,2259.0,1
5867.964,-0.9041536666666666,0.201866,21.399712333333333,1.482543,0.0025556666666666666,0.523424,0.32361733333333337,0.19980666666666666,-0.5208683333333334,-0.3210616666666667,243.97776766666667,-0.38360375834665505,0.2564327485307403,2260.0,1
5868.964,-0.903833,0.217661,21.398108,1.483316,0.00259,0.523744,0.323873,0.199871,-0.521154,-0.32128300000000004,244.043775,-0.38351693264741826,0.25614836484168224,2261.0,1
5869.964,-0.8948246666666667,0.22539733333333334,21.397282,1.4830050000000001,0.0025443333333333333,0.5235299999999999,0.323797,0.199733,-0.5209856666666667,-0.3212526666666667,244.15180966666668,-0.38337596627923787,0.2556866520519363,2262.0,1
5870.964,-0.8858163333333333,0.23313366666666666,21.396456,1.482694,0.0024986666666666664,0.523316,0.32372100000000004,0.199595,-0.5208173333333332,-0.3212223333333334,244.25984433333332,-0.3832349087874228,0.25522464080130103,2263.0,1
5871.964,-0.876808,0.24087,21.39563,1.482383,0.002453,0.523102,0.323645,0.199457,-0.5206489999999999,-0.32119200000000003,244.367879,-0.3830937600835881,0.2547623308002862,2264.0,1
5872.964,-0.874974,0.246142,21.396101333333334,1.4826116666666667,0.0024259999999999998,0.5231616666666666,0.3237123333333333,0.19944933333333334,-0.5207356666666666,-0.32128633333333334,244.44787499999998,-0.38301527841434285,0.2545052766467395,2265.0,1
5873.964,-0.87314,0.251414,21.396572666666668,1.4828403333333333,0.002399,0.5232213333333333,0.3237796666666667,0.19944166666666666,-0.5208223333333333,-0.3213806666666667,244.527871,-0.3829368228643988,0.254248308042786,2266.0,1
5874.964,-0.871306,0.256686,21.397044,1.483069,0.002372,0.523281,0.323847,0.199434,-0.520909,-0.321475,244.607867,-0.38285839342071926,0.2539914249457258,2267.0,1
5875.964,-0.8654123333333333,0.25906533333333337,21.397201333333335,1.48405,0.0023913333333333334,0.523151,0.32378866666666667,0.19936233333333334,-0.5207596666666666,-0.32139733333333337,244.727576,-0.38283056258945286,0.2539002695097816,2268.0,1
5876.964,-0.8595186666666667,0.26144466666666666,21.397358666666666,1.485031,0.0024106666666666664,0.523021,0.32373033333333334,0.19929066666666667,-0.5206103333333333,-0.32131966666666667,244.847285,-0.3828027157920078,0.25380906177917306,2269.0,1
5877.964,-0.853625,0.263824,21.397516,1.486012,0.00243,0.522891,0.323672,0.199219,-0.520461,-0.321242,244.966994,-0.3827748530146409,0.2537178017088868,2270.0,1
5878.964,-0.8462536666666667,0.2695403333333333,21.395540666666665,1.4844863333333334,0.0024086666666666666,0.5228123333333333,0.32374433333333336,0.199068,-0.5204036666666666,-0.3213356666666667,245.31251733333335,-0.38252686381314976,0.2529055527481927,2271.0,1
5879.964,-0.8388823333333333,0.27525666666666665,21.393565333333335,1.4829606666666668,0.0023873333333333333,0.5227336666666667,0.32381666666666664,0.198917,-0.5203463333333334,-0.32142933333333334,245.65804066666666,-0.3822788199631527,0.2520931247950591,2272.0,1
5880.964,-0.831511,0.280973,21.39159,1.481435,0.002366,0.522655,0.323889,0.198766,-0.520289,-0.321523,246.003564,-0.38203072144658345,0.2512805177903126,2273.0,1
5881.964,-0.8295983333333333,0.2874583333333333,21.393405666666666,1.4834546666666668,0.002398,0.5311126666666667,0.326057,0.20505566666666666,-0.5287146666666667,-0.323659,235.59928100000002,-0.387838786085222,0.2703039044459101,2274.0,1
5882.964,-0.8276856666666667,0.29394366666666666,21.395221333333335,1.4854743333333333,0.0024300000000000003,0.5395703333333333,0.328225,0.21134533333333333,-0.5371403333333333,-0.325795,225.194998,-0.39346463797723497,0.28873048239700805,2275.0,1
5883.964,-0.825773,0.300429,21.397037,1.487494,0.002462,0.548028,0.330393,0.217635,-0.545566,-0.327931,214.790715,-0.3989167193643287,0.30658790285587934,2276.0,1
5884.964,-0.816294,0.30701666666666666,21.396689000000002,1.485946,0.0024286666666666666,0.5478893333333333,0.3303793333333333,0.21751,-0.5454606666666667,-0.32795066666666667,208.233443,-0.3987645893769109,0.3060896254170733,2277.0,1
5885.964,-0.8068150000000001,0.3136043333333333,21.396341,1.484398,0.0023953333333333335,0.5477506666666666,0.33036566666666667,0.217385,-0.5453553333333333,-0.3279703333333333,201.676171,-0.39861240062271436,0.30559115549708404,2278.0,1
5886.964,-0.797336,0.320192,21.395993,1.48285,0.002362,0.547612,0.330352,0.21726,-0.54525,-0.32799,195.118899,-0.398460153067681,0.3050924929843597,2279.0,1
5887.964,-0.7941293333333334,0.32269533333333333,21.396114666666666,1.4823636666666666,0.0023726666666666666,0.5474333333333333,0.33026633333333333,0.217167,-0.5450606666666666,-0.3278936666666667,195.396843,-0.3984279396934526,0.30498698322998274,2280.0,1
5888.964,-0.7909226666666667,0.32519866666666664,21.396236333333334,1.4818773333333333,0.0023833333333333332,0.5472546666666667,0.3301806666666667,0.21707400000000002,-0.5448713333333334,-0.32779733333333333,195.674787,-0.3983957039320058,0.304881400149853,2281.0,1
5889.964,-0.787716,0.327702,21.396358,1.481391,0.002394,0.547076,0.330095,0.216981,-0.544682,-0.327701,195.952731,-0.39836344575999527,0.3047757436675067,2282.0,1
5890.964,-0.7860243333333333,0.33715266666666666,21.397233,1.4810263333333333,0.0024593333333333333,0.547104,0.33007200000000003,0.217032,-0.5446446666666667,-0.32761266666666666,196.09207966666668,-0.39848439132374625,0.3051718815149074,2283.0,1
5891.964,-0.7843326666666667,0.3466033333333333,21.398108,1.4806616666666665,0.0025246666666666664,0.547132,0.330049,0.217083,-0.5446073333333333,-0.32752433333333336,196.23142833333333,-0.39860535346938675,0.3055680736736346,2284.0,1
5892.964,-0.782641,0.356054,21.398983,1.480297,0.00259,0.54716,0.330026,0.217134,-0.54457,-0.327436,196.370777,-0.3987263322003272,0.30596432015485897,2285.0,1
5893.964,-0.771921,0.3587493333333333,21.39760066666667,1.4790533333333333,0.0025766666666666668,0.5467603333333333,0.32985,0.21691033333333332,-0.5441836666666666,-0.32727333333333336,196.525061,-0.39859838730622316,0.30554525712051195,2286.0,1
5894.964,-0.761201,0.3614446666666667,21.396218333333334,1.4778096666666667,0.0025633333333333333,0.5463606666666667,0.329674,0.21668666666666667,-0.5437973333333334,-0.32711066666666666,196.679345,-0.3984702606184056,0.3051255986499366,2287.0,1
5895.964,-0.750481,0.36414,21.394836,1.476566,0.00255,0.545961,0.329498,0.216463,-0.543411,-0.326948,196.833629,-0.3983419517491398,0.30470534347316947,2288.0,1
5896.964,-0.7468506666666667,0.371683,21.395416333333333,1.4762343333333334,0.0025843333333333334,0.546286,0.32976266666666665,0.21652333333333332,-0.5437016666666666,-0.32717833333333335,197.071198,-0.3982399629207739,0.3043712953801698,2289.0,1
5897.964,-0.7432203333333333,0.379226,21.39599666666667,1.4759026666666666,0.0026186666666666667,0.546611,0.33002733333333334,0.21658366666666667,-0.5439923333333333,-0.3274086666666666,197.308767,-0.39813808308220594,0.30403760426581905,2290.0,1
5898.964,-0.73959,0.386769,21.396577,1.475571,0.002653,0.546936,0.330292,0.216644,-0.544283,-0.32763899999999996,197.546336,-0.3980363120588225,0.30370426955819907,2291.0,1
5899.964,-0.7365126666666666,0.3936823333333333,21.396533333333334,1.4748856666666665,0.002605333333333333,0.5468243333333334,0.33022199999999996,0.21660233333333334,-0.544219,-0.3276166666666666,197.79307766666668,-0.3980065586462289,0.3036068170146571,2292.0,1
5900.964,-0.7334353333333333,0.4005956666666667,21.396489666666668,1.4742003333333333,0.002557666666666667,0.5467126666666666,0.330152,0.21656066666666665,-0.5441549999999999,-0.3275943333333333,198.03981933333333,-0.3979767982348134,0.30350934154759357,2293.0,1
5901.964,-0.730358,0.407509,21.396446,1.473515,0.00251,0.546601,0.330082,0.216519,-0.544091,-0.327572,198.286561,-0.3979470308221067,0.30341184314892056,2294.0,1
5902.964,-0.7186473333333333,0.405263,21.395964666666668,1.4733106666666667,0.0024983333333333333,0.546458,0.3300383333333333,0.21641966666666665,-0.5439596666666666,-0.32754,198.64855333333333,-0.3978604992045965,0.30312842267751594,2295.0,1
5903.964,-0.7069366666666667,0.403017,21.395483333333335,1.4731063333333332,0.002486666666666667,0.546315,0.32999466666666666,0.21632033333333334,-0.5438283333333334,-0.32750799999999997,199.01054566666667,-0.39777392579262294,0.3028448653150322,2296.0,1
5904.964,-0.695226,0.400771,21.395002,1.472902,0.002475,0.546172,0.329951,0.216221,-0.543697,-0.327476,199.372538,-0.3976873105558989,0.30256117096226864,2297.0,1
5905.964,-0.698828,0.408005,21.395891666666667,1.4714726666666667,0.002486,0.5462816666666667,0.330084,0.21619766666666668,-0.5437956666666667,-0.327598,199.48674133333333,-0.3975722454063544,0.30218429347096,2298.0,1
5906.964,-0.70243,0.41523899999999997,21.396781333333333,1.4700433333333334,0.002497,0.5463913333333333,0.330217,0.21617433333333333,-0.5438943333333334,-0.32771999999999996,199.60094466666666,-0.3974572220043146,0.30180755271692483,2299.0,1
5907.964,-0.706032,0.422473,21.397671,1.468614,0.002508,0.546501,0.33035,0.216151,-0.5439930000000001,-0.32784199999999997,199.715148,-0.39734224032706367,0.30143094862576136,2300.0,1
5908.964,-0.6997463333333334,0.42743166666666665,21.398108333333333,1.467841,0.0025429999999999997,0.5458323333333334,0.3299783333333333,0.21585400000000002,-0.5432893333333334,-0.3274353333333333,199.58575266666668,-0.39731020667355893,0.3013260275178662,2301.0,1
5909.964,-0.6934606666666666,0.4323903333333333,21.398545666666667,1.467068,0.002578,0.5451636666666666,0.32960666666666666,0.215557,-0.5425856666666666,-0.3270286666666667,199.45635733333333,-0.3972780899325082,0.3012208342700051,2302.0,1
5910.964,-0.687175,0.437349,21.398983,1.466295,0.002613,0.544495,0.329235,0.21526,-0.541882,-0.326622,199.326962,-0.39724588978022846,0.301115367822006,2303.0,1
5911.964,-0.6810063333333333,0.4400326666666667,21.398224666666668,1.4643403333333334,0.0025546666666666665,0.5441353333333333,0.32917433333333335,0.214961,-0.5415806666666666,-0.3266196666666667,200.026325,-0.3969148275507635,0.30003102644669166,2304.0,1
5912.964,-0.6748376666666667,0.4427163333333333,21.397466333333334,1.4623856666666666,0.0024963333333333335,0.5437756666666667,0.32911366666666664,0.214662,-0.5412793333333333,-0.3266173333333333,200.725688,-0.3965833967121044,0.2989454777509253,2305.0,1
5913.964,-0.668669,0.4454,21.396708,1.460431,0.002438,0.543416,0.329053,0.214363,-0.540978,-0.326615,201.425051,-0.39625159664828646,0.2978587197172129,2306.0,1
5914.964,-0.6632936666666667,0.44677866666666666,21.396840333333333,1.4600943333333334,0.0024413333333333335,0.5435933333333334,0.32923566666666665,0.21435766666666667,-0.541152,-0.3267943333333333,201.74032566666668,-0.39611433161292636,0.29740913005104797,2307.0,1
5915.964,-0.6579183333333333,0.44815733333333335,21.396972666666667,1.4597576666666667,0.0024446666666666666,0.5437706666666666,0.3294183333333333,0.21435233333333334,-0.541326,-0.32697366666666666,202.05560033333333,-0.3959771548207331,0.29695982941126053,2308.0,1
5916.964,-0.652543,0.449536,21.397105,1.459421,0.002448,0.543948,0.329601,0.214347,-0.5415,-0.32715299999999997,202.370875,-0.3958400661866412,0.29651081751923236,2309.0,1
5917.964,-0.646996,0.454036,21.398725,1.4567025,0.0024815,0.543687,0.3294825,0.21420450000000002,-0.5412055,-0.327001,202.80886,-0.39579216359065755,0.2963539202286716,2310.0,1
5918.964,-0.641449,0.458536,21.400345,1.453984,0.002515,0.543426,0.329364,0.214062,-0.5409109999999999,-0.326849,203.246845,-0.3957442088332625,0.29619685209175173,2311.0,1
5919.964,-0.636005,0.4644925,21.396809500000003,1.4546915,0.0025275000000000002,0.543055,0.3291015,0.21395350000000002,-0.5405274999999999,-0.32657400000000003,203.25847900000002,-0.3958242565350635,0.2964590355344292,2312.0,1
5920.964,-0.630561,0.470449,21.393274,1.455399,0.00254,0.5426839999999999,0.328839,0.213845,-0.540144,-0.326299,203.270113,-0.39590441790414754,0.2967215912761101,2313.0,1
5921.964,-0.6369965,0.4693525,21.396957,1.454761,0.002489,0.5428919999999999,0.32913950000000003,0.2137525,-0.540403,-0.3266505,203.4551145,-0.39554350279976747,0.2955394715843298,2314.0,1
5922.964,-0.643432,0.468256,21.40064,1.454123,0.002438,0.5431,0.32944,0.21366,-0.540662,-0.327002,203.640116,-0.3951829334832733,0.294358484465457,2315.0,1
5923.964,-0.640616,0.47671766666666665,21.400299,1.451792,0.002507333333333333,0.543564,0.329696,0.213868,-0.5410566666666666,-0.3271886666666667,203.778759,-0.395279105600348,0.2946734808510738,2316.0,1
5924.964,-0.6378,0.48517933333333335,21.399957999999998,1.449461,0.0025766666666666668,0.544028,0.329952,0.214076,-0.5414513333333333,-0.32737533333333335,203.917402,-0.39537513751646036,0.29498801803086505,2317.0,1
5925.964,-0.634984,0.493641,21.399617,1.44713,0.002646,0.544492,0.330208,0.214284,-0.5418459999999999,-0.327562,204.056045,-0.39547102953796753,0.29530209700825494,2318.0,1
5926.964,-0.6249655000000001,0.496521,21.397772,1.4441635000000002,0.002562,0.5433755,0.3297825,0.213593,-0.5408135000000001,-0.3272205,204.532731,-0.3949483416156247,0.2935901163287029,2319.0,1
5927.964,-0.614947,0.499401,21.395927,1.441197,0.002478,0.542259,0.329357,0.212902,-0.5397810000000001,-0.32687900000000003,205.009417,-0.39442365408129243,0.2918715862399408,2320.0,1
5928.964,-0.6211139999999999,0.4999325,21.395473000000003,1.439933,0.002419,0.542429,0.3293865,0.21304250000000002,-0.5400100000000001,-0.3269675,204.9054505,-0.3945165728719336,0.2921759268752324,2321.0,1
5929.964,-0.627281,0.500464,21.395019,1.438669,0.00236,0.542599,0.329416,0.213183,-0.540239,-0.327056,204.801484,-0.39460941288839374,0.2924800094982949,2322.0,1
5930.964,-0.6204653333333333,0.505151,21.394479333333333,1.4377673333333334,0.002405,0.5421546666666667,0.32922166666666663,0.212933,-0.5397496666666667,-0.32681666666666664,205.184686,-0.3945039851881679,0.2921346979306061,2323.0,1
5931.964,-0.6136496666666666,0.509838,21.393939666666668,1.4368656666666666,0.00245,0.5417103333333334,0.32902733333333334,0.212683,-0.5392603333333333,-0.32657733333333333,205.56788799999998,-0.39439836615407065,0.2917887596794273,2324.0,1
5932.964,-0.606834,0.514525,21.3934,1.435964,0.002495,0.541266,0.328833,0.212433,-0.538771,-0.32633799999999996,205.95109,-0.39429255526476986,0.2914421930372191,2325.0,1
5933.964,-0.6041406666666667,0.5170206666666667,21.394444333333333,1.4355576666666667,0.0024493333333333333,0.54131,0.32886566666666667,0.21244433333333335,-0.5388606666666667,-0.3264163333333333,206.13083566666666,-0.39424797674595546,0.29129618322970097,2326.0,1
5934.964,-0.6014473333333333,0.5195163333333334,21.39548866666667,1.4351513333333332,0.0024036666666666664,0.541354,0.3288983333333333,0.21245566666666665,-0.5389503333333333,-0.3264946666666666,206.31058133333335,-0.39420341306047335,0.2911502220063902,2327.0,1
5935.964,-0.598754,0.522012,21.396533,1.434745,0.002358,0.5413979999999999,0.328931,0.212467,-0.53904,-0.32657299999999995,206.490327,-0.3941588642009205,0.2910043093430388,2328.0,1
5936.964,-0.598608,0.522756,21.395497666666667,1.43457,0.002396333333333333,0.5409183333333333,0.32882,0.21209833333333333,-0.538522,-0.3264236666666666,206.90732566666668,-0.3938534120922551,0.2900038498217634,2329.0,1
5937.964,-0.5984619999999999,0.5235000000000001,21.394462333333333,1.434395,0.0024346666666666666,0.5404386666666666,0.328709,0.21172966666666665,-0.538004,-0.32627433333333333,207.32432433333332,-0.3935473717928463,0.28900146377579583,2330.0,1
5938.964,-0.598316,0.524244,21.393427,1.43422,0.002473,0.539959,0.328598,0.211361,-0.537486,-0.326125,207.741323,-0.39324074160209116,0.2879971456350836,2331.0,1
5939.964,-0.5959679999999999,0.5293633333333334,21.394316666666665,1.4317986666666667,0.002461333333333333,0.5400316666666667,0.328646,0.21138566666666667,-0.5375703333333334,-0.3261846666666667,208.21489933333334,-0.39322493594624697,0.2879453767376665,2332.0,1
5940.964,-0.59362,0.5344826666666667,21.395206333333334,1.4293773333333333,0.002449666666666667,0.5401043333333333,0.328694,0.21141033333333334,-0.5376546666666666,-0.3262443333333333,208.68847566666665,-0.39320913524877543,0.2878936240806058,2333.0,1
5941.964,-0.591272,0.539602,21.396096,1.426956,0.002438,0.540177,0.328742,0.211435,-0.537739,-0.326304,209.162052,-0.39319333950734386,0.2878418876562614,2334.0,1
5942.964,-0.5842006666666667,0.5392846666666666,21.395504,1.4263243333333333,0.002442,0.539595,0.32847166666666666,0.21112333333333333,-0.537153,-0.32602966666666666,209.262308,-0.39304206878748177,0.28734642461088433,2335.0,1
5943.964,-0.5771293333333333,0.5389673333333334,21.394912,1.4256926666666665,0.002446,0.539013,0.3282013333333333,0.21081166666666667,-0.536567,-0.3257553333333333,209.362564,-0.39289046765293867,0.2868498793450731,2336.0,1
5944.964,-0.570058,0.53865,21.39432,1.425061,0.00245,0.538431,0.327931,0.2105,-0.535981,-0.32548099999999996,209.46282,-0.3927385350199635,0.28635224830917494,2337.0,1
5945.964,-0.5703186666666666,0.538763,21.394897333333333,1.4251093333333333,0.002425,0.538475,0.327947,0.210528,-0.53605,-0.325522,210.12112433333334,-0.3927402159130976,0.2863577538057571,2338.0,1
5946.964,-0.5705793333333333,0.538876,21.39547466666667,1.4251576666666665,0.0024,0.538519,0.327963,0.210556,-0.536119,-0.325563,210.77942866666666,-0.3927418963735595,0.2863632578851907,2339.0,1
5947.964,-0.57084,0.538989,21.396052,1.425206,0.002375,0.538563,0.327979,0.210584,-0.536188,-0.325604,211.437733,-0.39274357640151664,0.28636876054802407,2340.0,1
5948.964,-0.567311,0.5414246666666667,21.395264666666666,1.4241266666666665,0.0024113333333333335,0.5389053333333333,0.3281836666666667,0.21072166666666667,-0.536494,-0.32577233333333333,211.49954933333333,-0.3927761716679745,0.2864755211293104,2341.0,1
5949.964,-0.563782,0.5438603333333334,21.394477333333334,1.4230473333333333,0.0024476666666666666,0.5392476666666667,0.32838833333333334,0.21085933333333332,-0.5367999999999999,-0.3259406666666667,211.5613656666667,-0.3928087297728448,0.28658215999376124,2342.0,1
5950.964,-0.560253,0.546296,21.39369,1.421968,0.002484,0.53959,0.328593,0.210997,-0.537106,-0.32610900000000004,211.623182,-0.3928412507796427,0.28668867734941017,2343.0,1
5951.964,-0.5600286666666666,0.5466893333333334,21.394838,1.421799,0.0024423333333333332,0.53969,0.32868733333333333,0.21100266666666667,-0.5372476666666667,-0.326245,211.69587833333335,-0.3927482100090586,0.28638393718832744,2344.0,1
5952.964,-0.5598043333333333,0.5470826666666666,21.395986,1.42163,0.002400666666666667,0.53979,0.3287816666666667,0.21100833333333333,-0.5373893333333333,-0.32638100000000003,211.76857466666667,-0.3926552182934129,0.28607935769884896,2345.0,1
5953.964,-0.55958,0.547476,21.397134,1.421461,0.002359,0.53989,0.328876,0.211014,-0.537531,-0.326517,211.841271,-0.3925622755939203,0.2857749387539392,2346.0,1
5954.964,-0.5650645,0.5521735,21.397895,1.421645,0.0024289999999999997,0.539405,0.328681,0.21072400000000002,-0.536976,-0.326252,211.58206,-0.39242795288421256,0.2853349862047889,2347.0,1
5955.964,-0.570549,0.556871,21.398656,1.421829,0.002499,0.5389200000000001,0.328486,0.210434,-0.536421,-0.325987,211.322849,-0.3922933522240037,0.2848941232732338,2348.0,1
5956.964,-0.5571636666666666,0.5580506666666667,21.397210666666666,1.4190383333333334,0.0024386666666666667,0.5385663333333334,0.3282503333333333,0.210316,-0.5361276666666667,-0.32581166666666667,211.542111,-0.39228789216478704,0.2848762397226703,2349.0,1
5957.964,-0.5437783333333334,0.5592303333333333,21.395765333333333,1.4162476666666666,0.0023783333333333334,0.5382126666666667,0.3280146666666667,0.210198,-0.5358343333333333,-0.32563633333333336,211.761373,-0.39228242612752723,0.2848583365919828,2350.0,1
5958.964,-0.530393,0.56041,21.39432,1.413457,0.002318,0.537859,0.327779,0.21008,-0.5355409999999999,-0.325461,211.980635,-0.3922769541024014,0.28484041384899794,2351.0,1
5959.964,-0.5337496666666667,0.560516,21.395088666666666,1.414877,0.0023580000000000003,0.5374613333333333,0.3276693333333333,0.209792,-0.5351033333333333,-0.32531133333333334,212.00034033333333,-0.392059587356188,0.28412846384214396,2352.0,1
5960.964,-0.5371063333333334,0.560622,21.395857333333336,1.416297,0.002398,0.5370636666666667,0.3275596666666667,0.209504,-0.5346656666666667,-0.3251616666666667,212.02004566666668,-0.39184186474513,0.2834153482569164,2353.0,1
5961.964,-0.540463,0.560728,21.396626,1.417717,0.002438,0.5366660000000001,0.32745,0.209216,-0.534228,-0.325012,212.039751,-0.3916237853945983,0.2827010642286074,2354.0,1
5962.964,-0.5392456666666667,0.564252,21.396651666666667,1.4174583333333333,0.0024720000000000002,0.5372556666666667,0.3277176666666667,0.209538,-0.5347836666666667,-0.3252456666666667,212.25476033333334,-0.39181898191664155,0.28334039921258003,2355.0,1
5963.964,-0.5380283333333333,0.5677760000000001,21.396677333333333,1.4171996666666666,0.002506,0.5378453333333334,0.32798533333333335,0.20986000000000002,-0.5353393333333334,-0.32547933333333334,212.46976966666665,-0.39201377322129627,0.28397840697181587,2356.0,1
5964.964,-0.536811,0.5713,21.396703,1.416941,0.00254,0.538435,0.328253,0.210182,-0.535895,-0.32571300000000003,212.684779,-0.39220816056906777,0.2846150916348986,2357.0,1
5965.964,-0.5381613333333334,0.5765406666666667,21.396990666666667,1.4154076666666666,0.002478,0.538014,0.32807366666666665,0.20994033333333334,-0.535536,-0.32559566666666667,212.98868133333332,-0.3920198181880425,0.28399820629342964,2358.0,1
5966.964,-0.5395116666666666,0.5817813333333334,21.397278333333333,1.4138743333333335,0.002416,0.537593,0.32789433333333334,0.20969866666666667,-0.535177,-0.3254783333333333,213.29258366666667,-0.3918312231241062,0.28338049332950543,2359.0,1
5967.964,-0.540862,0.587022,21.397566,1.412341,0.002354,0.537172,0.327715,0.209457,-0.534818,-0.32536099999999996,213.596486,-0.39164237486841297,0.2827619510764823,2360.0,1
5968.964,-0.5311035,0.576471,21.3980045,1.4132845,0.002344,0.5373859999999999,0.327823,0.209563,-0.535042,-0.32547899999999996,213.5087575,-0.3916765257241968,0.2828738067417711,2361.0,1
5969.964,-0.521345,0.56592,21.398443,1.414228,0.002334,0.5376,0.327931,0.209669,-0.535266,-0.32559699999999997,213.421029,-0.3917106479967866,0.2829855687873801,2362.0,1
5970.964,-0.5181914999999999,0.572492,21.398299,1.413475,0.0024005,0.5299674999999999,0.3261705,0.203797,-0.527567,-0.32377,219.249037,-0.3862966908405773,0.26525301814835145,2363.0,1
5971.964,-0.515038,0.579064,21.398155,1.412722,0.002467,0.522335,0.32441,0.197925,-0.519868,-0.321943,225.077045,-0.3807223770695198,0.2469952450683146,2364.0,1
5972.964,-0.513923,0.5809826666666666,21.398463666666665,1.41273,0.002486,0.51759,0.324032,0.19355799999999998,-0.515104,-0.321546,233.61888166666665,-0.3757656235743143,0.23076019188580021,2365.0,1
5973.964,-0.5128079999999999,0.5829013333333334,21.398772333333334,1.412738,0.0025050000000000003,0.512845,0.323654,0.189191,-0.51034,-0.32114899999999996,242.16071833333334,-0.37071632777428337,0.21422203118706018,2366.0,1
5974.964,-0.511693,0.58482,21.399081,1.412746,0.002524,0.5081,0.323276,0.184824,-0.505576,-0.320752,250.702555,-0.36557187360925675,0.19737219448547672,2367.0,1
5975.964,-0.5076373333333333,0.58439,21.398187999999998,1.411386,0.0025006666666666667,0.507135,0.3231096666666667,0.18402533333333332,-0.5046343333333334,-0.320609,250.202819,-0.3646713785586895,0.19442276699212013,2368.0,1
5976.964,-0.5035816666666667,0.58396,21.397295,1.410026,0.0024773333333333336,0.50617,0.3229433333333333,0.18322666666666668,-0.5036926666666667,-0.320466,249.703083,-0.3637675165031518,0.19146231141257508,2369.0,1
5977.964,-0.499526,0.58353,21.396402,1.408666,0.002454,0.505205,0.322777,0.182428,-0.5027510000000001,-0.32032299999999997,249.203347,-0.36286026852312286,0.18849076577897717,2370.0,1
5978.964,-0.5036970000000001,0.593506,21.395906333333333,1.4084033333333332,0.002472666666666667,0.5053213333333334,0.322968,0.18235333333333334,-0.5028486666666667,-0.3204953333333333,249.19444133333334,-0.3626413035624442,0.18777358107629527,2371.0,1
5979.964,-0.507868,0.603482,21.395410666666667,1.4081406666666667,0.0024913333333333332,0.5054376666666667,0.32315900000000003,0.18227866666666667,-0.5029463333333334,-0.3206676666666667,249.18553566666665,-0.36242242364312616,0.18705667491298716,2372.0,1
5980.964,-0.512039,0.613458,21.394915,1.407878,0.00251,0.5055540000000001,0.32335,0.182204,-0.503044,-0.32084,249.17663,-0.36220362871563666,0.18634004712681773,2373.0,1
5981.964,-0.5086700000000001,0.608995,21.395746,1.4076593333333334,0.0024603333333333335,0.5055593333333334,0.3230796666666667,0.18247966666666668,-0.5030990000000001,-0.32061933333333337,249.299215,-0.36271196996741517,0.18800503758185516,2374.0,1
5982.964,-0.505301,0.604532,21.396577,1.4074406666666666,0.0024106666666666664,0.5055646666666668,0.32280933333333334,0.18275533333333333,-0.5031540000000001,-0.32039866666666666,249.4218,-0.3632202000849312,0.1896696640343929,2375.0,1
5983.964,-0.501932,0.600069,21.397408,1.407222,0.002361,0.5055700000000001,0.322539,0.183031,-0.5032090000000001,-0.320178,249.544385,-0.3637283191046248,0.19133392660378457,2376.0,1
5984.964,-0.5015236666666667,0.5959563333333333,21.39729133333333,1.4081846666666666,0.0023556666666666665,0.5060793333333334,0.32289833333333334,0.183181,-0.5037236666666668,-0.3205426666666667,249.615631,-0.36365447124343564,0.19109204974729388,2377.0,1
5985.964,-0.5011153333333334,0.5918436666666667,21.39717466666667,1.4091473333333333,0.002350333333333333,0.5065886666666667,0.32325766666666667,0.183331,-0.5042383333333333,-0.3209073333333333,249.686877,-0.3635807741328158,0.19085066665017836,2378.0,1
5986.964,-0.500707,0.587731,21.397058,1.41011,0.002345,0.507098,0.323617,0.183481,-0.504753,-0.321272,249.758123,-0.3635072273116304,0.19060977580206462,2379.0,1
5987.964,-0.49964233333333335,0.5929083333333334,21.397306,1.4099786666666667,0.0023766666666666667,0.5068153333333334,0.3234823333333333,0.183333,-0.5044386666666667,-0.3211056666666667,249.87756466666667,-0.36344034578438184,0.19039071605804914,2380.0,1
5988.964,-0.49857766666666664,0.5980856666666666,21.397554,1.4098473333333332,0.002408333333333333,0.5065326666666666,0.32334766666666664,0.18318500000000001,-0.5041243333333333,-0.3209393333333333,249.99700633333333,-0.36337338085256915,0.19017138313572524,2381.0,1
5989.964,-0.497513,0.603263,21.397802,1.409716,0.00244,0.50625,0.323213,0.183037,-0.50381,-0.320773,250.116448,-0.363306332360081,0.18995177652377526,2382.0,1
5990.964,-0.496463,0.603234,21.398239666666665,1.4106933333333334,0.0024103333333333333,0.5064776666666666,0.323308,0.18316966666666668,-0.5040673333333333,-0.32089766666666664,250.232223,-0.36338405196670537,0.1902063346631082,2383.0,1
5991.964,-0.495413,0.603205,21.39867733333333,1.4116706666666665,0.0023806666666666663,0.5067053333333333,0.323403,0.18330233333333332,-0.5043246666666666,-0.32102233333333335,250.347998,-0.36346169225979885,0.1904606330236578,2384.0,1
5992.964,-0.494363,0.603176,21.399115,1.412648,0.002351,0.506933,0.323498,0.183435,-0.504582,-0.321147,250.463773,-0.36353925336070914,0.19071467200287873,2385.0,1
5993.964,-0.4950483333333333,0.61041,21.399071,1.4135666666666666,0.0023253333333333333,0.506034,0.32311533333333337,0.18291866666666665,-0.5037086666666667,-0.32079,250.35166533333333,-0.3631444958484517,0.18942170691758742,2386.0,1
5994.964,-0.4957336666666667,0.6176440000000001,21.399027,1.4144853333333334,0.0022996666666666664,0.505135,0.32273266666666667,0.18240233333333333,-0.5028353333333333,-0.320433,250.23955766666668,-0.3627483670897572,0.18812425053393866,2387.0,1
5995.964,-0.496419,0.624878,21.398983,1.415404,0.002274,0.504236,0.32235,0.181886,-0.501962,-0.320076,250.12745,-0.3623508599273649,0.18682227940946916,2388.0,1
5996.964,-0.49571,0.6234733333333333,21.399985,1.4164536666666667,0.0022956666666666668,0.5042923333333333,0.32278033333333334,0.181512,-0.5019966666666666,-0.3204846666666667,249.80072766666666,-0.36158081045852325,0.18430010555274956,2389.0,1
5997.964,-0.495001,0.6220686666666667,21.400987,1.4175033333333333,0.002317333333333333,0.5043486666666667,0.3232106666666667,0.181138,-0.5020313333333334,-0.32089333333333336,249.47400533333334,-0.3608108673380293,0.1817782800230312,2390.0,1
5998.964,-0.494292,0.620664,21.401989,1.418553,0.002339,0.504405,0.323641,0.180764,-0.502066,-0.32130200000000003,249.147283,-0.36004103054385383,0.1792568027481607,2391.0,1
5999.964,-0.4858165,0.623146,21.400569,1.4177914999999999,0.0023745,0.5033425,0.3230455,0.18029699999999999,-0.5009680000000001,-0.32067100000000004,249.136573,-0.3598979573504842,0.17878818938951868,2392.0,1
6000.964,-0.477341,0.625628,21.399149,1.41703,0.00241,0.5022800000000001,0.32245,0.17983,-0.49987000000000004,-0.32004,249.125863,-0.35975425561497115,0.17831751734162893,2393.0,1
6001.964,-0.4814985,0.6244655,21.399230000000003,1.4189850000000002,0.002445,0.5030075,0.3229115,0.18009599999999998,-0.5005625,-0.3204665,249.3370885,-0.35978795812302794,0.17842790451565627,2394.0,1
6002.964,-0.485656,0.623303,21.399311,1.42094,0.00248,0.503735,0.323373,0.180362,-0.501255,-0.32089300000000004,249.548314,-0.35982156750868827,0.17853798668217014,2395.0,1
6003.964,-0.479591,0.6239675,21.400559,1.4253870000000002,0.0024615,0.503706,0.32320000000000004,0.180506,-0.5012445000000001,-0.32073850000000004,249.435798,-0.36011639053673505,0.17950363235012579,2396.0,1
6004.964,-0.473526,0.624632,21.401807,1.429834,0.002443,0.503677,0.323027,0.18065,-0.5012340000000001,-0.32058400000000004,249.323282,-0.360411225916889,0.18046931847543268,2397.0,1
6005.964,-0.47658266666666665,0.6281816666666666,21.39954966666667,1.4285303333333335,0.0024126666666666667,0.5031823333333334,0.322813,0.18036933333333333,-0.5007696666666667,-0.32040033333333334,249.31538266666666,-0.3601849423486294,0.17972816284431703,2398.0,1
6006.964,-0.47963933333333336,0.6317313333333333,21.397292333333333,1.4272266666666666,0.002382333333333333,0.5026876666666666,0.32259899999999997,0.18008866666666667,-0.5003053333333334,-0.32021666666666665,249.30748333333335,-0.35995823875201305,0.17898563147750735,2399.0,1
6007.964,-0.482696,0.635281,21.395035,1.425923,0.002352,0.502193,0.322385,0.179808,-0.499841,-0.32003299999999996,249.299584,-0.3597311139564661,0.1782417205409761,2400.0,1
6008.964,-0.4734646666666667,0.629924,21.395336666666665,1.4260443333333335,0.002352,0.518885,0.32626,0.192625,-0.516533,-0.323908,241.981535,-0.3729197803814673,0.221439087733726,2401.0,1
6009.964,-0.46423333333333333,0.624567,21.395638333333334,1.4261656666666667,0.002352,0.535577,0.33013499999999996,0.205442,-0.533225,-0.32778299999999994,234.663486,-0.38528273296025695,0.26193196130585306,2402.0,1
6010.964,-0.455002,0.61921,21.39594,1.426287,0.002352,0.552269,0.33401,0.218259,-0.549917,-0.33165799999999995,227.345437,-0.39689516217022247,0.2999666156384384,2403.0,1
6011.964,-0.46080133333333334,0.6297186666666666,21.394781666666667,1.4274873333333333,0.0024163333333333333,0.5669703333333334,0.337393,0.22957733333333333,-0.564554,-0.33497666666666664,171.178993,-0.406653287350051,0.33192779373805315,2404.0,1
6012.964,-0.46660066666666666,0.6402273333333334,21.393623333333334,1.4286876666666668,0.0024806666666666666,0.5816716666666667,0.34077599999999997,0.24089566666666667,-0.579191,-0.3382953333333333,115.01254899999999,-0.4159182076117798,0.3622735580223606,2405.0,2
6013.964,-0.4724,0.650736,21.392465,1.429888,0.002545,0.596373,0.344159,0.252214,-0.593828,-0.341614,58.846105,-0.4247263933771958,0.39112336152405125,2406.0,2
6014.964,-0.45062633333333335,0.6443773333333334,21.394360666666667,1.431653,0.0025483333333333334,0.5961033333333333,0.3440626666666667,0.25204066666666664,-0.593555,-0.3415143333333333,54.769367333333335,-0.4246297163639141,0.39080671143167245,2407.0,2
6015.964,-0.42885266666666666,0.6380186666666666,21.396256333333334,1.433418,0.0025516666666666665,0.5958336666666667,0.3439663333333333,0.25186733333333333,-0.593282,-0.3414146666666667,50.69262966666667,-0.42453295037820754,0.39048976992434836,2408.0,2
6016.964,-0.407079,0.63166,21.398152,1.435183,0.002555,0.595564,0.34387,0.251694,-0.593009,-0.34131500000000004,46.615892,-0.4244360952971966,0.3901725365996067,2409.0,2
6017.964,-0.39388066666666666,0.635933,21.397437333333333,1.436058,0.0025386666666666665,0.595127,0.34373233333333336,0.25139466666666666,-0.5925883333333334,-0.3411936666666667,46.38800966666667,-0.42423226506135236,0.3895049232671428,2410.0,2
6018.964,-0.38068233333333334,0.640206,21.396722666666665,1.436933,0.0025223333333333335,0.59469,0.34359466666666666,0.25109533333333334,-0.5921676666666666,-0.34107233333333337,46.160127333333335,-0.4240281452293837,0.3888363614088979,2411.0,2
6019.964,-0.367484,0.644479,21.396008,1.437808,0.002506,0.594253,0.343457,0.250796,-0.591747,-0.340951,45.932245,-0.42382373518367683,0.3881668490019763,2412.0,2
6020.964,-0.3486416666666666,0.641329,21.395979,1.4389456666666667,0.0024753333333333333,0.5929816666666666,0.34301133333333333,0.24997033333333335,-0.5905063333333334,-0.340536,45.791848333333334,-0.42331596214767464,0.3865037196468215,2413.0,2
6021.964,-0.32979933333333333,0.6381789999999999,21.39595,1.4400833333333334,0.0024446666666666666,0.5917103333333333,0.34256566666666666,0.24914466666666668,-0.5892656666666666,-0.34012099999999995,45.65145166666667,-0.4228060509312737,0.3848335870237978,2414.0,2
6022.964,-0.310957,0.635029,21.395921,1.441221,0.002414,0.5904389999999999,0.34212,0.248319,-0.5880249999999999,-0.33970599999999995,45.511055,-0.4222939880004898,0.3831564068045046,2415.0,2
6023.964,-0.299392,0.6362829999999999,21.397889666666668,1.442986,0.002408,0.5886386666666666,0.3414333333333333,0.24720533333333333,-0.5862306666666666,-0.3390253333333333,45.305175,-0.4216868360466234,0.38116777770071253,2416.0,2
6024.964,-0.287827,0.637537,21.399858333333334,1.444751,0.002402,0.5868383333333332,0.34074666666666664,0.24609166666666668,-0.5844363333333333,-0.3383446666666666,45.099295,-0.4210759559369556,0.3791669376189555,2417.0,2
6025.964,-0.276262,0.638791,21.401827,1.446516,0.002396,0.585038,0.34006,0.244978,-0.582642,-0.33766399999999996,44.893415,-0.4204613132271845,0.377153773742432,2418.0,2
6026.964,-0.2716713333333333,0.6467843333333333,21.399438333333332,1.4465233333333334,0.002385,0.5837483333333333,0.33931666666666666,0.24443166666666666,-0.5813633333333333,-0.33693166666666663,45.143008,-0.42044634241296447,0.37710473923521204,2419.0,2
6027.964,-0.2670806666666667,0.6547776666666667,21.397049666666668,1.4465306666666666,0.0023740000000000002,0.5824586666666667,0.33857333333333334,0.24388533333333334,-0.5800846666666667,-0.33619933333333335,45.392601,-0.4204313055990199,0.3770554885564521,2420.0,2
6028.964,-0.26249,0.662771,21.394661,1.446538,0.002363,0.581169,0.33783,0.243339,-0.578806,-0.335467,45.642194,-0.4204162023479411,0.37700602027348595,2421.0,2
6029.964,-0.24691133333333334,0.6692893333333333,21.395212333333333,1.4467640000000002,0.0024013333333333334,0.5775736666666667,0.3360576666666667,0.241516,-0.5751723333333334,-0.33365633333333333,45.502613333333336,-0.4199027072512886,0.37532414922398205,2422.0,2
6030.964,-0.23133266666666666,0.6758076666666667,21.395763666666667,1.44699,0.002439666666666667,0.5739783333333334,0.3342853333333333,0.239693,-0.5715386666666666,-0.3318456666666667,45.36303266666667,-0.4193826828561314,0.37362089250166397,2423.0,2
6031.964,-0.215754,0.682326,21.396315,1.447216,0.002478,0.570383,0.332513,0.23787,-0.567905,-0.330035,45.223452,-0.4188560038316335,0.3718958396054268,2424.0,2
6032.964,-0.205385,0.68008,21.396694,1.4481496666666667,0.0024333333333333334,0.5696313333333333,0.3321503333333333,0.237481,-0.567198,-0.32971700000000004,44.964137666666666,-0.4186922709393737,0.3713595587078322,2425.0,2
6033.964,-0.195016,0.6778339999999999,21.397073000000002,1.4490833333333333,0.002388666666666667,0.5688796666666667,0.3317876666666667,0.237092,-0.566491,-0.329399,44.70482333333334,-0.4185281293579763,0.3708219392143417,2426.0,2
6034.964,-0.184647,0.675588,21.397452,1.450017,0.002344,0.568128,0.331425,0.236703,-0.565784,-0.329081,44.445509,-0.4183635775553525,0.370282976106844,2427.0,2
6035.964,-0.17992166666666667,0.675486,21.396504,1.4503376666666665,0.002328,0.564186,0.3293796666666667,0.23480633333333334,-0.561858,-0.3270516666666667,44.403075666666666,-0.4179112004181372,0.36880128715693994,2428.0,2
6036.964,-0.17519633333333334,0.675384,21.395556000000003,1.4506583333333334,0.002312,0.560244,0.32733433333333334,0.23290966666666665,-0.557932,-0.3250223333333333,44.36064233333334,-0.4174524567852775,0.3672987457689485,2429.0,2
6037.964,-0.170471,0.675282,21.394608,1.450979,0.002296,0.556302,0.325289,0.231013,-0.554006,-0.322993,44.318209,-0.41698721130675714,0.3657749086255424,2430.0,2
6038.964,-0.1656146666666667,0.6793803333333334,21.39619766666667,1.450556,0.002356333333333333,0.5573936666666667,0.3256793333333333,0.23171433333333333,-0.5550373333333334,-0.32332299999999997,44.39626533333333,-0.4174759730444073,0.36737576951402606,2431.0,2
6039.964,-0.16075833333333334,0.6834786666666667,21.397787333333333,1.4501330000000001,0.002416666666666667,0.5584853333333333,0.32606966666666665,0.23241566666666666,-0.5560686666666667,-0.32365299999999997,44.47432166666667,-0.41796292177870437,0.36897069220003775,2432.0,2
6040.964,-0.155902,0.687577,21.399377,1.44971,0.002477,0.559577,0.32646,0.233117,-0.5571,-0.32398299999999997,44.552378,-0.418448067578653,0.37055970966299157,2433.0,2
6041.964,-0.14212033333333335,0.6876353333333334,21.397291666666668,1.4483973333333333,0.0024186666666666666,0.5578623333333333,0.32570099999999996,0.23216133333333333,-0.5554436666666667,-0.3232823333333333,44.513087666666664,-0.4179753325875819,0.3690113418192613,2434.0,2
6042.964,-0.12833866666666668,0.6876936666666666,21.395206333333334,1.4470846666666668,0.002360333333333333,0.5561476666666666,0.324942,0.23120566666666667,-0.5537873333333333,-0.32258166666666666,44.47379733333334,-0.41749976976679926,0.3674537118716552,2435.0,2
6043.964,-0.114557,0.687752,21.393121,1.445772,0.002302,0.554433,0.324183,0.23025,-0.5521309999999999,-0.321881,44.434507,-0.41702135366670895,0.36588673646409253,2436.0,2
6044.964,-0.11950066666666667,0.6954673333333333,21.394025,1.4457573333333333,0.0023279999999999998,0.5570046666666666,0.32547866666666664,0.231526,-0.5546766666666666,-0.32315066666666664,44.34178266666667,-0.41740789061715944,0.3671527764141609,2437.0,2
6045.964,-0.12444433333333334,0.7031826666666667,21.394929,1.4457426666666666,0.002354,0.5595763333333333,0.32677433333333333,0.232802,-0.5572223333333333,-0.3244203333333333,44.24905833333334,-0.41779089577809897,0.3684072485526373,2438.0,2
6046.964,-0.129388,0.710898,21.395833,1.445728,0.00238,0.562148,0.32807,0.234078,-0.5597679999999999,-0.32569,44.156334,-0.4181704173343553,0.36965031070121723,2439.0,2
6047.964,-0.099123,0.6981765,21.394783,1.4451155,0.0023395,0.5551824999999999,0.3243055,0.230877,-0.552843,-0.321966,44.214483,-0.41761841538812167,0.367842316625534,2440.0,2
6048.964,-0.068858,0.685455,21.393733,1.444503,0.002299,0.548217,0.320541,0.227676,-0.5459179999999999,-0.318242,44.272632,-0.417052409065847,0.3659884534562927,2441.0,2
6049.964,-0.0812315,0.694598,21.395432,1.4460945,0.002366,0.555728,0.3246705,0.2310575,-0.5533619999999999,-0.3223045,44.232397000000006,-0.4175529175348462,0.36762778888428227,2442.0,2
6050.964,-0.093605,0.703741,21.397131,1.447686,0.002433,0.563239,0.3288,0.234439,-0.560806,-0.32636699999999996,44.192162,-0.4180401387291484,0.36922360396945764,2443.0,2
6051.964,-0.088213,0.7156095,21.396835000000003,1.447395,0.0024184999999999996,0.569483,0.332036,0.23744700000000002,-0.5670645000000001,-0.3296175,44.494093500000005,-0.4187308828729057,0.37148602591968327,2444.0,2
6052.964,-0.082821,0.727478,21.396539,1.447104,0.002404,0.575727,0.335272,0.240455,-0.573323,-0.332868,44.796025,-0.41940654640847547,0.37369905375011103,2445.0,2
6053.964,-0.068855,0.724839,21.396289333333335,1.445814,0.0023933333333333333,0.570274,0.3324476666666667,0.23782633333333333,-0.5678806666666667,-0.33005433333333334,44.82377366666667,-0.4187970573578087,0.3717027698595956,2446.0,2
6054.964,-0.05488900000000001,0.7222,21.396039666666667,1.444524,0.0023826666666666666,0.564821,0.3296233333333333,0.23519766666666667,-0.5624383333333333,-0.3272406666666667,44.851522333333335,-0.41817577306390286,0.36966785253663836,2447.0,2
6055.964,-0.040923,0.719561,21.39579,1.443234,0.002372,0.559368,0.326799,0.232569,-0.5569959999999999,-0.324427,44.879271,-0.41754234777691,0.3675931693329193,2448.0,2
6056.964,-0.036329,0.7180443333333333,21.397802333333335,1.4452906666666665,0.0023846666666666664,0.5610663333333333,0.32760933333333336,0.233457,-0.5586816666666666,-0.32522466666666666,44.863555000000005,-0.41787198650153157,0.36867284824582547,2449.0,2
6057.964,-0.031735,0.7165276666666667,21.399814666666668,1.4473473333333333,0.0023973333333333333,0.5627646666666667,0.32841966666666667,0.234345,-0.5603673333333333,-0.32602233333333336,44.847839,-0.418199642019893,0.36974603148386387,2450.0,2
6058.964,-0.027141,0.715011,21.401827,1.449404,0.00241,0.564463,0.32923,0.235233,-0.562053,-0.32682,44.832123,-0.4185253321756706,0.3708127774911416,2451.0,2
6059.964,-0.024807666666666665,0.7225073333333333,21.398648,1.4465013333333332,0.00248,0.5590633333333334,0.32649866666666666,0.23256466666666667,-0.5565833333333333,-0.3240186666666667,44.673391,-0.41784414045960266,0.36858164298978946,2452.0,2
6060.964,-0.022474333333333332,0.7300036666666667,21.395469,1.4435986666666667,0.0025499999999999997,0.5536636666666667,0.32376733333333335,0.22989633333333334,-0.5511136666666667,-0.3212173333333333,44.514659,-0.4171494274008098,0.36630622149323955,2453.0,2
6061.964,-0.020141,0.7375,21.39229,1.440696,0.00262,0.548264,0.321036,0.227228,-0.545644,-0.318416,44.355927,-0.4164407863749741,0.363985181168583,2454.0,2
6062.964,-0.018347333333333334,0.7354143333333334,21.394593999999998,1.4430883333333333,0.002572333333333333,0.541354,0.31748566666666667,0.22386833333333334,-0.5387816666666667,-0.3149133333333333,44.16523933333333,-0.4155092177274364,0.3609339770789368,2455.0,2
6063.964,-0.016553666666666668,0.7333286666666666,21.396898,1.4454806666666666,0.002524666666666667,0.534444,0.31393533333333334,0.2205086666666667,-0.5319193333333334,-0.31141066666666667,43.97455166666667,-0.4145536125533055,0.3578040451913602,2456.0,2
6064.964,-0.01476,0.731243,21.399202,1.447873,0.002477,0.5275340000000001,0.310385,0.217149,-0.5250570000000001,-0.307908,43.783864,-0.41357302840078014,0.35459229865573394,2457.0,2
6065.964,-0.004007333333333333,0.733475,21.39881,1.4471523333333334,0.0024720000000000002,0.5290090000000001,0.3111486666666667,0.21786033333333335,-0.5265370000000001,-0.30867666666666665,43.559603,-0.4137615155152418,0.35520965804842186,2458.0,2
6066.964,0.006745333333333334,0.735707,21.398418,1.4464316666666666,0.002467,0.5304840000000001,0.31191233333333335,0.21857166666666666,-0.5280170000000001,-0.30944533333333335,43.335342,-0.4139489459915357,0.35582355659181286,2459.0,2
6067.964,0.017498,0.737939,21.398026,1.445711,0.002462,0.5319590000000001,0.312676,0.219283,-0.5294970000000001,-0.310214,43.111081,-0.41413532868992403,0.3564340233062788,2460.0,2
6068.964,0.021110666666666666,0.734542,21.399140000000003,1.4456146666666667,0.002428,0.5393823333333334,0.316605,0.22277733333333333,-0.5369543333333334,-0.314177,43.57129033333333,-0.41489142445650157,0.35891049404329123,2461.0,2
6069.964,0.024723333333333333,0.7311449999999999,21.400254,1.4455183333333332,0.0023940000000000003,0.5468056666666666,0.320534,0.22627166666666668,-0.5444116666666666,-0.31814000000000003,44.03149966666667,-0.41562680623450926,0.36131911942418915,2462.0,2
6070.964,0.028336,0.727748,21.401368,1.445422,0.00236,0.554229,0.324463,0.229766,-0.5518689999999999,-0.32210300000000003,44.491709,-0.41634231374169184,0.363662649810123,2463.0,2
6071.964,0.035423666666666666,0.728738,21.401389666666667,1.4458013333333333,0.0023806666666666668,0.559317,0.3269896666666667,0.23232733333333333,-0.5569363333333333,-0.32460900000000004,44.560651666666665,-0.4171531584157586,0.3663184418358847,2464.0,2
6072.964,0.04251133333333333,0.7297279999999999,21.401411333333336,1.4461806666666668,0.0024013333333333334,0.564405,0.3295163333333333,0.23488866666666666,-0.5620036666666667,-0.327115,44.62959433333334,-0.41794938102310325,0.3689263416210693,2465.0,2
6073.964,0.049599,0.730718,21.401433,1.44656,0.002422,0.569493,0.332043,0.23745,-0.567071,-0.329621,44.698537,-0.4187313735517662,0.3714876330598009,2466.0,2
6074.964,0.046917,0.7386193333333333,21.40097,1.446334,0.002435,0.5717663333333334,0.3331163333333333,0.23865,-0.5693313333333333,-0.3306813333333333,44.89570366666667,-0.41917668184434237,0.37294616913983414,2467.0,2
6075.964,0.044235,0.7465206666666667,21.400507,1.446108,0.002448,0.5740396666666666,0.33418966666666666,0.23984999999999998,-0.5715916666666666,-0.33174166666666666,45.09287033333333,-0.419618468227846,0.3743931697700713,2468.0,2
6076.964,0.041553,0.754422,21.400044,1.445882,0.002461,0.576313,0.335263,0.24105,-0.5738519999999999,-0.332802,45.290037,-0.42005677431946625,0.37582877126095804,2469.0,2
6077.964,0.046497333333333335,0.755517,21.399647333333334,1.445015,0.002451,0.5747673333333333,0.33450033333333334,0.24026699999999998,-0.5723163333333333,-0.3320493333333333,45.25088366666667,-0.41981576590061653,0.37503938673714754,2470.0,2
6078.964,0.05144166666666666,0.7566120000000001,21.399250666666667,1.444148,0.002441,0.5732216666666667,0.33373766666666665,0.239484,-0.5707806666666667,-0.3312966666666667,45.21173033333333,-0.4195734606289994,0.37424575457954434,2471.0,2
6079.964,0.056386,0.757707,21.398854,1.443281,0.002431,0.5716760000000001,0.332975,0.238701,-0.5692450000000001,-0.330544,45.172577,-0.4193298480089382,0.373447840411238,2472.0,2
6080.964,0.0604025,0.753746,21.398941999999998,1.4424285000000001,0.002371,0.5697315000000001,0.3319665,0.237765,-0.5673605000000002,-0.3295955,44.928545,-0.41907291584965095,0.37260630022281394,2473.0,2
6081.964,0.064419,0.749785,21.39903,1.441576,0.002311,0.567787,0.330958,0.236829,-0.5654760000000001,-0.32864699999999997,44.684513,-0.4188142711879394,0.37175915100663404,2474.0,2
6082.964,0.0725205,0.7448675,21.400036999999998,1.4428290000000001,0.002323,0.5738840000000001,0.3340845,0.2397995,-0.571561,-0.3317615,44.890955000000005,-0.41955262789558406,0.374177520293683,2475.0,2
6083.964,0.080622,0.73995,21.401044,1.444082,0.002335,0.579981,0.337211,0.24277,-0.577646,-0.334876,45.097397,-0.4202754286802448,0.37654493864335103,2476.0,2
6084.964,0.075196,0.7498294999999999,21.4009485,1.445408,0.002366,0.5813955,0.3379355,0.24346,-0.5790295000000001,-0.3355695,45.262821,-0.420462896040523,0.37715895799433263,2477.0,2
6085.964,0.06977,0.759709,21.400853,1.446734,0.002397,0.58281,0.33866,0.24415,-0.5804130000000001,-0.33626300000000003,45.428245,-0.4206494696870499,0.3777700501288821,2478.0,2
6086.964,0.082818,0.7570049999999999,21.398999500000002,1.446439,0.0024505,0.581688,0.3381035,0.2435845,-0.5792375000000001,-0.335653,45.4916525,-0.42052684870514895,0.3773684247173339,2479.0,2
6087.964,0.095866,0.754301,21.397146,1.446144,0.002504,0.580566,0.337547,0.243019,-0.5780620000000001,-0.335043,45.55506,-0.4204037290182178,0.3769651658772333,2480.0,2
6088.964,0.1003285,0.7545965,21.3966865,1.4442735,0.0024735,0.5787165000000001,0.33657950000000003,0.242137,-0.5762430000000001,-0.334106,45.415972999999994,-0.4202001936686323,0.37629851839753936,2481.0,2
6089.964,0.104791,0.754892,21.396227,1.442403,0.002443,0.576867,0.335612,0.241255,-0.574424,-0.33316900000000005,45.276886,-0.4199953692662028,0.3756276488314543,2482.0,2
6090.964,0.10610349999999999,0.7559750000000001,21.399147499999998,1.4441424999999999,0.002451,0.5762039999999999,0.335243,0.24096099999999998,-0.573753,-0.33279200000000003,45.1896625,-0.4199741351664133,0.37555809993423783,2483.0,2
6091.964,0.107416,0.757058,21.402068,1.445882,0.002459,0.575541,0.334874,0.240667,-0.573082,-0.332415,45.102439,-0.41995285134213134,0.37548838817240027,2484.0,2
6092.964,0.10144500000000001,0.758128,21.403596,1.4488055,0.002443,0.573407,0.333788,0.239619,-0.570964,-0.331345,45.0737155,-0.4196751803531928,0.37457892126487313,2485.0,2
6093.964,0.095474,0.759198,21.405124,1.451729,0.002427,0.571273,0.332702,0.238571,-0.5688460000000001,-0.330275,45.044992,-0.41939544164051723,0.3736626818590021,2486.0,2
6094.964,0.100953,0.769646,21.4045475,1.4531045,0.0024835,0.5664534999999999,0.330206,0.2362475,-0.5639700000000001,-0.3277225,44.901624999999996,-0.4189015708310208,0.37204508702294237,2487.0,2
6095.964,0.106432,0.780094,21.403971,1.45448,0.00254,0.561634,0.32771,0.233924,-0.559094,-0.32517,44.758258,-0.41839908566195605,0.3703992772300846,2488.0,2
6096.964,0.113421,0.770545,21.404791,1.453922,0.0025755,0.559487,0.3264935,0.2329935,-0.5569115,-0.32391800000000004,44.6969655,-0.4183679424252191,0.37029727253987965,2489.0,2
6097.964,0.12041,0.760996,21.405611,1.453364,0.002611,0.55734,0.325277,0.232063,-0.5547289999999999,-0.322666,44.635673,-0.4183365541310336,0.3701944652032021,2490.0,2
6098.964,0.12273999999999999,0.7673295,21.4038395,1.4532655,0.0025585,0.5688264999999999,0.33122549999999995,0.237601,-0.566268,-0.328667,44.595597,-0.4195918179939852,0.37430588119207875,2491.0,2
6099.964,0.12507,0.773663,21.402068,1.453167,0.002506,0.580313,0.337174,0.243139,-0.577807,-0.33466799999999997,44.555521,-0.42079694568765297,0.37825308417833625,2492.0,2
6100.964,0.121723,0.778421,21.402921,1.4541515,0.0025545,0.5816870000000001,0.337859,0.243828,-0.5791325,-0.3353045,44.8183715,-0.42102354991914626,0.37899529009058,2493.0,2
6101.964,0.118376,0.783179,21.403774,1.455136,0.002603,0.583061,0.338544,0.244517,-0.580458,-0.335941,45.081222,-0.42124911922847,0.3797341062808053,2494.0,2
6102.964,0.1182445,0.78902,21.4050865,1.4556615,0.002505,0.5814235000000001,0.3376555,0.243768,-0.5789185,-0.3351505,45.089473,-0.4210755418518184,0.3791655813493262,2495.0,2
6103.964,0.118113,0.794861,21.406399,1.456187,0.002407,0.579786,0.336767,0.243019,-0.577379,-0.33436,45.097724,-0.42090103883417807,0.3785940246288557,2496.0,2
6104.964,0.12982749999999998,0.791317,21.405316,1.457631,0.002449,0.5801205,0.336989,0.2431315,-0.5776714999999999,-0.33453999999999995,45.0635415,-0.42088266581035394,0.37853384672830126,2497.0,2
6105.964,0.141542,0.787773,21.404233,1.459075,0.002491,0.5804549999999999,0.337211,0.243244,-0.5779639999999999,-0.33471999999999996,45.029359,-0.42086431138325464,0.37847372973834403,2498.0,2
6106.964,0.141739,0.7898734999999999,21.402527,1.4569744999999998,0.0025185,0.5817034999999999,0.337908,0.2437955,-0.579185,-0.3353895,45.0317165,-0.42092927290809135,0.3786865008215865,2499.0,2
6107.964,0.141936,0.791974,21.400821,1.454874,0.002546,0.582952,0.338605,0.244347,-0.580406,-0.336059,45.034074,-0.42099396111336057,0.37889837669030646,2500.0,2
6108.964,0.14431933333333333,0.7972266666666666,21.401948,1.4560933333333332,0.0025163333333333335,0.582632,0.3384453333333333,0.24418666666666666,-0.5801156666666666,-0.335929,44.99729333333333,-0.42092827624883367,0.37868323642361523,2501.0,2
6109.964,0.14670266666666668,0.8024793333333333,21.403075,1.4573126666666667,0.0024866666666666665,0.5823119999999999,0.33828566666666665,0.24402633333333335,-0.5798253333333333,-0.335799,44.960512666666666,-0.4208625256040191,0.3784678807041144,2502.0,2
6110.964,0.149086,0.807732,21.404202,1.458532,0.002457,0.581992,0.338126,0.243866,-0.5795349999999999,-0.335669,44.923732,-0.420796709080054,0.3782523092079939,2503.0,2
6111.964,0.15327266666666667,0.81088,21.404883333333334,1.4589316666666665,0.0024243333333333335,0.5821816666666666,0.338183,0.24399866666666667,-0.5797573333333332,-0.33575866666666665,44.88062266666667,-0.42086416764744267,0.378473258954684,2504.0,2
6112.964,0.15745933333333334,0.814028,21.405564666666667,1.4593313333333333,0.0023916666666666665,0.5823713333333334,0.33824,0.24413133333333334,-0.5799796666666667,-0.33584833333333336,44.837513333333334,-0.42093157449469415,0.3786940393003382,2505.0,2
6113.964,0.161646,0.817176,21.406246,1.459731,0.002359,0.582561,0.338297,0.244264,-0.580202,-0.335938,44.794404,-0.4209989296812656,0.3789146504396985,2506.0,2
6114.964,0.16412533333333335,0.8140986666666666,21.405633333333334,1.4616416666666665,0.002359,0.5825123333333333,0.33829233333333336,0.24422,-0.5801533333333333,-0.33593333333333336,44.75720966666667,-0.4209584034538055,0.37878191326429955,2507.0,2
6115.964,0.16660466666666668,0.8110213333333334,21.405020666666665,1.4635523333333333,0.002359,0.5824636666666667,0.33828766666666665,0.244176,-0.5801046666666667,-0.33592866666666665,44.72001533333333,-0.4209178704266077,0.3786491538174479,2508.0,2
6116.964,0.169084,0.807944,21.404408,1.465463,0.002359,0.582415,0.338283,0.244132,-0.580056,-0.335924,44.682821,-0.42087733059796056,0.3785163720935367,2509.0,2
6117.964,0.167904,0.8171726666666667,21.404255666666668,1.4667373333333333,0.0023686666666666665,0.5827316666666666,0.33840133333333333,0.24433033333333332,-0.5803630000000001,-0.33603266666666665,44.678877666666665,-0.4209964355580368,0.37890648133802696,2510.0,2
6118.964,0.166724,0.8264013333333333,21.40410333333333,1.4680116666666667,0.0023783333333333334,0.5830483333333334,0.33851966666666666,0.24452866666666667,-0.58067,-0.33614133333333335,44.67493433333333,-0.4211154145764054,0.3792961780805997,2511.0,2
6119.964,0.165544,0.83563,21.403951,1.469286,0.002388,0.583365,0.338638,0.244727,-0.5809770000000001,-0.33625,44.670991,-0.42123426785271684,0.379685462975178,2512.0,2
6120.964,0.173593,0.830441,21.40462833333333,1.4697473333333333,0.002373333333333333,0.6108433333333333,0.352903,0.2579403333333333,-0.6084700000000001,-0.3505296666666667,45.10031466666667,-0.42391696755846775,0.38847221673198895,2513.0,2
6121.964,0.181642,0.825252,21.405305666666667,1.4702086666666667,0.002358666666666667,0.6383216666666667,0.367168,0.2711536666666666,-0.635963,-0.3648093333333333,45.52963833333333,-0.4263677179873431,0.39649925773540917,2514.0,2
6122.964,0.189691,0.820063,21.405983,1.47067,0.002344,0.6658,0.381433,0.284367,-0.6634559999999999,-0.379089,45.958962,-0.42861535447015997,0.4038610314989801,2515.0,3
6123.964,0.19023066666666666,0.8260866666666666,21.405749666666665,1.4717493333333334,0.0023666666666666667,0.7562053333333333,0.42796,0.32824533333333333,-0.7538386666666667,-0.4255933333333333,48.563631666666666,-0.4354323853101883,0.4261891255512167,2516.0,3
6124.964,0.19077033333333335,0.8321103333333334,21.405516333333335,1.4728286666666666,0.0023893333333333336,0.8466106666666666,0.474487,0.37212366666666663,-0.8442213333333333,-0.4720976666666667,51.16830133333333,-0.440789746436653,0.44373630494801763,2517.0,3
6125.964,0.19131,0.838134,21.405283,1.473908,0.002412,0.937016,0.521014,0.416002,-0.934604,-0.518602,53.772971,-0.4451109187537382,0.45788961365028524,2518.0,3
6126.964,0.19657466666666668,0.838557,21.405487333333333,1.474302,0.0024316666666666666,0.9469246666666666,0.5261626666666667,0.42076199999999997,-0.944493,-0.5237310000000001,54.84270866666667,-0.44549027413678466,0.4591321315250978,2519.0,3
6127.964,0.20183933333333334,0.8389800000000001,21.405691666666666,1.474696,0.0024513333333333336,0.9568333333333333,0.5313113333333334,0.425522,-0.954382,-0.52886,55.91244633333333,-0.4458617679941239,0.4603489002300001,2520.0,3
6128.964,0.207104,0.839403,21.405896,1.47509,0.002471,0.966742,0.53646,0.430282,-0.964271,-0.533989,56.982184,-0.44622564219565053,0.46154071197114144,2521.0,3
6129.964,0.1959345,0.8455170000000001,21.406816499999998,1.4762555000000002,0.00243,1.012115,0.5599000000000001,0.45221500000000003,-1.009685,-0.55747,57.3707335,-0.44787775185107415,0.4669519328731073,2522.0,3
6130.964,0.184765,0.851631,21.407737,1.477421,0.002389,1.057488,0.58334,0.474148,-1.055099,-0.580951,57.759283,-0.44938763982113505,0.4718973293946991,2523.0,3
6131.964,0.187862,0.8548145,21.407396,1.479078,0.0024095,1.210706,0.662676,0.54803,-1.2082964999999999,-0.6602665,60.172115500000004,-0.4535562699687286,0.48555101062171135,2524.0,3
6132.964,0.190959,0.857998,21.407055,1.480735,0.00243,1.363924,0.742012,0.621912,-1.361494,-0.739582,62.584948,-0.4567867774568065,0.4961320211412352,2525.0,3
6133.964,0.19552049999999999,0.8650205,21.4055785,1.482113,0.0024590000000000002,1.4094295,0.7653995,0.64403,-1.4069705,-0.7629405,65.9065305,-0.45774268738590274,0.4992629512049518,2526.0,3
6134.964,0.200082,0.872043,21.404102,1.483491,0.002488,1.4549349999999999,0.788787,0.666148,-1.4524469999999998,-0.786299,69.228113,-0.45863873768801033,0.5021978206357187,2527.0,3
6135.964,0.2133385,0.872174,21.4059065,1.481752,0.0025180000000000003,1.4438529999999998,0.783185,0.660668,-1.441335,-0.780667,68.8650725,-0.4583725909469976,0.5013260995588336,2528.0,3
6136.964,0.226595,0.872305,21.407711,1.480013,0.002548,1.432771,0.777583,0.655188,-1.430223,-0.775035,68.502032,-0.458102308592652,0.5004408329420165,2529.0,3
6137.964,0.22899049999999999,0.8605245,21.406923499999998,1.480308,0.0024985,1.4316605,0.777306,0.6543545,-1.429162,-0.7748075,68.32876300000001,-0.45785919151166304,0.49964454183267426,2530.0,3
6138.964,0.231386,0.848744,21.406136,1.480603,0.002449,1.43055,0.777029,0.653521,-1.428101,-0.7745799999999999,68.155494,-0.45761571318535116,0.4988470675220622,2531.0,3
6139.964,0.22049200000000002,0.8602295,21.4094175,1.4843115,0.0023924999999999997,1.4321890000000002,0.777584,0.654605,-1.4297965000000001,-0.7751915,68.170817,-0.45783120732999927,0.4995528841220336,2532.0,3
6140.964,0.209598,0.871715,21.412699,1.48802,0.002336,1.433828,0.778139,0.655689,-1.4314920000000002,-0.775803,68.18614,-0.4580461909994544,0.5002570287421668,2533.0,3
6141.964,0.21455933333333332,0.874401,21.410739666666668,1.4857363333333333,0.0023356666666666664,1.4335486666666668,0.7778853333333333,0.6556633333333333,-1.431213,-0.7755496666666667,68.062389,-0.4581175488560279,0.500490749986845,2534.0,3
6142.964,0.21952066666666667,0.8770870000000001,21.408780333333333,1.4834526666666665,0.0023353333333333334,1.4332693333333333,0.7776316666666667,0.6556376666666667,-1.4309340000000002,-0.7752963333333334,67.938638,-0.4581889345389802,0.5007245623723753,2535.0,3
6143.964,0.224482,0.879773,21.406821,1.481169,0.002335,1.43299,0.777378,0.655612,-1.430655,-0.775043,67.814887,-0.45826034806459137,0.5009584659520814,2536.0,3
6144.964,0.23322033333333334,0.875333,21.408418,1.480419,0.0023153333333333333,1.4324473333333334,0.777324,0.6551233333333333,-1.430132,-0.7750086666666667,67.67990966666666,-0.4580862405844872,0.5003882047515398,2537.0,3
6145.964,0.24195866666666666,0.870893,21.410015,1.4796690000000001,0.0022956666666666663,1.4319046666666666,0.77727,0.6546346666666667,-1.4296090000000001,-0.7749743333333334,67.54493233333334,-0.4579120057153196,0.4998175263084981,2538.0,3
6146.964,0.250697,0.866453,21.411612,1.478919,0.002276,1.431362,0.777216,0.654146,-1.429086,-0.7749400000000001,67.409955,-0.4577376433172274,0.4992464301648638,2539.0,3
6147.964,0.25264566666666666,0.8685643333333334,21.410071000000002,1.4763300000000001,0.002314333333333333,1.431691,0.776947,0.654744,-1.4293766666666667,-0.7746326666666667,66.94417433333334,-0.45806292584151537,0.5003118410404028,2540.0,3
6148.964,0.25459433333333337,0.8706756666666666,21.40853,1.473741,0.0023526666666666665,1.4320199999999998,0.776678,0.655342,-1.4296673333333332,-0.7743253333333333,66.47839366666666,-0.4583880760988752,0.5013768186967764,2541.0,3
6149.964,0.256543,0.872787,21.406989,1.471152,0.002391,1.4323489999999999,0.776409,0.65594,-1.4299579999999998,-0.774018,66.012613,-0.4587130941699645,0.5024413633981655,2542.0,3
6150.964,0.269712,0.878256,21.403766333333333,1.467768,0.002444,1.435497,0.7769796666666666,0.6585173333333333,-1.433053,-0.7745356666666666,64.276516,-0.45952089200764057,0.5050871759987066,2543.0,3
6151.964,0.282881,0.883725,21.400543666666668,1.4643840000000001,0.002497,1.438645,0.7775503333333333,0.6610946666666667,-1.436148,-0.7750533333333333,62.540419,-0.4603252081205243,0.5077215847666334,2544.0,3
6152.964,0.29605,0.889194,21.397321,1.461,0.00255,1.441793,0.778121,0.663672,-1.439243,-0.7755709999999999,60.804322,-0.46112606497031083,0.5103446632716351,2545.0,3
6153.964,0.297811,0.8962715,21.399957,1.460628,0.0025320000000000004,1.4426105,0.778667,0.6639435,-1.4400785,-0.776135,59.0696655,-0.46104706170327636,0.5100859007079657,2546.0,3
6154.964,0.299572,0.903349,21.402593,1.460256,0.002514,1.443428,0.779213,0.664215,-1.440914,-0.776699,57.335009,-0.4609681500548609,0.5098274382264272,2547.0,3
6155.964,0.3000315,0.89252,21.407415999999998,1.4624549999999998,0.0024955000000000003,1.440215,0.778063,0.6621520000000001,-1.4377195,-0.7755675,57.1546675,-0.4605574735248938,0.5084823329450618,2548.0,3
6156.964,0.300491,0.881691,21.412239,1.464654,0.002477,1.4370020000000001,0.776913,0.660089,-1.434525,-0.774436,56.974326,-0.46014496794755616,0.5071312369116121,2549.0,3
6157.964,0.301246,0.8863835,21.4111565,1.461339,0.0024865,1.4357755,0.7761665,0.659609,-1.433289,-0.7736799999999999,56.823452,-0.4602068809618165,0.507334023086107,2550.0,3
6158.964,0.302001,0.891076,21.410074,1.458024,0.002496,1.434549,0.77542,0.659129,-1.432053,-0.7729239999999999,56.672578,-0.46026890084996913,0.5075371593089402,2551.0,3
6159.964,0.3055775,0.886482,21.41283,1.4599275,0.0024475,1.433448,0.7749435,0.6585045,-1.4310005000000001,-0.772496,56.865885000000006,-0.46017102032530405,0.507216567307541,2552.0,3
6160.964,0.309154,0.881888,21.415586,1.461831,0.002399,1.432347,0.774467,0.65788,-1.429948,-0.772068,57.059192,-0.4600729957124285,0.5068955033682572,2553.0,3
6161.964,0.31115550000000003,0.880247,21.415619,1.4615360000000002,0.0024015,1.4313585,0.7741035,0.657255,-1.428957,-0.771702,57.087481,-0.45995468020009006,0.5065079798335506,2554.0,3
6162.964,0.313157,0.878606,21.415652,1.461241,0.002404,1.43037,0.77374,0.65663,-1.4279659999999998,-0.771336,57.11577,-0.4598362004670983,0.5061199184203631,2555.0,3
6163.964,0.31825950000000003,0.8960325,21.4134975,1.457889,0.002457,1.429473,0.773099,0.656374,-1.427016,-0.770642,57.214974,-0.459962929611812,0.5065349994620554,2556.0,3
6164.964,0.323362,0.913459,21.411343,1.454537,0.00251,1.428576,0.772458,0.656118,-1.426066,-0.769948,57.314178,-0.46008982760252864,0.5069506335318215,2557.0,3
6165.964,0.322311,0.9088245,21.411550499999997,1.452936,0.0024879999999999998,1.428695,0.772726,0.655969,-1.426207,-0.770238,57.349188,-0.45993986843415324,0.5064594662635409,2558.0,3
6166.964,0.32126,0.90419,21.411758,1.451335,0.002466,1.428814,0.772994,0.65582,-1.426348,-0.770528,57.384198,-0.45978993891388287,0.5059683961028858,2559.0,3
6167.964,0.3217695,0.9041305,21.4136065,1.4540890000000002,0.0024495,1.429627,0.773271,0.6563559999999999,-1.4271775,-0.7708215,57.4692225,-0.4598982676634599,0.5063232095936676,2560.0,3
6168.964,0.322279,0.904071,21.415455,1.456843,0.002433,1.43044,0.773548,0.656892,-1.428007,-0.771115,57.554247,-0.460006470561048,0.5066776108763908,2561.0,3
6169.964,0.330909,0.901774,21.4124035,1.4514605,0.0024419999999999997,1.429991,0.7733745000000001,0.6566164999999999,-1.427549,-0.7709325,57.567212999999995,-0.45996106610775955,0.5065288958526211,2562.0,3
6170.964,0.339539,0.899477,21.409352,1.446078,0.002451,1.429542,0.773201,0.656341,-1.427091,-0.77075,57.580179,-0.4599156325109138,0.506380085373791,2563.0,3
6171.964,0.340786,0.9036770000000001,21.411156499999997,1.448671,0.0024289999999999997,1.429144,0.773058,0.656086,-1.4267150000000002,-0.770629,57.531852,-0.4598581075113863,0.5061916714396391,2564.0,3
6172.964,0.342033,0.907877,21.412961,1.451264,0.002407,1.428746,0.772915,0.655831,-1.426339,-0.770508,57.483525,-0.45980055218328336,0.5060031581690898,2565.0,3
6173.964,0.347769,0.9051205,21.414031,1.4494985,0.0023825,1.4281915,0.7726200000000001,0.6555715,-1.425809,-0.7702375,57.4778675,-0.4597894667444704,0.5059668495875043,2566.0,3
6174.964,0.353505,0.902364,21.415101,1.447733,0.002358,1.427637,0.772325,0.655312,-1.425279,-0.7699670000000001,57.47221,-0.4597783730612554,0.5059305140026986,2567.0,3
6175.964,0.3573826666666667,0.909961,21.415737333333333,1.4477593333333334,0.0023833333333333332,1.427602,0.772375,0.655227,-1.4252186666666666,-0.7699916666666667,57.450797,-0.4597381967152152,0.5057989228079232,2568.0,3
6176.964,0.36126033333333335,0.917558,21.41637366666667,1.4477856666666666,0.0024086666666666666,1.427567,0.772425,0.655142,-1.4251583333333333,-0.7700163333333333,57.429384,-0.45969801696748336,0.5056673204714508,2569.0,3
6177.964,0.365138,0.925155,21.41701,1.447812,0.002434,1.427532,0.772475,0.655057,-1.425098,-0.770041,57.407971,-0.4596578338176278,0.5055357069918665,2570.0,3
6178.964,0.351017,0.906546,21.4186175,1.4501995,0.0024405,1.4279585,0.7728045,0.655154,-1.4255179999999998,-0.770364,57.412801,-0.4595904503418759,0.5053150031958207,2571.0,3
6179.964,0.336896,0.887937,21.420225,1.452587,0.002447,1.428385,0.773134,0.655251,-1.425938,-0.770687,57.417631,-0.4595231065608088,0.5050944294133655,2572.0,3
6180.964,0.345873,0.8941586666666667,21.419397,1.450476,0.0024433333333333334,1.4279313333333332,0.7727963333333333,0.655135,-1.4254879999999999,-0.770353,57.33994633333333,-0.4595867938465941,0.5053030269304246,2573.0,3
6181.964,0.35485,0.9003803333333333,21.418568999999998,1.448365,0.0024396666666666664,1.4274776666666666,0.7724586666666666,0.655019,-1.4250379999999998,-0.770019,57.26226166666667,-0.4596505213548841,0.5055117561898639,2574.0,3
6182.964,0.363827,0.906602,21.417741,1.446254,0.002436,1.4270239999999998,0.772121,0.654903,-1.4245879999999997,-0.769685,57.184577,-0.45971428912379514,0.5057206173165272,2575.0,3
6183.964,0.3632126666666667,0.9088646666666667,21.416957,1.447902,0.0024683333333333332,1.4275593333333332,0.7725516666666666,0.6550076666666667,-1.4250909999999999,-0.7700833333333333,57.23707833333333,-0.45962547394667463,0.5054297174109013,2576.0,3
6184.964,0.3625983333333333,0.9111273333333334,21.416173,1.44955,0.0025006666666666667,1.4280946666666667,0.7729823333333333,0.6551123333333334,-1.425594,-0.7704816666666666,57.28957966666667,-0.4595367214438717,0.5051390227849772,2577.0,3
6185.964,0.361984,0.91339,21.415389,1.451198,0.002533,1.42863,0.773413,0.655217,-1.4260970000000002,-0.77088,57.342081,-0.45944803154906816,0.5048485332215402,2578.0,3
6186.964,0.367803,0.9138713333333334,21.415885,1.449827,0.0024773333333333336,1.4275543333333334,0.7728243333333333,0.65473,-1.4250770000000001,-0.770347,57.28131233333333,-0.4594351459150249,0.5048063283884401,2579.0,3
6187.964,0.37362199999999995,0.9143526666666667,21.416381,1.448456,0.0024216666666666666,1.4264786666666667,0.7722356666666667,0.654243,-1.424057,-0.769814,57.22054366666667,-0.45942224182195085,0.5047640630957377,2580.0,3
6188.964,0.379441,0.914834,21.416877,1.447085,0.002366,1.425403,0.771647,0.653756,-1.4230369999999999,-0.769281,57.159775,-0.459409319230153,0.5047217372134243,2581.0,3
6189.964,0.3781583333333333,0.9212746666666667,21.416525666666665,1.4468296666666667,0.0024183333333333335,1.4251853333333333,0.7716836666666667,0.6535016666666666,-1.422767,-0.7692653333333334,57.159955000000004,-0.45931774210704124,0.50442179099551,2582.0,3
6190.964,0.37687566666666666,0.9277153333333333,21.416174333333334,1.4465743333333332,0.0024706666666666666,1.4249676666666666,0.7717203333333333,0.6532473333333334,-1.422497,-0.7692496666666666,57.160135,-0.45922613021993264,0.5041217309136847,2583.0,3
6191.964,0.375593,0.934156,21.415823,1.446319,0.002523,1.42475,0.771757,0.652993,-1.422227,-0.769234,57.160315,-0.459134483549028,0.5038215569030997,2584.0,3
6192.964,0.37922866666666666,0.927671,21.419342666666665,1.4471586666666667,0.002486,1.423295,0.7710156666666667,0.6522793333333333,-1.420809,-0.7685296666666667,57.155377,-0.45909041428070035,0.5036772150640905,2585.0,3
6193.964,0.38286433333333336,0.921186,21.422862333333335,1.4479983333333333,0.0024490000000000002,1.42184,0.7702743333333334,0.6515656666666667,-1.4193909999999998,-0.7678253333333334,57.150439,-0.45904625696014945,0.5035325848241088,2586.0,3
6194.964,0.3865,0.914701,21.426382,1.448838,0.002412,1.420385,0.769533,0.650852,-1.417973,-0.767121,57.145501,-0.4590020113232137,0.5033876653179359,2587.0,3
6195.964,0.38800466666666666,0.9226989999999999,21.42339966666667,1.4472906666666667,0.00235,1.4204393333333334,0.769759,0.6506803333333333,-1.4180893333333333,-0.767409,57.146469333333336,-0.4588433019569773,0.5028678381762588,2588.0,3
6196.964,0.3895093333333333,0.930697,21.420417333333333,1.4457433333333334,0.002288,1.4204936666666668,0.769985,0.6505086666666667,-1.4182056666666667,-0.7676970000000001,57.14743766666667,-0.4586846186281529,0.5023480963159594,2589.0,3
6197.964,0.391014,0.938695,21.417435,1.444196,0.002226,1.4205480000000001,0.770211,0.650337,-1.418322,-0.767985,57.148406,-0.45852596133033363,0.5018284397160537,2590.0,3
6198.964,0.39612533333333333,0.938238,21.419042666666666,1.444911,0.002323,1.4204406666666667,0.770243,0.6501976666666667,-1.4181176666666666,-0.76792,57.157434333333335,-0.4584937769577021,0.5017230249517681,2591.0,3
6199.964,0.40123666666666663,0.937781,21.420650333333334,1.445626,0.0024200000000000003,1.4203333333333334,0.7702749999999999,0.6500583333333334,-1.4179133333333334,-0.767855,57.16646266666667,-0.4584615833089823,0.5016175798051392,2592.0,3
6200.964,0.406348,0.937324,21.422258,1.446341,0.002517,1.420226,0.770307,0.649919,-1.4177089999999999,-0.76779,57.175491,-0.45842938038016295,0.5015121042630286,2593.0,3
6201.964,0.404073,0.9333130000000001,21.423235,1.447858,0.002494333333333333,1.4196196666666667,0.770154,0.6494656666666667,-1.4171253333333333,-0.7676596666666666,57.282360000000004,-0.45829829563296376,0.501082757142125,2594.0,3
6202.964,0.401798,0.929302,21.424212,1.449375,0.0024716666666666667,1.4190133333333332,0.7700009999999999,0.6490123333333333,-1.4165416666666666,-0.7675293333333333,57.389229,-0.45816710286232515,0.5006530562077254,2595.0,3
6203.964,0.399523,0.925291,21.425189,1.450892,0.002449,1.418407,0.769848,0.648559,-1.415958,-0.7673989999999999,57.496098,-0.4580358019346632,0.5002230010222966,2596.0,3
6204.964,0.404615,0.941208,21.4242645,1.4484525000000001,0.002368,1.4298315000000001,0.7760795,0.653752,-1.4274635,-0.7737114999999999,57.69480900000001,-0.45798190845643927,0.5000464815552699,2597.0,3
6205.964,0.409707,0.957125,21.42334,1.446013,0.002287,1.441256,0.782311,0.658945,-1.4389690000000002,-0.7800239999999999,57.89352,-0.4579288768061555,0.49987278486780173,2598.0,3
6206.964,0.40118299999999996,0.9489925,21.424639499999998,1.447727,0.002274,1.538824,0.833611,0.705213,-1.53655,-0.831337,58.973307000000005,-0.4589590048869252,0.5032468046152583,2599.0,3
6207.964,0.392659,0.94086,21.425939,1.449441,0.002261,1.6363919999999998,0.884911,0.751481,-1.6341309999999998,-0.88265,60.053094,-0.45986610612374773,0.5062178696149569,2600.0,3
6208.964,0.4060913333333333,0.9450856666666667,21.423337666666665,1.446014,0.0022866666666666664,1.7636146666666666,0.9508336666666667,0.812781,-1.761328,-0.948547,63.006008333333334,-0.46145945642120967,0.5114366336391698,2601.0,3
6209.964,0.4195236666666667,0.9493113333333333,21.420736333333334,1.442587,0.0023123333333333333,1.8908373333333335,1.0167563333333334,0.874081,-1.888525,-1.0144440000000001,65.95892266666667,-0.4628381741508183,0.5159524030203833,2602.0,3
6210.964,0.432956,0.953537,21.418135,1.43916,0.002338,2.01806,1.082679,0.935381,-2.0157220000000002,-1.080341,68.911837,-0.4640428908564232,0.5198982598809831,2603.0,3
6211.964,0.43021166666666666,0.9535143333333334,21.41933433333333,1.4410723333333333,0.0023703333333333332,2.020471,1.0845533333333333,0.9359176666666666,-2.0181006666666668,-1.0821830000000001,70.06814066666666,-0.4637618657420125,0.5189778070720037,2604.0,3
6212.964,0.42746733333333337,0.9534916666666666,21.420533666666667,1.4429846666666668,0.0024026666666666667,2.022882,1.0864276666666668,0.9364543333333334,-2.0204793333333333,-1.084025,71.22444433333334,-0.46348150231752056,0.5180595215225083,2605.0,3
6213.964,0.424723,0.953469,21.421733,1.444897,0.002435,2.025293,1.088302,0.936991,-2.022858,-1.0858670000000001,72.380748,-0.4632017982487146,0.5171433955870905,2606.0,3
6214.964,0.4205083333333333,0.956415,21.424693333333334,1.445816,0.002426,2.0213223333333334,1.0867660000000001,0.9345563333333333,-2.018896333333333,-1.08434,72.79460333333333,-0.4629047964513927,0.5161706137088939,2607.0,3
6215.964,0.4162936666666667,0.959361,21.427653666666664,1.446735,0.002417,2.0173516666666664,1.08523,0.9321216666666667,-2.0149346666666665,-1.082813,73.20845866666667,-0.46260662675247705,0.5151940065558467,2608.0,3
6216.964,0.412079,0.962307,21.430614,1.447654,0.002408,2.013381,1.083694,0.929687,-2.010973,-1.081286,73.622314,-0.46230728224957884,0.5142135515202781,2609.0,3
6217.964,0.41869999999999996,0.9619276666666667,21.43102533333333,1.4453173333333333,0.002411,2.008596,1.0816646666666667,0.9269313333333333,-2.006185,-1.0792536666666668,73.96209466666667,-0.46203704811389845,0.5133284428359859,2610.0,3
6218.964,0.425321,0.9615483333333333,21.431436666666666,1.4429806666666667,0.002414,2.0038110000000002,1.0796353333333333,0.9241756666666667,-2.0013970000000003,-1.0772213333333334,74.30187533333333,-0.46176552099967566,0.5124390992073053,2611.0,3
6219.964,0.431942,0.961169,21.431848,1.440644,0.002417,1.9990260000000002,1.077606,0.92142,-1.9966090000000003,-1.0751890000000002,74.641656,-0.461492691604962,0.5115454901671919,2612.0,3
6220.964,0.43275600000000003,0.9589115,21.431507,1.4415365,0.0024435,1.9947015000000001,1.0761295,0.9185719999999999,-1.992258,-1.0736860000000001,75.25929550000001,-0.461071036517879,0.5101644263781429,2613.0,3
6221.964,0.43357,0.956654,21.431166,1.442429,0.00247,1.990377,1.074653,0.915724,-1.987907,-1.072183,75.876935,-0.46064753564806377,0.5087773170230092,2614.0,3
6222.964,0.434575,0.95866,21.431529,1.4410703333333332,0.0024376666666666665,1.985076,1.0723986666666667,0.9126773333333333,-1.9826383333333333,-1.0699610000000002,76.23079733333334,-0.46033498814373847,0.5077536176682416,2615.0,3
6223.964,0.43558,0.960666,21.431892,1.4397116666666667,0.0024053333333333335,1.9797749999999998,1.0701443333333334,0.9096306666666666,-1.9773696666666667,-1.067739,76.58465966666667,-0.4600207750839246,0.5067244630528964,2616.0,3
6224.964,0.436585,0.962672,21.432255,1.438353,0.002373,1.9744739999999998,1.06789,0.906584,-1.9721009999999999,-1.065517,76.938522,-0.4597048831195172,0.5056898094541158,2617.0,3
6225.964,0.43448333333333333,0.9661966666666667,21.428674666666666,1.4328913333333333,0.00238,1.9634593333333332,1.0629123333333332,0.900547,-1.9610793333333332,-1.0605323333333334,77.29313833333333,-0.45921011144378904,0.5040692639748181,2618.0,3
6226.964,0.43238166666666666,0.9697213333333333,21.425094333333334,1.4274296666666666,0.002387,1.9524446666666666,1.0579346666666667,0.8945099999999999,-1.9500576666666667,-1.0555476666666666,77.64775466666667,-0.458709746896244,0.5024303999385298,2619.0,3
6227.964,0.43028,0.973246,21.421514,1.421968,0.002394,1.94143,1.052957,0.888473,-1.939036,-1.050563,78.002371,-0.45820369410557316,0.5007729049717844,2620.0,3
6228.964,0.42238333333333333,0.9747603333333333,21.426034666666666,1.4231636666666665,0.0023996666666666667,1.9328816666666666,1.049081,0.8838006666666667,-1.930482,-1.0466813333333334,78.320144,-0.45781370894956575,0.4994955709759954,2621.0,3
6229.964,0.41448666666666667,0.9762746666666667,21.43055533333333,1.4243593333333333,0.002405333333333333,1.9243333333333335,1.045205,0.8791283333333333,-1.921928,-1.0427996666666666,78.637917,-0.45742025234742706,0.4982068668137021,2622.0,3
6230.964,0.40659,0.977789,21.435076,1.425555,0.002411,1.915785,1.041329,0.874456,-1.9133740000000001,-1.038918,78.95569,-0.45702327774040924,0.4969066399891735,2623.0,3
6231.964,0.410144,0.9788645,21.4325825,1.4204249999999998,0.002439,1.905514,1.036692,0.868822,-1.9030749999999999,-1.034253,79.62944350000001,-0.4565361094734099,0.49531099825891234,2624.0,3
6232.964,0.413698,0.97994,21.430089,1.415295,0.002467,1.8952429999999998,1.032055,0.863188,-1.8927759999999998,-1.029588,80.303197,-0.4560436396296442,0.4936979920620026,2625.0,3
6233.964,0.41947533333333337,0.9770643333333333,21.430161333333334,1.412099,0.0024923333333333334,1.8883969999999999,1.0289453333333334,0.8594516666666666,-1.8859046666666666,-1.026453,80.58134033333333,-0.45572405518768977,0.4926512443436719,2626.0,3
6234.964,0.42525266666666667,0.9741886666666667,21.430233666666666,1.408903,0.0025176666666666668,1.881551,1.0258356666666666,0.8557153333333334,-1.8790333333333333,-1.023318,80.85948366666666,-0.4554021334030619,0.4915968410332996,2627.0,3
6235.964,0.43103,0.971313,21.430306,1.405707,0.002543,1.874705,1.022726,0.851979,-1.872162,-1.020183,81.137627,-0.4550778485397356,0.49053469783665293,2628.0,3
6236.964,0.4208193333333333,0.97829,21.431671333333334,1.4033820000000001,0.0025053333333333334,1.8003116666666668,0.983871,0.8164406666666667,-1.7978063333333334,-0.9813656666666667,80.790221,-0.4541318526143728,0.48743623950630366,2629.0,3
6237.964,0.4106086666666667,0.985267,21.433036666666666,1.401057,0.0024676666666666666,1.7259183333333332,0.945016,0.7809023333333334,-1.7234506666666667,-0.9425483333333333,80.442815,-0.4531042295210633,0.4840704244445708,2630.0,3
6238.964,0.400398,0.992244,21.434402,1.398732,0.00243,1.651525,0.906161,0.745364,-1.649095,-0.903731,80.095409,-0.45198393784708446,0.48040108827028516,2631.0,3
6239.964,0.4033193333333333,0.989735,21.434889,1.394131,0.0024096666666666667,1.449091,0.7988386666666667,0.6502523333333333,-1.4466813333333333,-0.7964289999999999,76.35550266666667,-0.4494789334939462,0.47219634721649517,2632.0,3
6240.964,0.4062406666666667,0.9872259999999999,21.435376,1.3895300000000002,0.002389333333333333,1.2466570000000001,0.6915163333333333,0.5551406666666667,-1.2442676666666668,-0.689127,72.61559633333334,-0.4461589155593657,0.46132215954770084,2633.0,3
6241.964,0.409162,0.984717,21.435863,1.384929,0.002369,1.0442230000000001,0.584194,0.460029,-1.041854,-0.581825,68.87569,-0.4415488557406852,0.4462226460449119,2634.0,3
6242.964,0.41094600000000003,0.982644,21.437044,1.379523,0.0023899999999999998,0.7196935,0.413517,0.3061765,-0.7173035,-0.411127,53.700077500000006,-0.42684432300180186,0.3980603012216901,2635.0,3
6243.964,0.41273,0.980571,21.438225,1.374117,0.002411,0.39516399999999996,0.24284,0.152324,-0.39275299999999996,-0.240429,38.524465,-0.3878376176314824,0.2703000773625941,2636.0,3
6244.964,0.410588,0.983088,21.436884,1.3698656666666666,0.002419,0.322793,0.20512633333333333,0.11766666666666667,-0.320374,-0.20270733333333335,26.385153333333335,-0.36728022232418667,0.20296761743075642,2637.0,3
6245.964,0.408446,0.985605,21.435543,1.3656143333333335,0.002427,0.25042200000000003,0.16741266666666665,0.08300933333333334,-0.247995,-0.1649856666666667,14.245841666666667,-0.33472315190421287,0.09633214115653588,2638.0,3
6246.964,0.406304,0.988122,21.434202,1.361363,0.002435,0.17805100000000001,0.129699,0.048352,-0.17561600000000002,-0.12726400000000002,2.10653,-0.27532955613131,0.0982020810932781,2639.0,3
6247.964,0.3997423333333333,0.9903143333333333,21.435649333333334,1.359169,0.002438,0.17784933333333333,0.129603,0.048246333333333336,-0.17541133333333334,-0.127165,2.062219333333333,-0.27504841029889915,0.09912292929475663,2640.0,3
6248.964,0.3931806666666667,0.9925066666666666,21.437096666666665,1.356975,0.002441,0.17764766666666668,0.129507,0.048140666666666665,-0.17520666666666668,-0.127066,2.0179086666666666,-0.2747666076249436,0.10004592887564534,2641.0,3
6249.964,0.386619,0.994699,21.438544,1.354781,0.002444,0.177446,0.129411,0.048035,-0.175002,-0.126967,1.973598,-0.2744841458048811,0.10097108738416904,2642.0,3
6250.964,0.393049,0.9992205,21.438973,1.351415,0.0024285,0.1765495,0.1288695,0.04768,-0.174121,-0.126441,2.0427125,-0.27383413737652196,0.10310008601476495,2643.0,3
6251.964,0.399479,1.003742,21.439402,1.348049,0.002413,0.175653,0.128328,0.047325,-0.17324,-0.125915,2.111827,-0.2731775177644757,0.10525073851999134,2644.0,3
6252.964,0.396857,0.988794,21.4385,1.345059,0.0024095,0.14508100000000002,0.111246,0.033835,-0.1426715,-0.1088365,2.054033,-0.2371548428021211,0.22323724810856538,2645.0,3
6253.964,0.394235,0.973846,21.437598,1.342069,0.002406,0.114509,0.094164,0.020345,-0.112103,-0.09175799999999999,1.996239,-0.18148650336300873,0.4055699891356217,2646.0,3
6254.964,0.3866193333333333,0.9853316666666666,21.43726566666667,1.3415786666666667,0.002441,0.10326533333333333,0.08834566666666667,0.014919666666666664,-0.10082433333333334,-0.08590466666666666,1.98995,-0.14797831189870067,0.5153207102475594,2647.0,3
6255.964,0.3790036666666667,0.9968173333333333,21.436933333333332,1.3410883333333332,0.0024760000000000003,0.09202166666666667,0.08252733333333333,0.009494333333333332,-0.08954566666666666,-0.08005133333333334,1.983661,-0.10602902089832271,0.652718902636725,2648.0,3
6256.964,0.371388,1.008303,21.436601,1.340598,0.002511,0.080778,0.076709,0.004069,-0.078267,-0.074198,1.977372,-0.05198936958577164,0.8297171362330551,2649.0,3
