elapsed_runtime_s,Temperature TS inlet (Mean),Temperature TS outlet (Mean),Tank temperature (Mean),Bypass temperature (Mean),Pump outlet pressure (Mean),TS inlet pressure (Mean),TS outlet pressure (Mean),Differential pressure (Mean),Pump to inlet DP,Total system DP,Flow rate (Mean),Pressure_Ratio,Relative_Ratio_Dev,run_specific_time_s,label,rel_tot_dp_change,rel_ts_dp_change,rel_p_ts_dp_change,anomaly_score,smooth_score
2895.0,-0.208447,22.098329,-1.673019,22.292287,0.143434,0.088471,0.067147,0.0213239999999999,0.054963,0.076287,0.42963,0.3879630303471361,0.1073039929504888,0.0,0,1.0187288424173226,1.0937067241113994,0.9935017397984555,0.18156977934169938,0.18156977934169938
2896.0,-0.199522,22.098591,-1.676038,22.293599,0.143581,0.088534,0.068365,0.020169,0.0550469999999999,0.0752159999999999,0.325904,0.3663893329457929,0.0457294628880802,1.0,0,1.0044268172986386,1.0344668410524722,0.9950201093587592,0.23664166630247035,0.23664166630247035
2897.0,-0.194534,22.103973,-1.683782,22.29885,0.142892,0.088482,0.067767,0.020715,0.0544099999999999,0.075125,0.693659,0.3807134586756357,0.0866126408599288,2.0,0,1.0032116125499937,1.0624711494076038,0.983505806859776,0.20070250500171855,0.20070250500171855
2898.0,-0.180753,22.107911,-1.692051,22.298982,0.141449,0.086093,0.067237,0.0188559999999999,0.0553559999999999,0.0742119999999999,0.679515,0.3406253951623101,0.0278046343073463,3.0,0,0.9910195033685196,0.967123147150841,1.0006055402413114,0.25886557736827204,0.25886557736827204
2899.0,-0.142033,22.10161,-1.694151,22.301607,0.141854,0.086928,0.066785,0.020143,0.054926,0.075069,0.509782,0.3667231052123729,0.0466820984090199,4.0,0,1.0024637942431345,1.0331333025593707,0.9928329341587971,0.23675355955198096,0.23675355955198096
2900.0,-0.170121,22.101742,-1.698219,22.298194,0.142138,0.087064,0.067231,0.019833,0.0550739999999999,0.0749069999999999,0.849248,0.3601089423513392,0.0278042972445784,5.0,0,1.0003004627125762,1.0172334205262372,0.9955081567174288,0.25118334350650584,0.23012068120034437
2901.0,-0.151745,22.100035,-1.703994,22.301213,0.141376,0.086319,0.067063,0.019256,0.0550569999999999,0.074313,0.55693,0.3497402738929858,0.0017894193918792,6.0,0,0.992368247100535,0.9876391239677923,0.9952008676397478,0.25457928101125654,0.23739650387296418
2902.0,-0.141639,22.094522,-1.714363,22.302395,0.142065,0.087484,0.067546,0.019938,0.0545809999999999,0.074519,0.519211,0.365285258876553,0.0425782718473033,7.0,0,0.99511915015791,1.0226188644406857,0.9865967734646834,0.23559266485852776,0.23659644976533628
2903.0,-0.13022,22.096622,-1.713444,22.304233,0.142469,0.08718,0.067573,0.019607,0.055289,0.074896,0.575789,0.3546210888044853,0.012141149805706,8.0,0,1.000153569830873,1.0056418936246627,0.9993944597586886,0.25996840631516366,0.23904262511999502
2904.0,-0.120376,22.093603,-1.7204,22.300557,0.142276,0.088183,0.067441,0.0207419999999999,0.054093,0.074835,0.670085,0.3834436351536213,0.0944049691980901,9.0,0,0.9993389820323298,1.0638559778427426,0.9777757693524344,0.18535002874584872,0.23801310667359932
2905.0,-0.119063,22.092422,-1.726307,22.299901,0.141955,0.087101,0.067331,0.0197699999999999,0.054854,0.074624,0.561644,0.3604047033087229,0.0286484428549909,10.0,0,0.996521309483271,1.014002154177563,0.9915314745356781,0.2543280060678973,0.23586527878211414
2906.0,-0.119326,22.09426,-1.733,22.299901,0.142883,0.087043,0.067268,0.019775,0.05584,0.075615,0.250467,0.35413047760606,0.0107408727264275,11.0,0,1.009755022735012,1.01425860388778,1.0093542410411687,0.22864112522619168,0.236937868067315
2907.0,-0.095044,22.088878,-1.737069,22.2978,0.141753,0.087463,0.067483,0.0199799999999999,0.0542899999999999,0.0742699999999999,0.566359,0.3680167983643698,0.0503744904175498,12.0,0,0.9917940294720524,1.02477304200646,0.9813367074879109,0.22516425854830596,0.23703151537898876
2908.0,-0.092025,22.091503,-1.7351,22.298982,0.142671,0.087511,0.067588,0.019923,0.0551599999999999,0.075083,0.726663,0.361179093925056,0.0308586684550995,13.0,0,1.0026507488198493,1.0218495153100502,0.9970626779339319,0.24857039290431487,0.23855769095472001
2909.0,-0.091762,22.084546,-1.744419,22.293599,0.142827,0.086502,0.067384,0.0191179999999999,0.056325,0.075443,0.693659,0.3394169655221388,0.0312536716152676,14.0,0,1.0074581522210873,0.9805611119659408,1.0181210176691229,0.21527528063712903,0.23788776041710996
2910.0,-0.076799,22.085465,-1.749406,22.293993,0.141753,0.086371,0.066932,0.0194389999999999,0.0553819999999999,0.0748209999999999,0.684229,0.3509921817164112,0.001783711095437,15.0,0,0.9991520274556137,0.9970251833615402,1.0010755117718821,0.2619092363585146,0.23702587248125537
2911.0,-0.081393,22.090322,-1.750588,22.297669,0.140751,0.085311,0.067347,0.0179639999999999,0.0554399999999999,0.0734039999999999,0.901111,0.3240201295070434,0.0751985237396158,16.0,0,0.9802295535124078,0.9213725188490508,1.0021239098016168,0.25551575412799427,0.236117520246974
2912.0,-0.069974,22.076671,-1.751506,22.292418,0.14235,0.086518,0.067525,0.0189929999999999,0.055832,0.074825,0.726663,0.3401751652248669,0.0290896572824237,17.0,0,0.9992054430489622,0.9741498692106451,1.0092096344163777,0.25085442061584007,0.23825085659198836
2913.0,-0.073649,22.086909,-1.750325,22.297669,0.140485,0.084681,0.06667,0.018011,0.0558039999999999,0.073815,0.396626,0.322748857629245,0.0788269221082758,18.0,0,0.9857180057288225,0.9237831461250471,1.0087035112296074,0.25326910093906296,0.2420530702328171
2914.0,-0.07273,22.082709,-1.7645,22.291368,0.142414,0.085578,0.066979,0.018599,0.056836,0.075435,0.599363,0.3272340200925454,0.0660256036419251,19.0,0,1.0073513210343932,0.9539416320459582,1.0273577658276478,0.17673114938730272,0.24296343808430745
2915.0,-0.059736,22.082052,-1.760169,22.295962,0.141348,0.085242,0.067499,0.0177429999999999,0.056106,0.073849,0.589933,0.3162350508849162,0.097418292040739,20.0,0,0.9861720382722727,0.9100374416576881,1.0141624113154695,0.24524448372508367,0.2442002775072659
2916.0,-0.060261,22.077983,-1.768306,22.294912,0.142386,0.086566,0.068035,0.018531,0.05582,0.074351,0.523926,0.3319718385553824,0.0525031675039253,21.0,0,0.9928756952373322,0.9504539159870772,1.0089927244791912,0.24997448867633548,0.23768814560545276
2917.0,-0.046086,22.07864,-1.768963,22.295962,0.14223,0.086944,0.067478,0.0194659999999999,0.055286,0.074752,0.373052,0.3520900030748638,0.0049170559728424,22.0,0,0.9982306084703778,0.998410011796684,0.9993402322743921,0.2631863949565933,0.2382975826921922
2918.0,-0.042804,22.074964,-1.7729,22.298063,0.142129,0.086534,0.067604,0.01893,0.055595,0.074525,0.561644,0.3404921217353766,0.0281850164217597,23.0,0,0.9951992735479305,0.9709186028619811,1.0049256631569443,0.2576740714192183,0.2366309135344388
2919.0,-0.040179,22.071945,-1.76975,22.300163,0.143369,0.087217,0.068019,0.019198,0.0561519999999999,0.07535,0.886966,0.341887343507916,0.0242028466815089,24.0,0,1.0062162396757675,0.9846643073293352,1.0149938994080159,0.22764367486671344,0.23146642249146415
2920.0,-0.033879,22.081527,-1.769225,22.303707,0.142873,0.086518,0.06699,0.019528,0.056355,0.075883,0.726663,0.346511462843353,0.0110049247057283,25.0,0,1.013333867489267,1.001589988203316,1.0186632925120893,0.19678791734038364,0.23410030761637496
2921.0,-0.038867,22.082315,-1.767388,22.306202,0.142276,0.087185,0.06763,0.019555,0.055091,0.074646,0.599363,0.3549517171277136,0.0130848120463213,26.0,0,0.99681509524668,1.0029748166384596,0.9958154457951114,0.26161012499538855,0.23403220386823645
2922.0,-0.033748,22.075752,-1.773031,22.310665,0.142377,0.086313,0.067709,0.0186039999999999,0.056064,0.074668,0.830388,0.3318291269062694,0.0529104877033834,27.0,0,0.997108881010089,0.9541980817561647,1.0134032265353166,0.2341877290383056,0.23352367682466585
2923.0,-0.026398,22.074045,-1.775525,22.310665,0.143728,0.08739,0.068029,0.0193609999999999,0.056338,0.0756989999999999,0.806814,0.3436518220060702,0.0191667635146846,28.0,0,1.0108767501952995,0.9930245678822356,1.0183560034344084,0.20162419050931696,0.23151210441699605
2924.0,-0.03191,22.074045,-1.776444,22.316441,0.1437,0.087385,0.067945,0.01944,0.0563149999999999,0.0757549999999999,0.245752,0.3451949712337524,0.0147623868914736,29.0,0,1.0116245685021588,0.9970764733035876,1.0179402593881324,0.203070000636411,0.23145994739051776
2925.0,-0.02771,22.074964,-1.778937,22.314078,0.143213,0.087337,0.067935,0.019402,0.055876,0.075278,0.839818,0.3472269448968269,0.0089628328755165,30.0,0,1.0052547589955199,0.9951274555059777,1.0100049708527281,0.24456344624369808,0.2258187145970505
2926.0,-0.024429,22.072733,-1.777887,22.31841,0.142901,0.087001,0.067872,0.0191289999999999,0.0559,0.075029,0.835103,0.3421942362390653,0.0233269293388049,31.0,0,1.0019296383096636,0.9811253013284068,1.010438790727101,0.2448892182406292,0.2259025716986094
2927.0,-0.023248,22.076539,-1.782087,22.324842,0.141367,0.0853,0.067336,0.017964,0.0560669999999999,0.074031,0.561644,0.3203966611971179,0.0855404393709068,32.0,0,0.9886024477695652,0.921372518849056,1.0134574540196115,0.2430706708798957,0.22426348500099308
2928.0,-0.016685,22.06932,-1.78235,22.317097,0.141743,0.086119,0.068318,0.0178009999999999,0.055624,0.073425,0.505067,0.3200179775280898,0.086621258691255,33.0,0,0.9805099853774815,0.9130122582961453,1.0054498621718118,0.25715250115443533,0.2246747824298602
2929.0,-0.013403,22.068401,-1.780381,22.318804,0.143847,0.087332,0.067651,0.019681,0.0565149999999999,0.076196,0.490922,0.3482376672092859,0.0060780815853005,34.0,0,1.0175136376686764,1.0094373493357978,1.0215554250079073,0.17123134693204117,0.22711528294491928
2930.0,-0.009991,22.064857,-1.778019,22.322873,0.143618,0.087154,0.067993,0.0191609999999999,0.056464,0.075625,0.717233,0.3393429558133356,0.0314649062939984,35.0,0,1.0098885617183797,0.9827665794737626,1.0206335577748664,0.19762648835597202,0.23216163625345346
2931.0,-0.006447,22.065776,-1.781562,22.31946,0.142745,0.086891,0.067641,0.0192499999999999,0.055854,0.075104,0.589933,0.3446423775848175,0.0163395710716188,36.0,0,1.0029311806849217,0.987331384315533,1.009607302634553,0.24521925801922556,0.23274803180976905
2932.0,-0.014191,22.065907,-1.776444,22.319854,0.143333,0.087332,0.068266,0.019066,0.0560009999999999,0.075067,0.580504,0.3404521267097607,0.0282991681529776,37.0,0,1.002437086446461,0.9778940349797429,1.0122644493650856,0.23830070332697717,0.23327697489156374
2933.0,-0.014585,22.06302,-1.787337,22.312503,0.141982,0.08571,0.067378,0.018332,0.056272,0.074604,0.787955,0.3257690188900538,0.070206934218049,38.0,0,0.9962542315165356,0.9402472175206465,1.0171629987798827,0.22602919565990742,0.23273243321171094
2934.0,-0.006447,22.062626,-1.781956,22.315522,0.141063,0.08529,0.0673,0.01799,0.0557729999999999,0.073763,0.641796,0.3225517266109658,0.0793895632534373,39.0,0,0.9850236030153102,0.9227060573421574,1.0081431605585423,0.2535335337217527,0.23279200146250428
2935.0,-0.000541,22.064988,-1.780906,22.311978,0.142028,0.086214,0.067515,0.0186989999999999,0.0558139999999999,0.0745129999999999,0.391911,0.335017468422467,0.0438104884364004,40.0,0,0.9950390267678879,0.9590706262501896,1.008884269510596,0.25042740180685436,0.24256286138883204
2936.0,0.005103,22.051731,-1.787731,22.313422,0.142276,0.08624,0.06856,0.01768,0.056036,0.073716,0.660655,0.315505826507486,0.0994996065004254,41.0,0,0.9843959697934821,0.9068061753090242,1.012897103348548,0.25017864905857606,0.24609229386680714
2937.0,0.004972,22.05685,-1.785369,22.315653,0.143177,0.087253,0.067793,0.0194599999999999,0.055924,0.0753839999999999,0.717233,0.3479660259275814,0.0068533860662777,42.0,0,1.0066702722192162,0.9981022721444298,1.0108726106014743,0.23762525408136748,0.24165863892266368
2938.0,0.008647,22.059738,-1.784319,22.313684,0.140861,0.085946,0.06741,0.0185359999999999,0.0549149999999999,0.0734509999999999,0.660655,0.3375336878141161,0.0366288253356162,43.0,0,0.9808571867342363,0.950710365697284,0.9926341000497076,0.25774818366236874,0.23506283040088244
2939.0,-0.010516,22.056063,-1.789437,22.309221,0.140724,0.085279,0.068176,0.0171029999999999,0.0554449999999999,0.0725479999999999,0.608793,0.3084622876312086,0.119602910454994,44.0,0,0.9687986165361311,0.877211878750574,1.0022142889421113,0.26893994619531875,0.22926843169559302
2940.0,0.01101,22.058032,-1.785631,22.309746,0.14189,0.087379,0.067357,0.0200219999999999,0.0545109999999999,0.0745329999999999,0.637081,0.3672952744349868,0.0483151541779598,45.0,0,0.9953061047346234,1.0269272195722394,0.9853314654977622,0.23292081313572338,0.21738527509336544
2941.0,0.012322,22.061838,-1.785762,22.310796,0.14167,0.087316,0.066617,0.020699,0.0543539999999999,0.075053,0.79267,0.3808113329040569,0.0868919884148771,46.0,0,1.002250131869746,1.0616505103349259,0.9824935604862389,0.20088270857779078,0.20862924865390733
2942.0,0.011272,22.056982,-1.784975,22.305414,0.141339,0.087568,0.066612,0.0209559999999999,0.053771,0.0747269999999999,0.655941,0.3897195566465816,0.1123173793635143,47.0,0,0.9978967610119572,1.0748320254398087,0.9719553527045967,0.1723426181091649,0.20437233936480842
2943.0,0.00891,22.053962,-1.784581,22.304626,0.142157,0.088319,0.067284,0.0210349999999999,0.053838,0.074873,0.670085,0.3907019075391443,0.1151211544161008,48.0,0,0.9998464301691271,1.0788839308611557,0.9731664331872213,0.16808520860701276,0.19797651005149455
2944.0,0.015079,22.058557,-1.78865,22.306989,0.142653,0.088687,0.066769,0.021918,0.053966,0.075884,0.967118,0.4061370837734172,0.1591754352088146,49.0,0,1.0133472213876036,1.1241729496845696,0.9754801391838773,0.1347019676994774,0.1865553061937446
2945.0,0.02256,22.062494,-1.789306,22.304758,0.142083,0.088162,0.066685,0.021477,0.0539209999999999,0.0753979999999999,0.806814,0.3982975408924004,0.1368002178400635,50.0,0,1.006857226795931,1.1015540852438863,0.9746667269194261,0.16286713741227304,0.17407535727616402
2946.0,0.025317,22.063151,-1.7855,22.303707,0.141688,0.087085,0.066433,0.0206519999999999,0.054603,0.075255,0.542785,0.3782140502527285,0.0794789587556754,51.0,0,1.004947619333774,1.0592398830589296,0.9869944416828605,0.20760955616758708,0.16976073138175923
2947.0,0.02466,22.064332,-1.787337,22.301345,0.142359,0.08803,0.06646,0.0215699999999999,0.054329,0.075899,0.453204,0.3970182219768081,0.1331488520327985,52.0,0,1.0135475298626553,1.1063240498538212,0.9820416647837689,0.1736669609482288,0.16406148810195448
2948.0,0.022035,22.06512,-1.786812,22.300951,0.142102,0.087962,0.066024,0.021938,0.05414,0.076078,0.698374,0.4052012338154078,0.1565043807158668,53.0,0,1.0159378776649375,1.125198748525417,0.9786253332730815,0.143536145084869,0.16440833542755043
2949.0,0.003003,22.066039,-1.788387,22.300951,0.142304,0.088261,0.066423,0.021838,0.054043,0.075881,0.490922,0.4040781585374881,0.1532989574091361,54.0,0,1.0133071596925933,1.1200697543211804,0.9768719779474907,0.14414045701951284,0.16587196347416616
2950.0,0.051042,22.064857,-1.786944,22.299113,0.142322,0.087348,0.066302,0.0210459999999999,0.054974,0.07602,0.773811,0.3828285584356524,0.0926494490776075,55.0,0,1.0151633515614047,1.0794481202236217,0.9937005739075431,0.18977455419167555,0.1702293620065714
2951.0,0.036604,22.070895,-1.788781,22.297406,0.143131,0.088865,0.066838,0.022027,0.054266,0.076293,0.78324,0.4059004551569093,0.1585000620639274,56.0,0,1.0188089658073434,1.1297635533671875,0.9809028876135397,0.14389027577974356,0.16694714560773863
2952.0,0.046186,22.065513,-1.793506,22.294256,0.140806,0.08697,0.066103,0.020867,0.0538359999999999,0.0747029999999999,0.344763,0.3875958913015215,0.1062561236965207,57.0,0,0.9975762674518746,1.0702672205980435,0.9731302815310217,0.17581109136512407,0.15799512238012325
2953.0,0.046842,22.074177,-1.78865,22.2957,0.14156,0.087526,0.066811,0.020715,0.0540339999999999,0.074749,0.424915,0.3833626353289537,0.0941737836925991,58.0,0,0.9981905467753674,1.0624711494076038,0.976709295494599,0.18272148907317026,0.15121941651399756
2954.0,0.028729,22.073914,-1.788125,22.292155,0.140788,0.087017,0.066166,0.0208509999999999,0.053771,0.074622,0.514496,0.3877668675146916,0.1067441151512047,59.0,0,0.9964946016865974,1.0694465815253604,0.9719553527045967,0.1782759530235296,0.14920468037750667
2955.0,0.038442,22.074702,-1.794294,22.292418,0.142414,0.088366,0.066166,0.0221999999999999,0.054048,0.076248,0.825674,0.4107384040407776,0.1723082852649999,60.0,0,1.0182080403821887,1.1386367133405115,0.976962357087985,0.1300449734239455,0.14263353609087062
2956.0,0.050124,22.076802,-1.791537,22.28848,0.143222,0.088356,0.06562,0.022736,0.0548659999999999,0.0776019999999999,0.415485,0.4143838737310225,0.182712996096793,61.0,0,1.0362892187301764,1.1661281222752247,0.9917483844728628,0.11808932389143334,0.13400117217908866
2957.0,0.023479,22.076802,-1.79705,22.294781,0.142818,0.089133,0.066407,0.022726,0.053685,0.076411,0.938829,0.4233133405357078,0.2081990178935084,62.0,0,1.0203847258110825,1.1656152228548011,0.9704008314880934,0.10590990228697161,0.1299116538051818
2958.0,0.042905,22.084153,-1.789831,22.294781,0.143415,0.08854,0.066082,0.0224579999999999,0.0548749999999999,0.0773329999999999,0.754952,0.4092499453312923,0.1680600034870161,63.0,0,1.032697020077585,1.1518695183874421,0.9919110669257527,0.12338878371996043,0.12166630266823715
2959.0,0.041198,22.078115,-1.794425,22.293074,0.14449,0.090073,0.066171,0.023902,0.054417,0.078319,0.575789,0.4392296666544159,0.2536265717730057,64.0,0,1.0458639638376435,1.225932194696623,0.9836323376564698,0.07842901415315229,0.1172751212240124
2960.0,0.033848,22.079558,-1.797706,22.293731,0.144095,0.089427,0.066281,0.023146,0.0546679999999999,0.077814,0.585218,0.4233843677404013,0.2084017400634401,65.0,0,1.0391202451775734,1.1871569985125947,0.9881693705092855,0.10345091507385595,0.11400387425476813
2961.0,0.033454,22.081265,-1.789175,22.29268,0.144242,0.089521,0.066418,0.023103,0.054721,0.077824,0.882251,0.4221885165015898,0.2049886033773851,66.0,0,1.0392537841609413,1.184951531004773,0.9891273893985277,0.10299509204067481,0.1184902836759623
2962.0,0.037654,22.079427,-1.792587,22.29163,0.143085,0.089243,0.066092,0.023151,0.0538419999999999,0.0769929999999999,0.726663,0.4299723269505787,0.2272047521244016,67.0,0,1.0281566946430825,1.1874134482228065,0.9732387364996149,0.09335757999567784,0.12447787667761016
2963.0,0.043561,22.078771,-1.79285,22.287298,0.141964,0.088041,0.066176,0.0218649999999999,0.053923,0.075788,0.382482,0.405478080261108,0.1572945415064031,68.0,0,1.0120652471472735,1.1214545827563192,0.9747028785756257,0.13880967463092264,0.13556250025743663
2964.0,0.038311,22.07759,-1.787994,22.288217,0.142974,0.088571,0.066664,0.0219069999999999,0.0544029999999999,0.0763099999999999,0.670085,0.4026725976031174,0.1492872781685361,69.0,0,1.0190359820790673,1.1236087603220983,0.9833792760630838,0.14556348333108682,0.1358901679216032
2965.0,0.020066,22.076014,-1.794294,22.287167,0.142487,0.087883,0.066423,0.02146,0.054604,0.076064,0.448489,0.3930043036351983,0.1216925341381145,70.0,0,1.0157509230882227,1.1006821562291662,0.9870125175109594,0.17490906763588726,0.1413689240904648
2966.0,0.040411,22.080609,-1.787862,22.288217,0.141514,0.086991,0.065725,0.0212659999999999,0.054523,0.075789,0.519211,0.3900300784975422,0.1132036547520722,71.0,0,1.0120786010456102,1.090731907472942,0.9855483754349506,0.17796525390791207,0.14028228646860802
2967.0,0.034373,22.076671,-1.792194,22.290449,0.141155,0.086744,0.06636,0.020384,0.054411,0.074795,0.721948,0.3746232448724546,0.0692302679669483,72.0,0,0.998804826098859,1.0454941785915808,0.9835238826878766,0.21675613808523625,0.14185718324999602
2968.0,0.040017,22.081659,-1.791012,22.290711,0.143342,0.088813,0.066523,0.02229,0.0545289999999999,0.076819,0.523926,0.4087658169814782,0.1666782294185693,73.0,0,1.0258331163324854,1.1432528081243296,0.9856568304035419,0.12666546036162574,0.1475568249351749
2969.0,0.041461,22.076802,-1.786287,22.284804,0.143893,0.088881,0.066617,0.022264,0.0550119999999999,0.077276,0.358908,0.4047043426099287,0.1550861795656264,74.0,0,1.0319358478723901,1.1419192696312281,0.9943874553752985,0.13321657584176838,0.15289734446209255
2970.0,0.050124,22.073783,-1.785369,22.289267,0.143746,0.089374,0.065971,0.0234029999999999,0.054372,0.077775,0.297615,0.4304158313869013,0.2284705795224189,75.0,0,1.0385994431424395,1.2003385136174773,0.9828189253920204,0.09258453885528828,0.1559009419241752
2971.0,0.043298,22.075883,-1.786419,22.288742,0.143452,0.088823,0.066024,0.022799,0.054629,0.077428,0.740807,0.4173347977301849,0.1911353705798517,76.0,0,1.0339656404195796,1.1693593886238938,0.9874644132134313,0.11874405985455494,0.16084694792850768
2972.0,0.046317,22.075227,-1.790881,22.289399,0.143544,0.089364,0.067578,0.021786,0.05418,0.075966,0.78324,0.402096675956516,0.1476435124253474,77.0,0,1.014442241051219,1.1174026773349774,0.9793483663970365,0.15035399684746664,0.15600714807043625
2973.0,0.050255,22.072602,-1.790094,22.292024,0.142736,0.087694,0.066664,0.0210299999999999,0.055042,0.076072,0.533356,0.3820649310539031,0.0904699433443403,78.0,0,1.0158577542749168,1.0786274811509438,0.9949297302182666,0.19221486990009928,0.1477899159130032
2974.0,0.052092,22.067614,-1.7813,22.29268,0.14189,0.087322,0.065919,0.0214029999999999,0.0545679999999999,0.0759709999999999,0.684229,0.3922190254540122,0.1194512338141478,79.0,0,1.0145090105429015,1.0977586295327462,0.9863617876993981,0.17559945795191323,0.14586426979935324
2975.0,0.049599,22.071552,-1.781037,22.292155,0.141569,0.087211,0.066964,0.020247,0.054358,0.074605,0.462633,0.3724682205338582,0.063079509084335,80.0,0,0.9962675854148724,1.0384674565317766,0.9825658637986361,0.22436912767921197,0.1439196302444598
2976.0,0.055636,22.064201,-1.783662,22.288086,0.142634,0.088692,0.066554,0.0221379999999999,0.053942,0.07608,0.325904,0.4103961589084771,0.1713314669294354,81.0,0,1.0159645854616108,1.135456736933885,0.9750463193095043,0.1295672553271977,0.15149650541118037
2977.0,0.058918,22.064857,-1.7834,22.28953,0.142883,0.088928,0.066937,0.0219909999999999,0.053955,0.075946,0.698374,0.4075728371265473,0.1632732880877101,82.0,0,1.0141751630844835,1.1279171154536571,0.9752813050747897,0.13458381651090567,0.15657681979237004
2978.0,0.053799,22.066826,-1.784712,22.297012,0.143875,0.088645,0.065635,0.02301,0.05523,0.07824,0.31176,0.4166138581593671,0.1890777021862209,83.0,0,1.0448090058690385,1.1801815663948327,0.998327985900855,0.10740899922512614,0.1672815683317994
2979.0,0.062855,22.06407,-1.782481,22.294387,0.142837,0.08875,0.066213,0.022537,0.0540869999999999,0.076624,0.646511,0.4166728294630972,0.1892460150278632,84.0,0,1.0232291061568148,1.155921423808794,0.9776673143838392,0.11377018029283414,0.17388492694413768
2980.0,0.055636,22.058688,-1.780512,22.290449,0.142138,0.087805,0.066181,0.0216239999999999,0.0543329999999999,0.0759569999999999,0.707803,0.397982846836235,0.1359020343594419,85.0,0,1.0143220559661867,1.1090937067241091,0.9821139680961626,0.16835329052249393,0.18245748471147755
2981.0,0.059311,22.066301,-1.772769,22.296356,0.143011,0.087264,0.066234,0.0210299999999999,0.055747,0.076777,0.500352,0.3772332639735953,0.0766796493417256,86.0,0,1.025272252602341,1.0786274811509438,1.0076731890279733,0.1695472036664517,0.18353531260405836
2982.0,0.056161,22.057507,-1.773294,22.291499,0.142506,0.08719,0.067814,0.019376,0.0553159999999999,0.074692,0.703089,0.3502720682611133,0.0002715994420522,87.0,0,0.9974293745701714,0.9937939170128762,0.9998825071173565,0.2574014822417604,0.19395455898362207
2983.0,0.048155,22.064595,-1.783662,22.294781,0.14325,0.087836,0.068323,0.019513,0.0554139999999999,0.074927,0.646511,0.3521248759361184,0.0050165882877599,88.0,0,1.0005675406793129,1.0008206390726804,1.001653938271046,0.2582484560234821,0.19725181950119222
2984.0,0.052617,22.059344,-1.776706,22.293599,0.1428,0.087589,0.067882,0.019707,0.055211,0.074918,0.8021,0.3569332753749185,0.0187404729927538,89.0,0,1.0004473555942819,1.0107708878288992,0.9979845451669764,0.2613250356253116,0.20761840000169868
2985.0,0.058655,22.063938,-1.772506,22.294387,0.141982,0.085893,0.067342,0.0185509999999999,0.056089,0.07464,0.594648,0.330736316633981,0.056029530198127,90.0,0,0.9967349718566594,0.9514797148279195,1.0138551222377885,0.23514740660502031,0.21959823194776176
2986.0,0.062462,22.060001,-1.773556,22.293468,0.142258,0.08613,0.067809,0.018321,0.056128,0.074449,0.943544,0.3264088082809244,0.0683808804661633,91.0,0,0.994184377274336,0.9396830281581805,1.0145600795336445,0.2337597191228345,0.22593777394377454
2987.0,0.060755,22.059475,-1.774081,22.294912,0.142543,0.08551,0.067069,0.018441,0.057033,0.075474,0.5475,0.3233334502226742,0.0771584081976224,92.0,0,1.0078721230695271,0.9458378212032643,1.0309187039631262,0.16755642168660723,0.22594810334225862
2988.0,0.067318,22.061444,-1.773294,22.293993,0.143241,0.086907,0.067672,0.019235,0.056334,0.075569,0.509782,0.3414396023786278,0.0254807662292179,93.0,0,1.0091407434115205,0.9865620351849026,1.0182837001220129,0.21107480423019104,0.21389632296338018
2989.0,0.070337,22.053437,-1.772769,22.292418,0.142276,0.086156,0.067919,0.018237,0.05612,0.074357,0.509782,0.3249585716576682,0.072520070744726,94.0,0,0.9929558186273529,0.9353746730266218,1.0144154729088537,0.233568499753465,0.20896936671765837
2990.0,0.046186,22.049893,-1.773819,22.293074,0.142772,0.08665,0.067756,0.018894,0.056122,0.075016,0.962403,0.3366534219482209,0.0391412345909299,95.0,0,1.0017560376312855,0.969072164948456,1.0144516245650512,0.23174871048262147,0.20414459139727228
2991.0,0.047892,22.053962,-1.768569,22.292155,0.142653,0.085846,0.067021,0.018825,0.0568069999999999,0.075632,0.693659,0.331379383185467,0.0541941229441004,96.0,0,1.009982039006737,0.9655331589475329,1.0268335668127788,0.1696504976512923,0.20310007268881475
2992.0,0.06653,22.056982,-1.768438,22.296619,0.144766,0.088309,0.067352,0.020957,0.056457,0.077414,0.208034,0.3711962875057565,0.059449223694713,97.0,0,1.0337786858428648,1.0748833153818562,1.0205070269781744,0.13688367845297644,0.20591270234400066
2993.0,0.072437,22.054225,-1.767781,22.296094,0.143259,0.086965,0.067615,0.01935,0.056294,0.075644,0.717233,0.3437250199840129,0.0189578456361452,98.0,0,1.0101422857867783,0.9924603785197746,1.0175606669980577,0.2089788935662638,0.20436243629933043
2994.0,0.064168,22.047531,-1.772244,22.294256,0.142515,0.086061,0.067835,0.0182259999999999,0.056454,0.07468,0.467348,0.3228412009565138,0.0785633605650131,99.0,0,0.9972691277901302,0.9348104836641505,1.0204527994938777,0.21307728242145074,0.20938949375251742
2995.0,0.054193,22.048843,-1.767781,22.300951,0.143287,0.087558,0.067588,0.01997,0.055729,0.075699,0.6748,0.3583348286380765,0.0227407137456912,100.0,0,1.0108767501953009,1.0242601425860416,1.0073478241221936,0.22470221952044483,0.20891634871929493
2996.0,0.054193,22.04333,-1.769881,22.300294,0.141973,0.086439,0.068071,0.0183679999999999,0.0555339999999999,0.0739019999999999,0.858677,0.3307463761591789,0.0560008188221776,101.0,0,0.9868797948841203,0.9420936554341665,1.0038230376429111,0.2618860156746938,0.2093395671707238
2997.0,0.071518,22.045299,-1.768306,22.297931,0.143856,0.086734,0.068087,0.018647,0.057122,0.075769,0.575789,0.3264359364879297,0.0683034525423952,102.0,0,1.011811523078875,0.9564035492639917,1.032527452663926,0.152053761239905,0.2109652944517014
2998.0,0.073224,22.048318,-1.761481,22.301082,0.141541,0.086413,0.067709,0.018704,0.0551279999999999,0.073832,0.297615,0.3392769685646393,0.0316532436824859,103.0,0,0.9859450220005476,0.9593270759604065,0.9964842514347679,0.2613453787620607,0.2226172932929041
2999.0,0.071649,22.05265,-1.756231,22.301213,0.142543,0.086371,0.067436,0.018935,0.056172,0.075107,0.448489,0.3370836522884661,0.0379132934306198,104.0,0,1.0029712423799317,0.971175052572193,1.0153554159699951,0.2288370494212401,0.22664944251785468
3000.0,0.057211,22.050156,-1.759381,22.302789,0.142965,0.086954,0.068271,0.018683,0.056011,0.074694,0.901111,0.3335535242448047,0.0479888021069883,105.0,0,0.997456082366845,0.958249987177517,1.0124452076460762,0.23598089499691005,0.22324774270622597
3001.0,0.062068,22.04123,-1.758856,22.301345,0.142653,0.085946,0.067772,0.0181739999999999,0.056707,0.074881,0.655941,0.3204838823446426,0.0852914972878498,106.0,0,0.9999532613558214,0.9321434066779476,1.025025984002893,0.18590777046106832,0.22537053000988744
3002.0,0.068237,22.043068,-1.753606,22.302789,0.142184,0.087337,0.068066,0.0192709999999999,0.054847,0.074118,0.637081,0.3513528296382729,0.0028130537200923,107.0,0,0.9897642369248645,0.9884084730984227,0.991404943738986,0.25340366686500393,0.22257725010103088
3003.0,0.070337,22.042018,-1.751375,22.301738,0.142368,0.086529,0.067961,0.018568,0.055839,0.074407,0.745522,0.3325214899713467,0.0509343808927794,108.0,0,0.9936235135441915,0.9523516438426449,1.0093361652130697,0.2493003858157693,0.22459438905139306
3004.0,0.06443,22.038605,-1.758725,22.301345,0.143296,0.086308,0.068381,0.017927,0.056988,0.074915,0.684229,0.3145694783203775,0.1021720830130702,109.0,0,1.0004072938992716,0.9194747909934884,1.0301052916986768,0.17906028430516385,0.21991202330912674
3005.0,0.0874,22.043724,-1.758463,22.304364,0.141927,0.085836,0.068056,0.0177799999999999,0.056091,0.0738709999999999,0.608793,0.316979248377665,0.0952942420906002,110.0,0,0.9864658240356803,0.9119351695132556,1.0138912738939863,0.24593009255705917,0.2207165734106852
3006.0,0.076768,22.042149,-1.754525,22.2978,0.142579,0.086539,0.06772,0.018819,0.05604,0.074859,0.651226,0.3358077122107029,0.0415550155339053,111.0,0,0.9996594755924123,0.9652254192952785,1.0129694066609436,0.2339532165861284,0.2201069005097787
3007.0,0.061018,22.038736,-1.754,22.297144,0.144582,0.088424,0.067956,0.020468,0.0561579999999999,0.0766259999999999,0.844533,0.3644651792232768,0.0402376429636759,112.0,0,1.023255813953487,1.0498025337231396,1.0151023543766091,0.17222515074352684,0.21376335667841073
3008.0,0.056293,22.039261,-1.751769,22.294912,0.143884,0.087862,0.06815,0.0197119999999999,0.056022,0.075734,0.6748,0.3518554879246022,0.0042477149738824,113.0,0,1.0113441366370879,1.011027337539106,1.0126440417551639,0.2145217213393973,0.2092654160973968
3009.0,0.074012,22.029285,-1.747044,22.293599,0.143039,0.087332,0.067531,0.019801,0.0557069999999999,0.075508,0.462633,0.3554426653263448,0.014486050974138,114.0,0,1.0083261556129774,1.0155921423808816,1.0069501559040166,0.2368825504368247,0.2084065158931568
3010.0,0.074406,22.04123,-1.746781,22.291368,0.143746,0.087736,0.068355,0.0193809999999999,0.05601,0.075391,0.486207,0.346021317241256,0.0124038729040747,115.0,0,1.0067637495075752,0.9940503667230829,1.0124271318179774,0.229884165987845,0.2061458748838038
3011.0,0.071518,22.035717,-1.7456,22.295568,0.144132,0.08718,0.067252,0.0199279999999999,0.056952,0.07688,0.486207,0.3499025512264495,0.0013262558292351,116.0,0,1.0266477041310287,1.0221059650202569,1.0294545618871174,0.12247233214738906,0.1968299278016245
3012.0,0.074274,22.036899,-1.747831,22.286642,0.143268,0.086949,0.067625,0.0193239999999999,0.056319,0.075643,0.571074,0.3431107954545453,0.0207109334843327,117.0,0,1.0101289318884417,0.9911268400266681,1.0180125627005296,0.20842426105486428,0.19563388217233726
3013.0,0.063249,22.037161,-1.7435,22.283229,0.143452,0.087505,0.068266,0.019239,0.055947,0.075186,0.571074,0.3438728819618218,0.018535825635201,118.0,0,1.004026200348537,0.9867671949530721,1.0112883546477482,0.24071138377336948,0.1940124524644918
3014.0,0.06128,22.045562,-1.740875,22.286117,0.143691,0.086697,0.068029,0.0186679999999999,0.056994,0.075662,0.684229,0.327537503289762,0.06515941761443,119.0,0,1.0103826559568403,0.9574806380468762,1.0302137466672703,0.1564538742116337,0.19149389548180068
3015.0,0.062068,22.038999,-1.741663,22.282047,0.143507,0.086518,0.067436,0.019082,0.056989,0.076071,0.509782,0.3348306720477277,0.0443436329770864,120.0,0,1.01584440037658,0.9787146740524206,1.0301233675267758,0.15277062173526623,0.19338702313566708
3016.0,0.078081,22.050681,-1.739825,22.283229,0.143085,0.086812,0.067625,0.0191869999999999,0.0562729999999999,0.0754599999999999,0.30233,0.3409567473433557,0.0268589060692296,121.0,0,1.007685168492811,0.9841001179668639,1.0171810746079797,0.22199276029325604,0.1962527913107313
3017.0,0.083987,22.033092,-1.737988,22.280866,0.14336,0.086418,0.067588,0.01883,0.0569419999999999,0.0757719999999999,0.523926,0.3306815587517342,0.0561858173103376,122.0,0,1.0118515847738838,0.9657896086577445,1.0292738036061269,0.15601085366507228,0.20976777338942282
3018.0,0.065349,22.036373,-1.7372,22.287036,0.14415,0.087862,0.067961,0.019901,0.056288,0.076189,0.561644,0.3535504272593224,0.0090853230610894,123.0,0,1.0174201603803192,1.020721136585118,1.0174522120294645,0.18933615151248623,0.21429148942962764
3019.0,0.062199,22.03913,-1.736675,22.279291,0.142442,0.086807,0.067919,0.018888,0.055635,0.074523,0.632367,0.3394924149831044,0.0310383276704633,124.0,0,0.9951725657512571,0.9687644252962018,1.0056486962808993,0.25581382697548866,0.2153862799956289
3020.0,0.081493,22.039786,-1.739694,22.281128,0.142065,0.086587,0.067573,0.019014,0.055478,0.074492,0.589933,0.3427242740496404,0.0218141228645915,125.0,0,0.9947585949028172,0.9752269579935399,1.002810791269376,0.2585418477384869,0.22572118260426235
3021.0,0.082937,22.032173,-1.737594,22.276534,0.141872,0.086271,0.067483,0.018788,0.055601,0.074389,0.858677,0.3379015143340168,0.0355789939281374,126.0,0,0.9933831433741296,0.9636354310919653,1.0050341181255376,0.2576221529343044,0.23671163636232487
3022.0,0.078343,22.039918,-1.73405,22.278503,0.141357,0.085647,0.06763,0.018017,0.05571,0.073727,0.632367,0.3234011236560105,0.076965258188244,127.0,0,0.9845428626751865,0.9240908857773013,1.0070043833883149,0.2536614214569123,0.23868378488413472
3023.0,0.067318,22.039655,-1.72985,22.280209,0.141982,0.085998,0.068502,0.017496,0.0559839999999999,0.07348,0.533356,0.3125122800750203,0.1080436317256795,128.0,0,0.9812444497860039,0.897368825973229,1.011957160287405,0.2516592894333824,0.24800208985622466
3024.0,0.106169,22.038605,-1.732082,22.272858,0.142331,0.086965,0.067851,0.019114,0.055366,0.07448,0.373052,0.3452236892011487,0.0146804215559135,129.0,0,0.9945983481227759,0.9803559521977764,1.000786298522302,0.2598029002979679,0.24874651682846
3025.0,0.072568,22.035192,-1.731294,22.27719,0.141459,0.085872,0.067583,0.018289,0.055587,0.073876,0.707803,0.3290098582427862,0.0609570983443042,130.0,0,0.9865325935273656,0.9380417500128247,1.0047810565321533,0.2626751593158917,0.2486968285131841
3026.0,0.066268,22.035192,-1.7309,22.278109,0.14291,0.086986,0.067856,0.0191299999999999,0.055924,0.075054,0.721948,0.3420652659812246,0.0236950295708064,131.0,0,1.002263485768083,0.9811765912704492,1.0108726106014743,0.2417142455113545,0.24660685120567347
3027.0,0.0811,22.036767,-1.73405,22.276796,0.14234,0.086471,0.067798,0.018673,0.0558689999999999,0.074542,0.684229,0.3342223017719709,0.046080011917459,132.0,0,0.9954262898196556,0.9577370877570931,1.009878440056034,0.2491939033859717,0.2472760893727853
3028.0,0.073881,22.036242,-1.72775,22.277847,0.143553,0.087091,0.067914,0.019177,0.0564619999999999,0.0756389999999999,0.78324,0.3396383472362433,0.0306218153897533,133.0,0,1.0100755162950932,0.9835872185464455,1.020597406118667,0.19678042123483974,0.24312632660243133
3029.0,0.085169,22.037161,-1.724732,22.269183,0.142304,0.086629,0.067714,0.018915,0.055675,0.07459,0.707803,0.3397334578633522,0.0303503555625749,134.0,0,0.9960672769398208,0.9701492537313458,1.0063717294048544,0.25531694382272935,0.24165025353930258
3030.0,0.070074,22.040574,-1.721057,22.276665,0.142092,0.086019,0.067069,0.0189499999999999,0.056073,0.0750229999999999,0.641796,0.3379462852658985,0.0354512110525463,135.0,0,1.0018495149196416,0.9719444017028234,1.0135659089882065,0.2376420746633809,0.24181774431029926
3031.0,0.082018,22.039786,-1.731032,22.276271,0.140972,0.086135,0.067672,0.018463,0.0548369999999999,0.0732999999999999,0.637081,0.3366825923629602,0.0390579779035907,136.0,0,0.9788407480853837,0.9469661999281964,0.9912241854579954,0.26431453460542287,0.23820157326308017
3032.0,0.079787,22.036373,-1.731032,22.272464,0.143195,0.08677,0.068113,0.0186569999999999,0.0564249999999999,0.0750819999999999,0.4202,0.3306454471342997,0.0562888852190024,137.0,0,1.0026373949215113,0.9569164486844102,1.0199286004790085,0.21216379375337208,0.22715702763958778
3033.0,0.086481,22.042018,-1.725125,22.277453,0.142965,0.087049,0.067573,0.019476,0.055916,0.075392,0.693659,0.348301947529374,0.005894616024064,138.0,0,1.0067771034059119,0.9989229112171129,1.010728003976683,0.23689855880209493,0.21627271348777216
3034.0,0.083068,22.039524,-1.726569,22.273908,0.142056,0.086439,0.067987,0.0184519999999999,0.0556169999999999,0.0740689999999999,0.585218,0.3317630982775361,0.05309894319663,139.0,0,0.9891098959063612,0.9464020105657253,1.0053233313751178,0.2614778080079349,0.22009888312900344
3035.0,0.0832,22.03703,-1.7225,22.272202,0.143213,0.087049,0.067835,0.0192139999999999,0.056164,0.075378,0.957688,0.3420991720822575,0.0235982565328563,140.0,0,1.006590148829197,0.9854849464020079,1.0152108093452041,0.2265134488437005,0.21283939045052325
3036.0,0.079393,22.034536,-1.719482,22.277059,0.144353,0.087364,0.067678,0.0196859999999999,0.056989,0.076675,0.651226,0.3454290226355499,0.0140943694993677,141.0,0,1.0239101549719902,1.0096937990460044,1.0301233675267758,0.13126878927643104,0.2149738682669009
3037.0,0.083462,22.04228,-1.717907,22.274433,0.144215,0.087007,0.067804,0.0192029999999999,0.057208,0.076411,0.655941,0.3356639689559334,0.0419652800888128,142.0,0,1.0203847258110825,0.9849207570395418,1.0340819738804294,0.14035076186781548,0.20124589479794083
3038.0,0.080968,22.038736,-1.720663,22.271545,0.143526,0.087626,0.068061,0.019565,0.0558999999999999,0.0754649999999999,0.448489,0.349993738931325,0.0010659926035707,143.0,0,1.0077519379844948,1.0034877160588833,1.0104387907270993,0.23504211764715222,0.20181383392204438
3039.0,0.080443,22.038211,-1.716069,22.272464,0.143746,0.087211,0.067924,0.019287,0.056535,0.075822,0.844533,0.3411454648365641,0.0263202783716823,144.0,0,1.0125192796907239,0.9892291121711057,1.0219169415698868,0.18272201703792756,0.19383616315353303
3040.0,0.0832,22.036636,-1.719482,22.27102,0.141936,0.086313,0.067536,0.018777,0.055623,0.0744,0.613507,0.3375701136200201,0.03652486068649,145.0,0,0.993530036255834,0.9630712417294991,1.0054317863437128,0.25898685282715755,0.1813262905066296
3041.0,0.091994,22.034011,-1.715413,22.267607,0.143847,0.086686,0.067058,0.0196279999999999,0.057161,0.076789,0.30233,0.3433749693852558,0.0199569419299121,146.0,0,1.0254324993823822,1.006718982407547,1.0332324099597823,0.12703479991582212,0.17999072396334165
3042.0,0.083725,22.035586,-1.714232,22.268132,0.142221,0.085888,0.067273,0.018615,0.0563329999999999,0.0749479999999999,0.655941,0.3304398764511664,0.0568756144185949,147.0,0,1.0008479725443837,0.954762271118636,1.018265624293912,0.21784318499440758,0.19174170623316183
3043.0,0.079,22.034536,-1.714625,22.265244,0.143259,0.086324,0.067137,0.0191869999999999,0.056935,0.076122,0.627652,0.3369924125333707,0.0381737052153267,148.0,0,1.0165254491917552,0.9841001179668639,1.0291472728094366,0.1571218511169814,0.20103396251609795
3044.0,0.093306,22.035192,-1.712657,22.263144,0.144242,0.087705,0.067494,0.020211,0.056537,0.076748,0.759666,0.3574763875623475,0.0202905956764078,149.0,0,1.0248849895505745,1.0366210186182514,1.0219530932260843,0.13637908153890055,0.20036771946572532
3045.0,0.088319,22.036373,-1.713707,22.262356,0.142754,0.086319,0.068056,0.018263,0.0564349999999999,0.0746979999999999,0.401341,0.3236055000354385,0.0763819377084477,150.0,0,0.9975094979601908,0.9367082115197234,1.0201093587599974,0.2131577834108211,0.20811972491227
3046.0,0.091994,22.031911,-1.712788,22.258418,0.142524,0.086676,0.067615,0.019061,0.055848,0.074909,0.764381,0.3412952783398092,0.0258926884278861,151.0,0,1.0003271705092511,0.9776375852695312,1.0094988476659597,0.2487786119746328,0.1988278065931565
3047.0,0.092913,22.029679,-1.708588,22.257762,0.142368,0.086308,0.067116,0.019192,0.05606,0.075252,0.835103,0.3423413781416671,0.0229069645392322,152.0,0,1.0049075576387638,0.984356567677081,1.013330923222921,0.2332733246971766,0.20594578198624922
3048.0,0.08635,22.033879,-1.707407,22.256843,0.142157,0.08592,0.066885,0.0190349999999999,0.056237,0.075272,0.655941,0.3384722074042461,0.0339501513169002,153.0,0,1.0051746356054994,0.9763040467764244,1.016530344796422,0.22837968714342566,0.2094460025569281
3049.0,0.084118,22.029679,-1.710163,22.258024,0.141569,0.086361,0.06784,0.0185209999999999,0.055208,0.073729,0.514496,0.3354706660145989,0.0425169953349722,154.0,0,0.9845695704718601,0.9499410165666484,0.9979303176826798,0.26024207150337425,0.2112197488794943
3050.0,0.101313,22.032829,-1.704913,22.253561,0.143461,0.086644,0.067557,0.0190869999999999,0.056817,0.075904,0.740807,0.3359322749832797,0.0411994949181292,155.0,0,1.013614299354339,0.9789711237626274,1.0270143250937693,0.1660676696360226,0.22295245286848647
3051.0,0.085694,22.036505,-1.702419,22.256055,0.142561,0.085993,0.067699,0.018294,0.0565679999999999,0.074862,0.604078,0.3233926708974881,0.0769893836139449,156.0,0,0.9996995372874227,0.9382981997230367,1.0225134438971477,0.19821455384674957,0.22573517785554467
3052.0,0.091075,22.032304,-1.704913,22.255924,0.141909,0.086182,0.068103,0.0180789999999999,0.055727,0.073806,0.707803,0.3244150157909846,0.0740714597547351,157.0,0,0.9855978206437915,0.927270862183923,1.0073116724659958,0.2528453907011965,0.22283771023502602
3053.0,0.087531,22.037161,-1.703469,22.251067,0.143562,0.086718,0.068255,0.018463,0.0568439999999999,0.075307,0.721948,0.32479549652564,0.0729855113427235,158.0,0,1.0056420220472861,0.9469661999281964,1.0275023724524373,0.174859314342643,0.22050759190947705
3054.0,0.09685,22.036373,-1.702288,22.248966,0.142111,0.086224,0.067825,0.018399,0.0558869999999999,0.0742859999999999,0.717233,0.3292119954194102,0.0603801688812075,159.0,0,0.9920076918454407,0.9436836436374849,1.010203804961814,0.2537061214288228,0.2139252006298813
3055.0,0.107088,22.033354,-1.705569,22.25448,0.142506,0.086518,0.067709,0.0188089999999999,0.0559879999999999,0.0747969999999999,0.505067,0.3359409884084373,0.0411746255112155,160.0,0,0.9988315338955313,0.9647125198748497,1.0120294635998004,0.24098503328140275,0.20665725160870463
3056.0,0.087531,22.04018,-1.703076,22.258156,0.142818,0.086492,0.067489,0.019003,0.056326,0.075329,0.641796,0.3373692900385251,0.0370980409543859,161.0,0,1.0059358078106952,0.9746627686310738,1.0181390934972219,0.21980393576944668,0.2087188625805662
3057.0,0.094356,22.02876,-1.700713,22.249885,0.143875,0.088219,0.067893,0.020326,0.055656,0.075982,0.53807,0.3652011427134055,0.0423381918498833,162.0,0,1.0146559034246072,1.0425193619531237,1.0060282886709757,0.20997214144168674,0.20473509544996754
3058.0,0.095406,22.034405,-1.700976,22.255005,0.142919,0.08635,0.066596,0.0197539999999999,0.0565689999999999,0.0763229999999999,0.528641,0.3491956867597666,0.0033437517894365,163.0,0,1.0192095827574452,1.0131815151048853,1.0225315197252465,0.16255577434746776,0.19371465471320537
3059.0,0.084512,22.034667,-1.696382,22.254742,0.143526,0.08697,0.068024,0.018946,0.0565559999999999,0.0755019999999999,0.613507,0.3349894796400093,0.0438903725700652,164.0,0,1.0082460322229554,0.9717392419346591,1.0222965339599612,0.18756258129160763,0.1948096056794444
3060.0,0.103675,22.035586,-1.699269,22.25553,0.144215,0.088204,0.067977,0.020227,0.056011,0.076238,0.731378,0.3611190459187318,0.0306872825446637,165.0,0,1.018074501398821,1.0374416576909293,1.0124452076460762,0.18668377935463865,0.18890624252620697
3061.0,0.111944,22.034142,-1.694282,22.258549,0.144601,0.087973,0.068287,0.0196859999999999,0.056628,0.076314,0.453204,0.3476310724187252,0.007809393027759,166.0,0,1.0190893976724158,1.0096937990460044,1.023597993583082,0.15837688254076288,0.18980010186362767
3062.0,0.088581,22.02981,-1.695857,22.25553,0.143535,0.086366,0.0672,0.019166,0.057169,0.076335,0.6748,0.3352457582648243,0.0431589153889221,167.0,0,1.0193698295374878,0.9830230291839794,1.0333770165845733,0.1426409833335749,0.18710558815270642
3063.0,0.09265,22.032829,-1.691919,22.257105,0.142625,0.08593,0.067793,0.018137,0.0566949999999999,0.074832,0.31176,0.3198991110483985,0.0869605212428243,168.0,0,0.9992989203373195,0.9302456788223853,1.0248090740657048,0.18580882400503324,0.1872567415367413
3064.0,0.098556,22.026923,-1.695988,22.260387,0.142258,0.085626,0.067515,0.0181109999999999,0.056632,0.0747429999999999,0.811529,0.3197958787279499,0.0872551615866015,169.0,0,0.9981104233853456,0.9289121403292787,1.0236702968954776,0.19467248989644853,0.19265798899944903
3065.0,0.108269,22.023116,-1.690738,22.256974,0.141495,0.085578,0.067331,0.018247,0.055917,0.074164,0.604078,0.3263171071926749,0.0686426089640711,170.0,0,0.9903785162483558,0.9358875724470455,1.010746079804782,0.2499236266556097,0.19861147718894165
3066.0,0.096588,22.029154,-1.699269,22.260518,0.143581,0.087411,0.067384,0.020027,0.0561699999999999,0.0761969999999999,0.622937,0.3565362909686494,0.0176074206557632,171.0,0,1.017526991567012,1.0271836692824563,1.0153192643137956,0.19285879866023414,0.2058071728658864
3067.0,0.110238,22.030992,-1.683651,22.255924,0.141642,0.085174,0.06709,0.018084,0.0564679999999999,0.074552,0.787955,0.3202465069330076,0.0859690018967206,172.0,0,0.9955598288030233,0.9275273118941398,1.0207058610872601,0.21148367528203577,0.21629582768561173
3068.0,0.101313,22.024691,-1.691919,22.257368,0.142506,0.086151,0.067898,0.018253,0.0563549999999999,0.074608,0.759666,0.3238874299098589,0.075577268058872,173.0,0,0.9963076471098825,0.9361953120992995,1.0186632925120873,0.21656824897454507,0.21754609225784982
3069.0,0.086219,22.024429,-1.689294,22.2596,0.140981,0.084702,0.06751,0.017192,0.0562789999999999,0.073471,0.575789,0.3054726368159204,0.1281358170114106,174.0,0,0.9811242647009728,0.8817766835923496,1.017289529576573,0.24709746318653364,0.21787725482532289
3070.0,0.096719,22.022854,-1.693888,22.254874,0.14189,0.086618,0.067793,0.0188249999999999,0.0552719999999999,0.0740969999999999,0.53807,0.3405822010746657,0.0279279166357622,175.0,0,0.9894838050597908,0.9655331589475277,0.9990871706810059,0.2586407361240859,0.21275823579943687
3071.0,0.102232,22.023772,-1.692182,22.255924,0.141651,0.086093,0.067767,0.018326,0.0555579999999999,0.073884,0.655941,0.3298475494519342,0.058566203469813,176.0,0,0.9866394247140599,0.9399394778683923,1.004256857517284,0.26326343073801617,0.20395031397129965
3072.0,0.101969,22.03086,-1.686669,22.257499,0.143976,0.087169,0.067746,0.0194229999999999,0.0568069999999999,0.0762299999999999,0.53807,0.3419060695676664,0.0241493997313825,177.0,0,1.0179676702121254,0.9962045442888622,1.0268335668127788,0.15514362905595613,0.20349007708820027
3073.0,0.111288,22.027316,-1.685882,22.259731,0.143618,0.087526,0.067431,0.020095,0.0560919999999999,0.0761869999999999,0.396626,0.3582443442140731,0.022482457787877,178.0,0,1.017393452583644,1.030671385341337,1.0139093497220832,0.1891204496797641,0.20002305223470646
3074.0,0.109713,22.024822,-1.677876,22.258418,0.144353,0.087458,0.067966,0.0194919999999999,0.056895,0.076387,0.622937,0.3425899887514059,0.0221973930096789,179.0,0,1.0200642322509998,0.9997435502897855,1.0284242396854815,0.14348229963758807,0.19593849911948807
3075.0,0.102494,22.029548,-1.685619,22.261831,0.143268,0.08666,0.066995,0.019665,0.056608,0.076273,0.863392,0.3473829249765938,0.0085176426083096,180.0,0,1.0185418878406078,1.0086167102631198,1.0232364770211044,0.16184440837423764,0.19433129896969364
3076.0,0.097638,22.030467,-1.679451,22.259206,0.14303,0.086429,0.067536,0.018893,0.0566009999999999,0.0754939999999999,0.575789,0.3337867919861491,0.0473230213979705,181.0,0,1.008139201036261,0.9690208750064137,1.0231099462244106,0.18825642982924007,0.18451692783342113
3077.0,0.098425,22.037424,-1.685094,22.263013,0.142956,0.086088,0.067882,0.018206,0.056868,0.075074,0.599363,0.3201392674392023,0.0862750793072055,182.0,0,1.0025305637348183,0.9337846848233085,1.027936192326812,0.17681342674709766,0.17488445755721482
3078.0,0.097375,22.037292,-1.686144,22.263669,0.142442,0.085305,0.067457,0.017848,0.057137,0.074985,0.703089,0.3123665511568483,0.1084595636582552,183.0,0,1.0013420667828457,0.9154228855721416,1.0327985900854093,0.1757227178223616,0.1853955597583325
3079.0,0.115357,22.032173,-1.682994,22.265244,0.141514,0.085227,0.067426,0.0178009999999999,0.056287,0.074088,0.773811,0.3162485787379192,0.0973796815431542,184.0,0,0.9893636199747612,0.9130122582961453,1.0174341362013657,0.23102546168858912,0.1812033659423909
3080.0,0.100788,22.030598,-1.680501,22.268132,0.143443,0.086849,0.067163,0.0196859999999999,0.0565939999999999,0.0762799999999999,0.622937,0.3478399151868539,0.0072133248125972,185.0,0,1.0186353651289641,1.0096937990460044,1.0229834154277184,0.16049702476136068,0.18445700031855994
3081.0,0.106038,22.033354,-1.686276,22.264194,0.142634,0.085872,0.066916,0.018956,0.056762,0.075718,0.717233,0.3339499321741275,0.0468573951206483,186.0,0,1.0111304742636995,0.9722521413550828,1.0260201545483312,0.16693872797595305,0.19101021809142402
3082.0,0.082018,22.034667,-1.676169,22.267607,0.141707,0.086098,0.067625,0.0184729999999999,0.055609,0.074082,0.637081,0.3321884553137922,0.0518849111682312,187.0,0,0.9892834965847406,0.947479099348615,1.0051787247503285,0.2602546510671329,0.18766753727683055
3083.0,0.12612,22.031648,-1.677088,22.259468,0.14348,0.086481,0.067237,0.0192439999999999,0.0569989999999999,0.0762429999999999,0.618222,0.3376140350877192,0.0363995023075848,188.0,0,1.0181412708905033,0.9870236446632789,1.0303041258077628,0.14719851152034824,0.18607117491755804
3084.0,0.107613,22.044512,-1.678401,22.269183,0.141798,0.084912,0.066817,0.018095,0.056886,0.074981,0.377767,0.3180867333485682,0.0921333158309088,189.0,0,1.0012886511894987,0.9280915012566059,1.0282615572325917,0.1760186433992782,0.19131919242641543
3085.0,0.114307,22.039655,-1.673151,22.266688,0.141192,0.08488,0.067006,0.017874,0.056312,0.074186,0.651226,0.3174045069522134,0.0940804910865096,190.0,0,0.9906723020117649,0.9167564240652432,1.0178860319038376,0.2273765861028788,0.18687628251331176
3086.0,0.102625,22.044905,-1.677876,22.266163,0.142396,0.0854,0.066481,0.018919,0.0569959999999999,0.075915,0.882251,0.3319297506886329,0.0526232925139419,191.0,0,1.0137611922360437,0.970354413499515,1.030249898323466,0.15482962168330539,0.19545363218159978
3087.0,0.104594,22.043462,-1.672101,22.264982,0.142699,0.085689,0.067147,0.018542,0.0570099999999999,0.075552,0.481493,0.3252354808721125,0.0717297308028902,192.0,0,1.0089137271397952,0.9510181053495432,1.0305029599168503,0.16084980315437242,0.20298850178963895
3088.0,0.110763,22.036636,-1.675907,22.270233,0.141651,0.085442,0.067037,0.018405,0.0562089999999999,0.074614,0.877537,0.3274328411314713,0.0654581389273405,193.0,0,0.9963877704999032,0.9439913832897393,1.0160242216096516,0.22820289291093554,0.1903408343850747
3089.0,0.113519,22.040574,-1.676563,22.274171,0.143112,0.086261,0.068392,0.017869,0.0568509999999999,0.07472,0.688944,0.3143073242805884,0.1029203094994105,194.0,0,0.997803283723601,0.9164999743550312,1.0276289032491293,0.1865963625575524,0.1939091198586565
3090.0,0.122576,22.043987,-1.674201,22.272071,0.142469,0.086713,0.067441,0.0192719999999999,0.055756,0.075028,0.571074,0.3456426995713541,0.013484503853134,195.0,0,1.0019162844113267,0.9884597630404651,1.007835871480863,0.24627052144424078,0.20156226966890248
3091.0,0.113257,22.047793,-1.674726,22.273121,0.14257,0.08656,0.068103,0.018457,0.05601,0.074467,0.382482,0.3295245576761707,0.0594880698720653,196.0,0,0.9944247474443979,0.9466584602759422,1.0124271318179774,0.242287424056345,0.2043656112147397
3092.0,0.110501,22.0516,-1.676169,22.272464,0.143177,0.086429,0.066538,0.019891,0.0567479999999999,0.076639,0.622937,0.3505083790022733,0.0004028664394761,197.0,0,1.0234294146318665,1.0202082371646946,1.0257670929549452,0.13377797702149052,0.20900869192189248
3093.0,0.108138,22.04845,-1.671051,22.268526,0.142102,0.085353,0.067263,0.0180899999999999,0.056749,0.074839,0.8021,0.3187665198237884,0.0901931044718741,198.0,0,0.999392397625677,0.927835051546389,1.025785168783046,0.1828813662561658,0.21012714161735188
3094.0,0.107351,22.049368,-1.669345,22.275352,0.141881,0.085972,0.067567,0.018405,0.055909,0.074314,0.985977,0.3291897692720444,0.0604436056001755,199.0,0,0.9923816009988717,0.9439913832897393,1.010601473179991,0.25255014150173816,0.20485095915546428
3095.0,0.122839,22.042149,-1.66777,22.272333,0.142396,0.086686,0.067919,0.018767,0.0557099999999999,0.074477,0.712518,0.3368634560499723,0.0385417661330284,200.0,0,0.9945582864277656,0.9625583423090756,1.007004383388313,0.25541000156125104,0.2090456517046821
3096.0,0.123495,22.045037,-1.669476,22.271283,0.141743,0.085101,0.067352,0.017749,0.056642,0.074391,0.585218,0.3133485161449781,0.1056568900341194,201.0,0,0.9934098511708032,0.9103451813099475,1.0238510551764661,0.20126042875483324,0.20872868707910505
3097.0,0.111682,22.05265,-1.670001,22.27719,0.141808,0.084455,0.067347,0.0171079999999999,0.0573529999999999,0.0744609999999999,0.490922,0.2982878264811521,0.1486423306479348,202.0,0,0.9943446240543758,0.8774683284607859,1.0367029689547644,0.17203430010896636,0.2038180925225388
3098.0,0.112469,22.055406,-1.663832,22.272202,0.142736,0.085862,0.067426,0.0184359999999999,0.056874,0.07531,0.53807,0.3241494505494504,0.0748294223164685,203.0,0,1.0056820837422966,0.9455813714930474,1.0280446472954052,0.17544106829205947,0.20516888553658555
3099.0,0.114044,22.050812,-1.662126,22.269708,0.142396,0.08624,0.067179,0.0190609999999999,0.056156,0.0752169999999999,0.66537,0.3394234022472709,0.0312353002476812,204.0,0,1.0044401711969755,0.9776375852695259,1.0150662027204131,0.22854328804973068,0.2059605669212748
3100.0,0.112601,22.05055,-1.664226,22.28126,0.142965,0.087505,0.067594,0.0199109999999999,0.05546,0.075371,0.651226,0.3590090333748038,0.0246649939957355,205.0,0,1.0064966715408397,1.0212340360055367,1.0024854263635963,0.24310087518847023,0.20220974899248362
3101.0,0.112207,22.0516,-1.66882,22.274302,0.142717,0.086077,0.068035,0.018042,0.05664,0.074682,0.773811,0.3185325117847495,0.0908609981002396,206.0,0,0.9972958355868038,0.9253731343283604,1.0238149035202686,0.19318147849068262,0.19731795530438523
3102.0,0.113388,22.0558,-1.664226,22.277715,0.143673,0.086476,0.067504,0.018972,0.057197,0.076169,0.514496,0.3316899192279451,0.053307807050848,207.0,0,1.0171530824135837,0.9730727804277605,1.0338831397713417,0.14728590716195789,0.19567019391704746
3103.0,0.111551,22.056063,-1.665276,22.283229,0.142956,0.086387,0.067457,0.01893,0.0565689999999999,0.075499,0.825674,0.3346296623652113,0.0449173444048813,208.0,0,1.0082059705279465,0.9709186028619811,1.0225315197252465,0.19079818010305788,0.20065755038738858
3104.0,0.106038,22.055406,-1.664357,22.277059,0.142166,0.085767,0.067216,0.0185509999999999,0.0563989999999999,0.0749499999999999,0.552215,0.328918439716312,0.0612180203690236,209.0,0,1.0008746803410573,0.9514797148279195,1.0194586289484378,0.21504196221382665,0.20317382004537662
3105.0,0.130845,22.055406,-1.65937,22.280735,0.141899,0.085374,0.067273,0.018101,0.0565249999999999,0.074626,0.307045,0.3202243215511448,0.0860323222649007,210.0,0,0.9965480172799445,0.9283992409088601,1.021736183288896,0.20649206468026726,0.20253541407318526
3106.0,0.11877,22.054356,-1.66357,22.285723,0.142974,0.086245,0.068182,0.0180629999999999,0.0567289999999999,0.0747919999999999,0.773811,0.3184029613960867,0.0912307541115954,211.0,0,0.9987647644038473,0.9264502231112449,1.0254236522210665,0.18478281488145554,0.19929963954073368
3107.0,0.113913,22.054356,-1.656351,22.283623,0.141955,0.0855,0.06783,0.01767,0.0564549999999999,0.074125,1.02841,0.3129871050021257,0.106688411004608,212.0,0,0.9898577142132218,0.9062932758886005,1.020470875321975,0.22190786481237762,0.20380575430199505
3108.0,0.115095,22.055406,-1.662651,22.285198,0.142414,0.085699,0.06814,0.0175589999999999,0.056715,0.074274,0.585218,0.3095951759644542,0.1163694792338607,213.0,0,0.9918474450654009,0.9006000923218929,1.0251705906276842,0.20060376487193976,0.21170446360812453
3109.0,0.128876,22.054356,-1.660157,22.283754,0.141872,0.085473,0.067583,0.0178899999999999,0.056399,0.074289,0.580504,0.3171985815602834,0.0946682326775832,214.0,0,0.9920477535404523,0.9175770631379158,1.0194586289484395,0.22215922832781687,0.2140172308037632
3110.0,0.117588,22.050287,-1.66252,22.28336,0.142497,0.086067,0.067321,0.018746,0.05643,0.075176,0.698374,0.332193298009959,0.0518710893955811,215.0,0,1.0038926613651693,0.9614812535261859,1.0200189796195047,0.21074312986395477,0.21351003918765246
3111.0,0.137014,22.055275,-1.662782,22.287561,0.140953,0.084833,0.06689,0.017943,0.0561199999999999,0.0740629999999999,0.6748,0.3197198909499119,0.0874720419681204,216.0,0,0.9890297725163407,0.9202954300661663,1.0144154729088517,0.23824262610329627,0.21826150457628252
3112.0,0.127039,22.054356,-1.655957,22.285329,0.141477,0.085242,0.066901,0.0183409999999999,0.0562349999999999,0.0745759999999999,0.580504,0.3261433956895938,0.0691384073415892,217.0,0,0.9958803223631046,0.9407088269990226,1.0164941931402225,0.22627300022325297,0.21721189048232267
3113.0,0.126907,22.0537,-1.649788,22.281785,0.143075,0.086634,0.068108,0.018526,0.056441,0.074967,0.769096,0.328230750150597,0.0631807883197361,218.0,0,1.001101696612784,0.9501974662768655,1.0202178137285924,0.21392585205944442,0.21344078092169236
3114.0,0.131108,22.045956,-1.656482,22.279291,0.142837,0.086392,0.067394,0.018998,0.0564449999999999,0.075443,0.500352,0.3365694646210538,0.0393808612469195,219.0,0,1.0074581522210873,0.974406318920862,1.0202901170409862,0.20997004605271885,0.21681819055611787
3115.0,0.116013,22.054488,-1.647951,22.281785,0.141624,0.085725,0.067961,0.017764,0.055899,0.073663,0.566359,0.3177817531305903,0.0930037745775466,220.0,0,0.9836882131816332,0.9111145304405828,1.0104207148990023,0.25400671856656837,0.2177538272724397
3116.0,0.119295,22.046349,-1.657138,22.280078,0.143048,0.086198,0.067646,0.018552,0.05685,0.075402,0.415485,0.3263267136901724,0.0686151905963267,221.0,0,1.0069106423892795,0.9515310047699669,1.027610827421032,0.17428667394185682,0.21315301206737436
3117.0,0.129664,22.042805,-1.655301,22.280078,0.142478,0.085452,0.067882,0.01757,0.0570259999999999,0.074596,0.811529,0.3080996720851527,0.1206378689707432,222.0,0,0.9961474003298413,0.9011642816843639,1.0307921731664325,0.18419676920607447,0.21194153444542238
3118.0,0.135833,22.047662,-1.651757,22.275221,0.142781,0.086739,0.067909,0.01883,0.0560419999999999,0.074872,0.571074,0.3359920061381439,0.0410290133487243,223.0,0,0.9998330762707903,0.9657896086577445,1.0130055583171396,0.23437786121619492,0.21120251862083822
3119.0,0.121001,22.042543,-1.651232,22.276796,0.141266,0.084901,0.067326,0.017575,0.056365,0.07394,0.684229,0.3118014405847498,0.1100724729923827,224.0,0,0.9873872430209191,0.9014207313945758,1.0188440507930778,0.23151559549103495,0.20905083953105502
3120.0,0.120476,22.042018,-1.651757,22.279947,0.142938,0.085972,0.067447,0.018525,0.056966,0.075491,0.457919,0.3251882668913584,0.0718644865020747,225.0,0,1.0080991393412524,0.9501461763348231,1.0297076234805018,0.16473497781330154,0.21085949768423867
3121.0,0.123495,22.04018,-1.652413,22.282047,0.142883,0.08666,0.068166,0.0184939999999999,0.056223,0.074717,0.599363,0.328934262948207,0.0611728585198573,226.0,0,0.9977632220285909,0.9485561881315046,1.0162772832030378,0.22612784988377682,0.2013575549942852
3122.0,0.129532,22.043068,-1.641257,22.283098,0.141808,0.085337,0.06751,0.0178269999999999,0.0564709999999999,0.0742979999999999,0.698374,0.3156785663691741,0.099006581331461,227.0,0,0.9921679386254821,0.9143457967892467,1.0207600885715569,0.21888284197741104,0.2035188630960696
3123.0,0.13662,22.041099,-1.649001,22.28231,0.142129,0.085479,0.067179,0.0182999999999999,0.05665,0.07495,0.632367,0.323030484898766,0.0780231161379354,228.0,0,1.0008746803410586,0.9386059393752857,1.0239956618012571,0.19240906116161283,0.19671568460873654
3124.0,0.122182,22.044118,-1.649788,22.279816,0.142781,0.086608,0.068423,0.018185,0.0561729999999999,0.074358,0.387197,0.3237262790614877,0.0760372164660929,229.0,0,0.9929691725256896,0.9327075960404188,1.015373491798092,0.22805662758455503,0.18730292169262958
3125.0,0.127695,22.043593,-1.645851,22.282704,0.144132,0.087201,0.06825,0.0189509999999999,0.056931,0.075882,0.571074,0.3328707932270075,0.0499374176269814,230.0,0,1.0133205135909302,0.9719956916448657,1.0290749694970411,0.15898729166703363,0.17677865682531246
3126.0,0.127564,22.046874,-1.648607,22.280603,0.142965,0.086545,0.067221,0.0193239999999999,0.05642,0.075744,0.627652,0.3424965881498022,0.0224639721706035,231.0,0,1.0114776756204558,0.9911268400266681,1.019838221338516,0.19589975495970047,0.18265191416570148
3127.0,0.126382,22.047006,-1.648213,22.277321,0.145078,0.087558,0.06815,0.0194079999999999,0.05752,0.076928,0.514496,0.3374072078023676,0.0369898180361634,232.0,0,1.0272886912511936,0.9954351951582269,1.0397216322472784,0.11616498433274414,0.17543413521755805
3128.0,0.132945,22.049631,-1.646376,22.276928,0.144362,0.0875,0.067898,0.0196019999999999,0.0568619999999999,0.0764639999999999,0.835103,0.3447232822749414,0.0161086570942162,233.0,0,1.02109248242293,1.0053854439144458,1.0278277373582168,0.1402502320551252,0.17139121244148453
3129.0,0.12822,22.04543,-1.642307,22.277978,0.144261,0.08686,0.067819,0.019041,0.0574009999999999,0.076442,0.580504,0.3317131807254103,0.0532414152892355,234.0,0,1.0207986966595224,0.9766117864286837,1.0375706087035104,0.12627294681786394,0.16861828917528712
3130.0,0.128614,22.046874,-1.641782,22.280997,0.142157,0.085883,0.067363,0.0185199999999999,0.056274,0.074794,0.519211,0.3290981785872944,0.0607050189901319,235.0,0,0.9987914722005222,0.9498897266246061,1.0171991504360802,0.2234675512171917,0.17124463287511035
3131.0,0.128745,22.047137,-1.636139,22.281391,0.143241,0.086235,0.067368,0.018867,0.057006,0.075873,0.476778,0.3309593558685776,0.0553929431634488,236.0,0,1.013200328505899,0.9676873365133121,1.0304306566044568,0.15395006040234238,0.1772051441610233
3132.0,0.128614,22.047006,-1.63627,22.28231,0.142947,0.086109,0.067798,0.018311,0.0568379999999999,0.075149,0.693659,0.3221555622020094,0.0805202751965569,237.0,0,1.0035321061100761,0.9391701287377568,1.027393917483844,0.17845361421667605,0.18048234276582953
3133.0,0.134258,22.044774,-1.641257,22.286773,0.14427,0.087595,0.068161,0.019434,0.056675,0.076109,0.53807,0.3428964641117934,0.021322666904992,238.0,0,1.0163518485133773,0.9967687336513334,1.024447557503729,0.1646798284996388,0.18551019215539485
3134.0,0.138327,22.042937,-1.639026,22.28441,0.141468,0.085526,0.067856,0.01767,0.055942,0.073612,0.66537,0.3158572118048728,0.0984967007789386,239.0,0,0.9830071643664577,0.9062932758886005,1.0111979755072538,0.2543200645827873,0.1949111185022506
3135.0,0.137933,22.051469,-1.635876,22.283229,0.14156,0.085101,0.06721,0.0178909999999999,0.0564589999999999,0.0743499999999999,0.476778,0.3168792065178886,0.0955797763867249,240.0,1,0.9928623413389942,0.9176283530799582,1.0205431786343704,0.21859240452616302,0.2038844040498582
3136.0,0.14292,22.0516,-1.634301,22.288348,0.141688,0.085442,0.067384,0.018058,0.056246,0.074304,0.542785,0.3210482336835742,0.0836807549177151,241.0,1,0.9922480620155039,0.9261937734010384,1.0166930272493118,0.2286717410077626,0.20403680783873016
3137.0,0.134651,22.050418,-1.632332,22.291236,0.142818,0.08571,0.067457,0.0182529999999999,0.057108,0.075361,0.641796,0.3196168729972506,0.0877660704744585,242.0,1,1.006363132557472,0.9361953120992945,1.0322743910705419,0.16644347822839756,0.21359858095521042
3138.0,0.137802,22.05055,-1.628395,22.290318,0.141119,0.084996,0.066901,0.018095,0.0561229999999999,0.0742179999999999,0.514496,0.3224110897298838,0.0797909617574105,243.0,1,0.9910996267585401,0.9280915012566059,1.0144697003931484,0.23425949552368264,0.21626386519367338
3139.0,0.121132,22.051206,-1.636007,22.291105,0.142074,0.085552,0.067777,0.017775,0.056522,0.074297,0.55693,0.314473754047025,0.1024452942775834,244.0,1,0.9921545847271466,0.9116787198030488,1.0216819558046013,0.21600580229393973,0.22527538968534527
3140.0,0.126382,22.052781,-1.634695,22.299507,0.142175,0.085788,0.068035,0.017753,0.0563869999999999,0.07414,0.877537,0.3148364900333405,0.1014099920074815,245.0,1,0.9900580226882734,0.9105503410781169,1.0192417190112515,0.22499158910591144,0.21802368868792196
3141.0,0.147646,22.050287,-1.637057,22.304364,0.141688,0.085678,0.067951,0.017727,0.05601,0.073737,0.849248,0.3164914034743176,0.0966866237537029,246.0,1,0.9846764016585542,0.9092168025850154,1.0124271318179774,0.24956779156714481,0.21946084342476407
3142.0,0.124939,22.051206,-1.632989,22.304889,0.141578,0.084901,0.067546,0.017355,0.056677,0.074032,0.457919,0.3062034651893152,0.126049924509495,247.0,1,0.988615801667902,0.8901369441452552,1.0244837091599268,0.20510645660130583,0.22215586936219936
3143.0,0.142002,22.060526,-1.633251,22.303576,0.140871,0.085211,0.067478,0.017733,0.05566,0.073393,0.778526,0.3185893174754316,0.0906988662392263,248.0,1,0.9800826606307047,0.9095245422372694,1.0061005919833712,0.25479507341635765,0.2274647996996495
3144.0,0.132814,22.0558,-1.629445,22.306727,0.142965,0.085909,0.068407,0.017502,0.057056,0.074558,0.363622,0.3067458856932541,0.1245017759930439,249.0,1,0.995639952193044,0.897676565625483,1.0313344480094004,0.18180305460855462,0.22539920937363894
3145.0,0.132158,22.059738,-1.62892,22.311321,0.141964,0.08561,0.06804,0.01757,0.056354,0.073924,0.519211,0.3117735782095644,0.110151996340956,250.0,1,0.9871735806475307,0.9011642816843639,1.0186452166839903,0.2329639518945838,0.22783453033614193
3146.0,0.128876,22.055275,-1.631545,22.31329,0.141312,0.085563,0.067378,0.018185,0.0557489999999999,0.073934,0.410771,0.326188340807175,0.0690101273141938,251.0,1,0.9873071196308983,0.9327075960404188,1.0077093406841693,0.25562200038211536,0.22956543630520096
3147.0,0.119557,22.063807,-1.628789,22.31946,0.142827,0.086487,0.068176,0.0183109999999999,0.05634,0.074651,0.6748,0.3250031060861537,0.0723929628848826,252.0,1,0.9968818647383638,0.9391701287377517,1.018392155090606,0.2195327816028989,0.2256999297649398
3148.0,0.131239,22.054619,-1.634039,22.31736,0.142754,0.086308,0.067861,0.0184469999999999,0.0564459999999999,0.0748929999999999,0.688944,0.3268021329742943,0.0672582734922336,253.0,1,1.0001135081358614,0.9461455608555135,1.020308192869085,0.2136035922635774,0.2217977743250689
3149.0,0.147777,22.063938,-1.62577,22.319066,0.142497,0.086492,0.067977,0.018515,0.056005,0.07452,0.816244,0.3305895796878905,0.0564483391917932,254.0,1,0.9951325040562468,0.9496332769143995,1.012336752677483,0.24035901191896936,0.21461402656426326
3150.0,0.146464,22.057113,-1.628001,22.32051,0.143112,0.087159,0.068334,0.0188249999999999,0.0559529999999999,0.0747779999999999,0.646511,0.336437073310219,0.0397587256712387,255.0,1,0.9985778098271325,0.9655331589475277,1.0113968096163397,0.24230064879650198,0.21565023117810678
3151.0,0.139639,22.059607,-1.624326,22.321298,0.142414,0.085983,0.067121,0.018862,0.056431,0.075293,0.241037,0.3342429827048483,0.0460209854696744,256.0,1,1.0054550674705713,0.9674308868031003,1.0200370554476037,0.21091272616453316,0.21312199790004827
3152.0,0.141345,22.064726,-1.626689,22.319198,0.142148,0.085085,0.066927,0.0181579999999999,0.057063,0.075221,0.594648,0.3182041216879292,0.0917982721109338,257.0,1,1.0044935867903237,0.9313227676052698,1.0314609788060927,0.16608490220259647,0.2063973963803904
3153.0,0.142789,22.065251,-1.616976,22.320117,0.143149,0.086088,0.068502,0.017586,0.057061,0.074647,0.424915,0.308191090392906,0.1203769475702853,258.0,1,0.9968284491450168,0.9019849207570418,1.0314248271498947,0.1829575958083015,0.20275968956174398
3154.0,0.132026,22.062232,-1.619732,22.322611,0.142432,0.085799,0.067158,0.018641,0.056633,0.075274,0.655941,0.3291485679980224,0.0605612001431359,259.0,1,1.0052013434021727,0.9560958096117376,1.0236883727235764,0.19216510074699006,0.20302016783050295
3155.0,0.150533,22.063807,-1.624982,22.319198,0.142809,0.086308,0.067903,0.0184049999999999,0.0565009999999999,0.0749059999999999,0.825674,0.3257406817457787,0.0702878126279751,260.0,1,1.0002871088142393,0.9439913832897341,1.021302363414523,0.20768161911399868,0.20119757693336168
3156.0,0.12927,22.062757,-1.619995,22.318804,0.14189,0.084906,0.067704,0.0172019999999999,0.0569839999999999,0.0741859999999999,0.599363,0.3018689128718083,0.1384213792961368,261.0,1,0.9906723020117636,0.8822895830127683,1.0300329883862795,0.1883759851855365,0.19663540891771353
3157.0,0.13662,22.066301,-1.616582,22.316966,0.142221,0.0853,0.067405,0.0178949999999999,0.0569209999999999,0.0748159999999999,0.778526,0.3143775693053652,0.1027198197868969,262.0,1,0.9990852579639299,0.9178335128481276,1.0288942112160506,0.18315571341643477,0.19311640808349637
3158.0,0.168646,22.057375,-1.611857,22.319985,0.143195,0.086755,0.068691,0.0180639999999999,0.0564399999999999,0.0745039999999999,0.368337,0.3200510267358835,0.0865269313536192,263.0,1,0.994918841682857,0.9265015130532874,1.0201997379004917,0.2162083749511668,0.19821836424570305
3159.0,0.140427,22.064595,-1.620126,22.314734,0.142772,0.086471,0.068155,0.018316,0.056301,0.074617,0.523926,0.3253170402472383,0.0714969482574542,264.0,1,0.9964278321949136,0.9394265784479686,1.01768719779475,0.22213310294755728,0.1966994030122953
3160.0,0.148564,22.064463,-1.614482,22.312634,0.14235,0.085767,0.067011,0.0187559999999999,0.056583,0.075339,0.646511,0.3314717941467551,0.0539303683633221,265.0,1,1.006069346794063,0.9619941529466045,1.0227845813186327,0.19667896864001994,0.19681145110004267
3161.0,0.14502,22.062888,-1.615926,22.311715,0.143066,0.085962,0.068124,0.0178379999999999,0.057104,0.074942,0.599363,0.3123719464144994,0.1084441647932276,266.0,1,1.0007678491543643,0.9149099861517127,1.0322020877581464,0.1757227178223616,0.19964396733687978
3162.0,0.143839,22.058032,-1.615795,22.310927,0.142873,0.086508,0.067877,0.0186309999999999,0.056365,0.074996,0.679515,0.3305361388070822,0.0566008673866909,267.0,1,1.00148895966455,0.9555829101913088,1.0188440507930778,0.21710446382466336,0.19890484533420952
3163.0,0.13557,22.058032,-1.614745,22.314078,0.142561,0.085416,0.067321,0.018095,0.0571449999999999,0.0752399999999999,0.670085,0.3166450845203514,0.0962479952695358,268.0,1,1.0047473108587213,0.9280915012566059,1.0329431967101983,0.16776798347422406,0.19744591181552176
3164.0,0.136226,22.06407,-1.611726,22.308171,0.141725,0.084838,0.067294,0.0175439999999999,0.0568869999999999,0.0744309999999999,0.769096,0.3083954436788073,0.1197936930028371,269.0,1,0.9939440071042727,0.8998307431912573,1.0282796330606887,0.1932855816244637,0.19592762529412022
3165.0,0.150796,22.056063,-1.614614,22.306333,0.142653,0.086597,0.067735,0.0188619999999999,0.056056,0.074918,0.552215,0.3364789410778313,0.0396392288567833,270.0,1,1.0004473555942819,0.9674308868030952,1.0132586199105256,0.23600678148236948,0.19408434723760343
3166.0,0.133995,22.056194,-1.615926,22.301345,0.142598,0.08571,0.067678,0.0180319999999999,0.056888,0.07492,0.561644,0.3169681309216191,0.0953259729579978,271.0,1,1.0004740633909555,0.9248602349079317,1.0282977088887895,0.18098476515883422,0.19221113905507067
3167.0,0.146071,22.057638,-1.610414,22.305414,0.143921,0.087201,0.06804,0.0191609999999999,0.0567199999999999,0.0758809999999999,0.698374,0.3378113926059131,0.0358362146980943,272.0,1,1.0133071596925922,0.9827665794737626,1.0252609697681767,0.16856637822955722,0.19730798982566747
3168.0,0.139639,22.063938,-1.609889,22.298982,0.14336,0.086833,0.068003,0.01883,0.0565269999999999,0.075357,0.646511,0.33310925559015,0.0492568106973988,273.0,1,1.0063097169641249,0.9657896086577445,1.0217723349450938,0.20102550973715133,0.19516424497646406
3169.0,0.147908,22.051075,-1.60687,22.300426,0.141587,0.084885,0.067415,0.01747,0.0567019999999999,0.0741719999999999,0.42963,0.3080965733735429,0.1206467131529723,274.0,1,0.9904853474350488,0.8960352874801273,1.024935604862397,0.20370032238238955,0.19416272445424076
3170.0,0.137145,22.054619,-1.608839,22.296356,0.142322,0.085321,0.067462,0.017859,0.057001,0.07486,0.307045,0.3133047963229359,0.1057816728864317,275.0,1,0.9996728294907491,0.9159870749346076,1.0303402774639623,0.17794688681469223,0.1917794535257838
3171.0,0.142264,22.057113,-1.600701,22.293468,0.142579,0.086418,0.067142,0.019276,0.056161,0.075437,0.830388,0.3432213952494568,0.0203952652764226,276.0,1,1.0073780288310668,0.9886649228086397,1.0151565818609074,0.2266912255283296,0.18778656521814097
3172.0,0.146727,22.055669,-1.58482,22.293731,0.143158,0.086702,0.067441,0.019261,0.056456,0.075717,0.457919,0.3411623005118939,0.0262722268588874,277.0,1,1.0111171203653628,0.9878955736780042,1.0204889511500754,0.19566701533262948,0.1879453005100992
3173.0,0.141214,22.054881,-1.600833,22.29058,0.142993,0.085956,0.067373,0.018583,0.057037,0.07562,0.712518,0.3258003436305621,0.0701175287656482,278.0,1,1.0098217922266959,0.9531209929732802,1.0309910072755217,0.15775277825199074,0.1926750691749876
3174.0,0.147121,22.058294,-1.592958,22.289005,0.142203,0.085195,0.066906,0.018289,0.0570079999999999,0.075297,0.514496,0.320808995070954,0.0843635773783637,279.0,1,1.0055084830639185,0.9380417500128247,1.0304668082606525,0.1694528723398941,0.19100125751226266
3175.0,0.140033,22.056063,-1.59427,22.286904,0.142249,0.0854,0.067867,0.017533,0.0568489999999999,0.0743819999999999,0.406056,0.3084080914687777,0.1197575943355913,280.0,1,0.993289666085771,0.8992665538287964,1.0275927515929315,0.1960778984059411,0.18489930623380912
3176.0,0.138195,22.063938,-1.606214,22.293337,0.142947,0.08614,0.067951,0.0181889999999999,0.0568069999999999,0.074996,0.519211,0.3201837769328263,0.0861480426151528,281.0,1,1.00148895966455,0.9329127558085831,1.0268335668127788,0.1825721180784165,0.18539275417795648
3177.0,0.137145,22.058819,-1.59007,22.292943,0.141725,0.085143,0.067604,0.017539,0.0565819999999999,0.0741209999999999,0.585218,0.3099694254458053,0.1153013157423835,282.0,1,0.9898042986198733,0.8995742934810506,1.022766505490532,0.21586406487844156,0.18467152165304568
3178.0,0.143183,22.054356,-1.596501,22.281654,0.142175,0.085153,0.06751,0.017643,0.0570219999999999,0.074665,0.637081,0.3094014695824493,0.116922345959492,283.0,1,0.9970688193150786,0.9049084474534566,1.0307198698540367,0.18428739310990155,0.18050792695913515
3179.0,0.148696,22.0558,-1.600833,22.286379,0.1437,0.08676,0.06741,0.01935,0.0569399999999999,0.07629,0.387197,0.3398254333432853,0.0300878439101313,284.0,1,1.0187689041123331,0.9924603785197746,1.029237651949929,0.14268080959785445,0.18174645363227748
3180.0,0.146071,22.055406,-1.598733,22.286117,0.14246,0.085715,0.067609,0.0181059999999999,0.056745,0.074851,0.373052,0.3190709477319987,0.0893242220991769,285.0,1,0.9995526444057182,0.9286556906190667,1.0257128654706502,0.1828813662561658,0.18640123402617426
3181.0,0.154733,22.055538,-1.584426,22.276928,0.142414,0.085935,0.06814,0.0177949999999999,0.056479,0.074274,0.830388,0.3150672804532575,0.100751281941009,286.0,1,0.9918474450654009,0.9127045186438911,1.0209046951963496,0.21947890027922157,0.18326171932673116
3182.0,0.147908,22.050156,-1.590333,22.281785,0.143222,0.086156,0.067557,0.0185989999999999,0.0570659999999999,0.0756649999999999,0.566359,0.3259151523647641,0.0697898476211492,287.0,1,1.0104227176518492,0.9539416320459531,1.0315152062903874,0.1540310683935242,0.1815374373011791
3183.0,0.170615,22.0579,-1.586133,22.282835,0.143838,0.08708,0.068203,0.018877,0.0567579999999999,0.075635,0.519211,0.3325816170122801,0.0507627694058543,288.0,1,1.0100221007017474,0.9682002359337358,1.025947851235934,0.17013804498341406,0.17760380054575248
3184.0,0.146596,22.057769,-1.575633,22.282572,0.142432,0.08604,0.067704,0.018336,0.056392,0.074728,0.651226,0.3251467380703279,0.0719830159127465,289.0,1,0.9979101149102954,0.940452377288816,1.0193320981517475,0.21600067627886188,0.17435674972636742
3185.0,0.156833,22.05475,-1.585739,22.284148,0.143131,0.086292,0.067205,0.0190869999999999,0.056839,0.075926,0.344763,0.3358022519352566,0.0415705999693574,290.0,1,1.013908085117748,0.9789711237626274,1.0274119933119445,0.16468275141151006,0.18255317582005517
3186.0,0.147646,22.052519,-1.578389,22.278503,0.143039,0.085594,0.068486,0.0171079999999999,0.0574449999999999,0.074553,0.627652,0.2978101173275772,0.1500057833788542,291.0,1,0.9955731827013601,0.8774683284607859,1.0383659451398608,0.16532929782289602,0.1855430328047672
3187.0,0.138983,22.0537,-1.585345,22.279159,0.142818,0.085794,0.067872,0.0179219999999999,0.057024,0.074946,0.514496,0.3142832091188074,0.1029891377455114,292.0,1,1.0008212647477115,0.9192183412832715,1.0307560215102363,0.1765276973241754,0.1829475462559451
3188.0,0.15539,22.054488,-1.572876,22.282835,0.143994,0.086854,0.068071,0.0187829999999999,0.05714,0.075923,0.42963,0.3287131831784531,0.0618038529514403,293.0,1,1.0138680234227377,0.9633789813817483,1.032852817569706,0.1518168849160506,0.18571404759580123
3189.0,0.157358,22.052256,-1.583114,22.276665,0.142745,0.086471,0.068113,0.018358,0.056274,0.074632,0.448489,0.3262194580186583,0.0689213141803907,294.0,1,0.9966281406699652,0.941580756013748,1.0171991504360802,0.22464507053473215,0.18660129010949972
3190.0,0.165627,22.058819,-1.571564,22.280078,0.143535,0.087043,0.06908,0.0179629999999999,0.056492,0.074455,0.42963,0.3179685978793831,0.0924704919701421,295.0,1,0.9942645006643565,0.9213212289070084,1.021139680961635,0.21277993610328577,0.18483333813882052
3191.0,0.143839,22.059344,-1.580883,22.279422,0.143535,0.087007,0.068024,0.018983,0.0565279999999999,0.075511,0.660655,0.3358099382617772,0.0415486620541913,296.0,1,1.0083662173079877,0.9736369697902265,1.0217904107731925,0.19352403479100067,0.19256912489522504
3192.0,0.160115,22.054881,-1.590858,22.273383,0.142956,0.085893,0.068218,0.0176749999999999,0.057063,0.074738,0.712518,0.3097399411187437,0.1159562980262559,297.0,1,0.998043653893663,0.9065497255988071,1.0314609788060927,0.18169608179208552,0.1927040679909458
3193.0,0.142395,22.0516,-1.570777,22.274302,0.14302,0.086182,0.067924,0.0182579999999999,0.056838,0.075096,0.472063,0.3212231038547474,0.0831816495297229,298.0,1,1.0028243494982274,0.9364517618095063,1.0273939174838458,0.1790104701203994,0.19216635498656026
3194.0,0.149352,22.048581,-1.599783,22.26997,0.142249,0.08551,0.067809,0.017701,0.0567389999999999,0.0744399999999999,0.330619,0.3119668664081779,0.1096003231727075,299.0,1,0.9940641921893035,0.9078832640919139,1.0256044105020552,0.1983211565720695,0.19650201624418132
3195.0,0.160246,22.050025,-1.580751,22.270627,0.141927,0.085841,0.067914,0.017927,0.056086,0.074013,0.542785,0.3196284343965624,0.0877330725271783,300.0,1,0.9883620775995032,0.9194747909934884,1.0138008947534918,0.2420406189755554,0.19608136576338625
3196.0,0.151846,22.049368,-1.562245,22.270758,0.141697,0.084308,0.067531,0.016777,0.0573889999999999,0.074166,0.571074,0.2923331590869489,0.1656378339988431,301.0,1,0.9904052240450294,0.860491357644768,1.0373536987663239,0.16667872878010354,0.19757736262836728
3197.0,0.157096,22.051994,-1.560408,22.269839,0.141844,0.084507,0.067037,0.01747,0.057337,0.074807,0.486207,0.3046845024242213,0.1303852693835326,302.0,1,0.9989650728789002,0.8960352874801273,1.0364137557051842,0.17115056728032002,0.20023447860852897
3198.0,0.15854,22.050812,-1.564477,22.26275,0.141312,0.08446,0.067289,0.0171709999999999,0.056852,0.0740229999999999,0.55693,0.3020245193745271,0.1379772552731972,303.0,1,0.9884956165828697,0.880699594809455,1.02764697907723,0.19517349749226115,0.2015631517885656
3199.0,0.152108,22.049631,-1.581014,22.262094,0.14178,0.085232,0.068245,0.016987,0.0565479999999999,0.0735349999999999,0.387197,0.3003943482643372,0.1426300052475716,304.0,1,0.9819789141945251,0.8712622454736647,1.0221519273351702,0.22043856572678144,0.2075682675143075
3200.0,0.176653,22.053962,-1.573664,22.259993,0.141697,0.085232,0.068124,0.0171079999999999,0.0564649999999999,0.0735729999999999,0.552215,0.3029787836928417,0.1352536434665401,305.0,1,0.9824863623313224,0.8774683284607859,1.0206516336029636,0.22773990475309625,0.20585845176675183
3201.0,0.156571,22.049106,-1.572352,22.257893,0.142478,0.085941,0.06836,0.017581,0.0565369999999999,0.0741179999999999,0.571074,0.3109590010258587,0.1124769203608466,306.0,1,0.9897642369248631,0.90172847104683,1.0219530932260825,0.22009519459261762,0.19942779584256684
3202.0,0.157096,22.046743,-1.576289,22.259074,0.143075,0.086513,0.067898,0.018615,0.056562,0.075177,0.66537,0.3291020631861819,0.060693931769127,307.0,1,1.0039060152635058,0.954762271118636,1.0224049889285562,0.19498281359245195,0.20392143665891563
3203.0,0.164315,22.041493,-1.583245,22.25448,0.143066,0.087017,0.068549,0.018468,0.056049,0.074517,0.462633,0.3294915254237288,0.0595823488166142,308.0,1,0.9950924423612364,0.9472226496384082,1.0131320891138336,0.23906162737781816,0.2053633628432321
3204.0,0.169828,22.045037,-1.56697,22.254217,0.142295,0.085211,0.067452,0.0177589999999999,0.057084,0.074843,0.542785,0.3110974862047822,0.112081663133762,309.0,1,0.9994458132190241,0.9108580807303659,1.031840571196169,0.1812229990965128,0.20222408424487295
3205.0,0.165234,22.047924,-1.566052,22.256712,0.142442,0.085274,0.067499,0.017775,0.057168,0.074943,0.830388,0.3109202539838023,0.1125875101620081,310.0,1,1.0007812030527012,0.9116787198030488,1.0333589407564743,0.17773405973370554,0.1997987469033673
3206.0,0.160246,22.045299,-1.545577,22.248048,0.141844,0.085227,0.067657,0.01757,0.056617,0.074187,0.505067,0.3103253382316578,0.1142854878977459,311.0,1,0.9906856559101017,0.9011642816843639,1.0233991594739944,0.21161513694359113,0.19895092968767264
3207.0,0.168384,22.046218,-1.554108,22.251329,0.142543,0.085489,0.068302,0.0171869999999999,0.057054,0.074241,0.448489,0.3012356498115852,0.1402288059330143,312.0,1,0.9914067664202874,0.8815202338821327,1.0312982963532027,0.18556982912348452,0.19512085371904242
3208.0,0.16379,22.0495,-1.587051,22.248179,0.14269,0.085279,0.067972,0.0173069999999999,0.057411,0.074718,0.66537,0.3014526579809096,0.1396094324525545,313.0,1,0.9977765759269277,0.8876750269272166,1.0377513669845009,0.16378071150867013,0.1993352728104889
3209.0,0.168909,22.047268,-1.578783,22.252511,0.142561,0.085951,0.067609,0.0183419999999999,0.0566099999999999,0.0749519999999999,0.688944,0.3240006359188143,0.0752541613297844,314.0,1,1.0009013881377309,0.9407601169410651,1.0232726286773004,0.196185192311725,0.19404687114848612
3210.0,0.16484,22.050287,-1.563558,22.251067,0.141256,0.084607,0.067982,0.016625,0.0566489999999999,0.0732739999999999,0.637081,0.2934686672550751,0.1623969253806458,315.0,1,0.9784935467286274,0.8526952864543285,1.0239775859731566,0.21926173259614945,0.19868020533971947
3211.0,0.159721,22.051075,-1.549645,22.250542,0.142083,0.08498,0.067541,0.0174389999999999,0.0571029999999999,0.0745419999999999,0.754952,0.3053901653124124,0.1283712029064463,316.0,1,0.9954262898196544,0.8944452992768088,1.0321840119300456,0.18179443490631553,0.20556534114803754
3212.0,0.170221,22.049368,-1.561327,22.244503,0.142056,0.08571,0.068644,0.0170659999999999,0.0563459999999999,0.0734119999999999,0.655941,0.3028732674321614,0.1355548025142668,317.0,1,0.980336384699102,0.8753141508950065,1.0185006100591976,0.23712700450691665,0.20270022125380427
3213.0,0.174553,22.048712,-1.58902,22.244503,0.141789,0.084791,0.067741,0.01705,0.0569979999999999,0.074048,0.387197,0.2991280548781559,0.1462441942632381,318.0,1,0.9888294640412904,0.8744935118223337,1.030286049979664,0.18617761075779032,0.20159352745953102
3214.0,0.167334,22.045168,-1.560145,22.243978,0.141707,0.085363,0.067741,0.017622,0.056344,0.073966,0.495637,0.3127517969651255,0.1073600150198423,319.0,1,0.9877344443776751,0.9038313586705669,1.0184644584030016,0.22755634100884636,0.20258569468306872
3215.0,0.153027,22.048581,-1.562245,22.248048,0.141422,0.085242,0.067772,0.01747,0.0561799999999999,0.07365,0.608793,0.3109592210889803,0.1124762922680798,320.0,1,0.983514612503255,0.8960352874801273,1.0155000225947841,0.24658541781688637,0.19985456635769497
3216.0,0.150008,22.048975,-1.556864,22.249229,0.14257,0.085405,0.068103,0.0173019999999999,0.057165,0.074467,0.594648,0.3026624217192036,0.1361565874308495,321.0,1,0.9944247474443979,0.8874185772170049,1.0333047132721778,0.18296393800125837,0.19635713240907018
3217.0,0.17744,22.041624,-1.559358,22.243716,0.143305,0.086424,0.06815,0.018274,0.0568809999999999,0.0751549999999999,0.641796,0.3212615590169122,0.0830718927970349,322.0,1,1.0036122295000955,0.9372724008821892,1.0281711780920955,0.17450289118075202,0.19731555961984187
3218.0,0.178359,22.048975,-1.545577,22.241221,0.142616,0.085731,0.06721,0.0185209999999999,0.0568849999999999,0.0754059999999999,0.618222,0.3255809865344724,0.0707436064312566,323.0,1,1.0069640579826253,0.9499410165666484,1.028243481404491,0.17370238374404717,0.19184242359319742
3219.0,0.152371,22.045168,-1.551352,22.24214,0.143471,0.086481,0.06804,0.018441,0.0569899999999999,0.0754309999999999,0.750237,0.3235774069589935,0.0764621195126106,324.0,1,1.0072979054410447,0.9458378212032643,1.0301414433548728,0.16887390905798733,0.19447319854191997
3220.0,0.177047,22.048056,-1.594401,22.248179,0.141973,0.084927,0.067289,0.017638,0.0570459999999999,0.0746839999999999,0.754952,0.3091836555822393,0.1175440194007405,325.0,1,0.997322543383476,0.9046519977432448,1.03115368972841,0.18428739310990155,0.1907094190061834
3221.0,0.167596,22.051337,-1.567627,22.25553,0.14144,0.084318,0.067882,0.016436,0.057122,0.073558,0.439059,0.2877299861701942,0.1787759717910017,326.0,1,0.9822860538562721,0.8430014874083213,1.032527452663926,0.1913787070140326,0.18118219513307107
3222.0,0.162871,22.051075,-1.571564,22.255136,0.141771,0.084591,0.067242,0.017349,0.05718,0.074529,0.552215,0.3034049771777338,0.134037224089755,327.0,1,0.9952526891412776,0.8898292044930011,1.033575850693661,0.18239564424047205,0.17883369602995441
3223.0,0.171403,22.05685,-1.551483,22.257893,0.142938,0.086487,0.068392,0.018095,0.056451,0.074546,0.769096,0.3205378020265003,0.0851376025237888,328.0,1,0.9954797054130028,0.9280915012566059,1.0203985720095812,0.2124853602450157,0.18184574758473823
3224.0,0.173896,22.05265,-1.564477,22.261437,0.140613,0.083741,0.067756,0.015985,0.0568719999999999,0.0728569999999999,0.490922,0.2810648286533153,0.1977993192617139,329.0,1,0.9729249711221936,0.8198697235472143,1.0280084956392057,0.18991854565148092,0.1763781650629676
3225.0,0.162609,22.060263,-1.556208,22.263275,0.143379,0.085783,0.068334,0.0174489999999999,0.057596,0.075045,0.519211,0.3029498064135283,0.1353363489167472,330.0,1,1.002143300683052,0.8949581986972325,1.0410953951827928,0.15131317908576303,0.18439591047909643
3226.0,0.169565,22.058163,-1.557389,22.265901,0.141945,0.084371,0.067441,0.01693,0.0575739999999999,0.0745039999999999,0.401341,0.2940512375162832,0.1607341835059039,331.0,1,0.994918841682857,0.86833871877725,1.0406977269646158,0.1594789469700919,0.1859341692447039
3227.0,0.17219,22.063282,-1.561064,22.266295,0.142056,0.085384,0.067961,0.017423,0.0566719999999999,0.074095,0.759666,0.3074303460201509,0.1225482247685603,332.0,1,0.9894570972631186,0.8936246602041362,1.0243933300194308,0.20462340672858992,0.19045198848479755
3228.0,0.179278,22.071814,-1.550827,22.270889,0.144398,0.086534,0.068182,0.0183519999999999,0.057864,0.0762159999999999,0.820959,0.3171519917048301,0.0948012070306506,333.0,1,1.0177807156354106,0.9412730163614886,1.0459397171132911,0.11902655852634114,0.1981504875084927
3229.0,0.173109,22.069714,-1.550695,22.275877,0.140586,0.084539,0.066759,0.01778,0.0560469999999999,0.0738269999999999,0.486207,0.3172280902083929,0.0945840106220721,334.0,1,0.9858782525088625,0.9119351695132607,1.013095937457634,0.2490513632192755,0.2005473271711269
3230.0,0.181772,22.07037,-1.550564,22.272333,0.141082,0.08435,0.067289,0.0170609999999999,0.056732,0.073793,0.528641,0.3007244460895772,0.1416878571268459,335.0,1,0.9854242199654135,0.8750577011847946,1.025477879705365,0.19966998076597625,0.20440470340659883
3231.0,0.176915,22.070764,-1.558964,22.278765,0.14122,0.08487,0.067756,0.017114,0.05635,0.073464,0.589933,0.3037035722524889,0.1331849894882886,336.0,1,0.9810307874126155,0.8777760681130452,1.0185729133715948,0.23655689941496882,0.2058254384327439
3232.0,0.171796,22.065776,-1.54177,22.27614,0.139915,0.083914,0.066885,0.017029,0.056001,0.07303,0.505067,0.3040784257705082,0.1321151019866292,337.0,1,0.9752351955344565,0.8734164230394441,1.0122644493650876,0.259380634477424,0.2066019719067868
3233.0,0.17324,22.069451,-1.529958,22.277321,0.140944,0.084612,0.0672,0.017412,0.056332,0.073744,0.363622,0.3090905863348305,0.1178096528276791,338.0,1,0.9847698789469117,0.8930604708416702,1.0182475484658151,0.2364537568713576,0.20278243070211327
3234.0,0.175603,22.071026,-1.556733,22.278634,0.141973,0.085715,0.067662,0.018053,0.0562579999999999,0.0743109999999999,0.651226,0.3208908796814732,0.0841298665629078,339.0,1,0.9923415393038602,0.9259373236908265,1.0169099371864965,0.22849230800620024,0.20284155760057027
3235.0,0.178622,22.072733,-1.556208,22.276928,0.143296,0.086497,0.067473,0.019024,0.056799,0.075823,0.896396,0.3349295774647887,0.0440613422569163,340.0,1,1.0125326335890605,0.9757398574139635,1.0266889601879896,0.16552052934721395,0.1995990584727148
3236.0,0.17114,22.068007,-1.552139,22.278897,0.142157,0.085053,0.066738,0.0183149999999999,0.057104,0.075419,0.684229,0.3207249802994483,0.0846033679890098,341.0,1,1.0071376586610048,0.9393752885059212,1.0322020877581464,0.16724428171052075,0.19752458832949588
3237.0,0.182165,22.064463,-1.536652,22.278634,0.143075,0.085983,0.067788,0.018195,0.057092,0.075287,0.688944,0.3186905575114287,0.0904099121705724,342.0,1,1.0053749440805508,0.9332204954608424,1.0319851778209599,0.1664279946818546,0.19241098277807347
3238.0,0.174159,22.076014,-1.545314,22.278765,0.142074,0.084471,0.06583,0.018641,0.057603,0.076244,0.882251,0.3236059995833623,0.0763805119246294,343.0,1,1.0181546247888416,0.9560958096117376,1.041221925979485,0.11961782751091099,0.18098776065860667
3239.0,0.172059,22.069189,-1.555814,22.281785,0.141743,0.085326,0.066922,0.018404,0.056417,0.074821,0.599363,0.3262079478180723,0.0689541659989189,344.0,1,0.999152027455615,0.9439400933476969,1.0197839938542195,0.21662637194072082,0.16872175802409872
3240.0,0.176653,22.069058,-1.546364,22.274696,0.142423,0.085227,0.067594,0.0176329999999999,0.057196,0.0748289999999999,0.552215,0.3082853995838942,0.1201077751605851,345.0,1,0.9992588586423079,0.9043955480330278,1.0338650639432427,0.17892527933378716,0.16882809572995677
3241.0,0.175865,22.067482,-1.557389,22.276271,0.142221,0.085169,0.06752,0.0176489999999999,0.0570519999999999,0.0747009999999999,0.514496,0.3093439433509193,0.117086534350885,346.0,1,0.9975495596552012,0.9052161871057057,1.0312621446970032,0.18542084390074443,0.17114386546302157
3242.0,0.188859,22.072602,-1.548333,22.271152,0.142524,0.085253,0.066654,0.0185989999999999,0.057271,0.07587,0.5475,0.3247485682357868,0.0731194516377312,347.0,1,1.013160266810889,0.9539416320459531,1.0352207510506586,0.14514841328275607,0.17708945351353111
3243.0,0.16694,22.073389,-1.547545,22.274302,0.142258,0.084471,0.066003,0.018468,0.0577869999999999,0.0762549999999999,0.651226,0.3195819201218246,0.087865831161681,348.0,1,1.0183015176705448,0.9472226496384082,1.044547878349676,0.11379373052627817,0.18141674523376686
3244.0,0.18164,22.067089,-1.548464,22.270758,0.142001,0.085846,0.067163,0.018683,0.0561549999999999,0.0748379999999999,0.344763,0.3326981978773419,0.0504300303372141,349.0,1,0.9993790437273389,0.958249987177517,1.0150481268923124,0.22955568506478063,0.19000356292260678
3245.0,0.180853,22.067089,-1.537177,22.276009,0.142579,0.085799,0.067798,0.018001,0.05678,0.074781,0.523926,0.3170250612000493,0.0951634855050848,350.0,1,0.9986178715221442,0.9232702467046234,1.026345519454111,0.18867822667786227,0.18594968779275406
3246.0,0.175734,22.064857,-1.535471,22.266557,0.14088,0.084612,0.066475,0.018137,0.056268,0.074405,0.717233,0.322326680765608,0.0800318774526502,351.0,1,0.993596805747518,0.9302456788223853,1.017090695467487,0.22670016221561595,0.18940256784518814
3247.0,0.166546,22.062888,-1.535471,22.269839,0.139796,0.083174,0.066092,0.017082,0.056622,0.073704,0.736092,0.3016795295198064,0.138961907453375,352.0,1,0.9842357230134409,0.8761347899676895,1.0234895386144887,0.20970091188421197,0.18096463619238728
3248.0,0.181903,22.063151,-1.540327,22.274433,0.141569,0.084969,0.067221,0.017748,0.0566,0.074348,0.740807,0.3135633646048656,0.1050436806845074,353.0,1,0.9928356335423218,0.910293891367905,1.0230918703963134,0.20548600439931036,0.18273378893289155
3249.0,0.170353,22.069451,-1.551614,22.271152,0.14156,0.084507,0.066617,0.01789,0.0570529999999999,0.074943,0.778526,0.3135625898271814,0.1050458920148568,354.0,1,1.0007812030527012,0.9175770631379209,1.031280220525102,0.1760876206421938,0.18725051754349883
3250.0,0.178097,22.067876,-1.548202,22.275484,0.142331,0.085899,0.067699,0.0182,0.056432,0.074632,0.528641,0.322506334945865,0.0795191177936414,355.0,1,0.9966281406699652,0.9334769451710543,1.0200551312757027,0.2134540798581276,0.183707212276163
3251.0,0.193716,22.068139,-1.526808,22.270101,0.143075,0.085242,0.066397,0.018845,0.057833,0.076678,0.79267,0.3258463879378911,0.0699861114877893,356.0,1,1.0239502166670005,0.9665589577883801,1.0453793664422262,0.1010415273727362,0.18577744335936558
3252.0,0.183741,22.06932,-1.538752,22.277715,0.142028,0.084618,0.067006,0.017612,0.0574099999999999,0.0750219999999999,0.693659,0.3067704795248298,0.1244315815523999,357.0,1,1.001836161021305,0.9033184592501432,1.0377332911564003,0.16283994068779845,0.1786079879204059
3253.0,0.190828,22.067351,-1.531271,22.276928,0.141936,0.085001,0.066239,0.0187619999999999,0.056935,0.075697,0.53807,0.329527890965294,0.0594785561708433,358.0,1,1.0108500423986273,0.9623018925988587,1.0291472728094366,0.15896101663235118,0.1776029282188501
3254.0,0.189122,22.067876,-1.546233,22.282441,0.141716,0.085053,0.067121,0.017932,0.056663,0.074595,0.476778,0.3164619511506424,0.0967706850509304,359.0,1,0.9961340464315045,0.9197312407037003,1.0242306475665426,0.19412263239142225,0.179954476274257
3255.0,0.179278,22.066957,-1.541639,22.282704,0.141082,0.084618,0.066344,0.018274,0.056464,0.074738,0.882251,0.3236341096254316,0.07630028169806,360.0,1,0.998043653893663,0.9372724008821892,1.0206335577748664,0.209380537509888,0.17594702052269146
3256.0,0.186628,22.066564,-1.547545,22.28441,0.142175,0.08519,0.066475,0.0187149999999999,0.0569849999999999,0.0756999999999999,0.863392,0.3284139964201733,0.0626577763053863,361.0,1,1.0108901040936364,0.9598912653228674,1.0300510642143785,0.15500560782601913,0.16675168588734737
3257.0,0.182034,22.063545,-1.547939,22.285592,0.141918,0.085316,0.066885,0.018431,0.0566019999999999,0.0750329999999999,0.816244,0.3256187834567073,0.0706357284128936,362.0,1,1.0019830539030095,0.9453249217828407,1.0231280220525094,0.19965031486865387,0.1759978835856258
3258.0,0.183347,22.073258,-1.547939,22.283229,0.142175,0.086025,0.067116,0.018909,0.0561499999999999,0.075059,0.585218,0.3367526847251164,0.0388579239128239,363.0,1,1.0023302552597668,0.9698415140790915,1.0149577477518181,0.22900148495337957,0.1766794305587514
3259.0,0.183741,22.071683,-1.548727,22.286904,0.142249,0.084502,0.066864,0.0176379999999999,0.0577469999999999,0.0753849999999999,0.486207,0.3054304910992587,0.1282561071336512,364.0,1,1.0066836261175531,0.9046519977432397,1.043824845225721,0.1360130631265385,0.1792030159505475
3260.0,0.184003,22.075621,-1.54072,22.289136,0.143682,0.085825,0.067515,0.0183099999999999,0.057857,0.076167,0.453204,0.3164644474402847,0.0967635602702884,365.0,2,1.0171263746169101,0.9391188387957093,1.0458131863165991,0.12150073350468649,0.17072957449444387
3261.0,0.179409,22.07142,-1.536258,22.288086,0.14122,0.084334,0.066943,0.017391,0.056886,0.074277,0.481493,0.3057113224462531,0.1274545728441743,366.0,2,0.991887506760411,0.8919833820587805,1.0282615572325917,0.19350350435552027,0.16264578396634508
3262.0,0.180853,22.070633,-1.543345,22.292287,0.141624,0.084665,0.066218,0.018447,0.0569589999999999,0.075406,0.957688,0.3238588483146069,0.0756588441681191,367.0,2,1.0069640579826267,0.9461455608555186,1.0295810926838078,0.1696554104190547,0.16452732777009138
3263.0,0.187941,22.074571,-1.530352,22.288742,0.141863,0.084812,0.067105,0.017707,0.0570509999999999,0.0747579999999999,0.740807,0.3103659819112389,0.114169484811967,368.0,2,0.998310731860397,0.9081910037441681,1.0312440688689042,0.1841968705503121,0.15910394000130038
3264.0,0.169828,22.066957,-1.550695,22.290055,0.142772,0.084555,0.067279,0.017276,0.058217,0.075493,0.457919,0.2967467106393211,0.1530409036865356,369.0,2,1.008125847137926,0.8860850387239084,1.052320484432194,0.1093882178303861,0.1532165533634556
3265.0,0.184791,22.071814,-1.539802,22.290449,0.142092,0.084255,0.066412,0.0178429999999999,0.057837,0.07568,0.396626,0.3084996023375635,0.1194964087522272,370.0,2,1.0106230261269022,0.9151664358619246,1.0454516697546217,0.12854263222889994,0.15316736597418834
3266.0,0.184528,22.064857,-1.538358,22.289661,0.141707,0.084786,0.066659,0.018127,0.056921,0.075048,0.637081,0.3184533220898774,0.0910870172269949,371.0,2,1.0021833623780623,0.9297327794019616,1.0288942112160522,0.17382104586348213,0.1552482639564751
3267.0,0.186103,22.058688,-1.530352,22.290318,0.141082,0.083426,0.066738,0.0166879999999999,0.057656,0.074344,0.509782,0.2894358013771093,0.1739073223525162,372.0,2,0.9927822179489748,0.8559265528029923,1.0421799448687252,0.14541643718074393,0.15233887612449654
3268.0,0.190434,22.062888,-1.547677,22.290711,0.14178,0.084297,0.067373,0.0169239999999999,0.0574829999999999,0.0744069999999999,0.5475,0.2944123582214181,0.1597034914877104,373.0,2,0.9936235135441902,0.8680309791249906,1.0390528266076182,0.17012761857493203,0.14569244009333313
3269.0,0.191878,22.06827,-1.537702,22.290843,0.14235,0.084465,0.067095,0.0173699999999999,0.057885,0.075255,0.575789,0.3000725564039663,0.1435484469134408,374.0,2,1.004947619333774,0.8909062932758857,1.0463193095033676,0.1355211892338657,0.13919501458959976
3270.0,0.195553,22.067089,-1.522346,22.288348,0.142809,0.085022,0.067804,0.0172179999999999,0.0577869999999999,0.0750049999999999,0.4202,0.297951131722849,0.1496033073934277,375.0,2,1.0016091447495798,0.8831102220854461,1.044547878349676,0.14230971332755393,0.1394343493157707
3271.0,0.189384,22.064857,-1.530483,22.293468,0.142166,0.08478,0.067195,0.0175849999999999,0.0573859999999999,0.0749709999999999,0.731378,0.3064282851516892,0.1254082550137985,376.0,2,1.0011551122061295,0.9019336308149942,1.0372994712820274,0.1644096260357346,0.1411499325295381
3272.0,0.183084,22.062888,-1.540458,22.291368,0.142295,0.083762,0.066355,0.017407,0.058533,0.07594,0.297615,0.2973827177367001,0.1512256451608908,377.0,2,1.0140950396944628,0.8928040211314583,1.0580324461114385,0.10319105010742091,0.13731051815144477
3273.0,0.180722,22.063545,-1.537833,22.28743,0.142129,0.084009,0.066691,0.017318,0.05812,0.075438,0.622937,0.2979645911116463,0.1495648923028336,378.0,2,1.0073913827294034,0.8882392162896878,1.0505671291066032,0.11922261551297819,0.1347203659640424
3274.0,0.185447,22.062757,-1.551745,22.292024,0.141697,0.08321,0.066491,0.016719,0.0584869999999999,0.075206,0.443774,0.2858535084119822,0.1841317174466942,379.0,2,1.0042932783152723,0.8575165410063108,1.0572009580188884,0.11178156509209558,0.1298985765273281
3275.0,0.195291,22.062494,-1.539802,22.28953,0.142405,0.08477,0.067394,0.017376,0.057635,0.075011,0.622937,0.3014782427649385,0.1395364096867289,380.0,2,1.0016892681396017,0.8912140329281449,1.0418003524786488,0.1456984643665742,0.13171014611435453
3276.0,0.19621,22.059213,-1.526808,22.292155,0.141936,0.084114,0.066591,0.0175229999999999,0.057822,0.075345,0.971833,0.3030455009252372,0.1350632225963761,381.0,2,1.0061494701840836,0.8987536544083676,1.0451805323331385,0.13542690208254882,0.12620580229907524
3277.0,0.196472,22.061969,-1.532189,22.290843,0.141578,0.083294,0.066659,0.016635,0.058284,0.074919,0.575789,0.2854079094106547,0.1854035230436945,382.0,2,1.0004607094926188,0.8532081858747521,1.0535315649148187,0.1195149153067201,0.12372407854919734
3278.0,0.193716,22.059738,-1.527989,22.288874,0.143011,0.085279,0.066874,0.0184049999999999,0.057732,0.076137,0.816244,0.3187951431590249,0.0901114092305243,383.0,2,1.016725757666807,0.9439913832897341,1.0435537078042398,0.12190972420778934,0.13072311477080237
3279.0,0.206054,22.059475,-1.526808,22.291236,0.141284,0.083657,0.06679,0.0168669999999999,0.057627,0.0744939999999999,0.505067,0.2926875824252098,0.1646262572583996,384.0,2,0.9947853026994892,0.8651074524285758,1.0416557458538578,0.15363688510412965,0.12923184762671375
3280.0,0.193585,22.060657,-1.530877,22.294912,0.142276,0.083783,0.06583,0.0179529999999999,0.058493,0.076446,0.561644,0.3069203679009811,0.1240037779102315,385.0,2,1.0208521122528695,0.9208083294865848,1.0573094129874836,0.08726627517476115,0.13792254203325122
3281.0,0.19726,22.057113,-1.528383,22.287036,0.141798,0.084093,0.066586,0.0175069999999999,0.057705,0.075212,0.806814,0.30338266384778,0.1341009096407515,386.0,2,1.004373401705293,0.8979330153356898,1.0430656604455701,0.13959238853695544,0.1424406835939857
3282.0,0.175734,22.056063,-1.534814,22.291368,0.141826,0.08457,0.066911,0.017659,0.057256,0.074915,0.575789,0.308416438164766,0.1197337716280835,387.0,2,1.0004072938992716,0.9057290865261345,1.0349496136291754,0.17318141232347112,0.14373954935795655
3283.0,0.198703,22.054488,-1.538883,22.28546,0.142928,0.084702,0.06679,0.0179119999999999,0.058226,0.076138,0.490922,0.307623611039552,0.1219966177572194,388.0,2,1.0167391115651436,0.9187054418628479,1.0524831668850838,0.10430994407209215,0.14291257311675354
3284.0,0.200672,22.0579,-1.522477,22.282572,0.142276,0.085725,0.067447,0.018278,0.056551,0.074829,0.91997,0.3232069599660488,0.0775194301385666,389.0,2,0.9992588586423093,0.9374775606503587,1.0222061548194685,0.19868850915747033,0.14205648941569196
3285.0,0.183741,22.057638,-1.518146,22.286511,0.140457,0.083499,0.066701,0.016798,0.0569579999999999,0.073756,1.004836,0.2949138854263595,0.1582720585078515,390.0,2,0.9849301257269529,0.8615684464276577,1.0295630168557088,0.19087987997391914,0.14493553622323735
3286.0,0.186366,22.068401,-1.486383,22.28546,0.141477,0.083725,0.06679,0.0169349999999999,0.057752,0.0746869999999999,0.363622,0.2932315204404964,0.163073777539635,391.0,2,0.9973626050784864,0.8685951684874567,1.0439152243662173,0.14841555972225706,0.1480495250384639
3287.0,0.198966,22.060394,-1.544658,22.288742,0.141982,0.083305,0.066554,0.016751,0.0586769999999999,0.075428,0.561644,0.2854732608473364,0.1852170003569376,392.0,2,1.0072578437460356,0.8591578191516664,1.0606353653576748,0.11124515289469006,0.14591888141528844
3288.0,0.190697,22.058425,-1.524708,22.291236,0.140898,0.082439,0.06595,0.016489,0.058459,0.074948,0.632367,0.2820561067396511,0.1949700646748997,393.0,2,1.000847972544385,0.8457198543365667,1.0566948348321217,0.11334888719717362,0.14243942129492387
3289.0,0.196866,22.060263,-1.536521,22.295306,0.141697,0.084628,0.067074,0.017554,0.0570689999999999,0.074623,0.335334,0.3075871736463992,0.1221006154780712,394.0,2,0.9965079555849342,0.9003436426116861,1.031569433774684,0.1824273531795833,0.14494714209642307
3290.0,0.188466,22.062101,-1.523789,22.298063,0.142745,0.084681,0.066885,0.017796,0.058064,0.07586,0.410771,0.3064841126323948,0.1252489151090493,395.0,2,1.0130267278275211,0.9127558085859385,1.049554882733066,0.1184061633270268,0.13813829162061042
3291.0,0.20041,22.0579,-1.530352,22.300819,0.143177,0.085253,0.066969,0.0182839999999999,0.057924,0.076208,0.604078,0.3156495468277944,0.0990894074038692,396.0,2,1.0176738844487179,0.9377853003026079,1.0470242667992238,0.11828595230520067,0.13088190087271614
3292.0,0.200804,22.064595,-1.526152,22.302789,0.142543,0.084817,0.067368,0.017449,0.057726,0.075175,0.797385,0.3022675697680462,0.1372835534248765,397.0,2,1.0038793074668324,0.8949581986972377,1.0434452528356466,0.13838681111982565,0.133813750873861
3293.0,0.209991,22.066564,-1.551745,22.303182,0.142148,0.084066,0.067006,0.01706,0.0580819999999999,0.075142,0.632367,0.2937176110049413,0.1616864030197903,398.0,2,1.003438628821719,0.8750064112427574,1.049880247638844,0.12938715208708407,0.13893927039283255
3294.0,0.201722,22.06827,-1.532452,22.306202,0.141918,0.083909,0.067168,0.0167409999999999,0.0580089999999999,0.0747499999999999,0.566359,0.2885881744526805,0.1763265752311025,399.0,2,0.9982039006737029,0.8586449197312376,1.0485607121876264,0.13060000439934372,0.1395047650800639
3295.0,0.191485,22.070633,-1.524839,22.313028,0.141532,0.083484,0.065971,0.017513,0.0580479999999999,0.0755609999999999,0.745522,0.3016933969577426,0.1389223277300568,400.0,2,1.009033912224825,0.8982407549879491,1.0492656694834823,0.1183159724949765,0.13599129253654835
3296.0,0.203691,22.065907,-1.544658,22.317097,0.141054,0.083856,0.066071,0.0177849999999999,0.057198,0.074983,0.566359,0.3109320093008617,0.1125539587447337,401.0,2,1.001315358986172,0.9121916192234675,1.0339012155994407,0.17773405973370554,0.13518535270844637
3297.0,0.197522,22.072995,-1.538227,22.319198,0.139658,0.082108,0.065851,0.0162569999999999,0.05755,0.073807,0.736092,0.2824798874042152,0.1937605318449616,402.0,2,0.9856111745421283,0.8338205877827327,1.0402639070902444,0.16250034808440555,0.13582782315605502
3298.0,0.204347,22.074308,-1.530483,22.326286,0.141312,0.083216,0.065746,0.01747,0.0580959999999999,0.075566,0.457919,0.3007039950427733,0.1417462274457028,403.0,2,1.00910068171651,0.8960352874801273,1.0501333092322283,0.11900383406948722,0.13263676274837272
3299.0,0.197653,22.074571,-1.516177,22.333506,0.141403,0.083757,0.066685,0.017072,0.057646,0.074718,0.8021,0.2961472409665724,0.1547518789866651,404.0,2,0.9977765759269277,0.8756218905472659,1.0419991865877365,0.14729262774442775,0.13199143828954418
3300.0,0.201722,22.076933,-1.546102,22.33797,0.141256,0.082764,0.066255,0.016509,0.0584919999999999,0.075001,0.566359,0.2822389003812424,0.194448344527908,405.0,2,1.001555729156234,0.846745653177414,1.0572913371593828,0.11034676504600704,0.12789562061904725
3301.0,0.214454,22.078902,-1.543083,22.351097,0.141927,0.083946,0.06604,0.017906,0.0579809999999999,0.075887,0.646511,0.3088199786140527,0.1185820073725758,406.0,2,1.0133872830826138,0.9183977022105987,1.0480545890008577,0.1247106567812869,0.12532580466917792
3302.0,0.21616,22.081659,-1.526152,22.352804,0.140972,0.082391,0.065326,0.017065,0.0585809999999999,0.0756459999999999,0.552215,0.2913010822436929,0.1685835342851478,407.0,2,1.0101689935834506,0.8752628609529693,1.0589000858601827,0.10647620704300265,0.11466489076706961
3303.0,0.206316,22.07969,-1.54912,22.352016,0.140512,0.082255,0.065803,0.0164519999999999,0.058257,0.074709,0.259897,0.2823989838305467,0.1939914426358351,408.0,2,0.9976563908418966,0.8438221264809941,1.053043517556149,0.12293390749879907,0.10823061101187088
3304.0,0.197128,22.08074,-1.520902,22.359892,0.140512,0.081688,0.065756,0.015932,0.058824,0.074756,0.660655,0.2708372290692732,0.2269904044214911,409.0,2,0.998284024063725,0.8171513566189691,1.063292512088211,0.08964182769437434,0.10543405194331408
3305.0,0.20461,22.081265,-1.555683,22.368425,0.141872,0.082628,0.066019,0.016609,0.059244,0.075853,0.764381,0.2803443328550932,0.1998557210625801,410.0,2,1.0129332505391637,0.8518746473816505,1.0708843598897384,0.09261781299628313,0.09962788942600537
3306.0,0.195685,22.086384,-1.527858,22.373414,0.142405,0.082365,0.065504,0.0168609999999999,0.06004,0.076901,0.797385,0.2808247697406769,0.1984844829802,411.0,2,1.0269281359961007,0.8647997127763216,1.0852727190564428,0.07112492071262233,0.0959295984380616
3307.0,0.209466,22.087565,-1.526283,22.370919,0.1411,0.082097,0.065609,0.016488,0.059003,0.075491,0.693659,0.2794386821232459,0.2024405824878962,412.0,2,1.0080991393412524,0.8456685643945243,1.0665280853179095,0.09815755053241826,0.09136223826362132
3308.0,0.208023,22.091503,-1.530746,22.378533,0.141348,0.082087,0.065866,0.016221,0.059261,0.075482,0.443774,0.2737167156019033,0.2187719230564612,413.0,2,1.0079789542562212,0.8319741498692127,1.0711916489674194,0.09103824338391919,0.08753744904003416
3309.0,0.209598,22.09636,-1.543083,22.379583,0.142212,0.082958,0.065782,0.017176,0.059254,0.07643,0.684229,0.2898658341068266,0.1726799452019426,414.0,2,1.0206384498794812,0.8809560445196719,1.0710651181707271,0.08923100257134076,0.0807145652461056
3310.0,0.213798,22.094916,-1.537308,22.382603,0.142405,0.08246,0.065956,0.016504,0.059945,0.076449,0.53807,0.275314449671371,0.2142117532041649,415.0,2,1.0208921739478798,0.8464892034672022,1.0835555153870498,0.0733638551665694,0.07771780206181511
3311.0,0.216948,22.094391,-1.55542,22.386541,0.140485,0.081137,0.065184,0.0159529999999999,0.059348,0.0753009999999999,0.604078,0.268799811285784,0.2328054967640459,416.0,2,1.0055618986572643,0.8182284454018537,1.0727642460120215,0.07903705503688407,0.07527471514010269
3312.0,0.224561,22.097804,-1.525364,22.391135,0.141587,0.081478,0.065079,0.0163989999999999,0.0601089999999999,0.0765079999999999,0.509782,0.2728165030776908,0.2213412630311301,417.0,2,1.021680053949748,0.8411037595527486,1.0865199511952632,0.0682283148071311,0.07456448038954197
3313.0,0.199622,22.100429,-1.540458,22.392054,0.14042,0.08048,0.065383,0.015097,0.0599399999999999,0.0750369999999999,0.726663,0.25186433326104,0.2811418612432721,418.0,2,1.0020364694963564,0.7743242550135937,1.0834651362465535,0.054705069559513375,0.07123651787962008
3314.0,0.208023,22.09636,-1.536389,22.397962,0.141119,0.081352,0.066103,0.0152489999999999,0.059767,0.075016,0.6748,0.2551365279079106,0.2718025327125383,419.0,2,1.0017560376312855,0.7821203262040282,1.08033801798545,0.05967419585146949,0.06798043767975703
3315.0,0.199622,22.102398,-1.534421,22.396518,0.140227,0.080974,0.065688,0.015286,0.0592529999999999,0.074539,0.717233,0.2579741452053871,0.2637035523505442,420.0,3,0.9953862281246453,0.7840180540596008,1.0710470423426266,0.0681869437791589,0.06288993981632807
3316.0,0.203035,22.106861,-1.54807,22.401769,0.14031,0.0812,0.066124,0.0150759999999999,0.0591099999999999,0.0741859999999999,0.514496,0.2550455921909626,0.2720620767273073,421.0,3,0.9906723020117636,0.773247166230699,1.0684621989244873,0.0640225732070151,0.06171302071082435
3317.0,0.210254,22.09951,-1.551352,22.400981,0.141073,0.081735,0.066507,0.015228,0.059338,0.074566,0.53807,0.2566271760562194,0.2675480019516311,422.0,3,0.9957467833797381,0.7810432374211437,1.0725834877310327,0.06487792543319948,0.06045925246373757
3318.0,0.218917,22.101742,-1.532714,22.39783,0.141762,0.081499,0.065866,0.015633,0.060263,0.075896,0.618222,0.2594086021505378,0.2596093996121772,423.0,3,1.013507468167645,0.8018156639483017,1.0893036287224918,0.05847744138528865,0.05965112448905506
3319.0,0.20566,22.108436,-1.540983,22.40295,0.140448,0.080696,0.066181,0.014515,0.0597519999999999,0.0742669999999999,0.604078,0.2429166736398173,0.3066798080349461,424.0,3,0.9917539677770421,0.744473508744937,1.080066880563965,0.03832602393705109,0.05747130007509861
3320.0,0.204741,22.107123,-1.550433,22.403475,0.142423,0.082066,0.065599,0.0164669999999999,0.0603569999999999,0.0768239999999999,0.759666,0.2728221611054043,0.2213251141813961,425.0,3,1.0258998858241681,0.8445914756116294,1.0910027565637843,0.06159466411153225,0.05781871082368042
3321.0,0.214717,22.101085,-1.534289,22.398224,0.140843,0.081068,0.065557,0.0155109999999999,0.0597749999999999,0.0752859999999999,0.707803,0.2594854122055674,0.2593901723302453,426.0,3,1.0053615901822126,0.795558291019128,1.080482624610239,0.06649937256601623,0.054904894045614897
3322.0,0.208679,22.099116,-1.543477,22.400981,0.140632,0.0809,0.065641,0.0152589999999999,0.059732,0.074991,0.731378,0.2554534344499689,0.2708980344692407,427.0,3,1.0014221901728664,0.7826332256244518,1.0797053640019894,0.06014703506030605,0.052934731190509884
3323.0,0.20356,22.104892,-1.54282,22.398749,0.141504,0.080921,0.066496,0.014425,0.0605829999999999,0.0750079999999999,0.901111,0.2380991680971875,0.3204296829099875,428.0,3,1.00164920644459,0.739857413961124,1.09508789371413,0.032906825419948826,0.05096447979090365
3324.0,0.197391,22.101479,-1.553058,22.401112,0.14065,0.081137,0.065835,0.0153019999999999,0.0595129999999999,0.0748149999999999,0.8021,0.2571159727123029,0.2661529038451496,429.0,3,0.9990719040655931,0.7848386931322736,1.075746757648334,0.0631483033372876,0.046822625830744626
3325.0,0.21196,22.099773,-1.556208,22.397568,0.140319,0.080155,0.06563,0.014525,0.0601639999999999,0.074689,0.566359,0.2414194299011055,0.3109531635884696,430.0,3,0.9973893128751613,0.7449864081653605,1.0875141217407014,0.03904877599850365,0.04814464161619707
3326.0,0.217079,22.09531,-1.541114,22.400325,0.141596,0.080974,0.065767,0.0152069999999999,0.0606219999999999,0.075829,0.566359,0.2508453887138545,0.284050080010107,431.0,3,1.012612756979081,0.7799661486382488,1.0957928510099861,0.04432094465596503,0.04567623949324183
3327.0,0.209466,22.101348,-1.536389,22.396649,0.140852,0.080727,0.066024,0.0147029999999999,0.060125,0.074828,0.660655,0.2445364734058475,0.3020566594140564,432.0,3,0.9992455047439726,0.7541160178488966,1.0868091644448472,0.0451754114371371,0.04341332471648771
3328.0,0.211698,22.096622,-1.552927,22.39061,0.140126,0.080008,0.066339,0.013669,0.060118,0.073787,0.5475,0.2273657246461185,0.3510645214430369,433.0,3,0.9853440965753929,0.7010822177770957,1.086682633648155,0.0170589017836984,0.03913347439596833
3329.0,0.213798,22.107386,-1.562377,22.398749,0.141945,0.081273,0.065725,0.0155479999999999,0.0606719999999999,0.0762199999999999,0.655941,0.2562589619764969,0.2685989395122862,434.0,3,1.0178341312287578,0.7974560188746955,1.0966966424149298,0.05154618179157555,0.03657602604230251
3330.0,0.212485,22.100167,-1.537046,22.391661,0.139768,0.079855,0.065488,0.0143669999999999,0.059913,0.07428,0.500352,0.2397937043095101,0.315593225393855,435.0,3,0.9919275684554214,0.7368825973226617,1.0829770888878858,0.03691064288197987,0.031466506713847084
3331.0,0.21301,22.099116,-1.573401,22.396124,0.140898,0.081116,0.066423,0.0146929999999999,0.059782,0.074475,0.571074,0.2457722094909923,0.2985296854647873,436.0,3,0.994531578631092,0.7536031184284729,1.080609155406933,0.04387022479847502,0.03155790461727544
3332.0,0.230073,22.093078,-1.533502,22.394023,0.14042,0.080333,0.066638,0.0136949999999999,0.0600869999999999,0.0737819999999999,0.316474,0.2279157236053788,0.349494742891811,437.0,3,0.9852773270837077,0.702415756270192,1.086122282977088,0.017348531855112204,0.02826369546987336
3333.0,0.220754,22.099641,-1.551745,22.392317,0.139851,0.079047,0.066397,0.01265,0.060804,0.073454,0.618222,0.2080421018008389,0.4062170052137249,438.0,3,0.9808972484292479,0.6488177668359251,1.0990826517239831,0.007332341883290683,0.024784063559318326
3334.0,0.215767,22.095704,-1.541902,22.395861,0.140696,0.080291,0.066811,0.01348,0.0604049999999999,0.0738849999999999,1.009551,0.2231566400688674,0.3630778727020115,439.0,3,0.9866527786123951,0.6913884187310886,1.0918703963125302,0.012053110052733351,0.024203835740556533
3335.0,0.209335,22.101085,-1.552533,22.395205,0.141403,0.08078,0.066024,0.014756,0.0606229999999999,0.075379,0.533356,0.2434019530219056,0.3052947487497814,440.0,3,1.006603502727534,0.756834384777147,1.095810926838085,0.03996275503278712,0.0197418197691683
3336.0,0.21616,22.093866,-1.545445,22.401112,0.140714,0.079934,0.066423,0.013511,0.06078,0.074291,0.787955,0.2222898603181916,0.3655517905855613,441.0,3,0.9920744613371258,0.6929784069344019,1.0986488318496102,0.011378853181944315,0.017736693701346562
3337.0,0.226661,22.095441,-1.558439,22.400981,0.141716,0.080533,0.066869,0.0136639999999999,0.061183,0.074847,0.773811,0.2233263598326358,0.3625934673401523,442.0,3,0.9994992288123711,0.7008257680668787,1.1059333905734567,0.010379092331586737,0.014352229443931474
3338.0,0.225873,22.10161,-1.56067,22.395468,0.141789,0.080801,0.067111,0.0136899999999999,0.060988,0.074678,0.825674,0.2244667071111183,0.3593387471837393,443.0,3,0.9972424199934566,0.7021593065599802,1.102408604094176,0.011256623596080484,0.01315709065502102
3339.0,0.223773,22.094785,-1.545839,22.39783,0.142331,0.080906,0.067777,0.013129,0.061425,0.074554,0.519211,0.2137368541008693,0.3899633380665088,444.0,3,0.9955865365996969,0.6733856490742182,1.1103077409733844,0.006926022077693217,0.012090184421935879
3340.0,0.20986,22.100298,-1.56277,22.398487,0.142405,0.0812,0.067006,0.0141939999999999,0.061205,0.075399,0.79267,0.2319053687546972,0.338107704285728,445.0,3,1.0068705806942693,0.7280094373493324,1.106331058791632,0.016859382203762485,0.009993769743063152
3341.0,0.22036,22.095179,-1.55017,22.39783,0.142258,0.081226,0.067646,0.01358,0.0610319999999999,0.074612,0.344763,0.2225025805711666,0.3649446554539232,446.0,3,0.9963610627032297,0.6965174129353251,1.1032039405305247,0.010025582224324148,0.006989085940383976
3342.0,0.230467,22.09426,-1.566839,22.395993,0.141018,0.080008,0.06741,0.0125979999999999,0.06101,0.073608,0.797385,0.2064873547393092,0.4106544837737812,447.0,3,0.9829537487731108,0.6461506898497169,1.1028062723123513,0.005397143966007656,0.005510188428375839
3343.0,0.230598,22.098854,-1.539408,22.399931,0.14088,0.079267,0.067321,0.0119459999999999,0.061613,0.073559,0.448489,0.1938845067679423,0.4466248798931123,448.0,3,0.9822994077546089,0.6127096476380945,1.1137059966559728,-0.003336720447560726,0.003227421337517233
3344.0,0.222461,22.098723,-1.586789,22.398487,0.141155,0.079971,0.068344,0.0116269999999999,0.061184,0.072811,0.858677,0.1900302361689956,0.4576255394670583,449.0,3,0.9723106917987034,0.5963481561265799,1.1059514664015555,-0.008911036735993916,-0.00039370072683353463
3345.0,0.226004,22.098329,-1.560802,22.39573,0.141339,0.080344,0.067105,0.013239,0.0609949999999999,0.074234,0.5475,0.217047019476687,0.3805156354472934,450.0,3,0.9913132891319298,0.6790275426988784,1.1025351348908665,0.009915917005995367,-0.0026344797366782413
3346.0,0.228892,22.087172,-1.548202,22.389429,0.141036,0.079462,0.067552,0.01191,0.0615739999999999,0.073484,0.321189,0.1934226552984166,0.4479430724433102,451.0,3,0.9812978653793509,0.6108632097245745,1.1130010393601149,-0.0034101219381370562,-0.0076077024201852365
3347.0,0.225873,22.093341,-1.534552,22.392579,0.141348,0.079624,0.068407,0.011217,0.061724,0.072941,0.509782,0.1817253948967193,0.4813287874115423,452.0,3,0.9740466985824838,0.5753192798892152,1.1157124135749479,-0.012448578576999325,-0.012005174998971035
3348.0,0.211173,22.08809,-1.561589,22.390873,0.140953,0.078454,0.067903,0.0105509999999999,0.062499,0.0730499999999999,0.571074,0.1688159999999998,0.518174113892578,453.0,3,0.9755022735011907,0.5411601784889946,1.1297211803515759,-0.024954597047427196,-0.01617977872617562
3349.0,0.221542,22.089403,-1.568283,22.393498,0.142166,0.079414,0.068255,0.011159,0.0627519999999999,0.0739109999999999,0.670085,0.1778241677688716,0.4924634678789241,454.0,3,0.9869999799691511,0.5723444632507579,1.1342943648605894,-0.01548176802075385,-0.0209935147961652
3350.0,0.224298,22.092028,-1.57537,22.393367,0.141385,0.07911,0.069053,0.0100569999999999,0.062275,0.072332,0.660655,0.1614907829661506,0.5390813690595266,455.0,3,0.9659141744953895,0.5158229471200658,1.125672194857428,-0.03287284463130746,-0.027117325231713497
3351.0,0.226923,22.092422,-1.555683,22.39573,0.140981,0.078543,0.068465,0.010078,0.0624379999999999,0.072516,0.830388,0.1614055317990359,0.5393246885265007,456.0,3,0.9683712917893557,0.5169000359029607,1.1286185548375427,-0.033949143563533846,-0.034862276803940814
3352.0,0.219835,22.094785,-1.547939,22.389298,0.140126,0.078181,0.068628,0.009553,0.061945,0.071498,0.641796,0.1542149614180093,0.5598476421888072,457.0,3,0.9547770232825219,0.4899728163307188,1.1197071715847993,-0.03634889330603819,-0.03634889330603819
3353.0,0.229811,22.093997,-1.581145,22.396124,0.140384,0.076658,0.068681,0.0079769999999999,0.063726,0.071703,0.844533,0.1251745727870447,0.6427332157423712,458.0,3,0.9575145724415601,0.40913986767194543,1.1519002214288954,-0.05147408114745655,-0.05147408114745655
3354.0,0.226136,22.089797,-1.55962,22.386541,0.140163,0.075246,0.069699,0.0055469999999999,0.064917,0.070464,0.401341,0.0854462552758864,0.7561237224974825,459.0,3,0.9409690924022996,0.28450530850899697,1.1734285326946552,-0.07014914109147685,-0.07014914109147685
3355.0,0.223642,22.094128,-1.570645,22.392317,0.140016,0.076857,0.073007,0.0038499999999999,0.063159,0.067009,0.31176,0.0609563014566179,0.8260216806276293,460.0,3,0.8948313736487525,0.1974662768631025,1.1416512268968335,-0.06753359871627784,-0.06753359871627784
