elapsed_runtime_s,Temperature TS inlet (Mean),Temperature TS outlet (Mean),Tank temperature (Mean),Bypass temperature (Mean),Pump outlet pressure (Mean),TS inlet pressure (Mean),TS outlet pressure (Mean),Differential pressure (Mean),Pump to inlet DP,Total system DP,Flow rate (Mean),Pressure_Ratio,Relative_Ratio_Dev,run_specific_time_s,label,rel_tot_dp_change,rel_ts_dp_change,rel_p_ts_dp_change,anomaly_score,smooth_score
3852.0,-1.624419,20.932202,-1.972399,22.211685,0.116359,0.067212,0.066155,0.0010569999999999,0.049147,0.050204,1.042555,0.0215064702531128,0.3408498914429435,0.0,0,1.00487385034177,0.6658267716534804,1.0150249382996532,0.08065291820098308,0.08065291820098308
3853.0,-1.62455,20.942966,-1.982767,22.210241,0.114503,0.065842,0.064228,0.001614,0.0486609999999999,0.050275,1.108562,0.0331675640129876,0.0165500504002786,1.0,0,1.0062949730286928,1.016692913385827,1.0049876599303988,0.24847137480655496,0.24847137480655496
3854.0,-1.620219,20.936009,-1.995892,22.206303,0.113529,0.065538,0.064039,0.001499,0.047991,0.04949,1.004836,0.0312343723953992,0.0427001868352133,2.0,0,0.9905825602225758,0.944251968503937,0.9911502597094156,0.26210775981447504,0.26210775981447504
3855.0,-1.606437,20.923014,-2.003373,22.199345,0.115027,0.065958,0.064611,0.001347,0.049069,0.050416,0.830388,0.0274505808029346,0.1586693165704543,3.0,0,1.0091172025900463,0.8485039370078741,1.0134140170798966,0.21323151163908893,0.21323151163908893
3856.0,-1.60158,20.937584,-1.999961,22.19672,0.114448,0.064971,0.063756,0.001215,0.0494769999999999,0.050692,1.127421,0.0245563684870044,0.2473738013036656,4.0,0,1.014641566837802,0.7653543307086614,1.0218403742293902,0.11969125450843465,0.11969125450843465
3857.0,-1.602893,20.936665,-2.011248,22.197901,0.114154,0.064829,0.063714,0.0011149999999999,0.049325,0.05044,0.820959,0.0226047115111703,0.3071899818459366,5.0,0,1.009597582089851,0.7023622047243464,1.0187011431344821,0.09548016251587255,0.17533072331629798
3858.0,-1.598299,20.935353,-2.013611,22.196588,0.115385,0.065674,0.064102,0.0015719999999999,0.049711,0.0512829999999999,1.02841,0.0316221435468295,0.0308154194348733,6.0,0,1.0264709120204942,0.990236220472378,1.0266731378886615,0.13049231869780953,0.18049449468582868
3859.0,-1.594886,20.932465,-2.018204,22.192913,0.11409,0.065501,0.064018,0.0014829999999999,0.0485889999999999,0.0500719999999999,1.240577,0.0305206832681621,0.0645739885403644,7.0,0,1.0022317630928415,0.9341732283463937,1.0035006557275468,0.2497524530809026,0.17259522745255393
3860.0,-1.585699,20.931152,-2.027261,22.189631,0.115403,0.065774,0.064134,0.00164,0.049629,0.051269,1.094418,0.0330445295184364,0.0127791758920399,8.0,0,1.0261906906456102,1.0330708661417323,1.0249796053243023,0.12597562008237795,0.1603168287377565
3861.0,-1.580055,20.93509,-2.033167,22.187005,0.114439,0.065874,0.064548,0.001326,0.048565,0.049891,1.188714,0.0273030515175227,0.1631909299895844,9.0,0,0.9986089010318151,0.8352755905511811,1.0030049876599314,0.22745185981648042,0.15716321009832607
3862.0,-1.573623,20.936665,-2.032379,22.186218,0.113842,0.065433,0.06322,0.002213,0.0484089999999999,0.050622,1.084988,0.0457136955174552,0.4010754441916637,10.0,0,1.013240459963371,1.3940157480314963,0.9997831452204163,0.1322906318962903,0.1622471593670443
3863.0,-1.572442,20.937059,-2.044848,22.183198,0.115339,0.065973,0.064349,0.001624,0.0493659999999999,0.0509899999999999,1.113277,0.0328964693013551,0.0082412899900983,11.0,0,1.0206062789603767,1.022992125984252,1.0195479094166597,0.16947870247380736,0.17744712520653144
3864.0,-1.56391,20.929708,-2.046685,22.18333,0.11488,0.06622,0.06406,0.0021599999999999,0.0486599999999999,0.0508199999999999,1.179284,0.0443887301946116,0.3604666866360024,12.0,0,1.0172035908367592,1.3606299212597794,1.0049670070942482,0.1393237726665003,0.1641712624269871
3865.0,-1.54921,20.930758,-2.042223,22.178604,0.114834,0.066105,0.064265,0.0018399999999999,0.048729,0.050569,1.141566,0.037759080648471,0.1572750811980392,13.0,0,1.0121796219013022,1.1590551181101734,1.0063920527886503,0.18169532524478516,0.1597504205071258
3866.0,-1.556429,20.932202,-2.05351,22.177685,0.113603,0.0658,0.063955,0.0018449999999999,0.047803,0.049648,0.660655,0.0385950966446322,0.1828980694494622,14.0,0,0.993745058596291,1.162204724409386,0.9872675265130795,0.17053074719561695,0.1500220920004013
3867.0,-1.536741,20.934959,-2.057448,22.178079,0.112234,0.064488,0.062984,0.001504,0.047746,0.04925,1.094418,0.0314993612164116,0.0345785653845043,15.0,0,0.9857787652245275,0.9474015748031496,0.9860903148524881,0.2474798209107441,0.1535470095421048
3868.0,-1.54606,20.926296,-2.055085,22.175585,0.111692,0.063448,0.062879,0.000569,0.0482439999999999,0.0488129999999999,1.320729,0.0117939682868691,0.6385275972711952,16.0,0,0.9770318551655788,0.3584251968503937,0.9963754272555468,-0.002266309097634367,0.16408679984549462
3869.0,-1.536216,20.927346,-2.067554,22.177554,0.111784,0.063763,0.062469,0.001294,0.0480209999999999,0.049315,1.04727,0.0269459830910833,0.1741346919960785,17.0,0,0.9870797930364988,0.8151181102362205,0.9917698447939353,0.20554403388228976,0.17158812580851934
3870.0,-1.538185,20.926952,-2.069654,22.175978,0.11171,0.063401,0.062585,0.0008159999999999,0.048309,0.049125,1.099133,0.0168909128544814,0.4823117456920788,18.0,0,0.9832767886630439,0.5140157480314331,0.9977178616053459,0.02869233501513302,0.17573379017783775
3871.0,-1.517315,20.931546,-2.064929,22.173747,0.111333,0.063369,0.061902,0.0014669999999999,0.047964,0.049431,1.014266,0.0305848014177003,0.0626088364381756,19.0,0,0.9894016272855557,0.9240944881889135,0.9905926331333461,0.26270103523351523,0.1838591149888537
3872.0,-1.507865,20.932727,-2.065323,22.177291,0.111545,0.063716,0.062107,0.0016089999999999,0.047829,0.049438,0.995407,0.0336399749111434,0.0310289347145413,20.0,0,0.9895417379729987,1.0135433070865512,0.9878045002529984,0.23768853493018888,0.19097063540638257
3873.0,-1.504715,20.929971,-2.070835,22.178735,0.111168,0.063584,0.06206,0.001524,0.047584,0.049108,1.117992,0.0320268992329516,0.0184100943719255,21.0,0,0.9829365198506821,0.96,0.9827445553960709,0.24449196210405433,0.17902687914883172
3874.0,-1.506552,20.928264,-2.08186,22.178341,0.111297,0.064057,0.062338,0.001719,0.0472399999999999,0.0489589999999999,0.905825,0.0363878834063632,0.115249365199493,22.0,0,0.9799541637893916,1.0828346456692914,0.9756399797602195,0.1807804163596845,0.19196446903383374
3875.0,-1.498152,20.931809,-2.085404,22.178341,0.112372,0.064157,0.062616,0.001541,0.0482149999999999,0.0497559999999999,1.061414,0.0319603451136552,0.0204499063188815,23.0,0,0.9959067663454109,0.9707086614173229,0.9957764950071758,0.26294857335494476,0.17097924395708036
3876.0,-1.483452,20.924327,-2.08711,22.178866,0.111986,0.063458,0.061824,0.001634,0.048528,0.050162,1.240577,0.0336705887201467,0.0319672149293042,24.0,0,1.0040331862171115,1.0292913385826772,1.0022408327223546,0.24164595137090555,0.19334830943701897
3877.0,-1.47492,20.927083,-2.083829,22.174141,0.112335,0.064677,0.062658,0.0020189999999999,0.047658,0.049677,0.849248,0.0423634570595269,0.2983942502418641,25.0,0,0.9943255171585553,1.2718110236219844,0.9842728652712244,0.12804225833523553,0.17135261900850798
3878.0,-1.459301,20.929446,-2.089998,22.171909,0.112519,0.064167,0.062984,0.001183,0.0483519999999999,0.0495349999999999,1.023696,0.0244659069757823,0.2501463490179368,26.0,0,0.991483271784708,0.7451968503937009,0.9986059335598252,0.12710958975238584,0.17052459811575535
3879.0,-1.457463,20.928133,-2.09341,22.171515,0.113015,0.064141,0.063425,0.000716,0.048874,0.04959,1.103847,0.0146496163682866,0.5510050647163861,27.0,0,0.9925841414717628,0.45102362204724405,1.0093867140305053,-0.004308216885244076,0.1647737553058708
3880.0,-1.449063,20.924983,-2.092229,22.170596,0.113823,0.065086,0.063509,0.001577,0.0487369999999999,0.050314,0.868107,0.0323566826706062,0.0083025878321711,28.0,0,1.0070755897158756,0.9933858267716537,1.006557275477854,0.2523829898145191,0.15708885465207867
3881.0,-1.439875,20.930233,-2.093148,22.168627,0.112574,0.064288,0.063414,0.0008739999999999,0.0482859999999999,0.0491599999999999,1.264151,0.0181001097603909,0.4452511652055254,29.0,0,0.9839773421002572,0.5505511811022993,0.9972428463738773,0.04274413094840546,0.15648409745816277
3882.0,-1.423993,20.92879,-2.094854,22.16784,0.111719,0.064083,0.062485,0.001598,0.047636,0.049234,1.113277,0.0335453534017675,0.0281288875453447,30.0,0,0.9854585122246575,1.0066141732283465,0.9838185028759084,0.22940832600266248,0.14673938327067398
3883.0,-1.421631,20.923933,-2.102335,22.164689,0.112298,0.064881,0.063126,0.0017549999999999,0.047417,0.0491719999999999,0.830388,0.0370112615462481,0.134355232584576,31.0,0,0.9842175318501597,1.105511811023559,0.9792955317588998,0.1869835340052089,0.14590523147677878
3884.0,-1.423862,20.922226,-2.100104,22.163507,0.113612,0.064766,0.063672,0.0010939999999999,0.048846,0.04994,0.740807,0.0223964624234855,0.3135725916902703,32.0,0,0.9995896758439167,0.6891338582676535,1.008808434618285,0.10393140982176308,0.14800213512793584
3885.0,-1.394199,20.927083,-2.098135,22.162195,0.111269,0.063411,0.061981,0.0014299999999999,0.047858,0.049288,0.971833,0.0298794375143649,0.0842274790133525,33.0,0,0.9865393660992184,0.9007874015747402,0.9884034325013693,0.2569010014157857,0.1643616116826727
3886.0,-1.399055,20.931152,-2.10496,22.160094,0.112418,0.06371,0.062496,0.0012139999999999,0.048708,0.049922,1.000122,0.0249235254265125,0.2361208372567556,34.0,0,0.9992293912190631,0.764724409448756,1.0059583432294852,0.14419880949601793,0.1473829111113448
3887.0,-1.39748,20.925245,-2.108766,22.157469,0.113621,0.064808,0.06364,0.001168,0.0488129999999999,0.049981,1.16514,0.0239275617650674,0.2666460488714045,35.0,0,1.0004103241560833,0.735748031496063,1.008126891025309,0.11970074039628353,0.1466911727011309
3888.0,-1.385798,20.924983,-2.108241,22.154581,0.111269,0.063401,0.062207,0.001194,0.047868,0.049062,1.117992,0.0249430738055944,0.2355217005298872,36.0,0,0.9820157924760562,0.7521259842519685,0.9886099608628766,0.14807862626395618,0.14999853010901304
3889.0,-1.378448,20.923014,-2.11651,22.154843,0.112546,0.063794,0.062564,0.00123,0.0487519999999999,0.049982,1.018981,0.0252292166635901,0.2267517306700781,37.0,0,1.0004303399685752,0.7748031496062993,1.0068670680201148,0.15928654866212455,0.1505085016332087
3890.0,-1.358497,20.926427,-2.105091,22.149199,0.111499,0.064277,0.061892,0.0023849999999999,0.047222,0.049607,1.264151,0.0505050505050504,0.5479253048633232,38.0,0,0.9929244102841245,1.5023622047243463,0.9752682287095086,0.08259598410124036,0.15003191811472338
3891.0,-1.361254,20.923014,-2.117691,22.14723,0.111857,0.063107,0.062244,0.0008629999999999,0.04875,0.049613,1.042555,0.0177022009804926,0.4574466399802787,39.0,0,0.9930445051590756,0.5436220472440315,1.0068257623478156,0.03582674684626652,0.13769666927939203
3892.0,-1.353116,20.919995,-2.113754,22.14526,0.112169,0.063999,0.062569,0.00143,0.04817,0.0496,1.141566,0.0296859106101181,0.0901588698200124,40.0,0,0.9927842995966814,0.9007874015748032,0.9948471173803952,0.26248190008148375,0.13609830419495755
3893.0,-1.348391,20.926952,-2.120841,22.142504,0.11261,0.064346,0.062527,0.001819,0.048264,0.050083,1.099133,0.0376877654615145,0.1550893476643218,41.0,0,1.002451937030254,1.1458267716535435,0.9967884839785635,0.19208324924716536,0.14967232433403624
3894.0,-1.344716,20.91527,-2.118872,22.137778,0.111894,0.064598,0.06227,0.002328,0.0472959999999999,0.0496239999999999,0.938829,0.0492208808169652,0.5085668894959963,42.0,0,0.9932646790964842,1.466456692913386,0.9767965385846601,0.09916557463691,0.1468454071889669
3895.0,-1.339203,20.914613,-2.117297,22.147755,0.112225,0.064398,0.062333,0.0020649999999999,0.047827,0.049892,0.858677,0.0431755457054444,0.3232838910250617,43.0,0,0.998628916844307,1.30078740157474,0.9877631945806968,0.13354851306247217,0.1460803058795092
3896.0,-1.321877,20.922489,-2.119004,22.14001,0.112712,0.06507,0.063005,0.0020649999999999,0.047642,0.049707,1.136851,0.0433431983712192,0.3284222643399166,44.0,0,0.9949259915333114,1.30078740157474,0.9839424198928127,0.12821515865167288,0.16318878734913117
3897.0,-1.31584,20.926952,-2.124122,22.143029,0.11295,0.064472,0.062858,0.001614,0.0484779999999999,0.050092,1.122707,0.0332927659398915,0.0203873543715498,45.0,0,1.0026320793426806,1.016692913385827,1.0012081909148165,0.2554409417870704,0.18319795419915766
3898.0,-1.306915,20.92367,-2.118347,22.144604,0.11352,0.06444,0.062223,0.0022169999999999,0.04908,0.0512969999999999,1.02841,0.0451702288054439,0.3844187758493775,46.0,0,1.0267511333953803,1.3965354330708033,1.0136411982775546,0.119809454813263,0.17711872236661974
3899.0,-1.305602,20.913957,-2.121235,22.142241,0.112528,0.06443,0.062496,0.0019339999999999,0.048098,0.050032,1.240577,0.0402087361483606,0.232354379180278,47.0,0,1.0014311305931687,1.2182677165353701,0.9933601131775432,0.15163553556754783,0.17776668686674083
3900.0,-1.302452,20.916976,-2.130422,22.137647,0.113061,0.064719,0.063346,0.0013729999999999,0.0483419999999999,0.0497149999999999,1.259436,0.0284012163084624,0.1295333640272346,48.0,0,0.9950861180332443,0.8648818897637165,0.9983994051983178,0.25368079879745964,0.168192908706915
3901.0,-1.295233,20.922226,-2.12281,22.142635,0.113263,0.064782,0.063115,0.001667,0.0484809999999999,0.050148,1.004836,0.0343838950538344,0.0538292844251859,49.0,0,1.0037529648422254,1.0500787401574805,1.0012701494232685,0.2359184153465314,0.17491157149163133
3902.0,-1.283026,20.924458,-2.131997,22.143554,0.112767,0.064314,0.062543,0.0017709999999999,0.048453,0.050224,1.04727,0.0365501300202252,0.120222048856156,50.0,0,1.0052741665916074,1.1155905511810393,1.0006918700110503,0.20168958175610457,0.18140351982778763
3903.0,-1.274232,20.926164,-2.131341,22.142635,0.112482,0.064256,0.062464,0.0017919999999999,0.048226,0.050018,1.080273,0.0371576088083437,0.1388406182644239,51.0,0,1.0011509092182824,1.1288188976377322,0.9960036762048359,0.19856289424837614,0.17083794052570944
3904.0,-1.265307,20.92052,-2.133441,22.145654,0.113474,0.065044,0.062265,0.002779,0.04843,0.051209,1.259436,0.0573806033325763,0.7586535805550296,52.0,0,1.0249897418960978,1.7505511811023622,1.0002168547795838,0.0034277930386519273,0.17395909380180682
3905.0,-1.269901,20.924064,-2.12911,22.14211,0.113263,0.064046,0.062538,0.001508,0.049217,0.050725,0.952974,0.0306391970417328,0.0609416692524813,53.0,0,1.0153020886500335,0.9499212598425197,1.0164706368302037,0.20073514090963562,0.17831515293149042
3906.0,-1.252969,20.917239,-2.138035,22.141585,0.111545,0.064015,0.062275,0.00174,0.04753,0.04927,1.136851,0.0366076876143991,0.1219861270150304,54.0,0,0.9861790814743648,1.0960629921259843,0.9816293022439317,0.19313464201323605,0.16662898350765848
3907.0,-1.245881,20.919339,-2.12701,22.144342,0.113906,0.065123,0.063131,0.0019919999999999,0.0487829999999999,0.0507749999999999,1.316014,0.0408330600196784,0.2514892322133712,55.0,0,1.016302879274625,1.2548031496062364,1.0075073059407873,0.149785148766288,0.15396398235753625
3908.0,-1.243781,20.926033,-2.136591,22.140403,0.113088,0.064582,0.062595,0.001987,0.0485059999999999,0.0504929999999999,0.882251,0.040963159956295,0.2554766548975593,56.0,0,1.010658420151918,1.2516535433070868,1.0017864703270367,0.151020987574237,0.14189715591619095
3909.0,-1.230787,20.92262,-2.135541,22.143685,0.113116,0.064708,0.062879,0.0018289999999999,0.0484079999999999,0.0502369999999999,0.976548,0.0377822305769587,0.1579846015282555,57.0,0,1.0055343721539998,1.1521259842519056,0.9997624923842657,0.19519612686438365,0.13352397924900095
3910.0,-1.229081,20.927346,-2.135804,22.141191,0.114494,0.065328,0.06332,0.0020079999999999,0.049166,0.051174,1.004836,0.0408404010820264,0.2517142278535982,58.0,0,1.0242891884588825,1.2648818897637166,1.015417342186517,0.13681910455914037,0.148023167117241
3911.0,-1.224093,20.913694,-2.135935,22.141191,0.112932,0.063968,0.062821,0.0011469999999999,0.048964,0.050111,1.27358,0.0234248953334013,0.2820522326431357,59.0,0,1.0030123797800263,0.7225196850393072,1.0112454692840704,0.10926840384530923,0.13448961593684622
3912.0,-1.220549,20.928133,-2.135279,22.143291,0.113557,0.064041,0.062942,0.001099,0.049516,0.050615,1.056699,0.0221943978835551,0.3197656518188301,60.0,0,1.013100349275928,0.6922834645669291,1.0226458348392704,0.0810213173426515,0.12593670947582455
3913.0,-1.211755,20.922751,-2.143153,22.146967,0.113667,0.06474,0.063577,0.001163,0.048927,0.05009,1.198144,0.0237696206671029,0.2714867731113052,61.0,0,1.002592047717697,0.7325984251968504,1.0104813143464937,0.11483112757647607,0.11804125067915161
3914.0,-1.203486,20.926952,-2.132129,22.138434,0.113979,0.065023,0.063057,0.0019659999999999,0.048956,0.0509219999999999,1.264151,0.0401576894009027,0.2307898514482813,62.0,0,1.0192452037109296,1.2384251968503308,1.0110802465948647,0.14841967172105275,0.12849722051161488
3915.0,-1.20388,20.927608,-2.141579,22.138959,0.112335,0.064593,0.06206,0.002533,0.047742,0.050275,1.061414,0.053054898100245,0.6260753824630261,63.0,0,1.0062949730286928,1.5955905511811024,0.9860077035078852,0.06539962910568786,0.11998054722752924
3916.0,-1.194561,20.92577,-2.143547,22.136859,0.113336,0.06433,0.063189,0.001141,0.049006,0.050147,0.934114,0.0232823882302528,0.2864199215946428,64.0,0,1.0037329490297335,0.7187401574803151,1.0121128884024009,0.10760557740301924,0.12549900856663324
3917.0,-1.190754,20.928396,-2.144203,22.136334,0.113566,0.064172,0.06311,0.001062,0.0493939999999999,0.050456,1.103847,0.0215001518372306,0.3410435440723905,65.0,0,1.0099178350897209,0.6689763779527559,1.02012618882888,0.07083056079955863,0.13424618921339163
3918.0,-1.185111,20.925902,-2.148272,22.139616,0.112914,0.064325,0.062727,0.0015979999999999,0.048589,0.0501869999999999,1.061414,0.0328874253961718,0.0079641040542737,66.0,0,1.0045335815294063,1.0066141732282836,1.0035006557275488,0.2555806858988695,0.12440535424461785
3919.0,-1.179204,20.925639,-2.147485,22.142241,0.113162,0.064403,0.062034,0.002369,0.048759,0.051128,0.78324,0.0485849056603774,0.4890749371406924,67.0,0,1.0233684610842566,1.4922834645669292,1.007011637873172,0.1100293940235274,0.12763780509150185
3920.0,-1.169229,20.911332,-2.147222,22.141716,0.113143,0.065249,0.063451,0.001798,0.0478939999999999,0.049692,0.91997,0.0375404530744338,0.150574381945016,68.0,0,0.9946257543459334,1.1325984251968504,0.9891469346027933,0.19200371795018,0.12305560205817408
3921.0,-1.16201,20.927214,-2.151028,22.143685,0.114154,0.064908,0.063372,0.0015359999999999,0.049246,0.050782,1.004836,0.0311897171401302,0.0440688222278075,69.0,0,1.0164429899620702,0.9675590551180473,1.0170695690785747,0.19674021031289318,0.1259813437290811
3922.0,-1.158728,20.916845,-2.149847,22.136465,0.114071,0.064561,0.063845,0.0007159999999999,0.04951,0.050226,1.226432,0.0144614328129101,0.5567726876454485,70.0,0,1.0053141982165912,0.4510236220471811,1.022521917822366,-0.017387032345086095,0.13625225490714069
3923.0,-1.150853,20.918682,-2.146566,22.140797,0.113153,0.064608,0.063393,0.0012149999999999,0.048545,0.04976,1.17457,0.0250278086763068,0.2329246681684011,71.0,0,0.9959868295953803,0.7653543307085985,1.002591930936917,0.14715563604531612,0.13613149523269685
3924.0,-1.151247,20.920783,-2.147878,22.14723,0.113309,0.064172,0.063057,0.001115,0.049137,0.050252,1.344303,0.0226911962228825,0.3045393187458227,72.0,0,1.0058346093413797,0.7023622047244096,1.0148184099381459,0.10259764138777494,0.13131914842054326
3925.0,-1.14534,20.919864,-2.153522,22.147886,0.112215,0.064803,0.062433,0.0023699999999999,0.0474119999999999,0.0497819999999999,1.132136,0.0499862906797713,0.5320258759415406,73.0,0,0.9964271774701996,1.4929133858267087,0.9791922675781441,0.09465704581475798,0.14428777335770393
3926.0,-1.141534,20.915926,-2.150766,22.143029,0.112684,0.064288,0.062989,0.0012989999999999,0.048396,0.049695,0.754952,0.0268405066429736,0.1773674313253816,74.0,0,0.994685801783409,0.8182677165353701,0.999514658350459,0.21031468918361512,0.1357241910822115
3927.0,-1.135234,20.910019,-2.15431,22.142635,0.113594,0.064782,0.062249,0.002533,0.0488119999999999,0.051345,1.235862,0.0518919140392929,0.590431175812437,75.0,0,1.0277118923949922,1.5955905511811024,1.0081062381891583,0.06962296405512025,0.13316605997049008
3928.0,-1.129065,20.913038,-2.157328,22.141454,0.112289,0.064388,0.062637,0.001751,0.047901,0.049652,1.250006,0.0365537973362281,0.120334448134745,76.0,0,0.9938251218462586,1.102992125984252,0.9892915044558505,0.20745721777733378,0.15770899489930187
3929.0,-1.121452,20.921176,-2.152866,22.140666,0.113437,0.064666,0.063283,0.0013829999999999,0.0487709999999999,0.0501539999999999,1.117992,0.0283564340195193,0.130905892864877,77.0,0,1.0038730597171746,0.8711811023621417,1.0072594719069785,0.23971564339513401,0.1615129223864218
3930.0,-1.117383,20.928002,-2.14696,22.14316,0.113355,0.064314,0.063173,0.0011409999999999,0.049041,0.0501819999999999,1.103847,0.0232657721952609,0.2869291851390457,78.0,0,1.0044335024669468,0.7187401574802519,1.0128357376676762,0.1063678951952558,0.17582898793061474
3931.0,-1.126177,20.920389,-2.154047,22.139091,0.112794,0.064965,0.063126,0.0018389999999999,0.047829,0.049668,1.084988,0.0384486723813504,0.1784103237663417,79.0,0,0.9941453748461284,1.1584251968503307,0.9878045002529984,0.17115889919567917,0.17236000999225515
3932.0,-1.116202,20.921045,-2.144597,22.139091,0.113538,0.064824,0.063477,0.001347,0.0487139999999999,0.0500609999999999,1.009551,0.0276506209586369,0.1525383016342438,80.0,0,1.0020115891554309,0.8485039370078741,1.0060822602463875,0.2280423169430315,0.16301450056110647
3933.0,-1.111871,20.909494,-2.146041,22.136071,0.112712,0.064913,0.063105,0.001808,0.047799,0.049607,1.127421,0.0378242677824268,0.159272996519233,81.0,0,0.9929244102841245,1.1388976377952755,0.9871849151684766,0.1851949109165153,0.17611374968911084
3934.0,-1.103339,20.918814,-2.149191,22.13384,0.113226,0.064446,0.06301,0.001436,0.0487799999999999,0.050216,1.183999,0.0294376909042456,0.0977665359849502,82.0,0,1.0051140400916725,0.9045669291338583,1.007445347432335,0.24575829682970451,0.16846366593222256
3935.0,-1.091001,20.918551,-2.140922,22.13594,0.112702,0.064293,0.063351,0.0009419999999999,0.0484089999999999,0.0493509999999999,1.320729,0.0194587895063003,0.4036090969595386,83.0,0,0.9878003622862042,0.5933858267715906,0.9997831452204163,0.059967266431162125,0.16291035005616133
3936.0,-1.095201,20.920389,-2.147747,22.131083,0.113198,0.064551,0.063388,0.0011629999999999,0.0486469999999999,0.0498099999999999,1.141566,0.0239064298635092,0.2672937188536088,84.0,0,0.9969876202199719,0.7325984251967874,1.0046985202242888,0.11685959487212816,0.16442317143624624
3937.0,-1.083126,20.918551,-2.148928,22.12767,0.112307,0.063947,0.062154,0.001793,0.04836,0.050153,0.962403,0.0370753292942661,0.1363188399345529,85.0,0,1.0038530439046849,1.129448818897638,0.998771156249033,0.20061545533516423,0.15999096418302666
3938.0,-1.079057,20.918945,-2.14906,22.128851,0.114301,0.065286,0.063141,0.0021449999999999,0.049015,0.05116,1.117992,0.0437612208258526,0.3412342015433749,86.0,0,1.0240089670839962,1.3511811023621418,1.0122987639277574,0.1309563802084508,0.1631665010769327
3939.0,-1.079713,20.918814,-2.147222,22.13082,0.113768,0.064939,0.063115,0.0018239999999999,0.048829,0.0506529999999999,0.858677,0.0373540856031126,0.1448624200327606,87.0,0,1.013860950150617,1.148976377952693,1.0084573364037226,0.18418248463452175,0.1657257546742167
3940.0,-1.074463,20.909625,-2.144335,22.124651,0.112519,0.063773,0.062601,0.0011719999999999,0.048746,0.0499179999999999,0.839818,0.0240425051798057,0.2631231572294473,88.0,0,0.9991493279690936,0.73826771653537,1.0067431510032125,0.12149610899610497,0.16364433495887748
3941.0,-1.067113,20.911069,-2.140922,22.120712,0.112528,0.064109,0.062926,0.001183,0.048419,0.049602,1.122707,0.0244320528707146,0.251183940810911,89.0,0,0.9928243312216651,0.7451968503937009,0.9999896735819256,0.12683682666348306,0.15438707326850032
3942.0,-1.064882,20.911463,-2.144991,22.125832,0.112583,0.064309,0.062884,0.001425,0.048274,0.049699,1.193429,0.0295183842568619,0.0952933717924601,90.0,0,0.9947658650333764,0.8976377952755906,0.9969950123400706,0.2597976858820922,0.1655746021969029
3943.0,-1.059894,20.915532,-2.137116,22.121106,0.113667,0.065165,0.063425,0.00174,0.048502,0.050242,0.971833,0.0358740696451767,0.0995015278055257,91.0,0,1.005634451216461,1.0960629921259843,1.0017038589824359,0.2107874468893552,0.16600748528614692
3944.0,-1.051494,20.91737,-2.140397,22.121369,0.113502,0.06475,0.063099,0.0016509999999999,0.048752,0.050403,1.108562,0.0338645826923471,0.0379129208647894,92.0,0,1.008856997027652,1.039999999999937,1.0068670680201168,0.2249440996763123,0.16766818725036797
3945.0,-1.045587,20.913826,-2.12806,22.118743,0.113915,0.064424,0.063882,0.000542,0.049491,0.050033,1.150995,0.010951264850885,0.6643555483376855,93.0,0,1.0014511464056606,0.34141732283464565,1.0221295139355022,-0.03260535047260937,0.1748407797409562
3946.0,-1.049656,20.919076,-2.142366,22.119662,0.112739,0.063931,0.062301,0.0016299999999999,0.048808,0.050438,1.17457,0.0333954803417402,0.0235354399630991,94.0,0,1.0095575504648673,1.026771653543244,1.0080236268445575,0.22873488415615373,0.1865795549569572
3947.0,-1.049525,20.913563,-2.128847,22.116512,0.112702,0.064876,0.063162,0.001714,0.0478259999999999,0.04954,0.976548,0.0358374976477723,0.0983806355449397,95.0,0,0.9915833508471693,1.0796850393700788,0.9877425417445441,0.20494428622760458,0.18589788402199364
3948.0,-1.053856,20.915926,-2.130947,22.115199,0.112638,0.063731,0.062506,0.0012249999999999,0.048907,0.0501319999999999,1.075559,0.0250470270712355,0.232335645099787,96.0,0,1.0034327118423534,0.7716535433070236,1.0100682576234792,0.14756339985066125,0.1827308089709909
3949.0,-1.037318,20.916451,-2.128191,22.117037,0.112987,0.064419,0.062921,0.0014979999999999,0.048568,0.050066,1.094418,0.0308427186065185,0.0547039528841829,97.0,0,1.002111668217892,0.9436220472440315,1.0030669461683837,0.25590840954040417,0.17580753417448527
3950.0,-1.036268,20.919601,-2.124647,22.113361,0.113134,0.064288,0.06279,0.0014979999999999,0.048846,0.050344,1.202858,0.0306671852928531,0.0600838595539517,98.0,0,1.0076760640906317,0.9436220472440315,1.008808434618285,0.2388838611561147,0.17498120674101653
3951.0,-1.033512,20.910938,-2.124122,22.102072,0.112868,0.064477,0.06333,0.001147,0.0483909999999999,0.049538,0.971833,0.0237022648371633,0.2735511566244566,99.0,0,0.9915433192221855,0.7225196850393701,0.9994113941697034,0.12002011731384787,0.17994426498417046
3952.0,-1.027474,20.910019,-2.127272,22.098396,0.113107,0.064698,0.063378,0.00132,0.0484089999999999,0.0497289999999999,1.183999,0.0272670935757075,0.1642930021089051,100.0,0,0.9953663394081305,0.831496062992126,0.9997831452204163,0.22812693537206458,0.18280174256815157
3953.0,-1.023405,20.913432,-2.120841,22.102203,0.112932,0.064057,0.062837,0.0012199999999999,0.048875,0.050095,1.009551,0.0249611261150666,0.2349684167223499,101.0,0,1.0026921267801563,0.768503937007811,1.009407366866656,0.14155469892429895,0.18795102158614044
3954.0,-1.018549,20.922489,-2.116641,22.10601,0.113529,0.064382,0.062968,0.0014139999999999,0.049147,0.050561,1.080273,0.0287702449743631,0.1182230335859159,102.0,0,1.0120194954013673,0.8907086614172598,1.0150249382996532,0.21668082534162492,0.19449865258906404
3955.0,-1.012249,20.911463,-2.112179,22.09367,0.111977,0.063789,0.063063,0.000726,0.0481879999999999,0.048914,0.905825,0.0150656788893731,0.5382531973614424,103.0,0,0.9790534522272596,0.4573228346456693,0.9952188684311063,0.0170252319589298,0.18207243254160468
3956.0,-1.015005,20.914351,-2.120054,22.100496,0.111848,0.063521,0.062118,0.0014029999999999,0.048327,0.04973,1.146281,0.02903078960437,0.1102376217944037,104.0,0,0.9953863552206244,0.8837795275589921,0.9980896126560591,0.25730965999596483,0.1724237713259443
3957.0,-1.007655,20.912776,-2.122679,22.096558,0.11262,0.064761,0.063336,0.0014249999999999,0.047859,0.0492839999999999,1.04727,0.0297743418303383,0.0874485483343384,105.0,0,0.9864593028492489,0.8976377952755277,0.98842408533752,0.2564370764074932,0.1815584468198435
3958.0,-1.009886,20.912382,-2.108373,22.096427,0.112831,0.064372,0.062632,0.00174,0.048459,0.050199,0.877537,0.0359059017746596,0.1004771482284649,106.0,0,1.0047737712793108,1.0960629921259843,1.0008157870279548,0.21303970987989745,0.17585951275281922
3959.0,-1.00293,20.917107,-2.113097,22.089732,0.112813,0.065018,0.062884,0.002134,0.0477949999999999,0.049929,1.146281,0.0446480877060844,0.3684157145253026,107.0,0,0.9993695019065062,1.3442519685039371,0.9871023038238715,0.1316462090658106,0.162951990140403
3960.0,-0.994136,20.905687,-2.108766,22.088944,0.113814,0.065548,0.063472,0.0020759999999999,0.048266,0.050342,1.245292,0.0430107526881719,0.3182331628513435,108.0,0,1.007636032465648,1.3077165354330078,0.9968297896508649,0.14239724899951112,0.1674194074023882
3961.0,-0.990723,20.926558,-2.105485,22.083956,0.112767,0.064519,0.062763,0.001756,0.048248,0.050004,0.938829,0.0363945366743353,0.1154532806842045,109.0,0,1.0008706878433964,1.1061417322834646,0.9964580386001518,0.2113668722528398,0.1880515736582073
3962.0,-0.987704,20.909625,-2.106666,22.08028,0.112509,0.064372,0.062501,0.0018709999999999,0.048137,0.050008,0.948259,0.0388674228260417,0.1912445730795975,110.0,0,1.0009507510933637,1.1785826771652914,0.9941655737874214,0.17113759470182155,0.18274391703103396
3963.0,-0.989542,20.915532,-2.095248,22.081987,0.113254,0.065349,0.062643,0.002706,0.0479049999999999,0.0506109999999999,0.952974,0.056485617667933,0.7312232355907633,111.0,0,1.0130202860259585,1.7045669291338583,0.9893741158004513,0.012479472800136948,0.17286345888645843
3964.0,-0.986917,20.914876,-2.094723,22.081724,0.112656,0.064729,0.063267,0.0014619999999999,0.047927,0.049389,1.127421,0.0305040894675344,0.0650825706254949,112.0,0,0.9885609631608971,0.9209448818897008,0.9898284781957692,0.2613549979614767,0.1648645041103569
3965.0,-0.978516,20.920258,-2.100366,22.082249,0.113226,0.064435,0.063094,0.001341,0.0487909999999999,0.0501319999999999,0.872822,0.0274840137727498,0.1576446321185789,113.0,0,1.0034327118423534,0.8447244094488189,1.007672528629993,0.2233468945171207,0.16042353781614085
3966.0,-0.977729,20.914088,-2.100629,22.073323,0.11261,0.064572,0.062816,0.001756,0.048038,0.049794,1.051984,0.0365536335061097,0.1203294269183827,114.0,0,0.9966673672201039,1.1061417322834646,0.9921209430084996,0.2042330937242316,0.15746367862768618
3967.0,-0.971429,20.914351,-2.089998,22.079755,0.112124,0.064372,0.06249,0.001882,0.047752,0.049634,1.160425,0.0394111364731011,0.2079088097146779,115.0,0,0.9934648372214049,1.185511811023622,0.9862142318693926,0.15763249496173792,0.16129337146472011
3968.0,-0.967885,20.914876,-2.091704,22.079886,0.112087,0.064146,0.062013,0.0021329999999999,0.047941,0.050074,1.132136,0.0444912602728295,0.3636091229071498,116.0,0,1.0022717947178272,1.3436220472440317,0.9901176179018794,0.1330501621188822,0.1561983135070618
3969.0,-0.955153,20.910938,-2.081466,22.082774,0.113419,0.065532,0.063099,0.002433,0.047887,0.05032,0.830388,0.0508060474440361,0.5571505362784626,117.0,0,1.0071956845908268,1.5325984251968503,0.9890023647497402,0.08723654612365006,0.1740680712310797
3970.0,-0.952397,20.916188,-2.086979,22.079493,0.112748,0.064199,0.063052,0.001147,0.0485489999999999,0.049696,1.150995,0.0236251287332648,0.2759152949818889,118.0,0,0.9947058175959007,0.7225196850393701,1.0026745422815178,0.1127986571149645,0.1732254330430925
3971.0,-0.951872,20.909232,-2.093673,22.078967,0.113217,0.064598,0.062979,0.001619,0.0486189999999999,0.050238,1.066129,0.0332990538872893,0.0205800731748249,119.0,0,1.0055543879664934,1.0198425196850394,1.0041202408120684,0.249663800623179,0.16771072989860453
3972.0,-0.948328,20.907525,-2.090129,22.074635,0.112776,0.06464,0.062343,0.002297,0.048136,0.050433,1.146281,0.0477179716226603,0.4625043442750258,120.0,0,1.0094574714024078,1.4469291338582677,0.9941449209512706,0.12018701512523844,0.1623251168505607
3973.0,-0.943996,20.911594,-2.087241,22.075948,0.112757,0.064608,0.062795,0.0018129999999999,0.048149,0.0499619999999999,1.113277,0.0376531671858773,0.154028947846325,121.0,0,1.0000300237187358,1.1420472440944252,0.99441340782123,0.19117705004031577,0.16775151780470138
3974.0,-0.935465,20.917764,-2.086323,22.078311,0.112271,0.064482,0.063063,0.001419,0.047789,0.049208,0.990692,0.0296924042686755,0.0899598461916501,122.0,0,0.984938101099869,0.8938582677165354,0.9869783868069693,0.2529286160816048,0.17883047830269252
3975.0,-0.930608,20.913826,-2.086848,22.075948,0.113483,0.064839,0.062952,0.0018869999999999,0.048644,0.050531,1.023696,0.038791242676534,0.1889097336928034,123.0,0,1.011419021026611,1.1886614173227716,1.0046365617158386,0.1681998630722411,0.17784638126217547
3976.0,-0.922733,20.910544,-2.085666,22.077655,0.113456,0.06485,0.062895,0.0019549999999999,0.0486059999999999,0.0505609999999999,1.108562,0.0402205443660377,0.2327162883114442,124.0,0,1.012019495401365,1.231496062992063,1.003851753942109,0.15037696324379335,0.1787894906682249
3977.0,-0.916827,20.914745,-2.074904,22.078311,0.112335,0.063553,0.062238,0.0013149999999999,0.048782,0.050097,1.009551,0.0269561117602442,0.1738242592147619,125.0,0,1.00273215840514,0.8283464566928505,1.0074866531046387,0.21189650450314435,0.17735185211383464
3978.0,-0.90777,20.913826,-2.077529,22.070435,0.112776,0.064382,0.062737,0.0016449999999999,0.048394,0.050039,1.122707,0.033991114784585,0.0417909929683464,126.0,0,1.0015712412806117,1.036220472440882,0.9994733526781576,0.24383976709879374,0.1811960531298719
3979.0,-0.915908,20.910675,-2.088685,22.07096,0.114034,0.065144,0.064118,0.0010259999999999,0.04889,0.049916,0.962403,0.0209854574461557,0.3568183718222693,127.0,0,0.9991092963441119,0.6462992125983622,1.009717159408917,0.07739557571847977,0.18174786765390233
3980.0,-0.911183,20.898993,-2.074248,22.074635,0.112032,0.064566,0.062448,0.002118,0.047466,0.049584,1.146281,0.0446204731708345,0.3675693588149737,128.0,0,0.9924640465968115,1.334173228346457,0.9803075207302854,0.12222975117545853,0.17726954950970683
3981.0,-0.900682,20.912119,-2.07136,22.064396,0.113263,0.064377,0.062805,0.001572,0.048886,0.050458,0.976548,0.0321557878372574,0.0144597977160798,129.0,0,1.0099578667147047,0.990236220472441,1.009634548064314,0.23528741507927653,0.17858139353514968
3982.0,-0.889001,20.912907,-2.070835,22.071222,0.112206,0.064424,0.062548,0.0018759999999999,0.047782,0.0496579999999999,1.009551,0.039260824979595,0.2033019246193597,130.0,0,0.9939452167212077,1.181732283464504,0.9868338169539143,0.15862902528561085,0.1884919398429107
3983.0,-0.88887,20.910019,-2.073067,22.068334,0.112748,0.063847,0.062081,0.001766,0.048901,0.050667,1.127421,0.0361130424113533,0.1068257852459,131.0,0,1.014141171525505,1.1124409448818897,1.009944340606575,0.1966951952806204,0.1729747230504603
3984.0,-0.892807,20.9028,-2.069654,22.068334,0.112987,0.065244,0.063955,0.0012889999999999,0.047743,0.049032,1.02841,0.026998156836461,0.1725356229938278,132.0,0,0.9814153181013,0.811968503936945,0.986028356344036,0.20814543463964974,0.17409666341311825
3985.0,-0.885063,20.911594,-2.068604,22.070041,0.112666,0.064141,0.062301,0.00184,0.048525,0.050365,1.198144,0.0379178172526068,0.1621401868437677,133.0,0,1.008096396152961,1.1590551181102362,1.0021788742139024,0.1813183033266696,0.17724417258852876
3986.0,-0.879157,20.914745,-2.06716,22.068597,0.112656,0.064136,0.062669,0.0014669999999999,0.04852,0.049987,0.811529,0.0302343315265554,0.0733503604574739,134.0,0,1.0005304190310345,0.9240944881889135,1.002075610033149,0.24948242632140333,0.1726237744960495
3987.0,-0.874694,20.908838,-2.067817,22.066496,0.11148,0.063721,0.062805,0.000916,0.0477589999999999,0.0486749999999999,1.301869,0.019179229480737,0.4121773101079324,135.0,0,0.974269673041701,0.577007874015748,0.9863588017224455,0.05672433657864051,0.1643707134357625
3988.0,-0.866163,20.914351,-2.057185,22.061377,0.11295,0.064409,0.062884,0.0015249999999999,0.048541,0.050066,0.976548,0.0314160932800461,0.0371306377910256,136.0,0,1.002111668217892,0.9606299212597795,1.002509319592314,0.2550591707253731,0.1745800482327466
3989.0,-0.856712,20.909888,-2.058892,22.061377,0.11341,0.064393,0.063246,0.001147,0.0490169999999999,0.050164,1.094418,0.0233995675058143,0.2828285032308684,137.0,0,1.0040732178420952,0.7225196850393701,1.0123400696000568,0.10887066747258478,0.1741425049359029
3990.0,-0.857631,20.9091,-2.054823,22.061902,0.113088,0.064298,0.063262,0.0010359999999999,0.04879,0.0498259999999999,1.061414,0.0212334241970854,0.349218458453398,138.0,0,0.9973078732198417,0.6525984251967875,1.0076518757938444,0.07602577025066592,0.17950873007231127
3991.0,-0.847524,20.913694,-2.054692,22.061508,0.112408,0.064545,0.062601,0.001944,0.0478629999999999,0.0498069999999999,0.934114,0.0406150760488049,0.2448082587028923,139.0,0,0.9969275727824962,1.2245669291338583,0.9885066966821209,0.15275680447640672,0.18730012711962996
3992.0,-0.848706,20.904637,-2.047473,22.065578,0.112399,0.064204,0.062601,0.0016029999999999,0.048195,0.0497979999999999,1.141566,0.033260021578554,0.0193837750265328,140.0,0,0.9967474304700693,1.009763779527496,0.9953634382841635,0.260722373255452,0.18458366021288253
3993.0,-0.837418,20.904506,-2.047473,22.070303,0.112197,0.064241,0.062979,0.001262,0.047956,0.049218,1.070844,0.0263152407364933,0.1934662646161519,141.0,0,0.9851382592247876,0.7949606299212599,0.9904274104441403,0.19231976231218323,0.19722438942735815
3994.0,-0.835974,20.906475,-2.048654,22.066496,0.113189,0.064934,0.063441,0.001493,0.0482549999999999,0.049748,1.188714,0.0309391578249338,0.0517481948941699,142.0,0,0.995746639845478,0.9404724409448819,0.9966026084532049,0.26180768600373344,0.19640935752778216
3995.0,-0.83453,20.904769,-2.047604,22.073848,0.111866,0.063653,0.062181,0.001472,0.0482129999999999,0.0496849999999999,1.075559,0.0305305512921558,0.0642715442521976,143.0,0,0.9944856436584883,0.927244094488189,0.9957351893348745,0.25923227379985647,0.20284367376152201
3996.0,-0.82718,20.911463,-2.031986,22.070041,0.112831,0.064004,0.06237,0.001634,0.0488269999999999,0.050461,1.004836,0.0334644056688785,0.0256479268719631,144.0,0,1.0100179141521803,1.0292913385826772,1.0084160307314192,0.22231775725392927,0.21077164635256765
3997.0,-0.824292,20.906606,-2.038023,22.065446,0.113924,0.064939,0.063131,0.0018079999999999,0.048985,0.0507929999999999,0.688944,0.0369085044706648,0.1312058390891055,145.0,0,1.0166631638994788,1.1388976377952127,1.0116791788432358,0.18313162872339683,0.21754514447259501
3998.0,-0.82613,20.904637,-2.036317,22.068991,0.113281,0.065622,0.064275,0.001347,0.047659,0.049006,1.009551,0.0282626940830885,0.1337789207744901,146.0,0,0.9808949069765115,0.8485039370078741,0.9842935181073751,0.2469088517296129,0.210400282976192
3999.0,-0.820092,20.906081,-2.032773,22.068334,0.112519,0.064766,0.062942,0.001824,0.0477529999999999,0.0495769999999999,1.056699,0.0381957532353312,0.1706586248314303,147.0,0,0.9923239359093664,1.148976377952756,0.9862348847055412,0.17321382980998362,0.20117794619875076
4000.0,-0.813792,20.898731,-2.031592,22.066628,0.112656,0.064446,0.06248,0.001966,0.04821,0.050176,1.009551,0.0407790753147622,0.2498346592552265,148.0,0,1.0043134075919977,1.2384251968503937,0.9956732308264243,0.15530549616112188,0.1853064386609445
4001.0,-0.805786,20.905425,-2.029361,22.068466,0.112022,0.063721,0.061997,0.001724,0.048301,0.050025,1.023696,0.0356921038466316,0.0939244724146131,149.0,0,1.0012910199057257,1.0859842519685041,0.9975526389161401,0.22049178567668054,0.18082754042996446
4002.0,-0.798435,20.9049,-2.029098,22.064396,0.112289,0.064325,0.063073,0.0012519999999999,0.047964,0.0492159999999999,0.872822,0.0261023663087665,0.1999906361421969,150.0,0,0.9850982275998018,0.7886614173227716,0.9905926331333461,0.18927375829142212,0.1695357518046475
4003.0,-0.795023,20.90805,-2.023454,22.066103,0.11273,0.063983,0.0629,0.001083,0.048747,0.04983,1.056699,0.0222162960531714,0.3190944965474229,151.0,0,0.9973879364698112,0.6822047244094488,1.0067638038393634,0.10009639453777042,0.16839501279118144
4004.0,-0.793841,20.906344,-2.019386,22.061114,0.112068,0.064109,0.061729,0.00238,0.047959,0.050339,0.684229,0.0496246872393661,0.5209431206501103,152.0,0,1.0075759850281722,1.499212598425197,0.9904893689525925,0.10309261062567121,0.1628394071031015
4005.0,-0.801192,20.903325,-2.019648,22.061771,0.112463,0.064052,0.062312,0.0017399999999999,0.0484109999999999,0.0501509999999999,1.018981,0.0359415021069156,0.1015682600006446,153.0,0,1.0038130122796989,1.0960629921259213,0.9998244508927178,0.2144432914900558,0.16283666862518947
4006.0,-0.792923,20.901487,-2.019779,22.05652,0.111683,0.063915,0.062816,0.001099,0.047768,0.048867,1.150995,0.0230065523665976,0.2948739931987901,154.0,0,0.9781127090401418,0.6922834645669291,0.986544677247804,0.10939987100075954,0.1538169380851889
4007.0,-0.784654,20.912251,-2.015579,22.05245,0.113208,0.064902,0.063672,0.0012299999999999,0.048306,0.049536,1.15571,0.0254621483428901,0.21961262602436,155.0,0,0.9915032875972017,0.7748031496062363,0.9976559030968939,0.17172423858873626,0.14104619391260068
4008.0,-0.785441,20.912513,-2.012429,22.056257,0.111343,0.062891,0.061619,0.001272,0.0484519999999999,0.049724,1.042555,0.0262522444430685,0.1953970330389075,156.0,0,0.9952662603456731,0.801259842519685,1.0006712171748975,0.19135279484881368,0.14583878897796315
4009.0,-0.773103,20.907131,-2.00403,22.047724,0.112537,0.064635,0.0628,0.001835,0.047902,0.049737,1.018981,0.0383065778761247,0.1740552804959869,157.0,0,0.9955264659080675,1.1559055118110237,0.9893121572920012,0.17318644503086328,0.14916386565190734
4010.0,-0.778091,20.906606,-1.997861,22.048906,0.113263,0.065847,0.063351,0.0024959999999999,0.047416,0.049912,1.17457,0.0526393487567749,0.6133392434483269,158.0,0,0.9990292330941444,1.5722834645668664,0.9792748789227491,0.06510819076111618,0.1579842566609972
4011.0,-0.771791,20.905162,-2.001536,22.046805,0.113061,0.064472,0.063409,0.001063,0.0485889999999999,0.049652,1.089703,0.0218769294093436,0.329495718016452,159.0,0,0.9938251218462586,0.6696062992125984,1.0035006557275468,0.09278434395079815,0.15381997612934978
4012.0,-0.767853,20.907525,-1.995498,22.041161,0.113272,0.064829,0.063162,0.001667,0.048443,0.05011,0.764381,0.0344108661547354,0.0546559195669609,160.0,0,1.0029923639675344,1.0500787401574805,1.0004853416495432,0.23719970894504705,0.16246426001495395
4013.0,-0.755909,20.912119,-1.99248,22.038798,0.113897,0.064892,0.062847,0.002045,0.0490049999999999,0.05105,0.91997,0.0417295841325553,0.2789667289560671,161.0,0,1.0218072277098909,1.2881889763779528,1.0120922355662483,0.13334716127721224,0.16356199611441752
4014.0,-0.750265,20.898862,-1.993792,22.034728,0.113502,0.064509,0.062816,0.001693,0.048993,0.050686,1.108562,0.0345552516634689,0.0590811796229218,162.0,0,1.0145214719628508,1.0664566929133859,1.0118444015324415,0.19129652071656983,0.17061255917000903
4015.0,-0.752628,20.905819,-1.987755,22.035122,0.11261,0.064251,0.063015,0.001236,0.048359,0.049595,0.901111,0.0255583126550868,0.2166652936133334,163.0,0,0.9926842205342221,0.7785826771653543,0.9987505034128822,0.17280048617358157,0.1542137848916424
4016.0,-0.747771,20.901618,-1.982505,22.032234,0.112032,0.064314,0.062585,0.0017289999999999,0.047718,0.049447,1.122707,0.0362329470441541,0.1105007328684974,164.0,0,0.9897218802854255,1.0891338582676537,0.985512035440268,0.1958427098568013,0.17189682641327714
4017.0,-0.741077,20.898206,-1.982373,22.02764,0.113529,0.065086,0.06322,0.001866,0.048443,0.050309,1.042555,0.0385187020064405,0.1805566562159291,165.0,0,1.0069755106534162,1.1754330708661418,1.0004853416495432,0.18270159958337173,0.18427101883815986
4018.0,-0.737665,20.90595,-1.97883,22.028952,0.112344,0.064367,0.062842,0.0015249999999999,0.047977,0.049502,1.061414,0.0317854016424194,0.0258117349546036,166.0,0,0.9908227499724782,0.9606299212597795,0.9908611200033055,0.2618584254047288,0.17364378896250288
4019.0,-0.731889,20.902668,-1.978173,22.024358,0.1125,0.063763,0.063,0.0007629999999999,0.048737,0.0495,1.160425,0.0156551356231277,0.5201869844742875,167.0,0,0.9907827183474947,0.48062992125977955,1.006557275477856,0.009198702247196988,0.18106098954671074
4020.0,-0.740815,20.907919,-1.971874,22.020813,0.11149,0.064036,0.062559,0.0014769999999999,0.047454,0.048931,0.924685,0.0311242229480558,0.0460761485490313,168.0,0,0.9793937210396214,0.9303937007873386,0.9800596866964767,0.24193860597746386,0.18779147015447092
4021.0,-0.730183,20.905162,-1.967017,22.021995,0.111278,0.063983,0.062406,0.0015769999999999,0.047295,0.048872,1.259436,0.0333432002706358,0.02193311219205,169.0,0,0.978212788102601,0.9933858267715907,0.9767758857485114,0.21652626819962528,0.1897300825157672
4022.0,-0.728214,20.90175,-1.966624,22.018713,0.112206,0.06485,0.062916,0.001934,0.0473559999999999,0.04929,1.122707,0.0408387355617966,0.2516631814555907,170.0,0,0.9865793977242022,1.2182677165354332,0.9780357087537035,0.1309274101884772,0.1832747545046928
4023.0,-0.72152,20.908444,-1.96413,22.018713,0.113143,0.064787,0.063026,0.0017609999999999,0.0483559999999999,0.0501169999999999,1.391451,0.0364166511570196,0.116131065717753,171.0,0,1.0031324746549755,1.1092913385826142,0.9986885449044279,0.20751916711929058,0.17814532546297235
4024.0,-0.711283,20.908181,-1.96413,22.010837,0.111609,0.063674,0.06227,0.0014039999999999,0.047935,0.049339,1.264151,0.0292890520694258,0.1023221558962703,172.0,0,0.9875601725363038,0.8844094488188347,0.9899937008849751,0.25860132679417214,0.1771866361125697
4025.0,-0.719027,20.905556,-1.964786,22.012674,0.11318,0.065522,0.063761,0.0017609999999999,0.047658,0.049419,1.099133,0.0369499989508801,0.1324776001366661,173.0,0,0.9891614375356531,1.1092913385826142,0.9842728652712244,0.192186609786544,0.20247754186929753
4026.0,-0.708264,20.903194,-1.95258,22.002435,0.113208,0.064614,0.06342,0.001194,0.048594,0.049788,1.02841,0.0245704290564873,0.2469428600198613,174.0,0,0.9965472723451527,0.7521259842519685,1.0036039199083024,0.13128942974605728,0.2038117558782258
4027.0,-0.703407,20.908707,-1.94838,22.004667,0.112197,0.064403,0.06227,0.002133,0.047794,0.049927,1.207573,0.0446280991735537,0.3678030875701392,175.0,0,0.9993294702815224,1.3436220472440945,0.987081650987723,0.13140730916616739,0.19238945712251393
4028.0,-0.698682,20.90175,-1.94418,22.003354,0.113015,0.064556,0.063178,0.001378,0.048459,0.049837,1.240577,0.0284358233594718,0.1284726952535489,176.0,0,0.9975280471572543,0.8680314960629922,1.0008157870279548,0.2522715319007024,0.19384446462646995
4029.0,-0.698945,20.905556,-1.942342,22.004667,0.112877,0.064887,0.063388,0.001499,0.04799,0.049489,1.066129,0.0312350232335229,0.042680239348952,177.0,0,0.990562544410084,0.944251968503937,0.9911296068732649,0.26210775981447504,0.18729914791000152
4030.0,-0.693301,20.903456,-1.951792,22.000072,0.112987,0.064997,0.06363,0.0013669999999999,0.04799,0.049357,0.929399,0.0284845075118249,0.1269805785123577,178.0,0,0.9879204571611573,0.8611023622046614,0.9911296068732649,0.2552807460667468,0.18468663663792023
4031.0,-0.686607,20.903981,-1.94208,22.00191,0.113079,0.064125,0.06301,0.001115,0.048954,0.050069,1.004836,0.0227760187927689,0.3019395984992797,179.0,0,1.0021717156553678,0.7023622047244096,1.0110389409225633,0.10230328064250649,0.18623672015715584
4032.0,-0.696976,20.904375,-1.934861,22.003879,0.112675,0.064078,0.062863,0.0012149999999999,0.048597,0.0498119999999999,1.160425,0.0250010288489236,0.2337454409832338,180.0,0,0.9970276518449556,0.7653543307085985,1.0036658784167547,0.1454774852280375,0.17914135481684598
4033.0,-0.688051,20.908575,-1.934468,22.006111,0.113502,0.064062,0.062821,0.0012409999999999,0.04944,0.050681,0.839818,0.0251006249873585,0.2306929268008256,181.0,0,1.0144213929003913,0.781732283464504,1.0210762192918152,0.14206599995460611,0.19192002049310344
4034.0,-0.681619,20.908181,-1.92318,22.004404,0.111885,0.064246,0.062685,0.0015609999999999,0.047639,0.0491999999999999,1.127421,0.0327665827036102,0.0042604059121418,182.0,0,0.9847779745999319,0.9833070866141103,0.9838804613843607,0.23247621407335917,0.18680133199780266
4035.0,-0.678206,20.902537,-1.91478,22.005717,0.112004,0.064792,0.063257,0.001535,0.047212,0.048747,1.070844,0.0325122318005635,0.0035351748308458,183.0,0,0.9757108115411175,0.9669291338582677,0.9750617003480012,0.20768744497890024,0.17141104100751575
4036.0,-0.671512,20.896237,-1.919899,22.003748,0.114586,0.065522,0.064527,0.0009949999999999,0.0490639999999999,0.0500589999999999,1.056699,0.0202792214409456,0.3784637433789416,184.0,0,1.001971557530447,0.6267716535432442,1.013310752899141,0.060335776342958725,0.16063400341382877
4037.0,-0.674269,20.898599,-1.916749,22.007686,0.112638,0.064419,0.063015,0.001404,0.048219,0.049623,1.160425,0.0291165491497304,0.1076091842605433,185.0,0,0.9932446632839944,0.8844094488188977,0.9958591063517808,0.2591939659287418,0.1607623527306081
4038.0,-0.669937,20.898993,-1.917274,22.004404,0.112206,0.064545,0.062837,0.001708,0.0476609999999999,0.0493689999999999,1.080273,0.0358356762200495,0.0983248107504908,186.0,0,0.9881606469110578,1.0759055118110237,0.9843348237796745,0.201084646947695,0.14552192205408626
4039.0,-0.667575,20.898468,-1.912155,22.006242,0.11284,0.064629,0.063525,0.001104,0.0482109999999999,0.049315,1.000122,0.0228988633535221,0.2981745452570186,187.0,0,0.9870797930364988,0.6954330708661417,0.9956938836625729,0.10820484991160562,0.15743341931511576
4040.0,-0.666656,20.908969,-1.914911,22.012412,0.112886,0.064897,0.062952,0.001945,0.047989,0.049934,1.183999,0.0405292769326943,0.242178608368234,188.0,0,0.9994695809689655,1.2251968503937007,0.9911089540371142,0.1475103701298769,0.15812146442559216
4041.0,-0.656418,20.904506,-1.902443,22.009918,0.112693,0.064503,0.063414,0.001089,0.04819,0.049279,1.094418,0.022597580461082,0.3074085408369991,189.0,0,0.9863592237867916,0.6859842519685039,0.9952601741034097,0.10358677381030013,0.15578687721483447
4042.0,-0.655499,20.897024,-1.900737,22.014381,0.11296,0.063989,0.063262,0.000727,0.048971,0.049698,0.929399,0.0148452176754064,0.545010095699874,190.0,0,0.9947458492208845,0.4579527559055118,1.0113900391371256,-0.006926821537181049,0.15693098343601586
4043.0,-0.650643,20.902931,-1.89798,22.015694,0.113143,0.064976,0.063519,0.001457,0.0481669999999999,0.0496239999999999,1.04727,0.0302482976249792,0.0729223146096972,191.0,0,0.9932646790964842,0.9177952755905512,0.9947851588719411,0.26118097256490114,0.1433250056788261
4044.0,-0.655631,20.894924,-1.900737,22.013462,0.112565,0.06434,0.062674,0.001666,0.048225,0.049891,1.160425,0.0345456807531207,0.0587878415474125,192.0,0,0.9986089010318151,1.0494488188976379,0.995983023368685,0.2393566651781232,0.14282585571840206
4045.0,-0.644999,20.900962,-1.891418,22.0174,0.112004,0.064283,0.063047,0.001236,0.047721,0.048957,1.108562,0.0259000041909392,0.2061928167122251,193.0,0,0.9799141321644099,0.7785826771653543,0.98557399394872,0.18434157287132324,0.14408922055747636
4046.0,-0.641586,20.906738,-1.893387,22.012281,0.113639,0.065763,0.063241,0.0025219999999999,0.047876,0.050398,1.160425,0.0526766505837875,0.6144825041989452,194.0,0,1.0087569179651925,1.5886614173227718,0.9887751835520824,0.07177683855477268,0.12960899193326889
4047.0,-0.636599,20.905031,-1.882755,22.02042,0.112206,0.064682,0.062501,0.002181,0.047524,0.049705,1.344303,0.0458916359810626,0.4065291274099294,195.0,0,0.9948859599083276,1.3738582677165356,0.9815053852270272,0.12313418835684431,0.1273062171772707
4048.0,-0.631874,20.905556,-1.880393,22.018319,0.113401,0.064608,0.063315,0.001293,0.048793,0.050086,1.051984,0.026499159732754,0.1878293458226834,196.0,0,1.0025119844677295,0.8144881889763781,1.0077138343022967,0.1960931473434545,0.13071148594651466
4049.0,-0.627936,20.90385,-1.872649,22.019238,0.113639,0.064477,0.063294,0.001183,0.049162,0.050345,0.948259,0.0240628114639058,0.2625007915315237,197.0,0,1.0076960799031236,0.7451968503937009,1.0153347308419138,0.12083849830234872,0.11926479410372584
4050.0,-0.626624,20.906475,-1.874487,22.016219,0.111857,0.063815,0.063168,0.0006469999999999,0.048042,0.0486889999999999,1.179284,0.0134671023874444,0.5872478423395304,198.0,0,0.9745498944165871,0.4075590551180473,0.9922035543531026,0.002708083887802082,0.1174149238843318
4051.0,-0.626886,20.907394,-1.878162,22.021995,0.11295,0.064698,0.062186,0.002512,0.0482519999999999,0.050764,1.169855,0.0520589393405592,0.5955503210820117,199.0,0,1.0160827053372163,1.5823622047244095,0.9965406499447527,0.08055902625031808,0.11184698955573755
4052.0,-0.629774,20.899912,-1.868449,22.020026,0.112647,0.063989,0.063152,0.000837,0.0486579999999999,0.049495,1.240577,0.0172013399371134,0.4727974905489618,200.0,0,0.9906826392850352,0.527244094488189,1.0049257014219468,0.02712586615525847,0.12277322708583734
4053.0,-0.619405,20.904112,-1.856637,22.021864,0.112316,0.06423,0.062249,0.0019809999999999,0.048086,0.050067,1.02841,0.0411961652837564,0.2626180167799601,201.0,0,1.002131684030384,1.2478740157479684,0.9931122791437343,0.1467140541370131,0.12228648256089295
4054.0,-0.615598,20.9028,-1.861887,22.020157,0.112675,0.064094,0.062779,0.0013149999999999,0.048581,0.0498959999999999,1.089703,0.0270676382199167,0.1704060935588022,202.0,0,0.9987089800942724,0.8283464566928505,1.003335433038343,0.22085796298418287,0.11843609058104265
4055.0,-0.612448,20.89243,-1.856768,22.017794,0.112399,0.064787,0.062763,0.0020239999999999,0.047612,0.049636,0.943544,0.042509398693634,0.3028672038615216,203.0,0,0.9935048688463887,1.2749606299211969,0.9833228348082911,0.12866222958538065,0.13233554994825653
4056.0,-0.601685,20.903325,-1.853881,22.021601,0.112179,0.064603,0.062832,0.0017709999999999,0.047576,0.049347,1.16514,0.0372238686760408,0.1408714117173464,204.0,0,0.9877202990362387,1.1155905511810393,0.982579332706865,0.18103921385577043,0.13957611492257313
4057.0,-0.599716,20.910413,-1.849549,22.020945,0.113079,0.06474,0.063598,0.001142,0.0483389999999999,0.049481,0.858677,0.0236243276789409,0.2759398464326091,205.0,0,0.990402417910149,0.7193700787401575,0.9983374466898658,0.11826674310740048,0.15707882700108627
4058.0,-0.601685,20.904112,-1.842724,22.022651,0.112399,0.06402,0.062805,0.0012149999999999,0.048379,0.049594,0.967118,0.0251136833402231,0.2302927023750145,206.0,0,0.9926642047217302,0.7653543307085985,0.9991635601358967,0.15758922754495164,0.17594855312736957
4059.0,-0.598535,20.902143,-1.838918,22.023439,0.113235,0.064902,0.063372,0.00153,0.048333,0.049863,1.221718,0.0316547357967477,0.0298165021407361,207.0,0,0.9980484582820428,0.963779527559055,0.9982135296729634,0.2598330919744874,0.18561611855146537
4060.0,-0.596435,20.902406,-1.836293,22.032234,0.112454,0.063957,0.062926,0.001031,0.048497,0.049528,0.934114,0.0212586086024166,0.3484465836030546,208.0,0,0.991343161097267,0.6494488188976378,1.0016005948016822,0.0751137336309683,0.19023024844567965
4061.0,-0.596435,20.900568,-1.838787,22.025539,0.113162,0.064729,0.063288,0.0014409999999999,0.048433,0.049874,0.981262,0.0297518272288061,0.0881385965788634,209.0,0,0.9982686322194534,0.9077165354330079,1.0002788132880358,0.2555861470354495,0.20130037505318135
4062.0,-0.58436,20.895843,-1.833143,22.02462,0.11329,0.064897,0.063168,0.0017289999999999,0.048393,0.050122,1.150995,0.0357275695334131,0.0950114574482754,210.0,0,1.003232553717437,1.0891338582676537,0.9994526998420068,0.2158231274180913,0.2062690293528618
4063.0,-0.583966,20.903456,-1.8317,22.023045,0.112757,0.064414,0.062763,0.0016509999999999,0.048343,0.049994,1.29244,0.0341510838987257,0.0466938737158921,211.0,0,1.0006705297184775,1.039999999999937,0.9984200580344705,0.24338970837797114,0.22014392404249303
4064.0,-0.577928,20.9028,-1.829993,22.027902,0.112335,0.064099,0.062517,0.001582,0.048236,0.049818,0.820959,0.0327964011028878,0.0051743076770285,212.0,0,0.9971477467199088,0.9965354330708662,0.9962102045663431,0.26699926192632556,0.22580151407986312
4065.0,-0.577928,20.907,-1.819756,22.02764,0.113382,0.064619,0.063236,0.0013829999999999,0.048763,0.0501459999999999,1.066129,0.0283610860470838,0.1307633132393936,213.0,0,1.0037129332172396,0.8711811023621417,1.007094249217775,0.23936349566039755,0.209880666712418
4066.0,-0.572284,20.898468,-1.823562,22.032497,0.112381,0.064446,0.06279,0.001656,0.0479349999999999,0.0495909999999999,1.03784,0.0345460614152203,0.0587995084300465,214.0,0,0.9926041572842526,1.0431496062992125,0.9899937008849731,0.2307257568525749,0.22478929722480254
4067.0,-0.576747,20.903325,-1.819493,22.031709,0.112509,0.064188,0.0627,0.0014879999999999,0.048321,0.0498089999999999,1.226432,0.0307934274243613,0.0562146744339043,215.0,0,0.99696760440748,0.9373228346456063,0.9979656956391547,0.2570156900037133,0.20926568149039287
4068.0,-0.563621,20.893218,-1.813981,22.027377,0.112344,0.063999,0.062695,0.0013039999999999,0.048345,0.049649,1.132136,0.0269722417573325,0.1733298922076878,216.0,0,0.9937650744087829,0.8214173228345828,0.9984613637067721,0.21416512791865228,0.20896477388005982
4069.0,-0.570709,20.899912,-1.815687,22.033809,0.113364,0.064813,0.06374,0.0010729999999999,0.048551,0.049624,1.250006,0.0221000164771789,0.3226583400901514,217.0,0,0.9932646790964863,0.6759055118109607,1.0027158479538212,0.10062461830003644,0.19291857986316668
4070.0,-0.568872,20.894924,-1.809125,22.028296,0.114374,0.065448,0.063845,0.001603,0.048926,0.050529,0.830388,0.0327630960410408,0.0041535434663728,218.0,0,1.0113789894016272,1.0097637795275591,1.0104606615103429,0.2242000387548133,0.1809714215059717
4071.0,-0.56139,20.908707,-1.803744,22.030396,0.11284,0.064041,0.062952,0.001089,0.0487989999999999,0.049888,0.820959,0.0223155737704919,0.3160517416286029,219.0,0,0.9985488535943396,0.6859842519685039,1.007837751319199,0.10034998969135278,0.15322324303363213
4072.0,-0.555484,20.9091,-1.801512,22.033547,0.11296,0.064067,0.062422,0.001645,0.048893,0.050538,1.108562,0.033644209923508,0.0311587332740899,220.0,0,1.0115591317140542,1.036220472440945,1.009779117917369,0.21281405131476094,0.1538855607626766
4073.0,-0.554171,20.906213,-1.799937,22.033678,0.112684,0.064519,0.063477,0.001042,0.048165,0.049207,0.868107,0.0216335174189262,0.3369560328900428,221.0,0,0.9849180852873771,0.6563779527559055,0.9947438531996416,0.08292776820903991,0.1258195572400245
4074.0,-0.536714,20.900962,-1.784844,22.036041,0.112289,0.064745,0.062837,0.0019079999999999,0.047544,0.0494519999999999,1.051984,0.040130402776317,0.2299535458460067,222.0,0,0.9898219593478829,1.2018897637794645,0.9819184419500419,0.14752767835437552,0.1291271357238823
4075.0,-0.54774,20.911594,-1.7897,22.033416,0.113897,0.064272,0.063756,0.000516,0.049625,0.050141,1.070844,0.0103977753596905,0.6813194040477232,223.0,0,1.0036128541547822,0.3250393700787402,1.0248969939796995,-0.03811828906299808,0.13768064042269618
4076.0,-0.551152,20.903587,-1.786156,22.036304,0.112261,0.064183,0.062522,0.001661,0.0480779999999999,0.049739,1.150995,0.0345473075563137,0.0588377013100176,224.0,0,0.9955664975330512,1.0462992125984252,0.9929470564545265,0.23734893414301955,0.14186372543928658
4077.0,-0.541308,20.911463,-1.784581,22.038141,0.112151,0.063359,0.062868,0.000491,0.048792,0.049283,1.014266,0.0100629188613121,0.6915823944250112,225.0,0,0.9864392870367591,0.3092913385826772,1.0076931814661458,-0.023644345222807783,0.1483909855209365
4078.0,-0.539208,20.90595,-1.785369,22.040242,0.112712,0.064235,0.062606,0.001629,0.048477,0.050106,1.108562,0.0336028714055861,0.0298917523025454,226.0,0,1.0029123007175669,1.0261417322834647,1.0011875380786677,0.24724091275723037,0.13374181835391044
4079.0,-0.539602,20.913432,-1.775525,22.037748,0.113851,0.06527,0.064002,0.0012679999999999,0.048581,0.0498489999999999,0.943544,0.0261002017208017,0.2000569784278065,227.0,0,0.9977682369071547,0.7987401574802521,1.003335433038343,0.18615966528817512,0.13922594697366483
4080.0,-0.526739,20.915663,-1.772375,22.038535,0.111986,0.063821,0.062244,0.001577,0.048165,0.049742,0.872822,0.0327409375908317,0.0034744108756263,228.0,0,0.9956265449705268,0.9933858267716537,0.9947438531996416,0.2660308889207174,0.14419490420903874
4081.0,-0.528577,20.907525,-1.773425,22.041817,0.111572,0.063863,0.062013,0.00185,0.047709,0.049559,0.929399,0.0387759379584993,0.1884406605982751,229.0,0,0.9919636512845148,1.1653543307086616,0.9853261599149113,0.16562259050785183,0.15274005071901048
4082.0,-0.53002,20.919995,-1.772638,22.043917,0.111885,0.06495,0.062532,0.0024179999999999,0.046935,0.0493529999999999,1.056699,0.0515169592636779,0.5789392165024316,230.0,0,0.9878403939111878,1.5231496062991496,0.9693408647342506,0.0663223796445006,0.14480585925866632
4083.0,-0.514795,20.9091,-1.7645,22.046543,0.112776,0.064482,0.062317,0.002165,0.048294,0.050459,1.278295,0.0448286572108913,0.3739499750196939,231.0,0,1.0099778825271966,1.363779527559055,0.9974080690630851,0.13776905440658382,0.1605925289976447
4084.0,-0.52057,20.916057,-1.765419,22.046543,0.11295,0.064446,0.062648,0.001798,0.0485039999999999,0.050302,1.202858,0.0370683434697455,0.1361047319504493,232.0,0,1.0068353999659732,1.1325984251968504,1.0017451646547353,0.1972172507081147,0.14679634255111917
4085.0,-0.516501,20.905425,-1.7561,22.044968,0.112528,0.06453,0.063651,0.000879,0.047998,0.048877,1.127421,0.018312881518365,0.4387299403966246,233.0,0,0.9783128671650604,0.5537007874015748,0.9912948295624707,0.04733317603671894,0.14094642904031332
4086.0,-0.513351,20.911857,-1.752031,22.048775,0.113061,0.064603,0.062653,0.0019499999999999,0.048458,0.0504079999999999,1.15571,0.0402402030582552,0.2333188060168955,234.0,0,1.0089570760901092,1.2283464566928504,1.000795134191804,0.15800701953957808,0.12587378039653976
4087.0,-0.515189,20.913957,-1.753869,22.050875,0.114264,0.065732,0.06353,0.0022019999999999,0.048532,0.050734,1.188714,0.0453711907362,0.39057804219642,235.0,0,1.0154822309624605,1.3870866141731653,1.0023234440669575,0.13422235216697598,0.13591587330195126
4088.0,-0.503113,20.924195,-1.740875,22.053894,0.113116,0.064724,0.063614,0.0011099999999999,0.0483919999999999,0.0495019999999999,1.075559,0.0229372016613973,0.2969995174862864,236.0,0,0.9908227499724763,0.6992125984251338,0.9994320470058541,0.10927904829197543,0.14845127470812108
4089.0,-0.497994,20.915532,-1.747306,22.054419,0.112491,0.064551,0.062443,0.0021079999999999,0.0479399999999999,0.0500479999999999,0.948259,0.0439707140026282,0.3476549413760108,237.0,0,1.0017513835930365,1.3278740157479685,0.9900969650657266,0.12766053018011647,0.16012628088525135
4090.0,-0.495107,20.906213,-1.745731,22.054288,0.112491,0.06413,0.062994,0.001136,0.0483609999999999,0.049497,0.981262,0.0234895165625907,0.2800716616924412,238.0,0,0.990722670910019,0.7155905511811025,0.9987918090851815,0.11530440248298168,0.16639025706339122
4091.0,-0.496419,20.909757,-1.736019,22.055863,0.112813,0.064514,0.062963,0.0015509999999999,0.0482989999999999,0.0498499999999999,0.957688,0.0321118012422359,0.0158079393935481,239.0,0,0.9977882527196466,0.977007874015685,0.9975113332438367,0.26604351956196703,0.1731898482265659
4092.0,-0.4913,20.907525,-1.73615,22.060589,0.113594,0.064503,0.063199,0.0013039999999999,0.0490909999999999,0.0503949999999999,0.976548,0.0265623726880143,0.185891936948441,240.0,0,1.0086968705277148,0.8214173228345828,1.0138683794752104,0.1916763937061986,0.17461537068436783
4093.0,-0.489069,20.90805,-1.7225,22.063477,0.113529,0.064887,0.063325,0.0015619999999999,0.048642,0.050204,0.976548,0.0321115062804513,0.0158169796539942,241.0,0,1.00487385034177,0.9839370078739529,1.0045952560435372,0.2545191161778867,0.18580784075844203
4094.0,-0.484344,20.917239,-1.726963,22.057045,0.112032,0.063464,0.061897,0.001567,0.048568,0.050135,0.905825,0.0322633778747762,0.0111622791518747,242.0,0,1.003492759279831,0.9870866141732284,1.0030669461683837,0.25985701248951354,0.19246670685245423
4095.0,-0.482113,20.915663,-1.7309,22.059933,0.111811,0.064256,0.061997,0.0022589999999999,0.047555,0.049814,0.872822,0.0475018925056774,0.4558817524810254,243.0,0,0.9970676834699412,1.4229921259841891,0.9821456231476998,0.11532908766846572,0.19817081133275222
4096.0,-0.481456,20.912382,-1.725125,22.066496,0.113584,0.064403,0.062716,0.001687,0.049181,0.050868,1.061414,0.0343011670936523,0.0512937617060695,244.0,0,1.0181643498363706,1.0626771653543308,1.0157271347287777,0.17226224411759722,0.2098061689837835
4097.0,-0.478962,20.917895,-1.718432,22.064396,0.112335,0.063716,0.062091,0.0016249999999999,0.048619,0.050244,0.877537,0.033422459893048,0.0243623341007255,245.0,0,1.0056744828414448,1.0236220472440316,1.0041202408120706,0.2461470529077177,0.19791289965465253
4098.0,-0.475156,20.914482,-1.719613,22.059014,0.113759,0.065637,0.064401,0.001236,0.048122,0.049358,1.099133,0.0256841842777881,0.2128074641884506,246.0,0,0.9879404729736492,0.7785826771653543,0.9938557812451605,0.17586770923209782,0.19706165745693513
4099.0,-0.467018,20.914876,-1.716725,22.061771,0.113336,0.064682,0.062858,0.001824,0.048654,0.050478,1.084988,0.0374884390093516,0.1489802069715364,247.0,0,1.010358182964542,1.148976377952756,1.004843090077346,0.18470157498309636,0.19705641297412296
4100.0,-0.457699,20.913432,-1.710688,22.061246,0.114007,0.065034,0.063603,0.0014309999999999,0.048973,0.0504039999999999,1.188714,0.0292195859027236,0.1044512189542189,248.0,0,1.0088770128401419,0.9014173228345828,1.011431344809427,0.2316579789932942,0.19675611463165407
4101.0,-0.458749,20.911726,-1.710163,22.058226,0.112408,0.064151,0.062154,0.0019969999999999,0.0482569999999999,0.0502539999999999,1.16514,0.0413817398151601,0.2683056759392999,249.0,0,1.0058746409663615,1.2579527559054489,0.9966439141255062,0.1471108262706574,0.2088150364627354
4102.0,-0.463081,20.920651,-1.699269,22.058226,0.113125,0.064535,0.062695,0.0018399999999999,0.04859,0.05043,0.91997,0.0378670947294765,0.1605855962375841,250.0,0,1.0093974239649324,1.1590551181101734,1.0035213085636996,0.18316397172902477,0.21423337073707388
4103.0,-0.452187,20.921308,-1.700057,22.057964,0.112904,0.064461,0.062968,0.001493,0.048443,0.049936,1.127421,0.0308190900833954,0.0554281416235875,251.0,0,0.9995096125939493,0.9404724409448819,1.0004853416495432,0.2544666713497648,0.21560893542714013
4104.0,-0.451662,20.911463,-1.700319,22.053763,0.113143,0.064829,0.063367,0.0014619999999999,0.0483139999999999,0.0497759999999999,1.103847,0.030259753699679,0.0725711982808383,252.0,0,0.9963070825952483,0.9209448818897008,0.9978211257860975,0.2568540290648247,0.21905792224479317
4105.0,-0.44628,20.909363,-1.701763,22.057176,0.113263,0.064356,0.062952,0.001404,0.048907,0.050311,1.183999,0.0287069600065429,0.1201626495674206,253.0,0,1.0070155422784,0.8844094488188977,1.0100682576234792,0.23591830597927876,0.2221341461691523
4106.0,-0.444311,20.916845,-1.694019,22.052582,0.113437,0.064734,0.063073,0.0016609999999999,0.0487029999999999,0.0503639999999999,1.113277,0.0341039750328514,0.0452500378055993,254.0,0,1.008076380340467,1.0462992125983623,1.0058550790487293,0.22644558686098215,0.2116772790126215
4107.0,-0.436174,20.912907,-1.686013,22.051925,0.113695,0.065133,0.063551,0.001582,0.048562,0.050144,1.29244,0.032576241171262,0.0015733566827251,255.0,0,1.0036729015922579,0.9965354330708662,1.0029430291514794,0.25990269980838043,0.21522649067682473
4108.0,-0.430661,20.916582,-1.687063,22.047462,0.11352,0.064629,0.062968,0.001661,0.0488909999999999,0.050552,1.325443,0.0339728380921216,0.04123083206423,256.0,0,1.0118393530889402,1.0462992125984252,1.0097378122450655,0.21035757740862798,0.21886136199668327
4109.0,-0.427642,20.910675,-1.682207,22.048906,0.114668,0.065695,0.064065,0.00163,0.048973,0.050603,0.967118,0.0332829664720056,0.0200870112541169,257.0,0,1.0128601595260256,1.0267716535433071,1.011431344809427,0.21546381422668792,0.21284872775087
4110.0,-0.423311,20.91632,-1.677613,22.045099,0.112271,0.064687,0.062564,0.002123,0.047584,0.049707,1.103847,0.044614899653252,0.3673985365146952,258.0,0,0.9949259915333114,1.3373228346456694,0.9827445553960709,0.1270893074279864,0.20204193334384693
4111.0,-0.421604,20.916188,-1.679976,22.044836,0.111618,0.064025,0.062249,0.0017759999999999,0.0475929999999999,0.0493689999999999,1.061414,0.0373156280203387,0.1436837366150738,259.0,0,0.9881606469110578,1.118740157480252,0.9829304309214253,0.1826029429126893,0.19272100166654288
4112.0,-0.41386,20.915007,-1.676694,22.044968,0.113006,0.065034,0.063336,0.0016979999999999,0.047972,0.0496699999999999,1.094418,0.0353949096366704,0.0848157905410675,260.0,0,0.9941854064711102,1.0696062992125355,0.9907578558225519,0.2195126849276104,0.19453652556000778
4113.0,-0.417535,20.914088,-1.667638,22.03906,0.114475,0.065233,0.06363,0.0016029999999999,0.0492419999999999,0.0508449999999999,0.816244,0.0325528501512904,0.002290266206795,261.0,0,1.0177039861490558,1.009763779527496,1.0169869577339699,0.19434032889163189,0.18349983440599832
4114.0,-0.409923,20.918157,-1.66567,22.039848,0.113483,0.064698,0.0627,0.0019979999999999,0.0487849999999999,0.0507829999999999,0.976548,0.0409543721559463,0.2552073182985908,262.0,0,1.0164630057745598,1.2585826771652915,1.0075486116130887,0.1487860849945939,0.1848267290450468
4115.0,-0.404279,20.912513,-1.663832,22.036172,0.114283,0.064908,0.063152,0.0017559999999999,0.049375,0.0511309999999999,1.033125,0.0355638366817885,0.0899932222077881,263.0,0,1.0234285085217303,1.1061417322834015,1.0197337849420183,0.14270898920623842,0.18584816796099032
4116.0,-0.401916,20.916451,-1.660157,22.036697,0.113557,0.064866,0.063467,0.0013989999999999,0.048691,0.05009,1.117992,0.028731619157151,0.1194068732076119,264.0,0,1.002592047717697,0.8812598425196222,1.0056072450149227,0.24460082579563108,0.19635378105814194
4117.0,-0.401916,20.918289,-1.658713,22.034728,0.114117,0.0657,0.063693,0.0020069999999999,0.048417,0.050424,0.646511,0.0414515262918748,0.2704445561535282,265.0,0,1.009277329089981,1.264251968503874,0.9999483679096243,0.14953578826828595,0.19035651132673312
4118.0,-0.396535,20.910938,-1.655038,22.037485,0.112353,0.063941,0.062244,0.0016969999999999,0.048412,0.0501089999999999,0.872822,0.0350525685249829,0.0743234048414791,266.0,0,1.0029723481550405,1.0689763779526928,0.9998451037288706,0.22362652379911296,0.16472737408657634
4119.0,-0.394303,20.914351,-1.657401,22.039454,0.113373,0.064446,0.062895,0.0015509999999999,0.048927,0.0504779999999999,1.03784,0.0316996402877697,0.0284402279412275,267.0,0,1.01035818296454,0.977007874015685,1.0104813143464937,0.22567820338612304,0.17113560189118576
4120.0,-0.39076,20.917764,-1.648082,22.039979,0.114044,0.065149,0.063661,0.001488,0.048895,0.050383,0.957688,0.0304319371727749,0.0672939606101665,268.0,0,1.0084566807778144,0.9373228346456693,1.0098204235896706,0.23214543839950258,0.1826425578778114
4121.0,-0.381966,20.920914,-1.645982,22.043524,0.112822,0.065049,0.062832,0.0022169999999999,0.047773,0.04999,1.28301,0.0464059948926193,0.4222936730745443,269.0,0,1.0005904664685101,1.3965354330708033,0.9866479414285578,0.12263024559860114,0.18036428858791823
4122.0,-0.381178,20.924064,-1.640076,22.041423,0.114834,0.065296,0.064774,0.000522,0.049538,0.05006,1.245292,0.0105371525464787,0.6770476436555919,270.0,0,1.001991573342941,0.3288188976377953,1.0231001972345863,-0.036778687473957516,0.17552780180199223
4123.0,-0.375928,20.923408,-1.63732,22.040373,0.111701,0.063506,0.061986,0.00152,0.0481949999999999,0.0497149999999999,0.787955,0.0315378869615737,0.033397792863166,271.0,0,0.9950861180332443,0.95748031496063,0.9953634382841613,0.2584226069377261,0.17430549375649868
4124.0,-0.36884,20.920258,-1.639289,22.035253,0.112225,0.063999,0.062601,0.0013979999999999,0.048226,0.049624,0.797385,0.0289879113359735,0.1115517944566601,272.0,0,0.9932646790964863,0.8806299212597796,0.9960036762048359,0.26385564486085017,0.164394006501286
4125.0,-0.372121,20.917107,-1.628657,22.038273,0.113318,0.064708,0.063535,0.001173,0.04861,0.049783,0.858677,0.0241303408693507,0.2604310881164164,273.0,0,0.9964471932826934,0.7388976377952756,1.003934365286714,0.11992629630730656,0.1640912168442305
4126.0,-0.370546,20.921833,-1.625245,22.040898,0.113208,0.064545,0.063262,0.001283,0.048663,0.049946,1.245292,0.0263644583264837,0.1919577985869396,274.0,0,0.9997097707188679,0.8081889763779528,1.0050289656027025,0.19623595793637127,0.16281404973881003
4127.0,-0.372646,20.920258,-1.622226,22.037485,0.112721,0.064551,0.062385,0.0021659999999999,0.04817,0.050336,1.235862,0.0449648128542067,0.3781229985803125,275.0,0,1.0075159375906966,1.3644094488188347,0.9948471173803952,0.13731270781335025,0.17183085526053135
4128.0,-0.360177,20.918289,-1.615926,22.036435,0.112886,0.065359,0.063351,0.0020079999999999,0.047527,0.0495349999999999,1.268866,0.0422487796667226,0.2948795118851595,276.0,0,0.991483271784708,1.2648818897637166,0.9815673437354795,0.12451165124698638,0.19325341247911873
4129.0,-0.352565,20.918289,-1.611332,22.034072,0.113428,0.064361,0.062947,0.0014139999999999,0.049067,0.050481,0.948259,0.028817151707834,0.1167853928156961,277.0,0,1.0104182304020175,0.8907086614172598,1.0133727114075952,0.2226503068155679,0.19325398537407637
4130.0,-0.351252,20.912644,-1.609495,22.033809,0.113511,0.064661,0.063026,0.0016349999999999,0.04885,0.050485,0.962403,0.0334691203864812,0.0257924278794767,278.0,0,1.010498293651985,1.0299212598424567,1.008891045962888,0.21937376734529807,0.1919231391557877
4131.0,-0.350989,20.924852,-1.608707,22.033284,0.113465,0.064892,0.063178,0.001714,0.0485729999999999,0.050287,0.811529,0.0352863671923252,0.081489081735246,279.0,0,1.006535162778595,1.0796850393700788,1.0031702103491351,0.21279830081581413,0.20050977513118098
4132.0,-0.348102,20.913957,-1.60267,22.033284,0.113244,0.065013,0.063157,0.0018559999999999,0.0482309999999999,0.0500869999999999,0.948259,0.0384806767291424,0.179391222494635,280.0,0,1.0025320002802194,1.1691338582676536,0.9961069403855874,0.17744688471191644,0.20183861082608026
4133.0,-0.352302,20.919339,-1.602408,22.036435,0.112849,0.064719,0.063215,0.001504,0.04813,0.049634,1.245292,0.0312480521908957,0.0422809158632468,281.0,0,0.9934648372214049,0.9474015748031496,0.9940210039343663,0.2584283358873023,0.20367493199853995
4134.0,-0.347183,20.926689,-1.597551,22.034466,0.114338,0.065664,0.06406,0.0016039999999999,0.0486739999999999,0.0502779999999999,1.160425,0.0329532614278375,0.009981907390141,282.0,0,1.0063550204661662,1.0103937007873387,1.0052561468003582,0.2505471826779638,0.19127249238794192
4135.0,-0.341277,20.917501,-1.593745,22.036172,0.11341,0.064698,0.062979,0.001719,0.0487119999999999,0.050431,0.886966,0.0352883213926469,0.0815489758665952,283.0,0,1.009417439777424,1.0828346456692914,1.0060409545740858,0.20579265606123948,0.17529805337265106
4136.0,-0.336814,20.917107,-1.593614,22.034466,0.112528,0.064367,0.062627,0.0017399999999999,0.048161,0.049901,0.886966,0.0361280677712717,0.1072862963155802,284.0,0,0.9988090591567339,1.0960629921259213,0.9946612418550389,0.20952431488536377,0.16839723940982315
4137.0,-0.331301,20.921308,-1.586789,22.032103,0.113695,0.065354,0.063367,0.0019869999999999,0.048341,0.050328,1.004836,0.04110297463903,0.2597618240684181,285.0,0,1.0073558110907617,1.2516535433070235,0.9983787523621692,0.15567591953794724,0.15926223396527064
4138.0,-0.327364,20.919076,-1.582195,22.036304,0.114099,0.06601,0.063215,0.002795,0.048089,0.050884,0.990692,0.0581201913079643,0.7813211540120897,286.0,0,1.0184846028362406,1.7606299212598426,0.9931742376521866,0.0004872551410060044,0.1501300280041288
4139.0,-0.329201,20.915926,-1.581276,22.033809,0.112463,0.06434,0.063341,0.0009989999999999,0.048123,0.049122,0.934114,0.0207588729116449,0.3637629433285362,287.0,0,0.9832167412255682,0.6292913385826141,0.9938764340813112,0.06290591666265921,0.1417111806039723
4140.0,-0.326445,20.917895,-1.578258,22.037879,0.113153,0.064834,0.062826,0.0020079999999999,0.048319,0.050327,0.896396,0.0415562913907283,0.2736554933956512,288.0,0,1.0073357952782698,1.2648818897637166,0.9979243899668533,0.150365627717019,0.13343356001148768
4141.0,-0.325001,20.914219,-1.578783,22.036435,0.113189,0.065055,0.062769,0.0022859999999999,0.0481339999999999,0.0504199999999999,1.033125,0.0474914303521345,0.4555610987632195,289.0,0,1.0091972658400117,1.439999999999937,0.9941036152789672,0.12144824637028917,0.12462020336592135
4142.0,-0.323295,20.915532,-1.576945,22.04418,0.112831,0.064834,0.062401,0.002433,0.047997,0.05043,1.042555,0.0506896120671695,0.5535819176070462,290.0,0,1.0093974239649324,1.5325984251968503,0.9912741767263199,0.08612482510049824,0.1174891331636934
4143.0,-0.321457,20.916976,-1.576551,22.041948,0.113254,0.065081,0.06321,0.0018709999999999,0.0481729999999999,0.0500439999999999,1.16514,0.0388383775480549,0.190354366648102,291.0,0,1.0016713203430692,1.1785826771652914,0.9949090758888455,0.1742398618857372,0.1259235710893253
4144.0,-0.317257,20.913826,-1.575895,22.039717,0.1133,0.064136,0.062401,0.001735,0.049164,0.050899,1.132136,0.0352893318417573,0.0815799450415903,292.0,0,1.0187848400236188,1.0929133858267717,1.0153760365142155,0.16777097675311753,0.15269095275509015
4145.0,-0.314501,20.93194,-1.572745,22.043786,0.113355,0.064524,0.062254,0.00227,0.048831,0.051101,1.009551,0.0464859108781127,0.4247430118034692,293.0,0,1.0228280341469762,1.4299212598425197,1.0084986420760242,0.11765908960557614,0.17078433779870358
4146.0,-0.313845,20.916188,-1.572745,22.043655,0.114154,0.064782,0.063546,0.001236,0.049372,0.050608,0.901111,0.0250339254248273,0.2327371964259981,294.0,0,1.012960238588485,0.7785826771653543,1.019671826433566,0.1382136128630841,0.17562609887974218
4147.0,-0.306363,20.915532,-1.573401,22.042605,0.112179,0.064204,0.062874,0.0013299999999999,0.047975,0.049305,0.924685,0.0277221944305485,0.1503446519453328,295.0,0,0.9868796349115803,0.8377952755904883,0.990819814331004,0.24002029879426656,0.17307409195763063
4148.0,-0.304394,20.917632,-1.559358,22.045624,0.112914,0.064608,0.063015,0.0015929999999999,0.048306,0.049899,0.943544,0.0329765872440846,0.0106968184904046,296.0,0,0.9987690275317501,1.003464566929071,0.9976559030968939,0.26816107179865434,0.1847278097565992
4149.0,-0.309119,20.915532,-1.561458,22.047068,0.113189,0.064787,0.063141,0.0016459999999999,0.048402,0.0500479999999999,0.750237,0.0340061566431831,0.0422520097047591,297.0,0,1.0017513835930365,1.0368503937007245,0.9996385753673634,0.24383976709879374,0.18707070120171548
4150.0,-0.307807,20.913826,-1.564345,22.045755,0.11329,0.064734,0.062942,0.001792,0.048556,0.050348,1.212288,0.0369050806268921,0.131100901971674,298.0,0,1.007756127340599,1.1288188976377953,1.002819112134575,0.19878323852740476,0.18096023558924937
4151.0,-0.303607,20.918157,-1.548858,22.04523,0.113088,0.064635,0.062207,0.0024279999999999,0.0484529999999999,0.0508809999999999,1.014266,0.0501093820943575,0.5357984949874395,299.0,0,1.018424555398763,1.5294488188975748,1.0006918700110483,0.09592817714917334,0.18652984385794286
4152.0,-0.302425,20.916188,-1.553583,22.048118,0.113272,0.06444,0.062753,0.0016869999999999,0.048832,0.0505189999999999,1.04727,0.0345463108963199,0.058807154756568,300.0,0,1.0111788312767065,1.0626771653542677,1.0085192949121748,0.20266200309018434,0.19400141572346766
4153.0,-0.291006,20.928002,-1.556602,22.046543,0.113474,0.064566,0.063273,0.001293,0.048908,0.050201,1.080273,0.026436852113108,0.1897390071371735,301.0,0,1.0048138029042946,0.8144881889763781,1.01008891045963,0.1976687763368999,0.17966792121311187
4154.0,-0.294025,20.928264,-1.551745,22.046805,0.113189,0.064467,0.063336,0.0011309999999999,0.048722,0.0498529999999999,0.872822,0.0232128563512097,0.2885509986649406,302.0,0,0.9978483001571221,0.7124409448818269,1.0062474829355952,0.10666632062845627,0.16582925208082472
4155.0,-0.284181,20.920389,-1.544658,22.044311,0.112252,0.064309,0.062469,0.00184,0.047943,0.049783,1.240577,0.0383781077924246,0.1762475952523963,303.0,0,0.9964471932826934,1.1590551181102362,0.9901589235741809,0.17335517229251107,0.16386212552865564
4156.0,-0.285625,20.924195,-1.548595,22.047856,0.112638,0.064293,0.062553,0.00174,0.048345,0.050085,0.967118,0.0359905679890788,0.1030720763486412,304.0,0,1.0024919686552376,1.0960629921259843,0.9984613637067721,0.21292933151833243,0.1537194270866288
4157.0,-0.286412,20.921964,-1.549645,22.039585,0.113024,0.06474,0.062338,0.002402,0.0482839999999999,0.050686,1.235862,0.0497462980221602,0.5246703599291296,305.0,0,1.0145214719628508,1.5130708661417325,0.9972015407015759,0.09668535369070863,0.16742587438986353
4158.0,-0.282737,20.912776,-1.551089,22.04418,0.112574,0.064598,0.062564,0.002034,0.0479759999999999,0.05001,1.207573,0.0423953144214938,0.2993706440132124,306.0,0,1.0009907827183475,1.281259842519685,0.9908404671671527,0.1297743804757827,0.15995720101395702
4159.0,-0.280375,20.911332,-1.550302,22.042736,0.11374,0.06528,0.063593,0.001687,0.0484599999999999,0.050147,1.306584,0.0348114979055324,0.0669348504617717,307.0,0,1.0037329490297335,1.0626771653543308,1.0008364398641034,0.2241685015771031,0.15162420989620576
4160.0,-0.280768,20.91947,-1.546889,22.043655,0.112675,0.065123,0.062758,0.002365,0.047552,0.049917,1.146281,0.049733981031691,0.5242928574608348,308.0,0,0.9991293121566038,1.4897637795275591,0.9820836646392476,0.09735625410713611,0.1609802741105124
4161.0,-0.271318,20.91737,-1.545314,22.047462,0.113823,0.065165,0.063808,0.0013569999999999,0.0486579999999999,0.0500149999999999,1.113277,0.0278879549518074,0.1452642708183351,309.0,0,1.001090861780805,0.8548031496062363,1.0049257014219468,0.23299265018152077,0.169100571444216
4162.0,-0.270268,20.925377,-1.549777,22.047724,0.112574,0.064918,0.062758,0.00216,0.0476559999999999,0.049816,1.084988,0.0453238768701347,0.3891279232514626,310.0,0,0.997107715094925,1.3606299212598425,0.984231559598921,0.12797526933111936,0.14452740905844239
4163.0,-0.265674,20.920651,-1.54177,22.047856,0.112427,0.064713,0.062448,0.002265,0.0477139999999999,0.049979,0.858677,0.0474693492612388,0.4548843371519611,311.0,0,1.0003702925310998,1.4267716535433073,0.9854294240956629,0.11433886515938707,0.15490394520736014
4164.0,-0.262787,20.926821,-1.543739,22.054419,0.113244,0.064461,0.062737,0.001724,0.0487829999999999,0.0505069999999999,0.882251,0.0353394555591998,0.0831161828995297,312.0,0,1.0109386415268042,1.0859842519685041,1.0075073059407873,0.20022696277152302,0.16604559011296377
4165.0,-0.263049,20.92052,-1.548464,22.052844,0.112436,0.063983,0.062543,0.0014399999999999,0.0484529999999999,0.0498929999999999,0.905825,0.029718908655632,0.0891475153287033,313.0,0,0.998648932656797,0.9070866141731654,1.0006918700110483,0.25455814562954676,0.1642638860970765
4166.0,-0.260818,20.909494,-1.54597,22.058226,0.113327,0.064099,0.063572,0.0005269999999999,0.0492279999999999,0.0497549999999999,1.000122,0.0107050722135326,0.6719010870396142,314.0,0,0.995886750532919,0.33196850393694494,1.0166978180278596,-0.03280229233940346,0.16922304871617608
4167.0,-0.266462,20.906738,-1.545314,22.063871,0.113897,0.065448,0.063651,0.001797,0.0484489999999999,0.050246,0.745522,0.0370897832817338,0.1367618390551128,315.0,0,1.0057145144664286,1.131968503937008,1.0006092586664455,0.2004507151798861,0.16874943712530036
4168.0,-0.254386,20.913432,-1.533239,22.068072,0.111398,0.063595,0.062018,0.001577,0.047803,0.04938,1.268866,0.0329888712241653,0.0110733092259103,316.0,0,0.9883808208484703,0.9933858267716537,0.9872675265130795,0.24119082953181858,0.1701203239756895
4169.0,-0.250449,20.918157,-1.542164,22.073848,0.112519,0.063905,0.062165,0.00174,0.0486139999999999,0.0503539999999999,1.094418,0.0357914224004937,0.0969684789293721,317.0,0,1.0078762222155484,1.0960629921259843,1.004016976631315,0.20635146141823107,0.17485206245699728
4170.0,-0.247561,20.910413,-1.533633,22.078049,0.112776,0.064976,0.063036,0.00194,0.0477999999999999,0.04974,0.943544,0.0405849250015692,0.2438841616370024,318.0,0,0.995586513345543,1.2220472440944883,0.9872055680046252,0.14694788029813155,0.1707293690763334
4171.0,-0.243755,20.916845,-1.534289,22.076079,0.113208,0.064871,0.063178,0.001693,0.048337,0.05003,0.995407,0.0350242045595597,0.0734540799049492,319.0,0,1.001391098968185,1.0664566929133859,0.9982961410175663,0.22825653427276343,0.1665369124854626
4172.0,-0.24638,20.926427,-1.538489,22.08645,0.11408,0.06579,0.063714,0.0020759999999999,0.04829,0.0503659999999999,1.122707,0.0429893769025283,0.3175780180850633,320.0,0,1.0081164119654507,1.3077165354330078,0.9973254577184822,0.14168413783501066,0.19414143491485691
4173.0,-0.239555,20.916188,-1.534683,22.08028,0.113557,0.064824,0.062884,0.00194,0.048733,0.050673,1.217003,0.0398079369639268,0.220070316625156,321.0,0,1.0142612664004564,1.2220472440944883,1.0064746641332531,0.1616562499724648,0.19095891107222496
4174.0,-0.240605,20.921308,-1.542033,22.079493,0.113263,0.065553,0.063672,0.0018809999999999,0.04771,0.0495909999999999,1.311299,0.0394248705749196,0.2083297451168175,322.0,0,0.9926041572842526,1.1848818897637166,0.9853468127510622,0.15900002896488452,0.19211830810274286
4175.0,-0.233779,20.928658,-1.534289,22.079099,0.113189,0.064808,0.063504,0.0013039999999999,0.0483809999999999,0.0496849999999999,0.905825,0.0269521722954817,0.1739449995591928,323.0,0,0.9944856436584883,0.8214173228345828,0.9992048658081961,0.2126335797208389,0.18756966172634532
4176.0,-0.232204,20.917895,-1.531402,22.078311,0.113125,0.064708,0.063047,0.0016609999999999,0.048417,0.050078,1.188714,0.0343054236027922,0.0514242191185903,324.0,0,1.0023518579677946,1.0462992125983623,0.9999483679096243,0.24324293195453944,0.19295173851912203
4177.0,-0.233517,20.921176,-1.526414,22.083693,0.112326,0.063936,0.062013,0.001923,0.0483899999999999,0.050313,0.976548,0.0397387944039182,0.2179511717632054,325.0,0,1.0070555739033837,1.2113385826771654,0.9993907413335525,0.16862547675356654,0.18338402889349778
4178.0,-0.227217,20.926033,-1.535864,22.08028,0.113538,0.064876,0.063315,0.001561,0.048662,0.050223,1.04727,0.0320777592832338,0.0168512887069259,326.0,0,1.0052541507791155,0.9833070866141733,1.0050083127665517,0.2527847998369978,0.1927026624633101
4179.0,-0.228004,20.922358,-1.54072,22.076473,0.112124,0.064545,0.062679,0.001866,0.0475789999999999,0.049445,1.127421,0.0392181588902901,0.2019942550173281,327.0,0,0.9896818486604418,1.1754330708661418,0.9826412912153151,0.16086499765425555,0.1938322536924975
4180.0,-0.219866,20.915401,-1.535733,22.078049,0.113162,0.065333,0.063577,0.001756,0.0478289999999999,0.049585,1.094418,0.0367133598160152,0.125224865978093,328.0,0,0.9924840624093033,1.1061417322834646,0.9878045002529963,0.2007686482258988,0.20032152671202902
4181.0,-0.221835,20.919207,-1.535339,22.077917,0.112638,0.064797,0.062763,0.0020339999999999,0.047841,0.049875,1.04727,0.0425149450273816,0.3030371930065934,329.0,0,0.9982886480319453,1.2812598425196222,0.988052334286807,0.13257943801652083,0.1979598015933935
4182.0,-0.21711,20.910544,-1.539539,22.080149,0.11307,0.064388,0.063026,0.001362,0.048682,0.050044,0.934114,0.0279769118583489,0.1425378376141107,330.0,0,1.001671320343071,0.8579527559055118,1.0054213694895662,0.23487047353313384,0.17231073092798307
4183.0,-0.223542,20.914351,-1.538752,22.077917,0.112702,0.064708,0.062847,0.001861,0.0479939999999999,0.049855,1.198144,0.0387748723825398,0.1884080018448348,331.0,0,0.9978883317821078,1.1722834645669291,0.9912122182178658,0.1729521622643388,0.17139399958262436
4184.0,-0.22026,20.923145,-1.538227,22.08133,0.114034,0.06507,0.063556,0.001514,0.0489639999999999,0.0504779999999999,0.806814,0.0309200449300521,0.0523339845001756,332.0,0,1.01035818296454,0.9537007874015748,1.0112454692840684,0.22389275916020013,0.1696394975122779
4185.0,-0.215666,20.921308,-1.539014,22.084218,0.112399,0.064477,0.062669,0.001808,0.0479219999999999,0.0497299999999999,1.023696,0.0377271873630616,0.1562975864119391,333.0,0,0.9953863552206224,1.1388976377952755,0.9897252140150137,0.1890163285344829,0.1667714256531098
4186.0,-0.214485,20.916845,-1.538883,22.08435,0.112096,0.065401,0.062658,0.0027429999999999,0.046695,0.0494379999999999,1.051984,0.0587416481069041,0.8003681343702631,334.0,0,0.9895417379729967,1.7278740157479686,0.9643841840580768,-0.013247774699564507,0.16244333125627344
4187.0,-0.21501,20.929971,-1.540064,22.08645,0.113327,0.065244,0.063325,0.0019189999999999,0.048083,0.0500019999999999,1.250006,0.0399093253473086,0.2231777611814229,335.0,0,1.0008306562184106,1.2088188976377323,0.9930503206352823,0.15945816329997942,0.16720430428021651
4188.0,-0.206347,20.922489,-1.537439,22.085794,0.112197,0.063915,0.062595,0.00132,0.048282,0.049602,1.023696,0.0273388149037964,0.1620948207876915,336.0,0,0.9928243312216651,0.831496062992126,0.9971602350292764,0.23523977913353317,0.15685083018659923
4189.0,-0.209366,20.915532,-1.544002,22.081987,0.113594,0.065475,0.063462,0.002013,0.0481189999999999,0.0501319999999999,1.075559,0.0418329177057356,0.2821337914808706,337.0,0,1.0034327118423534,1.2680314960629921,0.9937938227367062,0.13218427906257435,0.1528377602554177
4190.0,-0.204641,20.919076,-1.542689,22.084612,0.113768,0.065007,0.063777,0.0012299999999999,0.048761,0.0499909999999999,1.033125,0.0252245601082809,0.2268944490660505,338.0,0,1.000610482281,0.7748031496062363,1.0070529435454734,0.15748770425753544,0.14205478797084328
4191.0,-0.198866,20.923408,-1.54177,22.083168,0.113649,0.06475,0.0629,0.00185,0.048899,0.050749,0.858677,0.0378323108384459,0.1595195075080511,339.0,0,1.0157824681498384,1.1653543307086616,1.0099030349342735,0.18018916825595144,0.13788500507219792
4192.0,-0.202935,20.924195,-1.548202,22.08133,0.113189,0.064923,0.062685,0.0022379999999999,0.048266,0.0505039999999999,1.339588,0.0463670831002546,0.4211010686229774,340.0,0,1.0108785940893286,1.409763779527496,0.9968297896508649,0.13133573259696107,0.16327415848005514
4193.0,-0.200572,20.919076,-1.546102,22.083299,0.113153,0.065144,0.062937,0.0022069999999999,0.048009,0.050216,1.198144,0.0459695896688187,0.4089183238304528,341.0,0,1.0051140400916725,1.390236220472378,0.9915220107601288,0.13282146295252373,0.16582190768121094
4194.0,-0.196766,20.920651,-1.547808,22.081068,0.113024,0.065296,0.063052,0.002244,0.0477279999999999,0.049972,1.04727,0.0470154413459324,0.4409725492979874,342.0,0,1.0002301818436565,1.4135433070866141,0.9857185638017731,0.11606303631445569,0.16812021786810338
4195.0,-0.194534,20.92367,-1.552664,22.080805,0.113116,0.065086,0.063141,0.001945,0.0480299999999999,0.0499749999999999,1.514036,0.0404946805188316,0.2411182656116166,343.0,0,1.0002902292811302,1.2251968503937007,0.9919557203192918,0.14731849954802922,0.17234888420377562
4196.0,-0.191647,20.925377,-1.548727,22.07713,0.112647,0.064409,0.062758,0.0016509999999999,0.048238,0.049889,1.018981,0.0342254192665685,0.0489721725351082,344.0,0,0.9985688694068315,1.039999999999937,0.9962515102386447,0.24064375937900778,0.17655844771484133
4197.0,-0.191253,20.918682,-1.552139,22.081987,0.112583,0.063931,0.062674,0.001257,0.048652,0.049909,1.226432,0.0258360224446592,0.2081537882017228,345.0,0,0.9989691856566688,0.7918110236220474,1.0048017844050445,0.1849356553115376,0.17138341732858753
4198.0,-0.18994,20.921308,-1.548202,22.080674,0.1125,0.064057,0.062522,0.001535,0.048443,0.049978,1.056699,0.0316860705144085,0.0288561268534538,346.0,0,1.0003502767186079,0.9669291338582677,1.0004853416495432,0.2582228810024574,0.17217918408551708
4199.0,-0.193747,20.923408,-1.553452,22.079755,0.112509,0.064424,0.062569,0.0018549999999999,0.048085,0.04994,1.056699,0.0385767167158839,0.1823347444646028,347.0,0,0.9995896758439167,1.168503937007811,0.9930916263075839,0.17447094241929678,0.1728443544091744
4200.0,-0.184559,20.931152,-1.552664,22.084481,0.112105,0.064367,0.062611,0.0017559999999999,0.047738,0.0494939999999999,1.113277,0.0367833427595884,0.1273697676895566,348.0,0,0.9906626234725413,1.1061417322834015,0.9859250921632824,0.1995833393681926,0.17775933601066404
4201.0,-0.183903,20.923802,-1.547545,22.075948,0.113051,0.065181,0.063152,0.002029,0.0478699999999999,0.049899,1.042555,0.0423847423283408,0.299046620764978,349.0,0,0.9987690275317501,1.2781102362204726,0.9886512665351759,0.12843886439341357,0.1855452040085534
4202.0,-0.179703,20.928133,-1.554239,22.077261,0.113263,0.065023,0.062984,0.0020389999999999,0.04824,0.050279,1.240577,0.042266951348438,0.2954364543231496,350.0,0,1.00637503627866,1.2844094488188347,0.996292815910946,0.13929340016625646,0.18423588582176892
4203.0,-0.178259,20.924983,-1.560014,22.073323,0.113281,0.064488,0.062433,0.002055,0.048793,0.050848,0.943544,0.0421158339140058,0.2908048680080304,351.0,0,1.0177640335865334,1.294488188976378,1.0077138343022967,0.1394731661890969,0.17831893719084874
4204.0,-0.174846,20.91737,-1.550039,22.068334,0.111967,0.063978,0.062102,0.0018759999999999,0.047989,0.049865,1.231147,0.039091477391123,0.1981116037525958,352.0,0,0.9980884899070266,1.181732283464504,0.9911089540371142,0.16521285232935218,0.17858573555836524
4205.0,-0.178259,20.919601,-1.558045,22.07096,0.111967,0.063684,0.061992,0.001692,0.0482829999999999,0.049975,0.967118,0.0350426642366002,0.0740198490889185,353.0,0,1.0002902292811322,1.0658267716535432,0.9971808878654251,0.22517717952692268,0.1725928270173108
4206.0,-0.173796,20.923539,-1.557258,22.069778,0.112721,0.06444,0.062753,0.0016869999999999,0.048281,0.049968,1.018981,0.0349405575576818,0.0708903895494694,354.0,0,1.000150118593689,1.0626771653542677,0.9971395821931257,0.22755057751116298,0.16496481580768116
4207.0,-0.178784,20.915532,-1.559095,22.060589,0.11228,0.064078,0.062921,0.0011569999999999,0.048202,0.049359,0.924685,0.0240026554363834,0.2643445088689152,355.0,0,0.9879604887861411,0.7288188976377323,0.9955080081372185,0.12576616900233573,0.1579640305680097
4208.0,-0.178653,20.921308,-1.560014,22.066628,0.112326,0.064241,0.062742,0.001499,0.0480849999999999,0.0495839999999999,1.070844,0.0311733144782265,0.0445715461172803,356.0,0,0.9924640465968095,0.944251968503937,0.9930916263075816,0.2608908646776226,0.14464412338980365
4209.0,-0.170252,20.926296,-1.558308,22.063346,0.112215,0.063574,0.062422,0.001152,0.0486409999999999,0.049793,0.915255,0.023683236709017,0.2741343482214813,357.0,0,0.996647351407612,0.7256692913385827,1.0045746032073843,0.11454185700875241,0.1396020358915317
4210.0,-0.171959,20.922358,-1.565527,22.060327,0.1116,0.064088,0.061908,0.00218,0.047512,0.049692,1.061414,0.0458821796140005,0.406239299962553,358.0,0,0.9946257543459334,1.373228346456693,0.9812575511932187,0.12330322727189624,0.14473298916326383
4211.0,-0.17419,20.912513,-1.568808,22.057045,0.112491,0.063443,0.062464,0.000979,0.0490479999999999,0.0500269999999999,1.061414,0.0199596322045301,0.3882588086498874,359.0,0,1.0013310515307072,0.6166929133858269,1.0129803075207293,0.058431011996698645,0.13832399359387787
4212.0,-0.164871,20.923539,-1.560539,22.060589,0.112886,0.064346,0.063619,0.000727,0.04854,0.049267,0.679515,0.014977029727447,0.5409701985252513,360.0,1,0.9861190340368892,0.4579527559055118,1.0024886667561634,0.006094328384196435,0.12369113989406588
4213.0,-0.164083,20.919864,-1.567233,22.057439,0.113428,0.064845,0.062396,0.002449,0.048583,0.051032,0.778526,0.050407541577474,0.5449367614417002,361.0,1,1.0214469430850373,1.5426771653543307,1.0033767387106445,0.08905229120637714,0.12347349114415818
4214.0,-0.159096,20.922489,-1.564477,22.062558,0.112418,0.06412,0.062385,0.0017349999999999,0.048298,0.050033,0.905825,0.0359220687798917,0.1009726494952187,362.0,1,1.0014511464056606,1.0929133858267088,0.9974906804076881,0.21652238504667343,0.11149035646737589
4215.0,-0.16369,20.914088,-1.564083,22.061639,0.113006,0.064288,0.062343,0.0019449999999999,0.048718,0.0506629999999999,0.78324,0.0399228227180359,0.223591441031042,363.0,1,1.0140611082755357,1.225196850393638,1.0061648715909923,0.16108722383306306,0.11340849614429276
4216.0,-0.164346,20.919601,-1.576551,22.066628,0.113529,0.064477,0.062076,0.002401,0.049052,0.051453,0.896396,0.0489470572645915,0.5001744930614169,364.0,1,1.0298736001441138,1.5124409448818898,1.0130629188653342,0.08122204051304305,0.1141106681547599
4217.0,-0.159227,20.920914,-1.571958,22.068072,0.113961,0.064566,0.062553,0.002013,0.049395,0.051408,0.91054,0.0407522876346262,0.2490136457619944,365.0,1,1.0289728885819798,1.2680314960629921,1.0201468416650328,0.12358968150325889,0.12834398583800008
4218.0,-0.162508,20.915532,-1.575764,22.065971,0.113456,0.064251,0.062286,0.001965,0.049205,0.05117,1.080273,0.0399341543714181,0.2239387439807627,366.0,1,1.0242091252089152,1.2377952755905512,1.016222802796395,0.14105951790979954,0.1422418501817554
4219.0,-0.161065,20.916451,-1.573926,22.072929,0.113061,0.065091,0.062942,0.0021489999999999,0.04797,0.050119,0.91997,0.0447978987304829,0.3730072607824595,367.0,1,1.0031725062799612,1.353700787401512,0.9907165501502504,0.13372325377792127,0.14705352598116578
4220.0,-0.157652,20.920783,-1.570645,22.073454,0.112243,0.064388,0.062181,0.002207,0.0478549999999999,0.0500619999999999,0.868107,0.0461175192243397,0.4134522050965497,368.0,1,1.0020316049679228,1.3902362204724412,0.988341473992915,0.13032494737656752,0.13876638129382052
4221.0,-0.154371,20.923802,-1.567627,22.078967,0.112904,0.064414,0.062622,0.001792,0.04849,0.050282,1.212288,0.0369553112948795,0.132640417748419,369.0,1,1.0064350837161358,1.1288188976377953,1.001456024948627,0.20076418882910047,0.13766837357233327
4222.0,-0.155158,20.914351,-1.575633,22.078967,0.112822,0.064514,0.062448,0.002066,0.048308,0.050374,1.235862,0.0427663582355255,0.3107427365704773,370.0,1,1.0082765384653878,1.3014173228346457,0.9976972087691952,0.1450729718217495,0.13917066242082524
4223.0,-0.153452,20.917895,-1.575633,22.08028,0.112316,0.064393,0.063204,0.001189,0.0479229999999999,0.049112,0.839818,0.0248101160170271,0.2395967132928459,371.0,1,0.9830165831006497,0.748976377952756,0.9897458668511644,0.13716904920048123,0.15179101927776614
4224.0,-0.152664,20.916845,-1.579833,22.079099,0.11216,0.064361,0.062343,0.0020179999999999,0.0477989999999999,0.0498169999999999,1.009551,0.0422175732217573,0.2939230680175919,372.0,1,0.9971277309074149,1.2711811023621418,0.9871849151684744,0.13365093817322082,0.15372566790767028
4225.0,-0.145314,20.916188,-1.577601,22.085531,0.112904,0.064298,0.062322,0.0019759999999999,0.048606,0.050582,1.353732,0.0406525809039848,0.2459577420477774,373.0,1,1.0124398274636963,1.244724409448756,1.0038517539421112,0.15010714661819058,0.14569290726373696
4226.0,-0.145183,20.921833,-1.58167,22.079886,0.113465,0.06486,0.062448,0.002412,0.0486049999999999,0.051017,0.985977,0.0496235032712011,0.5209068333033131,374.0,1,1.021146705897659,1.5193700787401576,1.0038311011059584,0.09624492899796244,0.14581218976663324
4227.0,-0.144658,20.917107,-1.575895,22.079361,0.112684,0.064944,0.063467,0.001477,0.04774,0.049217,0.853963,0.0309377683751912,0.0517907800296149,375.0,1,0.9851182434122957,0.9303937007874016,0.9859663978355838,0.24979325007266806,0.1306982731666016
4228.0,-0.141376,20.922095,-1.581933,22.083299,0.112509,0.064372,0.062464,0.001908,0.048137,0.050045,1.169855,0.0396360463666957,0.2148020552837386,376.0,1,1.0016913361555628,1.2018897637795276,0.9941655737874214,0.16040600420884088,0.14173407951781633
4229.0,-0.145839,20.915138,-1.577601,22.084875,0.113437,0.06434,0.063409,0.000931,0.049097,0.050028,1.16514,0.0189620758483034,0.4188328346411343,377.0,1,1.0013510673432013,0.5864566929133859,1.0139922964921169,0.05339564733858815,0.14398544128309793
4230.0,-0.143083,20.915401,-1.57957,22.081068,0.112987,0.064593,0.062349,0.0022439999999999,0.048394,0.050638,0.995407,0.0463684264903398,0.4211422420796198,378.0,1,1.0135607129632411,1.4135433070865513,0.9994733526781576,0.1315177724055301,0.14493776800907576
4231.0,-0.142033,20.916845,-1.582326,22.086056,0.113318,0.064509,0.063603,0.0009059999999999,0.048809,0.0497149999999999,1.136851,0.0185617701290717,0.4311017730202439,379.0,1,0.9950861180332443,0.5707086614172598,1.008044279680708,0.049625022828784005,0.14601708313265416
4232.0,-0.139276,20.923014,-1.581014,22.075817,0.112519,0.064141,0.062679,0.001462,0.0483779999999999,0.0498399999999999,1.306584,0.0302197234337213,0.0737980827412363,380.0,1,0.9975880945947279,0.9209448818897638,0.999142907299744,0.2554310353338971,0.14238835289578872
4233.0,-0.140195,20.918026,-1.587314,22.079755,0.112748,0.064109,0.062202,0.0019069999999999,0.048639,0.050546,1.089703,0.0392064144736841,0.2016343013201538,381.0,1,1.0117192582139891,1.2012598425196221,1.0045332975350851,0.15968266685329724,0.14159932784703022
4234.0,-0.145051,20.919601,-1.588101,22.080018,0.112427,0.063973,0.061813,0.00216,0.048454,0.050614,1.113277,0.0445774429883397,0.3662505301495145,382.0,1,1.0130803334634362,1.3606299212598425,1.000712522847201,0.1431742054329992,0.146753242366439
4235.0,-0.137045,20.917764,-1.582589,22.083562,0.112767,0.064178,0.06227,0.001908,0.048589,0.050497,0.948259,0.0392673389586334,0.2035015710485408,383.0,1,1.0107384834018875,1.2018897637795276,1.0035006557275488,0.1609002978539743,0.1650596991058157
4236.0,-0.135339,20.918026,-1.595976,22.084087,0.113382,0.06549,0.062937,0.0025529999999999,0.0478919999999999,0.0504449999999999,0.877537,0.0533063286910404,0.6337814587864223,384.0,1,1.0096976611523083,1.6081889763778898,0.9891056289304918,0.059957626629308036,0.15889526729437917
4237.0,-0.144133,20.915926,-1.587445,22.083956,0.112271,0.063506,0.06206,0.001446,0.0487649999999999,0.050211,0.78324,0.0296518065865564,0.0912041213451754,385.0,1,1.005013961029213,0.9108661417322835,1.0071355548900742,0.24190299958508316,0.16349458365768693
4238.0,-0.132451,20.913432,-1.592826,22.082774,0.113777,0.064519,0.06311,0.001409,0.0492579999999999,0.050667,0.976548,0.0286039099453908,0.1233210227544565,386.0,1,1.014141171525505,0.8875590551181103,1.0173174031123815,0.2119451494029289,0.15162430075732203
4239.0,-0.132451,20.913038,-1.592301,22.082774,0.113125,0.064283,0.062732,0.001551,0.0488419999999999,0.050393,1.193429,0.0317548062158346,0.0267494517680721,387.0,1,1.0086568389027333,0.9770078740157481,1.00872582327368,0.2364602147323548,0.1525594069356663
4240.0,-0.127332,20.91842,-1.586133,22.085137,0.111986,0.064235,0.061713,0.002522,0.047751,0.050273,1.183999,0.0528145417992964,0.6187087211746758,388.0,1,1.006254941403709,1.5886614173228346,0.9861935790332418,0.0698734542911651,0.14547505317036133
4241.0,-0.12497,20.921308,-1.590333,22.083956,0.113401,0.064199,0.061866,0.002333,0.0492019999999999,0.051535,0.915255,0.0474158079791884,0.4532433546262171,389.0,1,1.031514896768447,1.4696062992125984,1.0161608442879408,0.09561818646186138,0.12875356594394635
4242.0,-0.128645,20.922226,-1.594795,22.085531,0.113345,0.064214,0.062212,0.0020019999999999,0.049131,0.051133,1.033125,0.0407473744199297,0.2488630610327264,390.0,1,1.0234685401467158,1.2611023622046615,1.0146944929212416,0.1367282063302483,0.13666991403546538
4243.0,-0.127332,20.915138,-1.589151,22.086187,0.113814,0.064598,0.062879,0.0017189999999999,0.0492159999999999,0.0509349999999999,0.915255,0.0349269561330434,0.0704735205597462,391.0,1,1.019505409273324,1.0828346456692284,1.016449983994051,0.16903372863673988,0.12629525601205863
4244.0,-0.126151,20.920258,-1.59217,22.081068,0.112813,0.06444,0.061897,0.0025429999999999,0.048373,0.0509159999999999,1.202858,0.0525695621614916,0.6112003596000968,392.0,1,1.0191251088359785,1.6018897637794647,0.9990396431189924,0.07233066777994956,0.1268279171761131
4245.0,-0.129038,20.923014,-1.595451,22.083431,0.11307,0.065055,0.062223,0.002832,0.048015,0.050847,0.79267,0.0589803398867044,0.8076837798813756,393.0,1,1.0177440177740416,1.7839370078740158,0.9916459277770331,-0.006314574410175466,0.12243573222283785
4246.0,-0.129432,20.910675,-1.599783,22.086713,0.113989,0.06496,0.062968,0.001992,0.0490289999999999,0.051021,1.03784,0.0406281868243933,0.245210089828626,394.0,1,1.0212267691476267,1.2548031496062992,1.0125879036338654,0.13912110754449813,0.10981551184359331
4247.0,-0.125363,20.915926,-1.601095,22.084218,0.112289,0.063537,0.061456,0.0020809999999999,0.048752,0.050833,1.089703,0.042684552745472,0.3082354865654917,395.0,1,1.0174637963991555,1.3108661417322207,1.0068670680201168,0.13815641935101564,0.11359183130171088
4248.0,-0.122738,20.923145,-1.599914,22.085269,0.112831,0.064298,0.06259,0.0017079999999999,0.048533,0.0502409999999999,0.990692,0.0351918242881276,0.078591443729951,396.0,1,1.005614435403967,1.0759055118109606,1.0023440969031083,0.21727176104347373,0.10537470845957615
4249.0,-0.122476,20.907263,-1.598864,22.082118,0.11374,0.064298,0.062895,0.0014029999999999,0.049442,0.0508449999999999,1.122707,0.0283761098638834,0.1303028494646391,397.0,1,1.0177039861490558,0.8837795275589921,1.0211175249641167,0.19253836519960227,0.09969860069045344
4250.0,-0.124051,20.917632,-1.60372,22.08435,0.114834,0.066,0.062727,0.0032729999999999,0.048834,0.052107,1.17457,0.0670216033582471,1.0541398290527204,398.0,1,1.042963941513796,2.061732283464504,1.0085606005844763,-0.05632874950128042,0.10774058325783353
4251.0,-0.121819,20.913563,-1.599783,22.088025,0.111765,0.063726,0.061556,0.00217,0.048039,0.050209,1.179284,0.0451706910907578,0.3844329443954568,399.0,1,1.0049739294042292,1.3669291338582679,0.9921415958446503,0.1333813810430372,0.12519718147988929
4252.0,-0.121688,20.925639,-1.598995,22.093539,0.112261,0.06381,0.061225,0.002585,0.0484509999999999,0.051036,1.217003,0.0533517708247338,0.635174211153712,400.0,1,1.0215270063350046,1.6283464566929136,1.0006505643387467,0.054556977908900794,0.12559645027867827
4253.0,-0.117226,20.912382,-1.608445,22.090126,0.111673,0.064078,0.061803,0.0022749999999999,0.047595,0.04987,0.938829,0.0477981342969997,0.4649612437509121,401.0,1,0.9981885689694859,1.4330708661416693,0.9829717365937287,0.11227265094551298,0.12170455364404495
4254.0,-0.115519,20.915663,-1.60897,22.090388,0.114016,0.065359,0.063404,0.0019549999999999,0.048657,0.050612,1.03784,0.0401783879320974,0.2314242390964356,402.0,1,1.0130403018384524,1.231496062992063,1.004905048585798,0.15275049345375047,0.10920273939615241
4255.0,-0.110269,20.915401,-1.612382,22.090913,0.111738,0.063899,0.062039,0.00186,0.047839,0.049699,0.943544,0.0388795986622073,0.1916177493207882,403.0,1,0.9947658650333764,1.1716535433070867,0.9880110286145055,0.16825140781038195,0.10216700456248855
4256.0,-0.116438,20.914482,-1.603983,22.089207,0.114062,0.065706,0.063661,0.002045,0.0483559999999999,0.050401,1.004836,0.0422896374878508,0.2961317600186326,404.0,1,1.0088169654026682,1.2881889763779528,0.9986885449044279,0.14311379553238812,0.1150771769933105
4257.0,-0.114601,20.92157,-1.607789,22.088813,0.112601,0.063558,0.062448,0.00111,0.049043,0.050153,1.061414,0.0226327379495964,0.3063310017476888,405.0,1,1.0038530439046849,0.6992125984251969,1.0128770433399779,0.09923745300468245,0.10716657938373977
4258.0,-0.123132,20.917501,-1.610414,22.086713,0.112923,0.064813,0.062406,0.0024069999999999,0.04811,0.0505169999999999,1.16514,0.0500301386377334,0.5333697685427239,406.0,1,1.011138799651723,1.516220472440882,0.9936079472113518,0.09225361856454839,0.1224908772276074
4259.0,-0.111188,20.919339,-1.609232,22.085662,0.113327,0.065359,0.063036,0.002323,0.047968,0.050291,1.03784,0.0484271091746754,0.4842386451106073,407.0,1,1.0066152260285626,1.4633070866141733,0.990675244477949,0.12218101686296345,0.13164564142377824
4260.0,-0.111844,20.927477,-1.608445,22.084481,0.114034,0.066084,0.063556,0.002528,0.0479499999999999,0.0504779999999999,1.17457,0.0527204854956101,0.6158259969500295,408.0,1,1.01035818296454,1.5924409448818897,0.9903034934272339,0.07277297480693923,0.13519249601825462
4261.0,-0.114207,20.916713,-1.610545,22.077655,0.11374,0.064965,0.062385,0.0025799999999999,0.048775,0.0513549999999999,1.259436,0.0528948663277019,0.621170581303055,409.0,1,1.0279120505199089,1.6251968503936378,1.0073420832515836,0.05427540494732985,0.13023160581423568
4262.0,-0.115388,20.916582,-1.609232,22.079493,0.113456,0.064477,0.062837,0.00164,0.0489789999999999,0.050619,0.967118,0.0334830543078808,0.0262194875361769,410.0,1,1.0131804125258954,1.0330708661417323,1.0115552618263293,0.20779995634757714,0.13137954473315672
4263.0,-0.115257,20.915663,-1.615401,22.074635,0.112601,0.064225,0.062942,0.001283,0.048376,0.049659,1.117992,0.0265208673543214,0.1871640306433808,411.0,1,0.9939652325337017,0.8081889763779528,0.9991016016274445,0.20382029290722142,0.13354698897138914
4264.0,-0.116701,20.914219,-1.615664,22.069253,0.114384,0.064944,0.063514,0.00143,0.04944,0.05087,1.202858,0.0289233632005825,0.1135301251612996,412.0,1,1.0182043814613544,0.9007874015748032,1.0210762192918152,0.1882190393985142,0.13938548064090678
4265.0,-0.116963,20.911069,-1.615401,22.069516,0.112583,0.064472,0.06216,0.002312,0.048111,0.050423,0.745522,0.0480545394080479,0.4728197837527301,413.0,1,1.0092573132774894,1.4563779527559055,0.9936286000475026,0.11864250577019264,0.14357657417102498
4266.0,-0.110925,20.921833,-1.611464,22.066365,0.112978,0.064167,0.062212,0.0019549999999999,0.0488109999999999,0.0507659999999999,1.03784,0.0400516266491846,0.22753914254598,414.0,1,1.0161227369621981,1.231496062992063,1.0080855853530077,0.15459318472159844,0.1409738518538352
4267.0,-0.108432,20.923277,-1.617239,22.064659,0.112638,0.063957,0.062774,0.001183,0.048681,0.049864,0.905825,0.0243005628363666,0.255213968490701,415.0,1,0.9980684740945347,0.7451968503937009,1.0054007166534156,0.12091189538700675,0.1504913054156091
4268.0,-0.111582,20.920651,-1.617632,22.062952,0.113529,0.06423,0.06249,0.0017399999999999,0.049299,0.051039,1.41031,0.0352941176470587,0.0817266248103689,416.0,1,1.0215870537724803,1.0960629921259213,1.0181641693945633,0.15063853525972482,0.15466880035634675
4269.0,-0.107513,20.916845,-1.620782,22.058751,0.11262,0.063842,0.061939,0.0019029999999999,0.048778,0.050681,0.905825,0.0390126898870414,0.195696851761352,417.0,1,1.0144213929003913,1.198740157480252,1.0074040417600358,0.16409195216414546,0.14622923638488908
4270.0,-0.100819,20.92052,-1.620389,22.060589,0.112785,0.063668,0.062753,0.0009149999999999,0.0491169999999999,0.0500319999999999,0.990692,0.0186286086567042,0.4290532442646519,418.0,1,1.0014311305931667,0.5763779527558426,1.0144053532151291,0.04674575163504113,0.1335214042725242
4271.0,-0.105413,20.916582,-1.613301,22.054551,0.113437,0.064834,0.062853,0.0019809999999999,0.0486029999999999,0.0505839999999999,1.023696,0.0407579623076289,0.2491875683667592,419.0,1,1.012479859088678,1.2478740157479684,1.003789795433657,0.14944994056506877,0.1334348273764595
4272.0,-0.101081,20.917632,-1.617632,22.050481,0.112684,0.06392,0.062354,0.001566,0.048764,0.05033,1.000122,0.0321131959397109,0.0157651934207674,420.0,1,1.0073958427157454,0.9864566929133858,1.0071149020539256,0.24957490575495406,0.12640703164859912
4273.0,-0.10515,20.915926,-1.622751,22.05245,0.111306,0.063947,0.061934,0.002013,0.047359,0.049372,0.995407,0.0425042229729729,0.3027085736076751,421.0,1,0.9882206943485353,1.2680314960629921,0.9780976672621577,0.11942465319264428,0.12297325515381838
4274.0,-0.106069,20.923145,-1.62157,22.054813,0.113015,0.065065,0.062506,0.0025589999999999,0.04795,0.050509,0.886966,0.0533669787908488,0.6356403189062922,422.0,1,1.01097867315179,1.611968503936945,0.9903034934272359,0.06114071827486589,0.12249380422151704
4275.0,-0.103181,20.915532,-1.624326,22.051006,0.11284,0.063532,0.06143,0.002102,0.0493079999999999,0.05141,0.929399,0.042629134640735,0.3065369814494274,423.0,1,1.0290129202069636,1.3240944881889765,1.0183500449199177,0.11777673680954548,0.12197495540464987
4276.0,-0.096881,20.91527,-1.618682,22.047856,0.113226,0.063574,0.062422,0.001152,0.0496519999999999,0.0508039999999999,0.990692,0.0232010150444083,0.2889139219420636,424.0,1,1.0168833378368891,0.7256692913385827,1.0254546205557669,0.08431522744299458,0.13348270802942072
4277.0,-0.101738,20.911594,-1.630495,22.052056,0.112813,0.064734,0.062307,0.0024269999999999,0.048079,0.0505059999999999,0.891681,0.0504783693843593,0.547107557302102,425.0,1,1.0109186257143123,1.5288188976377324,0.9929677092906793,0.08657413043919926,0.12891255676852337
4278.0,-0.101475,20.924064,-1.628789,22.052056,0.113814,0.064073,0.062716,0.001357,0.0497409999999999,0.051098,1.15571,0.0272807687668371,0.1638738722558189,426.0,1,1.0227679867095005,0.8548031496062992,1.0272927229731814,0.14584402593671142,0.11673355679672712
4279.0,-0.107644,20.92157,-1.628001,22.0493,0.113584,0.064719,0.062774,0.001945,0.048865,0.05081,1.051984,0.0398027258216347,0.2199106007365354,427.0,1,1.0170034327118425,1.2251968503937007,1.0092008385051487,0.15890346399547373,0.12436685502113329
4280.0,-0.102263,20.923539,-1.628264,22.051663,0.111958,0.063805,0.061908,0.001897,0.048153,0.05005,0.957688,0.0393944428292561,0.2073971675426644,428.0,1,1.0017914152180223,1.1949606299212598,0.9944960191658331,0.16182327788274986,0.1341309166594978
4281.0,-0.097931,20.913694,-1.631414,22.047593,0.11352,0.064356,0.063241,0.0011149999999999,0.049164,0.0502789999999999,1.103847,0.0226787348723683,0.3049212456937388,429.0,1,1.006375036278658,0.7023622047243464,1.0153760365142155,0.10374842795609529,0.12881782387561969
4282.0,-0.101738,20.918157,-1.626951,22.051269,0.113134,0.064235,0.062023,0.0022119999999999,0.048899,0.051111,1.117992,0.0452351738241308,0.3864092705988116,430.0,1,1.0230281922718947,1.3933858267715904,1.0099030349342735,0.12778490603699133,0.13404457988955576
4283.0,-0.096487,20.9112,-1.627082,22.051006,0.113263,0.064388,0.062685,0.0017029999999999,0.048875,0.050578,1.146281,0.0348432768639004,0.0679088412474069,431.0,1,1.0123597642137288,1.072755905511748,1.009407366866656,0.19575763543670627,0.137321072913393
4284.0,-0.09885,20.917632,-1.624195,22.051006,0.113244,0.064424,0.06248,0.0019439999999999,0.04882,0.050764,1.089703,0.0398189303783206,0.2204072529148317,432.0,1,1.0160827053372163,1.2245669291337953,1.0082714608783663,0.15878133465851085,0.12299183571371057
4285.0,-0.098325,20.913957,-1.631676,22.044968,0.114696,0.064761,0.062737,0.0020239999999999,0.049935,0.051959,1.250006,0.0405318808074334,0.2422584143195012,433.0,1,1.0400016012649993,1.2749606299211969,1.031299373186424,0.06464580897076422,0.1314854660240426
4286.0,-0.096619,20.921308,-1.632989,22.048906,0.114053,0.064808,0.062884,0.001924,0.049245,0.051169,0.820959,0.0390691629777039,0.1974276910577426,434.0,1,1.0241891093964233,1.2119685039370078,1.017048916242424,0.1365827875823552,0.13023695967743254
4287.0,-0.096881,20.914876,-1.634826,22.047593,0.113217,0.064629,0.062296,0.002333,0.0485879999999999,0.050921,1.033125,0.0480149828150406,0.4716074168571851,435.0,1,1.0192251878984397,1.4696062992125984,1.0034800028913962,0.11933906067757194,0.1404393832624946
4288.0,-0.098719,20.907656,-1.633514,22.049562,0.113575,0.065643,0.062895,0.002748,0.0479319999999999,0.0506799999999999,1.16514,0.0573300231573237,0.7571033527577129,436.0,1,1.0144013770878975,1.7310236220472441,0.9899317423765208,0.0025516539398870997,0.15083698716601987
4289.0,-0.097931,20.911463,-1.631939,22.05245,0.112941,0.064545,0.0629,0.001645,0.0483959999999999,0.050041,0.886966,0.0339897101059984,0.041747941085265,437.0,1,1.0016112729055955,1.036220472440945,0.9995146583504569,0.24383976709879374,0.13358208862751958
4290.0,-0.094519,20.916582,-1.634039,22.056651,0.113878,0.064151,0.062732,0.001419,0.0497269999999999,0.051146,0.877537,0.0285352316602317,0.1254259380932061,438.0,1,1.0237287457091102,0.8938582677165354,1.0270035832670712,0.1493382144166494,0.13358711978936305
4291.0,-0.09465,20.917501,-1.640338,22.054026,0.113153,0.064361,0.062669,0.0016919999999999,0.048792,0.050484,1.04727,0.0346771053224847,0.0628158627960795,439.0,1,1.0104782778394932,1.0658267716534804,1.0076931814661458,0.20577266380671616,0.13943014116582703
4292.0,-0.095831,20.918289,-1.638239,22.057439,0.113015,0.064088,0.062574,0.001514,0.048927,0.050441,0.976548,0.0309434270765206,0.051617346939403,440.0,1,1.009617597902343,0.9537007874015748,1.0104813143464937,0.23176094507224398,0.149578183203055
4293.0,-0.09465,20.912251,-1.638632,22.060195,0.112721,0.064162,0.063341,0.000821,0.048559,0.04938,1.103847,0.0169069192751236,0.4818211661697427,441.0,1,0.9883808208484703,0.5171653543307086,1.0028810706430271,0.02320865005170336,0.15741331219398608
4294.0,-0.096487,20.912513,-1.636926,22.059802,0.11261,0.064619,0.062716,0.001903,0.047991,0.049894,1.051984,0.0396524420736789,0.215304566012402,442.0,1,0.9986689484692908,1.198740157480315,0.9911502597094156,0.15883164627694524,0.170668319326861
4295.0,-0.093469,20.908707,-1.641388,22.064002,0.113235,0.064277,0.062034,0.002243,0.048958,0.051201,1.103847,0.0458138442370146,0.4041448943893277,443.0,1,1.0248296153961631,1.4129133858267717,1.0111215522671662,0.1230760227354043,0.15690707830591633
4296.0,-0.088743,20.911988,-1.637845,22.059408,0.11239,0.063579,0.062202,0.0013769999999999,0.048811,0.050188,1.160425,0.0282102761615995,0.1353854735110942,444.0,1,1.0045535973419002,0.8674015748030867,1.0080855853530097,0.23806320795463465,0.1524731516366295
4297.0,-0.091237,20.913826,-1.637976,22.064659,0.113088,0.064167,0.062459,0.001708,0.0489209999999999,0.0506289999999999,0.641796,0.0349127182044888,0.0700371434117552,445.0,1,1.0133805706508123,1.0759055118110237,1.0103573973295874,0.19769035058688272,0.14549522113956131
4298.0,-0.090318,20.919076,-1.637714,22.064265,0.113639,0.06485,0.062706,0.002144,0.048789,0.050933,1.132136,0.0439434310309491,0.3468187477313829,446.0,1,1.0194653776483422,1.3505511811023623,1.0076312229576938,0.1351017252686365,0.141643990196244
4299.0,-0.090843,20.922358,-1.638895,22.067022,0.112978,0.064104,0.061729,0.0023749999999999,0.048874,0.0512489999999999,1.306584,0.0485933503836316,0.4893337587968833,447.0,1,1.0257903743957706,1.4960629921259214,1.0093867140305053,0.10622735688934704,0.1604027724616203
4300.0,-0.088481,20.924852,-1.638764,22.065971,0.113869,0.064115,0.06228,0.001835,0.0497539999999999,0.0515889999999999,0.877537,0.0368807155059793,0.1303541373047787,448.0,1,1.032595750643006,1.1559055118110237,1.0275612098431408,0.10499894772378093,0.1590563322888092
4301.0,-0.083756,20.913694,-1.636795,22.061639,0.112225,0.064088,0.061902,0.002186,0.048137,0.050323,1.094418,0.0454111097262039,0.3918015161689001,449.0,1,1.0072557320283024,1.377007874015748,0.9941655737874214,0.13599335883603425,0.16797125126011783
4302.0,-0.083624,20.923802,-1.640601,22.06072,0.112895,0.063742,0.062107,0.0016349999999999,0.049153,0.0507879999999999,1.113277,0.0332628066891807,0.0194691356622065,450.0,1,1.0165630848370193,1.0299212598424567,1.0151488553165575,0.19324863563907085,0.15574465773395282
4303.0,-0.082837,20.911332,-1.644276,22.063608,0.113263,0.064603,0.062889,0.0017139999999999,0.04866,0.050374,1.061414,0.0352232794229463,0.0795555096731959,451.0,1,1.0082765384653878,1.079685039370016,1.0049670070942502,0.21079647270546642,0.15861803060896484
4304.0,-0.0894,20.927214,-1.642438,22.062427,0.111839,0.0638,0.061829,0.0019709999999999,0.048039,0.0500099999999999,0.849248,0.0410283097418816,0.2574734255315347,452.0,1,1.0009907827183455,1.2415748031495433,0.9921415958446503,0.14536724454883432,0.153247504548249
4305.0,-0.088481,20.912119,-1.649395,22.059539,0.113143,0.064666,0.062921,0.0017449999999999,0.0484769999999999,0.0502219999999999,1.099133,0.0359957093939518,0.1032296548606093,453.0,1,1.0052341349666216,1.099212598425134,1.0011875380786657,0.21222521244849046,0.15122368779465947
4306.0,-0.081524,20.908707,-1.648082,22.057832,0.112197,0.064813,0.062616,0.0021969999999999,0.047384,0.049581,1.108562,0.0463648834019202,0.421033650242423,454.0,1,0.992403999159336,1.3839370078739528,0.9786139881659259,0.11579727269298479,0.15801899611671505
4307.0,-0.084937,20.914745,-1.642832,22.061639,0.112638,0.06392,0.06227,0.00165,0.048718,0.050368,1.042555,0.0338676902235268,0.0380081633425353,455.0,1,1.0081564435904367,1.0393700787401574,1.0061648715909923,0.22642407933700287,0.1672830584672334
4308.0,-0.082312,20.916188,-1.641257,22.066628,0.112776,0.064955,0.062485,0.00247,0.047821,0.050291,1.16514,0.0516498682614696,0.5830127338807605,456.0,1,1.0066152260285626,1.5559055118110237,0.9876392775637926,0.08139646466147821,0.14839319494096753
4309.0,-0.086643,20.917895,-1.645588,22.059408,0.112748,0.06402,0.062968,0.0010519999999999,0.048728,0.04978,1.160425,0.0215887869646411,0.3383269730513448,457.0,1,0.9963871458452177,0.6626771653542678,1.0063713999524995,0.08598918935345146,0.141805513955565
4310.0,-0.092419,20.921964,-1.648476,22.062821,0.113823,0.064692,0.062931,0.0017609999999999,0.0491309999999999,0.0508919999999999,1.02841,0.0358422209557925,0.098525399839481,458.0,1,1.0186447293361736,1.1092913385826142,1.0146944929212394,0.17295203094433698,0.13872695460545276
4311.0,-0.088481,20.918682,-1.647032,22.061246,0.112969,0.064193,0.062832,0.001361,0.048776,0.050137,1.132136,0.0279024950283945,0.1448186331591544,459.0,1,1.0035327909048148,0.8573228346456694,1.0073627360877344,0.22863398234121746,0.13341736737278248
4312.0,-0.082049,20.920258,-1.646113,22.057439,0.113051,0.064913,0.06216,0.0027529999999999,0.048138,0.050891,1.245292,0.0571885581337376,0.7527676024204251,460.0,1,1.0186247135236837,1.7341732283463938,0.9941862266235721,0.004350000376412311,0.14084743596439378
4313.0,-0.080081,20.9112,-1.643226,22.057307,0.1133,0.064876,0.062816,0.00206,0.0484239999999999,0.050484,0.971833,0.0425400103252453,0.3038054173415687,461.0,1,1.0104782778394932,1.2976377952755906,1.0000929377626773,0.1449196628514411,0.14318274486846394
4314.0,-0.081787,20.918682,-1.64887,22.057832,0.112748,0.065217,0.062958,0.0022589999999999,0.047531,0.04979,1.141566,0.0475258773037111,0.4566168606620309,462.0,1,0.9965873039701365,1.4229921259841891,0.9816499550800823,0.11458165104771201,0.15281038693119614
4315.0,-0.080606,20.915926,-1.66042,22.060327,0.113345,0.06474,0.0628,0.00194,0.0486049999999999,0.050545,1.075559,0.0399127679710326,0.2232832738840957,463.0,1,1.0116992424014972,1.2220472440944883,1.0038311011059584,0.1591293401217878,0.150637152364888
4316.0,-0.080212,20.91842,-1.644801,22.059014,0.111692,0.063742,0.061939,0.0018029999999999,0.04795,0.049753,0.967118,0.0376008842359907,0.1524265318437052,464.0,1,0.9958467189079373,1.135748031496,0.9903034934272359,0.19009795860909756,0.13286954247316046
4317.0,-0.082837,20.91737,-1.644801,22.064002,0.112776,0.064178,0.062643,0.0015349999999999,0.048598,0.050133,1.089703,0.0315850120372846,0.0319534601388742,465.0,1,1.0034527276548473,0.9669291338582048,1.0036865312529055,0.24977716837770464,0.11018380708440778
4318.0,-0.083887,20.924195,-1.654382,22.066103,0.112335,0.064183,0.062343,0.00184,0.048152,0.049992,0.957688,0.03821153406849,0.1711422903408026,466.0,1,1.000630498093494,1.1590551181102362,0.9944753663296823,0.17767288528880015,0.13016533418972123
4319.0,-0.083624,20.922489,-1.654251,22.07096,0.113456,0.064986,0.062422,0.002564,0.04847,0.051034,1.056699,0.0528976088795363,0.6212546375576629,467.0,1,1.021486974710021,1.6151181102362204,1.0010429682256126,0.06425684369036999,0.12877856982359964
4320.0,-0.080868,20.920389,-1.652938,22.073323,0.113336,0.064782,0.061976,0.002806,0.048554,0.05136,1.014266,0.0577901348985686,0.7712052811829997,468.0,1,1.02801212958237,1.7675590551181102,1.0027778064622734,-0.0047240679729385615,0.13083092442761537
4321.0,-0.080868,20.915532,-1.653726,22.07096,0.115018,0.065417,0.062811,0.0026059999999999,0.0496009999999999,0.0522069999999999,1.02841,0.0525382041046731,0.6102392689928153,469.0,1,1.0449655227629808,1.6415748031495434,1.0244013259120799,0.001776628453690643,0.13624465670384253
4322.0,-0.086381,20.920258,-1.652938,22.071222,0.113355,0.06454,0.062853,0.0016869999999999,0.048815,0.0505019999999999,1.023696,0.0345583415273679,0.0591758806175739,470.0,1,1.010838562464345,1.0626771653542677,1.0081681966976126,0.2041652714295471,0.1288165971090502
4323.0,-0.078768,20.920258,-1.651232,22.069516,0.11205,0.064115,0.061955,0.00216,0.0479349999999999,0.0500949999999999,1.066129,0.0450600801068091,0.381042837082667,471.0,1,1.0026921267801543,1.3606299212598425,0.9899937008849731,0.13105201919022513,0.11995785986486236
4324.0,-0.08625,20.918945,-1.651232,22.077523,0.112215,0.063947,0.061766,0.002181,0.0482679999999999,0.0504489999999999,0.990692,0.045184279765481,0.384849422614036,472.0,1,1.0097777244022759,1.3738582677165356,0.9968710953231643,0.13510519708786906,0.1156328912439513
4325.0,-0.079949,20.919339,-1.652807,22.077786,0.112482,0.063458,0.061866,0.001592,0.049024,0.050616,1.033125,0.0324732279449261,0.0047306009223894,473.0,1,1.01312036508842,1.0028346456692914,1.012484639453114,0.2132666628840597,0.12185962956648484
4326.0,-0.076668,20.918289,-1.654382,22.079361,0.112215,0.063852,0.061482,0.00237,0.0483629999999999,0.0507329999999999,0.943544,0.0490033909519478,0.5019010597968838,474.0,1,1.0154622151499666,1.4929133858267718,0.998833114757483,0.11581736266117415,0.13998452179746956
4327.0,-0.081787,20.923145,-1.660288,22.077917,0.112353,0.063952,0.062002,0.0019499999999999,0.048401,0.0503509999999999,1.117992,0.0402875914218419,0.2347712082305018,475.0,1,1.0078161747780727,1.2283464566928504,0.9996179225312126,0.16118979593582616,0.154525682369537
4328.0,-0.080999,20.922751,-1.660551,22.086713,0.112702,0.064094,0.061913,0.0021809999999999,0.048608,0.0507889999999999,1.235862,0.0448682342776028,0.3751629694121805,476.0,1,1.0165831006495112,1.3738582677164726,1.0038930596144127,0.13442319907968958,0.14705214045664675
4329.0,-0.086118,20.916845,-1.65832,22.085531,0.113612,0.064923,0.062679,0.0022439999999999,0.048689,0.050933,0.844533,0.046087492298213,0.4125319122087327,477.0,1,1.0194653776483422,1.4135433070865513,1.0055659393426213,0.12652422691570553,0.14625875623199924
4330.0,-0.076799,20.924589,-1.658976,22.086713,0.113345,0.064435,0.062574,0.001861,0.0489099999999999,0.050771,1.226432,0.0380487007012737,0.1661516233269173,478.0,1,1.0162228160246594,1.1722834645669291,1.0101302161319292,0.17652485433690857,0.13172717436956233
4331.0,-0.080868,20.923802,-1.662126,22.086056,0.113382,0.064041,0.062175,0.0018659999999999,0.0493409999999999,0.0512069999999999,1.259436,0.0378176806777187,0.1590711088671774,479.0,1,1.0249497102711123,1.1754330708660787,1.0190315885128916,0.1471882341743651,0.12488046806137457
4332.0,-0.078637,20.914876,-1.657401,22.087631,0.113456,0.064424,0.062391,0.0020329999999999,0.049032,0.051065,0.915255,0.041461872616401,0.2707616598369489,480.0,1,1.0221074648972688,1.2806299212597796,1.0126498621423197,0.1294298523006443,0.12621854159045953
4333.0,-0.078506,20.919601,-1.659501,22.089994,0.113373,0.065181,0.0629,0.002281,0.048192,0.050473,1.103847,0.0473305251800055,0.4506295288483051,481.0,1,1.0102581039020826,1.4368503937007875,0.9953014797757113,0.12311817694375016,0.1260978224886732
4334.0,-0.087956,20.913169,-1.666588,22.090126,0.113961,0.065018,0.062233,0.002785,0.048943,0.051728,0.915255,0.0569017652827723,0.7439777109774148,482.0,1,1.0353779485793777,1.7543307086614175,1.0108117597249053,-0.010210621536499986,0.12301703317104322
4335.0,-0.081656,20.919339,-1.663963,22.09052,0.112877,0.0636,0.061813,0.001787,0.049277,0.051064,1.268866,0.0362636470635984,0.1114416553402566,483.0,1,1.0220874490847769,1.1256692913385826,1.0177098069992472,0.14479959980218193,0.12340194473148783
4336.0,-0.080737,20.920651,-1.66357,22.0875,0.113382,0.064078,0.062076,0.0020019999999999,0.049304,0.051306,1.188714,0.0406044011763512,0.2444810853799843,484.0,1,1.026931275707809,1.2611023622046615,1.0182674335753168,0.12919809795202397,0.11780926025470428
4337.0,-0.077062,20.921833,-1.658451,22.083956,0.113483,0.064677,0.062769,0.0019079999999999,0.048806,0.0507139999999999,0.967118,0.0390927530886961,0.1981507025067796,485.0,1,1.0150819147126209,1.2018897637794645,1.007982321172256,0.1599826049179629,0.11588312365816711
4338.0,-0.075224,20.916188,-1.667901,22.086056,0.114687,0.065653,0.063325,0.0023279999999999,0.0490339999999999,0.0513619999999999,1.160425,0.0474762924441724,0.4550971382174349,486.0,1,1.0280521612073519,1.466456692913323,1.012691167814619,0.10361530590338985,0.11635407714722419
4339.0,-0.081131,20.918682,-1.661338,22.081593,0.112941,0.064451,0.062233,0.0022179999999999,0.04849,0.050708,1.136851,0.0457404466808273,0.4018953384854842,487.0,1,1.0149618198376718,1.397165354330646,1.001456024948627,0.13037334252015131,0.1000557542006459
4340.0,-0.080868,20.920258,-1.658713,22.084087,0.113355,0.064619,0.062312,0.0023069999999999,0.048736,0.051043,1.141566,0.0473356997763505,0.4507881246430787,488.0,1,1.0216671170224478,1.4532283464566298,1.0065366226417054,0.1205980095690733,0.11870552280534938
4341.0,-0.078243,20.913563,-1.667376,22.084743,0.112353,0.064283,0.062039,0.002244,0.0480699999999999,0.050314,1.297155,0.0466809510931749,0.4307207839538112,489.0,1,1.0070755897158756,1.4135433070866141,0.9927818337653208,0.12792686820899335,0.12089303206146432
4342.0,-0.075224,20.908575,-1.664751,22.085006,0.112849,0.064283,0.062097,0.002186,0.048566,0.050752,1.15571,0.0450099862046246,0.3795075130302163,490.0,1,1.015842515587314,1.377007874015748,1.0030256404960822,0.1341393871912152,0.11893974477383659
4343.0,-0.084281,20.912251,-1.666851,22.084087,0.112675,0.065553,0.061876,0.0036769999999999,0.047122,0.050799,1.042555,0.0780298368100503,1.3915303068661244,491.0,1,1.0167832587744319,2.316220472440882,0.9732029450944361,-0.03986505252203276,0.11241632472040339
4344.0,-0.079162,20.918814,-1.664226,22.082643,0.112776,0.064083,0.062228,0.001855,0.048693,0.050548,1.193429,0.0380950425103709,0.1675719497746151,492.0,1,1.011759289838973,1.168503937007874,1.0056485506872241,0.17628706451053472,0.11293750664496849
4345.0,-0.077193,20.927214,-1.661995,22.09262,0.112666,0.063668,0.061792,0.001876,0.048998,0.050874,1.000122,0.0382864956427682,0.1734397817116122,493.0,1,1.018284444711322,1.181732283464567,1.0119476657131952,0.16667469236333127,0.11112023152669012
4346.0,-0.081393,20.920258,-1.669607,22.094458,0.112169,0.064172,0.061813,0.002359,0.047997,0.050356,1.02841,0.0491478811617152,0.5063295288265621,494.0,1,1.007916253840534,1.485984251968504,0.9912741767263199,0.10966522507574683,0.11047968327052882
4347.0,-0.082574,20.919864,-1.67197,22.092357,0.112234,0.063894,0.061466,0.002428,0.0483399999999999,0.050768,1.004836,0.0502265157940466,0.5393885164998986,495.0,1,1.016162768587184,1.5294488188976378,0.9983580995260163,0.09474840438363097,0.11041022937149939
4348.0,-0.090712,20.928264,-1.672757,22.103778,0.11352,0.064235,0.062028,0.002207,0.0492849999999999,0.0514919999999999,1.226432,0.0447794505539098,0.3724418440754065,496.0,1,1.0306542168312947,1.3902362204724412,1.017875029688451,0.10882712514904058,0.11683365236319358
4349.0,-0.077718,20.918551,-1.674594,22.096164,0.113272,0.064451,0.062086,0.0023649999999999,0.048821,0.0511859999999999,1.084988,0.0484412764737207,0.4846728575403434,497.0,1,1.024529378208783,1.4897637795274963,1.0082921137145169,0.11220059133736793,0.12112355511542361
4350.0,-0.076143,20.910413,-1.674726,22.096164,0.113511,0.064703,0.062349,0.0023539999999999,0.048808,0.051162,1.03784,0.0482288102604026,0.4781609973454792,498.0,1,1.02404899870898,1.4828346456692285,1.0080236268445575,0.11419252700746008,0.11101067341878734
4351.0,-0.078768,20.907788,-1.673151,22.096558,0.11194,0.064204,0.062044,0.0021599999999999,0.047736,0.0498959999999999,0.990692,0.0452479208999307,0.3867999547184471,499.0,1,0.9987089800942724,1.3606299212597794,0.985883786490981,0.1272323292186991,0.10692520289063409
4352.0,-0.077062,20.921833,-1.673938,22.101284,0.112372,0.063579,0.06185,0.0017289999999999,0.048793,0.050522,0.995407,0.0354346845923677,0.0860348500174579,500.0,1,1.0112388787141842,1.0891338582676537,1.0077138343022967,0.1983736171081571,0.11255056433671695
4353.0,-0.075749,20.921701,-1.672757,22.101284,0.113584,0.065107,0.062333,0.0027739999999999,0.048477,0.051251,1.080273,0.0572218325838524,0.7537874284145181,501.0,1,1.0258304060207564,1.7474015748030867,1.0011875380786677,0.003033975000267475,0.11736472969502162
4354.0,-0.076274,20.921308,-1.668688,22.102203,0.11408,0.064971,0.062548,0.0024229999999999,0.049109,0.0515319999999999,0.891681,0.0493382203217266,0.5121632187118665,502.0,1,1.0314548493309694,1.5262992125983623,1.0142401305259257,0.07515824754417211,0.11397140343773657
4355.0,-0.087037,20.91842,-1.675644,22.106404,0.113226,0.064572,0.062322,0.00225,0.0486539999999999,0.0509039999999999,0.872822,0.0462439625937725,0.4173275579418594,503.0,1,1.018884919086076,1.4173228346456692,1.0048430900773437,0.12581998708179876,0.1190906979658319
4356.0,-0.076012,20.925114,-1.670395,22.110604,0.113759,0.064603,0.062805,0.0017979999999999,0.049156,0.050954,1.264151,0.0365766828732427,0.1210358651515774,504.0,1,1.0198857097106715,1.1325984251967873,1.0152108138250096,0.16591883953657544,0.12128016942235473
4357.0,-0.077324,20.91947,-1.676826,22.111523,0.113483,0.064808,0.062795,0.002013,0.0486749999999999,0.050688,1.113277,0.0413550825869011,0.2674886606553432,505.0,1,1.0145615035878344,1.2680314960629921,1.005276799636509,0.14289005796667764,0.1040478847212484
4358.0,-0.076406,20.918814,-1.676169,22.110342,0.113171,0.064046,0.061629,0.002417,0.0491249999999999,0.0515419999999999,1.061414,0.0492000162846558,0.5079274140927872,506.0,1,1.0316550074558881,1.52251968503937,1.014570575904335,0.07489386257619024,0.09701165346788472
4359.0,-0.072599,20.917764,-1.672888,22.106797,0.112739,0.064556,0.062664,0.001892,0.048183,0.050075,0.962403,0.0392661464386519,0.2034650215977929,507.0,1,1.0022918105303191,1.1918110236220474,0.9951156042503546,0.1633935366183209,0.1080838950867585
4360.0,-0.078768,20.922883,-1.675776,22.110079,0.113309,0.064572,0.062412,0.00216,0.048737,0.050897,1.000122,0.0443186015019082,0.3583173178709571,508.0,1,1.018744808398635,1.3606299212598425,1.006557275477856,0.1360872415726887,0.09817825950726222
4361.0,-0.074699,20.92472,-1.666982,22.115724,0.114733,0.065842,0.062795,0.0030469999999999,0.048891,0.051938,0.915255,0.0623210341160106,0.9100724535217845,509.0,1,1.03958126920267,1.9193700787400947,1.0097378122450675,-0.04509051779236439,0.09906555509928716
4362.0,-0.072862,20.925245,-1.673151,22.112573,0.112124,0.064073,0.06196,0.002113,0.0480509999999999,0.050164,1.089703,0.0439731957046533,0.3477310028654157,510.0,1,1.0040732178420952,1.331023622047244,0.992389429878457,0.12801130457452037,0.10210021888820675
4363.0,-0.073912,20.918157,-1.673413,22.116774,0.11374,0.064876,0.062527,0.002349,0.0488639999999999,0.0512129999999999,0.915255,0.0480712166172107,0.4733309222194681,511.0,1,1.0250698051460634,1.4796850393700787,1.009180185668996,0.11375639118900538,0.09371449299184031
4364.0,-0.078768,20.927477,-1.674069,22.116643,0.113097,0.06464,0.061698,0.002942,0.048457,0.051399,1.339588,0.0607123694745965,0.8607686179532053,512.0,1,1.028792746269553,1.853228346456693,1.0007744813556532,-0.02389810825079086,0.08392237858069192
4365.0,-0.069318,20.924458,-1.672232,22.112705,0.113272,0.064456,0.06228,0.0021759999999999,0.048816,0.0509919999999999,1.183999,0.0445746358850399,0.3661644954621397,513.0,1,1.0206463105853605,1.3707086614172597,1.0081888495337632,0.13469294300204826,0.08030322090612849
4366.0,-0.071943,20.929446,-1.682076,22.115199,0.112886,0.064193,0.062417,0.0017759999999999,0.048693,0.050469,0.938829,0.0364726660368833,0.1178478613475544,514.0,1,1.0101780406521152,1.118740157480252,1.0056485506872241,0.19626547742577116,0.0702416960640356
4367.0,-0.080212,20.92262,-1.675251,22.109948,0.113915,0.064629,0.062175,0.002454,0.0492859999999999,0.05174,0.91997,0.049790005478118,0.5260099462954773,515.0,1,1.0356181383292802,1.5458267716535434,1.0178956825246017,0.05903279900301339,0.08423088153073413
4368.0,-0.079031,20.922883,-1.681944,22.108635,0.112822,0.064635,0.061608,0.0030269999999999,0.048187,0.051214,0.905825,0.0628164688304141,0.9252569929621736,516.0,1,1.0250898209585573,1.9067716535432442,0.9951982155949577,-0.023027281535293764,0.08399170401786082
4369.0,-0.072337,20.917895,-1.677744,22.112048,0.112473,0.064052,0.061703,0.0023489999999999,0.048421,0.05077,1.099133,0.0485110073933335,0.4868100349893454,517.0,1,1.0162028002121677,1.479685039370016,1.000030979254227,0.12720195987268657,0.08915551124116687
4370.0,-0.073124,20.921045,-1.679976,22.108373,0.114034,0.065364,0.062716,0.002648,0.0486699999999999,0.051318,1.04727,0.0544061145240494,0.6674887079391507,518.0,1,1.0271714654577118,1.6680314960629923,1.0051735354557554,0.035471993151760084,0.1153223927611049
4371.0,-0.074568,20.924458,-1.681682,22.10299,0.112519,0.06495,0.06258,0.0023699999999999,0.047569,0.049939,1.202858,0.049821315955434,0.5269695786423432,519.0,1,0.9995696600314248,1.4929133858267087,0.9824347628538099,0.09480133687462078,0.11743117293076241
4372.0,-0.06958,20.924458,-1.682601,22.105747,0.1133,0.065238,0.062973,0.002265,0.0480619999999999,0.050327,0.967118,0.0471256475875414,0.4443502516947675,520.0,1,1.0073357952782698,1.4267716535433073,0.9926166110761151,0.12561952944578725,0.12405269941980665
4373.0,-0.073912,20.926821,-1.680369,22.103909,0.113355,0.065091,0.063199,0.0018919999999999,0.048264,0.0501559999999999,1.000122,0.0392002486273695,0.2014453247833341,521.0,1,1.0039130913421583,1.1918110236219843,0.9967884839785635,0.16539446342206587,0.13936820959799273
4374.0,-0.074962,20.92262,-1.686407,22.103253,0.112528,0.064446,0.062784,0.0016619999999999,0.048082,0.049744,0.839818,0.0345652309548072,0.0593870341351461,522.0,1,0.9956665765955104,1.0469291338582047,0.9930296677991316,0.2377707069485892,0.1550293465324142
4375.0,-0.075224,20.919995,-1.681026,22.102203,0.112225,0.063994,0.062049,0.0019449999999999,0.048231,0.050176,1.009551,0.0403259246972962,0.235946081762965,523.0,1,1.0043134075919977,1.225196850393638,0.9961069403855896,0.15578074469862357,0.15569895788784846
4376.0,-0.071812,20.924852,-1.680107,22.106797,0.112399,0.06392,0.06237,0.00155,0.0484789999999999,0.050029,1.240577,0.0319719471947195,0.0200943150524852,524.0,1,1.001371083155693,0.9763779527559056,1.001228843750967,0.26248074231621366,0.1644031823552166
4377.0,-0.077062,20.919995,-1.684963,22.106404,0.112169,0.063983,0.062685,0.0012979999999999,0.048186,0.049484,1.188714,0.0269367256728991,0.1744184218750041,525.0,1,0.9904624653476247,0.8176377952755276,0.9951775627588069,0.2121879007848742,0.1639870128263562
4378.0,-0.074174,20.93194,-1.684044,22.106666,0.112142,0.064141,0.06195,0.002191,0.048001,0.050192,1.188714,0.0456439315028541,0.3989372524169812,526.0,1,1.0046336605918675,1.3801574803149605,0.991356788070923,0.13358408780892084,0.15489899370607407
4379.0,-0.087825,20.918026,-1.687063,22.108767,0.112757,0.064708,0.062622,0.002086,0.0480489999999999,0.050135,1.084988,0.0434131113423518,0.3305650214715725,527.0,1,1.003492759279831,1.3140157480314962,0.9923481242061556,0.1338980734270293,0.15130974786663132
4380.0,-0.085331,20.923145,-1.685882,22.11218,0.112757,0.064971,0.062721,0.00225,0.0477859999999999,0.050036,1.099133,0.0470839349613912,0.4430718047096733,528.0,1,1.001511193843136,1.4173228346456692,0.986916428298515,0.12251423782544102,0.13864758106653713
4381.0,-0.082049,20.927346,-1.687326,22.109292,0.112454,0.064435,0.062023,0.002412,0.0480189999999999,0.050431,1.202858,0.0502290712203249,0.5394668375581184,529.0,1,1.009417439777424,1.5193700787401576,0.991728539121634,0.090639641586017,0.13667155003068515
4382.0,-0.082968,20.936009,-1.686932,22.108767,0.112656,0.064482,0.061829,0.0026529999999999,0.048174,0.050827,0.91997,0.0550700570835494,0.6878378310179005,530.0,2,1.0173437015242042,1.6711811023621417,0.9949297287249983,0.034739338242966156,0.10753186378276766
4383.0,-0.082181,20.929708,-1.686669,22.112836,0.11239,0.064325,0.062212,0.0021129999999999,0.048065,0.050178,1.03784,0.0439603878001079,0.3473384544103632,531.0,2,1.0043534392169815,1.3310236220471812,0.9926785695845692,0.1295020050276382,0.09598160907335111
4384.0,-0.084018,20.932334,-1.687588,22.11638,0.113594,0.064734,0.06237,0.0023639999999999,0.04886,0.051224,1.018981,0.048382145269233,0.4828605499232214,532.0,2,1.025289979083476,1.4891338582676537,1.0090975743243953,0.11114903894764716,0.10449840109463748
4385.0,-0.081656,20.926821,-1.689032,22.114805,0.112427,0.064277,0.062086,0.0021909999999999,0.04815,0.050341,0.967118,0.045502689456086,0.3946083360785801,533.0,2,1.007616016653156,1.3801574803148977,0.9944340606573808,0.13602043434010413,0.10990829746031787
4386.0,-0.086775,20.921701,-1.692707,22.113361,0.112803,0.06464,0.061598,0.003042,0.048163,0.051205,0.915255,0.0631592060460095,0.9357615188191576,534.0,2,1.0249096786461305,1.916220472440945,0.9947025475273402,-0.028916120162961412,0.10559238231886821
4387.0,-0.087431,20.921833,-1.694938,22.120975,0.112684,0.064409,0.062002,0.0024069999999999,0.048275,0.050682,1.311299,0.0498591432595905,0.5281289447004511,535.0,2,1.0144414087128832,1.516220472440882,0.9970156651762213,0.09668535369070863,0.10505522252490045
4388.0,-0.0852,20.919732,-1.690476,22.117693,0.113502,0.064923,0.063231,0.0016919999999999,0.048579,0.050271,1.018981,0.0348291477974474,0.0674758006053746,536.0,2,1.0062149097787254,1.0658267716534804,1.0032941273660416,0.21875200802178457,0.12073501273509515
4389.0,-0.084018,20.928396,-1.684832,22.122288,0.111646,0.064225,0.062485,0.00174,0.0474209999999999,0.0491609999999999,1.014266,0.0366918307958332,0.1245650247385479,537.0,2,0.9839973579127491,1.0960629921259843,0.9793781431035007,0.18799703708383309,0.11618357446309065
4390.0,-0.093731,20.929052,-1.688901,22.127013,0.112022,0.064482,0.06207,0.0024119999999999,0.04754,0.0499519999999999,1.188714,0.050735154918912,0.5549777568738692,538.0,2,0.9998298655938171,1.5193700787400946,0.9818358306054389,0.07935508641094458,0.13079083144382797
4391.0,-0.095044,20.923933,-1.696382,22.128326,0.112078,0.064031,0.061603,0.002428,0.0480469999999999,0.050475,1.004836,0.0505328005328006,0.5487758132725942,539.0,2,1.0102981355270664,1.5294488188976378,0.9923068185338542,0.08526804364633922,0.12236925497740599
4392.0,-0.096094,20.926558,-1.693757,22.131214,0.113134,0.064582,0.062769,0.0018129999999999,0.048552,0.0503649999999999,1.259436,0.0373406380656189,0.1444502675179813,540.0,2,1.008096396152959,1.1420472440944252,1.002736500789972,0.1915372403449132,0.12561039527153164
4393.0,-0.094256,20.923277,-1.695594,22.138434,0.113428,0.065018,0.062522,0.002496,0.0484099999999999,0.050906,1.018981,0.0515585300861377,0.5802133173574135,541.0,2,1.0189249507110618,1.5722834645669292,0.999803798056567,0.08398762230759327,0.1301518780946841
4394.0,-0.094125,20.919864,-1.691919,22.137647,0.111738,0.063789,0.062249,0.0015399999999999,0.047949,0.049489,0.901111,0.0321167883211678,0.0156550908051623,542.0,2,0.990562544410084,0.9700787401574174,0.9902828405910852,0.25722160875502026,0.11653738873844244
4395.0,-0.099244,20.918814,-1.689557,22.136728,0.112372,0.064593,0.062013,0.0025799999999999,0.047779,0.050359,1.334873,0.0539974884889074,0.6549647608547096,543.0,2,1.0079763012780096,1.6251968503936378,0.9867718584454621,0.05180466967588426,0.09458790985659601
4396.0,-0.1041,20.921833,-1.698613,22.13594,0.112638,0.06454,0.061771,0.002769,0.048098,0.050867,0.806814,0.0575687644233767,0.7644205149690764,544.0,2,1.018144334023879,1.7442519685039373,0.9933601131775432,0.003495282778295472,0.0929691116280533
4397.0,-0.101869,20.924195,-1.687719,22.140403,0.112482,0.064094,0.062049,0.0020449999999999,0.048388,0.050433,1.160425,0.042261671040939,0.2952746185955652,545.0,2,1.0094574714024078,1.28818897637789,0.9993494356612532,0.14210018192223306,0.08920952250715221
4398.0,-0.096225,20.914482,-1.692051,22.143291,0.113538,0.065049,0.062532,0.0025169999999999,0.048489,0.0510059999999999,1.023696,0.0519076098164568,0.590912234447335,546.0,2,1.0209265319602465,1.585511811023559,1.0014353721124765,0.08260711445936808,0.07471020394770722
4399.0,-0.095175,20.920389,-1.691263,22.142766,0.112252,0.064766,0.061603,0.003163,0.047486,0.050649,1.018981,0.0666077031608652,1.0414542345862556,547.0,2,1.0137808869006515,1.9924409448818898,0.9807205774532998,-0.03149775173463132,0.08794448144073204
4400.0,-0.099638,20.924852,-1.699663,22.141716,0.113318,0.064713,0.062139,0.002574,0.0486049999999999,0.051179,1.183999,0.0529564251326998,0.6230572922565221,548.0,2,1.024389267521342,1.6214173228346456,1.0038311011059584,0.06316710412551751,0.07592775348606633
4401.0,-0.105019,20.922226,-1.695332,22.142635,0.111434,0.064335,0.061813,0.002522,0.047099,0.049621,1.202858,0.0535456475583864,0.6411163238542061,549.0,2,0.9932046316590106,1.5886614173228346,0.9727279298629695,0.04767215243732825,0.09569714042445465
4402.0,-0.102525,20.925639,-1.696644,22.145129,0.113244,0.064524,0.061929,0.002595,0.04872,0.051315,1.198144,0.053262453562119,0.6324367334246519,550.0,2,1.027111418020236,1.6346456692913387,1.0062061772632938,0.046544054750463415,0.09321462817154547
4403.0,-0.101213,20.928396,-1.694413,22.150118,0.112776,0.063542,0.062144,0.001398,0.049234,0.050632,0.915255,0.0283944348532548,0.1297412083124025,551.0,2,1.0134406180882898,0.8806299212598425,1.0168217350447661,0.21633039723784142,0.09221850867134687
4404.0,-0.102131,20.924458,-1.696776,22.146836,0.113511,0.064624,0.062559,0.0020649999999999,0.048887,0.050952,1.089703,0.0422394043528063,0.2945921686292476,552.0,2,1.0198456780856877,1.30078740157474,1.0096552009004647,0.13705432920836313,0.08228668825104052
4405.0,-0.106594,20.925114,-1.697694,22.149461,0.11295,0.064388,0.062926,0.001462,0.0485619999999999,0.050024,1.160425,0.0301052241418364,0.0773073624969272,553.0,2,1.0012710040932338,0.9209448818897638,1.0029430291514772,0.2494985390597675,0.09357869186740866
4406.0,-0.106069,20.92052,-1.698351,22.150774,0.113759,0.065128,0.06228,0.002848,0.0486309999999999,0.051479,1.132136,0.0585622635301859,0.7948701906432989,554.0,2,1.0303940112689025,1.794015748031496,1.0043680748458772,-0.021329839750796387,0.10030515332351989
4407.0,-0.109613,20.925508,-1.700582,22.148936,0.113125,0.064603,0.062328,0.0022749999999999,0.048522,0.050797,0.835103,0.0468849823794899,0.4369741227370154,555.0,2,1.016743227149448,1.4330708661416693,1.0021169157054504,0.13213898692024717,0.11030361952343012
4408.0,-0.103706,20.925114,-1.697169,22.14828,0.112169,0.064256,0.061267,0.0029889999999999,0.047913,0.050902,0.712518,0.0623826021622071,0.9119594477080176,556.0,2,1.0188448874610945,1.8828346456692284,0.9895393384896591,-0.016711089743695506,0.10582442662310454
4409.0,-0.110007,20.915926,-1.694544,22.151037,0.112904,0.064367,0.061871,0.0024959999999999,0.048537,0.051033,0.863392,0.0514236268490665,0.5760786786968786,557.0,2,1.0214669588975291,1.5722834645668664,1.0024267082477112,0.0814222844290502,0.09732868325122834
4410.0,-0.110925,20.919995,-1.700844,22.14828,0.11228,0.064361,0.06217,0.0021909999999999,0.047919,0.05011,1.014266,0.0457220367278797,0.4013310932913128,558.0,2,1.0029923639675344,1.3801574803148977,0.9896632555065635,0.13043171868662973,0.08692819817700617
4411.0,-0.110925,20.923539,-1.704257,22.146311,0.112932,0.06434,0.062343,0.0019969999999999,0.048592,0.050589,0.985977,0.0410964542218013,0.2595619803156523,559.0,2,1.0125799381511396,1.2579527559054489,1.003562614236001,0.14765681443643064,0.07042650593027618
4412.0,-0.107119,20.926821,-1.700976,22.146311,0.113345,0.065354,0.062569,0.0027849999999999,0.047991,0.050776,1.28301,0.0580305050841806,0.7785723680212984,560.0,2,1.0163228950871188,1.7543307086613544,0.9911502597094156,0.0017521257472074003,0.08495839425076025
4413.0,-0.110925,20.926821,-1.700844,22.148411,0.113483,0.064593,0.062448,0.002145,0.04889,0.051035,1.000122,0.0438731054795361,0.3446633454592924,561.0,2,1.0215069905225127,1.351181102362205,1.009717159408917,0.13137296351907957,0.0831700262208099
4414.0,-0.112107,20.932202,-1.701501,22.15038,0.113998,0.06548,0.062811,0.0026689999999999,0.048518,0.0511869999999999,1.000122,0.0550093777695333,0.6859780755140854,562.0,2,1.0245493940212749,1.6812598425196221,1.0020343043608473,0.03304947846614148,0.08534176676221347
4415.0,-0.113157,20.933777,-1.695857,22.146311,0.11182,0.063737,0.061293,0.002444,0.048083,0.050527,1.183999,0.0508277181598868,0.5578147203373709,563.0,2,1.0113389577766436,1.539527559055118,0.9930503206352823,0.08448161659246745,0.07517399856211794
4416.0,-0.112894,20.925114,-1.699926,22.146967,0.112381,0.064025,0.061698,0.0023269999999999,0.0483559999999999,0.0506829999999999,1.339588,0.0481212647600139,0.474864843796257,564.0,2,1.0144614245253731,1.4658267716534803,0.9986885449044279,0.12398904345404438,0.07810132953883783
4417.0,-0.118276,20.93404,-1.699794,22.148805,0.113006,0.064298,0.061955,0.0023429999999999,0.048708,0.0510509999999999,1.311299,0.0481019934714321,0.4742741995942461,565.0,2,1.0218272435223807,1.4759055118109605,1.0059583432294852,0.11425530662074379,0.07688113603239752
4418.0,-0.118669,20.927346,-1.701894,22.149461,0.113355,0.064944,0.06216,0.002784,0.0484109999999999,0.051195,1.000122,0.057506403371065,0.762509216001034,566.0,2,1.0247095205212118,1.7537007874015749,0.9998244508927178,0.005006315670340045,0.08856548512669747
4419.0,-0.116307,20.929971,-1.689426,22.143291,0.112969,0.064782,0.06185,0.002932,0.0481869999999999,0.051119,1.235862,0.0608450236573421,0.8648343255253095,567.0,2,1.0231883187718298,1.8469291338582678,0.9951982155949555,-0.020255397571905087,0.07672278991955615
4420.0,-0.117226,20.931021,-1.695988,22.144998,0.111921,0.064052,0.062149,0.0019029999999999,0.047869,0.049772,0.976548,0.0397534990599539,0.2184018536049086,568.0,2,0.9962270193452828,1.198740157480252,0.9886306136990273,0.1597050284538286,0.0695866743978043
4421.0,-0.124445,20.929052,-1.712132,22.143948,0.113042,0.064792,0.062674,0.002118,0.04825,0.050368,0.901111,0.0438954633064601,0.34534858873123,569.0,2,1.0081564435904367,1.334173228346457,0.9964993442724533,0.1354548793720275,0.0736860323295533
4422.0,-0.119851,20.930102,-1.702419,22.147492,0.111995,0.064225,0.061981,0.002244,0.0477699999999999,0.0500139999999999,0.976548,0.0469741056289381,0.4397056541718496,570.0,2,1.001070845968313,1.4135433070866141,0.9865859829201036,0.11859561669020702,0.07059918821100065
4423.0,-0.119457,20.927739,-1.703732,22.147361,0.11442,0.065795,0.063084,0.002711,0.0486249999999999,0.0513359999999999,1.217003,0.0557520667955415,0.708740692826733,571.0,2,1.0275317500825634,1.7077165354330708,1.004244157828973,0.012946011447666383,0.07330893148866521
4424.0,-0.115782,20.924327,-1.703732,22.144867,0.112757,0.064818,0.061445,0.003373,0.0479389999999999,0.0513119999999999,0.952974,0.0703587818105966,1.1564207479228013,572.0,2,1.0270513705827584,2.124724409448819,0.9900763122295759,-0.03831167675137703,0.08135166568028682
4425.0,-0.1062,20.93089,-1.702026,22.146836,0.112813,0.063926,0.061698,0.0022279999999999,0.048887,0.0511149999999999,0.985977,0.0455735558828341,0.3967803155961062,573.0,2,1.0231082555218602,1.403464566929071,1.0096552009004647,0.12547519590995737,0.08968256636708047
4426.0,-0.1062,20.92577,-1.705176,22.14723,0.112206,0.064146,0.06175,0.0023959999999999,0.04806,0.050456,0.91054,0.0498533114167411,0.5279502050094638,574.0,2,1.0099178350897209,1.509291338582614,0.9925753054038156,0.09312060226851793,0.0762570775421099
4427.0,-0.118669,20.928921,-1.701369,22.150774,0.113097,0.064556,0.06248,0.002076,0.048541,0.050617,0.872822,0.0427670882946726,0.3107651120956287,575.0,2,1.0131403809009119,1.307716535433071,1.002509319592314,0.14135273939738935,0.07539548029079571
4428.0,-0.117094,20.924458,-1.710819,22.144604,0.112537,0.06423,0.06174,0.0024899999999999,0.048307,0.0507969999999999,0.896396,0.0515442576798872,0.5797758835052449,576.0,2,1.016743227149446,1.568503937007811,0.9976765559330446,0.08543365758655619,0.06732193267526938
4429.0,-0.115388,20.926952,-1.703469,22.153137,0.113189,0.06474,0.062175,0.002565,0.0484489999999999,0.051014,1.169855,0.0529411764705883,0.6225899372155583,577.0,2,1.0210866584601834,1.615748031496063,1.0006092586664455,0.06305360929603143,0.08039105471329072
4430.0,-0.117882,20.92577,-1.708457,22.154318,0.112022,0.064277,0.061624,0.002653,0.0477449999999999,0.050398,1.16514,0.055564864072383,0.7030031313468685,578.0,2,1.0087569179651925,1.6711811023622047,0.9860696620163354,0.02545014020412295,0.08019855698051157
4431.0,-0.117882,20.921964,-1.706357,22.156287,0.11239,0.064782,0.062748,0.002034,0.047608,0.049642,0.830388,0.0427230145560715,0.3094142995614668,579.0,2,0.9936249637213399,1.281259842519685,0.9832402234636881,0.12683890685888555,0.07961921831046849
4432.0,-0.120769,20.927214,-1.706226,22.152612,0.111903,0.06412,0.061503,0.0026169999999999,0.047783,0.0504,1.136851,0.0547672861208771,0.6785582276908744,580.0,2,1.0087969495901763,1.648503937007811,0.986854469790065,0.03786014053494369,0.06639960040485464
4433.0,-0.121557,20.929446,-1.7099,22.1576,0.11374,0.064629,0.062727,0.001902,0.0491109999999999,0.0510129999999999,1.070844,0.0387278058315686,0.186965462840668,581.0,2,1.0210666426476898,1.1981102362204725,1.0142814361982249,0.1436372318278798,0.0542930061908843
4434.0,-0.121294,20.930233,-1.702944,22.157075,0.113548,0.065149,0.061965,0.0031839999999999,0.048399,0.051583,0.967118,0.0657851239669421,1.0162430698256095,582.0,2,1.0324756557680568,2.0056692913385197,0.9995766168589112,-0.040236654079168654,0.04174435308259709
4435.0,-0.118276,20.929971,-1.705438,22.157206,0.111958,0.064509,0.062359,0.0021499999999999,0.047449,0.049599,0.971833,0.0453108535300315,0.3887287719290131,583.0,2,0.9927642837841895,1.3543307086613543,0.979956422515723,0.11968180920952665,0.034400571226702495
4436.0,-0.120244,20.92262,-1.707932,22.160619,0.113391,0.064929,0.061808,0.0031209999999999,0.048462,0.051583,1.160425,0.0643996450900686,0.973779637130862,584.0,2,1.0324756557680568,1.965984251968441,1.0008777455364068,-0.039075576787620525,0.02783189179837333
4437.0,-0.119588,20.927871,-1.708457,22.164295,0.112868,0.064944,0.062275,0.002669,0.0479239999999999,0.050593,1.306584,0.0556911841418884,0.7068747051824384,585.0,2,1.012660001401107,1.681259842519685,0.989766519687315,0.020286797257685896,0.013690589189294245
4438.0,-0.114994,20.926952,-1.705963,22.164295,0.113355,0.065034,0.061871,0.0031629999999999,0.048321,0.0514839999999999,0.882251,0.0654567277844458,1.0061780811596606,586.0,2,1.0304940903313597,1.9924409448818268,0.9979656956391547,-0.04005287349631592,0.008369767021698204
4439.0,-0.123001,20.92262,-1.709113,22.161538,0.112408,0.064104,0.061262,0.0028419999999999,0.048304,0.051146,1.084988,0.0588344891833143,0.8032136131900829,587.0,2,1.0237287457091102,1.790236220472378,0.9976145974245924,-0.010384209262914501,-0.006505092467469553
4440.0,-0.117357,20.918682,-1.707275,22.164295,0.113051,0.064666,0.061456,0.00321,0.048385,0.051595,1.240577,0.0663415037407515,1.0332955095792853,588.0,2,1.0327158455179593,2.0220472440944883,0.999287477152801,-0.040236654079168654,-0.003217927592157166
4441.0,-0.111319,20.923145,-1.706619,22.162195,0.112785,0.064803,0.061866,0.002937,0.047982,0.050919,1.018981,0.0612091782506304,0.8759952709000067,589.0,2,1.019185156273456,1.8500787401574803,0.9909643841840591,-0.014574119231905325,-0.015143289940857185
4442.0,-0.122082,20.928921,-1.706488,22.161276,0.112454,0.064246,0.061325,0.002921,0.048208,0.051129,0.962403,0.0605903462009168,0.8570287362736055,590.0,2,1.0233884768967485,1.84,0.9956319251541229,-0.015348081141016712,-0.007534119982377329
4443.0,-0.120376,20.928658,-1.707144,22.16482,0.112537,0.064524,0.061713,0.002811,0.048013,0.050824,1.094418,0.05854542425126,0.7943540849131911,591.0,2,1.0172836540867285,1.770708661417323,0.9916046221047315,-0.00511136306379778,-0.013006120755009721
4444.0,-0.117882,20.929971,-1.709638,22.165345,0.112215,0.064482,0.061687,0.0027949999999999,0.047733,0.0505279999999999,0.976548,0.0585536514853144,0.7946062407600702,592.0,2,1.0113589735891335,1.7606299212597796,0.9858218279825287,-0.007365005326044782,0.011000567170199548
4445.0,-0.117488,20.920258,-1.707932,22.166133,0.112271,0.064782,0.062034,0.002748,0.0474889999999999,0.050237,1.179284,0.057864813644978,0.7734941041847898,593.0,2,1.0055343721540015,1.7310236220472441,0.9807825359617499,0.00042818572252645293,0.025410263284321066
4446.0,-0.120769,20.923539,-1.710032,22.167052,0.112519,0.064766,0.062144,0.002622,0.0477529999999999,0.0503749999999999,0.938829,0.0549063952757885,0.6828217731951796,594.0,2,1.0082965542778775,1.651653543307087,0.9862348847055412,0.03701612279717803,0.03443881880552779
4447.0,-0.122476,20.919207,-1.705569,22.160751,0.113603,0.065637,0.062417,0.00322,0.0479659999999999,0.0511859999999999,0.901111,0.0671294848541706,1.0574462805025568,595.0,2,1.024529378208783,2.0283464566929137,0.9906339388056454,-0.03443321046863801,0.036308011823065554
4448.0,-0.122607,20.924852,-1.700582,22.165739,0.112996,0.064209,0.062475,0.0017339999999999,0.048787,0.0505209999999999,0.924685,0.0355415266049028,0.0893094424230029,596.0,2,1.0112188629016903,1.0922834645668662,1.0075899172853922,0.20001400575577677,0.047828285916274714
4449.0,-0.118932,20.926821,-1.702419,22.166789,0.112859,0.06422,0.062028,0.0021919999999999,0.048639,0.050831,0.688944,0.0450657894736842,0.3812178230171883,597.0,2,1.0174237647741717,1.3807874015747403,1.0045332975350851,0.13371275187830067,0.04525058847842352
4450.0,-0.118932,20.927214,-1.70675,22.165739,0.112932,0.064052,0.061472,0.0025799999999999,0.04888,0.05146,1.146281,0.0527812442462306,0.6176881871000595,598.0,2,1.030013710831557,1.6251968503936378,1.0095106310474096,0.050048901132898616,0.04058518589393273
4451.0,-0.120769,20.929315,-1.711475,22.165477,0.113015,0.064656,0.061866,0.00279,0.048359,0.051149,1.03784,0.0576923076923078,0.76820698286311,599.0,2,1.0237887931465859,1.75748031496063,0.9987505034128822,0.0041178109434723,0.03653707997204849
4452.0,-0.114469,20.93824,-1.701369,22.16272,0.112996,0.064099,0.061713,0.002386,0.0488969999999999,0.051283,1.02841,0.0487954517567182,0.4955279478219407,600.0,2,1.0264709120204962,1.502992125984252,1.0098617292619698,0.09985465979107488,0.04207453202983619
4453.0,-0.121426,20.924458,-1.703076,22.168627,0.112583,0.064519,0.061451,0.003068,0.0480639999999999,0.051132,1.334873,0.0638302298970146,0.9563276758420824,601.0,2,1.023448524334224,1.9325984251968504,0.9926579167484164,-0.030888337442309788,0.04987553683510484
4454.0,-0.116832,20.939422,-1.703207,22.164951,0.113309,0.064351,0.061267,0.003084,0.048958,0.052042,1.042555,0.0629914826691722,0.9306209782865305,602.0,2,1.0416629137018245,1.9426771653543307,1.0111215522671662,-0.054019031170952636,0.042361968577366314
4455.0,-0.126413,20.929971,-1.709244,22.159832,0.112895,0.064566,0.06144,0.0031259999999999,0.048329,0.0514549999999999,1.240577,0.0646803227808813,0.9823821055132296,603.0,2,1.0299136317690956,1.9691338582676536,0.9981309183283604,-0.04005287349631592,0.03636422762575098
4456.0,-0.125495,20.926952,-1.705701,22.161145,0.112445,0.064004,0.061566,0.002438,0.048441,0.050879,0.622937,0.050328227571116,0.5425058727237608,604.0,2,1.0183845237737814,1.5357480314960632,1.0004440359772415,0.09239064337505498,0.037606566621074776
4457.0,-0.116832,20.924458,-1.700319,22.160357,0.113419,0.064929,0.062291,0.002638,0.04849,0.051128,1.042555,0.0544018477655647,0.667357936395272,605.0,2,1.0233684610842566,1.6617322834645671,1.001456024948627,0.04357683758404851,0.04768185864479293
4458.0,-0.115651,20.934828,-1.701369,22.161276,0.1133,0.064125,0.061986,0.002139,0.0491749999999999,0.051314,0.901111,0.0434968277208394,0.3331308381452853,606.0,2,1.0270914022077442,1.3474015748031496,1.0156032177118712,0.12487832317839154,0.037738787087597446
4459.0,-0.120638,20.936665,-1.704519,22.161407,0.113153,0.064241,0.061745,0.002496,0.048912,0.051408,0.891681,0.0510293786927811,0.5639953980861843,607.0,2,1.0289728885819798,1.5722834645669292,1.0101715218042329,0.0737353423621473,0.03982545443893924
4460.0,-0.120638,20.934696,-1.704257,22.164951,0.113566,0.06454,0.062039,0.002501,0.049026,0.051527,0.985977,0.0510127072837416,0.5634844373869692,608.0,2,1.0313547702685122,1.575433070866142,1.0125259451254154,0.06247229108613661,0.043761445966190894
4461.0,-0.123657,20.930758,-1.705963,22.162457,0.113006,0.064288,0.061908,0.00238,0.048718,0.051098,1.287725,0.0488515774133295,0.4972481386395309,609.0,2,1.0227679867095005,1.499212598425197,1.0061648715909923,0.10487073118065382,0.05918486661172513
4462.0,-0.120376,20.931415,-1.700844,22.160619,0.111526,0.064398,0.061698,0.0026999999999999,0.047128,0.049828,0.820959,0.0572895669333105,0.755863413142505,610.0,2,0.9973479048448274,1.7007874015747402,0.9733268621113406,0.00042394421912006486,0.050167198833121374
4463.0,-0.119851,20.936796,-1.701632,22.163901,0.112059,0.064456,0.061619,0.0028369999999999,0.047603,0.05044,1.339588,0.0595958322830014,0.8265479577339201,611.0,2,1.009597582089851,1.7870866141731654,0.9831369592829345,-0.01002166392889181,0.042348219280007225
4464.0,-0.125888,20.930758,-1.700976,22.164951,0.112252,0.064214,0.061325,0.0028889999999999,0.048038,0.050927,1.212288,0.0601386373571472,0.8431843475895147,612.0,2,1.019345282773391,1.8198425196849763,0.9921209430084996,-0.01465911589843616,0.02728066303538106
4465.0,-0.126676,20.936928,-1.701107,22.166133,0.112243,0.064298,0.06195,0.0023479999999999,0.047945,0.050293,1.066129,0.0489717598965502,0.5009316020777075,613.0,2,1.0066552576535464,1.4790551181101734,0.9902002292464823,0.11418133295902644,0.026230612657946305
4466.0,-0.126545,20.931152,-1.702551,22.167183,0.112004,0.064477,0.06174,0.002737,0.047527,0.050264,1.023696,0.0575871065477193,0.7649826812896878,614.0,2,1.0060747990912822,1.7240944881889764,0.9815673437354795,0.0022139655890174303,0.02420492101025058
4467.0,-0.13022,20.946247,-1.700713,22.171909,0.112868,0.065013,0.061782,0.003231,0.0478549999999999,0.051086,1.094418,0.0675150451354063,1.0692632871168817,615.0,2,1.022527796959598,2.0352755905511812,0.988341473992915,-0.03461295794709296,0.011708040692092869
4468.0,-0.128776,20.940078,-1.699926,22.17204,0.113456,0.065123,0.062112,0.003011,0.048333,0.051344,1.29244,0.0622956924732072,0.9092957595125726,616.0,2,1.0276918765825003,1.8966929133858268,0.9982135296729634,-0.025797239267870142,0.02467914212690413
4469.0,-0.128513,20.934828,-1.702551,22.169546,0.113107,0.064645,0.062076,0.0025689999999999,0.048462,0.051031,1.075559,0.0530095124115303,0.6246843600734304,617.0,2,1.0214269272725454,1.61826771653537,1.0008777455364068,0.06323483858779977,0.037850801398519596
4470.0,-0.12497,20.93824,-1.705438,22.168496,0.114007,0.065144,0.062559,0.0025849999999999,0.048863,0.0514479999999999,0.853963,0.0529019318925996,0.6213871332436807,618.0,2,1.0297735210816525,1.6283464566928503,1.0091595328328473,0.042215374609179346,0.040839482650372814
4471.0,-0.132845,20.93299,-1.699663,22.171646,0.1125,0.065212,0.062212,0.003,0.047288,0.050288,1.070844,0.0634397005646134,0.9443583731709606,619.0,2,1.006555178591087,1.8897637795275593,0.9766313158954563,-0.020098072000923284,0.042174188358643526
4472.0,-0.130351,20.936271,-1.699269,22.166921,0.112675,0.06474,0.062543,0.002197,0.0479349999999999,0.0501319999999999,1.29244,0.0458319425901202,0.4046995893845475,620.0,2,1.0034327118423534,1.3839370078740159,0.9899937008849731,0.13013495856723267,0.04032637704732313
4473.0,-0.127726,20.93719,-1.700582,22.170465,0.113511,0.06453,0.062286,0.002244,0.048981,0.051225,1.254721,0.0458127475399126,0.4041112818064478,621.0,2,1.0253099948959679,1.4135433070866141,1.0115965674986327,0.12169492878726285,0.04961250982159467
4474.0,-0.127463,20.934302,-1.701369,22.164951,0.112803,0.064598,0.061881,0.002717,0.048205,0.050922,0.990692,0.0563622785545368,0.7274430248435972,622.0,2,1.0192452037109316,1.7114960629921259,0.9955699666456707,0.015227696620096043,0.06053118375395716
4475.0,-0.125363,20.939028,-1.702157,22.168365,0.113015,0.064587,0.062244,0.002343,0.048428,0.050771,1.070844,0.0483801028309485,0.4827979513935156,623.0,2,1.0162228160246594,1.4759055118110238,1.0001755491072821,0.12752839004173355,0.04995855063586393
4476.0,-0.130614,20.944935,-1.696776,22.165608,0.113088,0.064698,0.061782,0.002916,0.0483899999999999,0.051306,0.938829,0.0602591390961131,0.8468775958718164,624.0,2,1.026931275707809,1.8368503937007876,0.9993907413335525,-0.01626414752418659,0.05225087231627059
4477.0,-0.117882,20.939684,-1.700713,22.167183,0.113051,0.063443,0.061136,0.0023069999999999,0.049608,0.0519149999999999,0.924685,0.0465036586103327,0.4252869606468532,625.0,2,1.0391209055153552,1.4532283464566298,1.024545895765137,0.058248369795622534,0.05290271856679275
4478.0,-0.127988,20.937453,-1.700844,22.164426,0.112565,0.064167,0.061666,0.002501,0.048398,0.050899,1.089703,0.0516746213764747,0.5837713901479566,626.0,2,1.0187848400236188,1.575433070866142,0.9995559640227604,0.08338950005575474,0.038697109330669346
4479.0,-0.129301,20.930102,-1.697957,22.162851,0.113189,0.065417,0.061729,0.003688,0.0477719999999999,0.05146,1.202858,0.0771984175161703,1.3660482025799454,627.0,2,1.030013710831557,2.3231496062992125,0.9866272885924049,-0.04249149259313256,0.022806415058310537
4480.0,-0.129038,20.934302,-1.699007,22.16482,0.113685,0.065265,0.062695,0.00257,0.0484199999999999,0.0509899999999999,1.108562,0.0530761446479833,0.6267265662269514,628.0,2,1.0206062789603767,1.6188976377952755,1.0000103264180744,0.06513859141324596,0.030819842904829954
4481.0,-0.13022,20.937978,-1.702026,22.162195,0.112693,0.064776,0.061881,0.002895,0.047917,0.050812,1.349017,0.060415710171543,0.8516763303992374,629.0,2,1.0170434643368262,1.8236220472440945,0.9896219498342621,-0.013579609495701694,0.03730968087377801
4482.0,-0.126938,20.932859,-1.696382,22.165739,0.113189,0.065086,0.062233,0.002853,0.0481029999999999,0.050956,1.264151,0.0593089971727924,0.8177567710906897,630.0,2,1.0199257413356553,1.7971653543307087,0.9934633773582948,-0.011921133794001393,0.037055066845930414
4483.0,-0.12707,20.937322,-1.695594,22.164033,0.113658,0.065312,0.062238,0.0030739999999999,0.048346,0.0514199999999999,0.91997,0.0635820216352616,0.9487203604270584,631.0,2,1.0292130783318802,1.9363779527558427,0.9984820165429228,-0.03721201393632523,0.04351894142930138
4484.0,-0.12707,20.93929,-1.697826,22.161801,0.113226,0.06474,0.062312,0.002428,0.0484859999999999,0.0509139999999999,1.000122,0.0500752779095429,0.5347532385200489,632.0,2,1.0190850772109947,1.5294488188976378,1.0013734136040222,0.09536197508529021,0.03205829892068794
4485.0,-0.13547,20.937453,-1.699663,22.159569,0.112298,0.064424,0.062627,0.0017969999999999,0.047874,0.0496709999999999,1.113277,0.0375352480417753,0.1504148533100737,633.0,2,0.9942054222836021,1.131968503936945,0.9887338778797808,0.19242676973121414,0.05007962293579107
4486.0,-0.127463,20.938503,-1.696644,22.161013,0.112941,0.064855,0.061908,0.0029469999999999,0.048086,0.051033,1.084988,0.0612847547154116,0.8783116080012858,634.0,2,1.0214669588975291,1.8563779527558424,0.9931122791437343,-0.018810287802662584,0.052973503674885625
4487.0,-0.134682,20.936796,-1.696119,22.161801,0.1125,0.063884,0.061587,0.0022969999999999,0.048616,0.050913,1.033125,0.0472468478104365,0.4480649077558611,635.0,2,1.0190650613985048,1.4469291338582047,1.0040582823036184,0.12288711562933219,0.050959983920756936
4488.0,-0.126938,20.933121,-1.699401,22.162195,0.113851,0.064829,0.061971,0.0028579999999999,0.0490219999999999,0.0518799999999999,1.042555,0.0582991656977337,0.7868065259516499,636.0,2,1.0384203520781397,1.8003149606298585,1.0124433337808105,-0.03121692503037965,0.04689156638084562
4489.0,-0.124576,20.93929,-1.699663,22.161145,0.113107,0.064057,0.062086,0.001971,0.0490499999999999,0.051021,1.278295,0.0401826670200403,0.2315553885249055,637.0,2,1.0212267691476267,1.2415748031496063,1.0130216131930307,0.13772174755789868,0.04536720393866267
4490.0,-0.13442,20.931546,-1.704913,22.159569,0.112592,0.064199,0.061766,0.002433,0.0483929999999999,0.0508259999999999,1.353732,0.0502748274579494,0.5408692168719886,638.0,2,1.0173236857117103,1.5325984251968503,0.9994526998420048,0.09407739880419164,0.055391490997756844
4491.0,-0.127463,20.947822,-1.700319,22.159438,0.113355,0.064509,0.061561,0.0029479999999999,0.048846,0.051794,1.075559,0.0603517104428112,0.8497148077669898,639.0,2,1.036698992203841,1.857007874015685,1.008808434618285,-0.0337148070369887,0.038324763495437175
4492.0,-0.12392,20.93614,-1.700451,22.161407,0.113906,0.065422,0.061855,0.0035669999999999,0.048484,0.0520509999999999,0.91054,0.0735691450964214,1.2548149187678637,640.0,2,1.0418430560142493,2.2469291338582047,1.0013321079317228,-0.05260530919311446,0.039090873538997574
4493.0,-0.123788,20.930627,-1.698219,22.156419,0.113805,0.065028,0.061871,0.003157,0.048777,0.051934,0.896396,0.0647218008118414,0.9836533624088646,641.0,2,1.0395012059527027,1.9886614173228347,1.007383388923885,-0.0524556383581547,0.026321072048793803
4494.0,-0.123395,20.935878,-1.700319,22.159044,0.112941,0.064283,0.062485,0.001798,0.0486579999999999,0.050456,0.877537,0.036951026531577,0.1325090943763032,642.0,2,1.0099178350897209,1.1325984251968504,1.0049257014219468,0.19560484567623182,0.030299035218199055
4495.0,-0.120507,20.942309,-1.691001,22.159701,0.114154,0.065013,0.062385,0.0026279999999999,0.049141,0.051769,1.089703,0.0534776769362255,0.6390330976228094,643.0,2,1.0361985968915444,1.6554330708660787,1.0149010212827487,0.021759494708017524,0.03016684479696936
4496.0,-0.127201,20.931021,-1.700057,22.160094,0.112519,0.064572,0.061703,0.002869,0.0479469999999999,0.0508159999999999,0.896396,0.0598356552932344,0.8338982742372383,644.0,2,1.0171235275867916,1.8072440944881891,0.9902415349187816,-0.01114918736705861,0.03839163183001624
4497.0,-0.124838,20.931677,-1.701894,22.155369,0.112408,0.064451,0.061635,0.0028159999999999,0.047957,0.0507729999999999,0.981262,0.058718044956003,0.7996447232620867,645.0,2,1.0162628476496414,1.7738582677164727,0.990448063280291,-0.0048108992727055044,0.03809981421125567
4498.0,-0.117882,20.935878,-1.702288,22.1576,0.112427,0.064325,0.061593,0.0027319999999999,0.048102,0.050834,0.891681,0.0567947945034611,0.7406991720091147,646.0,2,1.0174838122116472,1.7209448818897009,0.993442724522146,0.00856270666367287,0.03858111525982759
4499.0,-0.120376,20.939684,-1.697432,22.154712,0.11239,0.063763,0.061614,0.0021489999999999,0.048627,0.050776,1.28301,0.0441926462120588,0.3544569241382609,647.0,2,1.0163228950871188,1.353700787401512,1.0042854635012763,0.13639984334560173,0.052675548353563716
4500.0,-0.12707,20.93929,-1.700319,22.159175,0.111875,0.06338,0.061498,0.001882,0.0484949999999999,0.050377,0.858677,0.0388073243154076,0.1894026185727737,648.0,2,1.0083365859028632,1.185511811023622,1.0015592891293787,0.1763252691346604,0.029998756217759527
4501.0,-0.117751,20.939553,-1.699138,22.157731,0.112904,0.064997,0.061629,0.0033679999999999,0.047907,0.051275,1.033125,0.0703014110378224,1.1546623956382538,649.0,2,1.0263107855205613,2.1215748031495436,0.9894154214727547,-0.036632983224594406,0.04122949384546298
4502.0,-0.12392,20.938503,-1.692182,22.156681,0.113327,0.064829,0.061461,0.0033679999999999,0.048498,0.0518659999999999,0.943544,0.069444730819192,1.1284060712640978,650.0,2,1.0381401307032536,2.1215748031495436,1.001621247637833,-0.04779229870739521,0.03803467912751205
4503.0,-0.122345,20.940209,-1.699401,22.158782,0.113502,0.064666,0.062223,0.002443,0.048836,0.051279,0.858677,0.0500235477199664,0.5331677640245269,651.0,2,1.0263908487705287,1.5388976377952757,1.0086019062567777,0.08848869257920655,0.03524252176899897
4504.0,-0.116176,20.941259,-1.696907,22.160882,0.112574,0.064866,0.061708,0.0031579999999999,0.047708,0.0508659999999999,0.901111,0.0661929614957344,1.028742850041202,652.0,2,1.018124318211385,1.9892913385826143,0.9853055070787606,-0.031163075681810093,0.029521492296462715
4505.0,-0.118669,20.939553,-1.693757,22.160619,0.112684,0.064855,0.062727,0.0021279999999999,0.047829,0.049957,0.764381,0.044490905289567,0.3635982430531665,653.0,2,0.9999299446562785,1.340472440944819,0.9878045002529984,0.1340668709850521,0.016595667583034223
4506.0,-0.125626,20.949923,-1.699532,22.159044,0.112206,0.064141,0.060684,0.003457,0.048065,0.051522,0.934114,0.0719219406649191,1.204329880216115,654.0,2,1.0312546912060527,2.1776377952755905,0.9926785695845692,-0.043097334546567945,0.00550310358013697
4507.0,-0.114469,20.934171,-1.694019,22.153531,0.113208,0.065322,0.062107,0.003215,0.047886,0.051101,0.877537,0.0671372188694218,1.0576833197252848,655.0,2,1.0228280341469762,2.025196850393701,0.9889817119135895,-0.032732472857836314,0.0059922462287810285
4508.0,-0.120376,20.943622,-1.698744,22.157338,0.113557,0.065165,0.061598,0.003567,0.048392,0.051959,1.183999,0.0737090075010848,1.2591015505643393,656.0,2,1.0400016012649993,2.2469291338582678,0.9994320470058561,-0.04864758806168967,0.007110673363278364
4509.0,-0.116438,20.943753,-1.691263,22.161276,0.113162,0.06464,0.061887,0.002753,0.0485219999999999,0.051275,1.000122,0.056735980875049,0.7388965977560551,657.0,2,1.0263107855205613,1.7341732283464566,1.0021169157054481,0.007141596211316825,0.0008679417768699627
4510.0,-0.116832,20.93614,-1.694151,22.160619,0.112261,0.064545,0.062013,0.002532,0.0477159999999999,0.050248,0.985977,0.0530628497181299,0.6263190909716905,658.0,2,1.0057545460914123,1.59496062992126,0.9854707297679643,0.06539962910568786,-0.0002974483250529181
4511.0,-0.116701,20.942178,-1.695069,22.163639,0.112748,0.065097,0.061929,0.003168,0.047651,0.050819,1.136851,0.0664819944598338,1.0376013985347718,659.0,2,1.0171835750242693,1.9955905511811023,0.9841282954181694,-0.03174155673815382,-0.008871711210798171
4512.0,-0.114075,20.93299,-1.694282,22.16784,0.11182,0.064656,0.061403,0.003253,0.047164,0.050417,1.018981,0.0689706350047706,1.113875546084257,660.0,2,1.009137218402538,2.0491338582677163,0.9740703642127665,-0.03660802736242186,-0.008599650292320493
4513.0,-0.116569,20.927214,-1.695463,22.162457,0.113621,0.064635,0.061992,0.0026429999999999,0.048986,0.051629,1.018981,0.0539530895951987,0.653603982667331,661.0,2,1.033396383142683,1.6648818897637168,1.0116998316793864,0.02606137671512254,0.000895842134283098
4514.0,-0.117619,20.932727,-1.691394,22.165739,0.113722,0.064797,0.061792,0.0030049999999999,0.048925,0.05193,1.245292,0.0614192862690592,0.8824348549659224,662.0,2,1.0394211427027351,1.8929133858267089,1.0104400086741923,-0.0428169767010389,0.019501263049357998
4515.0,-0.115651,20.93929,-1.692182,22.167708,0.112087,0.064125,0.06154,0.002585,0.047962,0.050547,1.075559,0.0538957112774431,0.6518453991372439,663.0,2,1.011739274026481,1.6283464566929136,0.9905513274610446,0.04832424212759956,0.020023200859533408
4516.0,-0.118144,20.93194,-1.690344,22.171384,0.11318,0.065123,0.061761,0.0033619999999999,0.048057,0.051419,1.240577,0.0699571351283864,1.1441107104752533,664.0,2,1.0291930625193904,2.1177952755904883,0.9925133468953635,-0.040376725361791155,0.010717753783391492
4517.0,-0.117751,20.934828,-1.694413,22.170859,0.111931,0.06392,0.061361,0.002559,0.048011,0.05057,0.948259,0.0532991752061985,0.6335622121943694,665.0,2,1.0121996377137938,1.611968503937008,0.9915633164324301,0.0622224514081996,0.022534839509262727
4518.0,-0.107644,20.934828,-1.693363,22.175191,0.113042,0.064398,0.062301,0.0020969999999999,0.048644,0.050741,1.316014,0.0431082331174836,0.3212208328319039,666.0,2,1.0156223416499035,1.320944881889701,1.0046365617158386,0.13740662108905932,0.03999205182332247
4519.0,-0.117094,20.936665,-1.692182,22.173484,0.1133,0.064682,0.061965,0.002717,0.0486179999999999,0.051335,1.051984,0.0558835023344783,0.7127690502809692,667.0,2,1.0275117342700735,1.7114960629921259,1.0040995879759178,0.012360974313070927,0.050336599377659566
4520.0,-0.110794,20.939684,-1.690082,22.17204,0.112868,0.065002,0.061897,0.003105,0.0478659999999999,0.0509709999999999,1.04727,0.0648672363005829,0.9881108032191792,668.0,2,1.0202259785230312,1.9559055118110238,0.988568655190573,-0.027654841655731288,0.06129325277199623
4521.0,-0.113157,20.93719,-1.681682,22.176766,0.112482,0.06434,0.061923,0.0024169999999999,0.048142,0.050559,1.070844,0.0502045987994099,0.5387167842619285,669.0,2,1.0119794637763835,1.5225196850393072,0.994268837968175,0.08642930052055853,0.052839480653337025
4522.0,-0.112632,20.933252,-1.684176,22.173616,0.112546,0.063668,0.061603,0.002065,0.0488779999999999,0.0509429999999999,0.79267,0.042247181816322,0.2948305394944022,670.0,2,1.019665535773259,1.300787401574803,1.0094693253751061,0.1379640957781756,0.06330743417164099
4523.0,-0.105806,20.939553,-1.686013,22.174797,0.112638,0.063873,0.061666,0.002207,0.048765,0.050972,0.886966,0.0452569413115695,0.3870764206024786,671.0,2,1.020245994335525,1.3902362204724412,1.0071355548900764,0.12950685225849345,0.05466022156822231
4524.0,-0.110532,20.939553,-1.689426,22.176241,0.113244,0.064361,0.061834,0.002527,0.0488829999999999,0.05141,0.957688,0.0516938057442108,0.5843593703198293,672.0,2,1.0290129202069636,1.5918110236220475,1.0095725895558598,0.06674955724232778,0.03965882867540188
4525.0,-0.112238,20.930758,-1.686801,22.179392,0.114191,0.064283,0.061545,0.002738,0.0499079999999999,0.052646,1.150995,0.0548598449177503,0.6813950549474568,673.0,2,1.0537524644469132,1.724724409448819,1.0307417466103523,-0.036213479058992526,0.0388559007178634
4526.0,-0.103313,20.939815,-1.687194,22.184117,0.112684,0.064052,0.061487,0.0025649999999999,0.048632,0.051197,1.150995,0.0527419653321818,0.6164843307649861,674.0,2,1.0247495521461956,1.615748031496,1.00438872768203,0.06430280982124847,0.05486782138813896
4527.0,-0.106463,20.942309,-1.679844,22.182017,0.112326,0.063973,0.060989,0.002984,0.0483529999999999,0.0513369999999999,1.004836,0.0617115440294495,0.891392239986367,675.0,2,1.027551765895055,1.8796850393700788,0.9986265863959759,-0.02424967462598715,0.045301501248380414
4528.0,-0.106069,20.941259,-1.687719,22.183592,0.112399,0.064172,0.061325,0.002847,0.0482269999999999,0.051074,1.094418,0.0590320975367008,0.8092700960091399,676.0,2,1.0222876072096958,1.7933858267716538,0.9960243290409846,-0.012607307839144988,0.027883830576807933
4529.0,-0.101606,20.936271,-1.681157,22.178473,0.111967,0.063915,0.061167,0.002748,0.048052,0.0508,1.089703,0.0571868561796349,0.7527154393635243,677.0,2,1.0168032745869238,1.7310236220472441,0.9924100827146097,0.0043316947376861314,0.012508177888359872
4530.0,-0.100031,20.936665,-1.687063,22.181754,0.111811,0.064088,0.062049,0.002039,0.0477229999999999,0.0497619999999999,0.825674,0.0427248344648396,0.3094700778015946,678.0,2,0.9960268612203621,1.2844094488188977,0.9856152996210193,0.1324643650470243,0.007818013808159562
4531.0,-0.103313,20.935484,-1.685357,22.183724,0.1116,0.064251,0.061414,0.0028369999999999,0.047349,0.050186,0.820959,0.0599155227032734,0.8363461241808983,679.0,2,1.0045135657169164,1.7870866141731654,0.9778911389006506,-0.009233900877026913,0.012593979919485642
4532.0,-0.096487,20.944147,-1.680894,22.185561,0.111921,0.064698,0.06133,0.003368,0.047223,0.050591,1.231147,0.0713196679654413,1.1858708718075062,680.0,2,1.0126199697761231,2.1215748031496062,0.9752888815456593,-0.03621261093754924,0.002332531262223092
4533.0,-0.097406,20.943097,-1.684569,22.185036,0.113612,0.065233,0.062275,0.002958,0.048379,0.051337,1.070844,0.0611409673418768,0.8739046801438028,681.0,2,1.0275517658950573,1.8633070866141734,0.9991635601358967,-0.02424967462598715,0.00011650470645088173
4534.0,-0.102263,20.939684,-1.682601,22.185824,0.113061,0.06506,0.062364,0.002696,0.0480009999999999,0.0506969999999999,0.797385,0.0561643264863964,0.7213760075381916,682.0,2,1.0147416459002594,1.6982677165354332,0.9913567880709208,0.019847916440324687,0.00487523867180315
4535.0,-0.096619,20.935878,-1.679188,22.186612,0.112601,0.064193,0.061451,0.002742,0.048408,0.05115,1.150995,0.0566423598917556,0.7360272156317562,683.0,2,1.0238088089590778,1.727244094488189,0.9997624923842677,0.011546182054268272,0.002814931342659377
4536.0,-0.095437,20.933646,-1.681813,22.187137,0.113502,0.065317,0.062118,0.003199,0.048185,0.051384,0.858677,0.0663885775951521,1.0347382724256824,684.0,2,1.028492509082175,2.015118110236221,0.9951569099226562,-0.03831167675137703,-0.01008544446799312
4537.0,-0.095831,20.944935,-1.675513,22.191075,0.113502,0.065212,0.061724,0.003488,0.04829,0.051778,1.193429,0.0722287796897973,1.2137341652604627,685.0,2,1.0363787392039712,2.197165354330709,0.9973254577184822,-0.04640994018370925,-0.013047212817029918
4538.0,-0.098325,20.939684,-1.675644,22.190419,0.113033,0.064167,0.061551,0.002616,0.0488659999999999,0.0514819999999999,1.070844,0.0535330591196513,0.6407305017894418,686.0,2,1.0304540587063762,1.6478740157480314,1.0092214913412976,0.0349800318143777,-0.013320249231588399
4539.0,-0.098981,20.933909,-1.676563,22.189368,0.112822,0.064629,0.061755,0.002874,0.048193,0.051067,1.070844,0.0596339793335271,0.8277171236732517,687.0,2,1.0221474965222526,1.8103937007874016,0.995322132611862,-0.016271378553751603,-0.014001088184104771
4540.0,-0.095962,20.934828,-1.678926,22.191863,0.113695,0.065559,0.0628,0.002759,0.048136,0.050895,1.042555,0.0573155784531651,0.7566606381605627,688.0,2,1.0187047767736512,1.737952755905512,0.9941449209512706,0.0034606069404993223,-0.008311222160670406
4541.0,-0.090712,20.953204,-1.670263,22.195013,0.112298,0.065133,0.061734,0.0033989999999999,0.047165,0.050564,1.014266,0.0720646228215239,1.2087029343671856,689.0,2,1.0120795428388427,2.1411023622046614,0.9740910170489172,-0.03885158436739489,-0.006003366201008009
4542.0,-0.094125,20.944803,-1.673019,22.194882,0.113456,0.065312,0.062086,0.0032259999999999,0.048144,0.05137,1.080273,0.067005919617821,1.053659139330847,690.0,2,1.0282122877072888,2.0321259842519055,0.9943101436404764,-0.038942975083134046,0.01107762032415085
4543.0,-0.092681,20.939422,-1.672626,22.191863,0.112509,0.065128,0.061551,0.003577,0.0473809999999999,0.0509579999999999,1.02841,0.0754928031742012,1.313772963294566,691.0,2,1.0199657729606368,2.253228346456693,0.9785520296574717,-0.031058064151150866,0.024958945869010186
4544.0,-0.083624,20.940603,-1.672757,22.187793,0.112941,0.064776,0.062265,0.0025109999999999,0.048165,0.050676,1.023696,0.0521322094423452,0.5977959706459695,692.0,2,1.014321313837932,1.581732283464504,0.9947438531996416,0.07674657667466833,0.023765265359714315
4545.0,-0.085068,20.945197,-1.671838,22.1916,0.113603,0.064902,0.062265,0.002637,0.0487009999999999,0.0513379999999999,1.009551,0.0541456203030676,0.6595048411298681,693.0,2,1.027571781707547,1.6611023622047245,1.0058137733764279,0.03462474165089224,0.03531415089681048
4546.0,-0.0852,20.942572,-1.670657,22.193963,0.113814,0.064986,0.062847,0.002139,0.0488279999999999,0.050967,1.051984,0.0438059349976448,0.342604642663838,694.0,2,1.0201459152730656,1.3474015748031496,1.00843668356757,0.13249818850021156,0.04348588403457321
4547.0,-0.084018,20.941391,-1.670395,22.186349,0.1125,0.064298,0.061897,0.0024009999999999,0.048202,0.050603,1.03784,0.0498101777897639,0.5266282058822322,695.0,2,1.0128601595260256,1.512440944881827,0.9955080081372185,0.0924033152648841,0.05537813168634681
4548.0,-0.085331,20.938372,-1.672626,22.185824,0.113309,0.064052,0.061445,0.0026069999999999,0.049257,0.051864,1.226432,0.0529254131308619,0.6221068078610159,696.0,2,1.0381000990782718,1.642204724409386,1.017296750276233,0.023043226721419008,0.07316319066670406
4549.0,-0.081262,20.943622,-1.670132,22.190287,0.113189,0.064645,0.062233,0.0024119999999999,0.048544,0.050956,1.051984,0.0496858584818209,0.5228179532297994,697.0,2,1.0199257413356553,1.5193700787400946,1.0025712781007663,0.09921747681721005,0.07477564958640574
4550.0,-0.082574,20.944278,-1.669082,22.186874,0.112372,0.06444,0.062013,0.0024269999999999,0.047932,0.050359,1.04727,0.0506331754740992,0.5518521969224761,698.0,2,1.0079763012780096,1.5288188976377324,0.9899317423765229,0.08517793831812659,0.0662500281530781
4551.0,-0.081787,20.940997,-1.662913,22.190025,0.113612,0.064283,0.061902,0.002381,0.049329,0.05171,1.141566,0.04826677478208,0.4793245689725489,699.0,2,1.035017663954524,1.4998425196850393,1.018783754479085,0.08007089215034113,0.07366540792422292
4552.0,-0.078374,20.944278,-1.670263,22.182936,0.11262,0.064141,0.062112,0.002029,0.0484789999999999,0.050508,1.122707,0.0418523102310231,0.2827281514571012,700.0,2,1.0109586573392981,1.2781102362204726,1.001228843750967,0.13890761472043844,0.06431851763897392
4553.0,-0.078243,20.936271,-1.666851,22.1895,0.112473,0.064493,0.061508,0.0029849999999999,0.04798,0.050965,1.014266,0.0622121256330629,0.9067345260277376,701.0,2,1.020105883648082,1.8803149606298584,0.9909230785117578,-0.014933474954133996,0.06915523249793806
4554.0,-0.081524,20.945197,-1.664095,22.183461,0.111361,0.063794,0.060999,0.002795,0.047567,0.050362,1.070844,0.0587579885637404,0.8008689517415366,702.0,2,1.0080363487154853,1.7606299212598426,0.9823934571815085,-0.008509637658608127,0.06758788903410919
4555.0,-0.082968,20.936665,-1.66462,22.183592,0.113355,0.06444,0.062076,0.0023639999999999,0.048915,0.051279,0.750237,0.0483277455229372,0.4811932563946057,703.0,2,1.0263908487705287,1.4891338582676537,1.0102334803126851,0.1087785393623405,0.0647287408597913
4556.0,-0.075487,20.939947,-1.667113,22.185824,0.112932,0.064372,0.061724,0.0026479999999999,0.04856,0.051208,0.990692,0.0545293548320668,0.6712658904080631,704.0,2,1.024969726083606,1.6680314960629292,1.0029017234791777,0.03902928564772146,0.052579116570473705
4557.0,-0.072074,20.934434,-1.66147,22.186612,0.112528,0.064551,0.062569,0.0019819999999999,0.047977,0.049959,1.212288,0.0413106006919837,0.2661253385704754,705.0,2,0.9999699762812623,1.248503937007811,0.9908611200033055,0.14077046385452552,0.058195502745531424
4558.0,-0.087562,20.945722,-1.663045,22.187924,0.112886,0.064503,0.06175,0.002753,0.0483829999999999,0.051136,1.150995,0.0568989748677249,0.7438921877669697,706.0,2,1.0235285875841915,1.7341732283464566,0.9992461714804975,0.007369792083130267,0.05351986073296457
4559.0,-0.077193,20.934959,-1.657926,22.185955,0.111618,0.063931,0.061414,0.0025169999999999,0.0476869999999999,0.0502039999999999,1.03784,0.05278057372924,0.6176676364777618,707.0,2,1.004873850341768,1.585511811023559,0.9848717975195934,0.07062599507403122,0.06598444400886748
4560.0,-0.069449,20.937453,-1.660945,22.186349,0.11261,0.064934,0.061435,0.003499,0.0476759999999999,0.051175,1.03784,0.073389684753655,1.2493146528932684,708.0,2,1.0243092042713744,2.2040944881889764,0.9846446163219353,-0.036318304575049365,0.06622743617167534
4561.0,-0.071549,20.928264,-1.666457,22.181361,0.112592,0.064393,0.062228,0.002165,0.0481989999999999,0.050364,1.094418,0.0449170124481329,0.3766579677090529,709.0,2,1.008076380340469,1.363779527559055,0.9954460496287643,0.13623475390091833,0.05235202883425706
4562.0,-0.068662,20.939159,-1.65727,22.187793,0.113575,0.06495,0.062517,0.0024329999999999,0.048625,0.0510579999999999,1.217003,0.0500349607206019,0.5335175601797923,710.0,2,1.0219673542098238,1.5325984251967875,1.004244157828975,0.09215119459476995,0.04530093621803529
4563.0,-0.066824,20.939815,-1.66147,22.191206,0.113391,0.065118,0.062742,0.0023759999999999,0.048273,0.050649,1.363162,0.0492190413058787,0.5085105104659604,711.0,2,1.0137808869006515,1.4966929133857638,0.99697435950392,0.10971235780489508,0.033439405035632655
4564.0,-0.070762,20.938897,-1.662913,22.186349,0.112022,0.064183,0.061409,0.002774,0.0478389999999999,0.050613,1.372591,0.057984949832776,0.7771761487182116,712.0,2,1.0130603176509443,1.7474015748031497,0.9880110286145035,-0.006079716030529481,0.02867876041940276
4565.0,-0.065249,20.94546,-1.660551,22.188712,0.11352,0.06495,0.061976,0.0029739999999999,0.04857,0.0515439999999999,1.306584,0.0612299520289882,0.8766319647925209,713.0,2,1.031695039080872,1.8733858267715906,1.003108251840685,-0.029975534011842386,0.020050831024044823
4566.0,-0.065249,20.941522,-1.659238,22.188712,0.112987,0.064976,0.061855,0.003121,0.048011,0.051132,0.868107,0.0650045821877865,0.9923203064707408,714.0,2,1.023448524334224,1.965984251968504,0.9915633164324301,-0.0314816405144962,0.02676615741684315
4567.0,-0.064593,20.942178,-1.65832,22.190025,0.113051,0.064981,0.062296,0.002685,0.04807,0.050755,1.141566,0.0558548813213787,0.7118918471105011,715.0,2,1.0159025630247898,1.6913385826771654,0.9927818337653229,0.022155152030499115,0.012790772944708994
4568.0,-0.066036,20.947822,-1.661076,22.1895,0.11296,0.064577,0.06133,0.0032469999999999,0.048383,0.05163,1.056699,0.0671089616402114,1.056817266138513,716.0,2,1.0334163989551748,2.0453543307085984,0.9992461714804997,-0.040236654079168654,0.011639117105040153
4569.0,-0.06223,20.934959,-1.662782,22.191731,0.112316,0.064094,0.061193,0.002901,0.048222,0.051123,0.990692,0.0601580158845364,0.8437782785452668,717.0,2,1.0232683820217974,1.8274015748031496,0.995921064860233,-0.01565329887954814,-0.0015724224714159685
4570.0,-0.064855,20.941259,-1.65412,22.192256,0.113695,0.065065,0.062396,0.0026689999999999,0.04863,0.051299,0.915255,0.0548826879973678,0.6820951706908789,718.0,2,1.026791165020366,1.6812598425196221,1.0043474220097286,0.0308349593529339,0.009459141786955328
4571.0,-0.059867,20.941784,-1.655957,22.193569,0.113447,0.064477,0.061713,0.002764,0.04897,0.051734,1.259436,0.0564415674582918,0.7298731441938373,719.0,2,1.035498043454329,1.7411023622047244,1.011369386300975,-0.003519090820423232,0.026889121097249245
4572.0,-0.055142,20.942178,-1.652545,22.194357,0.1133,0.064734,0.062238,0.0024959999999999,0.048566,0.0510619999999999,1.183999,0.0513929211192784,0.5751375812092432,720.0,2,1.0220474174597913,1.5722834645668664,1.0030256404960822,0.08063463619808153,0.02770368876706032
4573.0,-0.055405,20.934565,-1.655563,22.193832,0.112675,0.064382,0.061382,0.0029999999999999,0.048293,0.051293,1.240577,0.0621195179525405,0.903896200540053,721.0,2,1.026671070145415,1.889763779527496,0.9973874162269345,-0.02240303795966614,0.021640854111530473
4574.0,-0.053436,20.942834,-1.653988,22.193963,0.112555,0.06381,0.061424,0.002386,0.048745,0.051131,1.160425,0.048947605957412,0.5001913099043458,722.0,2,1.0234285085217323,1.502992125984252,1.0067224981670617,0.10423592655318348,0.034360291824321584
4575.0,-0.052517,20.935615,-1.653988,22.194488,0.111967,0.063915,0.061934,0.0019809999999999,0.048052,0.0500329999999999,1.16514,0.041225313716105,0.2635113847813446,723.0,2,1.0014511464056584,1.2478740157479684,0.9924100827146097,0.1443242590910968,0.044622529500629685
4576.0,-0.051598,20.94441,-1.650838,22.197245,0.112904,0.064766,0.061755,0.003011,0.048138,0.051149,0.91997,0.0625480379733689,0.9170298768208917,724.0,2,1.0237887931465859,1.8966929133858268,0.9941862266235721,-0.023335963816385474,0.049516316223949794
4577.0,-0.055405,20.937715,-1.653201,22.195932,0.112969,0.064598,0.061524,0.003074,0.048371,0.051445,1.014266,0.0635491606714628,0.9477132073424132,725.0,2,1.0297134736441789,1.9363779527559055,0.9989983374466909,-0.03847319452479936,0.051973436206225646
4578.0,-0.054224,20.937453,-1.646376,22.195801,0.114062,0.06465,0.062349,0.0023009999999999,0.049412,0.0517129999999999,0.901111,0.0465666929755327,0.42721889592844,726.0,2,1.0350777113919978,1.4494488188975747,1.020497939879595,0.0869577230487425,0.046469832151990666
4579.0,-0.052648,20.936009,-1.653595,22.194094,0.112114,0.063884,0.061445,0.0024389999999999,0.04823,0.050669,0.891681,0.0505691360328418,0.549889457144171,727.0,2,1.0141812031504889,1.5363779527558425,0.9960862875494388,0.08696907788353281,0.047388595207006536
4580.0,-0.049892,20.941784,-1.653201,22.182936,0.112996,0.064645,0.062123,0.0025219999999999,0.048351,0.050873,1.28301,0.0521591661151554,0.5986221635823317,728.0,2,1.01826442889883,1.5886614173227718,0.9985852807236764,0.07977282658613505,0.03487796258044932
4581.0,-0.046742,20.936928,-1.651101,22.189631,0.113777,0.064782,0.062118,0.002664,0.048995,0.051659,0.91997,0.0543717854518737,0.666436558916788,729.0,2,1.0339968575174387,1.6781102362204725,1.011885707204743,0.02105210900233523,0.018968770443832095
4582.0,-0.042673,20.938765,-1.643882,22.180704,0.113116,0.064503,0.061818,0.002685,0.0486129999999999,0.0512979999999999,1.023696,0.0552310034146543,0.6927706624110161,730.0,2,1.0267711492078722,1.6913385826771654,1.0039963237951641,0.02559859565573175,0.03310461262980631
4583.0,-0.040048,20.946379,-1.649001,22.180179,0.113042,0.064614,0.06175,0.002864,0.048428,0.051292,0.934114,0.0591381197216544,0.812519561583879,731.0,2,1.026651054332923,1.8040944881889762,1.0001755491072821,-0.01321540740950744,0.031980572473673884
4584.0,-0.043986,20.946116,-1.65097,22.185036,0.112666,0.064498,0.061545,0.0029529999999999,0.048168,0.051121,1.061414,0.0613049886856691,0.8789317573579598,732.0,2,1.0232283503968136,1.860157480314898,0.9948058117080939,-0.020870399712388688,0.029124484177348753
4585.0,-0.040311,20.942834,-1.648345,22.183461,0.113933,0.065217,0.062396,0.0028209999999999,0.048716,0.051537,0.995407,0.057905864482624,0.774752268066276,733.0,2,1.0315549283934309,1.7770078740156852,1.006123565918691,-0.014767662275075422,0.03395949761246216
4586.0,-0.039523,20.940866,-1.651101,22.187005,0.112583,0.063616,0.061314,0.002302,0.048967,0.051269,1.02841,0.0470102924358766,0.4408147407602627,734.0,2,1.0261906906456102,1.4500787401574802,1.0113074277925227,0.11802245804335665,0.025286025698501337
4587.0,-0.042936,20.944147,-1.649526,22.183855,0.113272,0.064582,0.061393,0.0031889999999999,0.04869,0.0518789999999999,1.099133,0.0654946499353062,1.007340354166908,735.0,2,1.0384003362656478,2.0088188976377324,1.0055865921787719,-0.04971359608612358,0.02064251145460101
4588.0,-0.046611,20.934959,-1.649526,22.182017,0.113447,0.064472,0.061929,0.002543,0.048975,0.051518,1.084988,0.0519233910486769,0.5913959121875059,736.0,2,1.0311746279560854,1.6018897637795277,1.0114726504817284,0.058396840085491175,0.01681437809337579
4589.0,-0.030204,20.942572,-1.647688,22.18333,0.113088,0.064214,0.062186,0.0020279999999999,0.048874,0.0509019999999999,0.886966,0.0414936061381073,0.2717342580379276,737.0,2,1.0188448874610923,1.2774803149605671,1.0093867140305053,0.13531921223466692,0.012560495521301496
4590.0,-0.032304,20.940472,-1.642438,22.185824,0.112776,0.064456,0.061624,0.002832,0.04832,0.051152,0.849248,0.0586080586080586,0.7962737603688692,738.0,2,1.0238488405840616,1.7839370078740158,0.997945042803004,-0.006961892553473237,0.01932005740788333
4591.0,-0.037029,20.938503,-1.649263,22.184905,0.113401,0.064482,0.06164,0.0028419999999999,0.048919,0.051761,1.113277,0.0580948487326246,0.7805444314216465,739.0,2,1.0360384703916095,1.790236220472378,1.0103160916572878,-0.025383033436668034,0.028083430072732306
4592.0,-0.035585,20.932727,-1.646245,22.18228,0.112859,0.064004,0.061183,0.002821,0.0488549999999999,0.051676,0.78324,0.0577411167512691,0.7697029278570697,740.0,2,1.0343371263298007,1.7770078740157482,1.0089943101436394,-0.012682737956520418,0.02947661630518139
4593.0,-0.03086,20.941522,-1.637057,22.183855,0.114181,0.06465,0.061745,0.0029049999999999,0.049531,0.052436,0.990692,0.0586489542114188,0.7975271664869876,741.0,2,1.0495491438236209,1.8299212598424566,1.0229556273815312,-0.05575423313025041,0.04724922867813971
4594.0,-0.031385,20.940472,-1.636926,22.184642,0.112188,0.063548,0.060926,0.0026219999999999,0.04864,0.0512619999999999,0.740807,0.053905141752842,0.6521344330330823,742.0,2,1.026050579958165,1.6516535433070236,1.004553950371236,0.04672521915342964,0.03706431055302709
4595.0,-0.02771,20.94756,-1.639682,22.188318,0.113456,0.063731,0.061572,0.0021589999999999,0.049725,0.051884,0.886966,0.0434179302578126,0.3307127160310135,743.0,2,1.0385004153281092,1.3599999999999373,1.0269622775947718,0.07286606437341436,0.02245073352511323
4596.0,-0.027841,20.943097,-1.642307,22.184117,0.113143,0.064172,0.062049,0.002123,0.0489709999999999,0.0510939999999999,0.957688,0.0433513027852652,0.3286706558860575,744.0,2,1.0226879234595312,1.3373228346456694,1.0113900391371233,0.1319543203678475,0.02235820825732704
4597.0,-0.027579,20.940866,-1.640076,22.179523,0.113685,0.064561,0.062433,0.0021279999999999,0.049124,0.0512519999999999,0.896396,0.0433180661577606,0.3276519891141571,745.0,2,1.0258504218332463,1.340472440944819,1.0145499230681865,0.1280125276434596,0.02413708160097172
4598.0,-0.023116,20.937453,-1.643095,22.182936,0.113428,0.064419,0.06144,0.002979,0.049009,0.051988,1.17457,0.0607835135686595,0.8629491076743394,746.0,2,1.0405820598272635,1.8765354330708661,1.0121748469108531,-0.04345234116563501,0.031488083259641274
4599.0,-0.022854,20.942572,-1.63732,22.18438,0.11296,0.064031,0.061246,0.002785,0.048929,0.051714,1.207573,0.0569180461884325,0.7444767031693926,747.0,2,1.0350977272044917,1.7543307086614175,1.0105226200187951,-0.01081655804447168,0.04620629750554348
4600.0,-0.026004,20.942834,-1.635876,22.182805,0.112169,0.064073,0.061241,0.002832,0.048096,0.050928,1.061414,0.0588810112896855,0.8046394655546987,748.0,2,1.019365298585883,1.7839370078740158,0.9933188075052417,-0.007887145231335158,0.05525057227664341
4601.0,-0.02141,20.943753,-1.62682,22.185036,0.112748,0.064094,0.061304,0.00279,0.048654,0.051444,1.099133,0.0573425136162778,0.7574861718479042,749.0,2,1.029693457831687,1.75748031496063,1.004843090077346,-0.00759430000022121,0.057781647454101394
4602.0,-0.016029,20.943097,-1.62997,22.182148,0.113492,0.064603,0.062055,0.0025479999999999,0.048889,0.051437,1.066129,0.0521169973409694,0.5973297361521064,750.0,2,1.029553347144244,1.6050393700786774,1.009696506572766,0.06082727863017512,0.04679385056270567
4603.0,-0.018129,20.937847,-1.635089,22.181623,0.11261,0.063947,0.061529,0.002418,0.048663,0.051081,0.938829,0.0496876541180339,0.5228729875423015,751.0,2,1.0224277178971388,1.5231496062992127,1.0050289656027025,0.09142790932877165,0.028806185835491716
4604.0,-0.020097,20.942047,-1.634826,22.17716,0.112592,0.064304,0.062202,0.0021019999999999,0.048288,0.05039,0.863392,0.0435295823065294,0.3341347308556732,752.0,2,1.0085967914652576,1.3240944881889134,0.9972841520461807,0.1371679668644289,0.04094773688120627
4605.0,-0.020097,20.94441,-1.636532,22.178473,0.113685,0.06381,0.062076,0.001734,0.0498749999999999,0.0516089999999999,0.849248,0.034766220226161,0.0655471384420101,753.0,2,1.0329960668928433,1.0922834645669293,1.0300602030173784,0.09817681614799423,0.04547088077269792
4606.0,-0.012091,20.940209,-1.637057,22.176635,0.113979,0.064283,0.061834,0.002449,0.0496959999999999,0.052145,0.872822,0.0492786284886413,0.5103367933252267,754.0,2,1.0437245423884869,1.5426771653543307,1.0263633453463987,0.02207635145389031,0.05552088161927422
4607.0,-0.014191,20.934959,-1.634039,22.174403,0.112482,0.064361,0.0605,0.003861,0.048121,0.051982,1.169855,0.0802335730019534,1.459072443396587,755.0,2,1.0404619649523124,2.4321259842519685,0.9938351284090098,-0.05186411962867998,0.06389230644467998
4608.0,-0.010122,20.938372,-1.636795,22.174534,0.112399,0.063847,0.061335,0.002512,0.048552,0.051064,1.03784,0.0517372767903116,0.585691710979138,756.0,2,1.0220874490847769,1.5823622047244095,1.002736500789972,0.07796316929151059,0.06581854291010439
4609.0,-0.008153,20.93509,-1.632201,22.16994,0.112914,0.064057,0.061435,0.002622,0.048857,0.051479,1.334873,0.0536657251627165,0.6447965728675467,757.0,2,1.0303940112689025,1.651653543307087,1.009035615815943,0.03441488087044475,0.05515395452977108
4610.0,-0.008678,20.94336,-1.633645,22.167971,0.113538,0.064157,0.061871,0.002286,0.0493809999999999,0.051667,1.02841,0.046292171236483,0.4188051008255595,758.0,2,1.0341569840173737,1.44,1.0198577019589206,0.09261286323442786,0.03508196555645473
4611.0,-0.005134,20.939947,-1.630364,22.167183,0.114099,0.063831,0.062112,0.0017189999999999,0.050268,0.051987,1.009551,0.034196025383437,0.0480712817320618,759.0,2,1.0405620440147716,1.0828346456692284,1.0381767676246152,0.07611994825383639,0.02220435306261297
4612.0,-0.005003,20.937978,-1.628789,22.163114,0.11262,0.06371,0.061251,0.002459,0.0489099999999999,0.051369,1.193429,0.0502749892662182,0.540874176120844,760.0,2,1.028192271894797,1.548976377952756,1.0101302161319292,0.08008964328441925,0.02462896097277103
4613.0,-0.00881,20.938372,-1.634039,22.167183,0.113235,0.064477,0.06165,0.002827,0.0487579999999999,0.051585,1.278295,0.0579790397670174,0.7769950115794568,761.0,2,1.0325156873930406,1.7807874015748033,1.0069909850370191,-0.015217974474561524,0.03157532814954719
4614.0,-0.006447,20.941128,-1.631151,22.165739,0.112822,0.063936,0.060574,0.003362,0.048886,0.052248,1.141566,0.0687708388733201,1.1077520102280758,762.0,2,1.0457861710751495,2.1177952755905514,1.009634548064314,-0.06355192286873457,0.022236111146708426
4615.0,-0.007234,20.942966,-1.63207,22.167052,0.112776,0.064125,0.061162,0.002963,0.048651,0.051614,1.033125,0.060901915645811,0.8665780035874908,763.0,2,1.0330961459553047,1.866456692913386,1.0047811315688937,-0.030599308790423385,0.03423231244538451
4616.0,-0.004609,20.944016,-1.627607,22.165083,0.114099,0.064771,0.062249,0.0025219999999999,0.049328,0.05185,1.066129,0.0511261124287943,0.5669601827227977,764.0,2,1.0378198777033858,1.5886614173227718,1.0187631016429342,0.04632243055547092,0.01940393047639093
4617.0,-0.001853,20.939947,-1.621832,22.16377,0.113612,0.063815,0.061319,0.0024959999999999,0.049797,0.052293,1.075559,0.0501224948793123,0.5362003876980863,765.0,2,1.0466868826372835,1.5722834645668664,1.028449281797624,0.017599552139081598,0.013015758307453251
4618.0,0.007728,20.938372,-1.62472,22.161538,0.114659,0.064409,0.061824,0.0025849999999999,0.05025,0.052835,0.773811,0.0514417623529879,0.5766345123245196,766.0,2,1.0575354530078762,1.6283464566928503,1.0378050165739021,-0.01542900073687703,0.0015098267626421414
4619.0,0.004447,20.935746,-1.623539,22.161932,0.112776,0.063847,0.061913,0.0019339999999999,0.048929,0.050863,0.91054,0.0395258532597588,0.2114247554504842,767.0,2,1.0180642707739114,1.2182677165353701,1.0105226200187951,0.15437689385720554,-0.0025437991029267472
4620.0,0.006547,20.935353,-1.626295,22.161145,0.113391,0.064183,0.061162,0.003021,0.049208,0.052229,1.287725,0.0613912089251966,0.8815743146709689,768.0,2,1.0454058706378038,1.902992125984252,1.0162847613048474,-0.0556709564555079,0.0042435494642656165
4621.0,0.012716,20.93089,-1.628526,22.167446,0.112712,0.063915,0.06122,0.002695,0.048797,0.051492,1.042555,0.0552276732652978,0.692668596926348,769.0,2,1.0306542168312969,1.6976377952755906,1.0077964456468995,0.012238226564459609,0.0004661419827511115
4622.0,0.011535,20.929052,-1.624851,22.165345,0.113391,0.064493,0.061545,0.0029479999999999,0.048898,0.051846,1.051984,0.0602875314423606,0.8477477906499913,770.0,2,1.0377398144534182,1.857007874015685,1.0098823820981226,-0.034969672163691845,-0.010808189036301263
4623.0,0.014816,20.943097,-1.620126,22.165214,0.113575,0.064099,0.061199,0.0029,0.0494759999999999,0.0523759999999999,1.018981,0.0586130929522808,0.7964280575874061,771.0,2,1.0483481950741067,1.826771653543307,1.0218197213932394,-0.05575423313025041,-0.010479375330499873
4624.0,0.017966,20.935746,-1.621307,22.162982,0.114696,0.06422,0.061797,0.002423,0.050476,0.052899,1.080273,0.0480020603443152,0.4712113570723293,772.0,2,1.058816465007356,1.5262992125984252,1.0424725575439657,0.004321562803189072,-0.01580672767697753
4625.0,0.016654,20.933646,-1.620914,22.164558,0.114328,0.06517,0.061698,0.003472,0.0491579999999999,0.0526299999999999,1.066129,0.0706279623263289,1.1646708402939896,773.0,2,1.0534322114470411,2.187086614173228,1.015252119497309,-0.06837338360556844,-0.022202774948900272
4626.0,0.014554,20.942703,-1.62052,22.163114,0.113548,0.064482,0.061304,0.003178,0.049066,0.052244,1.250006,0.0647685817351784,0.9850871472342262,774.0,2,1.045706107825182,2.0018897637795274,1.0133520585714444,-0.06642087963505283,-0.02366388213816053
4627.0,0.01416,20.938634,-1.61947,22.160619,0.11409,0.064409,0.061918,0.0024909999999999,0.049681,0.0521719999999999,1.297155,0.0501388832977737,0.5367026750414174,775.0,2,1.0442649693257653,1.5691338582676535,1.02605355280414,0.020887689197095494,-0.026403140904133225
4628.0,0.01836,20.936403,-1.624589,22.158913,0.114622,0.065454,0.061818,0.003636,0.049168,0.052804,0.891681,0.0739490329272509,1.2664580708976048,776.0,2,1.0569149628206282,2.290393700787402,1.0154586478588183,-0.06870252420165357,-0.025283344396544873
4629.0,0.01626,20.934828,-1.62367,22.162851,0.113538,0.064703,0.062275,0.0024279999999999,0.048835,0.051263,0.872822,0.0497174215742484,0.5237853279572728,777.0,2,1.0260705957706588,1.5294488188975748,1.008581253420627,0.0904164211379781,-0.012516079453460028
4630.0,0.019541,20.938503,-1.620914,22.160357,0.113465,0.064146,0.060873,0.0032729999999999,0.049319,0.052592,1.075559,0.0663625304136252,1.033939954415848,778.0,2,1.0526716105723521,2.061732283464504,1.0185772261175776,-0.07028202834811048,-0.01978557409433578
4631.0,0.027548,20.939553,-1.619207,22.160357,0.113153,0.064304,0.061477,0.002827,0.048849,0.051676,0.754952,0.057871033776868,0.7736847445159205,779.0,2,1.0343371263298007,1.7807874015748033,1.008870393126737,-0.015154361095267355,-0.012299786962510394
4632.0,0.02151,20.939684,-1.614351,22.153137,0.113924,0.064881,0.062049,0.0028319999999999,0.049043,0.051875,1.17457,0.0577440665524833,0.7697933360815576,780.0,2,1.0383202730156824,1.783937007873953,1.0128770433399779,-0.02377170708780829,-0.010811195488444869
4633.0,0.026498,20.937584,-1.613564,22.154712,0.114273,0.065049,0.062616,0.0024329999999999,0.049224,0.0516569999999999,1.099133,0.0494261046216351,0.5148567776800927,781.0,2,1.033956825892453,1.5325984251967875,1.0166152066832588,0.07191841630059803,-0.007970826471669024
4634.0,0.02991,20.947822,-1.61212,22.153531,0.113391,0.064262,0.060905,0.0033569999999999,0.049129,0.052486,0.952974,0.0683289232648076,1.0942077736380686,782.0,2,1.050549934448214,2.1146456692912756,1.01465318724894,-0.06837338360556844,-0.007644272894950244
4635.0,0.023085,20.942834,-1.612514,22.151037,0.112904,0.064503,0.061734,0.002769,0.048401,0.05117,1.146281,0.0572083798190159,0.7533751156873234,783.0,2,1.0242091252089152,1.7442519685039373,0.9996179225312126,0.006484487712685394,-0.010413592818621975
4636.0,0.029123,20.942309,-1.615532,22.152874,0.113566,0.065349,0.061477,0.003872,0.0482169999999999,0.052089,0.952974,0.0803019619229335,1.4611684900354618,784.0,2,1.0426036568889423,2.4390551181102365,0.9958178006794772,-0.05153496489439757,0.0014790932628953924
4637.0,0.034636,20.935878,-1.613432,22.155106,0.113355,0.063579,0.061277,0.0023019999999999,0.049776,0.052078,1.03784,0.0462462583120718,0.4173979192307357,785.0,2,1.0423834829515317,1.4500787401574173,1.0280155722384587,0.04929137936485395,-0.0005962724889917337
4638.0,0.028598,20.940997,-1.614351,22.157338,0.11341,0.064388,0.06122,0.003168,0.0490219999999999,0.05219,1.146281,0.064622728107215,0.98061689090792,786.0,2,1.0446252539506211,1.9955905511811023,1.0124433337808105,-0.06543698843446577,0.005942268712416909
4639.0,0.036342,20.942178,-1.611857,22.153531,0.112381,0.064099,0.061519,0.00258,0.0482819999999999,0.050862,1.066129,0.0534349564028748,0.6377237593695142,787.0,2,1.0180442549614195,1.6251968503937007,0.9971602350292744,0.06272322190126078,0.005579217061405806
4640.0,0.036473,20.949529,-1.610676,22.1576,0.113162,0.064162,0.061582,0.0025799999999999,0.049,0.05158,0.863392,0.052651986694149,0.6137265825929679,788.0,2,1.0324156083305813,1.6251968503936378,1.0119889713854966,0.04864483246706319,0.016636160687179723
4641.0,0.032667,20.955436,-1.608839,22.161801,0.114237,0.064078,0.061346,0.0027319999999999,0.050159,0.052891,0.868107,0.0544657097288675,0.6693152366657624,789.0,2,1.058656338507421,1.7209448818897009,1.0359256084841861,-0.035908018614138615,0.010129021643140945
4642.0,0.038048,20.947822,-1.602933,22.163639,0.113364,0.063542,0.061235,0.002307,0.049822,0.052129,1.136851,0.046303915862152,0.4191650609302919,790.0,2,1.043404289388617,1.453228346456693,1.028965602701392,0.04161370492627814,0.011884338563947928
4643.0,0.041723,20.940997,-1.61002,22.16377,0.112767,0.063805,0.061298,0.002507,0.048962,0.051469,0.976548,0.0512019279864387,0.5692838477623647,791.0,2,1.0301938531439838,1.579212598425197,1.011204163611769,0.068287899790487,0.00387857208795247
4644.0,0.037129,20.942047,-1.610282,22.167446,0.113998,0.064209,0.06185,0.002359,0.049789,0.052148,1.094418,0.0473789917654147,0.4521149773974116,792.0,2,1.0437845898259626,1.485984251968504,1.0282840591084181,0.042196052652170746,0.019556376089282557
4645.0,0.036998,20.949529,-1.602276,22.171253,0.112987,0.063784,0.060726,0.0030579999999999,0.049203,0.052261,1.235862,0.0621494187464431,0.9048126276112962,793.0,2,1.0460463766375439,1.9262992125983625,1.0161814971240937,-0.058586902727702395,0.009220928025487263
4646.0,0.037392,20.933515,-1.60792,22.166921,0.113226,0.064288,0.061388,0.0029,0.0489379999999999,0.0518379999999999,0.952974,0.0592574429391691,0.8161766894552829,794.0,2,1.0375796879534813,1.826771653543307,1.0107084955441497,-0.033981795686327754,0.01086943402950773
4647.0,0.034898,20.940997,-1.610414,22.17204,0.11352,0.06475,0.061797,0.002953,0.0487699999999999,0.051723,1.113277,0.0605482766398065,0.8557393496171042,795.0,2,1.0352778695169185,1.8601574803149605,1.007238819070828,-0.030766285395100623,0.011445999885688719
4648.0,0.04238,20.952023,-1.599651,22.177029,0.114136,0.064666,0.062443,0.002223,0.04947,0.051693,1.254721,0.0449354167087789,0.3772220384403235,796.0,2,1.0346773951421624,1.4003149606299214,1.0216958043763371,0.0913410515788351,0.002290058414071194
4649.0,0.047105,20.940603,-1.603195,22.175847,0.114999,0.065249,0.062443,0.002806,0.04975,0.052556,1.122707,0.0564008763642942,0.7286260060670249,797.0,2,1.051951041322645,1.7675590551181102,1.02747859849854,-0.040631258736692155,-0.0019502105037942808
4650.0,0.040542,20.939684,-1.608707,22.183986,0.11408,0.064451,0.062207,0.0022439999999999,0.049629,0.051873,0.877537,0.0452145879508361,0.3857783357937376,798.0,2,1.0382802413906986,1.4135433070865513,1.0249796053243023,0.06512989250726786,-0.011512010935094675
4651.0,0.037786,20.944803,-1.601751,22.183724,0.113474,0.064692,0.06175,0.002942,0.048782,0.051724,1.278295,0.0603078941434516,0.8483718854678148,799.0,2,1.0352978853294104,1.853228346456693,1.0074866531046387,-0.03014236005232873,-0.009529300325950696
4652.0,0.040542,20.945985,-1.604639,22.186743,0.113924,0.06392,0.061094,0.002826,0.0500039999999999,0.0528299999999999,1.04727,0.0565143485651435,0.7321038065906691,800.0,2,1.057435373945415,1.7801574803149607,1.032724418880822,-0.0499457097898971,0.0041006136690062474
4653.0,0.041067,20.944016,-1.604508,22.18438,0.112344,0.063726,0.061046,0.00268,0.0486179999999999,0.0512979999999999,0.995407,0.055122482979905,0.6894446281755591,801.0,2,1.0267711492078722,1.688188976377953,1.0040995879759178,0.025885210611832243,0.005782966325185513
4654.0,0.045136,20.953073,-1.607132,22.183592,0.11363,0.064834,0.061656,0.003178,0.0487959999999999,0.0519739999999999,0.901111,0.065126954525893,0.9960708865983928,802.0,2,1.0403018384523754,2.0018897637795274,1.0077757928107467,-0.05342195166083319,-0.00697248673859725
4655.0,0.041592,20.961999,-1.60267,22.180704,0.113502,0.064955,0.061845,0.00311,0.048547,0.051657,1.169855,0.0640603114443437,0.9633794270180812,803.0,2,1.0339568258924552,1.9590551181102362,1.0026332366092183,-0.03875979663626261,0.008905760699951536
4656.0,0.045267,20.952942,-1.596239,22.180573,0.11363,0.064193,0.062007,0.002186,0.0494369999999999,0.0516229999999999,1.29244,0.0442169990695416,0.3552033129442598,804.0,2,1.0332762882677295,1.377007874015748,1.021014260783361,0.10231734426324168,0.004934103883147756
4657.0,0.041198,20.953992,-1.598733,22.182673,0.114843,0.064803,0.062207,0.002596,0.05004,0.052636,0.816244,0.0518774604824044,0.5899881898886672,805.0,2,1.0535523063219945,1.635275590551181,1.03346792098225,-0.013942758833307978,0.005245223670454269
4658.0,0.045136,20.955436,-1.597683,22.177291,0.113943,0.064088,0.061361,0.002727,0.049855,0.052582,0.835103,0.0546975288831837,0.6764202436210982,806.0,2,1.0524714524474335,1.7177952755905512,1.029647146294366,-0.036213479058992526,0.007221843859442722
4659.0,0.045136,20.95281,-1.598864,22.177948,0.113649,0.06464,0.06238,0.00226,0.049009,0.051269,1.075559,0.0461130381554785,0.4133148651708669,807.0,2,1.0261906906456102,1.4236220472440944,1.0121748469108531,0.11815121564879572,0.011010401553543325
4660.0,0.046186,20.964361,-1.598339,22.181361,0.112868,0.0636,0.061004,0.002596,0.0492679999999999,0.0518639999999999,0.896396,0.052690332663541,0.6149018451809212,808.0,2,1.0381000990782698,1.635275590551181,1.0175239314738886,0.025413324339230048,0.013292665840584306
4661.0,0.043823,20.957536,-1.599389,22.180179,0.112803,0.063983,0.061104,0.0028789999999999,0.04882,0.051699,0.938829,0.0589705249790049,0.8073829635503142,809.0,2,1.0347974900171135,1.8135433070865512,1.0082714608783663,-0.0270311621792636,0.024946743383836158
4662.0,0.04868,20.953204,-1.593876,22.181492,0.113382,0.063957,0.061162,0.0027949999999999,0.049425,0.0522199999999999,1.183999,0.0565491846396633,0.7331714946878405,810.0,2,1.045225728325375,1.7606299212597796,1.0207664267495544,-0.03017950790001256,0.010775530335938388
4663.0,0.050255,20.953729,-1.593351,22.180442,0.11239,0.063642,0.061083,0.002559,0.048748,0.051307,1.160425,0.0524933844796817,0.6088655958455775,811.0,2,1.026951291520301,1.611968503937008,1.006784456675514,0.06377078755283827,0.011028705471137023
4664.0,0.046317,20.947691,-1.601095,22.178473,0.113235,0.064719,0.061734,0.002985,0.048516,0.051501,0.929399,0.0615248263495269,0.8856695445583422,812.0,2,1.0308343591437235,1.8803149606299212,1.0019929986885459,-0.030599308790423385,0.010831323982679197
4665.0,0.048286,20.959242,-1.602014,22.18228,0.113208,0.063548,0.061388,0.0021599999999999,0.04966,0.05182,0.886966,0.0434948953907491,0.3330716143129315,813.0,2,1.0372194033286297,1.3606299212597794,1.0256198432449748,0.0777809787962559,-0.0032748071696538927
4666.0,0.047892,20.955042,-1.588626,22.179129,0.11408,0.064577,0.061755,0.0028219999999999,0.049503,0.052325,1.042555,0.0570054945054944,0.747156899733781,814.0,2,1.0473273886370233,1.7776377952755278,1.022377347969311,-0.039394786215736,-0.0005016844411961152
4667.0,0.048024,20.957405,-1.592695,22.187137,0.113336,0.063821,0.061141,0.00268,0.049515,0.052195,0.948259,0.0541239195411584,0.6588397361916851,815.0,2,1.0447253330130803,1.688188976377953,1.0226251820031198,-0.011411007481321622,0.0009939199068675908
4668.0,0.049599,20.951498,-1.595451,22.181623,0.113474,0.064372,0.061493,0.0028789999999999,0.049102,0.051981,0.967118,0.0586318554874447,0.7970031090460845,816.0,2,1.0404419491398205,1.8135433070865512,1.0140955606728705,-0.03818729394357079,0.0005999183149241527
4669.0,0.055374,20.958323,-1.592826,22.180573,0.113024,0.064104,0.061267,0.0028369999999999,0.04892,0.051757,0.721948,0.0579914556121091,0.7773755438352716,817.0,2,1.035958407141642,1.7870866141731654,1.0103367444934386,-0.022910095874535186,-0.0025984127125079693
4670.0,0.053142,20.960555,-1.589151,22.186087,0.114053,0.064461,0.062076,0.002385,0.049592,0.051977,1.108562,0.0480914645212026,0.4739514986300672,818.0,2,1.0403618858898531,1.5023622047244094,1.0242154503867253,0.05314455162380782,0.007372824952681123
4671.0,0.053011,20.961736,-1.593614,22.185299,0.113355,0.064503,0.061682,0.002821,0.0488519999999999,0.051673,1.094418,0.0577446625591059,0.7698116030414714,819.0,2,1.034277078892325,1.7770078740157482,1.0089323516351874,-0.012075118698626541,-0.0016830348172727438
4672.0,0.05078,20.948479,-1.595976,22.183461,0.112941,0.064902,0.061692,0.00321,0.048039,0.051249,0.985977,0.066819317235637,1.0479399776541074,820.0,2,1.0257903743957728,2.0220472440944883,0.9921415958446503,-0.03411952381944694,-0.002507919906379308
4673.0,0.048811,20.96423,-1.586264,22.185168,0.114016,0.063653,0.061461,0.0021919999999999,0.050363,0.052555,1.108562,0.0435231514573901,0.3339376322682081,821.0,2,1.051931025510153,1.3807874015747403,1.040138787058934,0.03178747727851705,-0.00278659642368313
4674.0,0.052486,20.954648,-1.593745,22.182936,0.112813,0.064393,0.061834,0.002559,0.0484199999999999,0.050979,1.193429,0.0528489704880115,0.6197639233364878,822.0,2,1.0203861050229681,1.611968503937008,1.0000103264180744,0.06911306786146754,0.011013403782149577
4675.0,0.04763,20.954123,-1.59637,22.1895,0.113465,0.064813,0.061997,0.0028159999999999,0.048652,0.051468,1.179284,0.0578792674655211,0.7739370981892868,823.0,2,1.030173837331492,1.7738582677164727,1.0048017844050445,-0.012777618903282773,0.006342166236422331
4676.0,0.043298,20.95793,-1.590201,22.189762,0.113952,0.065049,0.061992,0.0030569999999999,0.048903,0.05196,0.995407,0.0625102241125469,0.9158709227864824,824.0,2,1.0400216170774912,1.9256692913385198,1.0099856462788763,-0.04764363710680164,-0.0014731505639791088
4677.0,0.050124,20.950973,-1.587183,22.181754,0.113786,0.064582,0.061813,0.002769,0.049204,0.051973,1.27358,0.0562747688243064,0.7247609460318587,825.0,2,1.0402818226398856,1.7442519685039373,1.0162021499602443,-0.014197772654359841,0.007508021151724964
4678.0,0.050911,20.964361,-1.592039,22.188975,0.113456,0.064104,0.061871,0.0022329999999999,0.049352,0.051585,0.971833,0.0452454764654629,0.3867250354394635,826.0,2,1.0325156873930406,1.4066141732282835,1.0192587697105515,0.09981270811475629,0.011314133223054213
4679.0,0.04133,20.962392,-1.593351,22.190287,0.114172,0.064834,0.061403,0.003431,0.0493379999999999,0.0527689999999999,0.981262,0.0695393096738888,1.1313048111134032,827.0,2,1.056214409383411,2.161259842519685,1.0189696300044395,-0.06962247133180766,0.00130487140049802
4680.0,0.04553,20.955173,-1.594008,22.190812,0.113391,0.06422,0.061409,0.002811,0.049171,0.051982,1.094418,0.057166680224518,0.7520970681083126,828.0,2,1.0404619649523124,1.770708661417323,1.0155206063672704,-0.025008616380206572,-0.005227077481447795
4681.0,0.053142,20.945066,-1.591645,22.188712,0.11375,0.064136,0.06196,0.0021759999999999,0.049614,0.05179,0.948259,0.0438577043232892,0.3441913166376149,829.0,2,1.0366189289538736,1.3707086614172597,1.0246698127820413,0.07773659845841419,-0.008568834068427799
4682.0,0.051436,20.950579,-1.591776,22.187531,0.113566,0.064325,0.061656,0.0026689999999999,0.049241,0.05191,0.891681,0.0542016977377033,0.6612235539959366,830.0,2,1.0390208264528977,1.6812598425196221,1.0169663048978212,0.003941596893845545,-0.010867622430669433
4683.0,0.05288,20.948347,-1.583376,22.189237,0.114567,0.065238,0.062065,0.003173,0.049329,0.052502,1.179284,0.0643219136428137,0.971397252141909,831.0,2,1.0508701874480841,1.998740157480315,1.018783754479085,-0.06830514094704487,-0.014047799015883
4684.0,0.056686,20.954254,-1.586395,22.191206,0.11295,0.063542,0.060894,0.002648,0.0494079999999999,0.052056,1.018981,0.0535934748729989,0.6425821794431417,832.0,2,1.0419431350767105,1.6680314960629923,1.0204153285349902,0.0037935790420093873,-0.030182946949562826
4685.0,0.050649,20.958192,-1.587445,22.190681,0.113171,0.064482,0.061382,0.0030999999999999,0.0486889999999999,0.0517889999999999,1.188714,0.0636681043335386,0.9513587022491437,833.0,2,1.0365989131413798,1.9527559055117483,1.0055659393426193,-0.04619518477308282,-0.030317649314693208
4686.0,0.051699,20.957142,-1.584689,22.194225,0.113933,0.064424,0.06123,0.0031939999999999,0.049509,0.052703,0.839818,0.064512219753585,0.9772299291036616,834.0,2,1.0548933657589497,2.011968503936945,1.0225012649862153,-0.07063152072921797,-0.0181236097999665
4687.0,0.051174,20.956748,-1.586133,22.196457,0.11307,0.064083,0.061041,0.003042,0.048987,0.052029,0.797385,0.0620968400424594,0.9032011470647074,835.0,2,1.0414027081394301,1.916220472440945,1.0117204845155372,-0.04599953850649552,-0.029201446693854095
4688.0,0.058524,20.955042,-1.58482,22.195276,0.114779,0.064713,0.061797,0.002916,0.050066,0.052982,1.17457,0.0582419557792559,0.7850531036777331,836.0,2,1.060477777444181,1.8368503937007876,1.0340048947221687,-0.06153877122204199,-0.020183277666043907
4689.0,0.053405,20.95281,-1.582326,22.192519,0.114053,0.064199,0.061162,0.003037,0.0498539999999999,0.052891,0.952974,0.0609166583090964,0.8670298503103899,837.0,2,1.058656338507421,1.9130708661417324,1.029626493458213,-0.07096949498311145,-0.005323055781959773
4690.0,0.05603,20.958061,-1.585345,22.185168,0.113419,0.064241,0.061923,0.002318,0.049178,0.051496,0.797385,0.0471339392830274,0.444604383214976,838.0,2,1.0307342800812642,1.4601574803149608,1.0156651762203255,0.0969317787670605,-0.0056539150028112935
4691.0,0.050649,20.956092,-1.577864,22.183855,0.113474,0.06453,0.06165,0.00288,0.048944,0.051824,0.844533,0.0588415568495249,0.8034302295336853,839.0,2,1.0372994665785973,1.814173228346457,1.010832412561056,-0.03304177048046175,-0.007485805169228943
4692.0,0.05288,20.949529,-1.587051,22.180442,0.113042,0.064256,0.061839,0.0024169999999999,0.048786,0.051203,1.103847,0.0495418861581977,0.5184053568516616,840.0,2,1.0248696470211467,1.5225196850393072,1.0075692644492416,0.0941232871719474,-0.005201882967046667
4693.0,0.052486,20.952154,-1.579308,22.183855,0.112353,0.064104,0.061593,0.0025109999999999,0.048249,0.0507599999999999,1.221718,0.0520414507772019,0.5950143154846332,841.0,2,1.016002642087247,1.581732283464504,0.9964786914363025,0.08029707789379648,-0.0076301319512081635
4694.0,0.055899,20.951366,-1.574583,22.186349,0.113401,0.064246,0.061545,0.0027009999999999,0.049155,0.051856,0.981262,0.0549475140369435,0.6840820188589276,842.0,2,1.037939972578337,1.7014173228345828,1.0151901609888587,0.00048498683349418314,-0.008400658922562632
4695.0,0.049205,20.952548,-1.583245,22.178473,0.113217,0.064393,0.060905,0.003488,0.0488239999999999,0.052312,1.349017,0.0714388120839734,1.1895225104883362,843.0,2,1.047067183074629,2.197165354330709,1.0083540722229671,-0.06451408643725931,0.0057591598454500344
4696.0,0.040411,20.952154,-1.580751,22.182805,0.113373,0.064871,0.061514,0.0033569999999999,0.048502,0.051859,1.169855,0.0692122136775044,1.1212796717489288,844.0,2,1.0380000200158126,2.1146456692912756,1.0017038589824359,-0.04779229870739521,-0.002736500015568155
4697.0,0.051567,20.957798,-1.581408,22.183724,0.113355,0.064052,0.060621,0.0034309999999999,0.049303,0.0527339999999999,1.221718,0.0695886743469089,1.1328177850787764,845.0,2,1.0555138559461956,2.161259842519622,1.018246780739166,-0.07028202834811048,0.004108648539411108
4698.0,0.050911,20.956879,-1.579176,22.180836,0.113419,0.06401,0.060826,0.0031839999999999,0.049409,0.052593,1.235862,0.0644403966808338,0.975028629418326,846.0,2,1.052691626384844,2.0056692913385197,1.020435981371143,-0.06924404093558667,-0.0012078822866889104
4699.0,0.05708,20.950054,-1.578126,22.17926,0.113024,0.063506,0.061214,0.002292,0.0495179999999999,0.05181,0.853963,0.0462852642420083,0.4185934088973067,847.0,2,1.037019245203711,1.4437795275590553,1.0226871405115698,0.07062869269701522,-0.0059822479096532264
4700.0,0.051699,20.955436,-1.576945,22.183067,0.113878,0.064467,0.061845,0.0026219999999999,0.049411,0.0520329999999999,0.868107,0.0530640330284141,0.6263553581551524,848.0,2,1.0414827713893957,1.6516535433070236,1.0204772870434442,0.011975180156878595,-0.012280075641414877
4701.0,0.051305,20.956092,-1.575764,22.180836,0.113134,0.064162,0.061551,0.0026109999999999,0.048972,0.051583,0.929399,0.0533150919894634,0.6340500444278077,849.0,2,1.0324756557680568,1.6447244094487559,1.0114106919732764,0.03540971506933088,-0.006070508500973615
4702.0,0.049599,20.949398,-1.58482,22.185955,0.113226,0.064409,0.061813,0.0025959999999999,0.048817,0.0514129999999999,1.132136,0.0531771068048669,0.6298209474009295,850.0,2,1.0290729676444372,1.6352755905511183,1.008209502369914,0.04095797891094721,0.0025352981410419863
4703.0,0.053668,20.958192,-1.57957,22.183724,0.113097,0.063495,0.06101,0.0024849999999999,0.049602,0.052087,1.084988,0.0500977763441726,0.5354427912664546,851.0,2,1.0425636252639585,1.5653543307085984,1.0244219787482327,0.032553421664153315,0.0018030886446053329
4704.0,0.049861,20.959373,-1.579308,22.180704,0.113474,0.064377,0.061251,0.003126,0.049097,0.052223,1.009551,0.0636685812049371,0.9513733178429792,852.0,2,1.0452857757628526,1.9691338582677165,1.0139922964921169,-0.06249329048412233,0.012770409024014629
4705.0,0.050911,20.954779,-1.573926,22.182673,0.113621,0.064167,0.061503,0.0026639999999999,0.049454,0.052118,0.995407,0.0538671519563239,0.6509700867594121,853.0,2,1.0431841154512065,1.6781102362204094,1.0213653589979255,-0.002418415032846677,0.010642462890256643
4706.0,0.049467,20.949266,-1.575501,22.175978,0.113153,0.0637,0.061204,0.002496,0.049453,0.051949,0.962403,0.0504711449023335,0.5468861347229654,854.0,2,1.0398014431400808,1.5722834645669292,1.0213447061617746,0.0382657677127608,0.003974784682647059
4707.0,0.046711,20.950973,-1.575108,22.17716,0.115109,0.065238,0.062018,0.00322,0.049871,0.053091,0.886966,0.0645652871350659,0.9788563870882724,855.0,2,1.0626595010057946,2.0283464566929137,1.0299775916727776,-0.07760412331247701,-0.005883850425870274
4708.0,0.05183,20.950973,-1.573401,22.177291,0.112748,0.063485,0.060941,0.0025439999999999,0.049263,0.051807,1.009551,0.05164014290354,0.582714662153528,856.0,2,1.0369591977662354,1.6025196850393073,1.0174206672931372,0.040429162858506285,-0.007887208579564386
4709.0,0.048024,20.950185,-1.578651,22.175191,0.113143,0.063826,0.06133,0.0024959999999999,0.049317,0.0518129999999999,0.990692,0.0506103248306904,0.5511518493570118,857.0,2,1.0370792926411847,1.5722834645668664,1.0185359204452762,0.049349231359435364,-0.016017780489489885
4710.0,0.050517,20.947691,-1.575108,22.173747,0.113915,0.06475,0.06174,0.0030099999999999,0.049165,0.052175,0.971833,0.0612211691005979,0.8763627775138176,858.0,2,1.044325016763243,1.8960629921259213,1.015396689350366,-0.054701601919217246,-0.01641652144507453
4711.0,0.049599,20.956748,-1.57327,22.17506,0.113153,0.064199,0.060947,0.003252,0.048954,0.052206,1.04727,0.0664283525686856,1.0359573324487314,859.0,2,1.044945506950491,2.048503937007874,1.0110389409225633,-0.06317663601584245,-0.014977161926102
4712.0,0.04973,20.946772,-1.57327,22.173878,0.11228,0.063794,0.061083,0.002711,0.048486,0.051197,1.136851,0.0559118939097078,0.7136392214282736,860.0,3,1.0247495521461956,1.7077165354330708,1.0013734136040242,0.020924397374006087,-0.015390527281950029
4713.0,0.053274,20.948873,-1.570514,22.168102,0.113006,0.064393,0.061178,0.003215,0.0486129999999999,0.0518279999999999,0.820959,0.0661332126547908,1.0269116125331128,861.0,3,1.0373795298285626,2.025196850393701,1.0039963237951641,-0.04875229743510168,-0.014658317785513375
4714.0,0.046449,20.954911,-1.57747,22.171121,0.113355,0.064477,0.060826,0.003651,0.0488779999999999,0.052529,0.707803,0.0746946541459524,1.289310556752573,862.0,3,1.0514106143853645,2.2998425196850394,1.0094693253751061,-0.06648070003996875,-0.02521327747191232
4715.0,0.044873,20.946641,-1.571433,22.170728,0.112978,0.063574,0.060952,0.002622,0.0494039999999999,0.0520259999999999,0.948259,0.0530715514624027,0.6265857900447851,863.0,3,1.0413426607019525,1.651653543307087,1.020332717190387,0.011975180156878595,-0.03433176765842755
4716.0,0.050649,20.944803,-1.573533,22.166396,0.11296,0.064099,0.061482,0.002617,0.048861,0.051478,1.150995,0.0535590029061438,0.6415256508530343,864.0,3,1.0303739954564106,1.648503937007874,1.0091182271605459,0.034132114154280524,-0.03582385459968659
4717.0,0.051174,20.941653,-1.578651,22.167708,0.113639,0.064309,0.061067,0.003242,0.04933,0.052572,0.868107,0.0657193245626482,1.0142263890791718,865.0,3,1.0522712943225148,2.042204724409449,1.0188044073152356,-0.07028202834811048,-0.037768143039278425
4718.0,0.046186,20.942572,-1.571564,22.16889,0.113649,0.064682,0.061361,0.003321,0.048967,0.052288,1.217003,0.0678198006861624,1.0786037159273794,866.0,3,1.0465868035748243,2.091968503937008,1.0113074277925227,-0.06512043400548317,-0.04045589394165746
4719.0,0.043036,20.942572,-1.571564,22.170334,0.112831,0.063721,0.060794,0.0029269999999999,0.04911,0.052037,1.311299,0.0595996823522224,0.8266659582014617,867.0,3,1.041562834639365,1.8437795275589923,1.0142607833620763,-0.041835670505716904,-0.03242494146084558
4720.0,0.044873,20.945722,-1.575633,22.16889,0.114163,0.064829,0.061209,0.0036199999999999,0.049334,0.052954,1.193429,0.0733758994628559,1.248892148604106,868.0,3,1.0599173346944086,2.2803149606298585,1.0188870186598387,-0.06962247133180766,-0.03299839139471178
4721.0,0.054849,20.940997,-1.573533,22.167052,0.114898,0.064708,0.061209,0.003499,0.05019,0.053689,1.033125,0.0697136936901038,1.1366494930563675,869.0,3,1.074628956875932,2.2040944881889764,1.0365658464048586,-0.0826195204117608,-0.04028461921772839
4722.0,0.043692,20.94546,-1.569989,22.169021,0.113924,0.06453,0.061834,0.002696,0.0493939999999999,0.05209,0.91054,0.054580423119749,0.6728310783246942,870.0,3,1.0426236727014342,1.6982677165354332,1.02012618882888,-0.005953111649784293,-0.04103403160075151
4723.0,0.045792,20.942047,-1.571302,22.172828,0.114237,0.064235,0.061981,0.0022539999999999,0.050002,0.052256,1.160425,0.0450772953622782,0.3815704660881593,871.0,3,1.0459462975750844,1.4198425196849767,1.0326831132085224,0.03155722737301714,-0.03737415431916006
4724.0,0.047499,20.94336,-1.566708,22.171253,0.114273,0.064845,0.061382,0.003463,0.049428,0.052891,0.905825,0.0700600861842238,1.1472660492562166,872.0,3,1.058656338507421,2.181417322834646,1.0208283852580067,-0.07221519937863075,-0.03652627327698247
4725.0,0.044611,20.950185,-1.572614,22.173222,0.114338,0.06434,0.06143,0.0029099999999999,0.049998,0.052908,0.877537,0.0582011640232803,0.7838028803699053,873.0,3,1.0589966073197825,1.8330708661416695,1.0326005018639195,-0.060887098073287516,-0.024821844067978983
4726.0,0.049074,20.945985,-1.572089,22.174666,0.112565,0.063847,0.061183,0.0026639999999999,0.048718,0.051382,0.943544,0.0546809253063486,0.6759113619057602,874.0,3,1.0284524774571913,1.6781102362204094,1.0061648715909923,0.026637990324049343,-0.01883051669309558
4727.0,0.039098,20.944016,-1.56907,22.176504,0.113097,0.063742,0.060931,0.0028109999999999,0.049355,0.052166,0.896396,0.0569535618769753,0.7455652207030905,875.0,3,1.0441448744508162,1.7707086614172598,1.0193207282190038,-0.03368325553219598,-0.017596767486730547
4728.0,0.047892,20.953073,-1.570514,22.177422,0.113042,0.063926,0.060878,0.0030479999999999,0.049116,0.052164,1.061414,0.0620559073233299,0.9019466033883056,876.0,3,1.0441048428258324,1.919999999999937,1.0143847003789805,-0.05664162358370728,-0.023838794682308963
4729.0,0.045923,20.94336,-1.570777,22.174928,0.113612,0.06453,0.062091,0.002439,0.049082,0.051521,1.000122,0.0496913391601981,0.5229859301086066,877.0,3,1.0312346753935608,1.5363779527559056,1.013682503949856,0.07520862158431796,-0.033637718745537296
4730.0,0.041592,20.956879,-1.563295,22.176372,0.112427,0.063773,0.060968,0.0028049999999999,0.048654,0.051459,1.103847,0.0576508067002362,0.7669350222341795,878.0,3,1.0299936950190651,1.7669291338582047,1.004843090077346,-0.009709197582973617,-0.03226817154989028
4731.0,0.043823,20.95176,-1.565133,22.178998,0.115063,0.065742,0.062128,0.0036139999999999,0.049321,0.0529349999999999,0.91054,0.0732735898787557,1.2457564702397637,879.0,3,1.0595370342570611,2.276535433070803,1.018618531789879,-0.07028202834811048,-0.03347403841811063
4732.0,0.045267,20.944803,-1.566839,22.184642,0.115008,0.065868,0.061923,0.0039449999999999,0.04914,0.053085,0.929399,0.0802791965975457,1.4604707573752882,880.0,3,1.0625394061308435,2.485039370078677,1.0148803684465981,-0.06837338360556844,-0.04241305823650214
4733.0,0.04658,20.945722,-1.568808,22.181623,0.114751,0.065774,0.061719,0.0040549999999999,0.048977,0.053032,0.882251,0.0827922740822409,1.5374938707617969,881.0,3,1.0614785680687744,2.5543307086613543,1.0115139561540298,-0.06643201325926618,-0.045509347322694994
4734.0,0.047367,20.94756,-1.565658,22.186612,0.114558,0.064976,0.061986,0.00299,0.0495819999999999,0.0525719999999999,1.03784,0.060302926406228,0.848219629681922,882.0,3,1.0522712943225128,1.8834645669291339,1.024008922025216,-0.058519727422160606,-0.04293663578450012
4735.0,0.036998,20.944935,-1.56592,22.185693,0.115569,0.066036,0.062517,0.0035189999999999,0.049533,0.053052,0.863392,0.0710421124883916,1.17736409590822,883.0,3,1.0618788843186118,2.2166929133857636,1.0229969330538327,-0.07294576675549103,-0.05506658319877215
4736.0,0.040017,20.957536,-1.558439,22.189368,0.113777,0.064241,0.061214,0.003027,0.049536,0.052563,1.198144,0.0611058400791329,0.8728280674417439,884.0,3,1.052091152010088,1.9067716535433072,1.023058891562285,-0.0627522078598658,-0.061357134704917646
4737.0,0.036473,20.956223,-1.56487,22.191337,0.114319,0.064934,0.061855,0.003079,0.049385,0.052464,0.915255,0.0623456040173329,0.9108254944872805,885.0,3,1.050109586573393,1.9395275590551182,1.0199403133035254,-0.06464614639412447,-0.05275261354840051
4738.0,0.041198,20.942441,-1.564214,22.1895,0.113649,0.064372,0.061535,0.0028369999999999,0.049277,0.052114,0.858677,0.0575713300052761,0.7644991472861224,886.0,3,1.0431040522012391,1.7870866141731654,1.0177098069992472,-0.03091450820175856,-0.05179779975813205
4739.0,0.043955,20.953729,-1.56277,22.189106,0.113355,0.064939,0.061524,0.0034149999999999,0.048416,0.0518309999999999,0.901111,0.0705330772249415,1.1617627143140474,887.0,3,1.037439577266038,2.1511811023621417,0.9999277150734736,-0.046090852558402284,-0.03912601025974689
4740.0,0.039361,20.956223,-1.56172,22.190025,0.113483,0.063962,0.060695,0.003267,0.0495209999999999,0.052788,0.976548,0.0659706796979121,1.0219301527719415,888.0,3,1.0565947098207584,2.0579527559055117,1.0227490990200219,-0.07261471264442865,-0.02665855866966277
4741.0,0.037786,20.950316,-1.565789,22.191863,0.114687,0.064808,0.062354,0.002454,0.0498789999999999,0.052333,1.169855,0.0491980753809142,0.5078679274872733,889.0,3,1.0474875151369583,1.5458267716535434,1.0301428143619813,0.01576318321706094,-0.00923134487714391
4742.0,0.046317,20.948347,-1.56067,22.194488,0.113814,0.064467,0.061456,0.003011,0.049347,0.052358,1.04727,0.0610156439977304,0.870063654865054,890.0,3,1.047987910449255,1.8966929133858268,1.019155505529798,-0.05882524570288383,0.0063560767139391626
4743.0,0.043036,20.94336,-1.56592,22.189631,0.113594,0.064382,0.061892,0.0024899999999999,0.049212,0.051702,1.146281,0.0505963871334808,0.5507246739758065,891.0,3,1.0348575374545892,1.568503937007811,1.0163673726494502,0.06028588172458538,0.005792488518540561
4744.0,0.047105,20.955567,-1.562114,22.189368,0.113345,0.063437,0.061382,0.0020549999999999,0.049908,0.051963,0.943544,0.0411749383878657,0.261967435323962,892.0,3,1.0400816645149669,1.294488188976315,1.0307417466103543,0.06615478847868062,0.015439695870791758
4745.0,0.046186,20.951892,-1.564477,22.187531,0.113097,0.0637,0.061482,0.002218,0.0493969999999999,0.051615,0.943544,0.0449006032632901,0.3761550438985352,893.0,3,1.0331161617677966,1.3971653543307088,1.0201881473373322,0.10132637116969756,0.013157315512694778
4746.0,0.043167,20.956354,-1.560802,22.190025,0.113364,0.063469,0.061587,0.0018819999999999,0.049895,0.051777,0.905825,0.0377184543851209,0.156029930060622,894.0,3,1.0363587233914793,1.1855118110235592,1.030473259740395,0.09312200805096493,0.02767505738117796
4747.0,0.038442,20.949791,-1.559489,22.19055,0.113887,0.064577,0.061146,0.0034309999999999,0.04931,0.052741,0.957688,0.0695787958062094,1.1325150184649262,895.0,3,1.0556539666336406,2.161259842519622,1.018391350592221,-0.07028202834811048,0.022477391153572612
4748.0,0.041067,20.949398,-1.557127,22.189893,0.112923,0.063584,0.061178,0.0024059999999999,0.0493389999999999,0.0517449999999999,1.349017,0.0487636805837048,0.4945541956490249,896.0,3,1.0357182173917376,1.5155905511810395,1.0189902828405901,0.06555756532075341,0.02680400959101924
4749.0,0.038573,20.955567,-1.558439,22.192781,0.113676,0.064267,0.061136,0.003131,0.0494089999999999,0.0525399999999999,1.02841,0.0633677393240235,0.9421528387904476,897.0,3,1.0516307883227731,1.9722834645669294,1.0204359813711408,-0.06891465613937209,0.019697155986047543
4750.0,0.042905,20.953729,-1.562508,22.186349,0.11363,0.064235,0.061855,0.00238,0.0493949999999999,0.0517749999999999,1.108562,0.0481820390315005,0.4767275096440866,898.0,3,1.0363186917664935,1.499212598425197,1.0201468416650306,0.07256270604040316,0.009049450659113622
4751.0,0.036211,20.951104,-1.559095,22.188318,0.113952,0.064073,0.061335,0.002738,0.0498789999999999,0.052617,0.957688,0.0548917401764235,0.6823726102119612,899.0,3,1.0531720058846488,1.724724409448819,1.0301428143619813,-0.036213479058992526,-0.0020567601812799484
4752.0,0.044086,20.948347,-1.558308,22.185693,0.113511,0.063894,0.06123,0.002664,0.0496169999999999,0.052281,0.995407,0.0536901930750938,0.6455464879819208,900.0,3,1.046446692887381,1.6781102362204725,1.0247317712904915,-0.015559061328417556,-0.009839863577647346
4753.0,0.047761,20.959767,-1.557783,22.1895,0.113676,0.064041,0.061388,0.002653,0.049635,0.052288,0.863392,0.0534491095172858,0.6381575370555159,901.0,3,1.0465868035748243,1.6711811023622047,1.0251035223412066,-0.010782654325131591,-0.009414926173925342
4754.0,0.044086,20.957536,-1.555814,22.186743,0.114365,0.064446,0.061671,0.002775,0.0499189999999999,0.052694,1.122707,0.0555889423076924,0.7037411032795586,902.0,3,1.0547132234465229,1.7480314960629924,1.0309689278080103,-0.04032226479065859,-0.0235439081615757
4755.0,0.036079,20.942966,-1.558964,22.192125,0.114439,0.064451,0.061897,0.0025539999999999,0.049988,0.052542,1.466888,0.0510912400728158,0.5658913826380647,903.0,3,1.0516708199477587,1.6088188976377324,1.0323939735024124,-0.009735737234238151,-0.02235618610663521
4756.0,0.041723,20.948741,-1.556339,22.19265,0.113162,0.063616,0.061041,0.002575,0.0495459999999999,0.052121,0.877537,0.051970855954952,0.5928506603519252,904.0,3,1.0432441628886822,1.6220472440944882,1.02326541992379,0.015290974087290965,-0.03730625310091027
4757.0,0.040805,20.942572,-1.556077,22.190287,0.114834,0.064839,0.061892,0.0029469999999999,0.049995,0.052942,1.075559,0.0589447155772459,0.8065919332338107,905.0,3,1.0596771449445062,1.8563779527558424,1.0325385433554672,-0.06603265431089045,-0.04137791372666313
4758.0,0.038836,20.951629,-1.555027,22.1895,0.115238,0.064488,0.061487,0.003001,0.0507499999999999,0.0537509999999999,1.160425,0.0591318397667041,0.8123270877404953,906.0,3,1.075869937250426,1.8903937007874019,1.0481314346492623,-0.07573225455575017,-0.04808395963499745
4759.0,0.042511,20.952548,-1.560539,22.198164,0.115036,0.064813,0.061955,0.0028579999999999,0.050223,0.0530809999999999,0.948259,0.0569050653074225,0.7440788531723379,907.0,3,1.062459342880874,1.8003149606298585,1.0372473899978325,-0.05703743558996721,-0.05496631530802674
4760.0,0.040542,20.945853,-1.558177,22.19882,0.114944,0.064839,0.061719,0.0031199999999999,0.050105,0.053225,1.169855,0.0622679918572624,0.9084467655218222,908.0,3,1.065341619879705,1.9653543307085986,1.034810355332047,-0.07693796390234742,-0.05542850591684147
4761.0,0.038705,20.94861,-1.559095,22.201708,0.115045,0.065307,0.061524,0.003783,0.0497379999999999,0.0535209999999999,1.066129,0.0760570176320392,1.331065527660379,909.0,3,1.0712663003772962,2.382992125984252,1.0272307644647292,-0.07693008531652112,-0.05391342890200106
4762.0,0.038311,20.95793,-1.557652,22.201445,0.114384,0.064125,0.060878,0.003247,0.050259,0.053506,1.202858,0.0646040588937524,0.9800446996586952,910.0,3,1.07096606318992,2.0453543307086615,1.0379908920992587,-0.0826195204117608,-0.0563450623555942
4763.0,0.045136,20.952679,-1.555158,22.20814,0.114843,0.064997,0.061561,0.003436,0.049846,0.053282,0.891681,0.0689309286416434,1.112658588896135,911.0,3,1.0664825211917415,2.1644094488188976,1.0294612707690094,-0.07960621105542443,-0.047572427016223565
4764.0,0.038705,20.955436,-1.556339,22.208403,0.114145,0.063779,0.061025,0.0027539999999999,0.0503659999999999,0.0531199999999999,1.04727,0.0546786586455417,0.6758418911976727,912.0,3,1.0632399595680568,1.7348031496062364,1.040200745567384,-0.04494417087880587,-0.0354384548277973
4765.0,0.040542,20.947822,-1.550827,22.200658,0.114981,0.064199,0.061871,0.002328,0.0507819999999999,0.05311,1.146281,0.0458421125179686,0.4050112867001187,913.0,3,1.0630398014431401,1.466456692913386,1.0487923254060854,0.005415032914165896,-0.03515960487239548
4766.0,0.039755,20.949923,-1.553189,22.199608,0.114521,0.06464,0.062034,0.002606,0.0498809999999999,0.052487,0.948259,0.0522432941742513,0.6012005978224977,914.0,3,1.050569950260706,1.6415748031496062,1.0301841200342827,-0.00902536044864044,-0.022054870376396994
4767.0,0.040411,20.953992,-1.55122,22.203415,0.113208,0.063542,0.061057,0.002485,0.049666,0.052151,1.221718,0.0500332212535486,0.5334642473914304,915.0,3,1.0438446372634382,1.5653543307086613,1.025743760261879,0.02169369908281593,-0.012383589788583726
4768.0,0.042905,20.944935,-1.548202,22.206565,0.113171,0.063506,0.061115,0.002391,0.0496649999999999,0.0520559999999999,1.099133,0.0481415857930979,0.4754876615346248,916.0,3,1.0419431350767088,1.5061417322834645,1.0257231074257263,0.04560746732851251,-0.007063601033337674
4769.0,0.04973,20.953598,-1.548595,22.207615,0.115192,0.064446,0.061614,0.002832,0.050746,0.053578,1.023696,0.0558062545569196,0.7104014892463424,917.0,3,1.0724072016893347,1.7839370078740158,1.0480488233046614,-0.05424893603594905,0.008173525691105177
4770.0,0.043036,20.946116,-1.551089,22.206303,0.113465,0.063227,0.061267,0.00196,0.0502379999999999,0.0521979999999999,1.150995,0.0390135153964052,0.1957221527326578,918.0,3,1.044785380450554,1.2346456692913386,1.0375571825400913,0.05410938105763741,0.01994393991308078
4771.0,0.041986,20.942441,-1.549908,22.206565,0.114595,0.064172,0.061923,0.002249,0.0504229999999999,0.052672,0.952974,0.04460177693162,0.3669963392556135,919.0,3,1.0542728755717017,1.4166929133858268,1.0413779572279753,0.019782720561611566,0.019219932514781535
4772.0,0.04343,20.946247,-1.555289,22.208403,0.115045,0.06454,0.061897,0.0026429999999999,0.0505049999999999,0.0531479999999999,1.316014,0.0523304161881756,0.6038707935477876,920.0,3,1.0638004023178291,1.6648818897637168,1.0430714897923348,-0.02941963285930027,0.018391669570517653
4773.0,0.045661,20.951104,-1.558308,22.205909,0.113878,0.064235,0.062023,0.0022119999999999,0.0496429999999999,0.0518549999999999,1.108562,0.0445572476029328,0.3656315633768814,921.0,3,1.037919956765843,1.3933858267715904,1.0252687450304103,0.07276505618900408,0.026561439888096304
4774.0,0.048549,20.952023,-1.54912,22.208797,0.113153,0.063506,0.061325,0.002181,0.049647,0.051828,1.018981,0.0439292620045119,0.3463844823589492,922.0,3,1.0373795298285646,1.3738582677165356,1.0253513563750152,0.07275997134095014,0.02438726074709626
4775.0,0.046711,20.951892,-1.555814,22.204202,0.113134,0.063143,0.060621,0.002522,0.0499909999999999,0.052513,1.03784,0.0504480716914707,0.5461789657051754,923.0,3,1.0510903613854945,1.5886614173228346,1.0324559320108624,-0.0018250410688265273,0.022689807074122693
4776.0,0.040936,20.948741,-1.552927,22.202233,0.114356,0.064178,0.061556,0.0026219999999999,0.050178,0.0528,1.325443,0.0522529344945096,0.6014960632368596,924.0,3,1.056834899570661,1.6516535433070236,1.03631801237105,-0.01730798989127924,0.013593676470971584
4777.0,0.044086,20.940603,-1.555289,22.205515,0.113226,0.063768,0.061661,0.002107,0.0494579999999999,0.0515649999999999,1.108562,0.042600942194545,0.3056729133923299,925.0,3,1.0321153711432012,1.327244094488189,1.0214479703425263,0.10339140225860244,0.007100341109538532
4778.0,0.047367,20.941784,-1.557258,22.204202,0.114365,0.063632,0.06165,0.0019819999999999,0.050733,0.0527149999999999,0.693659,0.0390665037253122,0.1973461878411728,926.0,3,1.0551335555088501,1.248503937007811,1.047780336434702,0.023865675918512075,0.013894844954377794
4779.0,0.046449,20.943097,-1.54702,22.199608,0.113548,0.064136,0.060936,0.0032,0.049412,0.052612,0.816244,0.0647602857547609,0.984832884385491,927.0,3,1.0530719268221895,2.015748031496063,1.020497939879595,-0.07122347276568475,-0.00014833848715869457
4780.0,0.044611,20.937715,-1.545708,22.195407,0.11397,0.063674,0.060957,0.0027169999999999,0.050296,0.053013,0.934114,0.0540191263892478,0.6556279391536315,928.0,3,1.061098267631429,1.711496062992063,1.0387550470368354,-0.036851924973873684,-0.002584164787733767
4781.0,0.04343,20.93824,-1.553058,22.191731,0.114687,0.064424,0.061614,0.0028099999999999,0.050263,0.0530729999999999,0.981262,0.0559048225370044,0.7134224914846694,929.0,3,1.062299216380939,1.7700787401574172,1.0380735034438615,-0.045150633052718936,-0.006085949052944161
4782.0,0.050649,20.946116,-1.549777,22.195538,0.114163,0.064319,0.062013,0.002306,0.049844,0.05215,0.962403,0.0462634165914334,0.4179238019800106,930.0,3,1.0438246214509463,1.4525984251968505,1.029419965096708,0.03852540558909234,0.00030243019886566636
4783.0,0.045398,20.948873,-1.553189,22.196195,0.113566,0.063999,0.060899,0.0030999999999999,0.049567,0.052667,1.207573,0.0625403486120077,0.9167942061917124,931.0,3,1.0541727965092422,1.9527559055117483,1.0236991294829574,-0.0676667782263608,-0.0044162730020978255
4784.0,0.04553,20.942309,-1.549645,22.191994,0.113345,0.063332,0.061162,0.0021699999999999,0.050013,0.052183,0.938829,0.0433878514016075,0.329790831542319,932.0,3,1.0444851432631779,1.3669291338582048,1.0329102944061805,0.04840170833519941,-0.005883038290382914
4785.0,0.04133,20.94441,-1.548858,22.190812,0.113924,0.064256,0.061477,0.0027789999999999,0.049668,0.052447,1.268866,0.0559503915923412,0.714819133863384,933.0,3,1.0497693177610312,1.7505511811022993,1.0257850659341805,-0.036842883720930475,0.004934273719465287
4786.0,0.044873,20.940472,-1.552139,22.193832,0.113217,0.063453,0.061141,0.0023119999999999,0.049764,0.052076,1.287725,0.0464583542650456,0.4238984313455469,934.0,3,1.042343451326548,1.4563779527558427,1.0277677382046502,0.04657580262681904,0.014926029167449317
4787.0,0.047105,20.950316,-1.550827,22.197639,0.113474,0.063275,0.061367,0.001908,0.050199,0.052107,0.985977,0.03800796812749,0.1649032138894144,935.0,3,1.042963941513796,1.2018897637795276,1.0367517219302151,0.05620437024896752,0.016938441155426254
4788.0,0.043036,20.946772,-1.554502,22.196063,0.114154,0.063805,0.061351,0.0024539999999999,0.050349,0.052803,0.872822,0.0487388282025818,0.4937924969824223,936.0,3,1.0568949470081366,1.5458267716534804,1.0398496473528238,0.009198023035661196,0.006384165386933116
4789.0,0.047761,20.945197,-1.549252,22.195538,0.114136,0.063112,0.061398,0.001714,0.051024,0.052738,1.217003,0.0335913767760901,0.0295394543107812,937.0,3,1.055593919196165,1.0796850393700788,1.0537903117545628,0.036949647332797264,0.014511732817158441
4790.0,0.048811,20.949266,-1.548595,22.196063,0.11386,0.06307,0.061551,0.0015189999999999,0.05079,0.052309,1.004836,0.0299068732649485,0.0833866028601465,938.0,3,1.0470071356371535,0.9568503937007244,1.0489575480952933,0.06306562950596661,0.0028784282287283138
4791.0,0.04553,20.961867,-1.552664,22.201577,0.11544,0.064209,0.061624,0.002585,0.051231,0.053816,1.117992,0.0504567457838851,0.5464448172786471,939.0,3,1.0771709650623993,1.6283464566929136,1.0580654488377628,-0.02502651317294957,0.009549542367821984
4792.0,0.047105,20.953992,-1.553714,22.194094,0.114016,0.063999,0.060994,0.003005,0.050017,0.053022,1.17457,0.0600783717861569,0.8413372728630282,940.0,3,1.0612784099438557,1.8929133858267717,1.0329929057507834,-0.06701735209583903,0.006163259241943819
4793.0,0.04238,20.944147,-1.551483,22.194751,0.115119,0.064067,0.061839,0.002228,0.051052,0.05328,1.000122,0.0436409221789121,0.3375471778125214,941.0,3,1.066442489566758,1.403464566929134,1.054368591166783,0.01360889607589244,0.003679489911304723
4794.0,0.052486,20.947822,-1.554633,22.195538,0.115808,0.064503,0.061593,0.00291,0.0513049999999999,0.0542149999999999,0.938829,0.0567185124546837,0.7383612095196492,942.0,3,1.0851572742466529,1.8330708661417323,1.0595937587129143,-0.06793133754910186,0.004188977521706027
4795.0,0.052224,20.951366,-1.549514,22.196982,0.113594,0.063086,0.060983,0.002103,0.050508,0.052611,0.849248,0.041636144053535,0.2761028913525496,943.0,3,1.0530519110096976,1.3247244094488189,1.043133448300789,0.029868257670006226,7.458002687118492e-05
4796.0,0.055768,20.948479,-1.548202,22.195538,0.115578,0.063989,0.061766,0.002223,0.0515889999999999,0.053812,0.849248,0.0430897460748207,0.320654224921133,944.0,3,1.077090901812432,1.4003149606299214,1.06545916417972,0.012712971368037396,-0.004465296361366777
4797.0,0.04658,20.954517,-1.550695,22.195669,0.114163,0.063143,0.061288,0.001855,0.0510199999999999,0.052875,1.146281,0.0363575782520923,0.1143205449192512,945.0,3,1.058336085507551,1.168503937007874,1.0537077004099578,0.031366676942576555,0.003733031807042897
4798.0,0.050649,20.957405,-1.556208,22.201052,0.114705,0.063458,0.061388,0.00207,0.051247,0.053317,1.28301,0.0403918201685919,0.2379657068593561,946.0,3,1.067183074628957,1.3039370078740156,1.0583958942161744,0.014292899139674242,0.012492401053696357
4799.0,0.054718,20.949923,-1.55017,22.200658,0.115394,0.064157,0.061724,0.002433,0.0512369999999999,0.0536699999999999,1.141566,0.0474842890042547,0.4553422241559588,947.0,3,1.0742486564385845,1.5325984251968503,1.058189365854665,-0.004194327615551163,0.011808692203659632
4800.0,0.049599,20.951366,-1.551483,22.197507,0.114531,0.064325,0.061944,0.0023809999999999,0.050206,0.0525869999999999,1.000122,0.047423666022666,0.4534841951802619,948.0,3,1.052571531509891,1.4998425196849765,1.0368962917832703,0.01766686562358699,0.019338194572150257
4801.0,0.055768,20.952023,-1.548202,22.200001,0.113538,0.062592,0.061015,0.0015769999999999,0.050946,0.052523,0.985977,0.0309537362356958,0.0513013823338921,949.0,3,1.0512905195104132,0.9933858267715907,1.0521793905348062,0.05695676851114717,0.008811374418973339
4802.0,0.059968,20.955436,-1.550827,22.197113,0.113887,0.063175,0.061162,0.0020129999999999,0.050712,0.052725,0.929399,0.0396939640723284,0.216577170470279,950.0,3,1.0553337136337708,1.268031496062929,1.0473466268755367,0.020576340370695556,0.0036981891098441743
4803.0,0.059836,20.960161,-1.545708,22.193963,0.113042,0.063411,0.060873,0.0025379999999999,0.049631,0.052169,0.886966,0.0511363636363636,0.5672743711741146,951.0,3,1.0442049218882918,1.5987401574802522,1.0250209109966038,0.006771807575525202,-0.002219538732513049
4804.0,0.054324,20.971449,-1.548464,22.200395,0.114044,0.063128,0.060842,0.002286,0.050916,0.053202,1.353732,0.0448965964216274,0.3760322385248105,952.0,3,1.064881256192392,1.44,1.0515598054502846,0.007363686135804404,-0.003314816939599741
4805.0,0.054586,20.964624,-1.542164,22.196195,0.11499,0.064251,0.061256,0.002995,0.0507389999999999,0.053734,1.000122,0.0590264091446591,0.8090957529306297,953.0,3,1.075529668438066,1.8866141732283463,1.0479042534516043,-0.07539994386176296,-0.0013348086241357416
4806.0,0.062462,20.961474,-1.542427,22.204465,0.113759,0.064031,0.061235,0.002796,0.0497279999999999,0.052524,0.981262,0.0562247380803958,0.7232275577123557,954.0,3,1.051310535322905,1.761259842519685,1.0270242361032218,-0.03841888172325425,0.0010277641602990605
4807.0,0.060624,20.958717,-1.55332,22.202364,0.113263,0.063595,0.060884,0.0027109999999999,0.049668,0.052379,1.04727,0.054581328393968,0.6728588240027478,955.0,3,1.0484082425115842,1.707716535433008,1.0257850659341805,-0.027810601480995678,-0.0026755225995013345
4808.0,0.060755,20.974206,-1.556208,22.205384,0.114136,0.063878,0.061361,0.002517,0.050258,0.052775,1.15571,0.0500805825822241,0.5349158210141807,956.0,3,1.0563345042583643,1.5855118110236222,1.0379702392631078,0.0033401170688073245,-0.006218848865129678
4809.0,0.059443,20.967774,-1.554633,22.203677,0.114494,0.063479,0.061293,0.0021859999999999,0.051015,0.053201,1.033125,0.0428493021797081,0.3132848789661691,957.0,3,1.0648612403799,1.377007874015685,1.0536044362292063,0.015605755539088828,-0.013328305658603812
4810.0,0.064955,20.978275,-1.55227,22.199739,0.115036,0.063542,0.061908,0.001634,0.051494,0.053128,0.962403,0.0317312360423342,0.0274718521544963,958.0,3,1.0634000860679937,1.0292913385826772,1.0634971447454034,0.04129259346793501,-0.022104711994213776
4811.0,0.066268,20.982607,-1.545708,22.206565,0.11443,0.063259,0.061298,0.0019609999999999,0.051171,0.053132,0.886966,0.0383217384507151,0.1745199357494742,959.0,3,1.0634801493179613,1.2352755905511181,1.0568262786687193,0.019923900913143222,-0.012638110392613122
4812.0,0.073618,20.976437,-1.548595,22.205121,0.114007,0.063926,0.061319,0.0026069999999999,0.050081,0.052688,0.886966,0.0520546304061339,0.5954182568910573,960.0,3,1.0545931285715715,1.642204724409386,1.0343146872644298,-0.014856922285587881,-0.008592793106142305
4813.0,0.073224,20.973418,-1.546627,22.206434,0.114935,0.06413,0.061251,0.002879,0.0508049999999999,0.0536839999999999,1.089703,0.0566665354485692,0.7367681703635423,961.0,3,1.0745288778134707,1.8135433070866143,1.0492673406375521,-0.06432276035921614,-0.004526301216138118
4814.0,0.067055,20.969218,-1.556077,22.200395,0.115201,0.06401,0.060973,0.0030369999999999,0.051191,0.054228,1.188714,0.0593256758868572,0.8182679556810493,962.0,3,1.0854174798090492,1.9130708661416693,1.0572393353917338,-0.08040037722029525,-0.0020114834511771873
4815.0,0.071649,20.982607,-1.551877,22.204596,0.114668,0.063899,0.06186,0.0020389999999999,0.050769,0.052808,1.051984,0.0401615127043529,0.2309070315738244,963.0,3,1.0569950260705958,1.2844094488188347,1.0485238385361282,0.019266072154243585,-0.006946846527030814
4816.0,0.076374,20.980769,-1.554239,22.205252,0.114255,0.063737,0.061309,0.0024279999999999,0.0505179999999999,0.0529459999999999,0.91997,0.0480611255171321,0.4730216408899899,964.0,3,1.0597572081944717,1.5294488188975748,1.0433399766622942,0.0020342911414539255,-0.011015747138522426
4817.0,0.077687,20.978931,-1.555289,22.202627,0.114567,0.063128,0.060936,0.002192,0.051439,0.053631,1.103847,0.0426127527216175,0.3060348933039707,965.0,3,1.0734680397514036,1.3807874015748032,1.0623612387571135,0.01285431741904619,-0.012413257693861679
4818.0,0.078212,20.968693,-1.55752,22.196326,0.113217,0.063432,0.061004,0.0024279999999999,0.0497849999999999,0.0522129999999999,0.962403,0.0487687301651066,0.4947089598706744,966.0,3,1.045085617637932,1.5294488188975748,1.028201447763813,0.02848829471841663,-0.018620573996955003
4819.0,0.079787,20.971318,-1.551483,22.196326,0.115982,0.064545,0.061892,0.002653,0.051437,0.05409,1.122707,0.0515766553909561,0.5807688383935532,967.0,3,1.0826552976851713,1.6711811023622047,1.0623199330848119,-0.03374787521944744,-0.02164659046783155
4820.0,0.077818,20.978144,-1.562508,22.19672,0.115082,0.063647,0.061293,0.0023539999999999,0.051435,0.053789,0.981262,0.045765611633875,0.4026666171443247,968.0,3,1.0766305381251189,1.4828346456692285,1.0622786274125107,0.0006035873530189084,-0.01635726289965104
4821.0,0.084118,20.975387,-1.560539,22.201183,0.114898,0.063784,0.061508,0.0022759999999999,0.051114,0.05339,1.15571,0.0445270468551304,0.3647059430422483,969.0,3,1.0686442289408633,1.433700787401512,1.055649067008128,0.00594879535975068,-0.020931324499184834
4822.0,0.080968,20.977619,-1.558177,22.192256,0.113189,0.063469,0.060065,0.0034039999999999,0.04972,0.053124,1.202858,0.068462018060779,1.0982869855301396,970.0,3,1.0633200228180262,2.144251968503874,1.026859013414018,-0.07693008531652112,-0.026767628563458268
4823.0,0.085037,20.982607,-1.562639,22.197507,0.116138,0.064855,0.061267,0.0035879999999999,0.051283,0.054871,1.29244,0.0699633413930269,1.1443009257901493,971.0,3,1.0982876472413208,2.2601574803148976,1.0591393963176006,-0.0945829250679816,-0.03561301852546321
4824.0,0.089369,20.977225,-1.562902,22.19987,0.115247,0.064556,0.061934,0.0026219999999999,0.050691,0.053313,0.905825,0.0517241379310344,0.5852890191186455,972.0,3,1.0671030113789894,1.6516535433070236,1.0469129173163716,-0.02750710153849012,-0.04642246910284732
4825.0,0.086612,20.97775,-1.573926,22.195144,0.114604,0.064755,0.06206,0.0026949999999999,0.049849,0.052544,1.066129,0.0540621865596789,0.6569476869169855,973.0,3,1.0517108515727425,1.6976377952755277,1.0295232292774616,-0.026474543841094378,-0.051041723525493764
4826.0,0.092781,20.98195,-1.57327,22.188712,0.113998,0.065202,0.061881,0.0033209999999999,0.048796,0.052117,1.160425,0.0680574625489271,1.0858877955925914,974.0,3,1.0431640996387146,2.091968503936945,1.0077757928107487,-0.05632874950128042,-0.04878054155438007
4827.0,0.0937,20.977619,-1.576683,22.194094,0.114034,0.064388,0.060784,0.003604,0.0496459999999999,0.05325,0.736092,0.0725925030716861,1.224881894471026,975.0,3,1.0658420151920016,2.270236220472441,1.0253307035388626,-0.07559958220100327,-0.05010469274177877
4828.0,0.095669,20.973156,-1.578914,22.201183,0.113639,0.063716,0.060248,0.0034679999999999,0.049923,0.053391,0.731378,0.0694655876932936,1.1290453119515005,976.0,3,1.0686642447533552,2.1845669291337955,1.0310515391526152,-0.07960621105542443,-0.04883036767428785
4829.0,0.098425,20.978931,-1.575895,22.192388,0.113704,0.063684,0.060521,0.003163,0.0500199999999999,0.053183,1.146281,0.0632334419543792,0.9380367693128396,977.0,3,1.0645009557550467,1.9924409448818898,1.0330548642592334,-0.0799404194459119,-0.0799404194459119
4830.0,0.098294,20.97565,-1.589676,22.195669,0.112252,0.062015,0.059729,0.002286,0.050237,0.052523,1.000122,0.0455034037979219,0.3946302298851023,978.0,3,1.0512905195104132,1.44,1.0375365297039427,0.023215407064155813,0.023215407064155813
4831.0,0.089237,20.969481,-1.585083,22.194619,0.11183,0.063143,0.060348,0.002795,0.0486869999999999,0.051482,0.971833,0.0574063424252383,0.7594424559735751,979.0,3,1.0304540587063782,1.7606299212598426,1.0055246336703176,-0.0072927165142362416,-0.0072927165142362416
4832.0,0.104725,20.972368,-1.591383,22.198689,0.111242,0.062492,0.058915,0.0035769999999999,0.0487499999999999,0.0523269999999999,1.132136,0.0733728538901765,1.2487988050875454,980.0,3,1.0473674202620051,2.25322834645663,1.0068257623478134,-0.0641868346416119,-0.0641868346416119
