elapsed_runtime_s,Temperature TS inlet (Mean),Temperature TS outlet (Mean),Tank temperature (Mean),Bypass temperature (Mean),Pump outlet pressure (Mean),TS inlet pressure (Mean),TS outlet pressure (Mean),Differential pressure (Mean),Pump to inlet DP,Total system DP,Flow rate (Mean),Pressure_Ratio,Relative_Ratio_Dev,run_specific_time_s,label,rel_tot_dp_change,rel_ts_dp_change,rel_p_ts_dp_change,anomaly_score,smooth_score
1527.0,-0.83663,21.812179,-1.115342,22.027508,0.185218,0.106848,0.080111,0.0267369999999999,0.07837,0.1051069999999999,0.882251,0.3411593574153704,0.2993501038656249,0.0,0,1.0486162380030728,0.8162349457359577,1.1640808930017015,-8.397707718077463e-05,-8.397707718077463e-05
1528.0,-0.828361,21.813098,-1.111274,22.023045,0.184418,0.106801,0.07968,0.0271209999999999,0.077617,0.104738,0.698374,0.3494163724909169,0.2823924076180677,1.0,0,1.044934852445279,0.827957809900322,1.1528960912608532,0.016751997175971756,0.016751997175971756
1529.0,-0.824424,21.813885,-1.10983,22.028296,0.183646,0.107273,0.080699,0.0265739999999999,0.076373,0.102947,1.056699,0.3479456359494066,0.2854129063458679,2.0,0,1.0270666640062263,0.8112588341245218,1.1344181452241795,0.040025952975290435,0.040025952975290435
1530.0,-0.83348,21.816248,-1.107205,22.027508,0.182985,0.107557,0.08042,0.0271369999999999,0.075428,0.102565,0.580504,0.3597687891924855,0.2611313179570782,3.0,0,1.0232555819382654,0.8284462625738372,1.1203814418442304,0.05254648460146549,0.05254648460146549
1531.0,-0.840962,21.813492,-1.111536,22.028821,0.182562,0.107273,0.08051,0.0267629999999999,0.075289,0.102052,0.66537,0.3554655332713506,0.2699690524311522,4.0,0,1.0181375581140142,0.81702868133042,1.1183167838867565,0.05617540010713051,0.05617540010713051
1532.0,-0.822061,21.812967,-1.108517,22.028165,0.182737,0.10585,0.08009,0.02576,0.076887,0.102647,0.651226,0.3350327749453751,0.3119324624554102,5.0,0,1.0240736676177753,0.7864088043594402,1.1420529235705221,0.028848774492157503,0.052753255896938286
1533.0,-0.829674,21.809816,-1.112192,22.026064,0.181717,0.108166,0.079864,0.0283019999999999,0.0735509999999999,0.1018529999999999,0.778526,0.3847889928214052,0.2097465246256739,6.0,0,1.0161522038430073,0.8640117228641613,1.092501132591145,0.09137457085245715,0.05963019790629208
1534.0,-0.812348,21.818479,-1.112324,22.028427,0.181616,0.107499,0.079055,0.0284439999999999,0.074117,0.102561,0.952974,0.38376642650908,0.2118466018035331,7.0,0,1.0232156753197528,0.8683467403416085,1.1009083009647456,0.06987571934402192,0.06636629005496585
1535.0,-0.805917,21.818086,-1.110749,22.026327,0.181212,0.107704,0.079223,0.0284809999999999,0.073508,0.101989,0.618222,0.3874491558856736,0.2042832625630393,8.0,0,1.0175090288724393,0.8694762871491123,1.091862425453223,0.09111140118049454,0.07264311880921874
1536.0,-0.805523,21.816248,-1.110749,22.023964,0.181304,0.109232,0.078562,0.0306699999999999,0.072072,0.1027419999999999,0.646511,0.4255407711625711,0.1260532925878807,9.0,0,1.0250214498074506,0.9363027185444079,1.0705325777774484,0.08090623531757435,0.07708142515450475
1537.0,-0.809198,21.812048,-1.113636,22.024358,0.181598,0.109762,0.077748,0.032014,0.071836,0.10385,0.849248,0.4456477859598813,0.0847588724786434,10.0,0,1.036075583135464,0.9773327431196862,1.0670271153460538,0.06868544301635715,0.08375285372599137
1538.0,-0.805917,21.81231,-1.11508,22.02567,0.181203,0.109988,0.078551,0.031437,0.071215,0.102652,1.113277,0.4414317007414065,0.0934175816894874,11.0,0,1.0241235508909161,0.9597179185810449,1.0578029959820872,0.08411291866270942,0.0914286556272919
1539.0,-0.805261,21.806928,-1.11193,22.02147,0.180743,0.108475,0.078929,0.029546,0.0722679999999999,0.1018139999999999,0.839818,0.4088336631197333,0.1603652153315619,12.0,0,1.0157631143125088,0.9019889182299696,1.073443894034029,0.10279424051781938,0.0954733920884991
1540.0,-0.79371,21.807847,-1.117442,22.015956,0.181111,0.109321,0.079139,0.030182,0.0717899999999999,0.101972,0.571074,0.4204148152275355,0.1365806324230867,13.0,0,1.0173394257437605,0.921404912002198,1.0663438472450177,0.09692954805432552,0.10080770397786157
1541.0,-0.785441,21.810341,-1.123086,22.017663,0.179751,0.108791,0.079517,0.0292739999999999,0.07096,0.1002339999999999,0.363622,0.4125364636913233,0.1527606552352309,14.0,0,1.0,0.8936852227802085,1.0540153141176565,0.12288968582199666,0.1075829808031445
1542.0,-0.78006,21.809422,-1.117836,22.019107,0.1801,0.108906,0.078808,0.030098,0.071194,0.101292,0.613507,0.4227544069105976,0.1317757380706258,15.0,0,1.0105553005966048,0.9188405354662433,1.0574910692403106,0.10560679350516289,0.11384464166727196
1543.0,-0.777435,21.814017,-1.120067,22.014906,0.180413,0.110555,0.078367,0.0321879999999999,0.0698579999999999,0.1020459999999999,1.15571,0.4607566670006727,0.053729279703768,16.0,0,1.018077698186244,0.9826446659441606,1.0376465870015663,0.13182193546452914,0.1236295021964267
1544.0,-0.774285,21.816117,-1.120855,22.017006,0.180027,0.110612,0.077107,0.033505,0.0694149999999999,0.10292,1.014266,0.4826697015097385,0.0087257790843411,17.0,0,1.0267972943312658,1.022850426632882,1.031066418115516,0.12321883823764646,0.13420007432463035
1545.0,-0.764309,21.815329,-1.117967,22.013987,0.179889,0.110612,0.078084,0.032528,0.0692769999999999,0.1018049999999999,0.929399,0.4695285660671498,0.0357141497176207,18.0,0,1.0156733244208551,0.9930242852563613,1.0290166138124124,0.15886416943332393,0.14606130159580047
1546.0,-0.75919,21.82163,-1.12348,22.015562,0.180073,0.11056,0.077953,0.032607,0.069513,0.10212,0.976548,0.4690709785079265,0.0366539119398007,19.0,0,1.0188159706287296,0.9954360203318424,1.0325220762438088,0.14352284395884884,0.15849290706198144
1547.0,-0.777828,21.819136,-1.11613,22.019501,0.179641,0.110555,0.078304,0.032251,0.069086,0.101337,0.703089,0.4668172014995586,0.0412825659470846,20.0,0,1.0110042500548726,0.9845679483461298,1.0261795658276833,0.16653404830790486,0.16888438741115497
1548.0,-0.765228,21.821892,-1.127155,22.011755,0.179503,0.11099,0.077674,0.033316,0.0685129999999999,0.1018289999999999,1.018981,0.4862655807572175,0.0013408067349225,21.0,0,1.0159127641319312,1.017080579426984,1.0176684218734906,0.18981863994474563,0.17633263476325636
1549.0,-0.750003,21.824911,-1.122299,22.013462,0.178704,0.112382,0.078147,0.034235,0.066322,0.100557,0.754952,0.5161859385130346,0.0601075900282146,22.0,0,1.0032224594448997,1.0451360798620122,0.9851240651481289,0.2214065132295207,0.18689083256549546
1550.0,-0.741602,21.824911,-1.121117,22.014644,0.179264,0.11141,0.077769,0.0336409999999999,0.067854,0.101495,0.896396,0.4957777614029914,0.0181946632341993,23.0,0,1.0125805614861234,1.027002274357758,1.0078798636434536,0.22124560271613525,0.1999811643147931
1551.0,-0.738321,21.834625,-1.125842,22.014644,0.179347,0.111857,0.078163,0.033694,0.06749,0.101184,0.91997,0.4992369352950763,0.0252988794179844,24.0,0,1.0094778218967624,1.0286202738387802,1.0024731334526582,0.2268044893137321,0.20325427035899873
1552.0,-0.731102,21.833968,-1.126892,22.01018,0.17931,0.110649,0.077281,0.0333679999999999,0.068661,0.102029,0.858677,0.4859747749847076,0.0019380438614314,25.0,0,1.0179080950575663,1.0186680506159052,1.019866762720299,0.1800892670261766,0.21421550798072872
1553.0,-0.734252,21.835412,-1.12663,22.016744,0.179347,0.111804,0.078278,0.033526,0.067543,0.101069,0.858677,0.4963579296458604,0.0193861733313758,26.0,0,1.008330506614523,1.0234915207668707,1.0032603771342852,0.2374039134869202,0.2214700588577258
1554.0,-0.722177,21.833837,-1.12453,22.013725,0.178593,0.11181,0.078472,0.033338,0.066783,0.100121,0.830388,0.4991914230953523,0.0252054095561256,27.0,0,0.9988726380270178,1.0177522018530674,0.9919715998128446,0.25412215573062286,0.22884333414175861
1555.0,-0.724933,21.840138,-1.12558,22.012806,0.178979,0.11036,0.077312,0.0330479999999999,0.068619,0.101667,1.070844,0.4816088603905566,0.0109044624585887,28.0,0,1.0142965460821687,1.0088989971456015,1.0192429092367457,0.19159522987538052,0.23234149134011745
1556.0,-0.70892,21.840006,-1.119674,22.013462,0.178391,0.111505,0.078157,0.033348,0.0668859999999999,0.1002339999999999,0.91997,0.4985722188168106,0.023933729902567,29.0,0,1.0,1.0180574847740145,0.9935015262129858,0.2531352201761488,0.2340926283822032
1557.0,-0.715089,21.839481,-1.123349,22.013725,0.178281,0.110129,0.077538,0.032591,0.0681519999999999,0.100743,0.825674,0.4782034539932213,0.0178982546167891,30.0,0,1.0050781172057395,0.9949475676583274,1.0123062526458062,0.23907955707787532,0.23746925107556988
1558.0,-0.709707,21.842238,-1.122561,22.016088,0.178621,0.111363,0.078751,0.032612,0.067258,0.09987,1.089703,0.4848719130525283,0.0042030267248244,31.0,0,0.9963684977153471,0.9955886617923161,0.999027085638745,0.2635513927850737,0.24559311583104376
1559.0,-0.711808,21.850245,-1.12663,22.014775,0.178382,0.110654,0.077916,0.032738,0.067728,0.100466,0.698374,0.4833675382775472,0.0072926093697885,32.0,0,1.0023145838737364,0.9994352265962482,1.0060083031927936,0.2563880852131091,0.24772454852208528
1560.0,-0.696057,21.849195,-1.129649,22.015956,0.178005,0.111479,0.077984,0.033495,0.066526,0.100021,0.66537,0.5034797901603859,0.0340125663096881,33.0,0,0.9978749725642007,1.0225451437119348,0.9881542106396733,0.23875697313699268,0.2414490137123127
1561.0,-0.695401,21.855495,-1.122955,22.016219,0.177987,0.110896,0.078184,0.0327119999999999,0.067091,0.099803,0.849248,0.4875693078161328,0.0013366992708834,34.0,0,0.9957000618552596,0.9986414910017829,0.9965465253589021,0.2605707162473991,0.23868382132467508
1562.0,-0.68385,21.855364,-1.127417,22.018713,0.177776,0.110387,0.078094,0.032293,0.0673889999999999,0.0996819999999999,0.891681,0.4791957263688975,0.0158603930666277,35.0,0,0.99449288664525,0.9858501366141071,1.000972914361255,0.26132791458091537,0.23155723605088624
1563.0,-0.690807,21.859958,-1.130174,22.019763,0.177583,0.110833,0.078058,0.032775,0.0667499999999999,0.0995249999999999,0.712518,0.491003880091684,0.0083903903270576,36.0,0,0.9929265518686274,1.000564773403752,0.9914814292186228,0.2587182403973353,0.2284120586760884
1564.0,-0.687132,21.858908,-1.130305,22.023045,0.177996,0.112623,0.078856,0.033767,0.0653729999999999,0.0991399999999999,1.051984,0.5165203291828557,0.0607943388539053,37.0,0,0.9890855398367818,1.030848839161693,0.971027947150697,0.19136680763289693,0.22804679199090744
1565.0,-0.678338,21.851951,-1.12663,22.026458,0.177739,0.113175,0.078462,0.0347129999999999,0.064564,0.099277,0.627652,0.5376442344923719,0.1041771795685597,38.0,0,0.9904523415208422,1.059728603483275,0.9590113407651124,0.16394330599900453,0.22556247905510335
1566.0,-0.682538,21.858908,-1.127024,22.024358,0.177307,0.112497,0.078934,0.0335629999999999,0.0648099999999999,0.0983729999999999,0.976548,0.5178596225949299,0.0635448886180167,39.0,0,0.9814334457369754,1.0246210675743714,0.9626653397402087,0.1818693674382602,0.22162691473722657
1567.0,-0.671512,21.861139,-1.127286,22.026589,0.177831,0.111993,0.078289,0.033704,0.065838,0.0995419999999999,0.575789,0.5119154300642477,0.0513371100866646,40.0,0,0.9930961549973062,1.028925556759727,0.9779348964328956,0.2076277833298975,0.21632964574174393
1568.0,-0.667312,21.858383,-1.132142,22.023439,0.177656,0.110901,0.0778,0.033101,0.066755,0.099856,0.952974,0.495850560249266,0.0183441725557884,41.0,0,0.9962288245505526,1.0105169966266236,0.9915556974904757,0.25989872593326385,0.20821064281442503
1569.0,-0.665081,21.861008,-1.128336,22.028952,0.177326,0.11109,0.077527,0.0335629999999999,0.066236,0.099799,0.839818,0.5067107507888339,0.0406480936066286,42.0,0,0.9956601552367469,1.0246210675743714,0.9838466508722816,0.23154495585506812,0.20269932684740785
1570.0,-0.678075,21.860483,-1.123874,22.030265,0.177408,0.112051,0.078756,0.0332949999999999,0.065357,0.098652,0.830388,0.5094250130052936,0.0462224608303556,43.0,0,0.9842169323782359,1.0164394852929923,0.9707902886807733,0.1994013299582249,0.20720999952312402
1571.0,-0.664031,21.864421,-1.12453,22.027246,0.177803,0.112035,0.07831,0.0337249999999999,0.065768,0.0994929999999999,0.820959,0.5127795770043637,0.0531118363272817,44.0,0,0.9926072989205259,1.0295666508937127,0.9768951406269734,0.2075980262925728,0.21032282712462833
1572.0,-0.661668,21.860483,-1.125186,22.030659,0.177206,0.112329,0.078478,0.0338509999999999,0.064877,0.098728,0.835103,0.5217639261382901,0.071563281819531,45.0,0,0.9849751581299767,1.0334132156976448,0.9636605345830215,0.18013788530772612,0.21590693743648762
1573.0,-0.63883,21.861796,-1.128599,22.032891,0.176269,0.111069,0.078672,0.0323969999999999,0.0652,0.097597,0.6748,0.4968788822257325,0.0204560703253893,46.0,0,0.9736915617455164,0.9890250789919527,0.9684582649446336,0.20360508072716366,0.2130476930881488
1574.0,-0.644868,21.866127,-1.127942,22.029477,0.177096,0.111116,0.078289,0.032827,0.06598,0.098807,0.651226,0.4975220139130963,0.0217768904645936,47.0,0,0.9857633138456022,1.0021522445926763,0.9800441153534805,0.23647353439005858,0.2047493196613722
1575.0,-0.627674,21.869146,-1.12558,22.02974,0.17671,0.111657,0.078488,0.033169,0.065053,0.098222,0.896396,0.5098687244443079,0.0471337252201533,48.0,0,0.9799269708881228,1.0125929204890631,0.9662747777521972,0.19507158201404745,0.20165894051590466
1576.0,-0.630692,21.87269,-1.128205,22.029871,0.176572,0.110565,0.07822,0.032345,0.066007,0.098352,0.905825,0.4900163616531328,0.0063622920897894,49.0,0,0.9812239359897847,0.9874376078030314,0.980445164021479,0.23771047055685313,0.20115270811123512
1577.0,-0.633317,21.866127,-1.125055,22.029346,0.176967,0.112209,0.078593,0.033616,0.064758,0.098374,0.778526,0.5190938711221607,0.0660797043386225,50.0,0,0.9814434223916046,1.0262390670553936,0.9618929497129537,0.1790353398465097,0.19759257472116798
1578.0,-0.627149,21.872034,-1.130436,22.028033,0.176618,0.111741,0.078073,0.0336679999999999,0.064877,0.098545,0.952974,0.5189432473257497,0.0657703634250088,51.0,0,0.9831494303330216,1.0278265382443148,0.9636605345830215,0.17691499166549757,0.19577168559417368
1579.0,-0.611398,21.870328,-1.130305,22.031053,0.176637,0.111437,0.078583,0.0328539999999999,0.0652,0.0980539999999999,0.882251,0.5038879771782641,0.0348508730583185,52.0,0,0.9782508929105892,1.00297650847923,0.9684582649446336,0.20064116440039242,0.19380654176562656
1580.0,-0.611398,21.869146,-1.125449,22.032891,0.176609,0.111242,0.077659,0.0335829999999999,0.065367,0.0989499999999999,0.858677,0.5137529066209765,0.0551107945266138,53.0,0,0.9871899754574295,1.0252316334162654,0.9709388252244765,0.1943390059115297,0.1957510940581987
1581.0,-0.608248,21.870196,-1.125186,22.032365,0.176655,0.112182,0.078037,0.034145,0.064473,0.098618,0.514496,0.5295933244408599,0.0876427678082776,54.0,0,0.9838777261208781,1.0423885335734893,0.9576596582174136,0.1719966923919014,0.1942691122569598
1582.0,-0.605754,21.874003,-1.128861,22.029609,0.176095,0.111946,0.078383,0.033563,0.064149,0.097712,0.637081,0.52319563522993,0.074503628623886,55.0,0,0.9748388770277558,1.0246210675743745,0.952847074201431,0.1619289940377832,0.19551937311583695
1583.0,-0.616517,21.874266,-1.129386,22.027902,0.17603,0.111185,0.078399,0.032786,0.0648449999999999,0.097631,0.806814,0.5055978780495329,0.0383625512281071,56.0,0,0.9740307680028741,1.0009005846167938,0.9631852176431699,0.18395364244169243,0.19632533949485262
1584.0,-0.599848,21.868621,-1.125055,22.034203,0.176085,0.109505,0.077806,0.031699,0.0665799999999999,0.0982789999999999,1.15571,0.4760967843679129,0.0222247894811536,57.0,0,0.9804956402019274,0.967716331109856,0.9889563079756689,0.25591905731578,0.19725790156503503
1585.0,-0.593416,21.87059,-1.126499,22.025802,0.176269,0.112009,0.079712,0.0322969999999999,0.06426,0.096557,1.014266,0.5025909960940537,0.032187221476768,58.0,0,0.9633158409322196,0.9859722497824829,0.9544958298365361,0.18025176400165877,0.1997134070154902
1586.0,-0.590135,21.863896,-1.124661,22.027771,0.175883,0.109767,0.078388,0.031379,0.066116,0.097495,0.905825,0.4745980610130526,0.0253027656236591,59.0,0,0.972673942973443,0.9579472776395523,0.9820642123478435,0.2502130791456245,0.19883542578755634
1587.0,-0.580816,21.860483,-1.127024,22.030659,0.175883,0.111006,0.07822,0.0327859999999999,0.064877,0.097663,0.740807,0.50534850026203,0.0378503960809177,60.0,0,0.9743500209509757,1.0009005846167904,0.9636605345830215,0.18709500363666626,0.20182189562869168
1588.0,-0.592629,21.860877,-1.129124,22.025933,0.175672,0.11099,0.078399,0.032591,0.0646819999999999,0.097273,1.094418,0.5038572731629642,0.0347878152389649,61.0,0,0.9704591256459892,0.9949475676583274,0.9607640719808084,0.1862406123673216,0.20772055662291317
1589.0,-0.573203,21.854183,-1.127417,22.030134,0.17569,0.109904,0.077758,0.032146,0.065786,0.097932,1.16514,0.4886375727727363,0.0035306292177526,62.0,0,0.9770337410459534,0.9813624776761865,0.9771625064056391,0.2251962189049443,0.20807082830294304
1590.0,-0.581078,21.857858,-1.120724,22.025933,0.175791,0.111017,0.078446,0.032571,0.064774,0.097345,0.599363,0.5028328830567349,0.0326839924771673,63.0,0,0.9711774447792175,0.9943370018164335,0.9621306081828789,0.1855591936321907,0.19519104483591657
1591.0,-0.572809,21.853395,-1.130436,22.027246,0.175268,0.110203,0.077743,0.0324599999999999,0.065065,0.097525,0.55693,0.4988780622752279,0.0245618504061257,64.0,0,0.9729732426122881,0.9909483613939187,0.966453021604641,0.20186139080325533,0.19571771591048315
1592.0,-0.588297,21.856283,-1.127811,22.027246,0.174946,0.109526,0.078131,0.0313949999999999,0.0654199999999999,0.0968149999999999,0.613507,0.4798917778694914,0.014430889812518,65.0,0,0.9658898178262864,0.9584357303130646,0.9717260689061017,0.22091560397999788,0.18544964881224038
1593.0,-0.564671,21.851951,-1.129386,22.022126,0.175213,0.110549,0.07832,0.0322289999999999,0.064664,0.096893,0.858677,0.4983994432846205,0.0235788952598927,66.0,0,0.9666679968872848,0.9838963259200432,0.960496706202144,0.18745635924199117,0.18406282200411356
1594.0,-0.556534,21.843157,-1.125974,22.019238,0.17524,0.111899,0.078866,0.0330329999999999,0.063341,0.096374,0.533356,0.5215023207350571,0.0710260144263925,67.0,0,0.9614901131352644,1.0084410727641813,0.9408453214702153,0.12712122264551518,0.18303544369878105
1595.0,-0.553515,21.844469,-1.130042,22.017925,0.175222,0.110523,0.077816,0.032707,0.0646989999999999,0.0974059999999999,0.745522,0.5055177743431222,0.038198039681357,68.0,0,0.9717860207115349,0.9984888495413123,0.9610165841051036,0.18551847474732447,0.1726866828544103
1596.0,-0.547871,21.846176,-1.12663,22.019501,0.175268,0.111379,0.078226,0.033153,0.063889,0.097042,0.811529,0.5189074972609172,0.0656969423721571,69.0,0,0.968154518426882,1.0121044678155482,0.9489851240651488,0.1475324081631969,0.17366678932161128
1597.0,-0.552859,21.840794,-1.124792,22.026458,0.17535,0.11099,0.077979,0.033011,0.06436,0.097371,0.877537,0.5129037771321141,0.0533669101064899,70.0,0,0.9714368377995499,1.0077694503381007,0.9559811952735678,0.17322673555539791,0.16800512875886447
1598.0,-0.543015,21.841319,-1.128599,22.028952,0.175157,0.110717,0.077648,0.033069,0.06444,0.097509,0.787955,0.5131670830682329,0.0539076699384666,71.0,0,0.9728136161382375,1.0095400912795933,0.9571694876231931,0.17596682931399704,0.16548604861358612
1599.0,-0.546952,21.845782,-1.125842,22.02252,0.175286,0.112077,0.077774,0.034303,0.063209,0.097512,0.773811,0.5426831197595317,0.1145256995851748,72.0,0,0.972843546102122,1.0472120037244517,0.9388846390933336,0.12170861046123638,0.16708365805390557
1600.0,-0.535927,21.837906,-1.128861,22.027508,0.174827,0.110156,0.078262,0.031894,0.064671,0.096565,0.915255,0.4931655121227115,0.0128298032439255,73.0,0,0.9633956541692449,0.9736693480683223,0.9606006817827364,0.19536025830420062,0.17632039320030846
1601.0,-0.526476,21.835675,-1.127024,22.023833,0.175332,0.111547,0.078551,0.032996,0.063785,0.0967809999999999,0.731378,0.5172921957796381,0.062379545998632,74.0,0,0.9655506115689285,1.0073115259566803,0.9474403440106358,0.1452447851757872,0.17220935257021397
1602.0,-0.523851,21.833575,-1.122036,22.029477,0.174836,0.110355,0.07852,0.0318349999999999,0.064481,0.0963159999999999,1.198144,0.4937036692410283,0.0139350337494268,75.0,0,0.9609114671668295,0.971868178834732,0.957778487452376,0.1957248025272143,0.17526650221395065
1603.0,-0.525558,21.827143,-1.128599,22.030134,0.174965,0.109888,0.077732,0.032156,0.065077,0.097233,1.014266,0.4941147546021697,0.0147792929184209,76.0,0,0.9700600594608625,0.9816677605971332,0.9666312654570847,0.20343245364518575,0.17309747916493673
1604.0,-0.527789,21.827274,-1.129517,22.034597,0.174854,0.109736,0.078593,0.031143,0.065118,0.096261,0.519211,0.4782475160859349,0.0178077628861295,77.0,0,0.9603627511622812,0.9507426007052036,0.9672402652862676,0.21948857410954387,0.17185213139812822
1605.0,-0.517026,21.825699,-1.125842,22.030659,0.174818,0.111038,0.078058,0.0329799999999999,0.06378,0.09676,0.835103,0.5170818895909439,0.0619476334449757,78.0,0,0.965341101821738,1.006823073283162,0.9473660757387844,0.14440806844637966,0.1829153780419322
1606.0,-0.51847,21.831737,-1.124792,22.038535,0.17456,0.110444,0.078661,0.031783,0.0641159999999999,0.095899,0.91054,0.4957031676466461,0.0180414676483253,79.0,0,0.9567512021868836,0.9702807076458106,0.952356903607209,0.17810390460056386,0.1859334036095992
1607.0,-0.520701,21.833443,-1.125711,22.036829,0.17468,0.110864,0.078472,0.032392,0.063816,0.096208,0.78324,0.5075763511290096,0.0424258047414856,80.0,0,0.9598339884669882,0.9888724375314822,0.9479008072961157,0.15153650506525884,0.19310502912342187
1608.0,-0.508232,21.833706,-1.122692,22.035253,0.174358,0.110555,0.078766,0.031789,0.063803,0.095592,0.698374,0.4982289511629363,0.0232287501304881,81.0,0,0.9536883692160353,0.9704638773983788,0.9477077097893015,0.1635133516459117,0.19305989017014433
1609.0,-0.498651,21.830818,-1.122299,22.035779,0.175102,0.109426,0.078299,0.031127,0.065676,0.096803,0.820959,0.4739406489334165,0.0266529138617265,82.0,0,0.9657700979707493,0.9502541480316883,0.9755286044249043,0.2323410768992763,0.18844647058652902
1610.0,-0.504557,21.832393,-1.120724,22.034203,0.174303,0.108959,0.078031,0.0309279999999999,0.065344,0.096272,0.877537,0.4733032366669216,0.0279619878431582,83.0,0,0.960472494363191,0.9441790179048403,0.9705971911739593,0.2255405139808705,0.18324042760823306
1611.0,-0.4871,21.830818,-1.122167,22.042342,0.173972,0.108496,0.078588,0.0299079999999999,0.0654759999999999,0.0953839999999999,0.863392,0.4567710799211936,0.061914607506082,84.0,0,0.951613225053375,0.9130401599682475,0.9725578735508394,0.21696104031401386,0.1816901202189828
1612.0,-0.499963,21.829637,-1.125449,22.046937,0.174459,0.109914,0.077984,0.03193,0.064545,0.096475,1.004836,0.4946859604003346,0.0159523965559338,85.0,0,0.9624977552527096,0.9747683665837314,0.9587291213320764,0.19527341299443912,0.18432837998212376
1613.0,-0.494582,21.833968,-1.124267,22.043786,0.173853,0.110103,0.078257,0.031846,0.06375,0.095596,0.78324,0.4995372621605937,0.0259156703180649,86.0,0,0.953728275834548,0.9722039900477767,0.9469204661076748,0.1572982578090325,0.18361777041163085
1614.0,-0.476337,21.831081,-1.12768,22.040898,0.174285,0.110413,0.078709,0.0317039999999999,0.063872,0.095576,0.905825,0.496359964304166,0.019390351974287,87.0,0,0.9535287427419846,0.9678689725703264,0.9487326119408533,0.16742814432658443,0.18162266296148247
1615.0,-0.480537,21.83305,-1.124005,22.041555,0.174432,0.110964,0.078409,0.0325549999999999,0.063468,0.096023,0.858677,0.5129275709401437,0.0534157762119105,88.0,0,0.9579883073607767,0.9938485491429152,0.9427317355752455,0.12890499455387672,0.16936420821572115
1616.0,-0.499832,21.825436,-1.125449,22.042211,0.174128,0.109447,0.078126,0.031321,0.064681,0.096002,0.877537,0.4842305432732445,0.0055202283769889,89.0,0,0.9577787976135852,0.95617663669806,0.9607492183264394,0.2044865022319734,0.16089807945483392
1617.0,-0.480931,21.827274,-1.125317,22.044049,0.174367,0.110822,0.078793,0.032029,0.0635449999999999,0.0955739999999999,1.02841,0.5040285777232242,0.0351396288994865,90.0,0,0.9535087894327272,0.9777906675011067,0.9438754669617584,0.14443040936032991,0.14740981723918353
1618.0,-0.474762,21.827011,-1.129255,22.043786,0.174138,0.110539,0.078283,0.0322559999999999,0.0635989999999999,0.0958549999999999,0.754952,0.5071698113207547,0.0415908809200016,91.0,0,0.9563122293832431,0.9847205898066003,0.9446775642977556,0.14356227714442782,0.14254017697214716
1619.0,-0.473318,21.831081,-1.124661,22.047593,0.173936,0.111242,0.079381,0.031861,0.062694,0.094555,0.721948,0.5081904458090756,0.0436869906490469,92.0,0,0.9433425783666229,0.9726619144291972,0.9312350070926206,0.10975652944166325,0.1416382464946493
1620.0,-0.468725,21.830818,-1.130174,22.046674,0.17355,0.110061,0.077853,0.032208,0.063489,0.095697,1.160425,0.5072924870058276,0.041842823902471,93.0,0,0.9547359179519933,0.9832552317860577,0.9430436623170223,0.14087922637199823,0.1368799733781676
1621.0,-0.458881,21.828455,-1.122036,22.047987,0.17445,0.112944,0.079922,0.0330219999999999,0.0615059999999999,0.0945279999999999,0.868107,0.5368819809127416,0.1026117149849643,94.0,0,0.9430732086916614,1.0081052615511394,0.9135888657006832,0.08207841815750994,0.13492835753586227
1622.0,-0.44838,21.830424,-1.124267,22.045099,0.174643,0.110985,0.078651,0.032334,0.0636579999999999,0.095992,0.693659,0.5079250380935925,0.0431419143254914,95.0,0,0.9576790310673033,0.9871017965899898,0.9455539299056042,0.14657701032407544,0.12567802543738815
1623.0,-0.457699,21.827011,-1.121511,22.043261,0.174064,0.110528,0.078793,0.031735,0.063536,0.095271,0.566359,0.499472748162488,0.0257831758544384,96.0,0,0.9504858630803927,0.9688153496252652,0.943741784072427,0.1482789530340537,0.11969838688171615
1624.0,-0.468593,21.832262,-1.125186,22.046018,0.17355,0.110518,0.078121,0.032397,0.063032,0.095429,1.094418,0.5139688734472421,0.0555543325129019,97.0,0,0.9520621745116437,0.9890250789919558,0.9362555422697877,0.11984541316176756,0.11126883417164768
1625.0,-0.447855,21.823205,-1.122824,22.047724,0.173724,0.110912,0.078241,0.0326709999999999,0.0628119999999999,0.0954829999999999,0.717233,0.5201311830353589,0.0682100650291439,98.0,0,0.9526009138615639,0.9973898310259002,0.9329877383083164,0.10938883613082351,0.11009871050925982
1626.0,-0.439717,21.819005,-1.12663,22.043917,0.174,0.111185,0.078325,0.03286,0.0628149999999999,0.0956749999999999,0.717233,0.5231151299032095,0.0743382922566462,99.0,0,0.9545164315501725,1.0031596782318013,0.9330322992714274,0.11198318124723228,0.10699303523423957
1627.0,-0.435255,21.826749,-1.121905,22.047462,0.173908,0.111962,0.079118,0.032844,0.061946,0.09479,0.901111,0.5301951668361666,0.0888787908063144,100.0,0,0.945687092204243,1.0026712255582861,0.9201244736236239,0.08463402380360985,0.11319307623274939
1628.0,-0.428955,21.82163,-1.121905,22.047987,0.174496,0.113217,0.078131,0.0350859999999999,0.061279,0.096365,0.604078,0.5725522193211485,0.1758688257536125,101.0,0,0.9614003232436109,1.0711156564345978,0.9102170861586228,0.059266750043743044,0.10992831086446389
1629.0,-0.436436,21.82478,-1.121905,22.045361,0.17411,0.111589,0.078525,0.0330639999999999,0.062521,0.0955849999999999,0.820959,0.5288378490771248,0.0860912238637021,102.0,0,0.9536185326336373,1.0093874498191167,0.9286653248865557,0.09805529281778458,0.10692227876120781
1630.0,-0.43473,21.824255,-1.124661,22.050612,0.174138,0.111347,0.07873,0.032617,0.0627909999999999,0.0954079999999999,1.004836,0.5194451522486944,0.0668011416360909,103.0,0,0.9518526647644511,0.9957413032527895,0.9326758115665399,0.10982247362179576,0.10642635141751207
1631.0,-0.430792,21.825961,-1.121774,22.047856,0.173945,0.110413,0.07852,0.0318929999999999,0.0635319999999999,0.0954249999999999,0.985977,0.5019910912439204,0.0309551776772931,104.0,0,0.9520222678931299,0.9736388197762246,0.9436823694549442,0.1440788281426082,0.10730032262271134
1632.0,-0.435255,21.822024,-1.12138,22.045361,0.173981,0.111064,0.079055,0.0320089999999999,0.062917,0.094926,1.03784,0.5087415366031978,0.0448187834586817,105.0,0,0.9470439172336741,0.9771801016592095,0.9345473720172012,0.11392935664122028,0.10757389538038147
1633.0,-0.428692,21.818873,-1.125974,22.044049,0.173981,0.110754,0.077995,0.032759,0.0632269999999999,0.095986,0.985977,0.5181090656038466,0.064057177712512,106.0,0,0.9576191711395344,1.0000763207302368,0.9391520048719977,0.11821863200149307,0.11585244847843208
1634.0,-0.419767,21.824649,-1.121905,22.04628,0.173384,0.110481,0.078094,0.032387,0.062903,0.09529,0.637081,0.5148639196235532,0.0573925175042764,107.0,0,0.950675419518328,0.9887197960710088,0.9343394208560167,0.11488613972480999,0.12292646732497972
1635.0,-0.420029,21.817298,-1.121774,22.041817,0.17355,0.110497,0.077554,0.032943,0.063053,0.095996,0.736092,0.5224569416690454,0.0729865500051727,108.0,0,0.9577189376858161,1.0056935264756612,0.9365674690115642,0.11812854818281626,0.1265955494867645
1636.0,-0.409135,21.819005,-1.117442,22.041686,0.173559,0.110644,0.077176,0.033468,0.0629149999999999,0.096383,0.6748,0.5319473583826057,0.0924773226898334,109.0,0,0.9615799030269179,1.021720879825378,0.9345176647084591,0.11471890882393354,0.12435838179680747
1637.0,-0.41176,21.820317,-1.117311,22.045887,0.173164,0.109032,0.076771,0.032261,0.064132,0.096393,1.000122,0.5030327600455303,0.033094486249052,110.0,0,0.9616796695731997,0.9848732312670767,0.9525945620771357,0.16741955478411596,0.11876811692782371
1638.0,-0.39706,21.817954,-1.119542,22.039717,0.17355,0.110219,0.077769,0.0324499999999999,0.063331,0.095781,0.759666,0.5123792079833257,0.0522895856490917,111.0,0,0.9555739569407595,0.9906430784729718,0.9406967849265122,0.13000693850921952,0.11613865961860215
1639.0,-0.401129,21.82058,-1.123742,22.043786,0.173155,0.109746,0.07779,0.031956,0.063409,0.095365,0.811529,0.5039583661882983,0.0349954332220587,112.0,0,0.9514236686154408,0.9755621021781936,0.9418553699673968,0.13474611443563211,0.1125434276651422
1640.0,-0.403229,21.815592,-1.124792,22.041029,0.173779,0.111683,0.07895,0.032733,0.0620959999999999,0.0948289999999999,0.948259,0.5271269143436882,0.0825774224180757,113.0,0,0.9460761817347406,0.9992825851357745,0.9223525217791699,0.08745079672222578,0.11162897453617086
1641.0,-0.399029,21.817298,-1.12243,22.043261,0.17354,0.111437,0.078745,0.032692,0.062103,0.094795,0.655941,0.5264073167589849,0.0810995618170926,114.0,0,0.9457369754773839,0.9980309251598919,0.9224564973597635,0.08817617945277079,0.11156980639530172
1642.0,-0.390235,21.813885,-1.121511,22.044836,0.173467,0.111731,0.079444,0.0322869999999999,0.061736,0.094023,0.891681,0.5229764970763073,0.0740535775810597,115.0,0,0.9380349981044365,0.9856669668615359,0.9170052062058575,0.08763478354900445,0.10846715182174912
1643.0,-0.397454,21.813754,-1.12348,22.043392,0.173789,0.112014,0.079297,0.0327169999999999,0.061775,0.0944919999999999,1.16514,0.5296069671069671,0.0876707861884955,116.0,0,0.9427140491250472,0.9987941324622562,0.9175844987262998,0.08226631246689375,0.10130622329750656
1644.0,-0.383803,21.816511,-1.123611,22.049037,0.173816,0.111185,0.078042,0.033143,0.0626309999999999,0.095774,0.858677,0.5291703921318177,0.086774178183044,117.0,0,0.9555041203583623,1.011799184894601,0.9302992268672892,0.1057416084350965,0.1039335512394379
1645.0,-0.36884,21.81336,-1.126367,22.040504,0.173329,0.110234,0.078252,0.031982,0.063095,0.095077,0.622937,0.5068784075060224,0.0409924155750316,118.0,0,0.9485503920825277,0.9763558377726557,0.9371913224951175,0.11753686677412489,0.09994829121599949
1646.0,-0.376322,21.816117,-1.118099,22.044443,0.173044,0.111416,0.078462,0.032954,0.061628,0.094582,0.472063,0.5347157993801619,0.098162958611085,119.0,0,0.9436119480415835,1.0060293376887028,0.9154010115338633,0.08369236308840766,0.10253871482053181
1647.0,-0.366215,21.813885,-1.119805,22.041161,0.173687,0.111321,0.078709,0.032612,0.062366,0.094978,1.000122,0.522904741289464,0.0739062104240226,120.0,0,0.947562703274339,0.9955886617923161,0.9263630084591568,0.09581026954169014,0.11038912845131132
1648.0,-0.371465,21.811391,-1.119542,22.043261,0.173651,0.110019,0.078404,0.031615,0.063632,0.095247,0.820959,0.4968334040513571,0.0203626703424784,121.0,0,0.9502464233693166,0.9651519545739012,0.9451677348919774,0.15628021792853308,0.1174151055053749
1649.0,-0.381047,21.807847,-1.118624,22.045361,0.173678,0.111101,0.078866,0.032235,0.062577,0.094812,1.15571,0.5151171338169964,0.057912551601186,122.0,0,0.9459065786060626,0.9840794956726145,0.9294971295312935,0.09489351420124781,0.12487801852913619
1650.0,-0.368184,21.81021,-1.120067,22.045755,0.173458,0.110723,0.078798,0.0319249999999999,0.062735,0.09466,0.764381,0.5088784748788574,0.0451000179801224,123.0,0,0.9443901271025807,0.9746157251232548,0.9318440069218036,0.11335503276754899,0.12328159337457163
1651.0,-0.360571,21.805616,-1.120592,22.04208,0.172998,0.109163,0.077491,0.0316719999999999,0.063835,0.095507,0.773811,0.496146375086158,0.0189516969582073,124.0,0,0.9528403535726409,0.9668920672232961,0.9481830267291518,0.16668031576056586,0.12136728941734425
1652.0,-0.370153,21.807585,-1.119805,22.038798,0.173026,0.109379,0.077953,0.031426,0.063647,0.095073,0.759666,0.493746857717446,0.0140237313063265,125.0,0,0.9485104854640152,0.9593821073680033,0.9453905397075322,0.15789455408964048,0.12441068464373277
1653.0,-0.352827,21.803384,-1.116261,22.036435,0.172291,0.108575,0.078231,0.030344,0.063716,0.09406,1.000122,0.4762308332156255,0.0219494890704062,126.0,0,0.9384041343256788,0.9263504953215392,0.946415441859084,0.15689544270450628,0.12455967288544464
1654.0,-0.348758,21.80089,-1.114424,22.039192,0.172576,0.110271,0.077643,0.0326279999999999,0.062305,0.094933,1.066129,0.5236734824896476,0.0754849988416803,127.0,0,0.9471137538160713,0.9960771144658281,0.9254569355425675,0.08977735688945121,0.11798729318186227
1655.0,-0.352696,21.800365,-1.119411,22.033153,0.172539,0.110003,0.07822,0.031783,0.062536,0.094319,0.981262,0.5082271295393128,0.0437623292004361,128.0,0,0.9409880878743748,0.9702807076458106,0.9288881297021105,0.09839382720185086,0.11974277939704611
1656.0,-0.355846,21.797084,-1.122692,22.032365,0.17298,0.110187,0.078367,0.0318199999999999,0.062793,0.0946129999999999,1.004836,0.5067363123865335,0.0407005902782982,129.0,0,0.9439212243350559,0.9714102544533114,0.932705518875282,0.114126315352293,0.11866389623653562
1657.0,-0.346527,21.793934,-1.119149,22.036566,0.173109,0.110912,0.077695,0.0332169999999999,0.062197,0.095414,0.858677,0.5340525418823754,0.0968008054505937,130.0,0,0.9519125246922211,1.0140582785096057,0.9238527408705733,0.09730015195880892,0.11180937352569986
1658.0,-0.341539,21.794721,-1.116917,22.030659,0.172787,0.110691,0.07821,0.0324809999999999,0.062096,0.094577,0.736092,0.5230687472824773,0.0742430347832923,131.0,0,0.9435620647684426,0.9915894555279073,0.9223525217791714,0.09055642089270921,0.10564068929836674
1659.0,-0.342983,21.79459,-1.119542,22.027508,0.172484,0.109631,0.077501,0.03213,0.0628529999999999,0.094983,0.740807,0.5111846501415981,0.0498362839601864,132.0,0,0.9476125865474798,0.9808740250026712,0.9335967381374993,0.11244837635308647,0.09997032732779924
1660.0,-0.33957,21.796821,-1.122299,22.030265,0.172613,0.110156,0.078436,0.03172,0.0624569999999999,0.0941769999999999,0.561644,0.5078612827820296,0.0430109780007106,133.0,0,0.9395714029171737,0.9683574252438446,0.9277146910068541,0.10256620116244386,0.10298871070318996
1661.0,-0.336026,21.794459,-1.114424,22.03184,0.172888,0.110518,0.078378,0.03214,0.0623699999999999,0.0945099999999999,0.769096,0.5153035866027482,0.0582954756574414,134.0,0,0.9428936289083544,0.9811793079236183,0.9264224230766366,0.09813508865220844,0.10198377610984348
1662.0,-0.337864,21.798003,-1.11403,22.029084,0.17355,0.111032,0.079081,0.031951,0.062518,0.094469,0.670085,0.5110606375661799,0.0495815953632081,135.0,0,0.9424845860686003,0.9754094607177202,0.928620763923445,0.09620771181630916,0.10248308856574413
1663.0,-0.342983,21.795377,-1.116261,22.033678,0.172631,0.110182,0.078819,0.031363,0.062449,0.093812,0.905825,0.5022097678142514,0.031404280751734,136.0,0,0.9359299239778927,0.9574588249660373,0.927595861771893,0.10019182299883134,0.10857990599215413
1664.0,-0.328808,21.797346,-1.121117,22.03079,0.173044,0.109977,0.077884,0.032093,0.063067,0.09516,0.849248,0.5088634489757089,0.0450691588017018,137.0,0,0.9493784544166658,0.9797444781951674,0.9367754201727486,0.1199611906433583,0.10846856901668012
1665.0,-0.325395,21.798134,-1.113374,22.033153,0.172668,0.110639,0.078887,0.031752,0.0620289999999999,0.0937809999999999,0.679515,0.5118813477349671,0.0512671141157161,138.0,0,0.9356206476844184,0.9693343305908751,0.9213573269363586,0.08834448126838623,0.10692590973725183
1666.0,-0.313845,21.798003,-1.119017,22.030528,0.172392,0.109641,0.078168,0.031473,0.0627509999999999,0.0942239999999999,0.901111,0.5015457674655789,0.0300406019745924,139.0,0,0.9400403056846978,0.9608169370964541,0.9320816653917272,0.11911943991129925,0.10548863239599546
1667.0,-0.318438,21.804435,-1.117574,22.039979,0.172374,0.108696,0.077417,0.031279,0.063678,0.094957,0.863392,0.4911980401702288,0.008789143097307,140.0,0,0.9473531935271473,0.9548944484300826,0.945851002993012,0.1582683262229091,0.10708615554205772
1668.0,-0.31752,21.80601,-1.118099,22.036304,0.172622,0.11077,0.078415,0.0323549999999999,0.061852,0.094207,0.811529,0.5230950802709649,0.0742971156849228,141.0,0,0.9398707025560198,0.9877428907239753,0.9187282301128141,0.08944305113796902,0.10750001511158269
1669.0,-0.319357,21.810341,-1.11403,22.039979,0.172548,0.110035,0.078068,0.0319669999999999,0.062513,0.09448,0.877537,0.5113574559298715,0.050191180740748,142.0,0,0.9425943292695101,0.9758979133912322,0.9285464956515933,0.09702178355880353,0.10656958206479224
1670.0,-0.295863,21.810604,-1.11193,22.040242,0.171896,0.109841,0.07852,0.0313209999999999,0.062055,0.0933759999999999,1.084988,0.5047215418331827,0.0365627914805912,143.0,0,0.9315801025600094,0.9561766366980567,0.9217435219499884,0.08819342774988037,0.10338910008725466
1671.0,-0.304263,21.805222,-1.115342,22.04418,0.172273,0.109583,0.077858,0.031725,0.06269,0.094415,0.8021,0.5060535005024644,0.0392982776485737,144.0,0,0.9419458467186792,0.9685100667043183,0.9311755924751393,0.11411032011283084,0.10396870672277636
1672.0,-0.315026,21.80706,-1.114555,22.038273,0.172006,0.109673,0.078115,0.031558,0.0623329999999999,0.0938909999999999,0.53807,0.5062726601854527,0.0397483729069476,145.0,0,0.9367180796935171,0.9634118419245036,0.9258728378649349,0.10034630751155893,0.10153665262112195
1673.0,-0.311482,21.808504,-1.115342,22.043392,0.172365,0.110303,0.078257,0.032046,0.0620619999999999,0.094108,0.599363,0.5163462932826323,0.0604369157530442,146.0,0,0.9388830137478309,0.9783096484667164,0.9218474975305792,0.09088749253092687,0.09567159807606881
1674.0,-0.308201,21.812573,-1.121905,22.041292,0.17242,0.110644,0.078273,0.032371,0.0617759999999999,0.094147,1.150995,0.5239976042863852,0.0761506581539137,147.0,0,0.9392721032783296,0.9882313433974935,0.9175993523806686,0.08815637086798234,0.09602151902674719
1675.0,-0.294944,21.815592,-1.113899,22.043524,0.172861,0.110586,0.07768,0.032906,0.0622749999999999,0.0951809999999999,0.78324,0.5283897488599142,0.085170946099595,148.0,0,0.9495879641638565,1.0045639796681574,0.9250113259114565,0.09414054762360335,0.0944778183731623
1676.0,-0.299275,21.816511,-1.117705,22.041686,0.172319,0.110124,0.077758,0.032366,0.062195,0.094561,0.552215,0.5203871631616181,0.0687357796108421,149.0,0,0.9434024382943921,0.9880787019370201,0.9238230335618327,0.09479889889475523,0.09345750625962065
1677.0,-0.2893,21.81953,-1.114949,22.042999,0.172098,0.109484,0.077422,0.0320619999999999,0.062614,0.094676,0.816244,0.5120498283158986,0.051613128079468,150.0,0,0.9445497535766315,0.9787981011402287,0.9300467147429954,0.0996177807723777,0.08800168762273845
1678.0,-0.294419,21.820448,-1.118492,22.041948,0.172447,0.110287,0.077454,0.032833,0.0621599999999999,0.094993,0.698374,0.5281929183893439,0.0847667090597379,151.0,0,0.9477123530937615,1.0023354143452445,0.9233031556588702,0.09294226064475264,0.08368875606088291
1679.0,-0.298488,21.822024,-1.11718,22.044574,0.171822,0.109825,0.078646,0.031179,0.061997,0.093176,0.66537,0.5029033194619184,0.0328286499778431,152.0,0,0.9295847716343764,0.9518416192206126,0.9208820099965099,0.08158477702295464,0.08395104656217425
1680.0,-0.292188,21.816248,-1.11508,22.046149,0.172502,0.111206,0.077449,0.0337569999999999,0.0612959999999999,0.0950529999999999,0.731378,0.5507121066283831,0.1310150870032542,153.0,0,0.9483109523714507,1.030543556240743,0.9104695982829167,0.07799030661446404,0.08384465552589511
1681.0,-0.289825,21.815592,-1.115342,22.049168,0.171924,0.110807,0.07885,0.031957,0.0611169999999999,0.0930739999999999,1.217003,0.5228737851369483,0.0738426347823955,154.0,0,0.9285671528623022,0.9755926304702883,0.90781079415063,0.059552133744008806,0.08299107111444767
1682.0,-0.298094,21.815198,-1.115867,22.049431,0.171685,0.11078,0.078766,0.032014,0.060905,0.092919,0.434345,0.5256296588185072,0.0795024608043819,155.0,0,0.9270207713949368,0.9773327431196862,0.9046618194241245,0.057216991893003444,0.08082759069251497
1683.0,-0.291531,21.812967,-1.116786,22.046412,0.172337,0.109993,0.077989,0.0320039999999999,0.062344,0.0943479999999999,0.877537,0.5133370759483518,0.054256789759483,156.0,0,0.9412774108585908,0.9770274601987361,0.9260362280630098,0.09351039754384027,0.07793332449973711
1684.0,-0.297963,21.814804,-1.119805,22.048906,0.171878,0.110192,0.077758,0.032434,0.061686,0.09412,0.750237,0.5257833903415631,0.0798181841557146,157.0,0,0.9390027336033689,0.9901546257994596,0.9162625234873416,0.08709246050519093,0.07600366884178585
1685.0,-0.273812,21.807322,-1.117705,22.048775,0.171409,0.109552,0.078184,0.0313679999999999,0.061857,0.093225,0.816244,0.5070968993501243,0.0414411392713005,158.0,0,0.9300736277111568,0.9576114664265077,0.9188024983846658,0.08560470350912908,0.07470500340549639
1686.0,-0.278275,21.809422,-1.114817,22.049956,0.171758,0.110334,0.078262,0.032072,0.0614239999999999,0.093496,0.740807,0.5221326821326823,0.0723206078126599,159.0,0,0.9327773011153908,0.9791033840611788,0.9123708660423172,0.07316409467542817,0.07441608388764705
1687.0,-0.270924,21.817167,-1.112849,22.051006,0.171675,0.110549,0.078131,0.0324179999999999,0.061126,0.0935439999999999,0.684229,0.530338475632699,0.0891731086704534,160.0,0,0.9332561805375421,0.9896661731259413,0.9079444770399644,0.07067511884459898,0.07602087764911243
1688.0,-0.282081,21.808241,-1.114817,22.054682,0.171969,0.110644,0.077968,0.032676,0.061325,0.094001,0.882251,0.5328245768515802,0.0942788943478134,161.0,0,0.9378155117026168,0.9975424724863766,0.9109003542596573,0.07364570406524007,0.07877594410527473
1689.0,-0.259636,21.80706,-1.11718,22.052056,0.171721,0.110465,0.078341,0.032124,0.061256,0.09338,1.094418,0.5244135364121649,0.0770048712786373,162.0,0,0.9316200091785232,0.980690855250103,0.9098754521081055,0.06859812266006016,0.07790166999635335
1690.0,-0.260293,21.807191,-1.116524,22.055207,0.171483,0.110077,0.077821,0.0322559999999999,0.061406,0.093662,0.787955,0.5252821339586691,0.0787887378721008,163.0,0,0.9344334257836671,0.9847205898066003,0.912103500263653,0.07510111143597054,0.07670357865463266
1691.0,-0.274731,21.805353,-1.111011,22.051794,0.172236,0.110896,0.077863,0.0330329999999999,0.06134,0.094373,0.490922,0.5385142074631973,0.1059638709149923,164.0,0,0.941526827224296,1.0084410727641813,0.9111231590752121,0.07560007135866254,0.07622128260570653
1692.0,-0.265018,21.803122,-1.117836,22.054813,0.171317,0.10952,0.077443,0.032077,0.0617969999999999,0.093874,0.943544,0.5190621055697597,0.066014466406534,165.0,0,0.9365484765648392,0.9792560255216523,0.9179112791224453,0.08476765645462647,0.07518052528362876
1693.0,-0.251499,21.803253,-1.112849,22.052713,0.171703,0.109946,0.077806,0.03214,0.0617569999999999,0.093897,0.816244,0.5204184073318437,0.0687999467636624,166.0,0,0.936777939621287,0.9811793079236183,0.9173171329476326,0.08476765645462647,0.07656684904467415
1694.0,-0.249136,21.809947,-1.111667,22.057176,0.171749,0.11046,0.077239,0.033221,0.061289,0.09451,1.051984,0.5420296948931309,0.1131837400145985,167.0,0,0.9428936289083553,1.0141803916779875,0.910365622702326,0.07511154708798429,0.07700421969146962
1695.0,-0.249005,21.79774,-1.113899,22.054288,0.171418,0.109825,0.078121,0.031704,0.0615929999999999,0.0932969999999999,0.971833,0.5147254602721048,0.0571081591007838,168.0,0,0.9307919468443839,0.9678689725703297,0.9148811336309006,0.08078174301986751,0.07830640774103097
1696.0,-0.274731,21.801809,-1.113636,22.05652,0.170692,0.109757,0.078273,0.031484,0.060935,0.092419,0.820959,0.5166732309308125,0.0611083580695479,169.0,0,0.9220324440808517,0.9611527483094957,0.905107429055234,0.0627565214546505,0.07693786477430738
1697.0,-0.257405,21.798528,-1.113111,22.053763,0.170702,0.108906,0.077512,0.031394,0.0617959999999999,0.09319,0.523926,0.5080181885852065,0.0433332204727674,170.0,0,0.9297244447991707,0.9584052020209729,0.9178964254680749,0.08453835645505292,0.07446181451840672
1698.0,-0.252549,21.799315,-1.113767,22.054288,0.171069,0.10952,0.077905,0.031615,0.0615489999999999,0.093164,0.91997,0.513647441104793,0.0548941966190565,171.0,0,0.9294650517788383,0.9651519545739012,0.9142275728386068,0.07801941053319494,0.07598665701967033
1699.0,-0.24113,21.798659,-1.111536,22.051794,0.171326,0.109788,0.077622,0.032166,0.061538,0.093704,0.330619,0.5226929264368936,0.0734711994790571,172.0,0,0.9348524452780502,0.9819730435180803,0.9140641826405348,0.08162000315567342,0.07531923744226524
1700.0,-0.247036,21.794852,-1.109174,22.055076,0.171336,0.110381,0.0779,0.032481,0.0609549999999999,0.0934359999999999,0.646511,0.5328597677012931,0.0943511669226679,173.0,0,0.9321787018376996,0.9915894555279106,0.9054045021426388,0.061415681768734576,0.07411508552668208
1701.0,-0.241261,21.794984,-1.110355,22.045755,0.171813,0.111515,0.078,0.033515,0.0602979999999999,0.093813,0.486207,0.5558135292459246,0.1414920419787739,174.0,0,0.9359399006325207,1.023155709553829,0.8956456512213409,0.05083956879965623,0.07376558433352827
1702.0,-0.233517,21.791046,-1.110355,22.0514,0.171804,0.109211,0.077296,0.031915,0.062593,0.094508,0.830388,0.509873150781225,0.04714281573001,175.0,0,0.942873675599099,0.9743104422023109,0.9297347880012186,0.1000160814672626,0.0750554641556214
1703.0,-0.235748,21.789864,-1.108649,22.052188,0.171611,0.110429,0.07737,0.033059,0.061182,0.094241,0.754952,0.5403298301815863,0.1096926734273902,176.0,0,0.9402099088133776,1.0092348083586462,0.9087762816847021,0.07809346068057543,0.07382487922065883
1704.0,-0.238505,21.788946,-1.110224,22.053107,0.170959,0.10994,0.077496,0.032444,0.061019,0.093463,0.797385,0.5316945263847919,0.0919580735203258,177.0,0,0.9324480715126613,0.9904599087204067,0.9063551360223405,0.06307002793215266,0.0711451186427281
1705.0,-0.237192,21.785927,-1.110092,22.055732,0.171253,0.109835,0.078278,0.031557,0.0614179999999999,0.0929749999999999,0.6748,0.513798661651932,0.055204763098748,178.0,0,0.9275794640541133,0.9633813136324089,0.9122817441160954,0.0772867310883294,0.06987322533763533
1706.0,-0.237586,21.787633,-1.107467,22.055601,0.171455,0.110098,0.077648,0.03245,0.0613569999999999,0.093807,0.948259,0.5288633918967374,0.086143681970213,179.0,0,0.9358800407047517,0.9906430784729748,0.911375671199506,0.07565531967558159,0.0694278902468088
1707.0,-0.237323,21.781858,-1.111667,22.054419,0.171528,0.110161,0.07768,0.0324809999999999,0.061367,0.093848,0.387197,0.5292823621431363,0.0870041345805319,180.0,0,0.9362890835445067,0.9915894555279073,0.9115242077432106,0.0722325071054275,0.07016978399112779
1708.0,-0.243755,21.780545,-1.113374,22.055207,0.172034,0.111673,0.077716,0.033957,0.060361,0.094318,1.004836,0.562555912660283,0.1553390906857412,181.0,0,0.9409781112197466,1.036649214659686,0.8965814314466722,0.0512218047538876,0.06764992726118335
1709.0,-0.233254,21.779101,-1.113111,22.052056,0.171437,0.110345,0.077638,0.032707,0.061092,0.093799,1.061414,0.5353641170019477,0.0994944292698636,182.0,0,0.9358002274677263,0.9984888495413123,0.9074394527913736,0.06890107010474578,0.06549957361445422
1710.0,-0.197684,21.777526,-1.106811,22.049956,0.171381,0.11067,0.078409,0.032261,0.060711,0.092972,0.726663,0.5313776518645408,0.0913072981718681,183.0,0,0.9275495340902297,0.9848732312670767,0.9017802104762831,0.05696233086046931,0.06463536650795376
1711.0,-0.223804,21.772538,-1.10563,22.051531,0.171381,0.110576,0.077979,0.0325969999999999,0.060805,0.093402,0.853963,0.5360819655955001,0.1009686979117181,184.0,0,0.9318394955803428,0.9951307374108924,0.9031764539870928,0.05825850624284601,0.064256474587208
1712.0,-0.216716,21.77175,-1.109567,22.051269,0.170885,0.109515,0.077963,0.031552,0.06137,0.092922,0.523926,0.514119046455166,0.0558627476277657,185.0,0,0.9270507013588213,0.9632286721719352,0.9115687687063216,0.07481751416781812,0.06196725009943913
1713.0,-0.22761,21.766762,-1.104317,22.053369,0.171308,0.110623,0.078089,0.0325339999999999,0.0606849999999999,0.0932189999999999,0.622937,0.5361038789836206,0.1010137021385604,186.0,0,0.9300137677833867,0.9932074550089266,0.9013940154626533,0.05658992421328424,0.0586188059003163
1714.0,-0.219341,21.772932,-1.107074,22.050744,0.170775,0.109872,0.077653,0.032219,0.060903,0.093122,1.000122,0.5290128727177196,0.0864506755185909,187.0,0,0.9290460322844553,0.9835910429990993,0.9046321121153839,0.054427956867148186,0.05922121358086716
1715.0,-0.215141,21.771488,-1.107336,22.052319,0.170803,0.109557,0.078016,0.031541,0.061246,0.092787,0.830388,0.5149803255669665,0.0576315841175443,188.0,0,0.9257038529840182,0.9628928609588936,0.9097269155644024,0.07349781188087168,0.056201181003884715
1716.0,-0.218291,21.773719,-1.110224,22.05547,0.171198,0.111122,0.078089,0.0330329999999999,0.0600759999999999,0.0931089999999999,0.769096,0.5498443663964578,0.1292329811041925,189.0,0,0.928916335774288,1.0084410727641813,0.8923481399511306,0.052763074797892884,0.055356937567803154
1717.0,-0.203853,21.768994,-1.10668,22.052844,0.171859,0.112093,0.077501,0.034592,0.059766,0.094358,0.731378,0.5787809326216807,0.1886609337002671,190.0,0,0.9413771774048735,1.0560346801398195,0.887743507096334,0.03874806511419926,0.05518860819452309
1718.0,-0.210679,21.770569,-1.107861,22.055076,0.171483,0.111022,0.077863,0.0331589999999999,0.060461,0.09362,0.886966,0.5484271112434255,0.126322318816366,191.0,0,0.9340144062892839,1.0122876375681131,0.8980667968837039,0.05724588155939603,0.05422862523579325
1719.0,-0.210022,21.772669,-1.113767,22.051794,0.171556,0.112471,0.07894,0.033531,0.0590849999999999,0.0926159999999999,0.769096,0.5674948380326983,0.1654823198658366,192.0,0,0.9239978450426003,1.023644162227344,0.877628168470147,0.03870074433492143,0.05347708084188448
1720.0,-0.21816,21.770438,-1.11088,22.054813,0.171032,0.111825,0.078992,0.0328329999999999,0.0592069999999999,0.0920399999999999,0.825674,0.5545365491149843,0.1388694669953778,193.0,0,0.9182512919767742,1.0023354143452412,0.8794403143033256,0.048519896499653714,0.057024868510057294
1721.0,-0.199391,21.769913,-1.108124,22.048249,0.170729,0.110791,0.078404,0.032387,0.0599379999999999,0.0923249999999999,1.179284,0.5403326715494087,0.1096985088354667,194.0,0,0.9210946385458026,0.9887197960710088,0.890298335648027,0.05657521251004538,0.05492683835780744
1722.0,-0.197684,21.763218,-1.105236,22.050875,0.170996,0.109888,0.077475,0.032413,0.061108,0.093521,0.490922,0.530412868808195,0.0893258923170148,195.0,0,0.9330267174810952,0.9895135316654708,0.9076771112612987,0.06521768458051969,0.05663126888599925
1723.0,-0.199128,21.767288,-1.105499,22.047068,0.171069,0.110864,0.077123,0.033741,0.0602049999999999,0.093946,0.943544,0.5604258711756305,0.1509645562854824,196.0,0,0.9372667956980674,1.030055103567231,0.8942642613649014,0.049074480274196586,0.05772433124914576
1724.0,-0.196241,21.766762,-1.107467,22.048381,0.171124,0.109184,0.077065,0.032119,0.0619399999999999,0.094059,0.6748,0.5185418382008687,0.0649459766522526,197.0,0,0.9383941576710506,0.9805382137896296,0.9200353516974005,0.08990583354887627,0.05613729688312489
1725.0,-0.198472,21.766631,-1.103136,22.051006,0.170646,0.109872,0.077669,0.0322029999999999,0.0607739999999999,0.0929769999999999,0.905825,0.5298724804607157,0.0882160794647393,198.0,0,0.9275994173633695,0.9831025903255811,0.9027159907016115,0.052517510358373154,0.057893186493318524
1726.0,-0.202541,21.762168,-1.106942,22.047462,0.170986,0.109767,0.077328,0.032439,0.0612189999999999,0.093658,1.169855,0.5298758575628881,0.0882230151276044,199.0,0,0.9343935191651545,0.9903072672599332,0.9093258668964023,0.06980738007981102,0.05909117188362378
1727.0,-0.186659,21.763875,-1.103005,22.04418,0.170784,0.110203,0.078388,0.0318149999999999,0.0605809999999999,0.0923959999999999,1.04727,0.5251559869268099,0.0785296656735849,200.0,0,0.9218029810244027,0.971257612992838,0.8998492354081404,0.04967868874566439,0.05852560713818872
1728.0,-0.189022,21.762562,-1.107599,22.047987,0.171097,0.112235,0.079066,0.033169,0.058862,0.092031,0.721948,0.5634948949255051,0.1572675086297312,201.0,0,0.9181615020851217,1.0125929204890631,0.8743158035455679,0.04137553789918724,0.057701556966696876
1729.0,-0.190991,21.757837,-1.102349,22.049956,0.171345,0.111169,0.078079,0.03309,0.0601759999999999,0.093266,0.844533,0.5498778603120795,0.129301768631169,202.0,0,0.9304826705509117,1.010181185413582,0.8938335053881623,0.05625964043685783,0.05753555888322084
1730.0,-0.193878,21.760331,-1.097493,22.051531,0.170922,0.110066,0.07768,0.032386,0.0608559999999999,0.0932419999999999,0.627652,0.5321655684637757,0.0929254677205473,203.0,0,0.9302432308398346,0.988689267778914,0.9039339903599775,0.060499750402706276,0.053683748031137166
1731.0,-0.195584,21.75823,-1.101955,22.048775,0.170748,0.110864,0.077722,0.033142,0.059884,0.093026,0.891681,0.5534274025214996,0.1365915771218291,204.0,0,0.9280882734401509,1.0117686566025064,0.8894962383120313,0.05091956505569473,0.05321910282083486
1732.0,-0.191778,21.754424,-1.102218,22.047199,0.171795,0.111269,0.077632,0.033637,0.0605259999999999,0.094163,0.886966,0.5557354569035307,0.1413317023093485,205.0,0,0.9394317297523803,1.0268801611893823,0.899032284417773,0.05697718286560127,0.05226060957121772
1733.0,-0.193353,21.755474,-1.104317,22.050087,0.171069,0.11078,0.078021,0.032759,0.0602889999999999,0.093048,0.91054,0.543357107314646,0.1159098894079733,206.0,0,0.9283077598419707,1.0000763207302368,0.895511968332008,0.04741449943943621,0.053260058602372616
1734.0,-0.175371,21.751536,-1.107336,22.049168,0.170821,0.110723,0.077606,0.033117,0.060098,0.093215,1.009551,0.5510407827085311,0.1316900995931542,207.0,0,0.9299738611648751,1.0110054493001388,0.892674920347279,0.051387725028039566,0.056944968119243586
1735.0,-0.175502,21.752849,-1.105499,22.052975,0.171317,0.11161,0.078425,0.033185,0.0597069999999999,0.092892,1.27358,0.5557881690895694,0.1414399590136432,208.0,0,0.9267514017199762,1.0130813731625783,0.8868671414884838,0.047871058255350096,0.05605546021554976
1736.0,-0.191122,21.754686,-1.104711,22.05245,0.171115,0.110738,0.077386,0.033352,0.0603769999999999,0.0937289999999999,0.717233,0.552386630892047,0.1344541111012569,209.0,0,0.9351018616437534,1.018179597942393,0.8968190899165959,0.06022244758363959,0.055333555462922866
1737.0,-0.176684,21.749567,-1.10248,22.051006,0.171574,0.110665,0.078346,0.032319,0.060909,0.093228,0.835103,0.5306025283204728,0.0897154021302149,210.0,0,0.9301035576750414,0.9866438722085693,0.9047212340416056,0.059673179057213366,0.05568970245957293
1738.0,-0.175765,21.745498,-1.10248,22.048643,0.170977,0.109337,0.077512,0.031825,0.0616399999999999,0.0934649999999999,0.985977,0.5162959718369269,0.0603335689887229,211.0,0,0.9324680248219165,0.9715628959137881,0.9155792553863056,0.07822463306789695,0.055674958898021355
1739.0,-0.166446,21.743135,-1.100511,22.047068,0.170178,0.109862,0.078394,0.0314679999999999,0.0603159999999999,0.0917839999999999,0.589933,0.5217102972627948,0.0714531424807474,212.0,0,0.9156972683919626,0.9606642956359775,0.8959130170000066,0.047364561399919514,0.056031123000931625
1740.0,-0.184822,21.745498,-1.105236,22.044443,0.170573,0.110723,0.078289,0.032434,0.05985,0.092284,0.594648,0.5419124158326512,0.1129428802528542,213.0,0,0.9206855957060488,0.9901546257994596,0.8889912140634406,0.05328070287643738,0.05641869811114562
1741.0,-0.174584,21.738673,-1.101561,22.043261,0.17094,0.110429,0.07789,0.032539,0.060511,0.09305,0.849248,0.5377280539397143,0.1043493222514382,214.0,0,0.928327713151227,0.9933600964694029,0.8988094796022198,0.05448103502219537,0.05792465450391848
1742.0,-0.172352,21.74261,-1.096968,22.043786,0.170454,0.109562,0.077795,0.031767,0.0608919999999999,0.0926589999999999,0.929399,0.5216855796232738,0.0714023790730125,215.0,0,0.9244268411916114,0.9697922549722955,0.9044687219173089,0.056829747250085494,0.059465200128158924
1743.0,-0.183903,21.73841,-1.101299,22.042342,0.170343,0.110402,0.078478,0.0319239999999999,0.0599409999999999,0.0918649999999999,1.127421,0.5325814954455974,0.0937796702809596,216.0,0,0.9165053774168445,0.9745851968311601,0.8903428966111379,0.05097614046853893,0.05888059931344658
1744.0,-0.188103,21.73526,-1.10563,22.037091,0.170619,0.110171,0.077506,0.032665,0.0604479999999999,0.0931129999999999,0.778526,0.5403728763089547,0.1097810786374895,217.0,0,0.9289562423928007,0.997206661273335,0.8978736993768883,0.055263476130179456,0.05579831340073377
1745.0,-0.17104,21.733947,-1.097755,22.037879,0.170996,0.110224,0.077281,0.032943,0.060772,0.093715,0.726663,0.5420663781613545,0.1132590776171353,218.0,0,0.9349621884789602,1.0056935264756612,0.9026862833928724,0.06293062218307877,0.055766167878615845
1746.0,-0.186397,21.736966,-1.10248,22.037091,0.170729,0.109284,0.077097,0.032187,0.0614449999999999,0.0936319999999999,0.646511,0.5238257982618887,0.0757978146202327,219.0,0,0.9341341261448209,0.9826141376520691,0.9126827927840939,0.07562790382604401,0.05666277302586076
1747.0,-0.178128,21.736704,-1.101693,22.03486,0.169939,0.110171,0.077716,0.032455,0.059768,0.092223,0.514496,0.5430072445582159,0.1151913650626024,220.0,0,0.9200770197737304,0.9907957199334483,0.8877732144050746,0.05382717091008993,0.05615542948470831
1748.0,-0.170777,21.736704,-1.098936,22.036172,0.170601,0.110775,0.07727,0.0335049999999999,0.059826,0.093331,0.995407,0.560031423939024,0.150154467365593,221.0,0,0.9311311531017428,1.022850426632879,0.8886347263585529,0.04740177394076883,0.05567976199971789
1749.0,-0.163952,21.733422,-1.103268,22.032234,0.170803,0.111143,0.077842,0.033301,0.05966,0.092961,1.056699,0.5581703290256618,0.1463322771503739,222.0,0,0.9274397908893198,1.0166226550455633,0.8861690197330804,0.0470431061787403,0.05502302976588207
1750.0,-0.189678,21.734078,-1.099068,22.028952,0.170619,0.109694,0.077296,0.0323979999999999,0.0609249999999999,0.0933229999999999,0.736092,0.5317598398056659,0.092092209784089,223.0,0,0.9310513398647164,0.9890556072840474,0.9049588925115294,0.06224675434888649,0.0552397510656207
1751.0,-0.157521,21.732503,-1.102086,22.02764,0.170601,0.110324,0.077438,0.032886,0.060277,0.093163,0.8021,0.5455721822223697,0.1204590596719354,224.0,0,0.9294550751242102,1.0039534138262634,0.8953337244795657,0.04940759961067087,0.054661308326937406
1752.0,-0.153189,21.732372,-1.094474,22.031709,0.17083,0.110828,0.077638,0.03319,0.060002,0.093192,0.967118,0.5531390097161807,0.1359992955833029,225.0,0,0.9297443981084271,1.0132340146230518,0.8912489695277287,0.05207307240018133,0.05185310356320111
1753.0,-0.163558,21.734603,-1.103005,22.033547,0.171143,0.111395,0.077958,0.0334369999999999,0.0597479999999999,0.0931849999999999,0.882251,0.559624428860734,0.1493186085414604,226.0,0,0.929674561526029,1.0207745027704394,0.8874761413176668,0.044408818130180716,0.052045007373158626
1754.0,-0.163165,21.730141,-1.105761,22.032234,0.169994,0.109232,0.077748,0.031484,0.060762,0.092246,0.55693,0.5181442654246826,0.0641294687116496,227.0,0,0.9203064828301782,0.9611527483094957,0.9025377468491691,0.05743068912756577,0.05231891624772167
1755.0,-0.154896,21.729878,-1.099461,22.031578,0.170279,0.109379,0.077512,0.031867,0.0609,0.092767,0.632367,0.5232590597855536,0.0746338856646038,228.0,0,0.9255043198914549,0.9728450841817654,0.904587551152273,0.05714619479624583,0.052822887022449916
1756.0,-0.155421,21.727253,-1.097493,22.029477,0.170224,0.110035,0.078294,0.0317409999999999,0.0601889999999999,0.0919299999999999,0.533356,0.527346735338096,0.0830288758328869,229.0,0,0.9171538599676755,0.9689985193778303,0.8940266028949764,0.04754585618868101,0.05380500835769696
1757.0,-0.153058,21.726728,-1.100511,22.033547,0.169884,0.109153,0.077312,0.0318409999999999,0.060731,0.092572,0.962403,0.5242870315484421,0.0767450641893656,230.0,0,0.9235588722389617,0.9720513485873001,0.9020772835636894,0.05574620900966509,0.05460718058052908
1758.0,-0.162771,21.729222,-1.099986,22.035779,0.169636,0.110276,0.077632,0.0326439999999999,0.05936,0.092004,1.014266,0.5499233503478713,0.1293951929742505,231.0,0,0.9178921324101611,0.9965655671393434,0.8817129234219856,0.05014086268639928,0.054744071840670636
1759.0,-0.159752,21.728172,-1.098543,22.030396,0.169507,0.108896,0.077202,0.031694,0.0606109999999999,0.0923049999999999,0.872822,0.5228997558239293,0.0738959716138214,232.0,0,0.9208951054532393,0.9675636896493826,0.90029484503925,0.052082813926022764,0.05615007188840375
1760.0,-0.147808,21.734078,-1.097099,22.032891,0.169663,0.108507,0.07696,0.031547,0.061156,0.092703,0.820959,0.5158362902039015,0.0593895061001239,233.0,0,0.9248658139952519,0.9630760307114618,0.9083900866710739,0.07206796770135693,0.056314431825586674
1761.0,-0.158308,21.732241,-1.101955,22.034072,0.169801,0.108785,0.077034,0.031751,0.061016,0.092767,0.787955,0.52036317747513,0.0686865194384875,234.0,0,0.9255043198914549,0.9693038022987804,0.9063105750592296,0.057429321838992076,0.056298459365284236
1762.0,-0.154764,21.731847,-1.094999,22.032891,0.170536,0.110292,0.077254,0.033038,0.0602439999999999,0.0932819999999999,1.150995,0.548394057598141,0.1262544354866783,235.0,0,0.9306422970249615,1.0085937142246577,0.8948435538853438,0.053441985001596914,0.05683698830380572
1763.0,-0.141639,21.731716,-1.095524,22.035253,0.169719,0.10867,0.076798,0.031872,0.061049,0.092921,1.000122,0.522063882063882,0.0721793109084092,236.0,0,0.9270407247041931,0.9729977256422389,0.90680074565345,0.05846881860751185,0.05596667802071324
1764.0,-0.149252,21.732372,-1.097361,22.03906,0.16982,0.109032,0.07664,0.032392,0.0607879999999999,0.09318,0.91054,0.5328595634078535,0.0943507473586897,237.0,0,0.9296246782528891,0.9888724375314822,0.9029239418627959,0.059074288499395,0.05583830603369151
1765.0,-0.145577,21.729222,-1.098018,22.040111,0.170224,0.110686,0.07852,0.032166,0.0595379999999999,0.0917039999999999,0.886966,0.540250927963184,0.1095306294150342,238.0,0,0.914899136021709,0.9819730435180803,0.8843568738999003,0.05698647019322145,0.055814216085296554
1766.0,-0.139408,21.732241,-1.097886,22.037879,0.17027,0.110345,0.077386,0.032959,0.059925,0.092884,0.670085,0.5499949938257184,0.1295423294787057,239.0,0,0.9266715884829507,1.0061819791491766,0.8901052381412143,0.05293114557389589,0.05346735859481109
1767.0,-0.137307,21.730928,-1.098543,22.039848,0.17049,0.110828,0.077527,0.033301,0.059662,0.092963,0.816244,0.5581516182558703,0.1462938502433406,240.0,0,0.9274597441985762,1.0166226550455633,0.8861987270418211,0.0470431061787403,0.052817605462468595
1768.0,-0.134814,21.731059,-1.093818,22.037223,0.169921,0.109736,0.076903,0.032833,0.0601849999999999,0.0930179999999999,1.033125,0.5455255375004155,0.1203632639129095,241.0,0,0.9280084602031247,1.0023354143452445,0.8939671882774951,0.04885714281618192,0.052164824648863295
1769.0,-0.14072,21.731453,-1.094736,22.034728,0.169618,0.109662,0.07748,0.032182,0.0599559999999999,0.092138,0.981262,0.5367513384592292,0.1023434103950573,242.0,0,0.9192290041303358,0.9824614961915956,0.8905657014266927,0.0518419144420732,0.051662141288271804
1770.0,-0.148595,21.72909,-1.100511,22.036829,0.169498,0.109358,0.077748,0.03161,0.06014,0.09175,0.886966,0.5255981776159357,0.0794378068506433,243.0,0,0.9153580621346059,0.9649993131134278,0.8932987738308323,0.04859939279650227,0.05012759632006851
1771.0,-0.142689,21.731322,-1.099461,22.041817,0.169755,0.109478,0.07737,0.032108,0.0602769999999999,0.092385,0.660655,0.5326653173628856,0.0939518180364447,244.0,0,0.9216932378234939,0.9802024025765878,0.8953337244795643,0.05093179051556718,0.04938452476903401
1772.0,-0.147939,21.734341,-1.09933,22.038535,0.170362,0.111027,0.077953,0.033074,0.059335,0.092409,0.811529,0.5574019145206957,0.1447541596771453,245.0,0,0.92193267753457,1.0096927327400669,0.8813415820627276,0.04691417686554389,0.0501264980867101
1773.0,-0.133632,21.731059,-1.095393,22.046018,0.170205,0.109914,0.076866,0.0330479999999999,0.060291,0.0933389999999999,0.91054,0.548132422211902,0.1257171065164803,246.0,0,0.9312109663387671,1.0088989971456015,0.8955416756407502,0.053441985001596914,0.052628576702204055
1774.0,-0.134551,21.731453,-1.096705,22.046149,0.170178,0.110964,0.077779,0.0331849999999999,0.059214,0.092399,1.014266,0.5604154352782232,0.1509431237488232,247.0,0,0.9218329109882882,1.0130813731625754,0.8795442898839193,0.043728838817362115,0.05322698071394705
1775.0,-0.132976,21.734997,-1.096968,22.046412,0.170031,0.110329,0.077218,0.033111,0.0597019999999999,0.0928129999999999,0.901111,0.5545952464700268,0.1389900156328987,248.0,0,0.9259632460043496,1.0108222795475708,0.8867928732166322,0.04955575468287643,0.05364154581707729
1776.0,-0.138226,21.732241,-1.097755,22.041686,0.170316,0.10952,0.076477,0.033043,0.0607959999999999,0.0938389999999999,0.693659,0.5434972120334887,0.1161976269551674,249.0,0,0.9361992936528521,1.0087463556851313,0.9030427710977584,0.06035087875065681,0.05404736343033213
1777.0,-0.138358,21.732897,-1.096311,22.043524,0.170527,0.1093,0.076036,0.0332639999999999,0.061227,0.094491,0.787955,0.5432808518978242,0.1157532812167727,250.0,0,0.9427040724704202,1.0154931082380565,0.9094446961313664,0.07206389233367982,0.054285185336883604
1778.0,-0.130614,21.723315,-1.09513,22.042342,0.171271,0.11078,0.077968,0.032812,0.060491,0.093303,0.948259,0.54241883224228,0.1139829238485958,251.0,0,0.930851806772154,1.0016943202112558,0.8985124065148135,0.05484118293361184,0.0550778859436904
1779.0,-0.128513,21.720033,-1.09723,22.039717,0.170711,0.110492,0.077401,0.033091,0.0602189999999999,0.09331,0.849248,0.5495018266356694,0.1285294962294507,252.0,0,0.9309216433545513,1.0102117137056768,0.8944722125260859,0.05598756547337558,0.055722284575472625
1780.0,-0.121032,21.725153,-1.09618,22.043786,0.170683,0.110728,0.077732,0.032996,0.059955,0.092951,0.736092,0.5503369137367401,0.1302445413481341,253.0,0,0.9273400243430382,1.0073115259566803,0.8905508477723239,0.05265756892905071,0.05733107748242537
1781.0,-0.122345,21.722921,-1.093555,22.044574,0.170757,0.110633,0.077554,0.033079,0.060124,0.093203,0.750237,0.5501704781704781,0.1299027272964898,254.0,0,0.929854141309337,1.0098453742005402,0.8930611153609073,0.053310009581081896,0.05756051515719037
1782.0,-0.142426,21.719246,-1.096574,22.043786,0.170362,0.109862,0.077044,0.032818,0.0605,0.093318,0.844533,0.5424373150857009,0.1140208826559439,255.0,0,0.9310014565915765,1.0018774899638239,0.8986460894041463,0.05484118293361184,0.056966651627792776
1783.0,-0.137176,21.72489,-1.09723,22.039454,0.170527,0.109762,0.077359,0.032403,0.060765,0.093168,0.849248,0.5332422736398643,0.0951367316164262,256.0,0,0.929504958397351,0.989208248744524,0.9025823078122801,0.059885971319419196,0.05557506239369806
1784.0,-0.133107,21.726203,-1.091455,22.044836,0.170738,0.110282,0.076966,0.033316,0.0604559999999999,0.093772,1.070844,0.5510693550788164,0.131748779584887,257.0,0,0.9355308577927658,1.017080579426984,0.8979925286118509,0.05981676788688961,0.05509202498975495
1785.0,-0.125363,21.721477,-1.092243,22.041029,0.170922,0.110723,0.07769,0.033033,0.0601989999999999,0.093232,0.896396,0.5487209302325583,0.1269257442823355,258.0,0,0.9301434642935539,1.0084410727641842,0.8941751394386795,0.051850131430526414,0.05371891777668636
1786.0,-0.118407,21.722134,-1.088961,22.039848,0.170233,0.109872,0.077664,0.032208,0.060361,0.092569,0.79267,0.5335807295980916,0.0958318294550859,259.0,0,0.9235289422750772,0.9832552317860577,0.8965814314466722,0.05441224345668083,0.05292197653273258
1787.0,-0.125757,21.722659,-1.089618,22.037879,0.170417,0.109956,0.07747,0.032486,0.060461,0.092947,0.721948,0.5372961529555753,0.1034623133709844,260.0,0,0.9273001177245255,0.991742096988384,0.8980667968837039,0.05814799999273268,0.052603837757355734
1788.0,-0.120638,21.720033,-1.092899,22.038929,0.17015,0.110103,0.077375,0.032728,0.0600469999999999,0.092775,0.712518,0.5450306421529445,0.119346881491422,261.0,0,0.9255841331284802,0.9991299436753011,0.8919173839743915,0.05001080889418075,0.05222538905626471
1789.0,-0.120113,21.718721,-1.090011,22.03906,0.170371,0.111242,0.078105,0.033137,0.059129,0.092266,1.301869,0.5604092677152037,0.1509304572271668,262.0,0,0.9205060159227416,1.0116160151420328,0.8782817292624424,0.04225649334268966,0.05161939212385116
1790.0,-0.114469,21.719902,-1.091061,22.036566,0.171179,0.111505,0.078184,0.033321,0.0596739999999999,0.092995,0.764381,0.5583745286971095,0.1467516485540323,263.0,0,0.9277789971466776,1.0172332208874575,0.8863769708942634,0.044688156489512965,0.05037712146167224
1791.0,-0.123001,21.719771,-1.093686,22.033022,0.169875,0.109772,0.077223,0.0325489999999999,0.060103,0.092652,1.250006,0.5415446559297217,0.1121875999646568,264.0,0,0.9243570046092153,0.9936653793903468,0.8927491886191306,0.05012862182731337,0.05091380750791994
1792.0,-0.125888,21.723446,-1.093555,22.036697,0.170022,0.109463,0.077223,0.03224,0.060559,0.092799,0.759666,0.5323645970937914,0.0933342191908417,265.0,0,0.9258235728395564,0.984232137133088,0.899522455011995,0.05105669592270168,0.05048237700889228
1793.0,-0.128251,21.715439,-1.095393,22.034991,0.169572,0.108959,0.077407,0.031552,0.060613,0.092165,0.816244,0.5205398092849836,0.0690492738420762,266.0,0,0.9194983738052964,0.9632286721719352,0.900324552347992,0.053826001995283645,0.04907001593648712
1794.0,-0.124576,21.71242,-1.096443,22.030396,0.169838,0.109431,0.077538,0.031893,0.0604069999999999,0.0923,0.839818,0.5279598728645214,0.0842880960033687,267.0,0,0.9208452221800993,0.9736388197762276,0.8972646995477054,0.04739406126510037,0.04859805829177353
1795.0,-0.116701,21.71032,-1.095524,22.02764,0.170362,0.109436,0.077417,0.032019,0.060926,0.092945,0.849248,0.5255305529568172,0.079298923922892,268.0,0,0.9272801644152692,0.9774853845801597,0.9049737461659011,0.057216991893003444,0.04996610093320288
1796.0,-0.125757,21.70927,-1.096311,22.032759,0.169829,0.109767,0.076882,0.032885,0.060062,0.092947,0.877537,0.5475084494613988,0.1244356336993697,269.0,0,0.9273001177245255,1.0039228855341686,0.8921401887899476,0.0500979384664042,0.049625511782444606
1797.0,-0.128382,21.709664,-1.091849,22.029871,0.170297,0.11088,0.077506,0.033374,0.059417,0.092791,0.820959,0.5616816452926723,0.1535435797991255,270.0,0,0.925743759602531,1.0188512203684765,0.8825595817210935,0.04402438926868113,0.05028916132020731
1798.0,-0.115913,21.71032,-1.093161,22.027246,0.17015,0.110539,0.077228,0.0333109999999999,0.059611,0.0929219999999999,0.651226,0.5587968865329127,0.1476190583651804,271.0,0,0.9270507013588202,1.0169279379665075,0.8854411906689349,0.045291232447044805,0.05084101297894168
1799.0,-0.112894,21.707564,-1.089224,22.030921,0.170132,0.109594,0.07664,0.032954,0.060538,0.093492,0.967118,0.54434331587902,0.1179352975147018,272.0,0,0.9327373944968782,1.0060293376887028,0.8992105282702183,0.05593691975698323,0.050170211430738985
1800.0,-0.112894,21.706645,-1.090799,22.029477,0.170343,0.110975,0.07759,0.033385,0.0593679999999999,0.0927529999999999,0.816244,0.562330509188297,0.1548761723579785,273.0,0,0.9253646467266595,1.0191870315815181,0.8818317526569466,0.04128226498193022,0.05102029676321559
1801.0,-0.111582,21.702313,-1.084236,22.031446,0.169691,0.109226,0.076934,0.032292,0.060465,0.092757,0.401341,0.5340521946217709,0.0968000922703711,274.0,0,0.9254045533451732,0.9858196083220124,0.8981262115011852,0.056765117204940374,0.0507461070128164
1802.0,-0.125888,21.705726,-1.091061,22.03079,0.169636,0.109762,0.077407,0.0323549999999999,0.059874,0.092229,0.990692,0.5403757828810019,0.1097870479575702,275.0,0,0.9201368797014994,0.9877428907239753,0.8893477017683281,0.05657521251004538,0.049090502713151726
1803.0,-0.105281,21.705857,-1.088568,22.031972,0.169939,0.109473,0.077601,0.031872,0.060466,0.092338,0.79267,0.5270974250417582,0.0825168592944642,276.0,0,0.9212243350559699,0.9729977256422389,0.8981410651555555,0.047117986513256715,0.049090502713151726
1804.0,-0.116176,21.700607,-1.090799,22.030265,0.16981,0.109961,0.077795,0.032166,0.0598489999999999,0.0920149999999999,0.915255,0.5374436090225565,0.1037651486172384,277.0,0,0.9180018756110699,0.9819730435180803,0.8889763604090688,0.055894914589866396,0.04841425240315582
1805.0,-0.117226,21.706907,-1.088174,22.030134,0.169654,0.11119,0.078724,0.0324659999999999,0.058464,0.09093,0.53807,0.5553065936885315,0.1404509321926457,278.0,0,0.9071772053395064,0.9911315311464869,0.868404049106182,0.05447509438901155,0.047578523850592656
1806.0,-0.108432,21.704545,-1.091586,22.036041,0.170316,0.111494,0.077979,0.0335149999999999,0.058822,0.0923369999999999,0.797385,0.5697601278411504,0.1701346180792895,279.0,0,0.9212143584013408,1.023155709553826,0.8737216573707552,0.0335418954697575,0.0462612975835903
1807.0,-0.105544,21.70612,-1.091718,22.032365,0.170812,0.111358,0.077958,0.0334,0.0594539999999999,0.0928539999999999,0.66537,0.5617694054326802,0.1537238156087106,280.0,0,0.9263722888441046,1.0196449559629386,0.8831091669327938,0.04402438926868113,0.045782419500968397
1808.0,-0.100294,21.704807,-1.084105,22.033284,0.170839,0.111437,0.077779,0.0336579999999999,0.0594019999999999,0.0930599999999999,0.655941,0.5666043802501556,0.1636535582056633,281.0,0,0.9284274796975077,1.027521255323368,0.8823367769055374,0.03852872934708573,0.04499168664518464
1809.0,-0.107382,21.704282,-1.086861,22.034466,0.169654,0.11036,0.077438,0.0329219999999999,0.059294,0.0922159999999999,0.877537,0.5552238805970148,0.1402810616681518,282.0,0,0.9200071831913321,1.0050524323416696,0.8807325822335447,0.047579634231351586,0.044652771875595174
1810.0,-0.103706,21.705988,-1.086336,22.037485,0.170665,0.111873,0.077449,0.0344239999999999,0.058792,0.093216,0.66537,0.5855118806660655,0.2024844972217629,283.0,0,0.9299838378195031,1.050905927067907,0.8732760477396457,0.028110002311906634,0.04348404551956205
1811.0,-0.112238,21.702051,-1.083449,22.036435,0.169535,0.109904,0.077044,0.03286,0.0596309999999999,0.0924909999999999,0.655941,0.5510464180305877,0.1317016730345031,284.0,0,0.922750763214079,1.0031596782318013,0.8857382637563398,0.051976336378721344,0.04276599793923155
1812.0,-0.0978,21.704807,-1.089618,22.036172,0.169195,0.109536,0.077753,0.0317829999999999,0.059659,0.091442,0.787955,0.5327355011733151,0.0940959567751864,285.0,0,0.9122852525091294,0.9702807076458078,0.8861541660787101,0.04866788395220778,0.04397681787554223
1813.0,-0.105938,21.701919,-1.086074,22.037223,0.169957,0.110702,0.077585,0.0331169999999999,0.059255,0.092372,0.849248,0.5588801134062372,0.1477899840598242,286.0,0,0.9215635413133276,1.011005449300136,0.8801532897131024,0.043728838817362115,0.04443520246775705
1814.0,-0.104363,21.703626,-1.086074,22.038929,0.169875,0.11078,0.077711,0.033069,0.0590949999999999,0.092164,1.042555,0.5595810207120618,0.1492294598366175,287.0,0,0.9194883971506682,1.0095400912795933,0.8777767050138501,0.04420765102953517,0.0460536466918421
1815.0,-0.095437,21.699032,-1.074524,22.03801,0.169507,0.110082,0.077543,0.032539,0.0594249999999999,0.0919639999999999,0.585218,0.5475549422811564,0.1245311174919907,288.0,0,0.9174930662250333,0.9933600964694029,0.8826784109560546,0.047294618585706494,0.04561820967850937
1816.0,-0.107513,21.694569,-1.082924,22.035516,0.169663,0.110791,0.077869,0.032922,0.058872,0.091794,0.868107,0.559203709680159,0.1484545640890235,289.0,0,0.9157970349382454,1.0050524323416725,0.8744643400892711,0.04565009483286431,0.04758415998140917
1817.0,-0.083493,21.690631,-1.08358,22.037223,0.168956,0.109258,0.078262,0.0309959999999999,0.059698,0.090694,0.91054,0.5192046767952561,0.0663072694974198,290.0,0,0.9048227148472582,0.9462549417672798,0.8867334585991525,0.04860823519082935,0.04725470755616871
1818.0,-0.100688,21.690106,-1.08673,22.039454,0.169489,0.109494,0.077107,0.032387,0.059995,0.092382,0.561644,0.5398193212880857,0.1086442249664811,291.0,0,0.9216633078596095,0.9887197960710088,0.8911449939471364,0.054713171587936205,0.047320086781051984
1819.0,-0.101869,21.688268,-1.082661,22.045887,0.168552,0.108549,0.076803,0.031746,0.060003,0.091749,0.731378,0.5290647290180657,0.0865571744630333,292.0,0,0.9153480854799777,0.969151160838307,0.891263823182099,0.043225264098024296,0.04612980733000914
1820.0,-0.086512,21.683805,-1.087649,22.042605,0.168497,0.10888,0.077454,0.031426,0.059617,0.091043,1.070844,0.5271226810694758,0.0825687284072778,293.0,0,0.9083045673124897,0.9593821073680033,0.8855303125951569,0.04776950534090463,0.04612980733000914
1821.0,-0.106463,21.687087,-1.083186,22.042736,0.169131,0.110345,0.077664,0.032681,0.058786,0.091467,1.089703,0.5559222277034038,0.1417152794813878,294.0,0,0.9125346688748338,0.9976951139468503,0.8731869258134238,0.048681812126316726,0.0458841955068147
1822.0,-0.095175,21.682361,-1.083711,22.042736,0.169232,0.109494,0.077559,0.0319349999999999,0.059738,0.0916729999999999,0.759666,0.5345754030030632,0.0978746220759914,295.0,0,0.9145898597282357,0.9749210080442019,0.8873276047739651,0.049321676201040554,0.04618073999546466
1823.0,-0.102788,21.682624,-1.085024,22.047593,0.169801,0.111389,0.077265,0.034124,0.058412,0.092536,0.78324,0.5841850273055655,0.1997594959898958,296.0,0,0.9231997126723475,1.0417474394395005,0.8676316590789255,0.0318260443069337,0.04560998980200283
1824.0,-0.093469,21.675011,-1.083974,22.048118,0.169654,0.110654,0.077559,0.033095,0.059,0.092095,0.618222,0.5609226962254877,0.151984901798549,297.0,0,0.9188000079813246,1.0103338268740556,0.8763656078486716,0.04420765102953517,0.043752802029226434
1825.0,-0.097012,21.680392,-1.078068,22.047724,0.169691,0.110397,0.077202,0.0331949999999999,0.059294,0.092489,0.721948,0.5598279787503159,0.149736645467295,298.0,0,0.9227308099048236,1.0133866560835223,0.8807325822335447,0.04483850035376202,0.04281962800459153
1826.0,-0.095306,21.675536,-1.08673,22.048249,0.169645,0.11036,0.077795,0.032565,0.0592849999999999,0.0918499999999999,0.943544,0.549286509462605,0.1280872924567435,299.0,0,0.9163557275974219,0.9941538320638651,0.8805988993442103,0.04861553971936394,0.04353755325841121
1827.0,-0.093337,21.669498,-1.079511,22.047068,0.170141,0.110429,0.076787,0.033642,0.0597119999999999,0.0933539999999999,1.000122,0.5633949056319396,0.1570621574159114,300.0,0,0.9313606161581897,1.0270328026498556,0.8869414097603354,0.04290073325621102,0.044135449418046535
1828.0,-0.102525,21.671467,-1.08043,22.050481,0.169268,0.110612,0.077281,0.033331,0.058656,0.091987,0.797385,0.5682356751964812,0.1670038008704599,301.0,0,0.9177225292814822,1.0175385038084044,0.8712559507452827,0.036141293860172286,0.04464535113993723
1829.0,-0.094125,21.669366,-1.079249,22.0535,0.170114,0.111032,0.077008,0.034024,0.0590819999999999,0.093106,0.820959,0.5758678469272045,0.1826782363334753,302.0,0,0.9288864058104045,1.0386946102300305,0.877583607507036,0.03389352385167521,0.04460740587241655
1830.0,-0.091368,21.667266,-1.081086,22.057307,0.169967,0.109867,0.076687,0.03318,0.0601,0.09328,0.811529,0.5520706810202826,0.1338052347330034,303.0,0,0.9306223437157062,1.012928731702105,0.8927046276560197,0.05494875787910147,0.04435937412902328
1831.0,-0.095306,21.662672,-1.083449,22.056257,0.168644,0.109436,0.077606,0.03183,0.0592079999999999,0.091038,0.91997,0.537587191136483,0.1040600278020613,304.0,0,0.9082546840393487,0.9717155373742615,0.879455167957696,0.054660773722669975,0.04484014421761967
1832.0,-0.090712,21.662672,-1.08463,22.057439,0.169085,0.110066,0.077853,0.0322129999999999,0.059019,0.091232,1.122707,0.5457980345645541,0.1209228998587972,305.0,0,0.9101901550372137,0.9834078732465282,0.8766478272817076,0.054420693419947486,0.04587270351453067
1833.0,-0.090975,21.658603,-1.08253,22.059802,0.169893,0.11172,0.077711,0.034009,0.0581729999999999,0.0921819999999999,0.849248,0.5846082442328189,0.2006286701446629,306.0,0,0.9196679769339744,1.03823668584861,0.8640816356844183,0.03144659163172692,0.045630720533003
1834.0,-0.084281,21.657553,-1.083843,22.060327,0.169572,0.11077,0.077501,0.0332689999999999,0.058802,0.092071,1.056699,0.5657704538884069,0.1619408969344922,307.0,0,0.9185605682702485,1.01564574969853,0.8734245842833489,0.041727333595602434,0.04774845951504687
1835.0,-0.09255,21.65204,-1.08463,22.06072,0.167936,0.108202,0.07675,0.031452,0.0597339999999999,0.091186,0.79267,0.5265254875701014,0.0813422529956731,308.0,0,0.909731228924318,0.9601758429624655,0.8872681901564824,0.04964620123972596,0.0480287705574311
1836.0,-0.089662,21.652434,-1.075443,22.060589,0.169112,0.109814,0.077722,0.0320919999999999,0.059298,0.09139,0.712518,0.5411895647481405,0.1114583378351408,309.0,0,0.9117664664684646,0.9797139499030696,0.8807919968510258,0.058941132688473896,0.04785278556658186
1837.0,-0.088481,21.65624,-1.077018,22.05967,0.169333,0.110423,0.077223,0.0331999999999999,0.05891,0.09211,0.886966,0.5635619833307868,0.1574052902358067,310.0,0,0.9189496578007471,1.0135392975439959,0.875028778955343,0.04048090344093436,0.04785938258350843
1838.0,-0.091106,21.660703,-1.082661,22.058226,0.168607,0.109867,0.077396,0.032471,0.05874,0.091211,0.962403,0.5527825539231541,0.1352672309075671,311.0,0,0.9099806452900222,0.9912841726069634,0.8725036577123894,0.05731868368061099,0.046851904941635714
1839.0,-0.080606,21.660309,-1.078855,22.057701,0.169792,0.111647,0.077916,0.033731,0.058145,0.091876,1.240577,0.5801086919134592,0.1913877954722083,312.0,0,0.9166151206177553,1.0297498206462838,0.863665733362051,0.0366966342755175,0.048714030202969175
1840.0,-0.083887,21.660441,-1.079249,22.061639,0.169066,0.109673,0.077338,0.032335,0.0593929999999999,0.0917279999999999,0.721948,0.5444152608007544,0.1180830531041206,313.0,0,0.9151385757327852,0.9871323248820846,0.8822030940162044,0.053188907970609045,0.04943979209832179
1841.0,-0.089925,21.654534,-1.07833,22.058358,0.169875,0.109961,0.077506,0.032455,0.0599139999999999,0.0923689999999999,0.78324,0.5416840524075774,0.1124738829746585,314.0,0,0.9215336113494421,0.9907957199334483,0.8899418479431394,0.05472674389193566,0.050142612037875275
1842.0,-0.08625,21.652171,-1.082924,22.06072,0.169994,0.111148,0.078178,0.03297,0.058846,0.091816,0.679515,0.5602664536849796,0.1506371554804373,315.0,0,0.9160165213400651,1.0065177903622182,0.8740781450756429,0.04434591700122037,0.04887645447872182
1843.0,-0.084543,21.656765,-1.072818,22.05757,0.16993,0.110129,0.077627,0.032502,0.0598009999999999,0.092303,0.717233,0.543493528644527,0.1161900622613159,316.0,0,0.9208751521439839,0.9922305496618993,0.8882633849992936,0.0500678442450615,0.04981944322627206
1844.0,-0.086906,21.660572,-1.074655,22.056914,0.169461,0.109242,0.077244,0.031998,0.0602189999999999,0.092217,0.655941,0.5313517103952178,0.0912540213456822,317.0,0,0.9200171598459612,0.9768442904461709,0.8944722125260859,0.0489849525491286,0.04914165597773812
1845.0,-0.084543,21.660572,-1.07518,22.052713,0.169654,0.110229,0.078073,0.0321559999999999,0.059425,0.091581,1.240577,0.5411099518729173,0.1112948343241166,318.0,0,0.913672007502445,0.9816677605971303,0.882678410956056,0.05667440063526086,0.051064799500657884
1846.0,-0.082049,21.657815,-1.077543,22.057701,0.169893,0.110618,0.077664,0.032954,0.0592749999999999,0.0922289999999999,0.91997,0.555941696470747,0.1417552631122638,319.0,0,0.9201368797014983,1.0060293376887028,0.880450362800507,0.04627955709693932,0.05102012996991414
1847.0,-0.074962,21.660047,-1.074393,22.056126,0.170077,0.110061,0.077522,0.032539,0.060016,0.092555,0.622937,0.5421630538014232,0.1134576234746667,320.0,0,0.9233892691102827,0.9933600964694029,0.8914569206889131,0.0499107909164368,0.051034762025031544
1848.0,-0.079424,21.663197,-1.08043,22.058095,0.16925,0.10889,0.077454,0.031436,0.06036,0.091796,0.806814,0.5207998542105001,0.0695833364321627,321.0,0,0.9158169882475017,0.9596873902889502,0.896566577792302,0.05054081119527154,0.05128883042458521
1849.0,-0.077849,21.660178,-1.077936,22.049825,0.169186,0.110765,0.078693,0.032072,0.058421,0.090493,0.745522,0.5489712779432406,0.1274398913918151,322.0,0,0.9028174072669961,0.9791033840611788,0.8677653419682584,0.05592806950471518,0.05193289410102714
1850.0,-0.084806,21.652959,-1.077411,22.054157,0.168653,0.109526,0.078115,0.0314109999999999,0.059127,0.090538,0.924685,0.5312373156541739,0.0910190852031183,323.0,0,0.9032663567252637,0.9589241829865797,0.8782520219537018,0.052742212663171584,0.0517943203704429
1851.0,-0.089793,21.655584,-1.07623,22.051269,0.168543,0.108202,0.077522,0.03068,0.0603409999999999,0.091021,0.5475,0.5084352523946839,0.0441897577725369,324.0,0,0.90808508091067,0.9366080014653579,0.8962843583592645,0.05487306444310969,0.05146360357418064
1852.0,-0.089662,21.65729,-1.074261,22.049825,0.168625,0.109358,0.077953,0.031405,0.059267,0.090672,0.849248,0.5298812175204157,0.088234023044003,325.0,0,0.9046032284454385,0.9587410132340146,0.880331533565546,0.04688660099675701,0.0522148651834306
1853.0,-0.083624,21.648758,-1.07308,22.047724,0.168993,0.109253,0.076987,0.032266,0.05974,0.092006,0.985977,0.5400980900888838,0.1092167413787654,326.0,0,0.9179120857194175,0.9850258727275503,0.8873573120827057,0.056508481009480804,0.05188456839530766
1854.0,-0.070105,21.649284,-1.080693,22.045099,0.169057,0.109505,0.077732,0.031773,0.059552,0.091325,0.891681,0.5335247594579619,0.095716881786156,327.0,0,0.9111179839176337,0.9699754247248639,0.8845648250610862,0.04759921524328625,0.05168280148986627
1855.0,-0.074568,21.649152,-1.083449,22.041292,0.168607,0.109562,0.077464,0.032098,0.059045,0.091143,0.924685,0.5436100667276361,0.1164294002541082,328.0,0,0.9093022327753066,0.9798971196556409,0.8770340222953358,0.05336723267263821,0.051555655612727916
1856.0,-0.077849,21.646658,-1.076493,22.044311,0.168699,0.107683,0.077018,0.0306649999999999,0.0610159999999999,0.0916809999999999,1.03784,0.5025648589737287,0.0321335428358546,329.0,0,0.9146696729652611,0.9361500770839345,0.9063105750592281,0.05379217318943896,0.051738476730879314
1857.0,-0.078112,21.64889,-1.075836,22.04418,0.169186,0.109856,0.078488,0.0313679999999999,0.05933,0.090698,1.004836,0.5286949486777568,0.0857977447378961,330.0,0,0.9048626214657709,0.9576114664265077,0.8812673137908761,0.046607823035207385,0.05148478583091905
1858.0,-0.065643,21.648627,-1.08043,22.041555,0.168359,0.108707,0.077113,0.031594,0.059652,0.091246,1.103847,0.5296296917170971,0.0877174564479539,331.0,0,0.9103298282020081,0.9645108604399125,0.8860501904981178,0.04852314214085762,0.05158323155677835
1859.0,-0.084806,21.648365,-1.078724,22.044705,0.169765,0.109578,0.077281,0.0322969999999999,0.060187,0.092484,0.660655,0.5366019804612213,0.1020366690921545,332.0,0,0.9226809266316827,0.9859722497824829,0.8939968955862372,0.05465661073333161,0.05110703225011724
1860.0,-0.085725,21.647971,-1.07203,22.041292,0.169792,0.110245,0.077816,0.032429,0.059547,0.091976,0.915255,0.5445858802982467,0.1184334598293008,333.0,0,0.9176127860805724,0.9900019843389861,0.8844905567892347,0.05457042384468558,0.05175974551618919
1861.0,-0.084675,21.642458,-1.075705,22.03696,0.169994,0.110518,0.078252,0.032266,0.059476,0.091742,0.858677,0.5424954183970274,0.1141402112868641,334.0,0,0.9152782488975806,0.9850258727275503,0.8834359473289423,0.052336155443507004,0.05127183063534825
1862.0,-0.074305,21.646002,-1.076099,22.034597,0.170261,0.110675,0.077564,0.033111,0.059586,0.092697,0.797385,0.5556748955309044,0.1412073254792309,335.0,0,0.924805954067483,1.0108222795475708,0.885069849309677,0.047871058255350096,0.051536819072171926
1863.0,-0.074174,21.648233,-1.077018,22.035647,0.169498,0.109846,0.077375,0.032471,0.059652,0.092123,0.835103,0.5443313831659764,0.1179107909198426,336.0,0,0.9190793543109133,0.9912841726069634,0.8860501904981178,0.051746487942869734,0.052848204888838915
1864.0,-0.072993,21.651777,-1.070324,22.037485,0.169195,0.110381,0.078073,0.032308,0.058814,0.091122,0.6748,0.5493156507693615,0.1281471408915242,337.0,0,0.9090927230281151,0.9863080609955277,0.8736028281357927,0.05412634790400572,0.05342648157271233
1865.0,-0.080343,21.647971,-1.071636,22.038667,0.168846,0.109468,0.078257,0.031211,0.059378,0.090589,0.750237,0.5256235369406693,0.0794898881078458,338.0,0,0.9037751661113004,0.952818524567643,0.8819802892006512,0.04848808386422876,0.05278002837800856
1866.0,-0.076537,21.649677,-1.071899,22.037748,0.168892,0.110313,0.077869,0.032444,0.0585789999999999,0.0910229999999999,0.868107,0.5538409013315125,0.1374407928680485,339.0,0,0.9081050342199252,0.9904599087204067,0.8701122193587669,0.05644205755767573,0.05239968591524986
1867.0,-0.072993,21.654009,-1.070455,22.035779,0.168726,0.110093,0.07874,0.0313529999999999,0.0586329999999999,0.0899859999999999,1.117992,0.5347238803424633,0.0981795547421131,340.0,0,0.8977592433705128,0.9571535420450873,0.8709143166947639,0.059721681201877264,0.051896876693194115
1868.0,-0.071812,21.653353,-1.076624,22.03696,0.169342,0.110051,0.077879,0.0321719999999999,0.0592909999999999,0.0914629999999999,1.056699,0.542602712001619,0.1143605635981197,341.0,0,0.9124947622563201,0.9821562132706455,0.8806880212704322,0.054305908979591755,0.051691467183878737
1869.0,-0.072468,21.649677,-1.078199,22.038141,0.169066,0.108822,0.077459,0.031363,0.0602439999999999,0.091607,0.627652,0.5205909204083328,0.0691542423926598,342.0,0,0.9139314005227775,0.9574588249660373,0.8948435538853438,0.048192078786293946,0.052010163090654794
1870.0,-0.066561,21.656765,-1.077018,22.04313,0.169498,0.109914,0.078247,0.031667,0.059584,0.091251,0.79267,0.5314592598808424,0.0914748991680087,343.0,0,0.910379711475149,0.9667394257628257,0.8850401420009364,0.050766999217098596,0.051402303774855426
1871.0,-0.066168,21.658734,-1.072424,22.042473,0.169783,0.109762,0.077149,0.032613,0.0600209999999999,0.092634,0.778526,0.543350771383826,0.1158968771039739,344.0,0,0.9241774248259081,0.9956191900844108,0.8915311889607632,0.04730806322294956,0.05161520405003286
1872.0,-0.063543,21.658472,-1.069537,22.044574,0.169121,0.110891,0.078063,0.032828,0.0582299999999999,0.091058,0.6748,0.5637547011042231,0.1578010808978727,345.0,0,0.9084542171319122,1.002182772884771,0.8649282939835264,0.0458169631621963,0.05014366619428121
1873.0,-0.081787,21.658209,-1.07413,22.047856,0.168037,0.108943,0.077191,0.031752,0.0590939999999999,0.090846,0.839818,0.5373043404687369,0.1034791283289258,346.0,0,0.9063391663507401,0.9693343305908751,0.8777618513594798,0.0549334470106303,0.04927319564970104
1874.0,-0.074305,21.660835,-1.069799,22.047331,0.167707,0.108234,0.076714,0.0315199999999999,0.059473,0.0909929999999999,0.91054,0.5299794868345831,0.0884358418810595,347.0,0,0.90780573458108,0.962251766824902,0.8833913863658313,0.048047754746012084,0.04911830115556805
1875.0,-0.067086,21.660572,-1.069143,22.049037,0.168644,0.109342,0.076771,0.0325709999999999,0.0593019999999999,0.0918729999999999,0.8021,0.5492302244405847,0.1279716981047922,348.0,0,0.9165851906538698,0.9943370018164303,0.8808514114685058,0.05061708661600306,0.050112054955346576
1876.0,-0.065643,21.660966,-1.072949,22.050744,0.169259,0.110933,0.077706,0.033227,0.0583259999999999,0.091553,1.000122,0.5696675639069386,0.1699445165637321,349.0,0,0.9133926611728563,1.0143635614305557,0.8663542448030768,0.04172667900015925,0.048448753696235206
1877.0,-0.071812,21.662278,-1.074261,22.051531,0.169709,0.110203,0.077344,0.032859,0.059506,0.092365,0.990692,0.5521871376476717,0.1340444054375753,350.0,0,0.9214937047309305,1.0031291499397066,0.8838815569600518,0.051016975756075555,0.048743105406033285
1878.0,-0.063805,21.657028,-1.071111,22.054944,0.169351,0.110066,0.077695,0.032371,0.059285,0.091656,0.839818,0.5460142360759707,0.1213669198254947,351.0,0,0.914420256599558,0.9882313433974935,0.8805988993442118,0.0527569640382618,0.049607361090440026
1879.0,-0.061968,21.659391,-1.07203,22.055601,0.169461,0.11098,0.07863,0.0323499999999999,0.058481,0.090831,1.023696,0.5531616565780921,0.1360458061687555,352.0,0,0.9061895165313175,0.9875902492635019,0.8686565612304773,0.05812961678407924,0.04900747029596662
1880.0,-0.066561,21.652696,-1.076755,22.055995,0.169673,0.1112,0.077627,0.0335729999999999,0.058473,0.0920459999999999,1.000122,0.5741526148373635,0.1791556092694013,353.0,0,0.9183111519045433,1.0249263504953185,0.8685377319955148,0.03413398662598488,0.04916694393333052
1881.0,-0.063018,21.653878,-1.065205,22.057832,0.169526,0.110681,0.078021,0.03266,0.058845,0.091505,0.585218,0.5550079869489856,0.1398376739703506,354.0,0,0.9129137817507043,0.9970540198128616,0.8740632914212726,0.050251580320930356,0.04815332561582365
1882.0,-0.066561,21.656634,-1.069799,22.058883,0.168644,0.109505,0.077475,0.03203,0.0591389999999999,0.0911689999999999,0.589933,0.5415962123774097,0.1122934830920943,355.0,0,0.909561625795638,0.9778211957932014,0.8784302658061441,0.05445952000626375,0.04879146041945855
1883.0,-0.061705,21.653221,-1.069274,22.062558,0.16902,0.109925,0.077375,0.0325499999999999,0.059095,0.091645,1.004836,0.550798700419656,0.131192927445096,356.0,0,0.9143105133986481,0.9936959076824415,0.8777767050138516,0.048934539065896177,0.048813659432445686
1884.0,-0.064855,21.651909,-1.069012,22.058883,0.169792,0.111295,0.07842,0.032875,0.0584969999999999,0.091372,1.127421,0.5619850251290643,0.1541666406832464,357.0,0,0.9115868866851575,1.0036176026132217,0.8688942197004009,0.04964249111965113,0.048888704559309416
1885.0,-0.06853,21.649021,-1.065993,22.059276,0.169287,0.110324,0.07716,0.033164,0.0589629999999999,0.0921269999999999,0.967118,0.5624448816226851,0.1551110626886491,358.0,0,0.9191192609294251,1.0124402790285898,0.8758160226369683,0.04048090344093436,0.04759376145809981
1886.0,-0.06328,21.649021,-1.072949,22.061771,0.169645,0.110413,0.077842,0.032571,0.0592319999999999,0.091803,0.886966,0.5498792902604968,0.12930470536202,359.0,0,0.9158868248298988,0.9943370018164335,0.8798116556625836,0.048108027036508294,0.04768720389786678
1887.0,-0.076537,21.64679,-1.070062,22.062821,0.16891,0.109699,0.076934,0.032765,0.059211,0.091976,0.938829,0.5533506721610485,0.1364339935236898,360.0,0,0.9176127860805724,1.000259490482805,0.8794997289208083,0.0512389658859469,0.046389502371338855
1888.0,-0.061443,21.645083,-1.070586,22.059276,0.168478,0.109536,0.077197,0.0323389999999999,0.0589419999999999,0.0912809999999999,0.811529,0.5486486945014675,0.12677739144843,361.0,0,0.9106790111139932,0.9872544380504603,0.8755040958951917,0.053507415306899064,0.0455606164127903
1889.0,-0.052255,21.641408,-1.067305,22.058226,0.16857,0.110282,0.077317,0.032965,0.0582879999999999,0.091253,1.009551,0.5655440992297005,0.1614760251241052,362.0,0,0.9103996647844054,1.0063651489017447,0.8657898059370048,0.04518018577198324,0.04577442961138038
1890.0,-0.043854,21.640226,-1.063762,22.05547,0.169553,0.110801,0.077433,0.0333679999999999,0.058752,0.09212,0.934114,0.5679369564107363,0.1663903125352983,363.0,0,0.9190494243470287,1.0186680506159052,0.872681901564833,0.035068411023654544,0.04603017878679563
1891.0,-0.059342,21.639964,-1.066255,22.052319,0.169636,0.110859,0.077506,0.0333529999999999,0.058777,0.09213,0.825674,0.5674401987138042,0.165370105347091,364.0,0,0.9191491908933106,1.0182101262344847,0.873053242924091,0.03727456505565108,0.047166750004973265
1892.0,-0.062361,21.631432,-1.069143,22.05245,0.168864,0.109767,0.076903,0.032864,0.0590969999999999,0.0919609999999999,0.816244,0.5560932688077433,0.1420665520740498,365.0,0,0.9174631362611488,1.00328179140018,0.8778064123225908,0.04617066042077822,0.04534504699580207
1893.0,-0.058424,21.63852,-1.069405,22.052975,0.169774,0.110497,0.077711,0.0327859999999999,0.059277,0.092063,0.853963,0.5530888356557238,0.1358962515087856,366.0,0,0.9184807550332231,1.0009005846167904,0.8804800701092493,0.051072671051797025,0.0459214480718008
1894.0,-0.065511,21.634188,-1.064155,22.0493,0.16948,0.110303,0.077963,0.0323399999999999,0.0591769999999999,0.0915169999999999,1.056699,0.5464868701206529,0.1223375834966453,367.0,0,0.9130335016062413,0.9872849663425548,0.8789947046722162,0.05219998287380356,0.04560648069411601
1895.0,-0.05488,21.631563,-1.06573,22.047331,0.169379,0.110119,0.07747,0.032649,0.05926,0.091909,0.971833,0.550935691264069,0.131474269928669,368.0,0,0.9169443502204849,0.9967182085998197,0.8802275579849539,0.05184661562271076,0.045965576302795116
1896.0,-0.058949,21.631957,-1.066255,22.046412,0.169562,0.111227,0.077107,0.03412,0.0583349999999999,0.092455,0.967118,0.5848875479978062,0.2012022852300319,369.0,0,0.9223916036474658,1.0416253262711217,0.8664879276924097,0.029890996944796355,0.04700368019910804
1897.0,-0.060524,21.630907,-1.06783,22.044574,0.169397,0.109279,0.076792,0.032487,0.0601179999999999,0.0926049999999999,0.976548,0.5403782498045544,0.1097921143574602,370.0,0,0.9238881018416902,0.9917726252804787,0.8929719934346839,0.05700297664593412,0.04818912955977902
1898.0,-0.056849,21.629594,-1.063499,22.048118,0.169351,0.109552,0.077968,0.031584,0.059799,0.091383,0.717233,0.5281605351170569,0.0847002024965402,371.0,0,0.9116966298860675,0.9642055775189657,0.8882336776905544,0.05035774153005124,0.04909000255986686
1899.0,-0.059605,21.625656,-1.062843,22.046018,0.168717,0.108948,0.077002,0.031946,0.059769,0.091715,1.108562,0.5344821816965033,0.0976831704937939,372.0,0,0.91500887922262,0.9752568192572467,0.887788068059445,0.04877114185877429,0.04904598971162742
1900.0,-0.066955,21.624606,-1.065468,22.041686,0.169682,0.110376,0.077354,0.0330219999999999,0.059306,0.092328,0.778526,0.5567976798691554,0.1435132236258822,373.0,0,0.9211245685096882,1.0081052615511394,0.8809108260859884,0.045449449986783796,0.04868094261627716
1901.0,-0.061443,21.622244,-1.063237,22.041292,0.169562,0.110481,0.077869,0.032612,0.0590809999999999,0.091693,0.580504,0.5519786060052132,0.1336161373263438,374.0,0,0.9147893928208002,0.9955886617923161,0.8775687538526656,0.049129058662360836,0.049059861032646535
1902.0,-0.05068,21.61975,-1.06573,22.038667,0.169333,0.109631,0.07748,0.032151,0.059702,0.091853,0.769096,0.5385156524797751,0.1059668385918071,375.0,0,0.9163856575613074,0.9815151191366599,0.8867928732166337,0.05517939042165665,0.05061570633684528
1903.0,-0.047661,21.61975,-1.062055,22.039848,0.169599,0.110434,0.077758,0.032676,0.0591649999999999,0.091841,0.839818,0.5522766453706522,0.1342282303142683,376.0,0,0.9162659377057694,0.9975424724863766,0.8788164608197723,0.05063254256940264,0.04998262078525324
1904.0,-0.045955,21.616468,-1.064024,22.039192,0.168974,0.110534,0.077743,0.0327909999999999,0.05844,0.091231,0.981262,0.5610958060265905,0.1523404229399927,377.0,0,0.9101801783825857,1.001053226077264,0.8680475614012944,0.04854951192030088,0.04945195824292442
1905.0,-0.051467,21.618175,-1.061399,22.041948,0.169728,0.110276,0.078105,0.032171,0.0594519999999999,0.091623,0.962403,0.5411165122029168,0.1113083074838963,378.0,0,0.9140910269968282,0.9821256849785538,0.8830794596240531,0.05563579978640454,0.049547396387004325
1906.0,-0.042148,21.616731,-1.061662,22.041948,0.169663,0.110392,0.077433,0.032959,0.059271,0.09223,1.084988,0.5560635713321636,0.1420055614175481,379.0,0,0.9201468563561276,1.0061819791491766,0.8803909481830273,0.045449449986783796,0.049770377560773384
1907.0,-0.055667,21.614893,-1.066255,22.042999,0.168837,0.109069,0.077606,0.031463,0.0597679999999999,0.0912309999999999,0.55693,0.5264100118790679,0.0811050968715039,380.0,0,0.9101801783825846,0.9605116541755071,0.8877732144050731,0.050672121130013736,0.05024342382168688
1908.0,-0.058424,21.612399,-1.063762,22.044049,0.169893,0.111326,0.078257,0.033069,0.0585669999999999,0.091636,0.985977,0.5646257341893185,0.159589949434926,381.0,0,0.9142207235069945,1.0095400912795933,0.869933975506323,0.045051116106763045,0.05059924861946581
1909.0,-0.055274,21.613712,-1.060218,22.043392,0.169425,0.110639,0.078079,0.03256,0.0587859999999999,0.091346,0.726663,0.5538639495126475,0.1374881276556407,382.0,0,0.9113274936648251,0.9940011906033916,0.8731869258134224,0.04972552329957336,0.050382863219942196
1910.0,-0.037029,21.609249,-1.06153,22.0493,0.169085,0.109552,0.076997,0.032555,0.059533,0.092088,0.981262,0.5468303826384922,0.1230430661536896,383.0,0,0.9187301713989274,0.9938485491429182,0.8842826056280503,0.04767926172447434,0.05045773316877673
1911.0,-0.053699,21.61253,-1.062449,22.051794,0.168598,0.109389,0.077491,0.0318979999999999,0.059209,0.091107,0.580504,0.5387265664583685,0.1063999993830406,384.0,0,0.9089430732086925,0.973791461236698,0.8794700216120677,0.05385952127149585,0.049924771736396256
1912.0,-0.058424,21.609774,-1.064943,22.047987,0.16869,0.109935,0.078415,0.03152,0.058755,0.090275,0.79267,0.5364558513173123,0.1017365589903016,385.0,0,0.900642496558055,0.962251766824905,0.8727264625279441,0.0587376383994459,0.05027328064430749
1913.0,-0.056192,21.608724,-1.064287,22.049562,0.169792,0.111195,0.078378,0.032817,0.0585969999999999,0.091414,0.835103,0.560036178709171,0.15016423238929,386.0,0,0.9120059061795407,1.0018469616717292,0.8703795851374325,0.04846868857416653,0.050150718791881474
1914.0,-0.037817,21.608855,-1.060743,22.052319,0.168533,0.10847,0.076939,0.031531,0.0600629999999999,0.091594,0.971833,0.5249567128396379,0.0781204101000692,387.0,0,0.9138017040126113,0.9625875780379467,0.8921550424443165,0.04929821140864621,0.050580652039335795
1915.0,-0.052648,21.61358,-1.064155,22.051138,0.168092,0.10816,0.076855,0.031305,0.0599319999999999,0.0912369999999999,0.778526,0.5223332721539053,0.0727325659620723,388.0,0,0.9102400383103536,0.9556881840245447,0.8902092137218051,0.050306185462599795,0.051021355298270676
1916.0,-0.055011,21.61043,-1.060612,22.056388,0.169691,0.110639,0.078105,0.032534,0.059052,0.091586,0.566359,0.5509288266472492,0.1314601718453032,389.0,0,0.913721890775586,0.9932074550089295,0.877137997875928,0.048934539065896177,0.05185278268525763
1917.0,-0.050286,21.60938,-1.063762,22.058358,0.169526,0.110287,0.077795,0.0324919999999999,0.059239,0.091731,1.051984,0.5484807562457796,0.126432491275396,390.0,0,0.9151685056966706,0.9919252667409492,0.8799156312431772,0.04944650260575356,0.05179966415520707
1918.0,-0.035454,21.607411,-1.062449,22.05757,0.168965,0.10868,0.077512,0.031168,0.060285,0.091453,0.863392,0.5170022890886773,0.0617841553446889,391.0,0,0.9123949957100395,0.951505808007571,0.8954525537145283,0.04935044858130622,0.05100793895473051
1919.0,-0.048055,21.608067,-1.066387,22.062164,0.168524,0.109394,0.077475,0.031919,0.05913,0.091049,0.886966,0.539801457780183,0.1086075381083175,392.0,0,0.9083644272402587,0.9744325553706898,0.8782965829168128,0.054132555888922185,0.05197403177572178
1920.0,-0.053567,21.603605,-1.062974,22.061771,0.16903,0.110019,0.077638,0.032381,0.059011,0.091392,0.726663,0.5487189046295669,0.1269215842366129,393.0,0,0.911786419777721,0.9885366263184406,0.8765289980467451,0.055993535594343835,0.05249016263548354
1921.0,-0.053173,21.602292,-1.064287,22.065709,0.169177,0.110093,0.077869,0.032224,0.059084,0.091308,0.811529,0.5453837691461454,0.1200721097043688,394.0,0,0.9109483807889547,0.9837436844595729,0.8776133148157781,0.05332833597099029,0.05223649462331402
1922.0,-0.04963,21.602554,-1.05838,22.066496,0.168965,0.109751,0.077239,0.032512,0.059214,0.091726,1.391451,0.5490500717723549,0.1276017128016195,395.0,0,0.9151186224235298,0.9925358325828461,0.8795442898839193,0.05082038639468034,0.05286069892387949
1923.0,-0.05278,21.600192,-1.061924,22.06479,0.169167,0.11067,0.078304,0.032366,0.058497,0.090863,0.948259,0.5532838729529215,0.1362968058510707,396.0,0,0.906508769479419,0.9880787019370201,0.8688942197004024,0.05812961678407924,0.053268443513633947
1924.0,-0.059999,21.599798,-1.060612,22.066496,0.1688,0.109793,0.077837,0.031956,0.059007,0.090963,0.769096,0.5415536876355748,0.1122061486681595,397.0,0,0.907506434942236,0.9755621021781936,0.8764695834292637,0.05445952000626375,0.05323775448007273
1925.0,-0.044511,21.59796,-1.058905,22.070435,0.168212,0.108607,0.07717,0.0314369999999999,0.059605,0.091042,0.688944,0.5274133476495653,0.0831656796698556,398.0,0,0.9082945906578614,0.9597179185810419,0.885352068742713,0.04776950534090463,0.05298128352922944
1926.0,-0.043986,21.597304,-1.057855,22.072666,0.16835,0.109289,0.076966,0.0323229999999999,0.059061,0.0913839999999999,1.141566,0.5472723578612304,0.1239507648205284,399.0,0,0.9117066065406946,0.986765985376945,0.877271680765261,0.05517658207155085,0.05231809744952409
1927.0,-0.042279,21.600454,-1.062974,22.071485,0.167991,0.108544,0.076624,0.03192,0.059447,0.091367,0.806814,0.5369398465886153,0.1027305555763458,400.0,0,0.9115370034120168,0.9744630836627843,0.883005191352203,0.05352394850329811,0.0527110733219045
1928.0,-0.052911,21.59691,-1.057855,22.071616,0.168193,0.108722,0.077071,0.031651,0.059471,0.091122,0.924685,0.5322000269034166,0.0929962361213858,401.0,0,0.9090927230281151,0.9662509730893104,0.8833616790570907,0.04904355824569406,0.053085606483456595
1929.0,-0.043854,21.595073,-1.054574,22.073454,0.16869,0.108696,0.076504,0.032192,0.059994,0.092186,0.943544,0.5365780481706808,0.1019875185807674,402.0,0,0.9197078835524881,0.9827667791125425,0.8911301402927662,0.05156784638048928,0.05256766409830634
1930.0,-0.046873,21.594285,-1.061793,22.073717,0.168157,0.108444,0.07779,0.030654,0.059713,0.090367,0.891681,0.5133469538131761,0.0542770762467585,403.0,0,0.9015603487838467,0.9358142658708959,0.8869562634147072,0.04936167479729037,0.052690561185459873
1931.0,-0.032698,21.594416,-1.05733,22.078311,0.168883,0.109389,0.07726,0.032129,0.059494,0.091623,0.750237,0.5400285738297336,0.1090739736114609,404.0,0,0.9140910269968282,0.9808434967105765,0.8837033131076079,0.05725809469479437,0.053162038884686444
1932.0,-0.028891,21.594022,-1.058905,22.079624,0.168625,0.11004,0.077879,0.0321609999999999,0.058585,0.090746,0.571074,0.5489536749394053,0.127403739539196,405.0,0,0.9053415008879231,0.9818204020576038,0.8702013412849903,0.05456571801020127,0.05269517712471196
1933.0,-0.043854,21.592841,-1.060612,22.080543,0.167716,0.108696,0.077911,0.030785,0.05902,0.089805,1.02841,0.5215940089120822,0.0712143173713741,406.0,0,0.895953468882815,0.9398134721353013,0.8766626809360779,0.052950192932576745,0.05299977293256133
1934.0,-0.034798,21.592185,-1.055887,22.083431,0.168111,0.108607,0.078021,0.030586,0.059504,0.09009,0.971833,0.5140072262835055,0.0556330989607813,407.0,0,0.8987968154518435,0.9337383420084563,0.8838518496513111,0.055688490877799035,0.05334794873884498
1935.0,-0.048711,21.592579,-1.063762,22.086581,0.168193,0.108276,0.077779,0.0304969999999999,0.059917,0.090414,0.571074,0.5089789378817716,0.0453063420659995,408.0,0,0.9020292515513706,0.9310213240120251,0.8899864089062518,0.05248428233317037,0.05364491250916749
1936.0,-0.047923,21.589953,-1.055624,22.088944,0.16835,0.108286,0.077433,0.0308529999999999,0.060064,0.090917,0.740807,0.5136602014484306,0.0549204029453671,409.0,0,0.9070475088293402,0.9418893959977379,0.8921698960986882,0.050507964471805944,0.05374861134653157
1937.0,-0.042279,21.591528,-1.056412,22.089207,0.16801,0.109478,0.077743,0.031735,0.0585319999999999,0.0902669999999999,0.637081,0.5421727914168077,0.1134776219271771,410.0,0,0.9005626833210286,0.9688153496252652,0.869414097603362,0.05656990658179184,0.05334166264288988
1938.0,-0.034535,21.590347,-1.055099,22.088157,0.168947,0.109568,0.078016,0.031552,0.059379,0.090931,0.721948,0.5313573593802625,0.0912656228471473,411.0,0,0.9071871819941345,0.9632286721719352,0.8819951428550216,0.05252531630853052,0.05327379639643631
1939.0,-0.040573,21.592054,-1.059562,22.092751,0.168019,0.108465,0.078052,0.030413,0.0595539999999999,0.089967,0.849248,0.510670808496348,0.0487809909202958,412.0,0,0.8975696869325787,0.9284569474760734,0.8845945323698254,0.054537484083714394,0.05370812706492718
1940.0,-0.041229,21.597041,-1.058512,22.095508,0.167661,0.109011,0.07863,0.0303809999999999,0.05865,0.089031,1.099133,0.5179962830983271,0.063825552669668,413.0,0,0.8882315382006114,0.92748004212904,0.8711668288190608,0.050398663170931224,0.05356915206224143
1941.0,-0.03086,21.594679,-1.058118,22.10194,0.168405,0.109331,0.077659,0.0316719999999999,0.059074,0.090746,0.726663,0.536132035548032,0.1010715281764562,414.0,0,0.9053415008879231,0.9668920672232961,0.877464778272075,0.05318860765837741,0.0533279723970135
1942.0,-0.033617,21.593104,-1.056937,22.099709,0.168028,0.108612,0.077821,0.030791,0.059416,0.090207,0.91054,0.5182186916202433,0.0642823201725748,415.0,0,0.8999640840433394,0.9399966418878696,0.8825447280667232,0.05388705554566564,0.05327557668820421
1943.0,-0.040048,21.597304,-1.056805,22.100628,0.168644,0.10973,0.07789,0.0318399999999999,0.0589139999999999,0.0907539999999999,0.670085,0.5404396163965034,0.1099181448922839,416.0,0,0.9054213141249475,0.9720208202952056,0.8750881935728229,0.05729349961748542,0.05241041601821304
1944.0,-0.045823,21.59691,-1.055493,22.103909,0.168543,0.109373,0.077522,0.031851,0.05917,0.091021,0.985977,0.5382873367021007,0.1054979391686012,417.0,0,0.90808508091067,0.9723566315082501,0.8788907290916254,0.05429874085094155,0.05259718342539564
1945.0,-0.041754,21.592841,-1.062318,22.107585,0.169066,0.10951,0.078394,0.0311159999999999,0.059556,0.0906719999999999,0.754952,0.5224574777104285,0.0729876508905249,418.0,0,0.9046032284454376,0.9499183368186436,0.8846242396785675,0.050072485680891066,0.0522954457005622
1946.0,-0.033092,21.591266,-1.057068,22.107322,0.168974,0.109389,0.078404,0.030985,0.059585,0.09057,0.905825,0.5200046990903903,0.0679503009013875,419.0,0,0.9035856096733651,0.945919130554241,0.8850549956553067,0.049984007383713,0.05268964877373026
1947.0,-0.019179,21.595204,-1.055755,22.112967,0.169177,0.109132,0.077191,0.031941,0.0600449999999999,0.091986,0.877537,0.5319421776637914,0.0924666828817195,420.0,0,0.917712552626854,0.975104177796773,0.8918876766656507,0.04791829988188012,0.05294669267082471
1948.0,-0.028629,21.591397,-1.059693,22.114017,0.169856,0.109237,0.077953,0.031284,0.060619,0.091903,0.769096,0.5160673045199604,0.0598639475980165,421.0,0,0.9168844902927159,0.955047089890556,0.9004136742742139,0.05439299038035661,0.05411534997880372
1949.0,-0.036767,21.593235,-1.054705,22.114017,0.168386,0.108134,0.077543,0.0305909999999999,0.060252,0.090843,1.056699,0.5077091597098897,0.0426985579765262,422.0,0,0.9063092363868556,0.9338909834689267,0.8949623831203078,0.05152010683538,0.05389004130817128
1950.0,-0.033223,21.594416,-1.055493,22.114149,0.169232,0.108397,0.077218,0.031179,0.060835,0.092014,0.453204,0.5125090406995857,0.0525562272556756,423.0,0,0.9179918989564427,0.9518416192206126,0.9036220636182023,0.05434069390261176,0.052494711896313176
1951.0,-0.042017,21.591266,-1.059693,22.117693,0.169526,0.109772,0.077433,0.0323389999999999,0.059754,0.092093,0.66537,0.5411932055894901,0.1114658151475989,424.0,0,0.9187800546720681,0.9872544380504603,0.8875652632438902,0.05575904662932196,0.05261626599224191
1952.0,-0.038867,21.595204,-1.058774,22.117693,0.169856,0.108696,0.076829,0.031867,0.06116,0.093027,1.018981,0.5210346462615065,0.0700655363852789,425.0,0,0.9280982500947791,0.9728450841817654,0.9084495012885552,0.06557362862545568,0.0522130629239624
1953.0,-0.041886,21.593891,-1.054705,22.117956,0.170095,0.109373,0.077412,0.031961,0.060722,0.092683,0.6748,0.5263409251848559,0.0809632113154674,426.0,0,0.9246662809026885,0.9757147436386672,0.9019436006743565,0.05504041291116102,0.053388031967032325
1954.0,-0.026266,21.593104,-1.055887,22.117168,0.168616,0.107693,0.078084,0.0296089999999999,0.0609229999999999,0.0905319999999999,0.938829,0.485998949510866,0.0018883958629994,427.0,0,0.9032064967974938,0.9039122006319326,0.9049291852027886,0.04034544673236051,0.05284603905087585
1955.0,-0.023641,21.590872,-1.048012,22.116774,0.16902,0.108612,0.078094,0.030518,0.060408,0.090926,0.787955,0.5051896240626397,0.037524106943066,428.0,0,0.9071372987209938,0.9316624181460168,0.8972795532020772,0.0512880266401784,0.05272882952245086
1956.0,-0.042148,21.58956,-1.055887,22.116249,0.170068,0.11004,0.078215,0.0318249999999999,0.060028,0.0918529999999999,0.731378,0.5301604224624763,0.0888074351735632,429.0,0,0.9163856575613063,0.9715628959137851,0.8916351645413568,0.045951976700917885,0.0522869186896245
1957.0,-0.038736,21.587984,-1.054049,22.112573,0.169369,0.108276,0.077527,0.030749,0.0610929999999999,0.091842,0.608793,0.5033063803319475,0.0336564289924985,430.0,0,0.9162759143603975,0.9387144536198921,0.9074543064457424,0.05966799031257941,0.051592427661109705
1958.0,-0.030598,21.592841,-1.056412,22.11323,0.169039,0.108649,0.078268,0.0303809999999999,0.06039,0.0907709999999999,0.905825,0.5030716497491347,0.0331743552785797,431.0,0,0.9055909172536263,0.92748004212904,0.8970121874234115,0.04897306121879186,0.04998458804364081
1959.0,-0.032304,21.589428,-1.055099,22.11218,0.168965,0.108449,0.078,0.030449,0.060516,0.090965,0.820959,0.5031478758034933,0.0333309031671493,432.0,0,0.9075263882514923,0.9295559659914826,0.8988837478740713,0.05034801155113011,0.05003926214329017
1960.0,-0.035585,21.588116,-1.054837,22.114017,0.169866,0.110418,0.078646,0.031772,0.0594479999999999,0.09122,0.594648,0.5344412858080038,0.0975991812981094,433.0,0,0.9100704351816756,0.969944896432769,0.8830200450065718,0.049921585574348115,0.05096201689894303
1961.0,-0.029285,21.592447,-1.050505,22.111129,0.169856,0.110135,0.078961,0.0311739999999999,0.059721,0.090895,1.094418,0.5219851980844578,0.0720177151004304,434.0,0,0.9068280224275205,0.9516889777601362,0.8870750926496698,0.048814136344174086,0.052524824568749406
1962.0,-0.032829,21.59376,-1.053787,22.11638,0.170545,0.109951,0.078205,0.0317459999999999,0.060594,0.09234,0.825674,0.5239046125917979,0.0759596781331761,435.0,0,0.9212442883652263,0.9691511608383038,0.9000423329149561,0.0494952324507667,0.05426993960527624
1963.0,-0.029154,21.594679,-1.05313,22.111392,0.169866,0.109421,0.077984,0.031437,0.0604449999999999,0.0918819999999999,0.608793,0.5200840419548028,0.0681132498825642,436.0,0,0.9166749805455233,0.9597179185810449,0.8978291384137774,0.055587153907654674,0.0548537448377189
1964.0,-0.034929,21.598092,-1.054312,22.114674,0.169599,0.109667,0.078257,0.03141,0.059932,0.091342,0.340048,0.5240852285051643,0.0763306148177189,437.0,0,0.9112875870463125,0.9588936546944881,0.8902092137218065,0.04957299428888906,0.05477564659446911
1965.0,-0.041754,21.597698,-1.052737,22.111392,0.169755,0.108549,0.077722,0.030827,0.0612059999999999,0.0920329999999999,0.868107,0.5036515431241527,0.0343653008708495,438.0,0,0.9181814553943771,0.9410956604032787,0.9091327693895882,0.06691610333824216,0.05481452560979407
1966.0,-0.034142,21.597435,-1.051818,22.110604,0.169728,0.108638,0.077669,0.0309689999999999,0.0610899999999999,0.0920589999999999,1.04727,0.5069322813507718,0.0411030580150162,439.0,0,0.9184408484147095,0.9454306778807229,0.9074097454826315,0.06340312706618623,0.05497017477027212
1967.0,-0.032042,21.599798,-1.051162,22.109948,0.169829,0.108691,0.077485,0.0312059999999999,0.061138,0.092344,0.971833,0.5104107034789577,0.0482468049176041,440.0,0,0.9212841949837388,0.9526658831071665,0.9081227208924082,0.06550604263700599,0.05517633103807218
1968.0,-0.034667,21.601636,-1.056937,22.110998,0.16948,0.109253,0.077837,0.031416,0.0602269999999999,0.0916429999999999,0.8021,0.5216178521617852,0.0712632850167422,441.0,0,0.9142905600893907,0.9590768244470562,0.8945910417610484,0.048192078786293946,0.05522940877920205
1969.0,-0.02876,21.602029,-1.04998,22.108635,0.169737,0.109526,0.07852,0.0310059999999999,0.060211,0.0912169999999999,0.660655,0.5149471866073206,0.057563525575021,442.0,0,0.9100405052177902,0.9465602246882268,0.8943533832911248,0.050736801704379775,0.054397879283194894
1970.0,-0.021672,21.597566,-1.051818,22.103253,0.170031,0.109951,0.079013,0.0309379999999999,0.0600799999999999,0.0910179999999999,0.679515,0.5149381668081423,0.0575450013246374,443.0,0,0.9080551509467845,0.9444843008257872,0.8924075545686119,0.051478077179128556,0.05458957520834915
1971.0,-0.018522,21.603211,-1.053918,22.109948,0.169719,0.109646,0.07853,0.0311159999999999,0.060073,0.091189,0.745522,0.5179611812098409,0.0637534627973328,444.0,0,0.9097611588882025,0.9499183368186436,0.8923035789880212,0.0508756990221747,0.052855522524757094
1972.0,-0.019704,21.606624,-1.053262,22.109029,0.169976,0.110192,0.078551,0.031641,0.0597839999999999,0.0914249999999999,1.15571,0.5292464665049763,0.0869304145590763,445.0,0,0.9121156493804495,0.9659456901683636,0.8880108728749982,0.0500260098620654,0.051218847646440566
1973.0,-0.039129,21.610824,-1.057855,22.106141,0.170022,0.110045,0.078436,0.031609,0.059977,0.091586,0.995407,0.5270099036313314,0.0823371137714641,446.0,0,0.913721890775586,0.9649687848213331,0.8908776281684708,0.04727185894758312,0.049686222437515325
1974.0,-0.039129,21.60833,-1.058512,22.107848,0.170279,0.110476,0.078751,0.031725,0.059803,0.091528,0.707803,0.5304829108420841,0.0894697398847357,447.0,0,0.9131432448071521,0.9685100667043183,0.8882930923080358,0.05148995354043162,0.05060764448624842
1975.0,-0.034404,21.615024,-1.056674,22.112048,0.170123,0.110728,0.07894,0.031788,0.059395,0.091183,1.193429,0.5351875547174894,0.0991318176528051,448.0,0,0.9097012989604334,0.9704333491062841,0.8822328013249466,0.04957557650232158,0.05044356029465884
1976.0,-0.02981,21.613318,-1.052474,22.110473,0.169663,0.109295,0.07894,0.030355,0.060368,0.090723,0.797385,0.5028242972386491,0.0326663595076495,449.0,0,0.9051120378314752,0.926686306534581,0.8966854070272645,0.047036378283020985,0.05025260055527529
1977.0,-0.029548,21.61358,-1.049193,22.108373,0.169709,0.109625,0.078199,0.0314259999999999,0.060084,0.09151,0.740807,0.523025713572439,0.0741546550750613,450.0,0,0.912963665023845,0.9593821073680002,0.8924669691860946,0.05017979054775357,0.05047031477777254
1978.0,-0.032435,21.61043,-1.054968,22.108635,0.169755,0.108586,0.078619,0.029967,0.0611689999999999,0.091136,0.641796,0.4898970083374205,0.006117172363657,451.0,0,0.9092323961929094,0.9148413292018378,0.9085831841778865,0.05740629927362484,0.050444326267790426
1979.0,-0.02456,21.611874,-1.053262,22.105616,0.169516,0.109783,0.07853,0.031253,0.0597329999999999,0.090986,0.660655,0.5232028660394417,0.0745184787689083,452.0,0,0.9077358979986839,0.9541007128356205,0.887253336502112,0.04909595978848402,0.05048414152497458
1980.0,-0.026004,21.612005,-1.054443,22.106666,0.169654,0.109625,0.07843,0.031195,0.060029,0.091224,0.853963,0.5196568382475429,0.0672358879500423,453.0,0,0.9101103418001885,0.9523300718941279,0.8916500181957272,0.04956847978529311,0.049808305789988204
1981.0,-0.027841,21.608592,-1.05208,22.10194,0.17004,0.110108,0.078089,0.0320189999999999,0.059932,0.0919509999999999,0.91054,0.5342465753424657,0.0971992981804688,454.0,0,0.917363369714867,0.9774853845801567,0.8902092137218065,0.05305284124714715,0.05019538754292967
1982.0,-0.021147,21.614105,-1.050243,22.104566,0.17015,0.110203,0.079207,0.0309959999999999,0.059947,0.090943,0.934114,0.5170481083605791,0.0618782558505117,455.0,0,0.9073069018496726,0.9462549417672798,0.8904320185373613,0.04976612476224429,0.050329385931173344
1983.0,-0.019441,21.614762,-1.050243,22.10601,0.170564,0.110119,0.078252,0.0318669999999999,0.060445,0.0923119999999999,0.632367,0.5271978294676238,0.0827230630787814,456.0,0,0.9209649420356364,0.9728450841817624,0.8978291384137789,0.04767001151942463,0.04997825124324125
1984.0,-0.028235,21.613318,-1.049849,22.106404,0.169967,0.109893,0.078178,0.031715,0.060074,0.091789,0.509782,0.5279234290470246,0.0842132501684567,457.0,0,0.9157471516651045,0.9682047837833713,0.8923184326423915,0.04473159619056788,0.0487579953598268
1985.0,-0.037948,21.610561,-1.054837,22.10299,0.170729,0.111153,0.078787,0.032366,0.0595759999999999,0.091942,0.660655,0.5432633398794838,0.1157173162239781,458.0,0,0.9172735798232144,0.9880787019370201,0.8849213127659724,0.05344639403173623,0.049047741141096834
1986.0,-0.021541,21.61148,-1.048405,22.105747,0.169866,0.109646,0.078772,0.030874,0.0602199999999999,0.091094,0.967118,0.5126783015891466,0.052903843764245,459.0,0,0.9088133766985262,0.9425304901317295,0.8944870661804561,0.04837636216545771,0.04897230679698493
1987.0,-0.014322,21.608724,-1.052999,22.106272,0.169397,0.108869,0.078693,0.0301759999999999,0.060528,0.0907039999999999,0.703089,0.4985378909283152,0.0238632296187966,460.0,0,0.9049224813935389,0.9212217422496268,0.8990619917265151,0.04666844366843259,0.04876354855685485
1988.0,-0.014716,21.613843,-1.049455,22.104697,0.169057,0.108896,0.078614,0.030282,0.060161,0.090443,1.014266,0.5033409793557395,0.0337274861155096,461.0,0,0.9023185745355875,0.9244577412116679,0.8936107005726089,0.04520374043948039,0.049042157705599554
1989.0,-0.02456,21.611349,-1.049324,22.102859,0.169222,0.108943,0.078262,0.030681,0.060279,0.09096,0.91054,0.5089747843397477,0.0452978118037501,462.0,0,0.9074765049783515,0.9366385297574527,0.8953634317883064,0.051993417601184366,0.04923977667762969
1990.0,-0.015372,21.606361,-1.047618,22.099446,0.169847,0.109988,0.078735,0.031253,0.0598589999999999,0.091112,0.830388,0.5221015703307719,0.0722567125088868,463.0,0,0.9089929564818333,0.9541007128356205,0.889124896952772,0.048814136344174086,0.050442805071901776
1991.0,-0.017079,21.606492,-1.053393,22.096427,0.169618,0.108791,0.078714,0.0300769999999999,0.0608269999999999,0.0909039999999999,1.094418,0.4944597882554086,0.0154878995799419,464.0,0,0.906917812319173,0.9181994413322515,0.9035032343832383,0.05096525884584635,0.050020847304446725
1992.0,-0.036373,21.605311,-1.050505,22.092882,0.17015,0.111253,0.080027,0.031226,0.0588969999999999,0.090123,0.882251,0.5301708037624369,0.088828755581698,465.0,0,0.899126045054573,0.9532764489490635,0.8748356814485275,0.05255221624969131,0.05038920269540287
1993.0,-0.019966,21.602161,-1.050243,22.096952,0.170702,0.111095,0.079712,0.0313829999999999,0.0596069999999999,0.0909899999999999,0.684229,0.5264897329217554,0.0812688225295128,466.0,0,0.9077758046171956,0.9580693908079281,0.8853817760514522,0.04964620123972596,0.05091923231645258
1994.0,-0.027316,21.603998,-1.05208,22.093408,0.170858,0.110135,0.078861,0.0312739999999999,0.060723,0.091997,1.014266,0.5150187734668333,0.0577105458005899,467.0,0,0.9178222958277639,0.954741806969606,0.9019584543287269,0.056761880133288756,0.05198125215298329
1995.0,-0.021935,21.603473,-1.04893,22.088813,0.169856,0.109646,0.078535,0.031111,0.06021,0.091321,0.764381,0.5166996063842154,0.0611625261827348,468.0,0,0.9110780772991209,0.9497656953581731,0.8943385296367545,0.04922681635718573,0.05203033862618189
1996.0,-0.023248,21.600848,-1.05523,22.082118,0.169691,0.109305,0.078824,0.0304809999999999,0.060386,0.090867,0.721948,0.5047609584844418,0.0366437427193901,469.0,0,0.9065486760979318,0.9305328713385099,0.8969527728059302,0.05205991607501914,0.05208742951038291
1997.0,-0.024166,21.603079,-1.04683,22.084481,0.169719,0.109368,0.07821,0.031158,0.060351,0.091509,0.990692,0.5162712089077414,0.0602827125681537,470.0,0,0.9129536883692169,0.951200525086624,0.8964328949029692,0.05196873987892969,0.0519294081444167
1998.0,-0.027316,21.596648,-1.049193,22.083168,0.169636,0.109006,0.078336,0.03067,0.06063,0.0913,0.943544,0.5058468440236843,0.0388738606210303,471.0,0,0.9108685675519294,0.9363027185444109,0.9005770644722875,0.05582393880478753,0.05123887431205034
1999.0,-0.020491,21.593629,-1.048668,22.080411,0.16948,0.109557,0.079055,0.030502,0.0599229999999999,0.0904249999999999,0.830388,0.509011414458314,0.045373040251134,472.0,0,0.9021389947522794,0.9311739654725016,0.8900755308324722,0.05248428233317037,0.05095191193824063
2000.0,-0.015766,21.594154,-1.052212,22.084218,0.170095,0.11025,0.079181,0.031069,0.0598449999999999,0.090914,0.929399,0.5191491494836747,0.0661932312796589,473.0,0,0.9070175788654556,0.9484835070901958,0.8889169457915875,0.04938504518618425,0.05023302335380066
2001.0,-0.02246,21.596779,-1.048012,22.081724,0.169645,0.109673,0.078577,0.031096,0.0599719999999999,0.091068,0.905825,0.5184999916629153,0.0648600350773451,474.0,0,0.9085539836781938,0.9493077709767527,0.8908033598966177,0.04938504518618425,0.05049596443638649
2002.0,-0.019835,21.59481,-1.051818,22.078967,0.169709,0.10983,0.079743,0.030087,0.059879,0.089966,0.877537,0.5024549098196393,0.0319077367375653,475.0,0,0.8975597102779505,0.9185047242532016,0.8894219700401798,0.04564687792602773,0.05165035236986184
2003.0,-0.015897,21.594022,-1.048274,22.076211,0.16982,0.109457,0.079165,0.030292,0.060363,0.090655,0.509782,0.5018222781790471,0.0306084808806241,476.0,0,0.9044336253167596,0.9247630241326149,0.8966111387554129,0.04677657750162878,0.051066715084311064
2004.0,-0.021541,21.590347,-1.049324,22.07713,0.169976,0.110103,0.078667,0.031436,0.0598729999999999,0.0913089999999999,0.500352,0.5250359087416911,0.0782830572599426,477.0,0,0.9109583574435819,0.9596873902889502,0.8893328481139563,0.04957299428888906,0.050385711106022954
2005.0,-0.016947,21.587984,-1.051162,22.076079,0.170472,0.110476,0.079885,0.030591,0.059996,0.090587,0.952974,0.5098754937746888,0.0471476276107083,478.0,0,0.9037552128020441,0.9338909834689298,0.8911598476015068,0.05185622718304406,0.0502821198972351
2006.0,-0.020229,21.583915,-1.049324,22.070435,0.169893,0.108533,0.078331,0.030202,0.0613599999999999,0.0915619999999999,0.754952,0.4922018871921907,0.0108507758691616,479.0,0,0.9134824510645089,0.922015477844092,0.9114202321626169,0.06360379540977268,0.05039441182579727
2007.0,-0.010778,21.587459,-1.052999,22.072929,0.170205,0.110266,0.079512,0.030754,0.0599389999999999,0.090693,1.02841,0.5130797464130799,0.0537283038532878,480.0,0,0.9048127381926301,0.9388670950803657,0.8903131893023973,0.04613236702342194,0.0505031360984486
2008.0,-0.017735,21.587066,-1.04788,22.072273,0.168947,0.108433,0.078058,0.030375,0.060514,0.090889,0.962403,0.5019416673552011,0.0308536742544938,481.0,0,0.9067681624997515,0.9272968723764748,0.8988540405653307,0.04901389902190645,0.05089574773473473
2009.0,-0.020491,21.588116,-1.047618,22.073191,0.170058,0.110166,0.079239,0.0309269999999999,0.0598919999999999,0.0908189999999999,0.825674,0.5163708613694422,0.0604873720195877,482.0,0,0.9060697966757785,0.9441484896127456,0.8896150675469924,0.05144837024529181,0.05059980750488581
2010.0,-0.017735,21.589953,-1.053655,22.07306,0.170233,0.110156,0.079265,0.030891,0.0600769999999999,0.090968,0.976548,0.5141815639668432,0.0559911418432874,483.0,0,0.9075563182153767,0.9430494710973394,0.892362993605501,0.050507964471805944,0.049790330091832244
2011.0,-0.021804,21.588247,-1.048405,22.075686,0.169976,0.110145,0.079475,0.03067,0.0598309999999999,0.0905009999999999,0.627652,0.5126019521326383,0.0527470424407292,484.0,0,0.9028972205040204,0.9363027185444109,0.8887089946304031,0.05047228791269753,0.049877129000238975
2012.0,-0.015372,21.595335,-1.047618,22.078049,0.170573,0.110639,0.079213,0.0314259999999999,0.059934,0.09136,0.490922,0.5243346959205806,0.076842954036624,485.0,0,0.9114671668296195,0.9593821073680002,0.8902389210305471,0.04957299428888906,0.04877640967367475
2013.0,-0.014585,21.590741,-1.04998,22.077917,0.169709,0.109426,0.079097,0.0303289999999999,0.060283,0.090612,0.952974,0.5031019839426712,0.0332366535831367,486.0,0,0.9040046291677483,0.9258925709401157,0.8954228464057876,0.04381717520313955,0.048580140885312116
2014.0,-0.001722,21.590347,-1.047749,22.079886,0.170141,0.109447,0.079953,0.029494,0.0606939999999999,0.0901879999999999,0.688944,0.485937886152072,0.0020138036381833,487.0,0,0.8997745276054031,0.9004014470410453,0.9015276983519862,0.04147822015835345,0.04874573028341087
2015.0,-0.016816,21.590872,-1.04578,22.075686,0.170748,0.110329,0.079622,0.0307069999999999,0.060419,0.091126,0.868107,0.5082257530618999,0.0437595022846988,488.0,0,0.9091326296466278,0.9374322653519118,0.8974429434001506,0.052724216267111323,0.048172494772279195
2016.0,-0.020229,21.592579,-1.045255,22.076211,0.169967,0.110166,0.079664,0.030502,0.059801,0.090303,0.750237,0.5100498311093274,0.0475056697770799,489.0,0,0.9009218428876437,0.9311739654725016,0.888263384999295,0.05259660214413042,0.048003763611494756
2017.0,-0.039786,21.594154,-1.046043,22.082512,0.169765,0.109641,0.079764,0.029877,0.060124,0.090001,0.905825,0.4969147609147609,0.0205297555378707,490.0,0,0.8979088931899364,0.9120937829133149,0.8930611153609073,0.04416967913979564,0.04818991104371545
2018.0,-0.027973,21.597304,-1.046043,22.080805,0.169838,0.109022,0.078877,0.0301449999999999,0.0608159999999999,0.0909609999999999,0.561644,0.4956673298584276,0.017967866435147,491.0,0,0.9074864816329787,0.9202753651946911,0.9033398441851648,0.05066979300289398,0.0486398585493239
2019.0,-0.019966,21.596123,-1.045387,22.081593,0.170132,0.109662,0.079402,0.0302599999999999,0.06047,0.09073,1.023696,0.5004051528832001,0.0276980852846573,492.0,0,0.9051818744138724,0.9237861187855815,0.8982004797730369,0.04571601513397505,0.04937852552590845
2020.0,-0.01406,21.594285,-1.049587,22.078574,0.170582,0.110733,0.079397,0.031336,0.059849,0.091185,0.693659,0.5235756056808688,0.0752839861055081,493.0,0,0.9097212522696898,0.9566345610794804,0.8889763604090702,0.04882065286396153,0.05041632622837751
2021.0,-0.028498,21.593235,-1.050899,22.078049,0.170224,0.109604,0.079039,0.0305649999999999,0.0606199999999999,0.0911849999999999,0.745522,0.504198215139968,0.0354880186939874,494.0,0,0.9097212522696888,0.9330972478744646,0.9004285279285829,0.05233376223490449,0.050753500418762
2022.0,-0.018391,21.593366,-1.050374,22.080149,0.17061,0.110129,0.079559,0.03057,0.060481,0.091051,0.849248,0.5054396349327072,0.0380375622721895,495.0,0,0.9083843805495151,0.9332498893349411,0.8983638699711103,0.05407246934497356,0.05050472091329215
2023.0,-0.021279,21.592841,-1.045649,22.079624,0.170362,0.110429,0.079549,0.03088,0.059933,0.090813,0.6748,0.5152334234324423,0.0581513793079824,496.0,0,0.9060099367480106,0.9427136598842978,0.8902240673761769,0.051203844968985,0.05190414191911047
2024.0,-0.022066,21.591922,-1.049062,22.080411,0.170343,0.110334,0.079738,0.0305959999999999,0.0600089999999999,0.0906049999999999,0.976548,0.5098483586068989,0.0470918992477593,497.0,0,0.90393479258535,0.9340436249294003,0.8913529451083194,0.05185622718304406,0.051786080440264795
2025.0,-0.017604,21.589428,-1.042762,22.078442,0.170316,0.111095,0.080405,0.0306899999999999,0.0592209999999999,0.0899109999999999,0.750237,0.5182195805612778,0.0642841458192411,498.0,0,0.8970109942734,0.936913284386302,0.87964826546451,0.05609595817095625,0.05258118378442993
2026.0,-0.016291,21.592054,-1.048405,22.076998,0.170775,0.11046,0.079334,0.031126,0.060315,0.091441,0.688944,0.5160488096027588,0.0598259639943583,499.0,0,0.9122752758545013,0.9502236197395937,0.8958981633456378,0.050108807089431995,0.05289277872932171
2027.0,-0.004478,21.589297,-1.044468,22.072798,0.171455,0.110786,0.079916,0.0308699999999999,0.060669,0.091539,0.66537,0.5088181968023734,0.0449762229643628,500.0,0,0.913252988008062,0.9424083769633478,0.9011563569927298,0.05816388919797877,0.05284378859257114
2028.0,-0.01406,21.59061,-1.04683,22.073848,0.170224,0.109531,0.079307,0.030224,0.0606929999999999,0.0909169999999999,0.552215,0.4979734405377798,0.0227039997782381,501.0,0,0.9070475088293392,0.9226871002701754,0.9015128446976158,0.04948917821443721,0.052366306012089504
2029.0,-0.019179,21.588116,-1.045387,22.068728,0.17038,0.109793,0.079013,0.03078,0.060587,0.091367,0.78324,0.5080213903743316,0.0433397960896138,502.0,0,0.9115370034120168,0.9396608306748279,0.8999383573343639,0.05366704857562643,0.05219483933663473
2030.0,-0.021016,21.582603,-1.044205,22.07411,0.170582,0.110576,0.080058,0.0305179999999999,0.060006,0.090524,0.745522,0.5085739997000347,0.0444747075561791,503.0,0,0.9031266835604693,0.9316624181460137,0.8913083841452099,0.05193660231287933,0.05282260942467913
2031.0,-0.009072,21.584309,-1.049718,22.076473,0.170454,0.110649,0.0801,0.0305489999999999,0.059805,0.0903539999999999,0.750237,0.5108015918135304,0.049049584806432,504.0,0,0.9014306522736795,0.9326087952009494,0.8883227996167763,0.05184386086739878,0.05198192585299284
2032.0,-0.006316,21.584309,-1.040793,22.075292,0.17027,0.1094,0.07947,0.02993,0.06087,0.0908,0.736092,0.4916955528905389,0.0098109009012015,505.0,0,0.9058802402378443,0.9137117823943339,0.9041419415211633,0.0492976435401572,0.05172073538257301
2033.0,-0.020491,21.582603,-1.046437,22.074898,0.17004,0.109342,0.07915,0.0301919999999999,0.060698,0.09089,1.259436,0.4974052290812039,0.021537045715924,506.0,0,0.9067781391543795,0.9217101949231419,0.901587112969469,0.04948917821443721,0.04979913769089298
2034.0,-0.001328,21.583915,-1.044468,22.076079,0.170371,0.108985,0.079176,0.029809,0.0613859999999999,0.091195,0.778526,0.4855914118624465,0.0027253689807801,507.0,0,0.9098210188159714,0.9100178590508753,0.9118064271762452,0.05813392806348816,0.0500638847092594
2035.0,-0.005791,21.581553,-1.041843,22.071616,0.169948,0.109337,0.079081,0.030256,0.0606109999999999,0.0908669999999999,0.585218,0.4991750808420777,0.0251718469473019,508.0,0,0.9065486760979308,0.9236640056172057,0.90029484503925,0.04768912245409329,0.04948363072968408
2036.0,-0.005134,21.57709,-1.042368,22.075948,0.169094,0.108628,0.07853,0.030098,0.0604659999999999,0.0905639999999999,1.287725,0.4977591082739346,0.0222638187451305,509.0,0,0.9035257497455951,0.9188405354662433,0.898141065155554,0.04749690238523374,0.05135995988168738
2037.0,-0.014191,21.579059,-1.043418,22.078311,0.169535,0.10867,0.079045,0.029625,0.0608649999999999,0.0904899999999999,0.957688,0.4867249367462952,0.0003974126317261,510.0,0,0.9027874773031106,0.9044006533054507,0.9040676732493103,0.03894791228117844,0.052545499214385005
2038.0,-0.011303,21.583128,-1.04263,22.078311,0.169856,0.108806,0.079418,0.0293879999999999,0.06105,0.090438,1.056699,0.4813680365595976,0.0113990500713292,511.0,0,0.9022686912624468,0.8971654480790041,0.9068155993078203,0.05213664839810139,0.05483861373952596
2039.0,0.001035,21.586278,-1.043287,22.080018,0.169048,0.108412,0.079397,0.029015,0.060636,0.089651,1.122707,0.4785032241040947,0.0172826071415481,512.0,0,0.8944170640700768,0.8857783951276845,0.9006661863985094,0.04786450877987325,0.054128370524420114
2040.0,-0.011172,21.587591,-1.046568,22.08435,0.170013,0.108019,0.078756,0.0292629999999999,0.0619939999999999,0.0912569999999999,0.721948,0.4720219372530043,0.030593433476306,513.0,0,0.910439571402917,0.8933494115671669,0.9208374490333977,0.07069989383291231,0.053432127172536016
2041.0,-0.009991,21.589297,-1.045255,22.08133,0.170141,0.108617,0.078966,0.029651,0.0615239999999999,0.0911749999999999,0.915255,0.481934173100366,0.0102363573300472,514.0,0,0.9096214857234071,0.905194388899913,0.9138562314793488,0.06369925419437505,0.054726671132435255
2042.0,-0.004609,21.587853,-1.043024,22.083299,0.16981,0.108092,0.079118,0.028974,0.0617179999999999,0.090692,0.764381,0.4694502503280999,0.0358749892585517,515.0,0,0.9048027615380019,0.8845267351518019,0.9167378404271902,0.0722287887915668,0.05525413979598272
2043.0,-0.007497,21.592972,-1.042762,22.082118,0.170058,0.109573,0.079927,0.029646,0.0604849999999999,0.0901309999999999,0.976548,0.4901299474258508,0.0065955668281993,516.0,0,0.8992058582915976,0.9050417474394394,0.89842328458859,0.042386746063378666,0.05546451450960711
2044.0,-0.011041,21.595204,-1.04788,22.081987,0.171216,0.110602,0.080074,0.030528,0.060614,0.091142,0.745522,0.5036377134372679,0.0343368984000722,517.0,0,0.9092922561206784,0.9319677010669638,0.9003394060023624,0.0511714945446472,0.054021239558798326
2045.0,-0.004741,21.600323,-1.042762,22.086581,0.170518,0.109158,0.079607,0.029551,0.06136,0.090911,0.891681,0.4815925424944184,0.0109379750443815,518.0,0,0.9069876489015712,0.9021415596904431,0.9114202321626184,0.060634562053085705,0.05359003110500573
2046.0,0.009041,21.605048,-1.041055,22.08645,0.170334,0.109237,0.07978,0.0294569999999999,0.061097,0.090554,0.613507,0.4821270745359912,0.0098401894750633,519.0,0,0.9034259831993144,0.8992719002335383,0.9075137210632251,0.05277158902070833,0.05172117713343383
2047.0,-0.01196,21.605573,-1.044205,22.085531,0.170509,0.109967,0.080258,0.029709,0.060542,0.090251,0.490922,0.490709082800654,0.0077849556911571,520.0,0,0.9004030568469789,0.9069650298414055,0.8992699428876996,0.04105165941742239,0.05030436095067151
2048.0,-0.005397,21.607542,-1.043549,22.085006,0.170068,0.110318,0.080531,0.0297869999999999,0.05975,0.0895369999999999,0.589933,0.4985188532409498,0.0238241313106737,521.0,0,0.8932797254424644,0.909346236624789,0.8875058486264089,0.037703898890013576,0.048996442895039585
2049.0,-0.005397,21.607017,-1.04158,22.087238,0.170536,0.110507,0.080662,0.0298449999999999,0.060029,0.089874,0.693659,0.4971680826253539,0.0210500104461934,522.0,0,0.8966418580521588,0.9111168775662815,0.8916500181957272,0.043552424241947274,0.049330841601035215
2050.0,-0.014453,21.610036,-1.03948,22.085137,0.170472,0.110555,0.080142,0.0304129999999999,0.059917,0.09033,1.000122,0.5075770219299708,0.0424271823868984,523.0,0,0.9011912125626043,0.9284569474760703,0.8899864089062518,0.052011354117193265,0.048352814055105955
2051.0,-0.002772,21.612793,-1.047487,22.091307,0.170555,0.109788,0.080478,0.02931,0.060767,0.090077,0.971833,0.4823262243285939,0.0094311891692843,524.0,0,0.8986671189416774,0.8947842412956206,0.9026120151210208,0.049531092366751905,0.046139446070957525
2052.0,-0.001722,21.616862,-1.040399,22.087369,0.170068,0.108917,0.079859,0.029058,0.061151,0.090209,0.679515,0.4751766091051805,0.0241145828819364,525.0,0,0.8999840373525957,0.8870911116877567,0.9083158183992223,0.05914960823524751,0.04586619367862264
2053.0,-0.003166,21.617912,-1.038562,22.08645,0.169719,0.109127,0.079901,0.029226,0.060592,0.089818,0.566359,0.4823329427491624,0.009417391333841,526.0,0,0.8960831653929812,0.892219864759666,0.9000126256062154,0.04573073312333498,0.04613180513173065
2054.0,-0.001984,21.622244,-1.040662,22.088025,0.170307,0.10931,0.079664,0.029646,0.0609969999999999,0.0906429999999999,0.773811,0.486015934948687,0.0018535123254783,527.0,0,0.9043139054612206,0.9050417474394394,0.9060283556261921,0.04139121908535459,0.04640128223971538
2055.0,-0.004084,21.621062,-1.038824,22.090257,0.170123,0.110266,0.080462,0.0298039999999999,0.0598569999999999,0.0896609999999999,0.877537,0.4979117244144475,0.0225772513996205,528.0,0,0.8945168306163575,0.9098652175903988,0.8890951896440313,0.03850088221160142,0.04705919926687476
2056.0,0.000247,21.623162,-1.039349,22.086844,0.170738,0.109972,0.07979,0.030182,0.060766,0.090948,0.901111,0.4966840554906446,0.0200559484212512,529.0,0,0.9073567851228135,0.921404912002198,0.9025971614666505,0.05003906509735945,0.04720662965445085
2057.0,-0.002641,21.624475,-1.04788,22.085662,0.170564,0.109447,0.079664,0.029783,0.0611169999999999,0.0909,0.759666,0.4873032494518801,0.0007902866891162,530.0,0,0.9068779057006613,0.9092241234564132,0.90781079415063,0.04370777394850256,0.045967808342455396
2058.0,0.002347,21.62605,-1.044205,22.0875,0.170509,0.10993,0.080478,0.029452,0.0605789999999999,0.090031,1.084988,0.486167051832288,0.0015431587429141,531.0,0,0.8982081928287815,0.8991192587730679,0.8998195280993998,0.040398669969860856,0.04540141331822606
2059.0,0.005235,21.624869,-1.041974,22.086056,0.170233,0.109452,0.080279,0.0291729999999999,0.060781,0.0899539999999999,1.04727,0.4799611727156064,0.0142883713950515,532.0,0,0.8974399904224113,0.8906018652786439,0.9028199662822053,0.0501315945135411,0.04510709049585025
2060.0,0.003266,21.628938,-1.048274,22.090126,0.170132,0.109016,0.080231,0.028785,0.061116,0.089901,0.835103,0.4709818871999607,0.0327294175723021,533.0,0,0.8969112277271193,0.8787568879459039,0.9077959404962612,0.05348565799295413,0.044730659545476725
2061.0,-0.010122,21.629726,-1.04158,22.0854,0.170104,0.110255,0.080504,0.029751,0.059849,0.0896,0.891681,0.4970927318295739,0.0208952601041922,534.0,0,0.8939082546840402,0.9082472181093828,0.8889763604090702,0.03714287924679738,0.04563026156283996
2062.0,-0.004609,21.624869,-1.041187,22.084875,0.169976,0.10888,0.080105,0.028775,0.0610959999999999,0.0898709999999999,0.467348,0.4709723881696321,0.0327489260350438,535.0,0,0.8966119280882733,0.8784516050249568,0.9074988674088534,0.05348565799295413,0.04671235050827057
2063.0,-0.000147,21.629332,-1.042893,22.083168,0.170288,0.109772,0.08,0.0297719999999999,0.060516,0.090288,0.637081,0.4919609365963281,0.0103559279152798,536.0,0,0.9007721930682211,0.9088883122433684,0.8988837478740713,0.042787504899576945,0.04819505815447982
2064.0,-0.010778,21.629463,-1.042893,22.076473,0.169526,0.109179,0.079974,0.0292049999999999,0.060347,0.089552,1.004836,0.4839431298468878,0.006110498533581,537.0,0,0.893429375261888,0.8915787706256743,0.8963734802854878,0.037626909581619294,0.05165884524312033
2065.0,0.00681,21.634188,-1.038955,22.074767,0.169994,0.109531,0.079412,0.030119,0.060463,0.090582,0.962403,0.4981311193437418,0.0230278297908657,538.0,0,0.9037053295289031,0.9194816296002319,0.8980965041924446,0.04749690238523374,0.05168631681789432
2066.0,0.003922,21.629988,-1.045912,22.070829,0.170058,0.108864,0.079843,0.029021,0.0611939999999999,0.0902149999999999,0.901111,0.4742380913473324,0.0260420468522589,539.0,0,0.9000438972803638,0.8859615648802528,0.9089545255371444,0.060859954551665596,0.05311251448226424
2067.0,-0.010516,21.632088,-1.044993,22.069647,0.16948,0.108381,0.079759,0.028622,0.0610989999999999,0.089721,0.773811,0.4684451718494274,0.0379391511124839,540.0,0,0.8951154298940487,0.873780776334468,0.9075434283719644,0.05853485041059503,0.055834689619495934
2068.0,-0.002772,21.634057,-1.04473,22.06584,0.169654,0.108155,0.079544,0.0286109999999999,0.061499,0.09011,1.212288,0.4652195121951219,0.0445637916290924,541.0,0,0.8989963485444069,0.8734449651214232,0.9134848901200924,0.07503654085626599,0.057204359457159626
2069.0,0.007466,21.633532,-1.043418,22.068203,0.169379,0.108633,0.079475,0.0291579999999999,0.060746,0.089904,1.188714,0.4799907814377662,0.0142275630142902,542.0,0,0.8969411576910039,0.8901439408972234,0.9023000883792441,0.05040631026128095,0.056847457276137735
2070.0,-0.002641,21.629594,-1.043943,22.063346,0.169682,0.108433,0.079827,0.028606,0.061249,0.089855,0.820959,0.4670367346938777,0.0408317035965308,543.0,0,0.8964523016142236,0.8732923236609528,0.9097714765275133,0.06774763463665334,0.05803368413941953
2071.0,0.021116,21.632745,-1.044074,22.060852,0.169866,0.108696,0.080373,0.028323,0.0611699999999999,0.0894929999999999,0.740807,0.4630135194781842,0.0490943095070286,544.0,0,0.892840752638825,0.864652816998153,0.9085980378322568,0.06436463061911435,0.057423115809431616
2072.0,-0.002509,21.634845,-1.041712,22.0535,0.16959,0.108223,0.079507,0.028716,0.0613669999999999,0.090083,0.985977,0.4679311693390693,0.0389947745261974,545.0,0,0.8987269788694463,0.8766504357913696,0.9115242077432092,0.06718235636959102,0.055142096673291195
2073.0,-0.002641,21.636551,-1.042237,22.054682,0.169976,0.10952,0.080095,0.029425,0.0604559999999999,0.0898809999999999,0.599363,0.4867095621681528,0.000428987895146,546.0,0,0.896711694634555,0.898294994886511,0.8979925286118509,0.03921848308935805,0.0536841206509132
2074.0,-0.004609,21.634451,-1.041974,22.048906,0.17072,0.110019,0.07978,0.030239,0.060701,0.09094,0.934114,0.4981549207604362,0.0230767115224446,547.0,0,0.907276971885788,0.9231450246515958,0.9016316739325798,0.04948917821443721,0.050772272400532906
2075.0,-0.004084,21.629988,-1.04053,22.051531,0.170729,0.109741,0.080105,0.029636,0.0609879999999999,0.090624,0.882251,0.485923691157422,0.002042956353215,548.0,0,0.9041243490232863,0.9047364645184924,0.9058946727368593,0.04139121908535459,0.050334147158603425
2076.0,-0.001591,21.637732,-1.040793,22.045887,0.170233,0.109594,0.080021,0.029573,0.060639,0.090212,0.91054,0.4876813984168865,0.0015669033267555,549.0,0,0.9000139673164803,0.9028131821165264,0.9007107473616203,0.03804976319026143,0.04929299855891246
2077.0,-0.011172,21.634713,-1.045387,22.044705,0.170536,0.110376,0.080168,0.030208,0.0601599999999999,0.0903679999999999,0.490922,0.5021193131763103,0.0312185111654665,550.0,0,0.9015703254384739,0.9221986475966601,0.8935958469182372,0.04395509018681509,0.04762759576857227
2078.0,0.010616,21.634188,-1.042105,22.049825,0.170398,0.110035,0.080153,0.0298819999999999,0.060363,0.0902449999999999,0.773811,0.4950301504207804,0.0166592706217749,551.0,0,0.9003431969192088,0.9122464243737853,0.8966111387554129,0.04591805835246299,0.04602257191430646
2079.0,0.006022,21.643245,-1.042368,22.043786,0.169406,0.108974,0.078814,0.03016,0.060432,0.090592,0.872822,0.4990650803369021,0.0249459353876428,552.0,0,0.903805096075185,0.9207332895761147,0.8976360409069648,0.04602505784198618,0.0459056999243968
2080.0,0.006547,21.636814,-1.043943,22.039585,0.170343,0.109237,0.080179,0.029058,0.0611059999999999,0.090164,1.117992,0.4755265354214739,0.0233959280016392,553.0,0,0.899535087894328,0.8870911116877567,0.9076474039525566,0.05733614863974368,0.046074769194679066
2081.0,0.005103,21.635895,-1.043024,22.040242,0.17027,0.109258,0.079748,0.0295099999999999,0.061012,0.090522,0.773811,0.4836674151410353,0.0066767426532845,554.0,0,0.903106730251213,0.9008898997145575,0.9062511604417482,0.04771060271571248,0.04564993521082335
2082.0,0.007203,21.636814,-1.041974,22.039585,0.170463,0.110502,0.080158,0.030344,0.059961,0.090305,1.160425,0.506053834094927,0.0392989627580955,555.0,0,0.9009417961969001,0.9263504953215392,0.8906399696985458,0.051132117826932943,0.04659117057361557
2083.0,0.003266,21.63642,-1.042762,22.040767,0.170288,0.109631,0.080058,0.029573,0.0606569999999999,0.0902299999999999,1.179284,0.487536681064328,0.001269692666004,556.0,0,0.9001935470997863,0.9028131821165264,0.9009781131402844,0.03804976319026143,0.04974825771235171
2084.0,0.010747,21.636945,-1.044599,22.037616,0.17004,0.108917,0.079276,0.029641,0.061123,0.090764,0.698374,0.4849322688305739,0.0040790721308799,557.0,0,0.9055210806712302,0.904889105978966,0.9078999160768534,0.05117987091725984,0.051569126825304276
2085.0,0.002085,21.640226,-1.045912,22.033941,0.170178,0.110434,0.080667,0.029767,0.0597439999999999,0.089511,0.844533,0.4982341618545486,0.0232394514946969,558.0,0,0.893020332422133,0.908735670782898,0.8874167267001856,0.03714287924679738,0.05422211731933838
2086.0,0.002085,21.64062,-1.045255,22.029477,0.169774,0.108943,0.079575,0.0293679999999999,0.060831,0.090199,1.033125,0.4827722251446604,0.0085152230125289,559.0,0,0.8998842708063141,0.8965548822371102,0.903562649000721,0.047462116818183686,0.05512890075634249
2087.0,0.014554,21.646396,-1.044993,22.027508,0.169884,0.108113,0.079397,0.028716,0.061771,0.090487,0.938829,0.4648708152561031,0.0452799216979166,560.0,0,0.9027575473392271,0.8766504357913696,0.9175250841088185,0.07552596157417646,0.05450607642795452
2088.0,0.006547,21.642458,-1.041318,22.030528,0.17015,0.108764,0.079465,0.029299,0.0613859999999999,0.090685,1.009551,0.4772834639255869,0.0197876676764693,561.0,0,0.9047329249556048,0.894448430082579,0.9118064271762452,0.06412674948198871,0.05334944875506127
2089.0,0.007203,21.643114,-1.044993,22.029609,0.169608,0.108176,0.079475,0.0287009999999999,0.061432,0.090133,0.844533,0.4671919001188284,0.0405130353949637,562.0,0,0.8992258116008549,0.8761925114099461,0.9124896952772812,0.0725549627823272,0.053962372291710345
2090.0,0.002347,21.642852,-1.041318,22.027377,0.170242,0.108596,0.079554,0.029042,0.061646,0.090688,0.905825,0.4711015945625901,0.0324835707286799,563.0,0,0.9047628549194893,0.8866026590142414,0.9156683773125289,0.06640398300978478,0.05352045575887863
2091.0,0.00366,21.641408,-1.048143,22.023045,0.170545,0.109547,0.079859,0.029688,0.060998,0.090686,0.745522,0.4866965032213644,0.0004558074723085,564.0,0,0.904742901610233,0.9063239357074168,0.9060432092805638,0.04148235943183276,0.054547565726945614
2092.0,0.007203,21.640883,-1.049193,22.027114,0.170022,0.109489,0.079964,0.029525,0.060533,0.090058,0.773811,0.48774242574421,0.0016922371029546,565.0,0,0.8984775625037421,0.9013478240959809,0.8991362599983667,0.03956584109800043,0.05457863467140275
2093.0,-0.004216,21.645214,-1.04368,22.026721,0.170068,0.109284,0.079832,0.029452,0.0607839999999999,0.090236,0.787955,0.4845274327547916,0.004910496942432,566.0,0,0.9002534070275563,0.8991192587730679,0.9028645272453146,0.044178998556752225,0.05144445861177162
2094.0,0.00576,21.644558,-1.04368,22.024095,0.170288,0.109552,0.080168,0.0293839999999999,0.060736,0.0901199999999999,0.759666,0.4837907700413256,0.006423404744775,567.0,0,0.8990961150906875,0.8970433349106254,0.902151551835541,0.04676070558894263,0.0521195876572401
2095.0,0.004053,21.645608,-1.044337,22.025933,0.169397,0.108491,0.079727,0.0287639999999999,0.0609059999999999,0.0896699999999999,0.30233,0.4722609880637694,0.0301024871719093,568.0,0,0.8946066205080111,0.8781157938119122,0.9046766730784932,0.04741397892746724,0.05046303361583213
2096.0,0.008254,21.647446,-1.041843,22.029609,0.17049,0.110098,0.08,0.030098,0.060392,0.09049,0.585218,0.4983690162767208,0.0235164063395061,569.0,0,0.9027874773031116,0.9188405354662433,0.8970418947321521,0.04777280626275504,0.047464312491219726
2097.0,0.00366,21.650071,-1.049324,22.032628,0.17038,0.109494,0.079974,0.0295199999999999,0.060886,0.090406,1.127421,0.4848325586742652,0.0042838500715776,570.0,0,0.9019494383143453,0.9011951826355044,0.9043795999910885,0.04418420097786513,0.04813305710605568
2098.0,0.009435,21.649284,-1.046699,22.031315,0.170132,0.108591,0.079906,0.0286849999999999,0.061541,0.090226,0.641796,0.4661044489941825,0.0427463685894763,571.0,0,0.9001536404812747,0.875704058736431,0.9141087436036457,0.07087803993667352,0.04908797477581611
2099.0,0.011272,21.645871,-1.044074,22.026327,0.170068,0.10898,0.079717,0.0292629999999999,0.061088,0.090351,0.8021,0.4790224099265006,0.0162163385939139,572.0,0,0.901400722309796,0.8933494115671669,0.9073800381738925,0.055989422368247554,0.04887741595514061
2100.0,0.012716,21.647052,-1.048668,22.028033,0.170325,0.110072,0.080546,0.0295259999999999,0.060253,0.089779,1.02841,0.4900255584691472,0.0063811798853172,573.0,0,0.8956940758624826,0.9013783523880725,0.8949772367746781,0.03641677176366076,0.050694985373951715
2101.0,0.009172,21.644558,-1.051162,22.028296,0.169222,0.108428,0.079486,0.0289419999999999,0.060794,0.089736,0.736092,0.4760588864215805,0.0223026217070163,574.0,0,0.8952650797134712,0.8835498298047685,0.9030130637890194,0.04816980558019224,0.05482066378260584
2102.0,0.015473,21.643377,-1.043943,22.02357,0.169709,0.109053,0.079722,0.0293309999999999,0.060656,0.089987,0.396626,0.4835550719620158,0.0069074654372285,575.0,0,0.897769220025142,0.8954253354296062,0.9009632594859157,0.04911501779560479,0.05563519880335085
2103.0,0.018623,21.644821,-1.047224,22.023964,0.169489,0.109016,0.079995,0.029021,0.060473,0.089494,0.5475,0.4798921850712704,0.014430053529186,576.0,0,0.8928507292934542,0.8859615648802528,0.8982450407361477,0.04207341034999723,0.05867114826670576
2104.0,0.010747,21.643245,-1.046174,22.021076,0.169755,0.108486,0.078094,0.030392,0.0612689999999999,0.0916609999999999,0.863392,0.4960339480985801,0.0187208020539435,577.0,0,0.9144701398726977,0.9278158533420847,0.9100685496149181,0.06493639977705368,0.05617003119757058
2105.0,0.015735,21.645083,-1.045912,22.019501,0.168984,0.107184,0.079029,0.028155,0.0617999999999999,0.089955,0.660655,0.4555751525056229,0.064370721932642,578.0,0,0.8974499670770405,0.8595240639262436,0.9179558400855562,0.08867076301400845,0.05510893038581416
2106.0,0.005235,21.643114,-1.04788,22.017794,0.169755,0.108743,0.079769,0.028974,0.0610119999999999,0.0899859999999999,0.853963,0.4748824021110256,0.0247188052062435,579.0,0,0.8977592433705128,0.8845267351518019,0.9062511604417468,0.05591815647020515,0.05557061494053946
2107.0,0.009435,21.636945,-1.048405,22.021207,0.169002,0.107252,0.078373,0.028879,0.06175,0.090629,0.6748,0.4676685397807322,0.0395341452594666,580.0,0,0.9041742322964272,0.8816265474028054,0.9172131573670419,0.07454369561141427,0.054928995810971215
2108.0,0.005628,21.638783,-1.049718,22.015956,0.169287,0.108759,0.080462,0.0282969999999999,0.060528,0.0888249999999999,0.8021,0.4674949197905134,0.0398907141926339,581.0,0,0.8861763473472074,0.8638590814036877,0.8990619917265151,0.045866869245321684,0.057475612879971064
2109.0,0.001953,21.637601,-1.049193,22.014381,0.169838,0.1092,0.079827,0.029373,0.0606379999999999,0.090011,0.915255,0.4843912333646666,0.0051902139909915,582.0,0,0.898008659736218,0.8967075236975867,0.9006958937072485,0.04537841425068334,0.057976137710359824
2110.0,0.00996,21.640358,-1.049062,22.010049,0.169232,0.108749,0.07946,0.0292889999999999,0.0604829999999999,0.0897719999999999,0.820959,0.4842437669466304,0.0054930704955385,583.0,0,0.8956242392800844,0.8941431471616289,0.8983935772798494,0.04103361731091382,0.054924405252678984
2111.0,0.019935,21.633663,-1.049193,22.010311,0.169324,0.108969,0.079974,0.0289949999999999,0.060355,0.08935,0.8021,0.4803996288687121,0.0133878999541965,584.0,0,0.8914140910269976,0.8851678292857875,0.8964923095204503,0.041753614284509744,0.05004495957471229
2112.0,0.015998,21.633663,-1.047224,22.014775,0.169222,0.107751,0.079092,0.028659,0.061471,0.09013,1.094418,0.4662122592399791,0.0425249552356351,585.0,0,0.8991958816369704,0.8749103231419718,0.9130689877977235,0.07458118848560324,0.04946630337904588
2113.0,0.014291,21.636289,-1.050768,22.011493,0.169755,0.1091,0.079255,0.0298449999999999,0.0606549999999999,0.0904999999999999,0.78324,0.4920370614613559,0.0105122679880804,586.0,0,0.9028872438493922,0.9111168775662815,0.9009484058315439,0.04707865865388483,0.04717575594776261
2114.0,0.011272,21.628544,-1.049718,22.006242,0.169351,0.109415,0.0801,0.0293149999999999,0.059936,0.089251,0.759666,0.489096885062649,0.0044739335745747,587.0,0,0.8904264022188088,0.8949368827560912,0.8902686283392879,0.03441907520024534,0.04752899092320667
2115.0,0.010747,21.6271,-1.049587,22.006636,0.169829,0.109326,0.079838,0.029488,0.060503,0.089991,1.132136,0.4873727356868967,0.0009329927948962,588.0,0,0.8978091266436548,0.900218277288477,0.8986906503672573,0.03987630623434146,0.048175535584878214
2116.0,0.02046,21.626838,-1.053393,22.003354,0.169682,0.108932,0.079785,0.029147,0.06075,0.089897,0.53807,0.4797781106483845,0.0146643318240923,589.0,0,0.8968713211086068,0.8898081296841848,0.9023595029967254,0.0501315945135411,0.04896624773114207
2117.0,0.015473,21.630119,-1.052868,22.001779,0.170187,0.110045,0.079339,0.0307059999999999,0.060142,0.090848,0.825674,0.5105498561761135,0.0485325872673767,590.0,0,0.9063591196599965,0.9374017370598171,0.893328481139573,0.05163822129858153,0.04974795860083735
2118.0,0.026498,21.633532,-1.053524,21.998497,0.170509,0.109835,0.07958,0.030255,0.0606739999999999,0.090929,0.585218,0.4986402966625465,0.0240735435541852,591.0,0,0.9071672286848782,0.923633477325111,0.9012306252645799,0.049399218999762295,0.04697477181584696
2119.0,0.011797,21.62605,-1.050637,21.998103,0.170343,0.110413,0.079759,0.030654,0.05993,0.090584,1.089703,0.5114882114431597,0.0504597175251364,592.0,0,0.9037252828381596,0.9358142658708959,0.8901795064130659,0.05184386086739878,0.04690611010520575
2120.0,0.026235,21.625656,-1.047355,21.996003,0.170536,0.11056,0.079517,0.031043,0.0599759999999999,0.0910189999999999,0.750237,0.5175817396668724,0.0629741915509449,593.0,0,0.9080651276014126,0.9476897714957336,0.8908627745140989,0.04894073877355232,0.04946307197655446
2121.0,0.01206,21.621194,-1.050243,21.992064,0.170812,0.110318,0.079974,0.0303439999999999,0.0604939999999999,0.0908379999999999,0.915255,0.5015951731548062,0.0301420680205124,594.0,0,0.9062593531137139,0.9263504953215361,0.8985569674779229,0.04957072298146259,0.05043534149100497
2122.0,0.01521,21.625788,-1.054049,21.997578,0.169985,0.10941,0.079475,0.0299349999999999,0.060575,0.09051,1.141566,0.4941726096143685,0.0148981116094719,595.0,0,0.9029870103956749,0.9138644238548044,0.89976011348192,0.046849320635699354,0.05047626315917801
2123.0,0.014685,21.629463,-1.053918,21.995215,0.169783,0.109232,0.07915,0.0300819999999999,0.0605509999999999,0.0906329999999999,0.882251,0.4967961421588056,0.0202861444006319,596.0,0,0.9042141389149388,0.9183520827927251,0.8994036257770309,0.04639204154747267,0.051685215639942994
2124.0,0.008516,21.628675,-1.051818,21.991014,0.170481,0.109589,0.078577,0.031012,0.0608919999999999,0.091904,0.948259,0.5092867817318907,0.0459385708380479,597.0,0,0.9168944669473441,0.946743394440798,0.9044687219173089,0.059988693913732516,0.05111304013109057
2125.0,0.013241,21.629201,-1.051818,21.989702,0.170499,0.109888,0.078703,0.031185,0.060611,0.091796,0.853963,0.514502078796278,0.056649393411277,598.0,0,0.9158169882475017,0.9520247889731809,0.9002948450392514,0.04959900137884654,0.05157110547830333
2126.0,0.021773,21.630119,-1.049062,21.990489,0.170564,0.110135,0.078882,0.031253,0.060429,0.091682,0.797385,0.5171768988912793,0.062142757087241,599.0,0,0.9146796496198903,0.9541007128356205,0.8975914799438538,0.05054081119527154,0.052553256766821634
2127.0,0.02361,21.628544,-1.049455,21.985632,0.170251,0.108969,0.078441,0.030528,0.061282,0.09181,0.693659,0.4981479366219015,0.023062367973506,600.0,0,0.9159566614122961,0.9319677010669638,0.9102616471217339,0.06372774610623133,0.054120734960646524
2128.0,0.01941,21.629857,-1.052474,21.985501,0.169985,0.109736,0.079507,0.030229,0.060249,0.090478,1.014266,0.5017261410788383,0.0304110410396469,601.0,0,0.9026677574475735,0.9228397417306489,0.8949178221571968,0.04367746391123806,0.05547280639305001
2129.0,0.00366,21.632351,-1.051555,21.984057,0.171032,0.110507,0.079801,0.0307059999999999,0.0605249999999999,0.0912309999999999,0.698374,0.5073191686217493,0.0418976207914258,602.0,0,0.9101801783825846,0.9374017370598171,0.8990174307634027,0.056424514339526444,0.05747480690534111
2130.0,0.031092,21.634451,-1.051293,21.987732,0.16982,0.108659,0.078677,0.029982,0.0611609999999999,0.091143,0.868107,0.4902063372682386,0.0067524510934888,603.0,0,0.9093022327753066,0.9152992535832584,0.908464354942924,0.058762251658735276,0.058493671232764624
2131.0,0.025842,21.630513,-1.042762,21.983532,0.169562,0.107777,0.077837,0.0299399999999999,0.0617849999999999,0.0917249999999999,0.769096,0.4845757938691613,0.0048111761733441,604.0,0,0.9151086457689007,0.9140170653152779,0.9177330352700015,0.06524550491971148,0.060037415615482245
2132.0,0.028335,21.636682,-1.049455,21.983663,0.169893,0.108833,0.078394,0.0304389999999999,0.0610599999999999,0.0914989999999999,1.018981,0.4985014985014985,0.0237884893265694,605.0,0,0.9128539218229342,0.9292506830705325,0.906964135851522,0.06037003495973425,0.060196999335765236
2133.0,0.015341,21.640095,-1.052343,21.984451,0.170068,0.108906,0.07863,0.0302759999999999,0.0611619999999999,0.0914379999999999,0.646511,0.4950051501724899,0.0166079268113608,606.0,0,0.9122453458906158,0.9242745714590966,0.9084792085972943,0.0664120466703837,0.06014822724947975
2134.0,0.02361,21.640883,-1.054312,21.986682,0.170132,0.108145,0.078357,0.029788,0.061987,0.091775,0.476778,0.480544621539653,0.0130901238632675,607.0,0,0.9156074785003101,0.9093767649168867,0.9207334734528069,0.07017733718796759,0.06129684700156559
2135.0,0.019804,21.632482,-1.055362,21.982875,0.169645,0.108097,0.078703,0.029394,0.0615479999999999,0.090942,0.604078,0.4775707160148825,0.0191977288629655,608.0,0,0.9072969251950443,0.8973486178315754,0.9142127191842365,0.06503644520602281,0.05939328682264554
2136.0,0.020329,21.635107,-1.056412,21.986682,0.169222,0.108176,0.078787,0.029389,0.061046,0.090435,0.580504,0.4814159581961438,0.0113006318719192,609.0,0,0.9022387612985622,0.8971959763711018,0.9067561846903391,0.05213664839810139,0.06034535362430229
2137.0,0.020329,21.637995,-1.054312,21.985632,0.169241,0.107908,0.079087,0.028821,0.061333,0.090154,0.754952,0.4699025010597711,0.034946187449999,610.0,0,0.8994353213480464,0.879855906461313,0.9110191834946199,0.06324002524337646,0.05778067538470031
2138.0,0.033586,21.63642,-1.055099,21.986157,0.170343,0.109347,0.079355,0.029992,0.0609959999999999,0.090988,0.934114,0.4916963129334231,0.009812461825609,611.0,0,0.9077558513079402,0.9156045365042053,0.9060135019718217,0.0551636614320965,0.05661212076058605
2139.0,0.019935,21.640095,-1.05628,21.98747,0.1697,0.109352,0.080027,0.029325,0.0603479999999999,0.0896729999999999,0.820959,0.4859235447149084,0.0020432571068943,612.0,0,0.8946365504718956,0.8952421656770412,0.8963883339398567,0.03738891255032595,0.055379942413703975
2140.0,0.004447,21.636157,-1.060743,21.983138,0.169774,0.108176,0.078892,0.0292839999999999,0.061598,0.090882,0.844533,0.475397327878699,0.0236612856694189,613.0,0,0.9066983259173543,0.8939905057011555,0.9149554019027538,0.06828291967530276,0.05372099341124984
2141.0,0.003003,21.636814,-1.055099,21.981825,0.169443,0.108586,0.078924,0.029662,0.060857,0.090519,0.670085,0.4873968911235992,0.0009826015887013,614.0,0,0.9030768002873285,0.9055302001129547,0.9039488440143493,0.039598722523691676,0.05217045812732275
2142.0,0.008647,21.639176,-1.058118,21.983007,0.169351,0.108885,0.07894,0.029945,0.060466,0.090411,0.707803,0.495228802487307,0.0170672487315743,615.0,0,0.9019993215874862,0.9141697067757544,0.8981410651555555,0.048684488718591656,0.05156179119473436
2143.0,0.005235,21.635501,-1.059168,21.983532,0.170454,0.109767,0.079176,0.030591,0.0606869999999999,0.091278,0.976548,0.5040699973635646,0.0352246937410969,616.0,0,0.9106490811501096,0.9338909834689298,0.901423722771394,0.05409026320156296,0.0499456545357852
2144.0,0.024135,21.64062,-1.054312,21.984713,0.169691,0.108743,0.078751,0.029992,0.060948,0.09094,0.773811,0.4920835452591511,0.0106077332520084,617.0,0,0.907276971885788,0.9156045365042053,0.9053005265620481,0.05358784716342624,0.04918470168955384
2145.0,0.020723,21.639176,-1.057199,21.986945,0.169186,0.108418,0.079118,0.0293,0.060768,0.090068,0.886966,0.4821537296977078,0.0097854469159563,618.0,0,0.8985773290500237,0.8944789583746737,0.9026268687753911,0.049531092366751905,0.0509890552910988
2146.0,0.024135,21.634845,-1.057199,21.985238,0.169379,0.108749,0.079381,0.029368,0.06063,0.089998,0.820959,0.4843726806419159,0.0052283163117566,619.0,0,0.8978789632260519,0.8965548822371132,0.9005770644722875,0.04604997907221753,0.04854177764255337
2147.0,0.027548,21.63642,-1.054443,21.986814,0.169434,0.108791,0.078913,0.029878,0.060643,0.090521,0.896396,0.4926785832069125,0.0118297817382453,620.0,0,0.9030967535965849,0.9121243112054095,0.9007701619791015,0.04707865865388483,0.04944825322321893
2148.0,0.027285,21.634582,-1.053262,21.985632,0.169369,0.108995,0.079008,0.029987,0.060374,0.090361,0.604078,0.4966790890269151,0.0200457486356655,621.0,0,0.9015004888560776,0.9154518950437317,0.8967745289534864,0.04755413296978295,0.05048166008095424
2149.0,0.025579,21.639308,-1.053918,21.989833,0.169057,0.108076,0.078924,0.029152,0.060981,0.090133,0.571074,0.4780427011249222,0.018228397929669,622.0,0,0.8992258116008549,0.8899607711446583,0.9057906971562685,0.05543244856577556,0.04978569178138491
2150.0,0.037786,21.637864,-1.057987,21.990095,0.169535,0.109111,0.079318,0.029793,0.0604239999999999,0.0902169999999999,1.202858,0.4930575093090609,0.0126079944073167,623.0,0,0.9000638505896201,0.9095294063773602,0.8975172116720007,0.04381014318984844,0.0487668783032412
2151.0,0.040805,21.636814,-1.054049,21.99259,0.170068,0.109562,0.07926,0.030302,0.0605059999999999,0.090808,0.882251,0.5008015601500655,0.028512199581449,624.0,0,0.9059600534748696,0.9250683070535618,0.8987352113303667,0.04866347833034723,0.04924652310171609
2152.0,0.024135,21.641408,-1.054968,21.993377,0.170013,0.108901,0.078787,0.030114,0.061112,0.091226,0.787955,0.4927593147120907,0.0119955826154261,625.0,0,0.9101302951094448,0.9193289881397585,0.90773652587878,0.05901855729594474,0.049448987526630225
2153.0,0.025842,21.63327,-1.055362,21.990358,0.169976,0.109604,0.079418,0.0301859999999999,0.0603719999999999,0.0905579999999999,0.858677,0.499991718152154,0.0268490011394637,626.0,0,0.9034658898178262,0.9215270251705737,0.8967448216447442,0.04713058020586969,0.05025712170194176
2154.0,0.032011,21.634713,-1.057593,21.990095,0.169967,0.109736,0.079465,0.030271,0.060231,0.090502,1.056699,0.5025733829193785,0.0321510487359695,627.0,0,0.9029071971586496,0.9241219299986262,0.8946504563785311,0.04339971238198914,0.05130757099072768
2155.0,0.035686,21.63222,-1.055362,21.989964,0.169957,0.10952,0.078782,0.030738,0.0604369999999999,0.0911749999999999,0.901111,0.5085873126178895,0.0445020487218528,628.0,0,0.9096214857234071,0.9383786424068505,0.8977103091788149,0.05432754035150078,0.051282450853930704
2156.0,0.02046,21.633138,-1.058774,21.994165,0.169847,0.109851,0.078667,0.031184,0.0599959999999999,0.09118,0.712518,0.5197593212993984,0.0674463606751114,629.0,0,0.9096713689965489,0.9519942606810862,0.8911598476015052,0.04807462332135892,0.05476189184117268
2157.0,0.033454,21.633401,-1.057724,21.991671,0.168965,0.107929,0.078814,0.029115,0.061036,0.090151,0.736092,0.4770057506102855,0.0203580164043928,630.0,0,0.8994053913841619,0.8888312243371543,0.9066076481466359,0.05516000040700009,0.05743089435147815
2158.0,0.032404,21.634451,-1.061268,21.992983,0.169608,0.108349,0.078404,0.029945,0.061259,0.091204,0.967118,0.4888181521384263,0.003901490843162,631.0,0,0.909910808707625,0.9141697067757544,0.9099200130712165,0.05805862585764221,0.05551685743503222
2159.0,0.026235,21.629857,-1.060612,21.991146,0.169948,0.10919,0.078556,0.0306339999999999,0.0607579999999999,0.0913919999999999,0.632367,0.5041886798663572,0.0354684357972567,632.0,0,0.91178641977772,0.9352037000289988,0.9024783322316865,0.055181247197805816,0.05648856374103439
2160.0,0.037261,21.625656,-1.057199,21.992458,0.169719,0.107583,0.077858,0.029725,0.062136,0.091861,0.542785,0.4783784218742455,0.0175389174771157,633.0,0,0.9164654707983327,0.9074534825149208,0.922946667953984,0.07860455306226821,0.0576471391563806
2161.0,0.018754,21.625788,-1.056149,21.990227,0.169985,0.108334,0.077858,0.030476,0.061651,0.092127,0.618222,0.494322974112762,0.0152069199944444,634.0,0,0.919119260929426,0.9303802298780395,0.9157426455843805,0.07535350343340186,0.05703588954145017
2162.0,0.021773,21.622375,-1.058512,21.99259,0.169379,0.108475,0.078761,0.029714,0.060904,0.090618,0.698374,0.4878745587390198,0.0019636028652507,635.0,0,0.9040644890955174,0.907117671301879,0.9046469657697541,0.03987818813148547,0.056552243699288816
2163.0,0.020854,21.622637,-1.062449,21.989833,0.169875,0.108864,0.07852,0.0303439999999999,0.0610109999999999,0.0913549999999999,0.844533,0.4973447846325313,0.0214129090162737,636.0,0,0.9114172835564777,0.9263504953215361,0.9062363067873765,0.05684764326589142,0.05644349059308616
2164.0,0.037786,21.621062,-1.064024,21.990227,0.169379,0.108318,0.078971,0.0293469999999999,0.061061,0.090408,0.495637,0.4806098719334446,0.0129561170402415,637.0,0,0.9019693916236017,0.8959137881031215,0.9069789895058937,0.05498546653545122,0.05657040438668602
2165.0,0.029254,21.625525,-1.062187,21.991277,0.169553,0.108938,0.078924,0.030014,0.060615,0.090629,0.943544,0.4951497954335487,0.0169049894154911,638.0,0,0.9041742322964272,0.9162761589302886,0.9003542596567327,0.048215044202196466,0.05676179900838803
2166.0,0.013635,21.61975,-1.062974,21.98957,0.169746,0.109006,0.079318,0.029688,0.06074,0.090428,0.769096,0.4887637674717243,0.003789799311777,639.0,0,0.9021689247161649,0.9063239357074168,0.9022109664530222,0.04323816489974541,0.054023205233727056
2167.0,0.038705,21.6187,-1.06153,21.989045,0.170031,0.109499,0.078908,0.0305909999999999,0.0605319999999999,0.0911229999999999,0.896396,0.5053607123387243,0.0378754764138513,640.0,0,0.9091026996827423,0.9338909834689267,0.899121406343995,0.05407246934497356,0.050672571062636604
2168.0,0.028073,21.615418,-1.05733,21.988783,0.169976,0.108423,0.078425,0.029998,0.0615529999999999,0.091551,0.995407,0.4873444455275046,0.0008748923887111,641.0,0,0.9133727078635999,0.9157877062567734,0.914286987456088,0.0593277637936408,0.05498256030532952
2169.0,0.036867,21.616993,-1.063893,21.989439,0.17038,0.109326,0.078997,0.030329,0.061054,0.091383,0.787955,0.4967488330194088,0.0201889841062297,642.0,0,0.9116966298860675,0.9258925709401187,0.9068750139253016,0.05709519341482583,0.0553999749562048
2170.0,0.029254,21.617912,-1.060087,21.991014,0.169673,0.108885,0.078735,0.0301499999999999,0.0607879999999999,0.0909379999999999,0.868107,0.4959778907368109,0.0186056752551397,643.0,0,0.9072570185765307,0.9204280066551646,0.9029239418627959,0.05121861531565852,0.05602875790572105
2171.0,0.034504,21.626707,-1.062055,21.993902,0.17027,0.109473,0.079738,0.0297349999999999,0.060797,0.090532,0.424915,0.4890785881114509,0.0044363565400369,644.0,0,0.9032064967974948,0.9077587654358646,0.9030576247521303,0.04184716172249736,0.056518774614796666
2172.0,0.037392,21.624081,-1.062055,21.995478,0.169921,0.107462,0.078336,0.029126,0.0624589999999999,0.0915849999999999,0.905825,0.4663144412423952,0.0423151007854392,645.0,0,0.9137119141209569,0.889167035550196,0.9277443983155947,0.0829780805584146,0.05809676387530969
2173.0,0.033323,21.622244,-1.059824,21.994953,0.17015,0.108848,0.079575,0.0292729999999999,0.0613019999999999,0.0905749999999999,0.872822,0.4775133353995725,0.0193155732699361,646.0,0,0.903635492946505,0.8936546944881137,0.9105587202091385,0.06102178977464423,0.05775859646810735
2174.0,0.045136,21.620275,-1.059562,21.997578,0.170536,0.109394,0.079234,0.03016,0.0611419999999999,0.091302,1.099133,0.4932698755376741,0.0130441377309165,647.0,0,0.9108885208611857,0.9207332895761147,0.9081821355098879,0.06127329603061371,0.056947681620309124
2175.0,0.041855,21.624081,-1.056543,21.998103,0.171179,0.110975,0.079318,0.031657,0.0602039999999999,0.091861,0.835103,0.5258201146084214,0.0798936059584605,648.0,0,0.9164654707983327,0.9664341428418786,0.8942494077105312,0.0531152112929526,0.056754433889634345
2176.0,0.043823,21.625263,-1.05733,21.998891,0.169957,0.108911,0.077706,0.0312049999999999,0.061046,0.092251,0.688944,0.5111635297393811,0.049792908313885,649.0,0,0.9203563661033191,0.9526353548150718,0.9067561846903391,0.059018057504875654,0.05753995891717012
2177.0,0.041067,21.623688,-1.061137,22.001647,0.169296,0.108528,0.078493,0.030035,0.060768,0.090803,0.971833,0.4942487123368824,0.0150544062074828,650.0,0,0.9059101702017287,0.9169172530642773,0.9026268687753911,0.05069079527295017,0.06053725415667993
2178.0,0.036079,21.626969,-1.061399,22.00191,0.169599,0.108833,0.078719,0.030114,0.060766,0.09088,0.816244,0.495565027070614,0.0177577639241124,651.0,0,0.9066783726080979,0.9193289881397585,0.9025971614666505,0.05121861531565852,0.058528408184709294
2179.0,0.025973,21.628807,-1.062187,22.000466,0.17027,0.109216,0.078598,0.0306179999999999,0.061054,0.091672,0.78324,0.50148227008435,0.0299101953695972,652.0,0,0.9145798830736086,0.9347152473554836,0.9068750139253016,0.0551627161080781,0.057450763833443365
2180.0,0.024267,21.629069,-1.061662,22.001254,0.170417,0.109352,0.078955,0.030397,0.061065,0.091462,0.787955,0.4977729014508892,0.0222921462342953,653.0,0,0.9124847856016929,0.9279684948025583,0.9070384041233751,0.05907386559101624,0.05642361015684977
2181.0,0.025054,21.624213,-1.060087,22.000597,0.16982,0.10826,0.079586,0.0286739999999999,0.06156,0.090234,0.952974,0.4657819073764232,0.0434087826375451,654.0,0,0.9002334537183,0.8753682475233893,0.9143909630366817,0.07182011411759548,0.05510409927158464
2182.0,0.025579,21.626969,-1.063893,22.004667,0.170169,0.109043,0.078966,0.030077,0.0611259999999999,0.0912029999999999,1.113277,0.4920411602074372,0.0105206857141482,655.0,0,0.9099008320529958,0.9181994413322546,0.907944477039963,0.0628896208387082,0.05462155026446721
2183.0,0.033979,21.633926,-1.062449,22.009261,0.169838,0.108575,0.078787,0.029788,0.0612629999999999,0.0910509999999999,0.868107,0.486223557064508,0.0014271121382249,656.0,0,0.908384380549514,0.9093767649168867,0.9099794276886963,0.05024534626198496,0.05458902564614062
2184.0,0.039492,21.630776,-1.063499,22.013593,0.169654,0.108707,0.079433,0.0292739999999999,0.060947,0.090221,0.594648,0.4803110848592241,0.013569745621632,657.0,0,0.9001037572081337,0.8936852227802085,0.9052856729076778,0.05100175926467776,0.0548736572911224
2185.0,0.040542,21.626838,-1.063368,22.013987,0.169737,0.109415,0.079806,0.0296089999999999,0.060322,0.089931,0.542785,0.4908409727632908,0.0080558223304976,658.0,0,0.8972105273659644,0.9039122006319326,0.8960021389262299,0.03992010244030131,0.05385005343072047
2186.0,0.035029,21.625788,-1.058118,22.013725,0.170123,0.1092,0.078845,0.030355,0.0609229999999999,0.091278,0.707803,0.4982437134790888,0.0232590679718551,659.0,0,0.9106490811501096,0.926686306534581,0.9049291852027886,0.05419256743370138,0.05256239285415537
2187.0,0.030567,21.626181,-1.064812,22.011362,0.169737,0.109578,0.079066,0.0305119999999999,0.060159,0.090671,0.585218,0.5071808510638297,0.0416135535938437,660.0,0,0.9045932517908104,0.9314792483934455,0.8935809932638683,0.05036554908968427,0.04989357195651789
2188.0,0.033323,21.624606,-1.059955,22.017269,0.170224,0.109368,0.078808,0.03056,0.0608559999999999,0.0914159999999999,0.740807,0.502160803194374,0.0313037205440605,661.0,0,0.9120258594887961,0.9329446064139941,0.9039339903599775,0.05406493176547633,0.04798632739296103
2189.0,0.039361,21.624738,-1.062449,22.0132,0.169581,0.109379,0.079076,0.030303,0.060202,0.090505,0.754952,0.5033470092852517,0.033739869974825,662.0,0,0.9029371271225342,0.9250988353456565,0.894219700401792,0.044926677504058765,0.04820025733080062
2190.0,0.047367,21.625263,-1.063499,22.010443,0.169912,0.109919,0.079675,0.030244,0.059993,0.090237,0.830388,0.5041170783745041,0.0353213855207819,663.0,0,0.9002633836821845,0.9232976661120693,0.8911152866383958,0.04619725982536527,0.048631107218673385
2191.0,0.044086,21.624738,-1.06363,22.011624,0.170371,0.110045,0.079081,0.030964,0.0603259999999999,0.09129,0.589933,0.5132693487161637,0.0541176961741345,664.0,0,0.9107688010056476,0.9452780364202524,0.8960615535437098,0.045131905141220674,0.05038381697917336
2192.0,0.044611,21.625525,-1.062187,22.014118,0.169709,0.109431,0.079097,0.030334,0.060278,0.090612,0.608793,0.5032266626851806,0.0334927103088005,665.0,0,0.9040046291677483,0.9260452124005922,0.895348578133936,0.04381717520313955,0.049727767635526846
2193.0,0.031223,21.623162,-1.064549,22.015956,0.169535,0.109835,0.079617,0.030218,0.0596999999999999,0.089918,0.481493,0.5061556757843254,0.0395081182965504,666.0,0,0.8970808308557983,0.9225039305176072,0.8867631659078916,0.05238464564038092,0.051104368295011894
2194.0,0.036998,21.623556,-1.06783,22.01123,0.170132,0.109116,0.078567,0.030549,0.061016,0.091565,0.844533,0.5006637494468755,0.0282291733276545,667.0,0,0.9135123810283944,0.9326087952009524,0.9063105750592296,0.0553102581434054,0.05410220532313679
2195.0,0.032536,21.623688,-1.062974,22.014775,0.170049,0.109011,0.078593,0.030418,0.061038,0.091456,0.646511,0.4983371287209815,0.0234509178452555,668.0,0,0.9124249256739239,0.928609588936547,0.9066373554553766,0.05744720004530102,0.056726071905700934
2196.0,0.048155,21.6229,-1.06363,22.015825,0.169516,0.108444,0.078546,0.0298979999999999,0.061072,0.09097,0.684229,0.4895452982496355,0.0053948540947317,669.0,0,0.9075762715246332,0.9127348770473005,0.9071423797039673,0.047632073997236235,0.05963979190412192
2197.0,0.037523,21.615812,-1.066649,22.013331,0.169425,0.108139,0.077758,0.030381,0.0612859999999999,0.091667,0.571074,0.495716873072593,0.0180696149204357,670.0,0,0.9145299998004678,0.927480042129043,0.9103210617392136,0.06413155568453477,0.06034042417740918
2198.0,0.048417,21.619093,-1.069012,22.012543,0.170408,0.108418,0.077853,0.0305649999999999,0.06199,0.092555,0.981262,0.4930554435321255,0.012603751855079,671.0,0,0.9233892691102827,0.9330972478744646,0.9207780344159179,0.08404330204672528,0.06282864596600717
2199.0,0.045398,21.617912,-1.068487,22.017663,0.169847,0.10846,0.077895,0.0305649999999999,0.061387,0.0919519999999999,0.759666,0.4978986121066006,0.0225503222331435,672.0,0,0.9173733463694952,0.9330972478744646,0.911821280830617,0.07116534332970026,0.06251286303768765
2200.0,0.040148,21.61975,-1.064287,22.018844,0.169075,0.107194,0.078294,0.0288999999999999,0.061881,0.090781,0.703089,0.4670178727255097,0.0408704410249222,673.0,0,0.905690683799909,0.8822676415367912,0.9191589860895533,0.0753344598095751,0.0628014698165715
2201.0,0.046055,21.621587,-1.065993,22.015825,0.169112,0.108365,0.078079,0.030286,0.060747,0.091033,0.55693,0.4985513926384408,0.0238909585132016,674.0,0,0.9082048007662079,0.9245798543800468,0.9023149420336145,0.05213822787409328,0.062257885223760724
2202.0,0.042905,21.617912,-1.062449,22.014381,0.169957,0.10858,0.077769,0.0308109999999999,0.061377,0.0921879999999999,0.731378,0.5019876828831176,0.0309481778175779,675.0,0,0.9197278368617433,0.9406072077297605,0.9116727442869138,0.06869939308911943,0.0640240983122674
2203.0,0.053274,21.616862,-1.063237,22.017006,0.169948,0.10972,0.078656,0.0310639999999999,0.0602279999999999,0.0912919999999999,0.835103,0.5157648308954158,0.0592427478301833,676.0,0,0.910788754314903,0.9483308656297192,0.8946058954154187,0.04922681635718573,0.06464960965135225
2204.0,0.048942,21.616731,-1.064418,22.017006,0.170251,0.10962,0.078787,0.030833,0.060631,0.091464,0.740807,0.5085268505079824,0.0443778757507598,677.0,0,0.9125047389109493,0.9412788301558469,0.9005919181266577,0.058196325932243886,0.061487616285132676
2205.0,0.025973,21.617912,-1.064024,22.016744,0.169278,0.109268,0.07884,0.030428,0.06001,0.090438,0.882251,0.5070403759310794,0.0413250553157469,678.0,0,0.9022686912624468,0.9289148718574939,0.8913677987626912,0.052011354117193265,0.06043007745842373
2206.0,0.037786,21.617649,-1.063499,22.01018,0.169875,0.108701,0.078451,0.03025,0.0611739999999999,0.0914239999999999,0.717233,0.4944830404577033,0.0155356533723223,679.0,0,0.9121056727258213,0.9234808358646375,0.9086574524497382,0.06529420488230298,0.060713268910887255
2207.0,0.05498,21.624738,-1.064943,22.012412,0.170104,0.108696,0.078079,0.030617,0.061408,0.092025,0.929399,0.498575127424319,0.0239397034029398,680.0,0,0.9181016421573526,0.9346847190633919,0.9121332075723936,0.07038666907538327,0.06294801691054748
2208.0,0.047499,21.624869,-1.063368,22.016744,0.170444,0.109988,0.078856,0.031132,0.060456,0.091588,0.726663,0.5149445060125378,0.0575580203516838,681.0,0,0.9137418440848424,0.9504067894921618,0.8979925286118524,0.052423368384529545,0.06277784344019063
2209.0,0.041592,21.621587,-1.065337,22.013462,0.169443,0.108155,0.079102,0.0290529999999999,0.061288,0.090341,0.453204,0.4740328607090993,0.0264635355854159,682.0,0,0.9013009557635142,0.88693847022728,0.9103507690479556,0.06058995506261078,0.06338704673298465
2210.0,0.048549,21.623556,-1.065337,22.017794,0.169324,0.107289,0.078331,0.0289579999999999,0.062035,0.090993,0.905825,0.4667934747565928,0.0413312943188359,683.0,0,0.9078057345810812,0.8840382824782836,0.9214464488625821,0.07816637433421036,0.062013574013500904
2211.0,0.051174,21.626181,-1.064155,22.020682,0.169746,0.108234,0.077858,0.030376,0.061512,0.091888,0.8021,0.4938143156731097,0.0141622718698546,684.0,0,0.9167348404732933,0.9273274006685696,0.9136779876269066,0.07448570787069553,0.06125370340839407
2212.0,0.053405,21.626838,-1.062843,22.019107,0.169847,0.108601,0.077664,0.030937,0.0612459999999999,0.092183,0.967118,0.505118618054762,0.0373782796310986,685.0,0,0.9196779535886035,0.9444537725336956,0.9097269155644009,0.06699765838555105,0.05997679088508974
2213.0,0.046055,21.631301,-1.067305,22.016481,0.169866,0.108607,0.078987,0.0296199999999999,0.0612589999999999,0.0908789999999999,0.580504,0.4835128958537381,0.0069940838612636,686.0,0,0.9066683959534688,0.9042480118449743,0.909920013071215,0.05531884928512576,0.05963945617763282
2214.0,0.035686,21.632482,-1.070193,22.01635,0.169121,0.108255,0.078724,0.029531,0.0608659999999999,0.0903969999999999,0.943544,0.4851725894162683,0.0035855180490532,687.0,0,0.9018596484226907,0.9015309938485492,0.9040825269036806,0.044461598737406516,0.05929850924137051
2215.0,0.053405,21.635501,-1.070718,22.022651,0.169425,0.10878,0.07895,0.0298299999999999,0.0606449999999999,0.0904749999999999,1.033125,0.4918708571051677,0.010170928779968,688.0,0,0.902637827483688,0.910658953184861,0.9007998692878407,0.04441264806612488,0.05750188291106452
2216.0,0.047105,21.633532,-1.068355,22.021338,0.168956,0.107725,0.078084,0.029641,0.0612309999999999,0.090872,0.816244,0.4840769532270708,0.0058356611727186,689.0,0,0.9065985593710725,0.904889105978966,0.9095041107488461,0.052525079649259676,0.05408075449632499
2217.0,0.052749,21.636289,-1.063762,22.020945,0.169544,0.107882,0.078499,0.029383,0.0616619999999999,0.091045,0.905825,0.4765094140732693,0.0213773586429957,690.0,0,0.908324520621746,0.8970128066185337,0.9159060357824524,0.06701332200081411,0.053074780797639734
2218.0,0.047499,21.632351,-1.067568,22.021864,0.169342,0.108896,0.07852,0.030376,0.0604459999999999,0.0908219999999999,0.618222,0.5025228712756631,0.0320473113559049,691.0,0,0.9060997266396631,0.9273274006685696,0.8978439920681478,0.04901389902190645,0.051323932780528346
2219.0,0.035686,21.633007,-1.072818,22.02252,0.169379,0.108659,0.078882,0.029777,0.0607199999999999,0.090497,0.721948,0.490390474465177,0.0071306195508538,692.0,0,0.9028573138855087,0.9090409537038451,0.9019138933656144,0.04262369175955083,0.050715591012478564
2220.0,0.036604,21.63222,-1.066912,22.025014,0.170077,0.109862,0.079638,0.030224,0.060215,0.090439,0.731378,0.5019263982994553,0.0308223157057985,693.0,0,0.9022786679170749,0.9226871002701754,0.8944127979086061,0.04395509018681509,0.05138264292143121
2221.0,0.043823,21.631038,-1.073474,22.02869,0.170031,0.108596,0.078961,0.0296349999999999,0.0614349999999999,0.0910699999999999,0.778526,0.4823718992121882,0.0093373851983518,694.0,0,0.9085739369874493,0.9047059362263947,0.9125342562403906,0.06442597088384294,0.05221379974152986
2222.0,0.02886,21.635107,-1.069668,22.025408,0.170169,0.109442,0.079207,0.0302349999999999,0.0607269999999999,0.0909619999999999,1.193429,0.497875773942827,0.0225034187649313,695.0,0,0.9074964582876069,0.923022911483214,0.9020178689462066,0.04948917821443721,0.053867645521054885
2223.0,0.058524,21.642983,-1.068224,22.027902,0.169957,0.109909,0.079181,0.030728,0.0600479999999999,0.090776,0.684229,0.511715432396876,0.0509263684733238,696.0,0,0.9056408005267682,0.9380733594859035,0.8919322376287617,0.049235431604627955,0.05398163566043118
2224.0,0.059049,21.637995,-1.069537,22.026589,0.169691,0.109662,0.079307,0.0303549999999999,0.060029,0.090384,0.670085,0.5056638347492918,0.0384980086143136,697.0,0,0.9017299519125256,0.9266863065345778,0.8916500181957272,0.051132117826932943,0.055895670083296156
2225.0,0.051436,21.642983,-1.06678,22.027902,0.170279,0.109935,0.079265,0.03067,0.060344,0.091014,0.995407,0.5082442621592509,0.0437975150105838,698.0,0,0.9080152443282726,0.9363027185444109,0.8963289193223769,0.052724216267111323,0.057513806270654624
2226.0,0.045005,21.638914,-1.06678,22.026064,0.169792,0.107971,0.078766,0.0292049999999999,0.061821,0.091026,0.613507,0.472404645595419,0.0298074530992936,699.0,0,0.9081349641838107,0.8915787706256743,0.9182677668273344,0.06906353744450999,0.058019754107910514
2227.0,0.059836,21.642064,-1.068487,22.026196,0.170013,0.108428,0.078782,0.0296459999999999,0.061585,0.0912309999999999,0.981262,0.48137563732017,0.0113834401459678,700.0,0,0.9101801783825846,0.9050417474394364,0.9147623043959396,0.06815322339457708,0.05928106658376795
2228.0,0.062987,21.641539,-1.06993,22.028033,0.170555,0.109106,0.078861,0.0302449999999999,0.061449,0.091694,1.023696,0.492188771358828,0.0108238394622199,701.0,0,0.9147993694754283,0.923328194404161,0.9127422074015765,0.06815424325055619,0.05976758855715804
2229.0,0.054455,21.638258,-1.069012,22.024489,0.170316,0.109184,0.079186,0.0299979999999999,0.0611319999999999,0.0911299999999999,0.830388,0.4907006036019826,0.0077675416893443,702.0,0,0.9091725362651395,0.9157877062567704,0.9080335989661849,0.058805053633135485,0.06311525834313826
2230.0,0.059311,21.638914,-1.070586,22.026852,0.169296,0.108538,0.078598,0.0299399999999999,0.060758,0.090698,0.712518,0.4927665037278426,0.0120103469272658,703.0,0,0.9048626214657709,0.9140170653152779,0.9024783322316879,0.04901456855937403,0.06284747903916936
2231.0,0.059968,21.63957,-1.069143,22.024226,0.169195,0.107215,0.078299,0.028916,0.06198,0.090896,0.759666,0.4665300656652846,0.041872266003928,704.0,0,0.9068379990821487,0.8827560942103094,0.9206294978722147,0.07703909564241729,0.06189137695405933
2232.0,0.05183,21.638914,-1.067437,22.020157,0.168993,0.10795,0.078698,0.029252,0.061043,0.090295,0.811529,0.4791953345128104,0.015861197834021,705.0,0,0.9008420296506184,0.8930136003541281,0.9067116237272281,0.054354397948338073,0.058844379596980856
2233.0,0.048549,21.639176,-1.070193,22.020945,0.168506,0.106911,0.078761,0.02815,0.0615949999999999,0.0897449999999999,0.740807,0.4570101954672383,0.0614235282527686,706.0,0,0.8953548696051238,0.8593714224657701,0.9149108409396414,0.08271212946443018,0.056382302409531945
2234.0,0.062593,21.636289,-1.068224,22.021338,0.168745,0.10805,0.079659,0.028391,0.060695,0.089086,0.820959,0.4677573480954263,0.0393517567799663,707.0,0,0.8887802542051607,0.8667287408605925,0.901542552006358,0.048454324787243985,0.054646043936561486
2235.0,0.061018,21.635764,-1.06993,22.018976,0.169709,0.108827,0.080126,0.0287009999999999,0.060882,0.089583,0.820959,0.4714123811244516,0.0318452984153014,708.0,0,0.8937386515553613,0.8761925114099461,0.9043201853736071,0.04316319541601099,0.05372371768729426
2236.0,0.069812,21.632351,-1.069537,22.018976,0.169443,0.108722,0.079176,0.029546,0.060721,0.090267,0.787955,0.4865781759494087,0.0006988199795242,709.0,0,0.9005626833210296,0.9019889182299696,0.9019287470199862,0.038593563873725256,0.05409579334860639
2237.0,0.052617,21.636682,-1.072293,22.018582,0.16891,0.108439,0.078619,0.02982,0.060471,0.090291,0.637081,0.4931207831723772,0.0127379419664177,710.0,0,0.9008021230321057,0.910353670263917,0.8982153334274071,0.043532451520088,0.051449777784591345
2238.0,0.064824,21.638651,-1.069143,22.015956,0.168589,0.107824,0.078772,0.029052,0.0607649999999999,0.089817,0.604078,0.4780963038541292,0.0181183122883549,711.0,0,0.8960731887383531,0.8869079419351884,0.9025823078122787,0.050791658520851546,0.05076502775617288
2239.0,0.073093,21.644558,-1.06783,22.0132,0.168855,0.108145,0.078955,0.02919,0.06071,0.0899,0.764381,0.4808024904877206,0.0125605301477421,712.0,0,0.8969012510724912,0.8911208462442569,0.9017653568219127,0.04958179114046324,0.04670465603120867
2240.0,0.069681,21.643245,-1.069143,22.011624,0.169599,0.108686,0.079428,0.029258,0.0609129999999999,0.090171,0.759666,0.4803165118035264,0.0135586001323494,713.0,0,0.8996049244767254,0.8931967701066963,0.9047806486590855,0.05273532517249535,0.04867191161131333
2241.0,0.053011,21.64167,-1.068618,22.004798,0.169912,0.108864,0.079433,0.029431,0.061048,0.090479,0.764381,0.482088158692198,0.0099201121895339,714.0,0,0.9026777341022018,0.8984781646390793,0.9067858919990797,0.050578940002266815,0.049625429431460255
2242.0,0.057211,21.640358,-1.071505,22.005848,0.169866,0.109237,0.080074,0.0291629999999999,0.0606289999999999,0.0897919999999999,0.8021,0.4809995051954478,0.0121559147341366,715.0,0,0.8958237723726479,0.8902965823576969,0.9005622108179155,0.04750689766415339,0.05211197708888414
2243.0,0.062199,21.638126,-1.069012,22.002041,0.169948,0.109526,0.079901,0.029625,0.0604219999999999,0.0900469999999999,0.844533,0.4902934313092697,0.006931318914277,716.0,0,0.8983678193028313,0.9044006533054507,0.8974875043632601,0.042108412214788116,0.052825711237164744
2244.0,0.05603,21.639176,-1.073343,21.99981,0.170444,0.108827,0.079381,0.029446,0.061617,0.091063,0.938829,0.4778798403064038,0.0185628704074102,717.0,0,0.908504100405053,0.8989360890204997,0.9152376213357898,0.06812688058829064,0.05279973960795846
2245.0,0.057868,21.636551,-1.070586,21.996003,0.171253,0.110513,0.079985,0.030528,0.0607399999999999,0.0912679999999999,0.853963,0.5025929767372945,0.0321912891872113,718.0,0,0.9105493146038269,0.9319677010669638,0.9022109664530207,0.0526983736174802,0.051885137504769994
2246.0,0.05918,21.635501,-1.069274,21.991408,0.170674,0.109457,0.079008,0.030449,0.0612169999999999,0.091666,0.91997,0.4973863896239669,0.0214983545193632,719.0,0,0.9145200231458396,0.9295559659914826,0.9092961595876617,0.06345904044796413,0.051278376677003835
2247.0,0.061937,21.63852,-1.069405,21.98852,0.170068,0.109268,0.079129,0.030139,0.0607999999999999,0.0909389999999999,0.693659,0.4956990838966464,0.0180330807201907,720.0,0,0.9072669952311588,0.920092195442126,0.9031021857152398,0.05066979300289398,0.05025512921320611
2248.0,0.062462,21.636157,-1.070718,21.98957,0.170702,0.110119,0.079144,0.0309749999999999,0.060583,0.0915579999999999,0.929399,0.5112736035917071,0.0500189705089355,721.0,0,0.9134425444459963,0.945613847633291,0.8998789427168825,0.05053194222878876,0.04988545376577561
2249.0,0.052486,21.638651,-1.06888,21.983663,0.169397,0.108812,0.07915,0.029662,0.0605849999999999,0.090247,0.703089,0.4895850526524282,0.00547649898467,722.0,0,0.9003631502284661,0.9055302001129547,0.8999086500256217,0.04043577010857857,0.04994694016500738
2250.0,0.05498,21.635501,-1.070586,21.981431,0.169967,0.109762,0.07978,0.0299819999999999,0.060205,0.090187,0.915255,0.4979902335315415,0.0227384880872325,723.0,0,0.899764550950776,0.9152992535832553,0.894264261364903,0.04666771689483373,0.05102446139959042
2251.0,0.056686,21.637864,-1.066912,21.984451,0.170196,0.109951,0.080315,0.0296359999999999,0.0602449999999999,0.0898809999999999,0.976548,0.4919164757826245,0.0102646173185561,724.0,0,0.896711694634555,0.9047364645184894,0.8948584075397141,0.04034646536428954,0.05081009569046987
2252.0,0.063643,21.641539,-1.06678,21.9813,0.170205,0.109804,0.07999,0.0298139999999999,0.0604009999999999,0.0902149999999999,0.712518,0.4935929273865103,0.0137075996568853,725.0,0,0.9000438972803638,0.9101705005113458,0.8971755776214835,0.04381014318984844,0.05060779512801159
2253.0,0.05708,21.635501,-1.069799,21.976968,0.169415,0.110108,0.080174,0.029934,0.059307,0.089241,0.759666,0.504721116881365,0.0365619187434362,726.0,0,0.8903266356725271,0.9138338955627127,0.8809256797403587,0.04272327620710581,0.05056506091473595
2254.0,0.067187,21.632876,-1.065599,21.97198,0.168432,0.107299,0.079874,0.027425,0.0611329999999999,0.088558,0.679515,0.4486047044197992,0.0786861543579534,727.0,0,0.883512580561487,0.8372384106971136,0.9080484526205551,0.07890209293412109,0.05304186924917722
2255.0,0.063774,21.636026,-1.065993,21.968567,0.169039,0.10847,0.080714,0.027756,0.060569,0.088325,0.877537,0.4582466567607727,0.0588841681031532,728.0,0,0.8811880200331234,0.8473432753804588,0.8996709915556981,0.050554716526274635,0.054851777279378865
2256.0,0.06443,21.641408,-1.064287,21.96686,0.169636,0.108276,0.079008,0.029268,0.06136,0.090628,0.929399,0.476980492495233,0.0204098898040326,729.0,0,0.904164255641799,0.8935020530276433,0.9114202321626184,0.061436034823381336,0.05493782759467099
2257.0,0.058524,21.641014,-1.06468,21.963972,0.16914,0.108307,0.079313,0.028994,0.060833,0.089827,0.957688,0.4766084755235559,0.0211739129706272,730.0,0,0.8961729552846348,0.8851373009936958,0.9035923563094617,0.05024245087013757,0.05706200948681389
2258.0,0.075324,21.638126,-1.060349,21.965547,0.169048,0.107541,0.078945,0.0285959999999999,0.061507,0.090103,0.646511,0.4649151329908303,0.0451889049470679,731.0,0,0.8989265119620098,0.8729870407400027,0.9136037193550549,0.07530002557320148,0.06163696969843178
2259.0,0.061805,21.636682,-1.062318,21.956489,0.169572,0.108507,0.079906,0.028601,0.0610649999999999,0.089666,0.693659,0.468362100022926,0.0381097583825023,732.0,0,0.8945667138894994,0.8731396822004793,0.9070384041233736,0.05853485041059503,0.06288823103388562
2260.0,0.051042,21.639439,-1.064943,21.954126,0.169443,0.108565,0.079985,0.0285799999999999,0.060878,0.089458,0.872822,0.4694558057786755,0.0358635798518209,733.0,0,0.89249156972684,0.8724985880664876,0.904260770756126,0.04752822004775492,0.05913561255392049
2261.0,0.055505,21.647052,-1.062187,21.957933,0.169213,0.107971,0.078656,0.0293149999999999,0.061242,0.090557,0.736092,0.4786669496922096,0.0169463586587972,734.0,0,0.903455913163199,0.8949368827560912,0.9096675009469211,0.06158828428571861,0.05836204743639778
2262.0,0.062987,21.645083,-1.067437,21.957933,0.168947,0.107284,0.07958,0.027704,0.061663,0.089367,0.505067,0.4492734820965231,0.0773126642292243,735.0,0,0.8915836941556766,0.8457558041915345,0.9159208894368244,0.08955974530602728,0.05609831828631732
2263.0,0.072831,21.645477,-1.060087,21.953208,0.169085,0.108045,0.07967,0.0283749999999999,0.06104,0.089415,0.79267,0.4648514932586293,0.0453196039028126,736.0,0,0.8920625735778287,0.8662402881870743,0.9066670627641171,0.05523588956164427,0.055077424408219625
2264.0,0.069812,21.645214,-1.05628,21.958065,0.169085,0.108717,0.080426,0.0282909999999999,0.060368,0.088659,1.061414,0.468634564097467,0.0375501901884074,737.0,0,0.8845202226789322,0.8636759116511196,0.8966854070272645,0.041375908134469785,0.05340772468342949
2265.0,0.070993,21.648365,-1.055624,21.956227,0.169461,0.108964,0.080809,0.028155,0.0604969999999999,0.088652,0.613507,0.4653872855301001,0.0442192301590005,738.0,0,0.8844503860965349,0.8595240639262436,0.8986015284410338,0.042819065351047514,0.05178139602974661
2266.0,0.056555,21.64679,-1.064024,21.953864,0.168791,0.108565,0.080473,0.0280919999999999,0.060226,0.088318,0.830388,0.4664353197071079,0.0420668488119699,739.0,0,0.881118183450726,0.8576007815242745,0.8945761881066796,0.03879874332257671,0.051285523221120136
2267.0,0.076243,21.646658,-1.055362,21.949926,0.169535,0.109505,0.079754,0.029751,0.0600299999999999,0.0897809999999999,0.820959,0.4955939431293832,0.0178171497598895,740.0,0,0.895714029171738,0.9082472181093828,0.8916648718500961,0.04003351208916062,0.04928131612661317
2268.0,0.070468,21.644164,-1.056412,21.952814,0.16936,0.108407,0.080462,0.0279449999999999,0.060953,0.088898,0.806814,0.4584604783935426,0.0584450357694353,741.0,0,0.8869046431350648,0.8531131225863539,0.9053747948338996,0.05860302832530018,0.04453780739474622
2269.0,0.063512,21.647446,-1.062187,21.952814,0.168993,0.108486,0.080394,0.028092,0.060507,0.088599,0.740807,0.4642691875454486,0.0465155037912091,742.0,0,0.8839216234012419,0.8576007815242775,0.8987500649847385,0.04227156387376618,0.043219928161618126
2270.0,0.065874,21.651646,-1.055624,21.95137,0.169875,0.109457,0.081344,0.028113,0.060418,0.088531,0.721948,0.4653006504576374,0.0443971553813437,743.0,0,0.8832432108865264,0.8582418756582663,0.8974280897457804,0.04256949196149018,0.04345811861486628
2271.0,0.066924,21.650202,-1.056018,21.949007,0.17015,0.109625,0.080772,0.028853,0.0605249999999999,0.089378,0.905825,0.4767042262829198,0.0209772665702137,744.0,0,0.8916934373565865,0.8808328118083434,0.8990174307634027,0.04154621334064901,0.043270940746526744
2272.0,0.059836,21.64679,-1.058774,21.949401,0.169342,0.108764,0.080095,0.028669,0.0605779999999999,0.0892469999999999,0.877537,0.4732498060383961,0.028071720035792,745.0,0,0.8903864956002951,0.8752156060629188,0.8998046744450295,0.04212465798735776,0.042745223488431405
2273.0,0.068893,21.650071,-1.05733,21.948219,0.169618,0.108948,0.080216,0.028732,0.0606699999999999,0.089402,0.844533,0.4735705691351718,0.0274129585932149,746.0,0,0.8919328770676624,0.8771388884648849,0.9011712106470986,0.04205709723036333,0.04294806850349259
2274.0,0.064562,21.647183,-1.057987,21.952945,0.169691,0.109037,0.080216,0.028821,0.060654,0.089475,0.8021,0.4751628060341273,0.0241429306909283,747.0,0,0.8926611728555189,0.879855906461313,0.900933552177175,0.043757812666951335,0.04114026645349039
2275.0,0.064562,21.64889,-1.057855,21.950845,0.169241,0.108843,0.08,0.0288429999999999,0.060398,0.089241,0.811529,0.477541018891041,0.0192587187970909,748.0,0,0.8903266356725271,0.8805275288873933,0.897131016658374,0.04094728666765213,0.040474676399517795
2276.0,0.080443,21.650202,-1.051687,21.958984,0.169011,0.108696,0.080252,0.0284439999999999,0.0603149999999999,0.0887589999999999,0.754952,0.4715829962199084,0.0314949007307224,749.0,0,0.885517888141748,0.8683467403416085,0.8958981633456363,0.03354157074162334,0.040631818408943886
2277.0,0.06758,21.654271,-1.052343,21.954389,0.169158,0.108659,0.079822,0.028837,0.060499,0.089336,0.462633,0.4766446280991736,0.0210996652684876,750.0,0,0.8912744178622033,0.8803443591348282,0.8986312357497759,0.04206196223977243,0.041440240597371315
2278.0,0.064168,21.652303,-1.056018,21.956358,0.168717,0.10877,0.080919,0.027851,0.059947,0.087798,0.773811,0.464585974511243,0.0458649082561426,751.0,0,0.8759303230440777,0.8502434631294552,0.8904320185373613,0.040525007825278236,0.04114019525492065
2279.0,0.061412,21.653484,-1.054443,21.955702,0.169829,0.109877,0.081119,0.028758,0.059952,0.08871,0.717233,0.4796757460010342,0.0148745613780379,752.0,0,0.8850290320649687,0.8779326240593469,0.8905062868092128,0.035615663334040204,0.0406755322135036
2280.0,0.067318,21.65099,-1.052474,21.959246,0.169516,0.108869,0.080258,0.0286109999999999,0.060647,0.089258,0.627652,0.471755045508508,0.031141557597764,753.0,0,0.8904962388012061,0.8734449651214232,0.9008295765965828,0.0441409120557511,0.03979025207350183
2281.0,0.073093,21.653484,-1.049849,21.965416,0.169379,0.108628,0.080436,0.028192,0.060751,0.088943,0.91997,0.4640505662365026,0.0469644933735738,754.0,0,0.8873535925933324,0.8606536107337475,0.9023743566510957,0.049630435224923275,0.04018963699210552
2282.0,0.071518,21.646658,-1.055362,21.963578,0.169066,0.108696,0.080357,0.028339,0.0603699999999999,0.088709,0.948259,0.4694141226747942,0.0359491857769411,755.0,0,0.8850190554103405,0.8651412696716682,0.8967151143360037,0.03912420456285115,0.04081853973282993
2283.0,0.070599,21.645477,-1.050112,21.958984,0.170013,0.10993,0.081077,0.028853,0.060083,0.088936,0.853963,0.480211037880301,0.0137752153057177,756.0,0,0.8872837560109352,0.8808328118083434,0.8924521155317243,0.037410466816192756,0.03996650058301502
2284.0,0.070074,21.644952,-1.05103,21.966466,0.169627,0.109389,0.080279,0.0291099999999999,0.060238,0.089348,0.618222,0.4832417536811699,0.00755093722295,757.0,0,0.8913941377177413,0.8886785828766779,0.8947544319591234,0.03490501126693368,0.039221073181520426
2285.0,0.063643,21.64784,-1.042893,21.965941,0.169544,0.108922,0.07979,0.029132,0.0606219999999999,0.089754,0.915255,0.4805436880391932,0.0130920410230522,758.0,0,0.8954446594967784,0.8893502053027643,0.9004582352373234,0.044941135853688974,0.038848698502180576
2286.0,0.062593,21.644952,-1.046305,21.96791,0.169351,0.108969,0.080168,0.0288009999999999,0.060382,0.089183,0.637081,0.4769719954291769,0.0204273405006654,759.0,0,0.8897479897040932,0.879245340619416,0.896893358188449,0.03983059814886747,0.038612955482799895
2287.0,0.073487,21.640752,-1.04473,21.968829,0.169213,0.108906,0.080462,0.0284439999999999,0.060307,0.088751,0.759666,0.471645552828812,0.0313664262199752,760.0,0,0.8854380749047237,0.8683467403416085,0.8957793341106752,0.03354157074162334,0.03825995020495822
2288.0,0.079262,21.637207,-1.046568,21.968173,0.169985,0.110208,0.081192,0.029016,0.059777,0.088793,0.688944,0.4853959650707618,0.0031267643150049,761.0,0,0.8858570943991069,0.8858089234197792,0.8879068972944074,0.03307073381033232,0.038200681535898874
2289.0,0.0769,21.643245,-1.047749,21.967779,0.169618,0.109946,0.081234,0.028712,0.0596719999999999,0.0883839999999999,0.679515,0.4811556315251454,0.0118352730917229,762.0,0,0.8817766426561843,0.8765283226229909,0.8863472635855227,0.03189191654064172,0.0380668523287601
2290.0,0.062593,21.644952,-1.046174,21.967385,0.169673,0.109232,0.080399,0.0288329999999999,0.0604409999999999,0.0892739999999999,0.655941,0.4770358360080738,0.0202962290596304,763.0,0,0.8906558652752556,0.8802222459664464,0.897769723796296,0.04178348186194425,0.038255550289283256
2291.0,0.068368,21.638783,-1.042105,21.963709,0.169627,0.110355,0.080363,0.0299919999999999,0.059272,0.089264,0.849248,0.5059976717898536,0.0391836204338675,764.0,0,0.890556098728975,0.9156045365042023,0.8804058018373976,0.046100382446506494,0.03761538232533771
2292.0,0.079918,21.634451,-1.043155,21.973292,0.16925,0.108953,0.079985,0.0289679999999999,0.060297,0.089265,0.8021,0.4804139440777469,0.0133585003510333,765.0,0,0.8905660753836032,0.8843435653992306,0.8956307975669721,0.038531517872257726,0.03751907645488726
2293.0,0.075456,21.638389,-1.042105,21.969485,0.169737,0.109547,0.080074,0.029473,0.0601899999999999,0.0896629999999999,0.608793,0.4896579222807397,0.0056261536735948,766.0,0,0.8945367839256139,0.8997603529070566,0.8940414565493467,0.03607217474480506,0.03894130968463609
2294.0,0.069943,21.63432,-1.043155,21.963578,0.169608,0.110429,0.080893,0.0295359999999999,0.059179,0.088715,0.872822,0.4990875295708007,0.0249920400981173,767.0,0,0.8850789153381097,0.9016836353090195,0.8790244119809583,0.036791990872165226,0.03948818192502621
2295.0,0.079262,21.637207,-1.046305,21.966729,0.169544,0.109027,0.080536,0.028491,0.060517,0.089008,0.91997,0.4707855514061932,0.0331326386785701,768.0,0,0.8880020751441635,0.8697815700700624,0.8988986015284417,0.03853945621423349,0.040198028147029385
2296.0,0.080837,21.63747,-1.038693,21.972242,0.169388,0.108922,0.080294,0.028628,0.060466,0.089094,1.127421,0.4734483271867299,0.0276640107968771,769.0,0,0.8888600674421862,0.8739639460870362,0.8981410651555555,0.03886753944436294,0.04046003765990328
2297.0,0.076506,21.633663,-1.035281,21.971717,0.170086,0.109321,0.079958,0.029363,0.0607649999999999,0.0901279999999999,0.91054,0.4832142974689795,0.0076073249250645,770.0,0,0.899175928327713,0.8964022407766398,0.9025823078122787,0.04776390303911171,0.04087125308701902
2298.0,0.070468,21.630251,-1.040662,21.966335,0.169131,0.108622,0.080111,0.0285109999999999,0.060509,0.08902,0.882251,0.4711783176334488,0.0323260021014097,771.0,0,0.8881217949997016,0.8703921359119534,0.8987797722934792,0.03853945621423349,0.04189018951503065
2299.0,0.074406,21.626575,-1.035674,21.973292,0.169562,0.109127,0.080709,0.028418,0.0604349999999999,0.0888529999999999,0.820959,0.4702164272949898,0.0343014670889155,772.0,0,0.8864556936767962,0.8675530047471494,0.8976806018700743,0.03899037876067346,0.04201310530828226
2300.0,0.074668,21.623294,-1.036331,21.973161,0.169912,0.109263,0.080431,0.0288319999999999,0.060649,0.089481,0.778526,0.4753833470733716,0.0236899984969806,773.0,0,0.892721032783288,0.8801917176743516,0.9008592839053234,0.0444035769906832,0.04231381271562216
2301.0,0.082543,21.623294,-1.034362,21.975393,0.169333,0.108365,0.079727,0.0286379999999999,0.060968,0.089606,0.891681,0.4697141170102838,0.0353330778044262,774.0,0,0.8939681146118093,0.8742692290079801,0.9055975996494544,0.0502125367176639,0.04209758666809983
2302.0,0.079262,21.626444,-1.036855,21.977099,0.169397,0.108622,0.079638,0.0289839999999999,0.0607749999999999,0.0897589999999999,0.976548,0.4768987758325654,0.0205777139306938,775.0,0,0.8954945427699181,0.8848320180727458,0.9027308443559818,0.04872088215237402,0.0415604293670863
2303.0,0.082412,21.626575,-1.031868,21.977887,0.16903,0.109121,0.080294,0.0288269999999999,0.059909,0.088736,0.877537,0.4811717576364543,0.011802154380575,776.0,0,0.8852884250853011,0.8800390762138782,0.8898675796712892,0.037301332677321164,0.03998612231487697
2304.0,0.08845,21.623162,-1.031212,21.980775,0.169305,0.109106,0.081035,0.028071,0.060199,0.08827,0.868107,0.4662956810631227,0.0423536291663058,777.0,0,0.8806393040285739,0.8569596873902889,0.8941751394386811,0.03979906494556418,0.04030008466457421
2305.0,0.077425,21.621325,-1.036593,21.980512,0.169296,0.10931,0.080352,0.0289579999999999,0.059986,0.088944,0.55693,0.4827379265507526,0.008585663133067,778.0,0,0.8873635692479606,0.8840382824782836,0.8910113110578036,0.036377195739010215,0.04063622278679514
2306.0,0.074668,21.623688,-1.030162,21.983532,0.169213,0.109305,0.080273,0.029032,0.059908,0.08894,0.816244,0.4846016458295081,0.0047580831746085,779.0,0,0.887323662629448,0.8862973760932944,0.889852726016919,0.0334959664342277,0.040291740632881545
2307.0,0.086612,21.62185,-1.029506,21.984582,0.16857,0.108901,0.08084,0.028061,0.059669,0.08773,0.773811,0.4702698173286408,0.034191818267275,780.0,0,0.8752519105293621,0.8566544044693419,0.8863027026224133,0.03202083251701837,0.0387444381832789
2308.0,0.080706,21.619093,-1.029768,21.984188,0.169406,0.108806,0.080373,0.028433,0.0606,0.089033,0.632367,0.4691836768370159,0.0364224597727865,781.0,0,0.8882514915098677,0.8680109291285699,0.900131454841178,0.04167907971120588,0.03678118587522191
2309.0,0.082281,21.6187,-1.027012,21.985238,0.169921,0.109515,0.08052,0.028995,0.0604059999999999,0.089401,0.585218,0.4799940404257787,0.0142208699262574,782.0,0,0.8919229004130342,0.8851678292857906,0.897249845893335,0.042351759982882764,0.03653059635376986
2310.0,0.084644,21.61253,-1.029506,21.985501,0.169801,0.10941,0.080342,0.0290679999999999,0.060391,0.089459,0.820959,0.4813220294078684,0.0114935364319693,783.0,0,0.8925015463814682,0.8873963946087006,0.8970270410777818,0.04095875545154726,0.03670531119327834
2311.0,0.070862,21.617649,-1.032262,21.983794,0.169397,0.109505,0.080725,0.02878,0.0598919999999999,0.0886719999999999,0.952974,0.4805236004207504,0.013133295608247,784.0,0,0.8846499191890974,0.8786042464854303,0.8896150675469924,0.0347395122216374,0.035866841562654
2312.0,0.082543,21.614893,-1.025699,21.98537,0.169397,0.109799,0.080725,0.0290739999999999,0.059598,0.0886719999999999,0.886966,0.4878269769627005,0.0018658826476709,785.0,0,0.8846499191890974,0.8875795643612687,0.8852480931621208,0.029088359071804182,0.0359967886655113
2313.0,0.088056,21.613187,-1.029374,21.983269,0.169186,0.1093,0.080342,0.0289579999999999,0.059886,0.088844,0.769096,0.4835440078815101,0.0069301880936314,786.0,0,0.8863659037851437,0.8840382824782836,0.889525945620772,0.03479543746280067,0.0376695523100849
2314.0,0.090681,21.612662,-1.021631,21.984451,0.169369,0.108806,0.079906,0.0288999999999999,0.0605629999999999,0.0894629999999999,0.891681,0.4771811637276269,0.0199977648686385,787.0,0,0.8925414529999799,0.8822676415367912,0.8995818696294747,0.04154621334064901,0.04257590250624508
2315.0,0.090944,21.611743,-1.025962,21.989702,0.169443,0.110009,0.081019,0.02899,0.059434,0.088424,0.754952,0.4877597375283922,0.0017277908684474,788.0,0,0.8821757088413121,0.8850151878253171,0.882812093845389,0.027992499432766826,0.043144721211281545
2316.0,0.08635,21.610561,-1.023468,21.990227,0.168947,0.109064,0.080147,0.0289169999999999,0.059883,0.0888,0.542785,0.4828835749114953,0.0082865404309971,789.0,0,0.8859269309815041,0.882786622502401,0.889481384657661,0.03479543746280067,0.04457146799190383
2317.0,0.075456,21.6187,-1.024387,21.989702,0.169829,0.109116,0.080027,0.029089,0.060713,0.089802,0.943544,0.4791151958362157,0.0160257812001576,790.0,0,0.8959235389189306,0.8880374887426923,0.9018099177850237,0.04874846896275431,0.04422695067891079
2318.0,0.081625,21.612924,-1.022287,21.992064,0.169333,0.107499,0.079502,0.0279969999999999,0.061834,0.089831,0.797385,0.4527694671302658,0.0701328478251358,791.0,0,0.8962128619031474,0.8547005937752782,0.9184608643341484,0.09074258167280769,0.04534362327959187
2319.0,0.085694,21.615156,-1.025174,21.994559,0.169369,0.108717,0.080693,0.0280239999999999,0.060652,0.0886759999999999,0.608793,0.4620381514517006,0.0510974540539815,792.0,0,0.8846898258076099,0.8555248576618351,0.9009038448684343,0.04803994703324743,0.04580025741157241
2320.0,0.089894,21.60938,-1.020974,21.991933,0.169627,0.108565,0.079911,0.028654,0.061062,0.089716,0.717233,0.4692530665050848,0.0362799519896389,793.0,0,0.895065546620908,0.8747576816814983,0.9069938431602641,0.05522622325777016,0.04698626518193309
2321.0,0.091863,21.612924,-1.020581,21.988389,0.169663,0.109615,0.080321,0.029294,0.060048,0.089342,0.707803,0.4878349348032439,0.0018822259196022,794.0,0,0.8913342777899723,0.8942957886221056,0.8919322376287632,0.03129433909170698,0.04791967692567406
2322.0,0.079525,21.605836,-1.020581,21.994034,0.16981,0.109373,0.08009,0.029283,0.0604369999999999,0.08972,0.731378,0.4845130547006851,0.0049400256125311,795.0,0,0.8951054532394206,0.8939599774090639,0.8977103091788149,0.04025508507861497,0.05001883685408506
2323.0,0.086087,21.60623,-1.020056,21.987076,0.169866,0.109825,0.080163,0.029662,0.0600409999999999,0.0897029999999999,0.773811,0.4940208520702178,0.0145864422818229,796.0,0,0.8949358501107406,0.9055302001129547,0.8918282620481696,0.03936177878260605,0.04900294866705267
2324.0,0.090681,21.602161,-1.016643,21.988258,0.169443,0.10837,0.079664,0.0287059999999999,0.061073,0.089779,0.703089,0.4700199757671019,0.034704925882052,797.0,0,0.8956940758624826,0.8763451528704196,0.9071572333583376,0.05340629104425587,0.04419005906801386
2325.0,0.084381,21.600323,-1.018874,21.990227,0.169663,0.110261,0.080898,0.029363,0.059402,0.088765,0.637081,0.4943016345975791,0.0151630943488292,798.0,0,0.8855777480695182,0.8964022407766398,0.8823367769055388,0.037326616870176466,0.04440763635967261
2326.0,0.090287,21.599535,-1.019793,21.992852,0.169866,0.108843,0.080305,0.0285379999999999,0.0610229999999999,0.0895609999999999,0.78324,0.4676520713162034,0.0395679670723843,799.0,0,0.8935191651535406,0.8712163997985102,0.9064145506398202,0.055787036746910657,0.04223461067731836
2327.0,0.088056,21.596123,-1.018349,21.991671,0.169875,0.109578,0.080672,0.028906,0.060297,0.089203,0.868107,0.4793857176025738,0.0154702019865698,800.0,0,0.8899475227966567,0.8824508112893624,0.8956307975669721,0.03858958709243043,0.042125408295499475
2328.0,0.090025,21.59691,-1.018349,21.994165,0.170178,0.1094,0.080688,0.028712,0.060778,0.08949,0.967118,0.4724000065812205,0.0298169803912928,801.0,0,0.8928108226749415,0.8765283226229909,0.9027754053190943,0.04261368568241963,0.04150592724053881
2329.0,0.100657,21.594154,-1.019268,21.989702,0.169379,0.108517,0.079186,0.0293309999999999,0.060862,0.090193,0.905825,0.4819184069138885,0.0102687368520443,802.0,0,0.899824410878545,0.8954253354296062,0.9040231122862008,0.05021571994983487,0.04409360828763239
2330.0,0.108663,21.593366,-1.018218,21.993771,0.169324,0.109347,0.080284,0.029063,0.059977,0.08904,0.806814,0.4845610057020908,0.004841547105569,803.0,0,0.8883213280922648,0.88724375314823,0.8908776281684708,0.0334959664342277,0.04820346253249248
2331.0,0.086612,21.594154,-1.016643,21.995478,0.168736,0.108502,0.079202,0.0293,0.0602339999999999,0.089534,0.934114,0.4864281563874825,0.0010069199574291,804.0,0,0.893249795478581,0.8944789583746737,0.8946950173416406,0.030202315273518132,0.05247106066277477
2332.0,0.084775,21.593104,-1.014018,21.994821,0.169287,0.109232,0.080132,0.0291,0.060055,0.089155,0.703089,0.484547755428267,0.0048687596171903,805.0,0,0.8894686433745045,0.888373299955734,0.8920362132093554,0.03406027452900828,0.053904070017811355
2333.0,0.074406,21.587328,-1.018874,21.991802,0.169397,0.108218,0.079617,0.028601,0.061179,0.08978,0.571074,0.4674893756129454,0.0399021004476279,806.0,0,0.8957040525171108,0.8731396822004793,0.9087317207215911,0.06523858925354187,0.05650840409818954
2334.0,0.08425,21.587459,-1.011393,21.997578,0.168791,0.107205,0.079607,0.0275979999999999,0.061586,0.089184,0.853963,0.4481140500430285,0.0796938269621193,807.0,0,0.8897579663587214,0.8425198052294933,0.91477715805031,0.09450483349285677,0.056659650835356776
2335.0,0.091731,21.587459,-1.015068,21.997315,0.169471,0.108076,0.080037,0.028039,0.061395,0.089434,0.957688,0.456690989641019,0.0620790914789408,808.0,0,0.892252130015764,0.8559827820432586,0.9119401100655795,0.08000259817299937,0.059241175858433984
2336.0,0.098688,21.58339,-1.010212,22.000072,0.168965,0.107798,0.079922,0.0278759999999999,0.061167,0.089043,0.627652,0.4557284854826052,0.0640558170881419,809.0,0,0.8883512580561495,0.8510066704318197,0.9085534768691473,0.07011713029727651,0.06111036638740306
2337.0,0.096194,21.583784,-1.010212,21.997709,0.168928,0.107756,0.07947,0.028286,0.0611719999999999,0.089458,1.084988,0.4623935396334986,0.0503675819656102,810.0,0,0.89249156972684,0.8635232701906491,0.9086277451409974,0.06463292789621222,0.06199799182861694
2338.0,0.089237,21.580896,-1.008374,21.998366,0.169884,0.109205,0.080342,0.028863,0.060679,0.089542,0.839818,0.4756591957811469,0.0231234791732376,811.0,0,0.8933296087156063,0.8811380947292904,0.9013048935364328,0.044126153054092065,0.06367579401944737
2339.0,0.090812,21.575383,-1.010999,21.999416,0.169397,0.107903,0.079433,0.0284699999999999,0.0614939999999999,0.0899639999999999,1.009551,0.4629644686559883,0.0491950467511635,812.0,0,0.8975397569686931,0.8691404759360707,0.9134106218482394,0.0760309701806069,0.06130655642815809
2340.0,0.095669,21.574727,-1.012706,21.999547,0.170215,0.109326,0.080079,0.029247,0.060889,0.090136,0.698374,0.4803251765478734,0.0135408050694418,813.0,0,0.8992557415647393,0.8928609588936546,0.9044241609541994,0.05218787172391848,0.0578502083762195
2341.0,0.08635,21.573414,-1.007981,21.99981,0.169673,0.109405,0.081229,0.028176,0.0602679999999999,0.088444,0.863392,0.467504023627404,0.0398720173513098,814.0,0,0.8823752419338755,0.8601651580602323,0.8952000415902314,0.03907856968565693,0.054869248766864706
2342.0,0.082675,21.574464,-1.002337,22.002304,0.170022,0.109279,0.080861,0.028418,0.060743,0.089161,1.02841,0.4678322138812063,0.0391980025185321,815.0,0,0.8895285033022735,0.8675530047471494,0.9022555274161331,0.050838296437312636,0.051221723206397354
2343.0,0.085169,21.572627,-1.008112,21.99981,0.170003,0.109431,0.080599,0.0288319999999999,0.0605719999999999,0.0894039999999999,1.117992,0.4759876512637644,0.0224489196315496,816.0,0,0.8919528303769179,0.8801917176743516,0.8997155525188075,0.04154621334064901,0.04779573808264612
2344.0,0.110238,21.572496,-1.00155,21.998103,0.17004,0.108701,0.079397,0.029304,0.0613389999999999,0.090643,0.78324,0.4777306814476689,0.0188692027316115,817.0,0,0.9043139054612216,0.8946010715430525,0.9111083054208403,0.05994135297347092,0.047537744111301815
2345.0,0.110632,21.564095,-1.006799,22.001647,0.169783,0.108953,0.079733,0.0292199999999999,0.0608299999999999,0.0900499999999999,0.91054,0.4803471913991221,0.013495592464524,818.0,0,0.8983977492667157,0.8920366950070947,0.9035477953463492,0.05019300207945143,0.04337738690240972
2346.0,0.087925,21.567114,-1.004568,21.999941,0.169039,0.10899,0.080352,0.0286379999999999,0.0600489999999999,0.0886869999999999,0.736092,0.4769025811823481,0.0205698987619992,819.0,0,0.88479956900852,0.8742692290079801,0.8919470912831321,0.033641874692602936,0.04311593961791745
2347.0,0.100263,21.568295,-0.99945,21.999285,0.169287,0.109132,0.080767,0.028365,0.0601549999999999,0.0885199999999999,0.736092,0.4715240375024936,0.031615986136516,820.0,0,0.8831334676856155,0.8659350052661304,0.8935215786463857,0.030373076658699927,0.04879391319549921
2348.0,0.088844,21.562388,-1.004174,21.994559,0.169535,0.108943,0.0801,0.0288429999999999,0.0605919999999999,0.0894349999999999,0.849248,0.4760120806033699,0.0223987483145822,821.0,0,0.8922621066703912,0.8805275288873933,0.900012625606214,0.04154621334064901,0.05271145131346413
2349.0,0.101707,21.56252,-1.002862,21.996528,0.168883,0.108701,0.080121,0.02858,0.060182,0.088762,0.622937,0.474884934283768,0.0247136048020032,822.0,0,0.8855478181056335,0.8724985880664906,0.8939226273143857,0.034427398091685935,0.05490874475625242
2350.0,0.0895,21.559369,-1.003256,21.997184,0.169259,0.108376,0.080263,0.028113,0.0608829999999999,0.0889959999999999,0.693659,0.4617469285855069,0.0516955477791438,823.0,0,0.8878823552886244,0.8582418756582663,0.9043350390279761,0.04957339887899581,0.0525663425925295
2351.0,0.096981,21.554513,-0.998006,21.992327,0.169048,0.107567,0.080452,0.027115,0.061481,0.088596,0.679515,0.4410233889593701,0.0942561446702645,824.0,0,0.8838916934373574,0.8277746401477569,0.9132175243414268,0.09585830546147445,0.05332404447394753
2352.0,0.098688,21.559894,-0.999581,21.995609,0.169838,0.107977,0.079827,0.02815,0.0618609999999999,0.090011,0.886966,0.4550451003847275,0.0654593069454195,825.0,0,0.898008659736218,0.8593714224657701,0.9188619130021456,0.09001367761696188,0.05527656894683115
2353.0,0.106563,21.559238,-0.9963,21.995871,0.169158,0.10795,0.079712,0.028238,0.061208,0.089446,0.78324,0.461337385025078,0.0525366405026468,826.0,0,0.8923718498713019,0.8620579121701036,0.9091624766983303,0.06351914776853185,0.056577415411731925
2354.0,0.092913,21.557663,-0.996037,21.996528,0.16925,0.109263,0.080499,0.0287639999999999,0.059987,0.088751,0.806814,0.4794958991798358,0.0152439185533692,827.0,0,0.8854380749047237,0.8781157938119122,0.8910261647121739,0.0365173313362418,0.056607414667196855
2355.0,0.106038,21.557926,-1.002993,21.996922,0.169351,0.108486,0.080699,0.0277869999999999,0.060865,0.088652,0.962403,0.4565274537508624,0.0624149503729209,828.0,0,0.8844503860965349,0.8482896524353913,0.9040676732493118,0.0577700208936317,0.056607414667196855
2356.0,0.0958,21.555825,-0.996562,21.996265,0.169608,0.109048,0.08135,0.027698,0.06056,0.088258,1.009551,0.4573570449629299,0.0607111923374602,829.0,0,0.880519584173036,0.8455726344389664,0.8995373086663653,0.053167119421439146,0.056161502591217126
2357.0,0.103282,21.557007,-0.992625,22.001516,0.169415,0.108953,0.080725,0.0282279999999999,0.060462,0.08869,1.02841,0.4668640325488312,0.0411863875216788,830.0,0,0.8848294989724055,0.8617526292491535,0.8980816505380743,0.04338154130770766,0.05077761731910193
2358.0,0.097506,21.558451,-0.9963,22.000991,0.169893,0.109326,0.080672,0.028654,0.0605669999999999,0.089221,0.655941,0.4730880993263773,0.0284038222880609,831.0,0,0.8901271025799636,0.8747576816814983,0.899641284246956,0.041846205895298305,0.046259967039607795
2359.0,0.102494,21.556088,-0.996037,21.999285,0.16981,0.109641,0.081056,0.028585,0.0601689999999999,0.0887539999999999,0.858677,0.4750706332059166,0.0243322289795682,832.0,0,0.8854680048686073,0.8726512295269641,0.8937295298075701,0.034427398091685935,0.04410479915935243
2360.0,0.113782,21.560945,-0.988556,22.001385,0.1697,0.109226,0.081376,0.02785,0.0604739999999999,0.0883239999999999,0.820959,0.4605208763952047,0.0542135304201554,833.0,0,0.8811780433784941,0.8502129348373605,0.8982598943905166,0.04511427811919855,0.04559744937684548
2361.0,0.101969,21.559107,-0.990656,21.998497,0.169608,0.109232,0.081103,0.028129,0.060376,0.088505,1.061414,0.4658893287178892,0.0431881679889805,834.0,0,0.882983817866194,0.8587303283317815,0.896804236262227,0.04201945274032248,0.04367232635880577
2362.0,0.110763,21.561207,-0.993018,21.999678,0.168313,0.107903,0.080042,0.0278609999999999,0.0604099999999999,0.0882709999999999,0.872822,0.4611908427273178,0.052837599111793,835.0,0,0.8806492806832011,0.8505487460503991,0.8973092605108164,0.04483717482202054,0.04278387372847037
2363.0,0.112732,21.562782,-0.9879,22.000729,0.169241,0.109016,0.08114,0.0278759999999999,0.060225,0.088101,0.853963,0.4628565735728754,0.0494166343381174,836.0,0,0.8789532493964132,0.8510066704318197,0.8945613344523092,0.04196746896597814,0.04568351606539213
2364.0,0.0979,21.560157,-0.993281,21.997709,0.169498,0.108675,0.080247,0.0284279999999999,0.060823,0.089251,0.604078,0.4673812968565038,0.0401240652503784,837.0,0,0.8904264022188088,0.8678582876680934,0.9034438197657585,0.05144383351117232,0.04808193875206569
2365.0,0.091075,21.558319,-0.991181,21.997184,0.168736,0.108444,0.080305,0.0281389999999999,0.060292,0.088431,0.712518,0.4667042608594695,0.0415145157559577,838.0,0,0.8822455454237093,0.8590356112527254,0.8955565292951204,0.03851879071323461,0.051701361894393914
2366.0,0.103675,21.559238,-0.993281,21.997841,0.169296,0.108754,0.080846,0.027908,0.060542,0.08845,0.646511,0.460961630576615,0.0533083394449892,839.0,0,0.8824351018616445,0.851983575778853,0.8992699428876996,0.044282593118085134,0.05106980841473173
2367.0,0.104857,21.555432,-0.99525,21.997053,0.168717,0.107767,0.080662,0.027105,0.06095,0.088055,0.382482,0.4447014815179406,0.0867023282114142,840.0,0,0.8784943232835173,0.8274693572268099,0.9053302338707887,0.07237796467692525,0.05131963127697843
2368.0,0.108401,21.560813,-0.990525,21.997709,0.169241,0.108554,0.081103,0.027451,0.060687,0.088138,0.797385,0.4523299499077247,0.0710354984182655,841.0,0,0.8793223856176554,0.8380321462915757,0.9014237227713955,0.06583043276203393,0.051945937805761025
2369.0,0.101575,21.560288,-0.984487,21.998366,0.169204,0.108412,0.081119,0.0272929999999999,0.060792,0.088085,0.853963,0.4489497146052999,0.077977595892878,842.0,0,0.8787936229223624,0.8332086761406102,0.9029833564802787,0.0706216295149682,0.05149023759078249
2370.0,0.10315,21.562913,-0.990656,21.996922,0.169562,0.109258,0.081108,0.0281499999999999,0.0603039999999999,0.0884539999999999,0.78324,0.4667937981925212,0.0413306300681134,843.0,0,0.8824750084801561,0.8593714224657671,0.8957347731475628,0.03879874332257671,0.05191304713674359
2371.0,0.103544,21.562388,-0.985012,21.998891,0.169057,0.108507,0.08041,0.028097,0.06055,0.088647,0.820959,0.4640220640451851,0.0470230292365134,844.0,0,0.8844005028233941,0.8577534229847511,0.8993887721226621,0.04451768136278944,0.051678253074771106
2372.0,0.103544,21.566851,-0.993543,21.993246,0.168883,0.10847,0.080741,0.027729,0.060413,0.088142,0.712518,0.458983017181448,0.0573718811291938,845.0,0,0.8793622922361681,0.846519011493902,0.8973538214739287,0.051100240109846484,0.054408313475209046
2373.0,0.103807,21.561732,-0.987768,21.995346,0.170095,0.109967,0.081056,0.0289109999999999,0.060128,0.089039,0.55693,0.4808162450730927,0.0125322819153461,846.0,0,0.8883113514376367,0.8826034527498328,0.8931205299783885,0.037410466816192756,0.052507240108995226
2374.0,0.082675,21.559763,-0.9795,21.994427,0.169627,0.1092,0.081607,0.027593,0.0604269999999999,0.08802,0.764381,0.4566260673859801,0.0622124243929035,847.0,0,0.8781451403715315,0.8423671637690229,0.8975617726351116,0.055671928970783435,0.055229041248502274
2375.0,0.101969,21.563439,-0.982781,21.993246,0.169204,0.108875,0.080567,0.028308,0.0603289999999999,0.088637,0.91054,0.46921929388364,0.0363493119036884,848.0,0,0.8843007362771124,0.8641948926167325,0.8961061145068207,0.03617085009350973,0.053431316475219814
2376.0,0.109451,21.565014,-0.980156,21.994165,0.169608,0.108738,0.081565,0.027173,0.06087,0.088043,0.552215,0.4464030490709861,0.0832077644440911,849.0,0,0.8783746034279794,0.8295452810892494,0.9041419415211633,0.07158319712246453,0.055281781394712605
2377.0,0.111813,21.563701,-0.981206,21.998891,0.16902,0.108701,0.081203,0.027498,0.060319,0.087817,0.901111,0.4558687002652521,0.0637678534993887,850.0,0,0.876119879482013,0.8394669760200266,0.8959575779631189,0.05336723101478702,0.05396285135859391
2378.0,0.115751,21.566851,-0.981862,21.994953,0.169342,0.107887,0.08051,0.027377,0.0614549999999999,0.088832,0.519211,0.4454731840666493,0.0851174579774693,851.0,0,0.8862461839296055,0.835773052676568,0.912831329327797,0.09304844415710445,0.056977488527399076
2379.0,0.121132,21.568295,-0.981075,21.994165,0.169636,0.109415,0.082032,0.027383,0.060221,0.087604,0.981262,0.4547009398558666,0.066166120443448,852.0,0,0.8739948520462127,0.8359562224291363,0.894501919834828,0.05264438178214359,0.05870998759913806
2380.0,0.122707,21.567114,-0.981075,21.995478,0.169516,0.109079,0.081502,0.0275769999999999,0.060437,0.088014,0.797385,0.456285780469241,0.0629112825296858,853.0,0,0.8780852804437623,0.8418787110955047,0.8977103091788163,0.0573033925175046,0.05806006597471779
2381.0,0.118245,21.571314,-0.9753,21.996528,0.169278,0.110066,0.081544,0.0285219999999999,0.059212,0.087734,0.990692,0.4816847651698104,0.0107485743829892,854.0,0,0.8752918171478749,0.870727947124995,0.8795145825751787,0.03132838100160251,0.059479315720858475
2382.0,0.110763,21.56777,-0.972937,21.997315,0.169866,0.108728,0.081833,0.026895,0.0611379999999999,0.0880329999999999,1.221718,0.4398992459804708,0.0965648331007185,855.0,0,0.8782748368816967,0.8210584158869232,0.9081227208924068,0.08124661179789816,0.05626696459205206
2383.0,0.113782,21.572889,-0.973987,22.000466,0.170352,0.109636,0.081896,0.02774,0.060716,0.088456,1.018981,0.4568736927055025,0.061703868345319,856.0,0,0.8824949617894137,0.8468548227069437,0.9018544787481346,0.054735457533582554,0.0566252688682307
2384.0,0.115882,21.581553,-0.973725,22.004142,0.16982,0.109127,0.081103,0.028024,0.060693,0.088717,0.79267,0.461726035522457,0.0517384565317183,857.0,0,0.8850988686473661,0.8555248576618381,0.9015128446976173,0.04917271272658075,0.05202693272869955
2385.0,0.118638,21.578927,-0.97215,22.00086,0.170196,0.110035,0.082778,0.0272569999999999,0.0601609999999999,0.0874179999999999,0.8021,0.4530600711412518,0.069536025062729,858.0,0,0.872139194285372,0.8321096576252011,0.8936107005726075,0.05036334755491656,0.05331001447103867
2386.0,0.124414,21.580503,-0.971625,21.998497,0.170371,0.109951,0.081276,0.0286749999999999,0.06042,0.089095,1.018981,0.4745866503368033,0.0253262000948385,859.0,0,0.8888700440968142,0.8753987758154839,0.897457797054521,0.039459685834400404,0.05146420066236871
2387.0,0.114701,21.585753,-0.965981,22.004142,0.169682,0.109321,0.081938,0.027383,0.060361,0.087744,0.627652,0.4536463337861569,0.0683319986969503,860.0,1,0.8753915836941565,0.8359562224291363,0.8965814314466722,0.05695027377657347,0.05243039951731067
2388.0,0.120607,21.581159,-0.967819,22.000991,0.16993,0.109888,0.082688,0.0272,0.060042,0.087242,0.42963,0.4530086771147344,0.0696415746206076,861.0,1,0.8703833030708151,0.8303695449758063,0.8918431157025413,0.04706508276179289,0.051099069276709506
2389.0,0.119163,21.580503,-0.970837,22.004404,0.169333,0.108622,0.08146,0.0271619999999999,0.060711,0.087873,0.651226,0.4473909606008694,0.0811788589025676,862.0,1,0.8766785721411905,0.8292094698762047,0.9017802104762831,0.0654751992055348,0.050385837340148586
2390.0,0.130189,21.59166,-0.967294,22.005061,0.169719,0.109893,0.08198,0.027913,0.059826,0.087739,0.622937,0.4665619202032527,0.0418068453193311,863.0,1,0.8753417004210157,0.8521362172393265,0.8886347263585529,0.038845254430805,0.05203026042126539
2391.0,0.118507,21.591397,-0.970443,22.003354,0.170408,0.110423,0.082473,0.0279499999999999,0.059985,0.087935,0.637081,0.4659420531457337,0.0430798861432972,864.0,1,0.8772971247281369,0.8532657640468273,0.8909964574034333,0.04099036955102209,0.05309954666260093
2392.0,0.127695,21.595335,-0.970706,22.005323,0.169498,0.10867,0.08126,0.02741,0.060828,0.088238,0.820959,0.4506074405300103,0.0745730710814613,865.0,1,0.8803200510804725,0.836780486315693,0.9035180880376101,0.06793330939188658,0.058783323664745236
2393.0,0.122313,21.596254,-0.968869,22.006636,0.16846,0.108055,0.081302,0.026753,0.060405,0.087158,1.061414,0.4428864682316326,0.0904298791136335,866.0,1,0.8695452640820488,0.8167233984094759,0.8972349922389662,0.04760313816797335,0.05909681806875999
2394.0,0.123495,21.599929,-0.971362,22.005323,0.168873,0.107898,0.081586,0.0263119999999999,0.060975,0.0872869999999999,1.03784,0.4315140383101546,0.1137858025848389,867.0,1,0.8708322525290818,0.8032604215957108,0.9057015752300466,0.06561694353774883,0.06016599197722502
2395.0,0.113782,21.603867,-0.969262,22.009786,0.168965,0.108118,0.081654,0.026464,0.060847,0.087311,0.424915,0.4349198001577702,0.1067912804270164,868.0,1,0.8710716922401588,0.807900721994108,0.9038003074706461,0.06105620996827188,0.05860900820682448
2396.0,0.125726,21.607017,-0.964012,22.011099,0.168276,0.106701,0.080798,0.025903,0.061575,0.087478,0.839818,0.420667143042744,0.1360624187095392,869.0,1,0.8727377935630632,0.790774350128982,0.9146137678522365,0.09629745585584348,0.05894695197298929
2397.0,0.132814,21.608199,-0.963619,22.010049,0.169121,0.108696,0.081523,0.027173,0.0604249999999999,0.087598,0.571074,0.4496905305663126,0.0764561584330628,870.0,1,0.8739349921184436,0.8295452810892494,0.8975320653263711,0.06008521781672105,0.05972709172905283
2398.0,0.110501,21.615024,-0.968344,22.006242,0.168028,0.107147,0.081449,0.025698,0.060881,0.086579,0.844533,0.4220952005518874,0.1331295712770798,871.0,1,0.8637687810523383,0.7845160502495687,0.9043053317192368,0.05775682184644315,0.057213814699545076
2399.0,0.125332,21.611086,-0.967031,22.010311,0.168616,0.108045,0.081502,0.0265429999999999,0.0605709999999999,0.0871139999999999,0.858677,0.4382057716436638,0.1000427755707105,872.0,1,0.8691062912784083,0.8103124570695862,0.8997006988644373,0.049905361501529355,0.05680448785303992
2400.0,0.121263,21.620012,-0.961125,22.009918,0.168258,0.108743,0.081602,0.027141,0.0595149999999999,0.086656,0.5475,0.4560286309563818,0.0634393987180876,873.0,1,0.8645369834587074,0.828568375742219,0.8840152398493831,0.042224692092453164,0.05518700870585295
2401.0,0.126514,21.620143,-0.968344,22.010705,0.168745,0.108255,0.081623,0.026632,0.06049,0.087122,0.769096,0.4402638409019523,0.0958160528362623,874.0,1,0.8691861045154348,0.8130294750660174,0.8984975528604432,0.04879176711165745,0.052230076969810454
2402.0,0.128745,21.623819,-0.963619,22.011099,0.169443,0.109111,0.082431,0.0266799999999999,0.060332,0.087012,0.769096,0.4422123879137452,0.0918142594463089,875.0,1,0.868088672506336,0.8144948330865599,0.8961506754699331,0.04280053909680903,0.04711597985950848
2403.0,0.115751,21.623425,-0.967162,22.014512,0.168469,0.108118,0.081581,0.026537,0.060351,0.086888,0.825674,0.4397037380699894,0.0969663539565731,876.0,1,0.866851567332443,0.810129287317021,0.8964328949029692,0.04350986970292181,0.04595909037261481
2404.0,0.124414,21.623031,-0.968212,22.010574,0.168827,0.108113,0.082289,0.025824,0.060714,0.086538,0.901111,0.4253314666886271,0.1264831478878799,877.0,1,0.8633597382125834,0.7883626150535008,0.901824771439394,0.0494421520658791,0.04449097371202475
2405.0,0.125726,21.622375,-0.968869,22.008867,0.169461,0.109342,0.082835,0.0265069999999999,0.060119,0.086626,0.745522,0.4409015302727875,0.0945064097567743,878.0,1,0.8642376838198623,0.8092134385541769,0.8929868470890557,0.031486892607846984,0.04362030808408398
2406.0,0.134126,21.620012,-0.967294,22.01123,0.169296,0.109368,0.0822,0.027168,0.0599279999999999,0.087096,0.618222,0.4533364481302877,0.0689684207908457,879.0,1,0.8689267114951024,0.829392639628776,0.8901497991043238,0.045156484752823745,0.04226323297479988
2407.0,0.136489,21.620012,-0.967031,22.010574,0.169259,0.108796,0.082163,0.026633,0.0604629999999999,0.0870959999999999,0.962403,0.4404769780365177,0.0953783262784245,880.0,1,0.8689267114951013,0.8130600033581121,0.898096504192443,0.048516322947784296,0.04094016421599857
2408.0,0.138589,21.621587,-0.960862,22.00703,0.168598,0.108229,0.081402,0.026827,0.0603689999999999,0.087196,0.406056,0.4443763458671527,0.0873700697081739,881.0,1,0.8699243769579192,0.8189824920244837,0.8967002606816333,0.043075655240542576,0.04584846160586982
2409.0,0.139508,21.62395,-0.962175,22.005192,0.169002,0.109457,0.082415,0.0270419999999999,0.059545,0.086587,0.990692,0.4541362979881098,0.0673257435269071,882.0,1,0.8638485942893637,0.8255460748248409,0.8844608494804941,0.04119870522212166,0.0493539574472354
2410.0,0.126776,21.624213,-0.955744,22.00296,0.168883,0.108596,0.082389,0.0262069999999999,0.060287,0.086494,0.872822,0.4346967887473459,0.1072492861013568,883.0,1,0.8629207654089439,0.8000549509257674,0.8954822610232689,0.02865394099961216,0.05281021257066345
2411.0,0.136095,21.623819,-0.961256,22.00401,0.168524,0.108213,0.081906,0.0263069999999999,0.060311,0.086618,0.684229,0.4361818543573417,0.104199359306796,884.0,1,0.864157870582837,0.8031077801352372,0.8958387487281564,0.03556107952364429,0.057555692976732
2412.0,0.13662,21.621194,-0.962831,21.998497,0.168625,0.107116,0.081276,0.02584,0.0615089999999999,0.087349,0.655941,0.420094293610795,0.1372388979303834,885.0,1,0.8714508051160292,0.788851067727016,0.9136334266637941,0.09188351299552155,0.05958930826949267
2413.0,0.127432,21.623162,-0.964012,21.997053,0.169112,0.108045,0.081329,0.026716,0.061067,0.087783,1.000122,0.4374795310146066,0.1015342792045913,886.0,1,0.8757806732246551,0.8155938516019721,0.9070681114321157,0.07856482811657761,0.0598190622565377
2414.0,0.132945,21.620143,-0.963356,21.994953,0.168515,0.107032,0.081407,0.025625,0.0614829999999999,0.087108,0.891681,0.4167750959599247,0.144055640425593,887.0,1,0.8690464313506404,0.7822874849266557,0.9132472316501659,0.08400470330015963,0.06297543600349702
2415.0,0.135045,21.623425,-0.96375,21.995084,0.168625,0.107509,0.081019,0.02649,0.061116,0.087606,0.764381,0.4334309602892812,0.1098489585370953,888.0,1,0.874014805355469,0.8086944575885702,0.9077959404962612,0.07894169666853246,0.06566935168537288
2416.0,0.130451,21.625,-0.960337,21.993902,0.169204,0.108218,0.082043,0.0261749999999999,0.060986,0.0871609999999999,0.599363,0.4291898273402527,0.1185591090741974,889.0,1,0.8695751940459324,0.799078045578737,0.9058649654281201,0.06549263768043045,0.07190326055900817
2417.0,0.13242,21.62395,-0.965981,21.990489,0.168579,0.107583,0.082095,0.0254879999999999,0.060996,0.086484,1.03784,0.4178566158991424,0.1418344882965087,890.0,1,0.8628209988626623,0.778105108909679,0.9060135019718233,0.050813862818234634,0.07845257107398737
2418.0,0.140295,21.625263,-0.962044,21.988651,0.168497,0.106249,0.081266,0.0249829999999999,0.062248,0.087231,0.868107,0.4013397805587236,0.1757556418987627,891.0,1,0.8702735598699053,0.7626883214018562,0.9246102772434595,0.07463939271013575,0.07811841252235956
2419.0,0.147121,21.626707,-0.958894,21.990752,0.169755,0.108901,0.081854,0.027047,0.0608539999999999,0.0879009999999999,0.905825,0.4444499219456085,0.0872189641599674,892.0,1,0.8769579184707782,0.8256987162853174,0.9039042830512368,0.06813786204088024,0.07639608224023092
2420.0,0.129664,21.617781,-0.95745,21.986026,0.168644,0.107179,0.081334,0.0258449999999999,0.0614649999999999,0.0873099999999999,0.811529,0.4204763609149773,0.1364542340741148,893.0,1,0.8710617155855297,0.7890037091874864,0.9129798658715003,0.09099302973596501,0.0716753800893081
2421.0,0.136095,21.62605,-0.964275,21.984713,0.169149,0.107446,0.081371,0.026075,0.0617029999999999,0.087778,0.764381,0.4225820044081421,0.13212980661019,894.0,1,0.8757307899515142,0.7960252163692703,0.9165150356116355,0.1010541846734363,0.07180992581204229
2422.0,0.13872,21.623556,-0.965719,21.981956,0.168781,0.106622,0.081234,0.0253879999999999,0.0621589999999999,0.0875469999999999,0.754952,0.4084298584298583,0.1611945219528515,895.0,1,0.873426182732406,0.7750522797002091,0.9232883020044999,0.0885419274792435,0.07121147514915512
2423.0,0.143839,21.626838,-0.961912,21.982219,0.169103,0.108139,0.082489,0.0256499999999999,0.060964,0.086614,0.787955,0.4207332075781184,0.1359267398578763,896.0,1,0.8641179639643243,0.7830506922290201,0.9055381850319731,0.061341525295291244,0.06929897725072517
2424.0,0.146202,21.633532,-0.960206,21.977493,0.168736,0.107677,0.082589,0.025088,0.061059,0.086147,0.773811,0.4108745496233212,0.1561737813706287,897.0,1,0.8594588662529689,0.7658937920718025,0.9069492821971532,0.03679768179093146,0.06654549661553796
2425.0,0.153946,21.633401,-0.960994,21.97815,0.169186,0.107945,0.08167,0.0262749999999999,0.061241,0.087516,0.811529,0.4290356291433981,0.1188757908484531,898.0,1,0.8731169064389337,0.8021308747882069,0.9096526472925507,0.08028715389587426,0.06115133454389613
2426.0,0.149483,21.634582,-0.958762,21.975918,0.168846,0.107982,0.081964,0.026018,0.060864,0.086882,0.651226,0.4274706317259508,0.1220898761553673,899.0,1,0.8667917074046739,0.7942851037198724,0.9040528195949415,0.05950813105155872,0.05296788947092344
2427.0,0.140558,21.63327,-0.961256,21.973292,0.168809,0.108412,0.082683,0.0257289999999999,0.0603969999999999,0.0861259999999999,0.703089,0.4259909268518823,0.1251287934349052,900.0,1,0.8592493565057763,0.7854624273045014,0.8971161630040022,0.0316888838339352,0.045763580238957824
2428.0,0.145414,21.636551,-0.95955,21.97198,0.168892,0.107746,0.082457,0.0252889999999999,0.0611459999999999,0.0864349999999999,0.712518,0.4135771174383043,0.1506234313136654,901.0,1,0.8623321427858809,0.7720299787828339,0.9082415501273693,0.047104586358263756,0.03870427480216976
2429.0,0.140689,21.632745,-0.957187,21.972505,0.168873,0.107877,0.08376,0.024117,0.0609959999999999,0.085113,0.787955,0.3953801006606882,0.1879952273323484,902.0,1,0.8491430053674409,0.7362508204478501,0.9060135019718217,0.014196241324461845,0.036849546914849284
2430.0,0.146989,21.633138,-0.966506,21.973555,0.169572,0.10973,0.084631,0.0250989999999999,0.059842,0.084941,1.127421,0.4194141336497166,0.1386357642209483,903.0,1,0.8474270207713958,0.7662296032848411,0.8888723848284781,0.009158579006238177,0.036344536608010417
2431.0,0.154996,21.63537,-0.964406,21.971455,0.169241,0.108213,0.08334,0.024873,0.061028,0.085901,0.853963,0.4075603401661506,0.1629802794527169,904.0,1,0.8570046092144391,0.7593302092714422,0.9064888189116733,0.029011092353780077,0.03017221164461572
2432.0,0.152108,21.63537,-0.965062,21.97198,0.169471,0.108875,0.083917,0.0249579999999999,0.060596,0.085554,0.707803,0.4118685743518654,0.1541323209572727,905.0,1,0.853542710058464,0.7619251140994886,0.9000720402236966,0.01794887311136284,0.02498679836326121
2433.0,0.147908,21.636945,-0.9585,21.973161,0.168919,0.107473,0.082814,0.024659,0.061446,0.086105,0.736092,0.4013051898383972,0.1758266819686804,906.0,1,0.8590398467585857,0.7527971547631768,0.9126976464384656,0.04279424642208651,0.022497619510347355
2434.0,0.154208,21.638914,-0.957056,21.975655,0.169222,0.107756,0.083476,0.02428,0.061466,0.085746,0.528641,0.3950087038573545,0.1887579768393583,907.0,1,0.8554582277470727,0.7412269320592859,0.912994719525872,0.031747578722542746,0.016184771674549025
2435.0,0.149614,21.638258,-0.961256,21.974343,0.169186,0.10878,0.083665,0.025115,0.060406,0.085521,1.084988,0.4157630738159484,0.1461340627072932,908.0,1,0.8532134804557344,0.7667180559583593,0.8972498458933366,0.018563904261927333,0.013559372545713266
2436.0,0.151189,21.637076,-0.961912,21.96896,0.169553,0.108974,0.08451,0.024464,0.060579,0.085043,0.660655,0.4038296467481016,0.1706421239809405,909.0,1,0.848444639543469,0.7468441378047105,0.8998195280994012,0.007653998238013604,0.013543033580747987
2437.0,0.148302,21.637732,-0.960469,21.968041,0.16914,0.108491,0.084332,0.024159,0.060649,0.084808,0.976548,0.3983347073371804,0.1819272569953022,910.0,1,0.846100125705849,0.7375330087158274,0.9008592839053234,0.006797095304796663,0.009941746896120285
2438.0,0.147908,21.633532,-0.960469,21.969223,0.169278,0.108659,0.08523,0.023429,0.060619,0.084048,0.91997,0.3864896073903002,0.2062539180324148,911.0,1,0.8385178681884398,0.7152473554866973,0.9004136742742139,-0.01602389199971954,0.008488978974435468
2439.0,0.153552,21.636289,-0.955219,21.970929,0.169369,0.108969,0.085219,0.0237499999999999,0.0603999999999999,0.0841499999999999,1.000122,0.3932054105064484,0.1924614581349741,912.0,1,0.8395354869605123,0.7250469372490925,0.8971607239671131,-0.012057749963895747,0.002455771922583239
2440.0,0.153552,21.637732,-0.959287,21.972505,0.17004,0.109321,0.085056,0.0242649999999999,0.0607189999999999,0.0849839999999999,0.717233,0.399621212121212,0.1792851209268764,913.0,1,0.8478560169204061,0.7407690076778625,0.9018990397112441,0.008995189356585387,0.0007006381827751485
2441.0,0.153552,21.637601,-0.962044,21.969092,0.169167,0.108061,0.084589,0.023472,0.061106,0.084578,0.995407,0.3841131130639698,0.2111346005249664,914.0,1,0.8438054951413699,0.7165600720467693,0.907647403952558,-0.007001774492496948,-0.0007447713941466816
2442.0,0.135045,21.63852,-0.967425,21.976049,0.168625,0.108019,0.083823,0.024196,0.0606059999999999,0.084802,0.948259,0.3992278119689146,0.180093059416193,915.0,1,0.8460402657780801,0.7386625555233312,0.9002205767673984,0.0034211938945146736,-0.004256253165478485
2443.0,0.145152,21.637601,-0.964669,21.978543,0.168561,0.107121,0.084295,0.022826,0.0614399999999999,0.084266,0.627652,0.371510880356765,0.2370162093550998,916.0,1,0.8406927788973808,0.6968387953535939,0.9126085245122423,-0.017537824096435783,-0.005154123169015046
2444.0,0.16064,21.63957,-0.961125,21.97513,0.169691,0.108707,0.084657,0.02405,0.060984,0.085034,0.816244,0.3943592686726244,0.1900917426729396,917.0,1,0.8483548496518155,0.7342054248775052,0.9058352581193794,0.014196241324461845,-0.004638250936845167
2445.0,0.162871,21.64272,-0.963094,21.982088,0.169011,0.107662,0.08409,0.0235719999999999,0.061349,0.084921,0.754952,0.3842216788916054,0.2109116354085091,918.0,1,0.8472274876788323,0.7196129012562361,0.9112568419645449,0.004109808492709033,-0.004334722968302407
2446.0,0.160246,21.647708,-0.964144,21.985501,0.168754,0.107714,0.085046,0.022668,0.0610399999999999,0.0837079999999999,0.872822,0.3713569567995284,0.2373323270931784,919.0,1,0.8351258056148609,0.6920153252026315,0.9066670627641157,-0.027460819475304432,-0.006320758871763021
2447.0,0.157883,21.65204,-0.966375,21.984188,0.169195,0.10847,0.08472,0.0237499999999999,0.060725,0.084475,0.594648,0.3911010110990348,0.1967833305801566,920.0,1,0.8427778997146684,0.7250469372490925,0.9019881616374675,-0.0021816047305689423,-0.007160778285371439
2448.0,0.159721,21.651384,-0.964406,21.987076,0.169167,0.109405,0.085083,0.0243219999999999,0.059762,0.084084,1.141566,0.4069742148151865,0.1641840238535329,921.0,1,0.838877027755054,0.7425091203272602,0.8876840924788527,-0.010865169678020759,-0.00890498460157757
2449.0,0.159065,21.658472,-0.963225,21.98537,0.169369,0.110313,0.085723,0.02459,0.059056,0.083646,0.453204,0.4163773981069137,0.1448724052404761,922.0,1,0.8345072530279154,0.7506907026086426,0.8771974124934092,-0.009022470278468142,-0.00919617721546383
2450.0,0.158408,21.659784,-0.963356,21.986682,0.170095,0.110224,0.085833,0.0243909999999999,0.0598709999999999,0.0842619999999999,0.552215,0.4073857562800641,0.1633388279696914,923.0,1,0.8406528722788673,0.7446155724817944,0.8893031408052158,-0.010865169678020759,-0.012222560641316781
2451.0,0.167334,21.664641,-0.959287,21.991408,0.170095,0.10982,0.085917,0.023903,0.0602749999999999,0.084178,1.009551,0.396559161191851,0.185573752966369,924.0,1,0.839814833290102,0.7297177659395845,0.8953040171708235,-0.01540196862858112,-0.014454536159692156
2452.0,0.162871,21.666741,-0.9627,21.990095,0.169673,0.110224,0.08628,0.023944,0.0594489999999999,0.083393,0.915255,0.4027586206896553,0.1728417244910738,925.0,1,0.8319831594069884,0.7309694259154671,0.8830348986609422,-0.014020869267546643,-0.012740804209249501
2453.0,0.164577,21.670548,-0.963356,21.995084,0.170187,0.109972,0.08639,0.023582,0.060215,0.083797,0.952974,0.3916234887737479,0.1957103014500348,926.0,1,0.8360137278767691,0.7199181841771861,0.8944127979086061,-0.02044975023529838,-0.014567618759722446
2454.0,0.165102,21.664379,-0.962175,21.990883,0.169388,0.109872,0.086185,0.023687,0.059516,0.083203,0.703089,0.3979871297276407,0.1826410882613347,927.0,1,0.8300875950276361,0.7231236548471296,0.8840300935037548,-0.016067592934067676,-0.01468498749834074
2455.0,0.173109,21.670679,-0.962044,21.991146,0.169847,0.109982,0.08629,0.0236919999999999,0.059865,0.0835569999999999,1.17457,0.3957505094711521,0.1872345068979304,928.0,1,0.8336193307660072,0.7232762963076,0.8892140188789953,-0.0182099466910447,-0.01718609897654023
2456.0,0.169696,21.673961,-0.965456,21.988126,0.169682,0.109452,0.08535,0.024102,0.06023,0.084332,0.985977,0.4001593863625043,0.1781798552553722,929.0,1,0.8413512381028402,0.7357928960664295,0.8946356027241609,-0.010323499970877892,-0.018938659767474088
2457.0,0.163921,21.670548,-0.964406,21.991014,0.169204,0.109106,0.085718,0.0233879999999999,0.060098,0.0834859999999999,1.056699,0.3891578894823539,0.200773981662449,930.0,2,0.8329109882874072,0.7139956955108115,0.892674920347279,-0.02044975023529838,-0.020642718216781153
2458.0,0.168909,21.676061,-0.966506,21.989439,0.169314,0.109295,0.085377,0.023918,0.0600189999999999,0.083937,1.193429,0.3985004998333891,0.1815867636372172,931.0,2,0.8374104595247129,0.7301756903210049,0.8915014816520226,-0.012038857064203712,-0.021779037440333104
2459.0,0.161165,21.676192,-0.958762,21.991802,0.168974,0.108181,0.085933,0.022248,0.060793,0.083041,0.905825,0.3659571668256736,0.2484220486619831,932.0,2,0.8284713769778725,0.6791934425228581,0.902998210134649,-0.034033585060463056,-0.023451611790867733
2460.0,0.175865,21.676061,-0.961781,21.992064,0.169489,0.108833,0.085928,0.0229049999999999,0.060656,0.083561,0.490922,0.3776151144962658,0.2244797482472375,933.0,2,0.833659237384521,0.6992505304290721,0.9009632594859157,-0.028390777587359306,-0.025436851874349874
2461.0,0.167465,21.67186,-0.967687,21.993377,0.169085,0.108911,0.08587,0.0230409999999999,0.060174,0.083215,0.811529,0.3828998753635228,0.2136262656378467,934.0,2,0.8302073148831741,0.703402378153951,0.8938037980794231,-0.032442553121651785,-0.02742771784346476
2462.0,0.182559,21.672648,-0.965587,21.993509,0.168524,0.108454,0.085203,0.0232509999999999,0.06007,0.083321,0.457919,0.3870586472674001,0.2050852626163453,935.0,2,0.8312648402737602,0.7098133194938379,0.8922590180249101,-0.025384061503066158,-0.02963962315854215
2463.0,0.168909,21.669892,-0.965325,21.994296,0.169094,0.108622,0.086096,0.0225259999999999,0.060472,0.0829979999999999,0.985977,0.372496816761199,0.2349913601919542,936.0,2,0.8280423808288603,0.6876803077251813,0.8982301870817774,-0.03717549374064466,-0.031375057504178815
2464.0,0.189909,21.676192,-0.969525,21.994953,0.16982,0.109363,0.086674,0.022689,0.060457,0.083146,0.641796,0.375285322041748,0.2292645176102687,937.0,2,0.8295189257138303,0.6926564193366203,0.8980073822662227,-0.0359199937688891,-0.0339830324359778
2465.0,0.179015,21.672123,-0.967687,21.993115,0.169755,0.109541,0.087351,0.02219,0.0602139999999999,0.0824039999999999,0.618222,0.3685128290293117,0.2431734033629082,938.0,2,0.8221162479797272,0.6774228015813656,0.8943979442542342,-0.038118606382193554,-0.03382036701352629
2466.0,0.17219,21.673698,-0.967819,22.000729,0.170527,0.110959,0.08807,0.022889,0.059568,0.082457,0.924685,0.3842434823482012,0.2108668569515588,939.0,2,0.8226450106750213,0.69876207775556,0.8848024835310114,-0.032442553121651785,-0.03479314989300971
2467.0,0.169959,21.671598,-0.967294,21.995346,0.169452,0.109552,0.087571,0.021981,0.0598999999999999,0.081881,0.891681,0.3669554765362849,0.246371788043752,940.0,2,0.8168984576091952,0.6710423885335735,0.8897338967819549,-0.03780409369166504,-0.03460263635603167
2468.0,0.159458,21.675798,-0.970837,21.996265,0.169443,0.109678,0.087613,0.022065,0.059765,0.08183,1.018981,0.3691898403774721,0.2417830034795105,941.0,2,0.8163896482231586,0.6736067650695282,0.8877286534419636,-0.038118606382193554,-0.035939035957048025
2469.0,0.18269,21.679605,-0.97215,22.005454,0.169599,0.108743,0.087949,0.020794,0.0608559999999999,0.08165,1.066129,0.3416862480897844,0.2982680116167149,942.0,2,0.8145938503900879,0.634805305817166,0.9039339903599775,-0.03240693083594792,-0.036121253438330204
2470.0,0.174159,21.676192,-0.972018,22.003879,0.170049,0.110003,0.087892,0.022111,0.060046,0.082157,0.6748,0.3682282212267058,0.2437579115201681,943.0,2,0.8196520142865701,0.6750110665058843,0.8919025303200226,-0.038118606382193554,-0.03633459078079121
2471.0,0.169565,21.678817,-0.969787,22.006505,0.170114,0.109179,0.088133,0.0210459999999999,0.0609349999999999,0.0819809999999999,0.886966,0.3453787580412235,0.29068458569649,944.0,2,0.8178961230720113,0.6424984354250272,0.9051074290552324,-0.030537417751871354,-0.036422496997918496
2472.0,0.174159,21.678161,-0.969656,22.008474,0.17004,0.110135,0.088532,0.0216029999999999,0.059905,0.081508,0.585218,0.3606149634427268,0.2593935028051363,945.0,2,0.8131771654328878,0.6595026941217743,0.889808165053808,-0.03874805751322974,-0.03711604935953653
2473.0,0.177834,21.682755,-0.973068,22.010049,0.170104,0.109956,0.08881,0.0211459999999999,0.060148,0.081294,0.693659,0.3515602919416781,0.2779893715944438,946.0,2,0.8110421613424594,0.645551264634497,0.8934176030657949,-0.038997668553466425,-0.037210445741693
2474.0,0.173765,21.679605,-0.971362,22.013987,0.170334,0.109778,0.088453,0.0213249999999999,0.060556,0.081881,0.934114,0.3521475634526148,0.2767832732881925,947.0,2,0.8168984576091952,0.651015828919448,0.899477894048884,-0.038053367193499166,-0.037456019752683166
2475.0,0.188859,21.677767,-0.969656,22.012412,0.169489,0.109326,0.08817,0.021156,0.0601629999999999,0.081319,0.698374,0.3516388537996145,0.2778280265912748,948.0,2,0.8112915777081636,0.6458565475554471,0.8936404078813481,-0.038997668553466425,-0.03836753281722283
2476.0,0.176259,21.678161,-0.971362,22.012543,0.170683,0.110549,0.088747,0.0218019999999999,0.060134,0.081936,0.533356,0.3625509270807348,0.2554175522928404,949.0,2,0.8174471736137445,0.6655778242486193,0.8932096519046104,-0.03937807673783211,-0.038455439034350114
2477.0,0.183084,21.678555,-0.968081,22.01123,0.169783,0.109909,0.08828,0.021629,0.0598739999999999,0.0815029999999999,0.585218,0.3612359081419626,0.2581182487938707,950.0,2,0.813127282159746,0.6602964297162395,0.8893477017683267,-0.03874805751322974,-0.03930146411450962
2478.0,0.192403,21.682624,-0.970181,22.01425,0.169268,0.109683,0.088852,0.020831,0.059585,0.080416,0.769096,0.3495955425771154,0.2820244402750747,951.0,2,0.8022826585789261,0.6359348526246699,0.8850549956553067,-0.04057434649209524,-0.03932642521853329
2479.0,0.185184,21.680261,-0.974775,22.014381,0.169278,0.109032,0.0887,0.020332,0.060246,0.080578,0.773811,0.3374773847660464,0.306911888991095,952.0,2,0.8038988766286896,0.6207012348694152,0.894873261194086,-0.04152206148134452,-0.03932642521853329
2480.0,0.182297,21.68223,-0.973856,22.014118,0.169884,0.110245,0.089293,0.020952,0.059639,0.080591,0.736092,0.3513078470824948,0.2785078256849498,953.0,2,0.8040285731388558,0.6396287759681284,0.8858570929913038,-0.038997668553466425,-0.03935788773379163
2481.0,0.180853,21.681311,-0.973593,22.013856,0.170499,0.10993,0.089136,0.0207939999999999,0.060569,0.081363,0.967118,0.3433052666336468,0.2949429813927432,954.0,2,0.8117305505118032,0.634805305817163,0.8996709915556981,-0.038997668553466425,-0.03945244573655724
2482.0,0.191091,21.674486,-0.975956,22.014512,0.169599,0.109043,0.088291,0.020752,0.060556,0.081308,1.004836,0.342685403834404,0.296216013471351,955.0,2,0.8111818345072538,0.6335231175491887,0.899477894048884,-0.038997668553466425,-0.03966684421090848
2483.0,0.190041,21.674354,-0.976875,22.013068,0.170573,0.110282,0.089356,0.020926,0.060291,0.081217,0.632367,0.347077555894646,0.2871957101499676,956.0,2,0.8102739589360903,0.6388350403736662,0.8955416756407502,-0.038997668553466425,-0.03991263985787443
2484.0,0.190172,21.673304,-0.975037,22.019501,0.170408,0.110738,0.089587,0.021151,0.05967,0.080821,1.018981,0.3544602905934206,0.272033551506357,957.0,2,0.806323203703335,0.6457039060949735,0.8863175562767837,-0.03836799234608257,-0.03994421610945459
2485.0,0.203297,21.676192,-0.978056,22.015825,0.169379,0.110276,0.089467,0.0208089999999999,0.059103,0.079912,0.745522,0.3520743096913913,0.2769337168831784,958.0,2,0.7972544246463283,0.6352632301985834,0.8778955342488142,-0.039943248581122526,-0.039912611359609065
2486.0,0.199229,21.674748,-0.981075,22.0174,0.169039,0.109883,0.089236,0.020647,0.059156,0.079803,0.6748,0.3490204033335023,0.2832056221554523,959.0,2,0.7961669692918578,0.6303176468792453,0.8786827779304409,-0.04152206148134452,-0.04045013581850947
2487.0,0.195685,21.671729,-0.979237,22.02042,0.169535,0.109599,0.089724,0.019875,0.0599359999999999,0.0798109999999999,0.8021,0.3315981780869914,0.3189862039981346,960.0,2,0.7962467825288821,0.6067498053821379,0.8902686283392863,-0.041206013982889256,-0.04020349250272285
2488.0,0.194503,21.672911,-0.977662,22.018976,0.16914,0.109064,0.08869,0.0203739999999999,0.060076,0.08045,0.434345,0.3391314479750983,0.3035148864161051,961.0,2,0.8026218648362838,0.6219834231373895,0.892348139951132,-0.0408901090078968,-0.03991896336624584
2489.0,0.192535,21.66976,-0.979631,22.016875,0.169085,0.109394,0.089461,0.019933,0.059691,0.079624,0.731378,0.3339308450043557,0.3141955312587159,962.0,2,0.7943811481134153,0.6085204463236303,0.8866294830185603,-0.041206013982889256,-0.03894216484013163
2490.0,0.185578,21.672386,-0.976612,22.021207,0.169333,0.109573,0.090176,0.0193969999999999,0.05976,0.079157,0.915255,0.3245762286440989,0.3334074064095148,963.0,2,0.78972205040206,0.5921572817608688,0.8876543851701121,-0.044372913142470494,-0.03865414306907987
2491.0,0.19516,21.670285,-0.978187,22.023176,0.169131,0.108129,0.088611,0.019518,0.061002,0.08052,1.160425,0.319951477796174,0.3429054053088993,964.0,2,0.8033202306602557,0.5958512051043304,0.9061026238980452,-0.036531235395600214,-0.03882064187823364
2492.0,0.198047,21.667266,-0.974643,22.019369,0.168589,0.107541,0.08839,0.019151,0.0610479999999999,0.0801989999999999,0.731378,0.3136988320857017,0.3557466640121558,965.0,2,0.8001177245246122,0.584647321905576,0.9067858919990782,-0.03615237718869635,-0.03752931722593487
2493.0,0.202904,21.676323,-0.980418,22.021338,0.168497,0.10711,0.088191,0.0189189999999999,0.061387,0.080306,0.655941,0.3081872678699418,0.3670659399205355,966.0,2,0.8011852265698274,0.5775647581396028,0.911821280830617,-0.029229683292324338,-0.03781427383122914
2494.0,0.185709,21.684462,-0.9795,22.023833,0.168634,0.107677,0.089052,0.0186249999999999,0.060957,0.079582,0.759666,0.3055382394435511,0.3725063344208332,967.0,2,0.7939621286190323,0.5685894402637613,0.9054342094513809,-0.03548777463556496,-0.03819430187212811
2495.0,0.191353,21.681443,-0.983568,22.023176,0.169553,0.108848,0.08932,0.019528,0.060705,0.080233,1.146281,0.3216815471287846,0.3393523065242659,968.0,2,0.8004569307819709,0.5961564880252774,0.9016910885500612,-0.041608236672660226,-0.03873254650863821
2496.0,0.203166,21.685905,-0.983568,22.020945,0.170049,0.108644,0.08995,0.018694,0.061405,0.080099,0.66537,0.3044327915838843,0.3747766280863077,969.0,2,0.7991200590617962,0.5706958924182987,0.9120886466092827,-0.028608814958356765,-0.03873254650863821
2497.0,0.183347,21.684068,-0.986456,22.025933,0.169581,0.109421,0.089635,0.0197859999999999,0.06016,0.079946,0.580504,0.3288841608350924,0.3245600681302995,970.0,2,0.7975936309036862,0.6040327873857066,0.8935958469182387,-0.04405558003583199,-0.03929488139966569
2498.0,0.200147,21.690631,-0.983831,22.025408,0.170086,0.110345,0.090984,0.019361,0.0597409999999999,0.0791019999999999,0.816244,0.3240768638478793,0.3344329678810076,971.0,2,0.7891733343975095,0.5910582632454627,0.8873721657370746,-0.04469038941688652,-0.04034890293346418
2499.0,0.197653,21.692994,-0.985537,22.026196,0.17015,0.110035,0.091299,0.0187359999999999,0.060115,0.0788509999999999,0.853963,0.311664116042318,0.3599254255013915,972.0,2,0.7866691940858388,0.5719780806862729,0.8929274324715745,-0.046588460347990246,-0.0417997736074726
2500.0,0.192666,21.688006,-0.984093,22.030265,0.169957,0.110108,0.090659,0.0194489999999999,0.059849,0.079298,1.000122,0.3249624060150375,0.3326143015775459,973.0,2,0.7911287587046318,0.5937447529497931,0.8889763604090702,-0.044372913142470494,-0.042913651275351974
2501.0,0.190303,21.692731,-0.98475,22.030134,0.170573,0.111169,0.091451,0.019718,0.059404,0.079122,0.877537,0.3319249221446006,0.3183151592647854,974.0,2,0.789372867490074,0.6019568635232702,0.8823664842142794,-0.04215458430587504,-0.04344733204194208
2502.0,0.195422,21.690631,-0.987375,22.028165,0.170444,0.110539,0.091163,0.019376,0.059905,0.079281,0.8021,0.3234400560878709,0.3357408003681118,975.0,2,0.7909591555759531,0.5915161876268832,0.889808165053808,-0.04669259252668123,-0.04524910567754227
2503.0,0.19621,21.691287,-0.98685,22.029084,0.169985,0.110072,0.090375,0.019697,0.0599129999999999,0.07961,0.688944,0.328754548185733,0.3248262577784433,976.0,2,0.794241474948621,0.6013157693892814,0.889926994288769,-0.043738390032408536,-0.04524737874967324
2504.0,0.192535,21.6968,-0.9879,22.030265,0.170426,0.110366,0.091425,0.018941,0.0600599999999999,0.0790009999999999,0.863392,0.3153627145735169,0.3523294952699596,977.0,2,0.7881656922800644,0.5782363805656893,0.8921104814812055,-0.046626551314358666,-0.04544759906065271
2505.0,0.180065,21.694175,-0.990918,22.028296,0.170077,0.110114,0.09131,0.018804,0.059963,0.078767,0.717233,0.313588152891735,0.3559739694167165,978.0,2,0.7858311550970736,0.5740540045487156,0.8906696770072864,-0.04694504433856128,-0.04567083411001299
2506.0,0.191091,21.696013,-0.989212,22.030396,0.170049,0.109751,0.090722,0.019029,0.060298,0.079327,0.858677,0.3155773727590839,0.3518886448809761,979.0,2,0.7914180816888488,0.5809228702700228,0.8956456512213423,-0.046626551314358666,-0.045800736169808356
2507.0,0.200672,21.697981,-0.994593,22.029609,0.169618,0.108728,0.090848,0.01788,0.0608899999999999,0.0787699999999999,0.632367,0.2936394541065183,0.3969432508626906,980.0,2,0.7858610850609571,0.5458458626532139,0.9044390146085682,-0.04403831075714171,-0.04625453699188897
2508.0,0.198835,21.697719,-0.994987,22.027771,0.169489,0.109646,0.090569,0.0190769999999999,0.059843,0.07892,0.943544,0.3187788249448565,0.3453137200176088,981.0,2,0.7873575832551837,0.5823882282905652,0.8888872384828483,-0.04669259252668123,-0.046371600345595364
2509.0,0.19936,21.702969,-1.001156,22.03184,0.169691,0.1091,0.091,0.0181,0.060591,0.078691,0.806814,0.2987193028782678,0.3865106027850618,982.0,2,0.7850729293453326,0.5525620869140476,0.899997771951845,-0.048820810841593065,-0.0465611507706396
2510.0,0.189253,21.702576,-0.997481,22.028165,0.170334,0.109767,0.090816,0.018951,0.060567,0.079518,0.924685,0.3128879936600185,0.357411908849761,983.0,2,0.7933236227228294,0.5785416634866362,0.8996412842469576,-0.04567193374042411,-0.04684448773408702
2511.0,0.18164,21.703101,-1.002337,22.032234,0.170114,0.110119,0.090722,0.0193969999999999,0.0599949999999999,0.0793919999999999,0.967118,0.3233048869924662,0.3360184014674146,984.0,2,0.7920665642396788,0.5921572817608688,0.891144993947135,-0.04669259252668123,-0.04680882933502991
2512.0,0.183215,21.708351,-1.004174,22.031446,0.169838,0.109578,0.09111,0.018468,0.0602599999999999,0.0787279999999999,0.740807,0.3064668691193309,0.3705991779212674,985.0,2,0.7854420655665739,0.5637964984048967,0.8950812123552688,-0.04786322606374516,-0.047092166298477324
2513.0,0.179147,21.711501,-1.004568,22.031446,0.169342,0.108806,0.089939,0.0188669999999999,0.0605359999999999,0.0794029999999999,0.773811,0.311660637296199,0.3599325699136845,986.0,2,0.7921763074405888,0.5759772869506785,0.8991808209614762,-0.04563389428285092,-0.04735099035419902
2514.0,0.194372,21.711239,-1.003912,22.032891,0.170031,0.110245,0.091924,0.0183209999999999,0.0597859999999999,0.0781069999999999,0.806814,0.3064378543830597,0.3706587664141897,987.0,2,0.7792465630424803,0.559308839466973,0.8880405801837389,-0.04945992094883278,-0.04648535562970718
2515.0,0.19411,21.708614,-1.009818,22.030921,0.169746,0.109667,0.091026,0.018641,0.060079,0.07872,1.004836,0.3102696404793609,0.3627893046156853,988.0,2,0.7853622523295496,0.5690778929372796,0.892392700914243,-0.046588460347990246,-0.046272533798216
2516.0,0.19201,21.710583,-1.013756,22.031184,0.169673,0.109799,0.091577,0.0182219999999999,0.059874,0.0780959999999999,0.646511,0.3043340292275572,0.3749794594998349,989.0,2,0.7791368198415705,0.5562865385495979,0.8893477017683281,-0.04945992094883278,-0.04475265057499269
2517.0,0.187022,21.71347,-1.012181,22.03486,0.169829,0.109736,0.090837,0.018899,0.060093,0.078992,0.764381,0.3144906313442273,0.3541205205217699,990.0,2,0.788075902388412,0.5769541922977118,0.8926006520754275,-0.046626551314358666,-0.04465058469636698
2518.0,0.17849,21.712945,-1.016249,22.031315,0.171133,0.110198,0.091331,0.018867,0.060935,0.079802,0.627652,0.3096199291059473,0.3641236376668094,991.0,2,0.7961569926372296,0.5759772869506815,0.905107429055234,-0.03803624528176286,-0.04452310812479149
2519.0,0.18164,21.70717,-1.020187,22.035253,0.169856,0.110098,0.091079,0.019019,0.059758,0.078777,0.811529,0.3182616844324705,0.3463757880465651,992.0,2,0.7859309216433553,0.5806175873490758,0.8876246778613714,-0.04669259252668123,-0.04260373681995998
2520.0,0.182822,21.713864,-1.016512,22.035122,0.170435,0.109169,0.090181,0.018988,0.061266,0.080254,0.764381,0.3099221440579758,0.3635029691430052,993.0,2,0.8006664405291626,0.5796712102941401,0.9100239886518087,-0.030473101508191047,-0.042327003977744825
2521.0,0.187153,21.712289,-1.021106,22.038667,0.169553,0.109079,0.089966,0.0191129999999999,0.060474,0.079587,0.707803,0.3160479536998757,0.350922197735025,994.0,2,0.7940120118921731,0.5834872468059744,0.898259894390518,-0.04567193374042411,-0.04223079490524846
2522.0,0.174553,21.714389,-1.025043,22.037748,0.169581,0.109389,0.090779,0.01861,0.060192,0.078802,0.891681,0.3091721628760819,0.3650432295104114,995.0,2,0.7861803380090595,0.568131515882344,0.8940711638580888,-0.046588460347990246,-0.04172209412461223
2523.0,0.171534,21.712158,-1.025043,22.036172,0.169498,0.107882,0.089199,0.018683,0.061616,0.080299,0.721948,0.3032117759709172,0.3772842669471767,996.0,2,0.8011153899874301,0.570360081205257,0.9152227676814194,-0.026440181234535842,-0.041241542666071565
2524.0,0.176915,21.712945,-1.021631,22.035647,0.169599,0.109909,0.090858,0.019051,0.0596899999999999,0.078741,1.146281,0.3191603424301823,0.3445301853419308,997.0,2,0.7855717620767412,0.5815944926961061,0.8866146293641886,-0.04669259252668123,-0.04156057956451605
2525.0,0.186497,21.70822,-1.025699,22.036566,0.169268,0.108486,0.090359,0.018127,0.060782,0.078909,0.707803,0.2982248326012208,0.3875261122258089,998.0,2,0.7872478400542738,0.5533863508006045,0.9028348199365755,-0.045626369623026575,-0.040187988142643946
2526.0,0.179803,21.707826,-1.026618,22.037091,0.169443,0.110077,0.0908,0.0192769999999999,0.059366,0.078643,0.811529,0.3247090134249664,0.3331347020533222,999.0,2,0.7845940499231805,0.5884938867095049,0.8818020453482075,-0.044372913142470494,-0.04135441416188781
2527.0,0.17639,21.707432,-1.030818,22.034991,0.169498,0.108806,0.090097,0.018709,0.060692,0.079401,0.754952,0.3082563063285716,0.3669241534274586,1000.0,2,0.7921563541313335,0.5711538167997191,0.9014979910432471,-0.04182103672895199,-0.04160469330423887
2528.0,0.188597,21.701657,-1.032656,22.033547,0.169654,0.108859,0.089761,0.019098,0.060795,0.079893,0.651226,0.3141325087176788,0.3548560084268812,1001.0,2,0.7970648682083932,0.583029322424557,0.9030279174433896,-0.04122661426620777,-0.041923816496845276
2529.0,0.168778,21.702313,-1.033049,22.03591,0.168249,0.106438,0.088705,0.017733,0.061811,0.079544,1.122707,0.286886041545331,0.4108129504816504,1002.0,2,0.7935830157431618,0.5413582037152931,0.9181192302836312,-0.032966678307960184,-0.04317785071910618
2530.0,0.17219,21.699032,-1.035806,22.038404,0.169121,0.108481,0.08964,0.0188409999999999,0.06064,0.079481,0.717233,0.3106973829587242,0.3619108361896433,1003.0,2,0.792954486501587,0.5751835513562162,0.9007256010159905,-0.04213736170062965,-0.04149370266380743
2531.0,0.175865,21.702051,-1.031343,22.037879,0.16902,0.10826,0.090921,0.0173389999999999,0.06076,0.078099,1.004836,0.2853639670183175,0.4139388836741038,1004.0,2,0.779166749805456,0.5293300566299788,0.9025080395404286,-0.04817472516393473,-0.041462664954446046
2532.0,0.184134,21.702838,-1.035543,22.040504,0.169048,0.108465,0.090932,0.017533,0.060583,0.078116,0.740807,0.2893998415423215,0.4056502789367818,1005.0,2,0.779336352934135,0.5352525452963534,0.8998789427168825,-0.04977969227405432,-0.0407938756804249
2533.0,0.171403,21.704282,-1.039218,22.040504,0.169912,0.108995,0.090585,0.0184099999999999,0.060917,0.079327,0.839818,0.3022095275616401,0.3793426165969735,1006.0,2,0.7914180816888488,0.5620258574634011,0.9048400632765682,-0.03898052345714487,-0.04032109640889271
2534.0,0.169696,21.697325,-1.042762,22.03696,0.16993,0.10858,0.089866,0.0187139999999999,0.06135,0.080064,0.670085,0.3050317028247297,0.3735466248940425,1007.0,2,0.7987708761498101,0.5713064582601896,0.9112716956189153,-0.029851111973693722,-0.039496946677624115
2535.0,0.190697,21.700082,-1.043812,22.040373,0.169967,0.109442,0.090548,0.0188939999999999,0.060525,0.079419,0.849248,0.3121633678088754,0.3589000961625352,1008.0,2,0.7923359339146405,0.5768015508372354,0.8990174307634042,-0.04531599252941276,-0.040890972465538064
2536.0,0.168909,21.694831,-1.04578,22.041817,0.169406,0.108428,0.089934,0.0184939999999999,0.060978,0.079472,0.717233,0.3032847373686022,0.377134423788551,1009.0,2,0.7928646966099335,0.5645902339993558,0.9057461361931575,-0.03768502040225896,-0.041336082330274124
2537.0,0.174028,21.695094,-1.046437,22.039717,0.170242,0.109316,0.090643,0.0186729999999999,0.060926,0.079599,0.891681,0.3064815270733828,0.3705690744116882,1010.0,2,0.7941317317477111,0.5700547982843069,0.9049737461659011,-0.03709324401363012,-0.0411176094218851
2538.0,0.173896,21.690106,-1.044862,22.041292,0.169673,0.108528,0.089934,0.018594,0.0611449999999999,0.0797389999999999,0.627652,0.3040918457462467,0.3754768394700377,1011.0,2,0.7955284633956539,0.5676430632088287,0.9082266964729989,-0.0329851169535218,-0.03991280615182609
2539.0,0.180984,21.694962,-1.049849,22.04628,0.169691,0.109142,0.090722,0.01842,0.060549,0.078969,0.618222,0.3042113955408754,0.3752313162288636,1012.0,2,0.787846439331964,0.5623311403843512,0.8993739184682917,-0.046906936187099735,-0.040165239246698126
2540.0,0.174684,21.692862,-1.047618,22.049562,0.170408,0.110145,0.09132,0.018825,0.060263,0.079088,0.703089,0.3123755475906015,0.3584643357508774,1013.0,2,0.7890336612327162,0.5746950986827042,0.8951257733183813,-0.046588460347990246,-0.04098375257750504
2541.0,0.166546,21.694306,-1.052605,22.048249,0.17072,0.110182,0.09101,0.019172,0.060538,0.07971,0.604078,0.3166884157320075,0.3496068603522523,1014.0,2,0.7952391404114381,0.5852884160395647,0.8992105282702183,-0.045989996080044504,-0.04112141257723188
2542.0,0.177309,21.693912,-1.048537,22.050087,0.170123,0.10889,0.090627,0.018263,0.0612329999999999,0.079496,0.764381,0.298249338602737,0.3874757834658208,1015.0,2,0.7931041363210095,0.5575381985254835,0.9095338180575867,-0.03773165957346414,-0.04185273395056843
2543.0,0.170746,21.686956,-1.052868,22.050087,0.169939,0.109148,0.090401,0.018747,0.060791,0.079538,0.453204,0.3083793920252664,0.3666713683909931,1016.0,2,0.7935231558153927,0.5723138918993177,0.9029685028259083,-0.041504854405865266,-0.042929732155579936
2544.0,0.171928,21.688793,-1.058774,22.051006,0.170628,0.109767,0.091052,0.018715,0.060861,0.079576,0.849248,0.3074989320101214,0.3684795973161365,1017.0,2,0.7939022686912631,0.5713369865522873,0.9040082586318305,-0.03803624528176286,-0.043908264444949295
2545.0,0.168646,21.684199,-1.052605,22.054157,0.170564,0.110723,0.091635,0.019088,0.0598409999999999,0.078929,0.830388,0.3189732963470474,0.344914327872019,1018.0,2,0.7874473731468371,0.58272403950361,0.8888575311741063,-0.04669259252668123,-0.043912075260095454
2546.0,0.17429,21.685643,-1.053655,22.057439,0.17015,0.109741,0.091189,0.018552,0.0604089999999999,0.0789609999999999,1.122707,0.3071014732660156,0.3692958710654049,1019.0,2,0.7877666260949376,0.5663608749408514,0.897294406856446,-0.044998234135624426,-0.04314760000158148
2547.0,0.172978,21.679474,-1.053524,22.057045,0.170619,0.11036,0.091971,0.018389,0.0602589999999999,0.078648,0.91997,0.3051609691337538,0.3732811465361352,1020.0,2,0.7846439331963213,0.5613847633294154,0.8950663587008986,-0.04786322606374516,-0.0420431178155127
2548.0,0.16274,21.685774,-1.061137,22.054157,0.16993,0.109137,0.090622,0.018515,0.060793,0.079308,0.924685,0.3045530808961411,0.3745295860741017,1021.0,2,0.7912285252509136,0.5652313281333475,0.902998210134649,-0.0427704398472154,-0.04120033263905394
2549.0,0.160508,21.685118,-1.064418,22.060064,0.169618,0.109725,0.090974,0.018751,0.0598929999999999,0.0786439999999999,0.877537,0.3130697565699403,0.357038616541666,1022.0,2,0.7846040265778076,0.5724360050676964,0.8896299212013626,-0.04694504433856128,-0.040003879954266075
2550.0,0.155521,21.682886,-1.06363,22.058358,0.169847,0.108864,0.090606,0.0182579999999999,0.0609829999999999,0.0792409999999999,0.693659,0.2993900039354584,0.3851331625482821,1023.0,2,0.7905600893908251,0.5573855570650069,0.9058204044650077,-0.0389437077628505,-0.04047729941081133
2551.0,0.174421,21.678292,-1.058905,22.057832,0.1697,0.108019,0.09069,0.0173289999999999,0.0616809999999999,0.0790099999999999,1.004836,0.2809409552219448,0.4230225646236975,1024.0,2,0.7882554821717179,0.5290247737090318,0.9161882552154886,-0.03494517421935672,-0.03932363529595896
2552.0,0.184922,21.677767,-1.060349,22.057176,0.169939,0.107331,0.090281,0.0170499999999999,0.062608,0.079658,0.594648,0.272325065086489,0.4407172940728517,1025.0,2,0.7947203543707732,0.5205073802146107,0.9299575928167734,-0.029303807808876536,-0.03757716797692371
2553.0,0.155127,21.67698,-1.068487,22.057439,0.16993,0.108502,0.09005,0.0184519999999999,0.0614279999999999,0.0798799999999999,0.519211,0.3003792996793045,0.3831014142022211,1026.0,2,0.7969351716982258,0.5633080457313785,0.9124302806597985,-0.029540327557986634,-0.03602508940000497
2554.0,0.167859,21.672911,-1.06678,22.053238,0.169333,0.108433,0.090354,0.0180789999999999,0.0609,0.078979,0.698374,0.2968588364723074,0.3903315022145051,1027.0,2,0.7879462058782456,0.5519209927800559,0.904587551152273,-0.0427704398472154,-0.03454689606193555
2555.0,0.177834,21.674879,-1.069537,22.061246,0.169783,0.108376,0.090664,0.017712,0.0614069999999999,0.079119,1.02841,0.2884314747264201,0.4076390448733854,1028.0,2,0.7893429375261894,0.5407171095813044,0.9121183539180219,-0.035155951378157524,-0.032899701778898525
2556.0,0.164577,21.667923,-1.06783,22.064265,0.169351,0.106732,0.089671,0.0170609999999999,0.062619,0.07968,0.585218,0.2724528904503352,0.4404547750301948,1029.0,2,0.7949398407725928,0.5208431914276525,0.9301209830148468,-0.02753356094527193,-0.03233323185797571
2557.0,0.15959,21.667923,-1.067174,22.061508,0.169314,0.107231,0.089671,0.01756,0.0620829999999999,0.0796429999999999,0.806814,0.2828426003479158,0.4191170951384393,1030.0,2,0.7945707045513495,0.5360768091829102,0.9221594242723558,-0.032342440294557795,-0.03131912184629763
2558.0,0.161034,21.669235,-1.074786,22.063608,0.170049,0.108612,0.08985,0.018762,0.061437,0.080199,0.721948,0.3053810345388847,0.3728291911671959,1031.0,2,0.8001177245246133,0.5727718162807381,0.9125639635491328,-0.02798850646652118,-0.03229155227853597
2559.0,0.174421,21.666741,-1.07413,22.060064,0.17061,0.108528,0.090491,0.0180369999999999,0.062082,0.080119,0.901111,0.2905304189552694,0.4033283759030936,1032.0,2,0.7993195921543595,0.5506388045120785,0.9221445706179869,-0.030473101508191047,-0.03308553814245402
2560.0,0.167727,21.660703,-1.069012,22.056782,0.170509,0.108533,0.09079,0.017743,0.0619759999999999,0.079719,0.693659,0.2862836213434018,0.4120501601396492,1033.0,2,0.7953289303030915,0.5416634866362401,0.9205700832547319,-0.033279008553622313,-0.03160831404182315
2561.0,0.170353,21.662935,-1.073605,22.056914,0.169912,0.107378,0.089556,0.017822,0.062534,0.080356,0.721948,0.284992404253618,0.4147019740212847,1034.0,2,0.8016840593012359,0.5440752217117214,0.92885842239337,-0.0248040741025759,-0.031202284144207247
2562.0,0.155915,21.657422,-1.072686,22.059933,0.169608,0.108302,0.090979,0.0173229999999999,0.061306,0.078629,0.632367,0.2825615345719083,0.4196943289222596,1035.0,2,0.7844543767583861,0.5288416039564636,0.9106181348266214,-0.03902811213126001,-0.03155453864148485
2563.0,0.16484,21.653221,-1.07833,22.059802,0.169112,0.10699,0.090018,0.016972,0.062122,0.079094,0.820959,0.2731999420504483,0.438920531238696,1036.0,2,0.7890935211604851,0.5181261734312274,0.9227387167927995,-0.03748018619716709,-0.03171070379608816
2564.0,0.16694,21.654403,-1.076755,22.053369,0.169351,0.106848,0.089351,0.017497,0.062503,0.08,0.618222,0.27993408421861,0.4250904078429247,1037.0,2,0.7981323702536073,0.5341535267809442,0.9283979591078902,-0.027998198840906707,-0.03202141838963589
2565.0,0.161559,21.661753,-1.083318,22.0535,0.170343,0.108712,0.090632,0.01808,0.0616309999999999,0.0797109999999999,0.934114,0.2933541017653167,0.3975292881027046,1038.0,2,0.7952491170660653,0.5519515210721536,0.9154455724969728,-0.03109565240199852,-0.030986122773308457
2566.0,0.154471,21.657028,-1.084761,22.051138,0.170104,0.107814,0.090065,0.0177489999999999,0.06229,0.080039,0.858677,0.2849368287553576,0.4148161112015712,1039.0,2,0.7985214597841059,0.5418466563888052,0.9252341307270128,-0.03105610591804797,-0.029473944006811414
2567.0,0.158277,21.658209,-1.082005,22.052582,0.170343,0.108827,0.091063,0.0177639999999999,0.061516,0.0792799999999999,0.773811,0.2887657070403301,0.4069526212682998,1040.0,2,0.7909491789213239,0.5423045807702258,0.9137374022443878,-0.033904091840590844,-0.029249364490426366
2568.0,0.170221,21.653746,-1.08253,22.052975,0.170463,0.108381,0.090354,0.018027,0.062082,0.080109,1.042555,0.2903693442649356,0.4036591801521908,1041.0,2,0.7992198256080778,0.5503335215911346,0.9221445706179869,-0.03109565240199852,-0.026823318382301942
2569.0,0.16589,21.657159,-1.085811,22.055995,0.169875,0.106843,0.089813,0.0170299999999999,0.063032,0.080062,1.188714,0.2701759395872001,0.445131021925033,1042.0,2,0.7987509228405538,0.5198968143727168,0.9362555422697877,-0.020120145344916684,-0.02511160931246763
2570.0,0.16274,21.658734,-1.090668,22.055076,0.169259,0.105551,0.088858,0.016693,0.0637079999999999,0.0804009999999999,0.580504,0.2620194948908318,0.4618821735646415,1043.0,2,0.8021330087595026,0.5096087799368064,0.9462966126241201,-0.018157220888651904,-0.02538626723870635
2571.0,0.163002,21.657815,-1.088961,22.058883,0.169562,0.10658,0.089855,0.0167249999999999,0.062982,0.0797069999999999,0.797385,0.2655478462442245,0.4546358854135289,1044.0,2,0.7952092104475526,0.5105856852838337,0.9355128595512717,-0.022558278938725418,-0.025865228679577402
2572.0,0.156833,21.652434,-1.094343,22.050612,0.170784,0.108061,0.089734,0.018327,0.0627229999999999,0.08105,0.712518,0.2921848096422424,0.3999307007762116,1045.0,2,0.8086078576131859,0.5594920092195442,0.9316657630693583,-0.014767651050015762,-0.025456371469095372
2573.0,0.154077,21.651384,-1.091455,22.050612,0.169737,0.106423,0.089299,0.017124,0.063314,0.080438,0.481493,0.2704572376214167,0.4445533111450919,1046.0,2,0.8025021449807458,0.5227664738296216,0.9404442728022168,-0.02036309549882398,-0.02530020631449207
2574.0,0.155127,21.650465,-1.087911,22.052975,0.170398,0.108166,0.090407,0.0177589999999999,0.0622319999999999,0.0799909999999999,0.566359,0.2853630710394806,0.4139407237745302,1047.0,2,0.7980425803619527,0.5421519393097523,0.9243726187735329,-0.0307447781032939,-0.02539369431427365
2575.0,0.16169,21.651252,-1.094605,22.049562,0.169663,0.107709,0.090228,0.0174809999999999,0.061954,0.079435,0.8021,0.2821564038414977,0.4205263588754566,1048.0,2,0.7924955603886913,0.533665074107426,0.9202433028585865,-0.03588526681070903,-0.02585495088296306
2576.0,0.150402,21.656109,-1.096574,22.0493,0.170931,0.108507,0.09069,0.017817,0.0624239999999999,0.0802409999999999,0.599363,0.2854144973968762,0.4138351078176916,1049.0,2,0.8005367440189952,0.5439225802512478,0.9272245204126337,-0.026967533813227695,-0.026901080402130316
2577.0,0.158671,21.651515,-1.096574,22.049168,0.170077,0.10825,0.090449,0.0178009999999999,0.061827,0.079628,0.967118,0.2879116258006081,0.4087066752577173,1050.0,2,0.794421054731928,0.5434341275777296,0.9183568887535563,-0.032342440294557795,-0.026308356813308943
2578.0,0.150402,21.647708,-1.094605,22.051006,0.169875,0.107908,0.089929,0.017979,0.0619669999999999,0.079946,0.594648,0.2901336173508909,0.4041433000634626,1051.0,2,0.7975936309036862,0.548868163570589,0.920436400365399,-0.03203053239981435,-0.02681296662484376
2579.0,0.153552,21.646921,-1.103268,22.050219,0.170251,0.107572,0.090485,0.017087,0.062679,0.079766,0.91997,0.2726068921506063,0.4401384968072642,1052.0,2,0.7957978330706156,0.5216369270221177,0.9310122022770658,-0.02473271103181074,-0.02678867160945303
2580.0,0.151321,21.648365,-1.102743,22.047724,0.170573,0.108176,0.090543,0.0176329999999999,0.062397,0.08003,0.566359,0.2825891855508188,0.4196375412214959,1053.0,2,0.7984316698924524,0.5383053745058202,0.9268234717446366,-0.028618516080324508,-0.024800465333332265
2581.0,0.150402,21.645477,-1.103924,22.04523,0.169333,0.105614,0.088485,0.017129,0.063719,0.080848,0.660655,0.2688166980539862,0.4479225397842614,1054.0,2,0.8065925733782956,0.522919115290095,0.946460002822195,-0.016631043050511662,-0.023062760917367354
2582.0,0.157096,21.642458,-1.104449,22.045493,0.169921,0.106927,0.089603,0.0173239999999999,0.062994,0.0803179999999999,0.853963,0.2750059528534009,0.4352114690248001,1055.0,2,0.8013049464253644,0.5288721322485582,0.9356911034037154,-0.019813749165363936,-0.023234294799666277
2583.0,0.154208,21.637601,-1.107336,22.046937,0.170123,0.107016,0.089645,0.0173709999999999,0.063107,0.080478,0.79267,0.2752582873803638,0.434693241527108,1056.0,2,0.8029012111658725,0.5303069619770091,0.9373695663475613,-0.020120145344916684,-0.022919075139222356
2584.0,0.150664,21.63852,-1.111274,22.045624,0.170683,0.107179,0.089362,0.017817,0.063504,0.081321,0.778526,0.2805605857806472,0.4238037415245949,1057.0,2,0.81131153101742,0.5439225802512478,0.943266467132577,-0.010862715342086271,-0.02209679185601181
2585.0,0.160377,21.64062,-1.109699,22.047593,0.169434,0.105824,0.088847,0.016977,0.06361,0.080587,0.901111,0.2668878024241091,0.4518839745019437,1058.0,2,0.8039886665203432,0.5182788148917008,0.9448409544958305,-0.01850822265105989,-0.020978775106287206
2586.0,0.145677,21.640489,-1.112061,22.046543,0.170545,0.107935,0.090564,0.0173709999999999,0.06261,0.079981,0.91997,0.2774432607688744,0.4302058917169943,1059.0,2,0.797942813815672,0.5303069619770091,0.929987300125514,-0.02868287263621694,-0.018360458897756025
2587.0,0.146596,21.638389,-1.108386,22.046805,0.170389,0.108176,0.089966,0.0182099999999999,0.062213,0.080423,1.014266,0.2926993924197124,0.3988738856493502,1060.0,2,0.8023524951613232,0.5559201990444614,0.9240903993404983,-0.029190243690118578,-0.01877068983938801
2588.0,0.15539,21.63747,-1.107861,22.047331,0.169948,0.107053,0.090008,0.0170449999999999,0.0628949999999999,0.0799399999999999,0.853963,0.2710029254642583,0.4434326145495028,1061.0,2,0.7975337709759162,0.5203547387541374,0.9342205916210526,-0.023807699567708895,-0.018186463756478255
2589.0,0.147514,21.641014,-1.115736,22.049956,0.170022,0.106921,0.088947,0.017974,0.063101,0.081075,0.533356,0.284840417102469,0.4150141149001779,1062.0,2,0.8088572739788901,0.5487155221101155,0.9372804444213395,-0.013552543534564698,-0.01765664720637129
2590.0,0.149221,21.639964,-1.11298,22.048118,0.169461,0.104695,0.088947,0.0157479999999999,0.064766,0.080514,0.618222,0.2431485169916778,0.5006381051186404,1063.0,2,0.8032603707324868,0.48075954390731307,0.9620117789479165,-0.0024353539950127123,-0.017991785977733675
2591.0,0.149089,21.63747,-1.11298,22.048381,0.170518,0.107263,0.090113,0.01715,0.063255,0.080405,0.811529,0.2711205261160996,0.4431910943252822,1064.0,2,0.8021729153780163,0.5235602094240838,0.9395679071943682,-0.0207333524668315,-0.016544741400518825
2592.0,0.168515,21.634845,-1.114555,22.047331,0.169994,0.105992,0.089656,0.016336,0.064002,0.080338,0.580504,0.2552380357170758,0.4758094734098768,1065.0,2,0.8015044795179289,0.49871017965899894,0.9506635870089946,-0.01397148833626638,-0.014815213779640457
2593.0,0.154208,21.634582,-1.117836,22.04523,0.170527,0.106864,0.089157,0.017707,0.063663,0.08137,0.816244,0.2781320683588841,0.4287912655139989,1066.0,2,0.8118003870942003,0.540564468120831,0.9456281981774572,-0.014821979843847033,-0.012413224091489405
2594.0,0.156177,21.635107,-1.119805,22.0514,0.170307,0.106407,0.08902,0.017387,0.0638999999999999,0.0812869999999999,1.080273,0.2720927685012754,0.4411943690079651,1067.0,2,0.8109723247600612,0.5307954146505274,0.9491485142632208,-0.014214103055710137,-0.011852709472463219
2595.0,0.155521,21.637995,-1.121117,22.048381,0.170601,0.10627,0.089724,0.016546,0.064331,0.080877,1.000122,0.257197040353168,0.47178620286205,1068.0,2,0.8068818963625125,0.5051211209988857,0.9555504392968287,-0.004037776878911381,-0.012258406574235025
2596.0,0.146071,21.636814,-1.121642,22.047856,0.170812,0.106706,0.089577,0.0171289999999999,0.064106,0.0812349999999999,0.604078,0.2671939101814153,0.4512553111992943,1069.0,2,0.8104535387193964,0.522919115290092,0.9522083670635074,-0.011387596427433255,-0.01285791742346648
2597.0,0.148958,21.633138,-1.125186,22.052319,0.171381,0.107126,0.090018,0.0171079999999999,0.064255,0.081363,0.542785,0.2662475099601593,0.4531989636371116,1070.0,2,0.8117305505118032,0.5222780211561033,0.9544215615646847,-0.005170346808608062,-0.012665985159803706
2598.0,0.157096,21.630513,-1.128861,22.055863,0.17162,0.108076,0.091388,0.016688,0.0635439999999999,0.080232,0.566359,0.2626170430403652,0.4606549697966494,1071.0,2,0.8004469541273428,0.509456138476333,0.9438606133073882,-0.01820255337744703,-0.013013486666641472
2599.0,0.148039,21.631957,-1.12768,22.05245,0.172447,0.109058,0.091777,0.017281,0.0633889999999999,0.0806699999999999,0.660655,0.2726139769679761,0.4401239464909783,1072.0,2,0.8048167288544802,0.5275594156884893,0.9415582968799892,-0.017609514552282768,-0.012937435038637691
2600.0,0.148564,21.631301,-1.122692,22.060327,0.170665,0.106522,0.089881,0.016641,0.064143,0.080784,0.594648,0.25943190321776,0.4671963934374634,1073.0,2,0.8059540674820926,0.5080213087478821,0.9527579522752092,-0.008430462487327262,-0.01380261606690355
2601.0,0.149221,21.631038,-1.132142,22.059933,0.169967,0.106239,0.090202,0.0160369999999999,0.063728,0.079765,0.787955,0.2516436787020037,0.4831913195018599,1074.0,2,0.7957878564159874,0.48958222032268095,0.9465936857115279,-0.01881402983020375,-0.0140264375429624
2602.0,0.156308,21.625525,-1.132011,22.062033,0.169912,0.106076,0.089913,0.0161629999999999,0.063836,0.079999,0.877537,0.2531917226686717,0.4800120520396552,1075.0,2,0.7981223935989792,0.49342878512661303,0.948197880383522,-0.017446503404644043,-0.013472565196753028
2603.0,0.158146,21.625656,-1.124924,22.058883,0.170564,0.106596,0.089929,0.016667,0.063968,0.080635,0.924685,0.2605480779752693,0.464904069598418,1076.0,2,0.8044675459424953,0.5088150443423443,0.9501585627604038,-0.014061463563809218,-0.013658967665667886
2604.0,0.155258,21.624738,-1.130305,22.061377,0.170692,0.107452,0.090963,0.016489,0.06324,0.079729,0.750237,0.2607327524865198,0.4645247976414456,1077.0,2,0.7954286968493731,0.5033810083494878,0.9393451023788135,-0.022865913338368737,-0.012516556781104337
2605.0,0.154602,21.620537,-1.132536,22.058226,0.170233,0.105677,0.088642,0.0170349999999999,0.064556,0.081591,0.787955,0.263875334975293,0.4580707753597943,1078.0,2,0.8140052277670259,0.5200494558331904,0.9588925115301499,-0.006275991639499878,-0.011322801831390884
2606.0,0.156046,21.623031,-1.134505,22.066234,0.17004,0.105115,0.088453,0.0166619999999999,0.064925,0.0815869999999999,0.552215,0.2566306256353386,0.4729494669044691,1079.0,2,0.8139653211485122,0.5086624028818677,0.9643735099927966,-0.0058488729653395355,-0.012540383186916092
2607.0,0.145939,21.618962,-1.137655,22.064396,0.170674,0.106081,0.089141,0.0169399999999999,0.064593,0.081533,0.79267,0.262253460073691,0.4614016717771154,1080.0,2,0.813426581798592,0.5171492680841939,0.9594420967418515,-0.007034371497756653,-0.011451656547457245
2608.0,0.161559,21.617124,-1.139886,22.069122,0.170518,0.105982,0.089461,0.016521,0.064536,0.081057,0.736092,0.2559926863659607,0.4742596232085962,1081.0,2,0.8086776941955831,0.5043579136965183,0.9585954384427435,-0.006778444531811534,-0.0103389106746409
2609.0,0.157358,21.617912,-1.135424,22.072141,0.170279,0.105997,0.089283,0.0167139999999999,0.064282,0.080996,0.660655,0.2600065336091966,0.466016256603094,1082.0,2,0.8080691182632647,0.510249874070792,0.9548226102326832,-0.00567196505514822,-0.009824633034532137
2610.0,0.145677,21.618831,-1.137655,22.076211,0.170049,0.106412,0.090265,0.016147,0.063637,0.079784,0.641796,0.2537320468902229,0.4789023708848515,1083.0,2,0.7959774128539225,0.4929403324531009,0.945242003163829,-0.020606276042579363,-0.008337037939214642
2611.0,0.152633,21.620012,-1.136736,22.074504,0.169957,0.105803,0.088774,0.0170289999999999,0.064154,0.0811829999999999,0.566359,0.265435273945912,0.4548670787471013,1084.0,2,0.8099347526787315,0.5198662860806221,0.9529213424732828,-0.00792676343561527,-0.009240744576616144
2612.0,0.14502,21.62815,-1.143298,22.078967,0.169507,0.104795,0.088716,0.0160789999999999,0.0647119999999999,0.0807909999999999,0.868107,0.2484663050700786,0.4897167934682032,1085.0,2,0.8060239040644889,0.4908644085906583,0.9612096816119177,-0.00631904467648059,-0.009074288547975318
2613.0,0.149221,21.628807,-1.14658,22.080805,0.170398,0.106281,0.089398,0.0168829999999999,0.064117,0.0809999999999999,0.872822,0.2633113946161763,0.459228957732497,1086.0,2,0.8081090248817765,0.5154091554347962,0.9523717572615809,-0.008918687162721595,-0.008929568614000839
2614.0,0.150664,21.625263,-1.148155,22.085269,0.169866,0.105168,0.08891,0.0162579999999999,0.0646979999999999,0.0809559999999999,0.712518,0.2512867277701355,0.4839244010600891,1087.0,2,0.8076700520781369,0.49632897287560945,0.9610017304507332,-0.007989962385193783,-0.00874604157962483
2615.0,0.154733,21.627232,-1.145661,22.086844,0.170233,0.106323,0.089892,0.016431,0.06391,0.080341,0.863392,0.2570918934142793,0.4720021464972161,1088.0,2,0.8015344094818133,0.5016103674079954,0.9492970508069254,-0.015313058013514902,-0.00913477348488222
2616.0,0.156308,21.629988,-1.147892,22.090126,0.169673,0.104874,0.089299,0.0155749999999999,0.064799,0.0803739999999999,0.66537,0.2403549382716048,0.5063753671855262,1089.0,2,0.801863639084542,0.47547814937493016,0.9625019495421367,-0.004184312678931268,-0.007840223673474745
2617.0,0.150402,21.631826,-1.152748,22.089994,0.170637,0.106123,0.089966,0.0161569999999999,0.064514,0.080671,0.424915,0.2504378826629464,0.4856677014364645,1090.0,2,0.8048267055091095,0.4932456153740449,0.9582686580465967,-0.005587172158011855,-0.007928145594037973
2618.0,0.148302,21.632482,-1.146711,22.091438,0.170656,0.106134,0.089257,0.016877,0.064522,0.081399,0.740807,0.2615656432589929,0.462814263193129,1091.0,2,0.8120897100784172,0.515225985682231,0.9583874872815591,-0.004943174188051458,-0.008006635960635933
2619.0,0.148827,21.634582,-1.147761,22.087763,0.170803,0.105199,0.089692,0.015507,0.065604,0.081111,1.033125,0.2363691791784163,0.5145610482579028,1092.0,2,0.8092164335455043,0.47340222551249367,0.9744591413102415,-0.00955928410772211,-0.00787939202657868
2620.0,0.166677,21.637076,-1.154192,22.086844,0.170251,0.104905,0.089351,0.0155539999999999,0.065346,0.0809,0.891681,0.2380216383307572,0.5111673399855416,1093.0,2,0.8071113594189604,0.47483705524094144,0.9706268984826999,-0.007660777928504614,-0.0077907906223053216
2621.0,0.169565,21.63432,-1.150517,22.088288,0.170472,0.104417,0.088842,0.0155749999999999,0.066055,0.08163,0.406056,0.2357847886641635,0.5157612297690158,1094.0,2,0.8143943172975245,0.47547814937493016,0.9811581394312543,-0.008805982641247545,-0.0072427465289359285
2622.0,0.15749,21.63537,-1.155111,22.089469,0.169921,0.104616,0.088317,0.0162989999999999,0.0653049999999999,0.0816039999999999,0.731378,0.2495789054604477,0.4874318104214037,1095.0,2,0.8141349242771911,0.49758063285149207,0.9700178986535155,-0.007103948342460198,-0.007678118029990999
2623.0,0.150664,21.637601,-1.160755,22.086056,0.170683,0.104679,0.089068,0.015611,0.066004,0.081615,0.453204,0.2365123854253465,0.5142669410031653,1096.0,2,0.814244667478102,0.4765771678903424,0.9804006030583681,-0.007646247822149066,-0.0077637985515183975
2624.0,0.146989,21.637339,-1.157867,22.084875,0.17016,0.104826,0.088495,0.016331,0.065334,0.081665,0.820959,0.2499579092370092,0.4866534382299029,1097.0,2,0.8147435002095105,0.49855753819852544,0.9704486546302561,-0.007103948342460198,-0.007990966608054307
2625.0,0.151583,21.635764,-1.157211,22.083431,0.169976,0.104506,0.088175,0.016331,0.0654699999999999,0.0818009999999999,1.113277,0.24943868277558,0.4877197902392006,1098.0,2,0.8161003252389406,0.49855753819852544,0.9724687516246177,-0.009832617079820971,-0.008110816295015866
2626.0,0.153683,21.63642,-1.16653,22.085269,0.169921,0.104385,0.088511,0.015874,0.0655359999999999,0.0814099999999999,0.905825,0.2422143216808826,0.5025566919410471,1099.0,2,0.8121994532793261,0.4846061087112481,0.9734490928130586,-0.008538027689481975,-0.0078186087778499
2627.0,0.154077,21.640358,-1.158523,22.083299,0.169287,0.103314,0.087162,0.016152,0.0659729999999999,0.0821249999999999,0.406056,0.2448237184345348,0.4971976902760456,1100.0,2,0.8193327613384678,0.4930929739135744,0.979940139772887,-0.006443977373285836,-0.007891096525838992
2628.0,0.153946,21.637207,-1.160623,22.084612,0.170215,0.105157,0.088343,0.0168139999999999,0.065058,0.081872,0.990692,0.2584423369556863,0.4692286973554705,1101.0,2,0.8168086677175417,0.5133027032802618,0.9663490460240488,-0.007214854753410549,-0.008664477511841273
2629.0,0.139508,21.641802,-1.162198,22.082643,0.169976,0.103404,0.088249,0.015155,0.0665719999999999,0.081727,0.651226,0.2276448410016073,0.5324785009220547,1102.0,2,0.815362052796457,0.46265626669515975,0.9888374787407063,-0.010757780977337705,-0.008705100253754672
2630.0,0.160771,21.638651,-1.166267,22.077917,0.169682,0.104784,0.088863,0.015921,0.064898,0.080819,0.736092,0.2453196505339066,0.4961791786439831,1103.0,2,0.8063032503940786,0.48604093843969903,0.9639724613247981,-0.004738702756844959,-0.008955938734865776
2631.0,0.164709,21.640226,-1.161673,22.082643,0.169535,0.10407,0.087797,0.0162729999999999,0.065465,0.0817379999999999,0.721948,0.2485717777166773,0.489500180916684,1104.0,2,0.8154717959973659,0.49678689725702985,0.9723944833527675,-0.009530860121138462,-0.008819575461940643
2632.0,0.156308,21.639964,-1.170861,22.079624,0.170141,0.103372,0.08806,0.015312,0.0667689999999999,0.0820809999999999,0.561644,0.2293245469522242,0.5290288350276406,1105.0,2,0.8188937885348283,0.4674492085540274,0.9917636486516587,-0.014837758202483009,-0.008570332400318136
2633.0,0.155521,21.641277,-1.165742,22.083693,0.170977,0.105267,0.089372,0.015895,0.0657099999999999,0.081605,0.53807,0.2418925294090792,0.5032175670333323,1106.0,2,0.8141449009318202,0.4852472028452368,0.9760336286734935,-0.008052475241283052,-0.008868622961391548
2634.0,0.153683,21.639308,-1.166136,22.081068,0.170582,0.104196,0.088658,0.0155379999999999,0.066386,0.081924,0.721948,0.2340518475002635,0.5193202265255235,1107.0,2,0.8173274537582065,0.47434860256742634,0.9860746990278291,-0.00961233315357124,-0.008897495924495324
2635.0,0.15329,21.644821,-1.174667,22.080937,0.171143,0.104884,0.088333,0.016551,0.0662589999999999,0.08281,0.655941,0.2497887111379416,0.4870009257836255,1108.0,2,0.8261667697587652,0.5052737624593592,0.9841882849227973,-0.008468984350569642,-0.009079086930136194
2636.0,0.154471,21.647315,-1.173748,22.084875,0.170187,0.104244,0.08828,0.015964,0.065943,0.081907,0.750237,0.2420841926483077,0.5028239421019349,1109.0,2,0.8171578506295276,0.487353654999771,0.9794945301417789,-0.006045597073256914,-0.009268964215112741
2637.0,0.156308,21.651515,-1.173879,22.084481,0.171005,0.104107,0.087519,0.016588,0.0668979999999999,0.0834859999999999,0.78324,0.2479558737798772,0.4907650825527317,1110.0,2,0.8329109882874072,0.506403309266863,0.9936797700654296,-0.009426882984019946,-0.009438020164210349
2638.0,0.152502,21.654009,-1.176373,22.08028,0.17162,0.105099,0.088674,0.0164249999999999,0.066521,0.0829459999999999,0.679515,0.2469107964282492,0.4929113913728034,1111.0,2,0.8275235947881954,0.5014271976554241,0.9880799423678217,-0.007503584384448314,-0.008678095776053819
2639.0,0.155783,21.660441,-1.177029,22.086187,0.170959,0.104506,0.089556,0.01495,0.066453,0.081403,0.594648,0.2249676467932706,0.537976740390594,1112.0,2,0.81212961669693,0.45639796681574646,0.9870698938706401,-0.012573691033746393,-0.00874987447533937
2640.0,0.159852,21.657684,-1.177423,22.08028,0.170417,0.104181,0.087829,0.0163519999999999,0.066236,0.082588,0.877537,0.2468710841372644,0.4929929497763733,1113.0,2,0.8239519524313115,0.4991986323325111,0.9838466508722816,-0.006637475606610432,-0.008805767022599609
2641.0,0.159196,21.657684,-1.178867,22.083431,0.171216,0.105441,0.088679,0.016762,0.065775,0.082537,0.934114,0.2548345901240573,0.476638042542454,1114.0,2,0.8234431430452748,0.5117152320913406,0.9769991162075656,-0.011221419612114536,-0.009313865223919592
2642.0,0.149746,21.665429,-1.177423,22.083168,0.171363,0.105252,0.088894,0.0163579999999999,0.0661109999999999,0.0824689999999999,0.660655,0.2474286060019361,0.4918479492712304,1115.0,2,0.8227647305305583,0.4993818020850793,0.9819899440759906,-0.0072385143209177105,-0.00964037306991491
2643.0,0.153552,21.665822,-1.178998,22.083037,0.171666,0.105404,0.08986,0.015544,0.066262,0.081806,0.806814,0.2345803842264913,0.5182347537272971,1116.0,2,0.8161502085120825,0.47453177231999755,0.9842328458859098,-0.00877026223413857,-0.009665175939118364
2644.0,0.157883,21.664247,-1.177817,22.083956,0.170564,0.104149,0.088753,0.015396,0.0664149999999999,0.081811,0.882251,0.2318116116598411,0.5239210706026138,1117.0,2,0.8162000917852232,0.47001358508998214,0.9865054550045668,-0.01017125862617363,-0.009996864166350128
2645.0,0.15959,21.667529,-1.179129,22.07923,0.170793,0.103566,0.088637,0.014929,0.067227,0.082156,0.995407,0.2220652109240199,0.543937565870316,1118.0,2,0.8196420376319421,0.4557568726817578,0.9985666223532651,-0.013549966363769483,-0.00938386563788195
2646.0,0.155127,21.670679,-1.177292,22.085269,0.171124,0.104653,0.089131,0.0155219999999999,0.066471,0.081993,0.651226,0.2335118546154771,0.5204292272034039,1119.0,2,0.8180158429275503,0.4738601498939111,0.987337259649306,-0.009310675533210078,-0.009846239048422056
2647.0,0.159065,21.667004,-1.184248,22.086056,0.171381,0.10501,0.089362,0.015648,0.066371,0.082019,0.731378,0.235762068342072,0.5158078912219923,1120.0,2,0.8182752359478827,0.4777067146978462,0.9858518942122743,-0.009674911676054498,-0.009865907030045872
2648.0,0.149221,21.669892,-1.183461,22.089732,0.170022,0.10343,0.088054,0.015376,0.066592,0.081968,1.080273,0.2308951391287372,0.5258032595848909,1121.0,2,0.8177664265618461,0.4694030192480882,0.9891345518281142,-0.010820466656765948,-0.01016402715880289
2649.0,0.150927,21.672911,-1.185298,22.084612,0.171198,0.104511,0.088585,0.015926,0.0666869999999999,0.0826129999999999,0.976548,0.2388135796545107,0.5095409047312484,1122.0,2,0.8242013687970147,0.4861935799001724,0.9905456489932928,-0.00644370574906461,-0.010043947860542635
2650.0,0.147908,21.67081,-1.186479,22.082906,0.170849,0.104149,0.088301,0.015848,0.0667,0.082548,0.754952,0.2375976372168333,0.5120381246495833,1123.0,2,0.8235528862461846,0.483812373116786,0.9907387465001083,-0.0112612097120115,-0.010230238748123243
2651.0,0.13242,21.671467,-1.183067,22.080674,0.170545,0.103409,0.08827,0.015139,0.067136,0.082275,0.797385,0.2254941388504103,0.5368954667947436,1124.0,2,0.8208292595326943,0.46216781402164453,0.9972149398055664,-0.011418099428352702,-0.009489589815717448
2652.0,0.157227,21.672779,-1.191729,22.079361,0.171639,0.104186,0.0888,0.0153859999999999,0.067453,0.082839,1.04727,0.2280961840661783,0.5315515632184887,1125.0,2,0.8264560927429822,0.4697083021690321,1.0019235482409568,-0.01021971560848789,-0.00976915794738512
2653.0,0.157227,21.673173,-1.193567,22.082643,0.17196,0.104595,0.088322,0.0162729999999999,0.067365,0.083638,0.773811,0.2415610248493304,0.5038983885623556,1126.0,2,0.8344274397908902,0.49678689725702985,1.0006164266563689,-0.00756946925153601,-0.00997480855390912
2654.0,0.144627,21.67593,-1.187267,22.081462,0.171473,0.104102,0.0889,0.0152019999999999,0.0673709999999999,0.0825729999999999,0.971833,0.2256427002315501,0.5365903615294102,1127.0,2,0.8238023026118879,0.4640910964236075,1.0007055485825893,-0.01203416750197972,-0.010156769573239544
2655.0,0.144889,21.676717,-1.194486,22.082249,0.171914,0.105236,0.089136,0.0160999999999999,0.066678,0.082778,0.750237,0.2414553307638084,0.5041154558900818,1128.0,2,0.8258475168106638,0.491505502724647,0.9904119661039614,-0.00614347703971152,-0.01102205656392331
2656.0,0.147908,21.677242,-1.192648,22.079755,0.170793,0.103052,0.08807,0.014982,0.067741,0.082723,0.698374,0.2211626465117653,0.5457911913035789,1129.0,2,0.8252988008061145,0.45737487216277684,1.0062014006996078,-0.012106356849886812,-0.011410105927202407
2657.0,0.156046,21.68328,-1.195536,22.084218,0.171446,0.103808,0.08901,0.0147979999999999,0.0676379999999999,0.0824359999999999,0.938829,0.2187791067283666,0.5506863432769049,1130.0,2,0.8224355009278286,0.4517576664173492,1.0046714742994638,-0.011731417741294492,-0.011327676991799974
2658.0,0.133601,21.68118,-1.194354,22.087369,0.171666,0.104385,0.089341,0.015044,0.067281,0.082325,0.566359,0.2235962070093041,0.5407933101879767,1131.0,2,0.8213280922641027,0.45926762627264817,0.9993687196892621,-0.012640076850070181,-0.011711454405371358
2659.0,0.146202,21.685643,-1.200654,22.083562,0.171822,0.10344,0.08797,0.0154699999999999,0.068382,0.083852,1.02841,0.2262258163578666,0.5353927972696073,1132.0,2,0.8365624438813185,0.4722726787049868,1.0157225931509806,-0.015096575655902278,-0.012256059846160582
2660.0,0.155127,21.686562,-1.197898,22.08855,0.171593,0.103451,0.08902,0.014431,0.068142,0.082573,0.91997,0.2117752373684751,0.5650704140429077,1133.0,2,0.8238023026118889,0.4405537832185978,1.0121577161021047,-0.01514170334480247,-0.012112024103395447
2661.0,0.154208,21.684987,-1.199604,22.087763,0.171694,0.103839,0.088753,0.015086,0.067855,0.082941,0.618222,0.2223237443999056,0.5434066073927326,1134.0,2,0.8274737115150556,0.46054981454062555,1.0078947172978239,-0.010593810074328358,-0.013376080730883389
2662.0,0.151583,21.688137,-1.197898,22.093801,0.170775,0.102185,0.087062,0.0151229999999999,0.06859,0.083713,0.896396,0.2204808210989779,0.5471914779856459,1135.0,2,0.8351756888880029,0.4616793613481263,1.0188121532600065,-0.014057489744201734,-0.013675102611484935
2663.0,0.143183,21.69365,-1.201048,22.089732,0.170536,0.102516,0.087718,0.0147979999999999,0.06802,0.0828179999999999,0.91997,0.2175504623572131,0.5532096495627317,1136.0,2,0.8262465829957897,0.4517576664173492,1.0103455702689261,-0.013015523659428263,-0.014163889729679668
2664.0,0.142133,21.689975,-1.200786,22.092357,0.171418,0.103703,0.088138,0.015565,0.0677149999999999,0.0832799999999999,1.042555,0.2298570500324888,0.5279352164011277,1137.0,2,0.8308557974340042,0.47517286645398626,1.0058152056859782,-0.010593810074328358,-0.014409539610262877
2665.0,0.144364,21.699163,-1.208923,22.089863,0.17196,0.103514,0.08848,0.0150339999999999,0.068446,0.08348,0.575789,0.2196443963942903,0.5489092701837069,1138.0,2,0.8328511283596393,0.4589623433516981,1.016673227030681,-0.018784043314590937,-0.01707854109110518
2666.0,0.132158,21.697325,-1.204592,22.09577,0.17129,0.102947,0.087361,0.015586,0.068343,0.083929,0.8021,0.2280522064848414,0.531641881385428,1139.0,2,0.8373306462876876,0.47581396058797487,1.0151433006305384,-0.015096575655902278,-0.01840260693160196
2667.0,0.144102,21.697063,-1.203542,22.094326,0.171887,0.103535,0.088564,0.0149709999999999,0.068352,0.083323,0.886966,0.2190247684812663,0.5501818198689663,1140.0,2,0.8312847935830164,0.45703906094973207,1.0152769835198712,-0.016619288923241826,-0.021928074149888045
2668.0,0.151321,21.700213,-1.20656,22.096033,0.171455,0.103115,0.087745,0.0153699999999999,0.06834,0.0837099999999999,0.858677,0.2249015964062568,0.538112390185316,1141.0,2,0.8351457589241174,0.46921984949551687,1.0150987396674274,-0.015096575655902278,-0.024416946849897626
2669.0,0.143052,21.702707,-1.203673,22.092095,0.171078,0.101592,0.087398,0.0141939999999999,0.069486,0.08368,0.693659,0.204268424309583,0.5804873963876398,1142.0,2,0.8348464592852732,0.4333185779921511,1.0321210275758101,-0.04178659046432531,-0.02660102927814949
2670.0,0.146727,21.701001,-1.206167,22.091307,0.170986,0.101933,0.087241,0.0146919999999999,0.069053,0.083745,0.79267,0.2127610276015871,0.5630458650764866,1143.0,2,0.8354949418361043,0.44852166745531113,1.0256893952334631,-0.02838236174977027,-0.02880197727232724
2671.0,0.14292,21.699557,-1.204723,22.089601,0.170454,0.100595,0.086647,0.013948,0.0698589999999999,0.0838069999999999,0.670085,0.1996564557686802,0.5899591438538078,1144.0,2,0.8361134944230498,0.42580861813685833,1.0376614406559366,-0.04584848225718918,-0.0313495652436534
2672.0,0.141345,21.697588,-1.212467,22.09262,0.171198,0.101634,0.087146,0.014488,0.0695639999999999,0.0840519999999999,0.712518,0.2082656508301588,0.5722781642924546,1145.0,2,0.8385577748069516,0.4422938958679956,1.0332796126166932,-0.038946216744297546,-0.032360918757864454
2673.0,0.143183,21.702313,-1.210104,22.090388,0.170977,0.101492,0.086857,0.0146349999999999,0.0694849999999999,0.0841199999999999,0.731378,0.2106179662090204,0.5674471388785216,1146.0,2,0.8392361873216672,0.4467815548059133,1.032106173921438,-0.03485634794194692,-0.03224356150459473
2674.0,0.142789,21.701657,-1.214829,22.09052,0.171189,0.102007,0.08733,0.0146769999999999,0.069182,0.083859,0.769096,0.212147492881199,0.5643059009769276,1147.0,2,0.8366322804637157,0.4480637430738907,1.0276055166472338,-0.032603290016105846,-0.033541127906558776
2675.0,0.126251,21.699819,-1.211679,22.089994,0.171767,0.101965,0.087613,0.014352,0.069802,0.084154,0.542785,0.2056072088592181,0.5777378916906133,1148.0,2,0.8395753935790259,0.43814204814311664,1.0368147823568301,-0.04425992302785253,-0.03201484144151291
2676.0,0.138458,21.696406,-1.212992,22.089207,0.172337,0.103026,0.08755,0.015476,0.0693109999999999,0.0847869999999999,0.655941,0.2232802400738689,0.5414422216004373,1149.0,2,0.8458906159586566,0.47245584845755806,1.0295216380610033,-0.02521011079801283,-0.031052145662375165
2677.0,0.141214,21.698244,-1.213123,22.088944,0.171914,0.103456,0.088044,0.015412,0.068458,0.08387,0.929399,0.225127448545845,0.5376485504145323,1150.0,2,0.8367420236646256,0.4705020377634973,1.0168514708831249,-0.015445716390544595,-0.028965167472788312
2678.0,0.144495,21.702051,-1.216404,22.089863,0.170904,0.101986,0.087414,0.0145719999999999,0.068918,0.08349,0.787955,0.2114366139961402,0.5657658557052809,1151.0,2,0.8329508949059209,0.44485827240394726,1.0236841518934703,-0.02807223967554273,-0.02787776976591283
2679.0,0.151058,21.695356,-1.22336,22.088682,0.170867,0.101818,0.086973,0.014845,0.0690489999999999,0.083894,0.849248,0.2149891383055758,0.5584699227803329,1152.0,2,0.8369814633757016,0.45319249614580315,1.0256299806159803,-0.02652372581386664,-0.027916932130163274
2680.0,0.143445,21.701919,-1.217848,22.085531,0.17129,0.10259,0.087524,0.0150659999999999,0.0687,0.083766,0.717233,0.2192981179313255,0.5496204333508201,1153.0,2,0.8357044515832958,0.4599392486987285,1.0204460552407413,-0.018755403958392813,-0.028772043074842414
2681.0,0.144102,21.699163,-1.217848,22.085662,0.171372,0.102354,0.087125,0.015229,0.069018,0.084247,0.698374,0.2206493864008462,0.5468452900277936,1154.0,2,0.8405032224594458,0.4649153603101674,1.025169517330502,-0.02497870036132066,-0.027238579784475737
2682.0,0.13767,21.701394,-1.217585,22.091045,0.170444,0.101613,0.087136,0.0144769999999999,0.068831,0.083308,0.938829,0.2103236866573684,0.5680515102164838,1155.0,2,0.8311351437635939,0.4419580846549509,1.0223918839632529,-0.02807223967554273,-0.027431839935551417
2683.0,0.121263,21.701919,-1.221917,22.089732,0.17083,0.101755,0.087566,0.0141889999999999,0.069075,0.083264,0.891681,0.2054114308877177,0.5781399671794298,1156.0,2,0.8306961709599545,0.4331659365316777,1.02601617562961,-0.035247971584451365,-0.030028221208732563
2684.0,0.138195,21.708089,-1.22231,22.086713,0.170426,0.101009,0.086863,0.014146,0.0694169999999999,0.083563,0.835103,0.2037799994237806,0.5814904902148164,1157.0,2,0.8336791906937773,0.4318532199716087,1.0310961254242568,-0.04115439946289723,-0.0313619501534139
2685.0,0.133208,21.703232,-1.219817,22.093539,0.171032,0.101508,0.086337,0.015171,0.0695239999999999,0.0846949999999999,0.835103,0.2182092772384035,0.551856620346195,1158.0,2,0.8449727637328648,0.4631447193686749,1.0326854664418808,-0.028925290124185765,-0.032440100792342344
2686.0,0.14292,21.702051,-1.223885,22.092226,0.171207,0.102375,0.087823,0.0145519999999999,0.068832,0.083384,0.773811,0.211410224746851,0.5658200521515213,1159.0,2,0.8318933695153349,0.4442477065620533,1.0224067376176231,-0.027142712308769634,-0.034648412172880415
2687.0,0.143445,21.708089,-1.22756,22.089469,0.171538,0.101639,0.087157,0.0144819999999999,0.069899,0.084381,0.754952,0.207181688125894,0.5745043332063325,1160.0,2,0.8418400941796205,0.4421107261154244,1.0382555868307508,-0.04140952912235607,-0.036608276969321285
2688.0,0.14187,21.704807,-1.227954,22.09052,0.171657,0.101828,0.087288,0.0145399999999999,0.069829,0.084369,0.721948,0.2082199627667191,0.5723719953312576,1161.0,2,0.8417203743240824,0.44388136705691694,1.0372158310248287,-0.04140952912235607,-0.03657727874703433
2689.0,0.130845,21.701919,-1.227823,22.089469,0.172181,0.102411,0.087608,0.0148029999999999,0.06977,0.084573,1.018981,0.2121655128921757,0.5642688927033898,1162.0,2,0.8437556118682291,0.4519103078778227,1.03633946541698,-0.03730523220315107,-0.036688803533883194
2690.0,0.128745,21.705726,-1.229267,22.093145,0.171152,0.101629,0.087235,0.014394,0.069523,0.083917,1.004836,0.2070364190783039,0.5748026769008354,1163.0,2,0.8372109264321496,0.43942423641109396,1.0326706127875118,-0.04083851776377356,-0.036806598121297184
2691.0,0.119951,21.705463,-1.226379,22.094852,0.170601,0.100805,0.086411,0.014394,0.069796,0.08419,0.877537,0.2062266286516613,0.5764657694292546,1164.0,2,0.83993455314564,0.43942423641109396,1.036725660430608,-0.04457734832572935,-0.03786703432979488
2692.0,0.129664,21.704545,-1.224148,22.092095,0.17106,0.101991,0.087277,0.014714,0.0690689999999999,0.083783,0.495637,0.2130302591573766,0.5624929356096557,1165.0,2,0.8358740547119747,0.44919328988139756,1.0259270537033864,-0.027762257452673134,-0.03860245115349274
2693.0,0.119426,21.706907,-1.226248,22.094195,0.170904,0.10123,0.086479,0.014751,0.069674,0.084425,0.962403,0.2117115177610333,0.5652012770409918,1166.0,2,0.8422790669832599,0.45032283668890144,1.0349135145974295,-0.036363219452940077,-0.04032830853005844
2694.0,0.147383,21.714127,-1.224804,22.095245,0.171574,0.101524,0.086852,0.014672,0.07005,0.084722,1.04727,0.2094474026066723,0.5698511628297256,1167.0,2,0.8452421334078265,0.4479111016134202,1.0404984886406685,-0.042332345337037114,-0.040454849859793474
2695.0,0.13662,21.713077,-1.231367,22.095639,0.172429,0.10281,0.088238,0.014572,0.069619,0.084191,0.462633,0.2093076702097098,0.5701381357275528,1168.0,2,0.8399445298002681,0.44485827240395037,1.0340965636070623,-0.03952965220916271,-0.03973652919424978
2696.0,0.136751,21.715571,-1.225854,22.096033,0.172089,0.102417,0.087619,0.0147979999999999,0.069672,0.0844699999999999,0.693659,0.2123921748740544,0.5638033897335635,1169.0,2,0.8427280164415267,0.4517576664173492,1.0348838072886888,-0.03449688054574829,-0.04052249987795296
2697.0,0.132551,21.711239,-1.22651,22.096821,0.172686,0.101844,0.087309,0.014535,0.070842,0.085377,0.721948,0.2051720000564629,0.5786316939440742,1170.0,3,0.8517768421892778,0.4437287255964465,1.0522625829019592,-0.05866810288801305,-0.04011704289671446
2698.0,0.131501,21.716489,-1.225854,22.092357,0.171593,0.101828,0.087335,0.014493,0.069765,0.084258,0.684229,0.2077372932373936,0.5733632691985528,1171.0,3,0.8406129656603556,0.44244653732846917,1.0362651971451282,-0.042674942419706374,-0.041608311393417786
2699.0,0.130451,21.722134,-1.224017,22.099052,0.171832,0.102217,0.087146,0.015071,0.069615,0.084686,0.835103,0.2164875890599862,0.5553925064861001,1172.0,3,0.8448829738412124,0.460091890159205,1.0340371489895808,-0.03012202554771415,-0.0420874293944135
2700.0,0.132683,21.723971,-1.230973,22.10089,0.171795,0.101739,0.087545,0.0141939999999999,0.070056,0.08425,0.943544,0.2026064490343576,0.5839006482262719,1173.0,3,0.8405331524233303,0.4333185779921511,1.0405876105668903,-0.04869822460080531,-0.039974857013846087
2701.0,0.131108,21.723971,-1.223885,22.105485,0.171593,0.102301,0.088102,0.014199,0.0692919999999999,0.083491,1.056699,0.2049124731213831,0.5791646927206147,1174.0,3,0.8329608715605491,0.43347121945262773,1.0292394186279672,-0.040522778513344404,-0.039226296856780675
2702.0,0.12507,21.727253,-1.225329,22.104303,0.171483,0.101671,0.087225,0.014446,0.069812,0.084258,0.938829,0.2069242118230129,0.5750331205338661,1175.0,3,0.8406129656603556,0.44101170760001834,1.0369633189005332,-0.042674942419706374,-0.03992365116970409
2703.0,0.117982,21.72489,-1.22126,22.10601,0.170279,0.100915,0.08671,0.014205,0.069364,0.083569,0.589933,0.2047862754991711,0.5794238688181579,1176.0,3,0.8337390506215464,0.43365438920519594,1.0303088817426314,-0.04115439946289723,-0.03722332621189563
2704.0,0.138458,21.729353,-1.225592,22.111261,0.171005,0.102233,0.087556,0.014677,0.0687719999999999,0.083449,0.707803,0.2134122402687102,0.5617084487704003,1177.0,3,0.8325418520661659,0.44806374307389374,1.0215155183554026,-0.02120662153136299,-0.03785687215966036
2705.0,0.11562,21.73631,-1.229529,22.115593,0.171418,0.102212,0.087314,0.0148979999999999,0.0692059999999999,0.0841039999999999,0.637081,0.2152672417530018,0.5578987728255732,1178.0,3,0.8390765608476164,0.4548104956268191,1.02796200435212,-0.03204405063850857,-0.04025556154235582
2706.0,0.13767,21.73421,-1.221523,22.110867,0.171666,0.102248,0.088254,0.013994,0.069418,0.083412,1.330158,0.2015874616459471,0.5859933752534916,1179.0,3,0.8321727158449237,0.42721291957321444,1.0311109790786284,-0.04147042367498244,-0.03836685097847037
2707.0,0.136095,21.735522,-1.223229,22.114017,0.171317,0.10145,0.086227,0.015223,0.069867,0.08509,0.759666,0.2178822923226656,0.5525281597375955,1180.0,3,0.848913542310993,0.46473219055759923,1.0377802698909007,-0.03166485330992841,-0.03899304125298382
2708.0,0.123232,21.735522,-1.222967,22.112836,0.171253,0.100679,0.085786,0.014893,0.0705739999999999,0.0854669999999999,0.901111,0.2110237336167199,0.5666138013607904,1181.0,3,0.8526747411058122,0.45465785416634863,1.0482818035307129,-0.04901040189735373,-0.03861076584341381
2709.0,0.123232,21.733947,-1.222179,22.112048,0.171418,0.100983,0.087052,0.0139309999999999,0.0704349999999999,0.0843659999999999,0.830388,0.1977823840081776,0.5938079850355135,1182.0,3,0.8416904443601969,0.4252896371712454,1.046217145573239,-0.054108919374668774,-0.0387285604308278
2710.0,0.124545,21.736441,-1.220998,22.112311,0.171868,0.102217,0.087057,0.01516,0.0696509999999999,0.084811,0.726663,0.2176534772870844,0.5529980845027507,1183.0,3,0.8461300556697335,0.4628089081556332,1.0345718805469106,-0.029811118961950767,-0.04189888316756126
2711.0,0.115882,21.734603,-1.221785,22.113624,0.171483,0.101288,0.086968,0.01432,0.070195,0.0845149999999999,0.585218,0.2040002279332155,0.5810381998733454,1184.0,3,0.8431769658997942,0.43716514279608626,1.0426522685243644,-0.0467846812584789,-0.04520233800263588
2712.0,0.112863,21.739985,-1.223754,22.113361,0.171538,0.101414,0.086626,0.014788,0.0701239999999999,0.084912,0.717233,0.2108805704099823,0.5669078202225062,1185.0,3,0.8471376977871788,0.4514523834964053,1.0415976590640703,-0.038852188324006276,-0.04522786247899324
2713.0,0.132026,21.738804,-1.22021,22.111129,0.170959,0.10091,0.086211,0.014699,0.070049,0.084748,0.528641,0.2098358315488937,0.5690534338737185,1186.0,3,0.8455015264281589,0.4487353654999771,1.0404836349862983,-0.042332345337037114,-0.04608209531273758
2714.0,0.11772,21.739198,-1.214304,22.11638,0.171492,0.101141,0.087199,0.0139419999999999,0.070351,0.084293,1.217003,0.1981748919717988,0.5930018788626487,1187.0,3,0.8409621485723415,0.4256254483842871,1.0449694386061337,-0.05290984889869765,-0.046343653735283444
2715.0,0.12507,21.734735,-1.21916,22.115068,0.171675,0.100154,0.086295,0.013859,0.0715209999999999,0.08538,1.051984,0.1937725455104725,0.6020431187519606,1188.0,3,0.8518067721531624,0.4230916001404301,1.0623482142194027,-0.06507859898925472,-0.04632018852290661
2716.0,0.13347,21.741429,-1.22231,22.113099,0.170619,0.100915,0.086453,0.014462,0.0697039999999999,0.0841659999999999,0.721948,0.2074743562154795,0.5739032713796148,1189.0,3,0.8396951134345628,0.44150016027353345,1.0353591242285376,-0.041725668438556074,-0.04706959984702665
2717.0,0.116538,21.740116,-1.220342,22.118349,0.171106,0.101687,0.087335,0.014352,0.069419,0.083771,0.938829,0.2067415730337078,0.5754082116634958,1190.0,3,0.8357543348564367,0.43814204814311664,1.0311258327329988,-0.040207181647371804,-0.04593263820953238
2718.0,0.118507,21.741692,-1.220604,22.119137,0.170784,0.100427,0.086458,0.013969,0.0703569999999999,0.084326,1.000122,0.1985417436538845,0.592248463816679,1191.0,3,0.841291378175071,0.426449712270847,1.0450585605323544,-0.05162598612281233,-0.04663226760285068
2719.0,0.120345,21.745892,-1.215617,22.116249,0.171014,0.100663,0.086926,0.013737,0.070351,0.084088,0.79267,0.1952609733909483,0.598986286754856,1192.0,3,0.8389169343735666,0.4193671485048769,1.0449694386061337,-0.0538742672509005,-0.04695208144255221
2720.0,0.114176,21.744973,-1.211023,22.121237,0.171914,0.102033,0.087325,0.0147079999999999,0.069881,0.084589,0.745522,0.2104690764431469,0.5677529185580974,1193.0,3,0.8439152383422799,0.44901012012882635,1.037988221052085,-0.03730523220315107,-0.045770449789784895
2721.0,0.123889,21.744186,-1.215092,22.121106,0.171078,0.101162,0.086243,0.014919,0.069916,0.084835,0.618222,0.2133815810174921,0.5617714146563261,1194.0,3,0.8463694953808096,0.4554515897608108,1.0385080989550461,-0.035415064883536296,-0.04387738823456755
2722.0,0.111813,21.746811,-1.216273,22.124782,0.170849,0.10092,0.086852,0.0140679999999999,0.069929,0.083997,1.03784,0.2011726011726011,0.5868453874912983,1195.0,3,0.8380090588024032,0.42947201318821915,1.0387011964618604,-0.04584848225718918,-0.042966993289011414
2723.0,0.116538,21.745236,-1.217717,22.124125,0.171345,0.101587,0.087461,0.014126,0.069758,0.083884,0.561644,0.2024971688240943,0.584125080493206,1196.0,3,0.8368816968294199,0.4312426541297147,1.0361612215645362,-0.04553048373405244,-0.04183880413669281
2724.0,0.121263,21.752192,-1.223229,22.126882,0.171363,0.101608,0.087025,0.0145829999999999,0.0697549999999999,0.0843379999999999,0.78324,0.2090572853948047,0.5706523590391628,1197.0,3,0.8414110980306082,0.445194083616989,1.0361166606014238,-0.04109353237102453,-0.04081715843664718
2725.0,0.106563,21.755211,-1.215354,22.127276,0.171381,0.101419,0.087099,0.01432,0.069962,0.084282,0.797385,0.2046796163686519,0.5796429180896955,1198.0,3,0.8408524053714316,0.43716514279608626,1.0391913670560806,-0.046147983437081264,-0.03886060578959229
2726.0,0.11562,21.755868,-1.215354,22.130689,0.171538,0.101912,0.086968,0.0149439999999999,0.069626,0.0845699999999999,0.849248,0.2146293822798627,0.5592087652496096,1199.0,3,0.8437256819043436,0.45621479706317525,1.0342005391876543,-0.03262171898299471,-0.039015301401677804
2727.0,0.137014,21.760331,-1.216667,22.129114,0.171859,0.102327,0.087052,0.0152749999999999,0.069532,0.084807,0.797385,0.2196798642371247,0.5488364287392092,1200.0,3,0.8460901490512208,0.4663196617465205,1.0328042956768446,-0.028925290124185765,-0.038771816398478876
2728.0,0.122313,21.75823,-1.211285,22.130427,0.171464,0.101566,0.087073,0.014493,0.069898,0.084391,1.014266,0.2073420220604015,0.5741750502711948,1201.0,3,0.8419398607259021,0.44244653732846917,1.0382407331763805,-0.04140952912235607,-0.03832932160726017
2729.0,0.11772,21.755605,-1.211548,22.131477,0.171565,0.102574,0.088501,0.014073,0.068991,0.083064,0.820959,0.2039801716141002,0.5810793901781093,1202.0,3,0.8287008400343204,0.4296246546486957,1.0247684686625034,-0.03430874078035151,-0.0387099956409801
2730.0,0.120345,21.759543,-1.216273,22.133183,0.171133,0.10102,0.086243,0.0147769999999999,0.070113,0.08489,0.637081,0.2107567675499899,0.5671620781201994,1203.0,3,0.8469182113853589,0.45111657228336055,1.0414342688659983,-0.038852188324006276,-0.03892888648512248
2731.0,0.116801,21.757705,-1.216798,22.137384,0.170867,0.101345,0.086516,0.014829,0.0695219999999999,0.084351,0.778526,0.2132963192037169,0.5619465195733315,1204.0,3,0.8415407945407753,0.45270404347228793,1.03265575913314,-0.03298021485154701,-0.03730054690113188
2732.0,0.111288,21.764269,-1.215223,22.137647,0.170793,0.101146,0.086779,0.014367,0.069647,0.084014,0.745522,0.2062801516195727,0.576355847596267,1205.0,3,0.8381786619310821,0.4385999725245371,1.034512465929431,-0.04142353434500212,-0.03748806305740724
2733.0,0.116276,21.768075,-1.213517,22.131871,0.171832,0.101755,0.087802,0.0139529999999999,0.070077,0.08403,1.02841,0.1991067096663716,0.5910881750268084,1206.0,3,0.8383382884051327,0.4259612595973287,1.0408995373086671,-0.04933722407125174,-0.03773113723648046
2734.0,0.119163,21.7644,-1.213517,22.136071,0.171712,0.101545,0.086873,0.0146719999999999,0.070167,0.084839,0.820959,0.2090981644054268,0.5705684045061159,1207.0,3,0.8464094019993224,0.4479111016134172,1.0422363662019956,-0.043282440812448364,-0.040206507158468706
2735.0,0.113913,21.768731,-1.209579,22.133183,0.171675,0.102285,0.087277,0.015008,0.06939,0.084398,1.150995,0.2162816503581157,0.5558154493922209,1208.0,3,0.8420096973082993,0.458168607757239,1.0306950767562595,-0.02986458759717525,-0.041424124057648413
2736.0,0.135176,21.768469,-1.215485,22.134365,0.171657,0.102023,0.087256,0.014767,0.069634,0.084401,0.948259,0.2120628994040353,0.5644796333096338,1209.0,3,0.842039627272184,0.4508112893624166,1.0343193684226168,-0.03449688054574829,-0.043211666634361434
2737.0,0.12927,21.778576,-1.209579,22.13384,0.171455,0.102306,0.087556,0.01475,0.069149,0.083899,1.009551,0.2133044107013738,0.5619299018055065,1210.0,3,0.8370313466488425,0.45029230839680673,1.0271153460530134,-0.03135603191491798,-0.0429623040785788
2738.0,0.111944,21.772144,-1.214304,22.134759,0.171115,0.100274,0.086784,0.01349,0.0708409999999999,0.0843309999999999,0.872822,0.1904237599164338,0.6089206269534512,1211.0,3,0.8413412614482111,0.4118266603574863,1.0522477292475874,-0.06616322834223853,-0.04423008106930548
2739.0,0.093438,21.780676,-1.211285,22.134627,0.170812,0.101051,0.087241,0.01381,0.0697609999999999,0.0835709999999999,0.764381,0.1979587741177146,0.5934457270196041,1212.0,3,0.8337590039308017,0.4215957138277899,1.0362057825276456,-0.046484909772148586,-0.04311862299191564
2740.0,0.108138,21.778313,-1.214042,22.133577,0.17162,0.101015,0.086794,0.0142209999999999,0.070605,0.084826,0.877537,0.2014134776081352,0.5863506918428576,1213.0,3,0.8462797054891561,0.43414284187870805,1.0487422668161943,-0.05672761409113647,-0.04202597537388388
2741.0,0.115226,21.777132,-1.212729,22.137384,0.171703,0.102506,0.087451,0.0150549999999999,0.069197,0.084252,0.830388,0.2175640914477297,0.5531816590631387,1214.0,3,0.8405531057325865,0.45960343748568677,1.0278283214627886,-0.030486589293720723,-0.044643747762245875
2742.0,0.112732,21.778051,-1.208004,22.139091,0.171639,0.10113,0.087031,0.014099,0.070509,0.084608,0.778526,0.1999574528435682,0.589340976523283,1215.0,3,0.8441047947802152,0.43041839024315787,1.0473163159966439,-0.05410130425226889,-0.04353777525361137
2743.0,0.12822,21.779495,-1.206692,22.135415,0.171914,0.101918,0.087146,0.0147719999999999,0.069996,0.084768,0.778526,0.211037615897824,0.5665852908755807,1216.0,3,0.8457010595207223,0.45096393082288705,1.0396963913046715,-0.038222643297353365,-0.0445808311085521
2744.0,0.120738,21.785927,-1.20761,22.134365,0.170784,0.10124,0.086343,0.0148969999999999,0.069544,0.0844409999999999,0.787955,0.2142066288014953,0.5600769876045599,1217.0,3,0.8424386934573097,0.45477996733472437,1.0329825395292884,-0.03235596463213075,-0.04232705845451976
2745.0,0.109319,21.790652,-1.202492,22.138434,0.170968,0.1005,0.086637,0.013863,0.070468,0.084331,0.891681,0.1967248009763158,0.5959799771715091,1218.0,3,0.841341261448212,0.4232137133088089,1.046707316167461,-0.05604231148079519,-0.04270824795460195
2746.0,0.121526,21.79144,-1.202492,22.138697,0.170803,0.101844,0.086527,0.0153169999999999,0.068959,0.084276,1.141566,0.2221142691415312,0.5438368134381851,1219.0,3,0.8407925454436627,0.4676018500144979,1.0242931517226534,-0.02343715545940317,-0.04248060304621992
2747.0,0.125595,21.786452,-1.200392,22.136859,0.17004,0.100605,0.086695,0.01391,0.069435,0.083345,0.637081,0.2003283599285674,0.5885792327664974,1220.0,3,0.8315042799848363,0.4246485430372598,1.031363491202924,-0.04178659046432531,-0.04320069660294858
2748.0,0.125857,21.79039,-1.202361,22.136465,0.171455,0.101713,0.087403,0.01431,0.069742,0.084052,0.651226,0.2051818820526791,0.5786113989720267,1221.0,3,0.8385577748069525,0.43685985987513926,1.035923563094611,-0.043625501801915156,-0.042500890740169106
2749.0,0.13032,21.793015,-1.20446,22.137909,0.171216,0.100931,0.087099,0.013832,0.070285,0.084117,0.901111,0.1967959479839514,0.5958338602838239,1222.0,3,0.8392062573577835,0.4222673362538733,1.0439890974176929,-0.050296804772970494,-0.042039129257492924
2750.0,0.122051,21.793802,-1.204198,22.136465,0.170748,0.1006,0.087445,0.013155,0.070148,0.083303,0.660655,0.1875294017020912,0.6148648630946447,1223.0,3,0.8310852604904532,0.4015996825057622,1.0419541467689597,-0.05445116500731617,-0.042572285280380574
2751.0,0.12087,21.796428,-1.200917,22.139353,0.17162,0.102333,0.087886,0.0144469999999999,0.069287,0.0837339999999999,0.830388,0.2085065234961319,0.5717834763856822,1224.0,3,0.8353851986351934,0.44104223589210995,1.029165150356117,-0.03768752486100724,-0.041489316993721506
2752.0,0.128482,21.799053,-1.196848,22.135021,0.171345,0.101198,0.086936,0.0142619999999999,0.070147,0.084409,1.221718,0.203312995381194,0.5824495913703924,1225.0,3,0.8421194405092092,0.43539450185459067,1.0419392931145892,-0.04710324562447421,-0.04195282541533546
2753.0,0.111419,21.79984,-1.196717,22.142504,0.17162,0.102333,0.08765,0.0146829999999999,0.069287,0.0839699999999999,1.103847,0.2119125966978407,0.564788314789989,1226.0,3,0.8377396891274417,0.44824691282645884,1.029165150356117,-0.03360502847059155,-0.044096576150180686
2754.0,0.110763,21.794852,-1.199079,22.138828,0.170104,0.100705,0.086201,0.014504,0.069399,0.083903,0.886966,0.2089913544668588,0.570787763496972,1227.0,3,0.8370712532673552,0.44278234854151083,1.0308287596455925,-0.03768752486100724,-0.045050478354946646
2755.0,0.119688,21.796953,-1.196454,22.143291,0.169709,0.099907,0.085786,0.0141209999999999,0.069802,0.083923,0.726663,0.2022978955059237,0.5845343344873992,1228.0,3,0.8372707863599186,0.43109001266923813,1.0368147823568301,-0.0452126286142045,-0.04403543756399767
2756.0,0.119295,21.799053,-1.192254,22.136596,0.170573,0.101571,0.086994,0.0145769999999999,0.069002,0.083579,0.740807,0.2112516847093603,0.5661456509029157,1229.0,3,0.833838817167828,0.4450109138644208,1.0249318588605767,-0.02807223967554273,-0.043524043470391224
2757.0,0.121526,21.802991,-1.193829,22.138566,0.169948,0.099293,0.085996,0.013297,0.0706549999999999,0.0839519999999999,0.882251,0.1881935009057972,0.6135009812957557,1230.0,3,0.8375601093441345,0.4059346999832094,1.0494849495347085,-0.0632240978127776,-0.044433759110138395
2758.0,0.124282,21.800759,-1.186348,22.135546,0.170224,0.099975,0.086469,0.0135059999999999,0.0702489999999999,0.0837549999999999,1.018981,0.192256227758007,0.6051572290721947,1231.0,3,0.835594708382385,0.41231511303099844,1.04345436586036,-0.05316452384957471,-0.044631826265700315
2759.0,0.137014,21.800365,-1.189236,22.139878,0.170849,0.101135,0.086542,0.014593,0.069714,0.084307,0.91997,0.2093236749623468,0.5701052662545953,1232.0,3,0.841101821737136,0.44549936653793903,1.0355076607722422,-0.04014639686348076,-0.04535517519501851
2760.0,0.13872,21.802072,-1.185823,22.136334,0.171097,0.101004,0.087209,0.013795,0.070093,0.083888,0.589933,0.1968071446914144,0.5958108652471924,1233.0,3,0.8369216034479326,0.4211377894463694,1.0411371957785922,-0.04933722407125174,-0.04620122105262592
2761.0,0.138983,21.803122,-1.182411,22.137909,0.171234,0.101036,0.086779,0.014257,0.070198,0.084455,0.707803,0.2030940611689626,0.5828992235722535,1234.0,3,0.8425783666221051,0.4352418603941203,1.0426968294874754,-0.0467846812584789,-0.04632844916842033
2762.0,0.115751,21.801415,-1.183986,22.132527,0.170591,0.100264,0.086217,0.014047,0.0703269999999999,0.0843739999999999,0.825674,0.1997355249687181,0.5897967569059204,1235.0,3,0.8417702575972222,0.42883091905423354,1.0446129509012447,-0.04908391718009342,-0.048454947607991225
2763.0,0.112338,21.801284,-1.181754,22.131871,0.170996,0.10145,0.087141,0.014309,0.069546,0.083855,0.825674,0.205745754669504,0.5774533557238377,1236.0,3,0.836592373845203,0.4368293315830446,1.033012246838029,-0.04083851776377356,-0.04590129031281419
2764.0,0.124414,21.804303,-1.178342,22.130295,0.170031,0.100085,0.085791,0.0142939999999999,0.069946,0.0842399999999999,1.127421,0.2043547257209028,0.5803101564158696,1237.0,3,0.8404333858770475,0.43637140720162104,1.0389537085861555,-0.046147983437081264,-0.04476349697428925
2765.0,0.137539,21.800628,-1.171648,22.125307,0.170408,0.100505,0.086674,0.0138309999999999,0.069903,0.083734,1.018981,0.1978570611123826,0.5936546182754714,1238.0,3,0.8353851986351944,0.42223680796177554,1.038315001448232,-0.046484909772148586,-0.046065309672898645
2766.0,0.131501,21.800103,-1.178473,22.125044,0.170766,0.100721,0.086931,0.01379,0.070045,0.083835,0.693659,0.1968706278731121,0.5956804878042292,1239.0,3,0.8363928407526396,0.4209851479858959,1.040424220368817,-0.04933722407125174,-0.04527254017800908
2767.0,0.125464,21.802859,-1.178867,22.124651,0.171234,0.101792,0.087246,0.0145459999999999,0.069442,0.083988,0.561644,0.2094667569085435,0.5698114142802544,1240.0,3,0.8379192689107495,0.4440645368094851,1.0314674667835162,-0.03768752486100724,-0.045147120425566435
2768.0,0.120607,21.802728,-1.174011,22.124388,0.17163,0.102112,0.088054,0.014058,0.069518,0.083576,1.070844,0.2022180986492901,0.5846982158469367,1241.0,3,0.8338088872039435,0.42916673026727514,1.03259634451566,-0.04178659046432531,-0.045044708839705815
2769.0,0.11877,21.803778,-1.171648,22.122156,0.170692,0.100537,0.087041,0.013496,0.070155,0.083651,0.523926,0.1923712868464565,0.6049209285380917,1242.0,3,0.8345571363010563,0.4120098301100545,1.0420581223495518,-0.05316452384957471,-0.04599053754062551
2770.0,0.126645,21.811654,-1.167711,22.117299,0.172218,0.10239,0.087886,0.0145039999999999,0.069828,0.084332,0.679515,0.2077073995045036,0.5734246629149766,1243.0,3,0.8413512381028402,0.4427823485415078,1.0372009773704582,-0.04140952912235607,-0.04637341922220255
2771.0,0.140952,21.812573,-1.170861,22.115855,0.171354,0.101597,0.087477,0.01412,0.069757,0.083877,0.905825,0.202414060036125,0.5842957636721748,1244.0,3,0.8368118602470227,0.43105948437714653,1.036146367910166,-0.04553048373405244,-0.04489815597541976
2772.0,0.136751,21.809422,-1.165742,22.117299,0.171666,0.101681,0.087729,0.0139519999999999,0.069985,0.083937,0.618222,0.1993541565455946,0.5905799854477805,1245.0,3,0.8374104595247129,0.42593073130523407,1.039533001106598,-0.04805980132148724,-0.044517481941699834
2773.0,0.128614,21.812967,-1.16233,22.114017,0.171721,0.101435,0.087655,0.01378,0.070286,0.084066,0.839818,0.1960533242278088,0.5973590104703825,1246.0,3,0.838697447971747,0.4206798650649489,1.0440039510720633,-0.050296804772970494,-0.04470637093679793
2774.0,0.131633,21.810735,-1.164823,22.111129,0.170499,0.100353,0.086432,0.013921,0.070146,0.084067,0.740807,0.1984546737565398,0.5924272820528054,1247.0,3,0.838707424626375,0.42498435425030145,1.041924439460219,-0.04997680025285167,-0.045333692022514124
2775.0,0.117588,21.811391,-1.159705,22.112311,0.171473,0.101907,0.086973,0.014934,0.0695659999999999,0.0844999999999999,0.679515,0.2146707490620553,0.5591238089644698,1248.0,3,0.8430273160803716,0.4559095141422313,1.033309319925434,-0.03173227730432071,-0.04539519804464879
2776.0,0.142658,21.813492,-1.159705,22.115199,0.170288,0.100589,0.086889,0.0137,0.069699,0.083399,0.712518,0.1965566714490675,0.596325270165071,1249.0,3,0.8320430193347574,0.41823760169737306,1.0352848559566874,-0.04553048373405244,-0.04533809690879054
2777.0,0.134914,21.817692,-1.154323,22.111655,0.170702,0.101508,0.087256,0.014252,0.0691939999999999,0.0834459999999999,0.745522,0.2059686393525544,0.576995610313563,1250.0,3,0.8325119221022804,0.43508921893364677,1.027783760499676,-0.03957641481198826,-0.04367757754780387
2778.0,0.126776,21.822155,-1.152486,22.112311,0.171519,0.101524,0.08743,0.014094,0.069995,0.084089,0.514496,0.2013543631064633,0.5864720971877682,1251.0,3,0.8389269110281948,0.43026574878268437,1.0396815376503012,-0.04805980132148724,-0.04320059146094172
2779.0,0.127695,21.818086,-1.150517,22.111917,0.170555,0.100096,0.085881,0.014215,0.070459,0.084674,0.533356,0.2017456713028669,0.5856684550152543,1252.0,3,0.8447632539856743,0.4339596721261429,1.046573633278128,-0.053779584070921316,-0.04449332076492243
2780.0,0.126776,21.819398,-1.143823,22.11533,0.17061,0.101104,0.086737,0.014367,0.069506,0.083873,0.957688,0.206698605895809,0.5754964546503922,1253.0,3,0.8367719536285101,0.4385999725245371,1.0324181006632163,-0.04083851776377356,-0.04398327170201103
2781.0,0.109582,21.824518,-1.145923,22.114674,0.171216,0.101629,0.086574,0.0150549999999999,0.069587,0.084642,0.886966,0.2163447720871414,0.5556858142761838,1254.0,3,0.8444440010375728,0.45960343748568677,1.033621246667212,-0.028925290124185765,-0.04638201557067071
2782.0,0.129401,21.820973,-1.147367,22.109817,0.170996,0.100988,0.086548,0.0144399999999999,0.070008,0.084448,1.000122,0.2062591952463253,0.5763988863710214,1255.0,3,0.8425085300397078,0.4408285378474471,1.0398746351571153,-0.043289940452865716,-0.046698789657345995
2783.0,0.134258,21.823205,-1.138048,22.115855,0.170307,0.099755,0.086511,0.0132439999999999,0.0705519999999999,0.0837959999999999,0.707803,0.1877170354201804,0.6144795137198349,1256.0,3,0.83600375122214,0.4043167005021873,1.047955023134566,-0.0632240978127776,-0.046345355777005305
2784.0,0.140033,21.82793,-1.137786,22.1194,0.170674,0.100715,0.086301,0.0144139999999999,0.069959,0.0843729999999999,0.641796,0.2060320182961692,0.5768654469476884,1257.0,3,0.8417602809425941,0.4400348022529849,1.0391468060929696,-0.044876309623737676,-0.047406185933657884
2785.0,0.146596,21.824255,-1.143955,22.120319,0.170913,0.10039,0.086374,0.0140159999999999,0.070523,0.084539,0.849248,0.1987408541773011,0.591839544159285,1258.0,3,0.8434164056108714,0.42788454199929477,1.0475242671578282,-0.05571971599091752,-0.04763245867464527
2786.0,0.136883,21.826224,-1.135686,22.121631,0.170738,0.100631,0.086574,0.014057,0.070107,0.084164,0.967118,0.2005049352427683,0.5882165943898394,1259.0,3,0.8396751601253076,0.4291362019751805,1.0413451469397765,-0.04869822460080531,-0.049056103035719056
2787.0,0.134914,21.827011,-1.136999,22.12045,0.170582,0.100705,0.085991,0.014714,0.069877,0.084591,0.335334,0.2105669881793984,0.5675518340902562,1260.0,3,0.8439351916515362,0.44919328988139756,1.0379288064346037,-0.036042076008581336,-0.050058195697730234
2788.0,0.119032,21.822549,-1.136736,22.127407,0.170646,0.099917,0.086007,0.01391,0.0707289999999999,0.0846389999999999,0.901111,0.1966633677364627,0.5961061445832674,1261.0,3,0.8444140710736873,0.4246485430372598,1.050584119958112,-0.05866810288801305,-0.0494351046545506
2789.0,0.118901,21.820055,-1.130699,22.12872,0.170022,0.09955,0.085692,0.0138579999999999,0.070472,0.08433,0.79267,0.1966426858513188,0.5961486196330146,1262.0,3,0.8413312847935838,0.42306107184833236,1.0467667307849422,-0.05604231148079519,-0.047665743246678084
2790.0,0.14397,21.820973,-1.127549,22.131083,0.17027,0.099812,0.085697,0.014115,0.070458,0.084573,1.051984,0.2003292695042507,0.5885773647417922,1263.0,3,0.8437556118682291,0.430906842916673,1.0465587796237579,-0.0550749613745114,-0.04729355223059404
2791.0,0.121132,21.823599,-1.127811,22.12977,0.170656,0.101125,0.086637,0.014488,0.069531,0.084019,0.736092,0.2083644940459069,0.5720751668153454,1264.0,3,0.8382285452042229,0.4422938958679956,1.0327894420224741,-0.038946216744297546,-0.04704469830059695
2792.0,0.146464,21.821498,-1.132274,22.130558,0.17072,0.101498,0.086999,0.0144989999999999,0.069222,0.083721,1.066129,0.2094535053378212,0.5698386294553577,1265.0,3,0.8352555021250283,0.44262970708103433,1.0281996628220467,-0.03705903002106936,-0.04758099428146324
2793.0,0.14292,21.82058,-1.127942,22.136334,0.171198,0.101356,0.087141,0.014215,0.0698419999999999,0.0840569999999999,0.604078,0.2035279126039833,0.5820082089883711,1266.0,3,0.8386076580800923,0.4339596721261429,1.0374089285316412,-0.04553048373405244,-0.048029064531939544
2794.0,0.139377,21.816773,-1.122167,22.136203,0.170775,0.101477,0.087561,0.0139159999999999,0.069298,0.083214,0.976548,0.2008109785133983,0.5875880635255416,1267.0,3,0.8301973382285459,0.42483171278982496,1.0293285405541905,-0.04115439946289723,-0.045766461843996374
2795.0,0.131239,21.814279,-1.124136,22.133446,0.170665,0.100311,0.086511,0.0137999999999999,0.070354,0.084154,0.948259,0.1961481060336861,0.59716435404077,1268.0,3,0.8395753935790259,0.4212904309068398,1.0450139995692447,-0.05323117669094668,-0.0447152790693221
2796.0,0.140427,21.812704,-1.12453,22.13699,0.171106,0.100731,0.086647,0.014084,0.070375,0.084459,0.849248,0.2001250426281686,0.5889967920164794,1269.0,3,0.8426182732406178,0.4299604658617373,1.0453259263110213,-0.054061184409468166,-0.04344971813508226
2797.0,0.142264,21.814935,-1.114949,22.137909,0.170187,0.100931,0.086758,0.014173,0.069256,0.083429,0.457919,0.2046435739347648,0.5797169395902364,1270.0,3,0.8323423189736026,0.4326774838581655,1.0287046870706373,-0.040522778513344404,-0.04420358743786736
2798.0,0.135045,21.812835,-1.124267,22.138172,0.170058,0.100222,0.085445,0.014777,0.0698359999999999,0.084613,0.934114,0.211592708736057,0.5654452789398114,1271.0,3,0.8441546780533559,0.4511165722833636,1.0373198066054192,-0.036042076008581336,-0.04467025127961603
2799.0,0.13557,21.809554,-1.119149,22.14106,0.170049,0.100196,0.08607,0.014126,0.069853,0.083979,0.55693,0.2022217768488561,0.5846906618107133,1272.0,3,0.8378294790190961,0.4312426541297147,1.0375723187297161,-0.04553048373405244,-0.04543365529116826
2800.0,0.148302,21.81021,-1.115474,22.144079,0.17016,0.100574,0.086684,0.01389,0.069586,0.083476,0.764381,0.199606248293503,0.5900622565532061,1273.0,3,0.8328112217411265,0.4240379771953658,1.0336063930128416,-0.042419352032113,-0.04412543931243281
2801.0,0.142264,21.812704,-1.120986,22.145654,0.170242,0.100448,0.086611,0.013837,0.069794,0.083631,0.589933,0.1982520237839387,0.5928434707903218,1274.0,3,0.8343576032084928,0.42241997771434675,1.0366959531218674,-0.046484909772148586,-0.04263398033648187
2802.0,0.132683,21.806535,-1.10983,22.145786,0.171051,0.101366,0.08691,0.0144559999999999,0.069685,0.084141,0.853963,0.207444823924461,0.5739639227912938,1275.0,3,0.8394456970688596,0.44131699052096224,1.035076904795503,-0.041725668438556074,-0.041591817026992495
2803.0,0.129926,21.814017,-1.113636,22.148017,0.170637,0.100348,0.086626,0.013722,0.070289,0.084011,0.91997,0.195219803670508,0.5990708383279651,1276.0,3,0.8381487319671975,0.4189092241234564,1.0440485120351743,-0.05316452384957471,-0.041997274008230986
2804.0,0.131895,21.807716,-1.112717,22.146836,0.170215,0.101261,0.086737,0.014524,0.068954,0.083478,0.514496,0.2106301210934668,0.5674221760031387,1277.0,3,0.8328311750503828,0.44339291438340483,1.0242188834508017,-0.02807223967554273,-0.044976673283960336
2805.0,0.144758,21.80916,-1.102743,22.147361,0.170968,0.101498,0.086973,0.014525,0.06947,0.083995,0.660655,0.2090800477897253,0.5706056111798701,1278.0,3,0.8379891054931469,0.4434234426754995,1.031883369105885,-0.038316586931437246,-0.044976673283960336
2806.0,0.156702,21.812179,-1.108386,22.150118,0.170665,0.101057,0.087214,0.0138429999999999,0.069608,0.083451,0.745522,0.1988679624761164,0.591578497776042,1279.0,3,0.8325618053754222,0.4226031474669119,1.0339331734089887,-0.04363955131457442,-0.0460578557498437
2807.0,0.140427,21.805222,-1.104317,22.153006,0.170463,0.100626,0.086311,0.0143149999999999,0.069837,0.084152,0.844533,0.2049743692545604,0.5790375746500147,1280.0,3,0.8395554402697696,0.43701250133560976,1.037334660259791,-0.04457734832572935,-0.04792681065577416
2808.0,0.146202,21.81126,-1.10143,22.15143,0.171584,0.100684,0.086999,0.0136849999999999,0.0708999999999999,0.0845849999999999,0.915255,0.1930156133199812,0.6035976546282922,1281.0,3,0.8438753317237662,0.4177796773159495,1.053124094855436,-0.06583606876587478,-0.050337076658684955
2809.0,0.139114,21.811391,-1.101693,22.154712,0.171189,0.101403,0.087246,0.0141569999999999,0.069786,0.083943,0.608793,0.2028601315431238,0.5833796523351882,1282.0,3,0.837470319452482,0.43218903118464735,1.036577123886905,-0.04553048373405244,-0.05144010024476536
2810.0,0.14502,21.806403,-1.10143,22.152612,0.171069,0.100752,0.087073,0.0136789999999999,0.070317,0.083996,0.698374,0.1945305611649932,0.6004863577308592,1283.0,3,0.837999082147775,0.4175965075633813,1.044464414357543,-0.05323117669094668,-0.0546293445504372
2811.0,0.151977,21.80706,-1.094474,22.151168,0.171574,0.100469,0.086563,0.013906,0.071105,0.085011,0.608793,0.1955671813911625,0.5983574175801367,1284.0,3,0.8481253865953676,0.42452642986888095,1.0561690940013524,-0.06517445883145312,-0.05738051870405988
2812.0,0.13872,21.809947,-1.098543,22.153137,0.171501,0.100164,0.086537,0.013627,0.0713369999999999,0.0849639999999999,0.976548,0.191020213630884,0.6076956708618331,1285.0,3,0.8476564838278426,0.41600903637446,1.0596151418152644,-0.06582832846766407,-0.060026631093561066
2813.0,0.15434,21.810735,-1.091193,22.15445,0.171409,0.100012,0.086238,0.013774,0.071397,0.085171,0.660655,0.1929185691475952,0.6037969573524438,1286.0,3,0.8497216513358749,0.4204966953123807,1.060506361077485,-0.0641947597103788,-0.062086342144133444
2814.0,0.141345,21.808635,-1.09093,22.154056,0.170913,0.100138,0.085949,0.014189,0.070775,0.084964,0.528641,0.2004775630157116,0.5882728096089955,1287.0,3,0.8476564838278436,0.43316593653168073,1.051267388059148,-0.059964682732261076,-0.06198750978219266
2815.0,0.135833,21.81231,-1.092374,22.155762,0.171584,0.100421,0.086595,0.0138259999999999,0.0711629999999999,0.0849889999999999,0.78324,0.1942836265527512,0.6009934952507857,1288.0,3,0.8479059001935468,0.422084166501302,1.0570306059548293,-0.06582832846766407,-0.06343169745290142
2816.0,0.153815,21.811129,-1.090405,22.158257,0.171363,0.100259,0.087083,0.013176,0.0711039999999999,0.08428,0.368337,0.1853034245130442,0.6194364237228481,1289.0,3,0.8408324520621753,0.4022407766397509,1.0561542403469806,-0.0701006752095863,-0.06294647388078059
2817.0,0.146727,21.809029,-1.083449,22.160226,0.170573,0.099245,0.085534,0.013711,0.071328,0.085039,0.750237,0.1922219574086276,0.6052276111860404,1290.0,3,0.8484047329249564,0.41857341291041467,1.059481458925933,-0.06517445883145312,-0.06330761041658847
2818.0,0.142133,21.805222,-1.088174,22.1576,0.170803,0.09977,0.085949,0.013821,0.071033,0.084854,0.825674,0.194568798040375,0.6004078294355557,1291.0,3,0.8465590518187449,0.4219315250408316,1.0550996308866896,-0.06484774514646696,-0.06375243710095795
2819.0,0.142264,21.802203,-1.086336,22.154187,0.17094,0.100259,0.086353,0.013906,0.070681,0.084587,0.891681,0.1967403299284117,0.5959480848653576,1292.0,3,0.8438952850330235,0.42452642986888095,1.0498711445483382,-0.05997236044113996,-0.0636879690273394
2820.0,0.141083,21.808635,-1.083449,22.15445,0.170619,0.10039,0.086269,0.0141209999999999,0.070229,0.08435,1.113277,0.201067919692439,0.5870603751989737,1293.0,3,0.8415308178861471,0.43109001266923813,1.043157292772955,-0.04837894096973849,-0.06336426216322695
2821.0,0.147514,21.801941,-1.080168,22.153268,0.170481,0.099476,0.086264,0.013212,0.071005,0.084217,0.853963,0.1860687829197533,0.6178645826564653,1294.0,3,0.8402039228206006,0.40333979515516005,1.0546837285643207,-0.06878582418953183,-0.06300536272578243
2822.0,0.142789,21.801415,-1.070455,22.156287,0.170876,0.09903,0.086154,0.012876,0.071846,0.084722,0.717233,0.1792141634306236,0.6319421341839526,1295.0,3,0.8452421334078265,0.39308228901134123,1.0671756518897568,-0.07027659531135888,-0.061894498061825357
2823.0,0.147908,21.807585,-1.078068,22.151693,0.17083,0.100122,0.086884,0.013238,0.070708,0.083946,0.721948,0.1872180344793449,0.6155043279298749,1296.0,3,0.8375002494163666,0.4041335307496222,1.0502721932163366,-0.0635500789741934,-0.06040207448689859
2824.0,0.154077,21.80089,-1.076493,22.150118,0.171271,0.100616,0.086395,0.0142209999999999,0.070655,0.084876,0.750237,0.2012709465579709,0.5866434124243773,1297.0,3,0.8467785382205646,0.43414284187870805,1.04948494953471,-0.05672761409113647,-0.06063108383906328
2825.0,0.149746,21.797346,-1.074393,22.147098,0.170793,0.099539,0.085245,0.014294,0.071254,0.085548,0.703089,0.2006034664234089,0.5880142377492219,1298.0,3,0.8534828501306949,0.4363714072016241,1.0583822885025296,-0.06223933409321891,-0.061118622309595985
2826.0,0.144889,21.798396,-1.07518,22.146311,0.171611,0.100595,0.085902,0.0146929999999999,0.071016,0.085709,0.6748,0.2068941239421546,0.5750949129781888,1299.0,3,0.8550890915258303,0.44855219574740585,1.0548471187623942,-0.05899202857001551,-0.06237536241857994
2827.0,0.149483,21.799578,-1.069012,22.14526,0.171657,0.10112,0.086647,0.014473,0.070537,0.08501,0.769096,0.2051801865661062,0.5786148810470906,1300.0,3,0.8481154099407395,0.44183597148657516,1.0477322183190128,-0.05025022308218552,-0.061688944253167156
2828.0,0.151583,21.795903,-1.070455,22.144473,0.170499,0.099308,0.085781,0.0135269999999999,0.071191,0.084718,0.589933,0.1900073041914821,0.60977591541056,1301.0,3,0.8452022267893138,0.4129562071649871,1.0574465082771998,-0.06713783866811385,-0.05851501920407355
2829.0,0.145414,21.789864,-1.064943,22.145917,0.170812,0.09977,0.086143,0.013627,0.071042,0.084669,0.717233,0.1918134087805977,0.6060666605850182,1302.0,3,0.8447133707125334,0.41600903637446,1.0552333137760224,-0.06484774514646696,-0.058352175560194605
2830.0,0.145808,21.790783,-1.064418,22.140535,0.171914,0.101183,0.087577,0.0136059999999999,0.070731,0.084337,0.5475,0.1923598936831984,0.6049443270422803,1303.0,3,0.841401121375981,0.4153679422404683,1.0506138272668542,-0.06094634205957805,-0.059098890122118844
2831.0,0.141083,21.785795,-1.063105,22.13804,0.171244,0.100579,0.087078,0.0135009999999999,0.070665,0.084166,0.816244,0.191053689185747,0.6076269210429346,1304.0,3,0.8396951134345639,0.41216247157052494,1.0496334860784133,-0.061921642535404,-0.05988502423375558
2832.0,0.143708,21.789471,-1.066518,22.136465,0.171446,0.101482,0.086773,0.014709,0.0699639999999999,0.0846729999999999,0.618222,0.2102336882727078,0.5682363427807802,1305.0,3,0.8447532773310451,0.44904064842092406,1.0392210743648198,-0.038537344820422814,-0.05923802870386793
2833.0,0.150927,21.791308,-1.060349,22.136071,0.170803,0.100253,0.086647,0.0136059999999999,0.07055,0.084156,1.04727,0.1928533968334962,0.6039308038207052,1306.0,3,0.8395953468882822,0.4153679422404683,1.0479253158258268,-0.061921642535404,-0.05914672880277455
2834.0,0.145152,21.792884,-1.061793,22.134102,0.171372,0.100112,0.086269,0.013843,0.0712599999999999,0.085103,0.651226,0.1942577286313693,0.6010466826411707,1307.0,3,0.8490432388211593,0.4226031474669149,1.05847141042875,-0.0641947597103788,-0.0588850628154554
2835.0,0.13977,21.787108,-1.05733,22.130689,0.17083,0.099739,0.086752,0.0129869999999999,0.071091,0.084078,1.132136,0.182678782422776,0.6248267352238084,1308.0,3,0.8388171678272849,0.39647092943384976,1.055961142840168,-0.0701006752095863,-0.05720626843295743
2836.0,0.147121,21.787896,-1.058118,22.132527,0.169562,0.099471,0.08586,0.0136109999999999,0.0700909999999999,0.0837019999999999,0.571074,0.1941876391028933,0.6011906277500455,1309.0,3,0.835065945687092,0.41552058370094175,1.0411074884698501,-0.052522073271139,-0.05639316360247554
2837.0,0.13977,21.789864,-1.057462,22.130952,0.170022,0.100138,0.086474,0.013664,0.069884,0.083548,0.632367,0.1955212134220506,0.598451823470181,1310.0,3,0.8335295408743547,0.4171385831819639,1.038032782015196,-0.04933722407125174,-0.05642493275825703
2838.0,0.140427,21.787108,-1.056937,22.127539,0.170288,0.099403,0.085587,0.013816,0.0708849999999999,0.084701,0.745522,0.19490449454053,0.5997183987842958,1311.0,3,0.8450326236606349,0.4217788835803581,1.0529012900398813,-0.06452117879492236,-0.0582762647065748
2839.0,0.141608,21.791308,-1.056149,22.127145,0.171538,0.101366,0.087188,0.0141779999999999,0.070172,0.08435,0.679515,0.2020435210123551,0.5850567515298286,1312.0,3,0.8415308178861471,0.432830125318636,1.042310634473847,-0.04805980132148724,-0.05866693329980081
2840.0,0.127695,21.791046,-1.049849,22.124519,0.170996,0.100484,0.086175,0.014309,0.070512,0.084821,0.844533,0.2029271198218768,0.5832420763621706,1313.0,3,0.8462298222160153,0.4368293315830446,1.0473608769597549,-0.05281529375475913,-0.05708934639226217
2841.0,0.153552,21.786977,-1.047487,22.126095,0.171253,0.100091,0.08587,0.0142209999999999,0.0711619999999999,0.0853829999999999,0.660655,0.1998369939434818,0.5895883668234447,1314.0,3,0.851836702117046,0.43414284187870805,1.057015752300459,-0.06223933409321891,-0.05594608916010485
2842.0,0.153946,21.788814,-1.047487,22.122288,0.171051,0.100264,0.085923,0.014341,0.070787,0.085128,0.745522,0.2025908346047353,0.5839327160803562,1315.0,3,0.8492926551868635,0.4378062369300749,1.051445631911592,-0.05705066430360051,-0.05678851603894876
2843.0,0.150927,21.787633,-1.043549,22.119531,0.170095,0.098998,0.085303,0.0136949999999999,0.071097,0.0847919999999999,0.943544,0.1926214520802273,0.6044071561872881,1316.0,3,0.8459404992317974,0.4180849602368965,1.0560502647663899,-0.06582832846766407,-0.057787170749815805
2844.0,0.15644,21.784483,-1.051687,22.112442,0.171225,0.100878,0.086474,0.014404,0.0703469999999999,0.0847509999999999,0.406056,0.2047535111161653,0.5794911580806417,1317.0,3,0.8455314563920424,0.43972951933204096,1.044910023988651,-0.048418890634992495,-0.05668161459301822
2845.0,0.154208,21.781989,-1.045518,22.110604,0.171253,0.100285,0.085812,0.014473,0.0709679999999999,0.0854409999999999,0.66537,0.2039341120771041,0.5811739841240495,1318.0,3,0.8524153480854798,0.44183597148657516,1.0541341433526177,-0.05866810288801305,-0.05784043372814577
2846.0,0.151846,21.78632,-1.046437,22.10916,0.170527,0.099781,0.08608,0.0137009999999999,0.070746,0.084447,0.646511,0.1936619220602992,0.6022703096737079,1319.0,3,0.8424985533850796,0.4182681299894647,1.050836632082409,-0.06094634205957805,-0.058783607960872654
2847.0,0.155915,21.780151,-1.040005,22.107716,0.170793,0.100143,0.086217,0.0139259999999999,0.07065,0.084576,0.589933,0.1971097365925463,0.5951894225709444,1320.0,3,0.8437855418321136,0.4251369957107719,1.0494106812628585,-0.05932377117992227,-0.05676996454107584
2848.0,0.13872,21.776607,-1.04158,22.105878,0.171005,0.100574,0.086479,0.0140949999999999,0.070431,0.0845259999999999,0.509782,0.2001221035892775,0.589002828014757,1321.0,3,0.8432867091007042,0.43029627707477597,1.046157730955759,-0.05346561722694654,-0.054200223208414555
2849.0,0.149614,21.778313,-1.040399,22.104172,0.17027,0.099623,0.085744,0.013879,0.070647,0.084526,0.679515,0.1964528365983467,0.596538519122754,1322.0,3,0.8432867091007051,0.42370216598232413,1.0493661202997475,-0.05964799267276266,-0.05204735437897166
2850.0,0.150927,21.775163,-1.041055,22.104041,0.170665,0.099965,0.086506,0.0134589999999999,0.0707,0.084159,0.457919,0.1903650584857356,0.6090411839612766,1323.0,3,0.8396252768521667,0.41088028330254756,1.0501533639813743,-0.06224703608202797,-0.053003559625497645
2851.0,0.144758,21.774376,-1.043287,22.102465,0.170086,0.100563,0.086595,0.0139679999999999,0.0695229999999999,0.0834909999999999,0.608793,0.2009090386053736,0.5873866743748002,1324.0,3,0.8329608715605481,0.4264191839787493,1.0326706127875103,-0.042102899895250845,-0.05184243669377353
2852.0,0.152764,21.772538,-1.043812,22.099709,0.17004,0.100159,0.084941,0.0152179999999999,0.069881,0.085099,0.995407,0.2177670930997967,0.5527647480702425,1325.0,3,0.8490033322026466,0.4645795490971227,1.037988221052085,-0.0313532509769876,-0.0493188159612293
2853.0,0.147383,21.77175,-1.042368,22.100102,0.170729,0.100411,0.085744,0.014667,0.0703179999999999,0.0849849999999999,1.231147,0.2085780514512436,0.5716365771339676,1326.0,3,0.8478659935750341,0.44775846015294674,1.0444792680119117,-0.044299640173235066,-0.04841146115145563
2854.0,0.142264,21.771488,-1.034362,22.100365,0.17004,0.099587,0.086159,0.0134279999999999,0.070453,0.083881,0.608793,0.1905924432963351,0.6085741964949616,1327.0,3,0.8368517668655354,0.4099339062476119,1.0464845113519061,-0.05798094310025237,-0.0472435584751935
2855.0,0.156833,21.768731,-1.035543,22.104303,0.170307,0.099865,0.085151,0.0147139999999999,0.0704419999999999,0.0851559999999999,0.849248,0.2088781000241328,0.5710203577723684,1328.0,3,0.8495720015164513,0.44919328988139456,1.046321121153831,-0.04705687357077193,-0.046975063440397716
2856.0,0.15539,21.764269,-1.040268,22.09577,0.171198,0.101104,0.086012,0.0150919999999999,0.0700939999999999,0.0851859999999999,0.957688,0.2153077965618089,0.5578154841161744,1329.0,3,0.8498713011552964,0.46073298429319065,1.0411520494329611,-0.03571013473413576,-0.04652008003575418
2857.0,0.167859,21.765712,-1.031212,22.100365,0.170775,0.100269,0.085749,0.0145199999999999,0.070506,0.085026,0.627652,0.2059369991632035,0.5770605907835413,1330.0,3,0.8482750364147902,0.44327080121502294,1.0472717550335329,-0.05025022308218552,-0.04872926601726698
2858.0,0.147777,21.760462,-1.028456,22.095245,0.169719,0.100201,0.085986,0.0142149999999999,0.069518,0.083733,0.552215,0.2044764740574517,0.5800601179587572,1331.0,3,0.8353752219805662,0.43395967212613984,1.03259634451566,-0.04178659046432531,-0.05027240904541611
2859.0,0.132683,21.763875,-1.028587,22.094983,0.170913,0.100526,0.087025,0.0135009999999999,0.070387,0.083888,0.924685,0.1918082627720634,0.6060772291075186,1332.0,3,0.8369216034479326,0.41216247157052494,1.0455041701634653,-0.05696304232480476,-0.051252575453319495
2860.0,0.147908,21.759937,-1.026487,22.094458,0.17072,0.100059,0.085886,0.0141729999999999,0.070661,0.084834,0.750237,0.2005745662449405,0.5880735909711166,1333.0,3,0.8463595187261816,0.43267748385816246,1.0495740714609318,-0.0576972020355927,-0.05187395711433214
2861.0,0.155915,21.758493,-1.033443,22.096821,0.170417,0.099067,0.085293,0.013774,0.07135,0.085124,0.637081,0.1930456475732646,0.6035359723206373,1334.0,3,0.8492527485683509,0.4204966953123807,1.05980823932208,-0.0641947597103788,-0.053784592591478796
2862.0,0.169434,21.757574,-1.034887,22.098133,0.170812,0.100579,0.086264,0.014315,0.0702329999999999,0.084548,0.759666,0.203818663325455,0.5814110849219423,1335.0,3,0.8435061955025248,0.43701250133561276,1.043216707390435,-0.0467846812584789,-0.05656781542573325
2863.0,0.160902,21.759281,-1.031474,22.102597,0.170086,0.099571,0.085392,0.014179,0.0705149999999999,0.0846939999999999,0.731378,0.2010749333484601,0.5870459710290283,1336.0,3,0.8449627870782367,0.4328606536107338,1.0474054379228641,-0.05410130425226889,-0.05796226908855258
2864.0,0.149614,21.759806,-1.027406,22.098002,0.171014,0.099676,0.085896,0.01378,0.071338,0.085118,0.778526,0.1931622254306901,0.603296552642058,1337.0,3,0.8491928886405818,0.4206798650649489,1.0596299954696362,-0.0641947597103788,-0.05821357405944355
2865.0,0.16484,21.758756,-1.030818,22.102597,0.171427,0.100526,0.087015,0.013511,0.0709009999999999,0.084412,0.604078,0.1905587994696907,0.6086432918990055,1338.0,3,0.8421493704730938,0.412467754491475,1.0531389485098064,-0.06616322834223853,-0.05735051834442869
2866.0,0.152764,21.760199,-1.026881,22.105353,0.170545,0.099482,0.085387,0.0140949999999999,0.071063,0.085158,0.816244,0.198342339299786,0.592657986923553,1339.0,3,0.8495919548257086,0.43029627707477597,1.0555452405177992,-0.06354236307668026,-0.05695875654796155
2867.0,0.15959,21.75823,-1.031343,22.104172,0.170242,0.099361,0.085466,0.013895,0.070881,0.084776,0.816244,0.1960300217262493,0.5974068675639737,1340.0,3,0.8457808727577477,0.4241906186558393,1.0528418754224016,-0.0641947597103788,-0.05704714047584915
2868.0,0.160115,21.757837,-1.025831,22.10496,0.17072,0.100379,0.08586,0.0145189999999999,0.070341,0.08486,0.764381,0.2064058457251711,0.5760977055869158,1341.0,3,0.846618911746514,0.4432402729229283,1.0448209020624306,-0.044299640173235066,-0.05765020172547717
2869.0,0.151058,21.762431,-1.026224,22.103516,0.171391,0.100952,0.086348,0.014604,0.0704389999999999,0.085043,0.712518,0.2073253833049405,0.5742092218160525,1342.0,3,0.848444639543469,0.44583517775098075,1.0462765601907202,-0.04833248517465616,-0.05843223555379068
2870.0,0.159196,21.761118,-1.021106,22.103909,0.170527,0.100033,0.085912,0.0141209999999999,0.070494,0.084615,1.023696,0.2003120788708418,0.5886126696960625,1343.0,3,0.8441746313626123,0.43109001266923813,1.047093511181089,-0.053779584070921316,-0.056565807956158044
2871.0,0.144627,21.760331,-1.022024,22.100628,0.170472,0.098878,0.085109,0.0137689999999999,0.071594,0.085363,0.78324,0.1923178992946432,0.6050305722627025,1344.0,3,0.8516371690244835,0.42034405385190415,1.0634325309884372,-0.06507859898925472,-0.05558599037319654
2872.0,0.158015,21.767025,-1.021368,22.102465,0.170316,0.099781,0.085445,0.014336,0.070535,0.084871,0.575789,0.2032437336962685,0.5825918363104601,1345.0,3,0.8467286549474239,0.4376535954696014,1.047702511010272,-0.05281529375475913,-0.05487222502153348
2873.0,0.16589,21.767025,-1.017824,22.107585,0.170187,0.099613,0.085991,0.0136219999999999,0.070574,0.084196,0.901111,0.1930145235565,0.6035998927104473,1346.0,3,0.8399944130734089,0.41585639491398346,1.0482818035307144,-0.061921642535404,-0.054319559339296906
2874.0,0.150402,21.767025,-1.019793,22.104434,0.169709,0.099818,0.085686,0.014132,0.069891,0.084023,0.6748,0.2021976764150404,0.5847401576433285,1347.0,3,0.8382684518227356,0.4314258238822829,1.038136757595788,-0.04553048373405244,-0.05634171320146564
2875.0,0.143183,21.769913,-1.018218,22.10299,0.169774,0.099361,0.085723,0.013638,0.070413,0.084051,0.731378,0.193683074388616,0.602226868459753,1348.0,3,0.8385477981523244,0.41634484758750173,1.0458903651770934,-0.05636505251262347,-0.05789531346664253
2876.0,0.154471,21.768338,-1.019399,22.101021,0.169957,0.099403,0.085156,0.014247,0.0705539999999999,0.084801,0.839818,0.2019275742328681,0.5852948751434388,1349.0,3,0.8460302891234519,0.4349365774731732,1.0479847304433065,-0.056404709560049726,-0.0589042038421929
2877.0,0.151714,21.771882,-1.022812,22.100628,0.169902,0.099198,0.085293,0.013905,0.070704,0.084609,0.962403,0.196662187964076,0.5961085675195938,1350.0,3,0.8441147714348433,0.4244959015767863,1.0502127785988555,-0.05866810288801305,-0.05884846182275967
2878.0,0.148696,21.773982,-1.012443,22.100234,0.170839,0.099938,0.086164,0.0137739999999999,0.0709009999999999,0.0846749999999999,0.924685,0.1942681447631942,0.6010252906977209,1351.0,3,0.8447732306403015,0.42049669531237766,1.0531389485098064,-0.06452117879492236,-0.06015053932387123
2879.0,0.15644,21.769913,-1.011524,22.096033,0.170279,0.099413,0.085466,0.013947,0.070866,0.084813,0.995407,0.1968052831360153,0.5958146883831218,1352.0,3,0.84615000897899,0.4257780898447636,1.0526190706068468,-0.06386848782642507,-0.058828197530411366
2880.0,0.158408,21.772801,-1.014806,22.093801,0.170628,0.099644,0.085692,0.0139519999999999,0.070984,0.084936,0.91054,0.196548566598577,0.596341915356038,1353.0,3,0.8473771374982548,0.42593073130523407,1.0543718018225443,-0.06386848782642507,-0.05854078854383314
2881.0,0.158015,21.773719,-1.015331,22.092226,0.169507,0.098542,0.084799,0.013743,0.0709649999999999,0.0847079999999999,0.872822,0.1936561170137813,0.6022822316836174,1354.0,3,0.845102460243031,0.4195503182574451,1.0540895823895067,-0.06452117879492236,-0.05948789016915827
2882.0,0.162871,21.773457,-1.011262,22.088944,0.169195,0.098353,0.084731,0.0136219999999999,0.070842,0.084464,0.745522,0.1922843470773399,0.6050994795257094,1355.0,3,0.8426681565137586,0.41585639491398346,1.0522625829019592,-0.06583606876587478,-0.05994205341911111
2883.0,0.155521,21.772932,-1.015724,22.087763,0.169847,0.099718,0.085728,0.01399,0.070129,0.084119,0.53807,0.1994866676172822,0.5903078432168947,1356.0,3,0.83922621066704,0.4270908064048357,1.0416719273359234,-0.04869822460080531,-0.05929534965563107
2884.0,0.146202,21.77687,-1.014018,22.087369,0.169856,0.099917,0.085424,0.014493,0.069939,0.084432,0.750237,0.2072204746925937,0.5744246759923683,1357.0,3,0.8423489035656571,0.44244653732846917,1.0388497330055635,-0.04265639386827025,-0.057553556338586255
2885.0,0.158146,21.770044,-1.012574,22.087238,0.169746,0.098746,0.085203,0.013543,0.071,0.084543,0.622937,0.1907437923409529,0.6082633661158834,1358.0,3,0.843456312229384,0.4134446598385053,1.0546094602924692,-0.06583606876587478,-0.056936427759503014
2886.0,0.157227,21.769781,-1.013624,22.08855,0.170013,0.099256,0.085513,0.0137429999999999,0.070757,0.0844999999999999,0.863392,0.1942253879419993,0.6011131017504681,1359.0,3,0.8430273160803716,0.419550318257442,1.0510000222804823,-0.06094634205957805,-0.05618608422812286
2887.0,0.156571,21.771094,-1.013362,22.09052,0.169452,0.099345,0.085849,0.013496,0.0701069999999999,0.083603,0.589933,0.1925029953785589,0.6046504345084491,1360.0,3,0.8340782568789041,0.4120098301100545,1.0413451469397752,-0.052201065253212664,-0.05450804690774278
2888.0,0.158933,21.767156,-1.009556,22.088288,0.169921,0.09965,0.085345,0.0143049999999999,0.0702709999999999,0.0845759999999999,0.514496,0.2035661429872495,0.581929694026133,1361.0,3,0.8437855418321126,0.4367072184146627,1.043781146256507,-0.04710324562447421,-0.05372253434118054
2889.0,0.167727,21.770307,-1.018612,22.088025,0.169709,0.099135,0.085062,0.014073,0.070574,0.084647,0.717233,0.1994048884165781,0.5904757957799238,1362.0,3,0.8444938843107137,0.4296246546486957,1.0482818035307144,-0.0576972020355927,-0.05468714420931862
2890.0,0.157358,21.77175,-1.010081,22.090388,0.16982,0.099408,0.085865,0.013543,0.070412,0.083955,0.754952,0.1923366423813784,0.6049920789853269,1363.0,3,0.83759003930802,0.4134446598385053,1.0458755115227232,-0.05636505251262347,-0.05358937119934376
2891.0,0.155521,21.772275,-1.008243,22.09262,0.170233,0.100232,0.086075,0.014157,0.070001,0.084158,1.075559,0.2022370789406017,0.5846592354149274,1364.0,3,0.8396153001975385,0.43218903118465035,1.039770659576523,-0.04774080559112159,-0.05235232604545094
2892.0,0.158671,21.769913,-1.004437,22.093276,0.170205,0.099734,0.086033,0.013701,0.0704709999999999,0.084172,0.882251,0.1944176410489273,0.600718265388889,1365.0,3,0.8397549733623328,0.4182681299894677,1.0467518771305702,-0.05798094310025237,-0.0518981627954981
2893.0,0.164446,21.773982,-1.010212,22.089732,0.170472,0.099755,0.085728,0.0140269999999999,0.070717,0.084744,0.566359,0.1983511977148674,0.5926397941128568,1366.0,3,0.8454616198096462,0.4282203532123365,1.0504058761056696,-0.058344323282186084,-0.05135652439602473
2894.0,0.164446,21.773457,-1.005356,22.092357,0.170463,0.100847,0.08586,0.014987,0.069616,0.084603,0.53807,0.2152778775299136,0.5578769297899753,1367.0,3,0.8440549115070742,0.45752751362325034,1.0340520026439513,-0.031678663768521687,-0.05148409393055116
2895.0,0.166677,21.772932,-1.006668,22.093539,0.170068,0.099623,0.08555,0.014073,0.070445,0.084518,0.703089,0.199770036623797,0.589725879214833,1368.0,3,0.8432068958636797,0.4296246546486957,1.0463656821169434,-0.05346561722694654,-0.05242815759380327
2896.0,0.163265,21.7707,-1.001812,22.089601,0.17106,0.100458,0.08619,0.014268,0.0706019999999999,0.0848699999999999,0.688944,0.2020877299831452,0.5849659581509602,1369.0,3,0.8467186782927947,0.43557767160716193,1.0486977058530818,-0.056404709560049726,-0.05324377022203316
2897.0,0.151321,21.771094,-1.004174,22.089075,0.170362,0.100054,0.085791,0.0142629999999999,0.070308,0.084571,0.820959,0.2028616535578659,0.5833765265247781,1370.0,3,0.8437356585589727,0.4354250301466854,1.0443307314682102,-0.0467846812584789,-0.05505329653950848
2898.0,0.171009,21.772275,-1.004699,22.09052,0.170187,0.099891,0.085776,0.0141149999999999,0.070296,0.084411,1.000122,0.2007909299116603,0.5876292379808806,1371.0,3,0.8421393938184656,0.43090684291667,1.0441524876157664,-0.04837894096973849,-0.05502492243304251
2899.0,0.154602,21.767288,-1.002206,22.084875,0.169783,0.098668,0.08514,0.013528,0.0711149999999999,0.084643,0.476778,0.1902244220709828,0.6093300134693862,1372.0,3,0.844453977692201,0.41298673545708486,1.0563176305450541,-0.06713783866811385,-0.053455380203858
2900.0,0.155127,21.769125,-1.004699,22.084743,0.17004,0.099061,0.085282,0.013779,0.070979,0.084758,1.02841,0.1941251056635672,0.6013190546766898,1373.0,3,0.8456012929744406,0.4206493367728542,1.0542975335506926,-0.06452117879492236,-0.054056266313106546
2901.0,0.159196,21.773326,-1.002993,22.082774,0.170114,0.099203,0.085629,0.013574,0.0709109999999999,0.0844849999999999,0.849248,0.1914203519855596,0.6068738939105371,1374.0,3,0.8428776662609491,0.414391036893441,1.0532874850535097,-0.06583606876587478,-0.05259779460437976
2902.0,0.163527,21.768075,-1.003125,22.080937,0.170518,0.099975,0.085886,0.0140889999999999,0.070543,0.084632,0.754952,0.1997193241097753,0.5898300291286773,1375.0,3,0.8443442344912911,0.4301131073222078,1.0478213402452345,-0.0576972020355927,-0.05134972953110125
2903.0,0.165365,21.769781,-1.001025,22.079361,0.170398,0.100332,0.085702,0.01463,0.0700659999999999,0.084696,0.759666,0.2088001484293605,0.5711804494585366,1376.0,3,0.844982740387494,0.4466289133454429,1.0407361471105923,-0.04264890099034091,-0.050070856022346975
2904.0,0.171928,21.76965,-1.004174,22.076605,0.17061,0.101256,0.086726,0.01453,0.069354,0.083884,0.457919,0.2095018383678177,0.5697393663640462,1377.0,3,0.8368816968294199,0.443576084135973,1.0301603451989283,-0.03768752486100724,-0.0498159469105872
2905.0,0.180722,21.759937,-0.998137,22.079624,0.170178,0.101036,0.086936,0.0141,0.069142,0.083242,0.825674,0.203925198501656,0.581192290219357,1378.0,3,0.8304766845581347,0.4304489185352525,1.027011370472421,-0.0388809001396786,-0.047584419811220746
2906.0,0.173503,21.766106,-0.996037,22.078311,0.169719,0.099671,0.085188,0.0144829999999999,0.070048,0.084531,0.604078,0.2067552713100828,0.5753800790746902,1379.0,3,0.843336592373846,0.4421412544075191,1.040468781331928,-0.04392405882726469,-0.04616198240902556
2907.0,0.16799,21.7623,-1.005356,22.07411,0.170288,0.101251,0.086957,0.0142939999999999,0.069037,0.0833309999999999,0.952974,0.2070453952895505,0.5747842421683831,1380.0,3,0.831364606820041,0.43637140720162104,1.025451736763538,-0.03399594617093615,-0.043472997206867835
2908.0,0.164971,21.763087,-1.001681,22.07201,0.170545,0.100427,0.08608,0.0143469999999999,0.070118,0.084465,0.787955,0.204609307035183,0.5797873146191224,1381.0,3,0.8426781331683868,0.4379894066826401,1.04150853713785,-0.04582984985214078,-0.04357008729210987
2909.0,0.16799,21.764269,-1.001418,22.068072,0.170913,0.100385,0.085361,0.0150239999999999,0.070528,0.085552,0.811529,0.2130187582412907,0.5625165554092768,1382.0,3,0.8535227567492076,0.45865706043075116,1.0475985354296797,-0.044822567674449254,-0.04398366531892367
2910.0,0.173371,21.768731,-0.991968,22.071485,0.170187,0.09998,0.086201,0.013779,0.070207,0.083986,0.896396,0.1962596855059252,0.5969351997058945,1383.0,3,0.8378993156014933,0.4206493367728542,1.0428305123768082,-0.050296804772970494,-0.0452399351410415
2911.0,0.168515,21.767813,-0.995775,22.074504,0.169213,0.099713,0.085224,0.014489,0.0695,0.083989,0.825674,0.2084718205493446,0.5718547469386761,1384.0,3,0.8379292455653777,0.4423244241600904,1.0323289787369945,-0.038946216744297546,-0.04570717343309727
2912.0,0.178228,21.769781,-0.992756,22.072404,0.170095,0.099345,0.085371,0.013974,0.07075,0.084724,0.6748,0.1975095758363839,0.5943682599131541,1385.0,3,0.8452620867170828,0.4266023537313205,1.05089604669989,-0.05866810288801305,-0.044948508766995444
2913.0,0.178359,21.769913,-0.991312,22.067022,0.17016,0.099965,0.085676,0.0142889999999999,0.070195,0.084484,0.684229,0.2035586073280528,0.5819451702507148,1386.0,3,0.8428676896063221,0.4362187657411476,1.0426522685243644,-0.0467846812584789,-0.0471248478778273
2914.0,0.174684,21.772801,-0.995775,22.067678,0.170417,0.099881,0.085356,0.0145249999999999,0.070536,0.085061,0.637081,0.2059202971490139,0.5770948922448755,1387.0,3,0.8486242193267761,0.4434234426754965,1.0477173646646423,-0.05025022308218552,-0.04699959772518616
2915.0,0.169696,21.777657,-0.994725,22.067678,0.170316,0.099881,0.084999,0.0148819999999999,0.070435,0.0853169999999999,0.608793,0.2112840024987221,0.5660792788240984,1388.0,3,0.8511782429115867,0.4543220429533039,1.0462171455732403,-0.043553283060236314,-0.046852157875976665
2916.0,0.173896,21.784483,-0.986718,22.071222,0.17038,0.100253,0.085282,0.0149709999999999,0.070127,0.085098,0.990692,0.2134810631987223,0.561567104915347,1389.0,3,0.8489933555480184,0.45703906094973207,1.0416422200271829,-0.03633741216624642,-0.0460327673882047
2917.0,0.185316,21.780282,-0.988687,22.067547,0.170013,0.099429,0.085004,0.014425,0.070584,0.085009,0.533356,0.204363533328611,0.5802920679499025,1390.0,3,0.8481054332861113,0.4403706134660296,1.0484303400744175,-0.05575933727925475,-0.04771407944170042
2918.0,0.174028,21.779364,-0.985275,22.073848,0.169278,0.099455,0.08513,0.014325,0.069823,0.084148,0.618222,0.2051586846929423,0.5786590401324903,1391.0,3,0.8395155336512569,0.4373177842565597,1.0371267090986067,-0.04457734832572935,-0.046271402412587995
2919.0,0.17114,21.782908,-0.988687,22.073585,0.169847,0.099508,0.08481,0.014698,0.070339,0.085037,0.943544,0.208956497014501,0.5708593513630035,1392.0,3,0.8483847796157,0.44870483720788235,1.04479119475369,-0.04334816918235429,-0.04794717059440813
2920.0,0.156965,21.783695,-0.988687,22.070829,0.169636,0.10007,0.086043,0.014027,0.069566,0.083593,0.726663,0.2016329581554474,0.5858999376151477,1393.0,3,0.8339784903326225,0.42822035321233953,1.0333093199254355,-0.042102899895250845,-0.04719104557957025
2921.0,0.165627,21.783958,-0.987637,22.071616,0.169994,0.099382,0.084957,0.0144249999999999,0.070612,0.085037,0.707803,0.2042824975571069,0.5804584937085793,1394.0,3,0.8483847796157,0.4403706134660266,1.0488462423967864,-0.05575933727925475,-0.048605437477105884
2922.0,0.169434,21.780676,-0.991706,22.066496,0.170352,0.100264,0.08577,0.014494,0.070088,0.084582,0.853963,0.2067942187789811,0.5753000914107287,1395.0,3,0.8438454017598828,0.4424770656205638,1.0410629275067405,-0.04424133259688878,-0.05168548012729263
2923.0,0.157883,21.776213,-0.985275,22.065578,0.170049,0.099203,0.085056,0.0141469999999999,0.070846,0.084993,0.853963,0.1996838257089219,0.589902933331157,1396.0,3,0.8479458068120606,0.4318837482637003,1.0523219975194404,-0.06354236307668026,-0.051713777547446674
2924.0,0.176522,21.770832,-0.987506,22.068728,0.169369,0.099765,0.08566,0.014105,0.0696039999999999,0.0837089999999999,0.627652,0.2026434882551542,0.5838245795925383,1397.0,3,0.8351357822694891,0.430601559995726,1.033873758791506,-0.04268897293380669,-0.05187084105858186
2925.0,0.174159,21.771882,-0.982912,22.067415,0.169415,0.098809,0.084699,0.0141099999999999,0.070606,0.084716,1.04727,0.1998385429206735,0.5895851856393886,1398.0,3,0.8451822734800575,0.4307542014561965,1.0487571204705646,-0.0576972020355927,-0.053435226997347984
2926.0,0.17954,21.777395,-0.98475,22.069778,0.169507,0.098116,0.08461,0.0135059999999999,0.071391,0.0848969999999999,0.561644,0.1891808606006274,0.6114732090755501,1399.0,3,0.8469880479677553,0.41231511303099844,1.060417239151263,-0.06713783866811385,-0.05358487951883765
2927.0,0.175078,21.77175,-0.984225,22.066759,0.169507,0.09904,0.085182,0.013858,0.0704669999999999,0.084325,1.051984,0.1966566384742012,0.5961199646846427,1400.0,3,0.841281401520443,0.42306107184833547,1.0466924625130891,-0.05604231148079519,-0.05211965444504072
2928.0,0.17639,21.774113,-0.981993,22.065446,0.169094,0.099004,0.084636,0.0143679999999999,0.07009,0.0844579999999999,0.698374,0.2049906550056354,0.5790041280815676,1401.0,3,0.8426082965859886,0.43863050081662874,1.0410926348154812,-0.046147983437081264,-0.05196041128438593
2929.0,0.178228,21.766631,-0.979893,22.063215,0.169544,0.098515,0.083959,0.014556,0.071029,0.085585,0.627652,0.2049274954244685,0.5791338409357591,1402.0,3,0.8538519863519373,0.44436981973043516,1.0550402162692083,-0.05899202857001551,-0.052026423233883914
2930.0,0.170746,21.768863,-0.979106,22.066103,0.170904,0.10061,0.086143,0.014467,0.070294,0.084761,0.641796,0.2058041112454656,0.577333506955227,1403.0,3,0.8456312229383252,0.441652801734007,1.0441227803070257,-0.04359942511014747,-0.05211746845151799
2931.0,0.177178,21.767813,-0.980025,22.064921,0.170885,0.100537,0.085723,0.014814,0.070348,0.085162,0.990692,0.2105786862641971,0.5675278093589362,1404.0,3,0.8496318614442213,0.4522461190908675,1.0449248776430227,-0.041107086541285476,-0.05118564234493257
2932.0,0.174684,21.7686,-0.979368,22.066628,0.1697,0.099576,0.084951,0.0146249999999999,0.0701239999999999,0.0847489999999999,0.825674,0.2085561497326203,0.5716815573947902,1405.0,3,0.845511503082786,0.44647627188496636,1.0415976590640703,-0.04264890099034091,-0.04975809407023646
2933.0,0.182822,21.770044,-0.976481,22.062296,0.169682,0.098909,0.085392,0.013517,0.070773,0.08429,0.886966,0.1909882160115296,0.6077613853972543,1406.0,3,0.840932218608457,0.41265092424404315,1.0512376807504074,-0.06420248257166006,-0.04873684790737102
2934.0,0.168515,21.762431,-0.978187,22.061246,0.169691,0.099482,0.084946,0.014536,0.070209,0.084745,0.740807,0.2070360347528843,0.5748034662022559,1407.0,3,0.8454715964642744,0.4437592538885412,1.0428602196855488,-0.04359942511014747,-0.04891865349976413
2935.0,0.174028,21.76335,-0.9753,22.060852,0.169425,0.099214,0.085125,0.0140889999999999,0.070211,0.0842999999999999,0.8021,0.2006637042101064,0.587890525477887,1408.0,3,0.8410319851547378,0.4301131073222078,1.0428899269942895,-0.04837894096973849,-0.04785734473973643
2936.0,0.178884,21.764794,-0.977531,22.065578,0.17083,0.100143,0.085329,0.0148139999999999,0.070687,0.085501,0.434345,0.2095688094160252,0.5696018257779516,1409.0,3,0.8530139473631709,0.4522461190908644,1.0499602664745602,-0.05286235592115274,-0.04878363782083696
2937.0,0.163002,21.76335,-0.977662,22.065971,0.170114,0.100017,0.085597,0.0144199999999999,0.0700969999999999,0.0845169999999999,0.853963,0.2057120031955261,0.5775226722066573,1410.0,3,0.8431969192090506,0.44021797200555307,1.041196610396072,-0.04582984985214078,-0.04849778121891547
2938.0,0.185709,21.766106,-0.977137,22.064921,0.169902,0.099534,0.084815,0.0147189999999999,0.070368,0.085087,0.764381,0.2091688101294603,0.5704233171206154,1411.0,3,0.8488836123471085,0.449345931341868,1.0452219507304292,-0.0479660393610124,-0.04910271357996191
2939.0,0.195422,21.76125,-0.976481,22.067415,0.170049,0.099875,0.085739,0.014136,0.070174,0.08431,1.042555,0.2014392589953688,0.5862977437823844,1412.0,3,0.8411317517010204,0.4315479370506617,1.0423403417825878,-0.04837894096973849,-0.04644441730556461
2940.0,0.175209,21.761512,-0.977268,22.065315,0.16948,0.098862,0.084164,0.014698,0.0706179999999999,0.0853159999999999,0.670085,0.2081309562582308,0.5725547908476991,1413.0,3,0.8511682662569585,0.44870483720788235,1.0489353643230068,-0.05286235592115274,-0.04644441730556461
2941.0,0.182428,21.759543,-0.974381,22.069253,0.169296,0.099482,0.084794,0.014688,0.069814,0.084502,0.952974,0.2103845878392896,0.5679264355091365,1414.0,3,0.843047269389629,0.4483995542869354,1.036993026209274,-0.03824852052207062,-0.04685117586712029
2942.0,0.176784,21.756524,-0.974381,22.067678,0.169912,0.099802,0.085681,0.014121,0.07011,0.084231,0.806814,0.2014091939923836,0.5863594892416868,1415.0,3,0.840343595985395,0.4310900126692412,1.0413897079028875,-0.04869822460080531,-0.0444582039264524
2943.0,0.176784,21.754949,-0.975562,22.06689,0.169682,0.099944,0.085272,0.014672,0.069738,0.08441,0.769096,0.2103844333873443,0.5679267527120422,1416.0,3,0.8421294171638374,0.4479111016134202,1.0358641484771298,-0.037619519827687076,-0.045936603984271164
2944.0,0.179803,21.755868,-0.978056,22.066234,0.169397,0.09923,0.084783,0.014447,0.070167,0.084614,0.750237,0.2058915745068977,0.577153880854679,1417.0,3,0.8441646547079841,0.441042235892113,1.0422363662019956,-0.04359942511014747,-0.04496226437790526
2945.0,0.183741,21.763612,-0.969918,22.066628,0.169526,0.09914,0.084925,0.014215,0.070386,0.084601,0.79267,0.2019549064457926,0.5852387421025873,1418.0,3,0.8440349581978178,0.4339596721261429,1.045489316509095,-0.05244652658529525,-0.042468085826871727
2946.0,0.190697,21.756918,-0.974512,22.066496,0.170316,0.10103,0.085881,0.0151489999999999,0.069286,0.084435,0.448489,0.2186413035634389,0.550969354049129,1419.0,3,0.8423788335295416,0.4624730969425885,1.0291502967017467,-0.028932636514473864,-0.04132280314699206
2947.0,0.170746,21.757705,-0.970312,22.067547,0.170996,0.100148,0.08577,0.014378,0.070848,0.085226,0.740807,0.2029386441587037,0.5832184084626237,1420.0,3,0.8502703673404242,0.4389357837375788,1.052351704828181,-0.06061385043032841,-0.04110215869564313
2948.0,0.170615,21.759281,-0.970443,22.064265,0.17072,0.100705,0.085891,0.014814,0.070015,0.084829,1.099133,0.21158021023766,0.5654709475061672,1421.0,3,0.8463096354530407,0.4522461190908675,1.0399786107377074,-0.038222643297353365,-0.04011755506796323
2949.0,0.183609,21.761512,-0.969787,22.075686,0.17004,0.101188,0.085896,0.015292,0.068852,0.084144,0.712518,0.2220963501953437,0.5438736141517293,1422.0,3,0.8394756270327441,0.46683864271213343,1.0227038107050295,-0.02343715545940317,-0.04222241337399583
2950.0,0.184791,21.759412,-0.968475,22.070041,0.170481,0.10071,0.086159,0.0145509999999999,0.069771,0.084322,0.462633,0.2085507080204092,0.5716927332133999,1423.0,3,0.8412514715565583,0.44421717826995866,1.0363543190713502,-0.04140952912235607,-0.04106687592683193
2951.0,0.181772,21.757049,-0.967031,22.071747,0.170003,0.100159,0.08534,0.0148189999999999,0.0698439999999999,0.0846629999999999,0.646511,0.2121698045672561,0.5642600787528593,1424.0,3,0.8446535107847635,0.4523987605513379,1.037438635840382,-0.036042076008581336,-0.03970744210070304
2952.0,0.188334,21.753768,-0.96795,22.070435,0.170279,0.100238,0.085476,0.0147619999999999,0.070041,0.084803,0.882251,0.2107592587304759,0.5671569619030685,1425.0,3,0.8460502424327083,0.45065864790194005,1.0403648057513357,-0.038852188324006276,-0.038809955036054236
2953.0,0.193191,21.752192,-0.960994,22.077786,0.169765,0.098851,0.084075,0.0147759999999999,0.070914,0.08569,0.721948,0.2083621236691813,0.5720800349339255,1426.0,3,0.8548995350878952,0.45108604399126584,1.053332046016622,-0.05866810288801305,-0.03736336833672952
2954.0,0.181115,21.760199,-0.9648,22.076342,0.170141,0.100857,0.085954,0.014903,0.0692839999999999,0.0841869999999999,0.8021,0.2150970628563181,0.5582482746747648,1427.0,3,0.8399046231817545,0.45496313708729563,1.0291205893930047,-0.03204405063850857,-0.039339198317019416
2955.0,0.184134,21.75823,-0.963225,22.07818,0.169415,0.099293,0.084442,0.014851,0.070122,0.084973,0.754952,0.211785006345992,0.5650503511809817,1428.0,3,0.8477462737194973,0.4533756658983713,1.0415679517553313,-0.038852188324006276,-0.0404811175652738
2956.0,0.189778,21.756393,-0.955612,22.077523,0.169645,0.100726,0.085156,0.01557,0.068919,0.084489,0.476778,0.2259141033081834,0.5360329723406911,1429.0,3,0.8429175728794628,0.4753255079144597,1.0236990055478405,-0.01995776586798581,-0.03978985270761302
2957.0,0.190959,21.755343,-0.964012,22.08028,0.169608,0.099576,0.085214,0.014362,0.070032,0.084394,0.604078,0.2050747504747761,0.5788314185238841,1430.0,3,0.8419697906897866,0.4384473310640636,1.0402311228620027,-0.046147983437081264,-0.03907890875820227
2958.0,0.185578,21.759018,-0.962044,22.074898,0.169369,0.098914,0.085251,0.013663,0.0704549999999999,0.084118,0.655941,0.1939224480526855,0.6017352591011875,1431.0,3,0.8392162340124117,0.4171080548898692,1.0465142186606453,-0.05798094310025237,-0.03911514024573054
2959.0,0.179803,21.755868,-0.959812,22.076342,0.168974,0.099408,0.084705,0.0147029999999999,0.069566,0.084269,0.533356,0.2113502091508903,0.5659433081026253,1432.0,3,0.8407227088612654,0.44885747866835285,1.0333093199254355,-0.03485634794194692,-0.03614085896934781
2960.0,0.17429,21.757705,-0.960469,22.077261,0.169948,0.10028,0.085492,0.0147879999999999,0.069668,0.0844559999999999,1.108562,0.2122608333692172,0.5640731299875594,1433.0,3,0.8425883432767323,0.4514523834964022,1.0348243926712075,-0.03449688054574829,-0.03635272773220201
2961.0,0.193585,21.757574,-0.957844,22.077261,0.169167,0.099965,0.084678,0.0152869999999999,0.069202,0.084489,0.641796,0.220900827998786,0.5463288963670273,1434.0,3,0.8429175728794628,0.4666860012516569,1.02790258973464,-0.028932636514473864,-0.03670074343350509
2962.0,0.185972,21.761118,-0.957187,22.072535,0.169103,0.099455,0.084888,0.0145669999999999,0.069648,0.084215,0.589933,0.2091487314965038,0.5704645532520294,1435.0,3,0.8401839695113442,0.44470563094347376,1.0345273195838014,-0.039214503199288986,-0.037684701429576126
2963.0,0.167596,21.760593,-0.963094,22.074242,0.168717,0.09914,0.084111,0.015029,0.069577,0.084606,0.740807,0.21600218459858,0.5563893971709811,1436.0,3,0.8440848414709587,0.4588097018912277,1.0334727101235088,-0.028925290124185765,-0.03679784208297852
2964.0,0.185972,21.765975,-0.963619,22.076079,0.169066,0.099382,0.084474,0.014908,0.069684,0.084592,0.957688,0.2139341321661764,0.5606366226697671,1437.0,3,0.8439451683061644,0.45511577854776913,1.0350620511411326,-0.03416273826705052,-0.035413804569923345
2965.0,0.195422,21.761775,-0.960075,22.075161,0.168993,0.098867,0.084227,0.01464,0.070126,0.084766,0.519211,0.2087640994196243,0.5712544844641094,1438.0,3,0.8456811062114659,0.44693419626638986,1.0416273663728126,-0.042332345337037114,-0.03647860341314572
2966.0,0.183347,21.768338,-0.957187,22.08028,0.169278,0.09945,0.084001,0.0154489999999999,0.069828,0.085277,0.924685,0.2212404588351542,0.5456313856435102,1439.0,3,0.850779176726461,0.47163158457099813,1.0372009773704582,-0.029797345828696198,-0.036353536263729856
2967.0,0.183347,21.771225,-0.958237,22.078967,0.169838,0.099545,0.08451,0.0150349999999999,0.070293,0.0853279999999999,0.641796,0.2138873872592254,0.5607326241819288,1440.0,3,0.8512879861124966,0.4589928716437928,1.0441079266526554,-0.03727938997110514,-0.037634240610261306
2968.0,0.192272,21.767813,-0.957712,22.081987,0.169443,0.099061,0.084153,0.0149079999999999,0.070382,0.08529,0.693659,0.2118125115439806,0.5649938628751652,1441.0,3,0.8509088732366271,0.4551157785477661,1.0454299018916136,-0.04414056796970067,-0.038609905746050624
2969.0,0.185841,21.764662,-0.954956,22.079361,0.168919,0.098668,0.084311,0.014357,0.070251,0.084608,1.066129,0.2043642885611798,0.5802905169045935,1442.0,3,0.8441047947802152,0.43829468960359014,1.043484073169102,-0.04550433637417062,-0.0402314014151003
2970.0,0.188859,21.768206,-0.955481,22.082118,0.169075,0.09944,0.084558,0.014882,0.069635,0.084517,0.787955,0.2137112987535183,0.5610942627843956,1443.0,3,0.8431969192090516,0.45432204295330697,1.0343342220769873,-0.033246209051589704,-0.04116575302511627
2971.0,0.186628,21.767156,-0.959812,22.080674,0.169287,0.099671,0.085371,0.0142999999999999,0.069616,0.0839159999999999,0.618222,0.2054095982303172,0.5781437309666144,1444.0,3,0.8372009497775204,0.4365545769541892,1.0340520026439513,-0.041739679979788336,-0.04031568790399017
2972.0,0.185316,21.765187,-0.952331,22.080018,0.168414,0.098001,0.083418,0.0145829999999999,0.070413,0.084996,0.632367,0.2071037009685573,0.5746644979284781,1445.0,3,0.8479757367759451,0.445194083616989,1.0458903651770934,-0.04897115455718215,-0.03971179577496673
2973.0,0.194372,21.769519,-0.955219,22.07923,0.168928,0.098463,0.083592,0.0148709999999999,0.070465,0.085336,1.117992,0.2110379473788776,0.566584610102327,1446.0,3,0.8513677993495229,0.4539862317402622,1.04666275520435,-0.04514024681468254,-0.04094015341598961
2974.0,0.192272,21.76755,-0.949575,22.083037,0.169241,0.098841,0.083833,0.0150079999999999,0.0704,0.085408,0.882251,0.2131787900740045,0.5621878929102659,1447.0,3,0.8520861184827512,0.45816860775723595,1.0456972676702794,-0.04350625436721023,-0.04051059095916339
2975.0,0.189384,21.765187,-0.952856,22.079361,0.168781,0.098841,0.08376,0.0150809999999999,0.0699399999999999,0.0850209999999999,0.901111,0.215624597875352,0.557164859114677,1448.0,3,0.8482251531416484,0.460397173080149,1.0388645866599324,-0.033831694125776135,-0.04032009983276107
2976.0,0.189253,21.767419,-0.957187,22.080411,0.169967,0.100453,0.084694,0.0157589999999999,0.069514,0.085273,1.080273,0.2266992735380852,0.5344204430986493,1449.0,3,0.8507392701079483,0.4810953551203548,1.032536929898179,-0.023758424538461775,-0.040890100602031854
2977.0,0.192928,21.767681,-0.947737,22.083168,0.168699,0.098326,0.083833,0.0144929999999999,0.0703729999999999,0.0848659999999999,0.849248,0.2059425355955323,0.5770492204351929,1450.0,3,0.846678771674282,0.4424465373284661,1.0452962190022792,-0.04956296638133395,-0.0396086616164716
2978.0,0.184922,21.76545,-0.952069,22.082249,0.168984,0.099329,0.08481,0.014519,0.069655,0.084174,0.759666,0.2084386126105433,0.5719229471458998,1451.0,3,0.8397749266715893,0.44324027292293133,1.0346312951643934,-0.039844943401438404,-0.037760205090125454
2979.0,0.186366,21.764137,-0.949444,22.082249,0.168892,0.098731,0.084211,0.01452,0.0701609999999999,0.0846809999999999,0.42963,0.2069496308543087,0.574980916655385,1452.0,3,0.8448330905680704,0.443270801215026,1.0421472442757722,-0.04359942511014747,-0.036170495085129616
2980.0,0.193191,21.759937,-0.950756,22.084481,0.169342,0.099802,0.085319,0.0144829999999999,0.0695399999999999,0.0840229999999999,0.78324,0.2082656274715635,0.5722782122647498,1453.0,3,0.8382684518227346,0.4421412544075191,1.0329231249118056,-0.038946216744297546,-0.0359608225606442
2981.0,0.194241,21.760987,-0.947737,22.088419,0.170086,0.100511,0.085293,0.015218,0.0695749999999999,0.084793,1.018981,0.2187248476486146,0.5507977768863495,1454.0,3,0.8459504758864265,0.4645795490971258,1.0334430028147668,-0.028925290124185765,-0.03725612127391448
2982.0,0.19936,21.759937,-0.946556,22.084612,0.169544,0.100285,0.08535,0.014935,0.069259,0.084194,0.91997,0.2156367311579556,0.5571399406036904,1455.0,3,0.8399744597641527,0.455940042434326,1.0287492480337483,-0.030486589293720723,-0.03914777306203894
2983.0,0.17219,21.759674,-0.945375,22.084875,0.169461,0.100253,0.085083,0.0151699999999999,0.069208,0.084378,0.505067,0.2191911456602463,0.5498401257291525,1456.0,3,0.841810164215736,0.4631141910765772,1.0279917116608621,-0.02924314676472417,-0.03868522696856223
2984.0,0.191222,21.75823,-0.944719,22.080543,0.169452,0.099587,0.085046,0.0145409999999999,0.069865,0.084406,0.924685,0.2081269859445223,0.5725629448080903,1457.0,3,0.8420895105453247,0.4439118953490116,1.03775056258216,-0.04140952912235607,-0.03648458016368239
2985.0,0.197916,21.755737,-0.943931,22.084612,0.169278,0.098998,0.084689,0.014309,0.07028,0.084589,0.693659,0.2035969892289523,0.5818663441118614,1458.0,3,0.8439152383422799,0.4368293315830446,1.0439148291458413,-0.0467846812584789,-0.036208489429045
2986.0,0.194897,21.75403,-0.943144,22.078836,0.169039,0.099224,0.084783,0.014441,0.0698149999999999,0.084256,0.839818,0.2068437034490662,0.5751984631592919,1459.0,3,0.8405930123510992,0.44085906613954484,1.0370078798636428,-0.042674942419706374,-0.03481173779074731
2987.0,0.194766,21.747073,-0.943275,22.080805,0.168423,0.098988,0.085508,0.01348,0.0694349999999999,0.0829149999999999,0.571074,0.1941356068897979,0.601297487972134,1460.0,3,0.8272143184947222,0.4115213774365393,1.0313634912029224,-0.04493750544656683,-0.03590365872497614
2988.0,0.200147,21.746286,-0.942356,22.083956,0.169507,0.100752,0.085524,0.0152279999999999,0.068755,0.0839829999999999,0.439059,0.2214788527546685,0.5451417884177088,1461.0,3,0.8378693856376078,0.4648848320180697,1.0212630062311088,-0.01783847535264005,-0.034291128688990966
2989.0,0.20146,21.746679,-0.945375,22.083956,0.169608,0.100096,0.085755,0.014341,0.069512,0.083853,0.4202,0.2063067339922029,0.5763012545264375,1462.0,3,0.8365724205359466,0.4378062369300749,1.0325072225894383,-0.04083851776377356,-0.03478125547565418
2990.0,0.19516,21.738147,-0.939731,22.083693,0.16914,0.100133,0.085062,0.015071,0.069007,0.084078,0.660655,0.2183949686992812,0.551475259847211,1463.0,3,0.8388171678272849,0.460091890159205,1.0250061271324284,-0.02497870036132066,-0.0341504797005
2991.0,0.193978,21.736441,-0.937894,22.085269,0.169535,0.099177,0.08408,0.015097,0.0703579999999999,0.0854549999999999,0.707803,0.2145709859435182,0.5593286956753917,1464.0,3,0.8525550212502743,0.46088562575366715,1.0450734141867246,-0.03984449946647406,-0.03242739128510782
2992.0,0.189909,21.740904,-0.937237,22.083299,0.169976,0.101456,0.086106,0.01535,0.0685199999999999,0.0838699999999999,0.934114,0.2240189139096044,0.5399251834918941,1465.0,3,0.8367420236646246,0.46860928365362603,1.0177723974540829,-0.01436128893386901,-0.030581947907672546
2993.0,0.185841,21.73421,-0.941306,22.081068,0.168892,0.098867,0.083544,0.015323,0.0700249999999999,0.085348,0.750237,0.2188187244737669,0.5506049790446291,1466.0,3,0.8514875192050609,0.4677850197670691,1.0401271472814093,-0.03414441463135631,-0.03044813987403061
2994.0,0.207366,21.729747,-0.935794,22.083956,0.168552,0.098778,0.083838,0.01494,0.069774,0.084714,0.500352,0.2141168040128987,0.560261463649061,1467.0,3,0.8451623201708011,0.4560926838947995,1.0363988800344612,-0.03510177137081427,-0.03236081791177777
2995.0,0.201854,21.728565,-0.934219,22.091045,0.169112,0.099739,0.084563,0.0151759999999999,0.069373,0.084549,0.514496,0.2187563063972092,0.550733169047062,1468.0,3,0.843516172157153,0.46329736082914535,1.0304425646319644,-0.029553797104557078,-0.031816636951194785
2996.0,0.190434,21.730666,-0.939206,22.086975,0.169673,0.10049,0.085072,0.015418,0.069183,0.084601,0.514496,0.2228549953746531,0.5423155602554124,1469.0,3,0.8440349581978178,0.47068520751606546,1.027620370301604,-0.024220508645353633,-0.03220531548248081
2997.0,0.192535,21.731059,-0.937369,22.084087,0.170013,0.09987,0.085324,0.014546,0.070143,0.084689,0.754952,0.2073734032846715,0.5741106016460948,1470.0,3,0.8449129038050969,0.44406453680948815,1.041879878497108,-0.04359942511014747,-0.03179187900924698
2998.0,0.208416,21.72384,-0.935925,22.08645,0.170444,0.100159,0.085083,0.0150759999999999,0.070285,0.085361,1.061414,0.2144950630281989,0.5594846209976099,1471.0,3,0.8516172157152272,0.4602445316196755,1.0439890974176929,-0.03696525573011167,-0.033034432462294205
2999.0,0.192403,21.719246,-0.934613,22.087238,0.169039,0.098862,0.083681,0.015181,0.0701769999999999,0.0853579999999999,0.707803,0.2163213542705691,0.5557339081959091,1472.0,3,0.8515872857513417,0.4634500022896219,1.0423849027456973,-0.03539670815794371,-0.031690217716059246
3000.0,0.188991,21.719246,-0.935531,22.083037,0.169829,0.10008,0.084584,0.0154959999999999,0.069749,0.085245,0.754952,0.2221648745519712,0.5437328834863959,1473.0,3,0.8504599237783594,0.47306641429944896,1.0360275386752034,-0.028865485674180902,-0.03067018250586313
3001.0,0.218523,21.717671,-0.929231,22.085925,0.169737,0.099707,0.084631,0.015076,0.07003,0.085106,0.500352,0.2152760920163928,0.5578805967562646,1474.0,3,0.8490731687850438,0.46024453161967854,1.0402014155532622,-0.03571013473413576,-0.030178563111704314
3002.0,0.214979,21.71859,-0.9333,22.0854,0.169608,0.099907,0.084027,0.0158799999999999,0.069701,0.085581,1.051984,0.2278270350922497,0.5321043230843077,1475.0,3,0.8538120797334247,0.4847892784638133,1.0353145632654281,-0.026786823464341247,-0.03195350168044697
3003.0,0.202247,21.716096,-0.933431,22.088025,0.170472,0.100841,0.08461,0.0162309999999999,0.069631,0.085862,0.948259,0.2330968520220587,0.5212815313177539,1476.0,3,0.8566155196839403,0.49550470898905247,1.0342748074595058,-0.020702267169006694,-0.031671326981459316
3004.0,0.197916,21.71032,-0.934088,22.0875,0.169921,0.100327,0.084783,0.015544,0.0695939999999999,0.0851379999999999,0.31176,0.2233493785473095,0.5413002297037414,1477.0,3,0.8493924217331442,0.47453177231999755,1.0337252222478028,-0.024901419268853142,-0.03023280952767695
3005.0,0.19831,21.710845,-0.927656,22.086581,0.169278,0.099639,0.083943,0.015696,0.069639,0.085335,0.745522,0.2253877082136703,0.5371140468012906,1478.0,3,0.8513578226948947,0.4791720727183918,1.0343936366944686,-0.024637603162968924,-0.02999116019703728
3006.0,0.196472,21.706907,-0.930806,22.085269,0.169314,0.098836,0.083418,0.0154179999999999,0.070478,0.0858959999999999,0.717233,0.2187601980731847,0.550725176587501,1479.0,3,0.8569547259412972,0.47068520751606246,1.046855852711164,-0.0419698943327802,-0.029594753556504504
3007.0,0.19516,21.704938,-0.930675,22.086713,0.169572,0.099665,0.085004,0.014661,0.069907,0.084568,0.660655,0.209718487154546,0.5692944278137193,1480.0,3,0.8437057285950883,0.4475752904003786,1.0383744160657133,-0.04077767812027089,-0.028518357649995208
3008.0,0.200935,21.706907,-0.931856,22.088682,0.169783,0.100626,0.084962,0.0156639999999999,0.069157,0.084821,0.929399,0.2264958500824199,0.5348382203631012,1481.0,3,0.8462298222160153,0.47819516737135837,1.027234175287976,-0.02258008119228805,-0.028788333869475657
3009.0,0.214585,21.696538,-0.928706,22.088419,0.169039,0.099513,0.084694,0.0148189999999999,0.0695259999999999,0.0843449999999999,0.967118,0.2131402189077624,0.5622671077494132,1482.0,3,0.8414809346130054,0.4523987605513379,1.032715173750621,-0.03298021485154701,-0.029610636164993563
3010.0,0.208941,21.69995,-0.92595,22.089207,0.169654,0.100096,0.084558,0.015538,0.069558,0.085096,0.566359,0.2233787144726061,0.5412399815746329,1483.0,3,0.8489734022387622,0.47434860256742933,1.0331904906904728,-0.024901419268853142,-0.03066016505390262
3011.0,0.205397,21.695094,-0.926606,22.093145,0.168598,0.098977,0.082972,0.0160049999999999,0.069621,0.085626,0.627652,0.2298842319956334,0.5278793919330602,1484.0,3,0.8542610291916922,0.4886053149756507,1.0341262709158028,-0.02494617566904278,-0.03154831620193892
3012.0,0.209729,21.6926,-0.927525,22.087763,0.169002,0.099198,0.083707,0.0154909999999999,0.069804,0.085295,0.839818,0.2219182007019552,0.5442394854705893,1485.0,3,0.8509587565097679,0.47291377283897545,1.0368444896655709,-0.029486585659145748,-0.029220264226393865
3013.0,0.196603,21.6905,-0.922013,22.090913,0.169489,0.099975,0.084852,0.0151229999999999,0.069514,0.084637,0.929399,0.2175501690282672,0.5532102519817801,1486.0,3,0.8443941177644321,0.4616793613481263,1.032536929898179,-0.028925290124185765,-0.028035760065814163
3014.0,0.19831,21.688793,-0.936187,22.087238,0.170141,0.09997,0.084689,0.015281,0.0701709999999999,0.0854519999999999,1.16514,0.2177649204811036,0.552769210046819,1487.0,3,0.8525250912863896,0.4665028314990918,1.0422957808194753,-0.03539670815794371,-0.02931742276237973
3015.0,0.202116,21.689449,-0.932906,22.09367,0.169278,0.099308,0.084064,0.0152439999999999,0.06997,0.085214,0.688944,0.2178616855554442,0.5525704805152599,1488.0,3,0.8501506474848861,0.46537328469158484,1.0393101962910434,-0.033519114643331904,-0.03092779299523437
3016.0,0.19726,21.683543,-0.928706,22.091176,0.169544,0.099965,0.083534,0.016431,0.069579,0.08601,0.948259,0.2361454440931302,0.5150205401664787,1489.0,3,0.8580920645689096,0.5016103674079954,1.0335024174322496,-0.018689374577329665,-0.03148688437349345
3017.0,0.20461,21.685249,-0.928575,22.082906,0.169287,0.099949,0.084804,0.0151449999999999,0.069338,0.0844829999999999,0.901111,0.2184196483941215,0.5514245743676818,1490.0,3,0.8428577129516929,0.4623509837742097,1.0299226867290032,-0.028932636514473864,-0.03212759190428793
3018.0,0.212485,21.684068,-0.923719,22.087106,0.169737,0.099534,0.084353,0.015181,0.070203,0.085384,0.528641,0.2162412398153951,0.5558984418177385,1491.0,3,0.8518466787716751,0.4634500022896219,1.042771097759327,-0.03539670815794371,-0.033010592031517086
3019.0,0.217867,21.677898,-0.924244,22.083562,0.1688,0.098479,0.084426,0.0140529999999999,0.070321,0.084374,0.721948,0.199837888569722,0.5895865295008897,1492.0,3,0.8417702575972233,0.42901408880679864,1.0445238289750243,-0.04908391718009342,-0.03249390547294469
3020.0,0.189516,21.678555,-0.923456,22.081068,0.17015,0.100106,0.084411,0.015695,0.070044,0.085739,0.886966,0.2240702405596402,0.5398197723072531,1493.0,3,0.8553883911646755,0.4791415444262971,1.0404093667144465,-0.030492333051443943,-0.033569033000858436
3021.0,0.194503,21.678292,-0.917681,22.081199,0.168726,0.098893,0.083586,0.015307,0.0698329999999999,0.08514,0.886966,0.2191912249047742,0.5498399629821282,1494.0,3,0.8494123750424015,0.46729656709355394,1.0372752456423082,-0.0313532509769876,-0.033141436212997664
3022.0,0.194897,21.673829,-0.924769,22.081724,0.16891,0.09934,0.084752,0.014588,0.06957,0.084158,0.731378,0.2096850699285622,0.5693630578407309,1495.0,3,0.8396153001975385,0.44534672507746553,1.0333687345429168,-0.038316586931437246,-0.03453072092516526
3023.0,0.204741,21.679867,-0.925688,22.080543,0.169287,0.099786,0.083964,0.015822,0.069501,0.085323,1.051984,0.2276481252338063,0.5324717559892277,1496.0,3,0.8512381028393566,0.48301863752232377,1.0323438323913647,-0.023758424538461775,-0.03344198220156784
3024.0,0.208023,21.679474,-0.926081,22.083562,0.169066,0.099009,0.084584,0.0144249999999999,0.070057,0.0844819999999999,0.764381,0.2059008250306887,0.5771348827577707,1497.0,3,0.8428477362970647,0.4403706134660266,1.0406024642212606,-0.046147983437081264,-0.03126326463315342
3025.0,0.211173,21.679736,-0.928969,22.082249,0.169443,0.100122,0.085098,0.015024,0.069321,0.084345,0.632367,0.2167277343411905,0.5548993124327177,1498.0,3,0.8414809346130064,0.45865706043075416,1.0296701746047077,-0.02924314676472417,-0.029519532482663525
3026.0,0.215898,21.68223,-0.920569,22.080937,0.169599,0.099566,0.084075,0.015491,0.070033,0.085524,0.731378,0.2211925636119599,0.5457297495969736,1499.0,3,0.8532434104196189,0.4729137728389785,1.0402459765163732,-0.0325822216990056,-0.03253168422055197
3027.0,0.204085,21.677767,-0.919781,22.083037,0.169948,0.100773,0.084652,0.0161209999999999,0.0691749999999999,0.0852959999999999,0.948259,0.2330432519949115,0.5213916114097612,1500.0,3,0.8509687331643951,0.49214659685863565,1.0275015410666402,-0.01804524927849971,-0.03204098614621466
3028.0,0.202904,21.683937,-0.921619,22.079624,0.169268,0.100238,0.084033,0.0162049999999999,0.06903,0.085235,0.589933,0.2347496052498152,0.5178872190932955,1501.0,3,0.8503601572320778,0.49471097339459036,1.0253477611829456,-0.01360953247379948,-0.030823029578185713
3029.0,0.213666,21.684593,-0.921356,22.084743,0.169397,0.099266,0.083644,0.0156219999999999,0.070131,0.085753,0.948259,0.2227513831061426,0.5425283520888831,1502.0,3,0.8555280643294698,0.476912979103381,1.0417016346446641,-0.031646595675194455,-0.030544977484102044
3030.0,0.20251,21.684987,-0.915713,22.083693,0.168717,0.097838,0.083445,0.0143929999999999,0.070879,0.085272,1.009551,0.2030615124153497,0.5829660699897488,1503.0,3,0.85072929345332,0.43939370811899625,1.0528121681136609,-0.06061385043032841,-0.029126012175725878
3031.0,0.210254,21.67908,-0.921488,22.085794,0.169342,0.099807,0.084342,0.015465,0.0695349999999999,0.0849999999999999,0.641796,0.2224027841693512,0.5432442808873948,1504.0,3,0.8480156433944567,0.47212003724451634,1.032848856639954,-0.026446270233614455,-0.030975054327092764
3032.0,0.213141,21.679342,-0.919125,22.086713,0.1688,0.099513,0.084138,0.015375,0.069287,0.084662,0.712518,0.2218998960859023,0.544277078246685,1505.0,3,0.8446435341301363,0.4693724909559934,1.029165150356117,-0.026137021251147807,-0.03284187330930334
3033.0,0.219442,21.681968,-0.922406,22.079493,0.169434,0.100395,0.084936,0.015459,0.069039,0.084498,0.523926,0.2239136732329084,0.5401413196393965,1506.0,3,0.8430073627711164,0.4719368674919482,1.0254814440722786,-0.02097790359762508,-0.034646223584322046
3034.0,0.212616,21.683543,-0.923719,22.081068,0.168763,0.098746,0.083187,0.015559,0.070017,0.085576,0.830388,0.2222142877545774,0.543631402010009,1507.0,3,0.8537621964602837,0.474989696701418,1.040008318046448,-0.03195833035331963,-0.03688764060850589
3035.0,0.217342,21.683805,-0.92175,22.080149,0.16959,0.098893,0.083712,0.015181,0.070697,0.085878,0.528641,0.2147302611106396,0.559001587164736,1508.0,3,0.8567751461579911,0.4634500022896219,1.0501088030182633,-0.047733568278393035,-0.03741950661399761
3036.0,0.203822,21.678555,-0.923325,22.080674,0.169186,0.0984,0.083471,0.0149289999999999,0.070786,0.085715,0.736092,0.2109003065534631,0.5668672874726948,1509.0,3,0.8551489514535994,0.4557568726817548,1.0514307782572214,-0.051250411521111316,-0.034555781193480274
3037.0,0.222723,21.677373,-0.92595,22.080411,0.169369,0.09904,0.083749,0.0152909999999999,0.0703289999999999,0.0856199999999999,0.806814,0.2174178871036542,0.5534819236059816,1510.0,3,0.8542011692639223,0.4668081144200357,1.0446426582099855,-0.03608875202868678,-0.03560767974312999
3038.0,0.212091,21.680524,-0.932381,22.076473,0.1688,0.098836,0.083802,0.0150339999999999,0.069964,0.084998,0.91054,0.2148788680054311,0.5586963884265588,1511.0,3,0.8479956900852015,0.4589623433516981,1.0392210743648214,-0.03602370271563793,-0.03682092418683053
3039.0,0.20881,21.678292,-0.9312,22.074504,0.168873,0.09871,0.083628,0.015082,0.0701629999999999,0.085245,0.604078,0.2149535374266007,0.5585430374454126,1512.0,3,0.8504599237783594,0.4604277013722467,1.042176951584513,-0.03696525573011167,-0.039051377908312854
3040.0,0.217473,21.680918,-0.9375,22.07096,0.169186,0.099471,0.084201,0.01527,0.069715,0.084985,0.750237,0.2190314992254289,0.5501679967241633,1513.0,3,0.8478659935750352,0.4661670202860501,1.0355225144266125,-0.03197659622515503,-0.04008417351927569
3041.0,0.207235,21.680786,-0.936712,22.068334,0.169222,0.098998,0.083886,0.015112,0.070224,0.085336,0.858677,0.2151940192239231,0.5580491522781035,1514.0,3,0.8513677993495229,0.4613435501350877,1.0430830245011036,-0.03696525573011167,-0.041372201734469226
3042.0,0.206185,21.680261,-0.937762,22.070566,0.169406,0.09904,0.083655,0.015385,0.070366,0.085751,0.901111,0.2186394190458597,0.550973224343223,1515.0,3,0.8555081110202134,0.46967777387694043,1.0451922434216885,-0.03826946568815315,-0.04204922955102416
3043.0,0.201066,21.680261,-0.941437,22.063346,0.169158,0.09892,0.084201,0.0147189999999999,0.070238,0.084957,0.882251,0.209555944703085,0.5696282464508405,1516.0,3,0.8475866472454465,0.449345931341868,1.043290975662288,-0.043282440812448364,-0.03995685263620088
3044.0,0.214979,21.681311,-0.940256,22.064134,0.168818,0.098295,0.083046,0.0152489999999999,0.070523,0.085772,0.613507,0.216224264080313,0.5559333054284339,1517.0,3,0.8557176207674051,0.46552592615205834,1.0475242671578282,-0.042286286462947964,-0.04125552255437246
3045.0,0.21511,21.682886,-0.943275,22.058226,0.169774,0.09892,0.084526,0.0143939999999999,0.070854,0.085248,0.585218,0.2031472725989695,0.5827899415546358,1518.0,3,0.850489853742244,0.4394242364110909,1.052440826754403,-0.06061385043032841,-0.04339342930957989
3046.0,0.213666,21.677636,-0.948,22.055076,0.169241,0.098347,0.083466,0.014881,0.070894,0.085775,0.651226,0.2099019676987094,0.5689176079451843,1519.0,3,0.8557475507312896,0.45429151466121226,1.0530349729292157,-0.05802068968666063,-0.044554234884667386
3047.0,0.211041,21.678424,-0.946687,22.052188,0.17004,0.099602,0.082452,0.01715,0.070438,0.087588,0.787955,0.2434730759948324,0.4999715479015892,1520.0,3,0.873835225572162,0.5235602094240838,1.0462617065363513,-0.015164982880453981,-0.043960064110782515
3048.0,0.218392,21.676717,-0.948131,22.051794,0.169875,0.099308,0.084453,0.0148549999999999,0.070567,0.085422,0.693659,0.2105061784378187,0.5676767210036464,1521.0,3,0.8522257916475455,0.45349777906674704,1.0481778279501222,-0.04901040189735373,-0.04377208624103155
3049.0,0.215635,21.677505,-0.953906,22.052056,0.1697,0.09871,0.083917,0.014793,0.0709899999999999,0.0857829999999999,0.377767,0.2083785268555169,0.5720463471849235,1522.0,3,0.8558273639683139,0.4516050249568788,1.0544609237487645,-0.05834432328218597,-0.042889592747382924
3050.0,0.214192,21.682755,-0.956269,22.050219,0.170417,0.099629,0.084216,0.0154129999999999,0.070788,0.086201,0.613507,0.2177315684640267,0.5528377061522105,1523.0,3,0.8599976056028901,0.47053256605558896,1.0514604855659622,-0.04358465197603001,-0.04283020526161861
3051.0,0.21616,21.685512,-0.960731,22.0514,0.170692,0.100721,0.085088,0.015633,0.069971,0.085604,0.514496,0.2234179386040131,0.5411594257200186,1524.0,3,0.8540415427898725,0.47724879031642575,1.0393250499454136,-0.031023547991262945,-0.03812977346596572
3052.0,0.212616,21.685249,-0.970575,22.051138,0.170499,0.099392,0.082988,0.0164039999999999,0.071107,0.087511,0.750237,0.2306913427462449,0.5262218027411085,1525.0,3,0.8730670231657929,0.5007861035214355,1.0561988013100931,-0.03638968699064349,-0.03416278925559043
3053.0,0.205004,21.69575,-0.965981,22.050612,0.170858,0.100112,0.084012,0.0161,0.070746,0.086846,0.839818,0.2275714871301963,0.5326291501165383,1526.0,3,0.8664325478380598,0.49150550272465005,1.050836632082409,-0.03445750587596208,-0.03491067825264597
3054.0,0.222198,21.695094,-0.971493,22.051269,0.17094,0.099802,0.08398,0.015822,0.071138,0.08696,0.820959,0.2224096487158942,0.543230182948359,1527.0,3,0.8675698864656711,0.48301863752232377,1.056659264595573,-0.0416924116053049,-0.031045031798627064
3055.0,0.212616,21.6968,-0.969394,22.045755,0.17106,0.102122,0.085917,0.016205,0.0689379999999999,0.085143,1.004836,0.2350628816780054,0.5172438332617131,1528.0,3,0.849442305006286,0.49471097339459347,1.0239812249808753,-0.01360953247379948,-0.02737639753421267
3056.0,0.20986,21.69785,-0.97635,22.044705,0.170454,0.101267,0.085198,0.016069,0.069187,0.085256,0.472063,0.2322512574434873,0.5230181559794262,1529.0,3,0.8505696669792693,0.4905591256697144,1.0276797849190855,-0.018350847582907726,-0.025512549903513947
3057.0,0.222461,21.699819,-0.9795,22.04523,0.171143,0.101933,0.086033,0.0158999999999999,0.06921,0.0851099999999999,0.778526,0.2297322679920821,0.5281914852729908,1530.0,3,0.8491130754035554,0.48539984430570726,1.0280214189696026,-0.022643872851009328,-0.023822243515612917
3058.0,0.222329,21.701919,-0.982125,22.045361,0.171538,0.103073,0.087025,0.0160479999999999,0.068465,0.0845129999999999,0.712518,0.2343937136680979,0.5186181250301997,1531.0,3,0.8431570125905379,0.48991803153572266,1.016955446463717,-0.010353937357164722,-0.02100240800795734
3059.0,0.218654,21.706645,-0.981468,22.041292,0.171143,0.102007,0.086091,0.015916,0.0691359999999999,0.0850519999999999,0.816244,0.230209583869708,0.5272112063716132,1532.0,3,0.8485344294351217,0.4858882969792255,1.026922248546198,-0.02165798063804203,-0.019876208266431782
3060.0,0.206185,21.702576,-0.984618,22.036435,0.17095,0.101282,0.085529,0.015753,0.069668,0.085421,0.778526,0.226112044094217,0.5356264550104151,1533.0,3,0.8522158149929173,0.48091218536778957,1.0348243926712075,-0.02494617566904278,-0.01706792035328124
3061.0,0.208548,21.70717,-0.983043,22.040111,0.170803,0.102201,0.086511,0.0156899999999999,0.068602,0.084292,1.132136,0.2287071993936124,0.5302967014760276,1534.0,3,0.8409521719177134,0.4789889029658205,1.0189903971124503,-0.01412048411225264,-0.016855785389882028
3062.0,0.203691,21.705201,-0.991312,22.036829,0.17095,0.102532,0.086148,0.0163839999999999,0.0684179999999999,0.0848019999999999,0.495637,0.2394656455078267,0.5082017362093592,1535.0,3,0.8460402657780791,0.5001755376795414,1.0162573247083104,-0.008191331914087718,-0.016260351890289303
3063.0,0.220098,21.711239,-0.993281,22.034991,0.170637,0.101466,0.085707,0.0157589999999999,0.069171,0.08493,0.670085,0.22782339675013,0.5321117952640173,1536.0,3,0.8473172775704859,0.4810953551203548,1.0274421264491602,-0.023195508460706504,-0.016743411264561414
3064.0,0.223379,21.710714,-0.993675,22.034728,0.170729,0.101802,0.085629,0.016173,0.0689269999999999,0.0851,0.561644,0.2346361420612814,0.5181202420766412,1537.0,3,0.8490133088572748,0.49373406804756304,1.0238178347828018,-0.01360953247379948,-0.016376634482242348
3065.0,0.23178,21.711239,-0.994462,22.032103,0.170371,0.101513,0.085056,0.016457,0.0688579999999999,0.0853149999999999,0.915255,0.2389956287486022,0.5091670246775605,1538.0,3,0.8511582896023304,0.5024041030024575,1.02279293263125,-0.011488182839807348,-0.017063057646336456
3066.0,0.222329,21.705857,-0.999712,22.034466,0.17106,0.102159,0.085739,0.01642,0.0689009999999999,0.085321,0.976548,0.2383094830338742,0.5105761841020575,1539.0,3,0.8512181495301003,0.5012745561949536,1.0234316397691736,-0.01239651258698049,-0.017340026972041556
3067.0,0.206447,21.709401,-1.005749,22.032234,0.170398,0.100448,0.084369,0.0160789999999999,0.06995,0.086029,0.905825,0.2298609026318422,0.5279273041944768,1540.0,3,0.8582816210068447,0.4908644085906583,1.0390131232036368,-0.02747446659373043,-0.018242227529210498
3068.0,0.218523,21.706513,-1.005356,22.030528,0.169957,0.101198,0.084285,0.0169129999999999,0.068759,0.085672,0.825674,0.2459714950552646,0.4948404646786229,1541.0,3,0.854719955304588,0.5163250041976372,1.02132242084859,-0.006686169533974051,-0.019233956008052056
3069.0,0.210779,21.707039,-1.006406,22.031446,0.170628,0.100316,0.084353,0.015963,0.070312,0.086275,0.943544,0.2270277189139989,0.5337459043134225,1542.0,3,0.8607358780453747,0.48732312670767636,1.0443901460856915,-0.028522212278983106,-0.019589802629320252
3070.0,0.234011,21.701788,-1.013231,22.031972,0.170738,0.100962,0.085251,0.015711,0.069776,0.085487,0.575789,0.2251601530590309,0.5375813841086148,1543.0,3,0.8528742741983766,0.4796299970998122,1.036428587343202,-0.02771586892609379,-0.020761793316320876
3071.0,0.220754,21.706776,-1.016249,22.034728,0.171069,0.101634,0.085665,0.0159689999999999,0.069435,0.085404,0.580504,0.2299815657583961,0.5276794944678793,1544.0,3,0.8520462118642385,0.48750629646024146,1.031363491202924,-0.023142489683942058,-0.021546170216607062
3072.0,0.218785,21.706645,-1.019399,22.033022,0.170665,0.101471,0.084894,0.016577,0.069194,0.085771,0.608793,0.2395693330442952,0.507988789795673,1545.0,3,0.8557076441127769,0.5060674980538215,1.0277837604996778,-0.0181086167025033,-0.023564741127809576
3073.0,0.21406,21.709139,-1.025699,22.033678,0.170766,0.100516,0.084374,0.0161419999999999,0.07025,0.086392,0.707803,0.2297760885966034,0.5281014894943641,1546.0,3,0.8619031466368705,0.4927876909926243,1.043469219514732,-0.02675397467338847,-0.023835420415771736
3074.0,0.224036,21.70507,-1.021237,22.026196,0.170637,0.100127,0.083691,0.0164359999999999,0.07051,0.086946,1.141566,0.2330983818127666,0.5212783895375936,1547.0,3,0.8674302133008767,0.5017630088684657,1.0473311696510141,-0.025329439343805715,-0.025119237627847558
3075.0,0.219835,21.703888,-1.022024,22.033941,0.170325,0.101083,0.084705,0.016378,0.069242,0.08562,1.051984,0.2365293242638245,0.514232153168207,1548.0,3,0.8542011692639232,0.4999923679269763,1.0284967359094528,-0.019331951842669226,-0.02649564504624404
3076.0,0.222198,21.6989,-1.022681,22.026983,0.170481,0.100353,0.08481,0.015543,0.070128,0.085671,0.844533,0.2216344165751686,0.5448223020184454,1549.0,3,0.8547099786499599,0.47450124402790284,1.0416570736815531,-0.0325822216990056,-0.02649564504624404
3077.0,0.229023,21.697063,-1.030031,22.030265,0.170674,0.100642,0.084862,0.0157799999999999,0.070032,0.0858119999999999,0.613507,0.2253223480359257,0.5372482790911359,1550.0,3,0.8561166869525308,0.48173644925434334,1.0402311228620027,-0.03018125947335204,-0.027177116417071878
3078.0,0.226136,21.697981,-1.034624,22.027902,0.172061,0.101781,0.085366,0.016415,0.07028,0.086695,0.660655,0.2335624137391329,0.5203253923122655,1551.0,3,0.864926072989206,0.5011219147344801,1.0439148291458413,-0.01952434165473227,-0.02783001506311844
3079.0,0.237817,21.699557,-1.039218,22.026983,0.170904,0.10039,0.085004,0.0153859999999999,0.070514,0.0859,0.585218,0.2181947103453165,0.5518865368409549,1552.0,3,0.8569946325598109,0.4697083021690321,1.0473905842684952,-0.042286286462947964,-0.02804714660819817
3080.0,0.216292,21.6968,-1.034887,22.025145,0.170114,0.100327,0.084547,0.01578,0.0697869999999999,0.0855669999999999,0.853963,0.2261133719264057,0.5356237279989323,1553.0,3,0.8536724065686291,0.48173644925434644,1.036591977541274,-0.02771586892609379,-0.02877242484371816
3081.0,0.224561,21.701919,-1.04263,22.024489,0.170628,0.100437,0.084673,0.015764,0.070191,0.085955,0.740807,0.2245839981764303,0.5387646518393013,1554.0,3,0.8575433485643602,0.4812479965808313,1.0425928539068832,-0.02995720339222041,-0.02825621735110384
3082.0,0.228236,21.702576,-1.040399,22.030921,0.170435,0.100831,0.084794,0.016037,0.069604,0.085641,0.604078,0.2304001149342721,0.5268199066235759,1555.0,3,0.8544106790111148,0.489582220322684,1.0338737587915074,-0.024637603162968924,-0.02626048366780489
3083.0,0.215504,21.701657,-1.04683,22.028165,0.169645,0.10007,0.084741,0.015329,0.0695749999999999,0.084904,0.523926,0.2203202253650686,0.5475212985865983,1556.0,3,0.8470578845501534,0.4679681895196373,1.0334430028147668,-0.028925290124185765,-0.0253263804434116
3084.0,0.224954,21.705201,-1.047224,22.02462,0.170555,0.100521,0.084999,0.0155219999999999,0.070034,0.085556,0.962403,0.2216320411222958,0.5448271805620715,1557.0,3,0.8535626633677202,0.4738601498939111,1.0402608301707434,-0.0325822216990056,-0.024788148024822432
3085.0,0.216554,21.710714,-1.043418,22.030396,0.171198,0.102065,0.085224,0.016841,0.0691329999999999,0.085974,1.056699,0.2435993866982962,0.4997121395654584,1558.0,3,0.8577329050022954,0.5141269671668218,1.026877687583087,-0.014169876916526047,-0.022154444977061438
3086.0,0.223248,21.713339,-1.047749,22.024226,0.170904,0.101141,0.084243,0.0168979999999999,0.069763,0.086661,0.580504,0.2422166160197235,0.5025519799839056,1559.0,3,0.8645868667318483,0.5158670798162166,1.036235489836388,-0.012624884866016095,-0.02106922072652385
3087.0,0.213798,21.71032,-1.055624,22.029215,0.171593,0.101471,0.085098,0.016373,0.0701219999999999,0.086495,0.712518,0.2334897251971537,0.5204746750983913,1560.0,3,0.8629307420635721,0.49983972646650277,1.04156795175533,-0.02084022722941914,-0.022941834817868732
3088.0,0.21196,21.711895,-1.057855,22.030265,0.170766,0.100831,0.084185,0.016646,0.069935,0.086581,0.707803,0.2380176161061543,0.511175600556999,1561.0,3,0.8637887343615948,0.5081739502083557,1.0387903183880822,-0.014142017468840584,-0.02261689385023443
3089.0,0.226529,21.717671,-1.060349,22.027902,0.171501,0.101288,0.084279,0.0170089999999999,0.0702129999999999,0.0872219999999999,0.820959,0.2422451362976044,0.5024934069760116,1562.0,3,0.8701837699782506,0.5192557202387281,1.0429196343030287,-0.01594925598533803,-0.022038613806210063
3090.0,0.233486,21.722659,-1.060874,22.02974,0.170968,0.100999,0.084405,0.016594,0.069969,0.086563,1.094418,0.2371587823352867,0.5129394149718047,1563.0,3,0.8636091545782876,0.5065864790194313,1.039295342636673,-0.016863626420717925,-0.020701967263162424
3091.0,0.222329,21.725546,-1.073474,22.02974,0.169948,0.098951,0.083518,0.015433,0.0709969999999999,0.0864299999999999,0.481493,0.2173723203470521,0.5535755055130479,1564.0,3,0.86228225951274,0.471143131897486,1.0545648993293566,-0.04868334430566923,-0.021879520158962208
3092.0,0.210516,21.728434,-1.06468,22.029609,0.170013,0.100269,0.084064,0.0162049999999999,0.069744,0.085949,0.797385,0.2323464047601978,0.522822748888512,1565.0,3,0.8574834886365912,0.49471097339459036,1.0359532704033516,-0.021388193486625906,-0.021908059188953565
3093.0,0.210648,21.732241,-1.069012,22.032628,0.170628,0.101193,0.085371,0.015822,0.069435,0.085257,1.349017,0.2278645083242122,0.5320273631079455,1566.0,3,0.8505796436338975,0.48301863752232377,1.031363491202924,-0.023142489683942058,-0.0236737807281301
3094.0,0.230598,21.732241,-1.070586,22.032891,0.170545,0.101298,0.084804,0.0164939999999999,0.069247,0.085741,0.896396,0.2381873844731977,0.5108269418256748,1567.0,3,0.8554083444739318,0.5035336498099583,1.0285710041813045,-0.019215756268529227,-0.026628413085816448
3095.0,0.218392,21.74051,-1.073343,22.033678,0.169866,0.09998,0.083891,0.016089,0.0698859999999999,0.085975,0.575789,0.2302144891038391,0.527201132335214,1568.0,3,0.8577428816569236,0.49116969151160833,1.0380624893239352,-0.025945405874523875,-0.02879287714999742
3096.0,0.214848,21.734603,-1.078986,22.033022,0.170545,0.100537,0.083319,0.0172179999999999,0.070008,0.087226,0.750237,0.2459398077390049,0.4949055419346428,1569.0,3,0.8702236765967644,0.5256361332865203,1.0398746351571153,-0.012910275165929685,-0.029993063075343718
3097.0,0.217473,21.735916,-1.077411,22.03079,0.17027,0.098715,0.082772,0.015943,0.071555,0.087498,0.589933,0.222804516742132,0.5424192298393302,1570.0,3,0.8729373266556267,0.4867125608657823,1.0628532384679947,-0.038497442621184486,-0.03002576883451217
3098.0,0.217867,21.737754,-1.076493,22.035779,0.169333,0.098741,0.083214,0.015527,0.070592,0.086119,0.736092,0.2199509866417349,0.5482796159756109,1571.0,3,0.8591795199233802,0.4740127913543876,1.04854916930938,-0.04368834104570407,-0.03093351630196426
3099.0,0.219967,21.741298,-1.086861,22.030659,0.170591,0.099944,0.084043,0.015901,0.0706469999999999,0.0865479999999999,0.844533,0.2250736043483184,0.5377591319670662,1572.0,3,0.8634595047588641,0.48543037259780497,1.049366120299746,-0.03759389662714774,-0.032787760235264064
3100.0,0.219048,21.741692,-1.083449,22.029477,0.16993,0.100148,0.084584,0.0155639999999999,0.069782,0.0853459999999999,0.886966,0.2230342633592708,0.541947391855301,1573.0,3,0.8514675658958035,0.4751423381618885,1.0365177092694238,-0.028865485674180902,-0.034909061550557896
3101.0,0.219179,21.739854,-1.090799,22.036304,0.170049,0.099387,0.084348,0.0150389999999999,0.070662,0.085701,1.070844,0.212827080650411,0.56291020981512,1574.0,3,0.855009278288805,0.4591149848121716,1.0495889251153023,-0.04901040189735373,-0.03714156414116206
3102.0,0.221673,21.738541,-1.090536,22.032103,0.170499,0.099844,0.083292,0.0165519999999999,0.070655,0.087207,0.693659,0.2342617753623187,0.5188890909533995,1575.0,3,0.8700341201588292,0.5053042907514509,1.04948494953471,-0.03046566816114682,-0.03988938937036677
3103.0,0.213404,21.741167,-1.091193,22.031446,0.170417,0.099749,0.084159,0.01559,0.070668,0.086258,0.830388,0.2206059233893221,0.546934551406232,1576.0,3,0.8605662749166958,0.47593607375635366,1.0496780470415241,-0.0416849290169401,-0.04005096660319264
3104.0,0.221542,21.744448,-1.086336,22.029346,0.170876,0.099923,0.083875,0.0160479999999999,0.070953,0.087001,1.023696,0.226174704738281,0.5354977668393277,1577.0,3,0.8679789293054261,0.48991803153572266,1.0539113385370644,-0.04042876942146756,-0.04018414262154203
3105.0,0.218785,21.743004,-1.08883,22.029084,0.171106,0.099166,0.084001,0.0151649999999999,0.07194,0.087105,0.787955,0.2107977370345143,0.5670779377780022,1578.0,3,0.8690165013867558,0.4629615496161037,1.0685718954005667,-0.04827043178056556,-0.04097445759920813
3106.0,0.211173,21.744448,-1.091718,22.025014,0.171409,0.099513,0.083849,0.0156639999999999,0.071896,0.08756,0.759666,0.2178672267271234,0.5525591004335557,1579.0,3,0.8735558792425732,0.47819516737135837,1.0679183346082728,-0.04038852745797672,-0.04405194087440918
3107.0,0.225348,21.742217,-1.09513,22.023701,0.171712,0.100773,0.084432,0.016341,0.070939,0.08728,0.637081,0.2303495912038343,0.5269236688265292,1580.0,3,0.8707624159466856,0.4988628211194725,1.0537033873758799,-0.0401132149494432,-0.042555402862356165
3108.0,0.224036,21.737622,-1.091324,22.025933,0.169884,0.098311,0.08251,0.0158009999999999,0.071573,0.087374,0.703089,0.2207645234302958,0.5466088294237631,1581.0,3,0.8717002214817335,0.48237754338833205,1.0631206042466605,-0.04502010122919797,-0.04270466908157344
3109.0,0.222461,21.744973,-1.091455,22.022651,0.169737,0.098636,0.083109,0.015527,0.071101,0.086628,0.55693,0.2183764169784253,0.5515133601103528,1582.0,3,0.8642576371291186,0.4740127913543876,1.0561096793838711,-0.045497046403808805,-0.04004157025419759
3110.0,0.219967,21.744711,-1.096574,22.018976,0.169829,0.098657,0.083991,0.0146659999999999,0.071172,0.085838,0.707803,0.2060612872859089,0.5768053362862764,1583.0,3,0.8563760799728642,0.44772793186084897,1.0571642888441637,-0.05964031842619133,-0.0406438360285306
3111.0,0.208941,21.740248,-1.097624,22.018319,0.170738,0.100348,0.084358,0.01599,0.07039,0.08638,0.53807,0.227159722123567,0.5334748050952332,1584.0,3,0.8617834267813325,0.48814739059423323,1.045548731126576,-0.03404502177682356,-0.039828114345418365
3112.0,0.214323,21.741692,-1.092768,22.0174,0.171152,0.101078,0.085487,0.015591,0.070074,0.085665,1.070844,0.2224901890831253,0.5430647746173004,1585.0,3,0.8546501187221909,0.47596660204844843,1.0408549763455561,-0.03195833035331963,-0.04043440431610046
3113.0,0.220754,21.736966,-1.096968,22.013593,0.170913,0.101172,0.084363,0.016809,0.069741,0.08655,0.655941,0.2410168908261879,0.5050158940286757,1586.0,3,0.8634794580681214,0.5131500618197915,1.0359087094402408,-0.01505394074318156,-0.04170931841327141
3114.0,0.219704,21.738804,-1.095786,22.011624,0.170463,0.099261,0.083859,0.0154019999999999,0.071202,0.086604,0.985977,0.2163111104869176,0.5557549461823967,1587.0,3,0.8640181974180426,0.47019675484254725,1.057609898475273,-0.046451427164797665,-0.041757012930732494
3115.0,0.204216,21.740248,-1.094999,22.006111,0.170398,0.099476,0.083256,0.01622,0.070922,0.087142,0.882251,0.2286987296081666,0.5303140961455974,1588.0,3,0.869385637607998,0.49516889777601386,1.0534508752515845,-0.0401132149494432,-0.04125018523249837
3116.0,0.209729,21.740379,-1.096443,22.005717,0.170444,0.099198,0.083791,0.0154069999999999,0.071246,0.086653,0.754952,0.2162477016576134,0.5558851709254686,1589.0,3,0.8645070534948228,0.47034939630302075,1.058263459267567,-0.046451427164797665,-0.03932903033202599
3117.0,0.205004,21.746811,-1.090405,22.000597,0.170058,0.099361,0.08461,0.014751,0.0706969999999999,0.0854479999999999,0.608793,0.2086480522787066,0.5714928141932034,1590.0,3,0.8524851846678769,0.45032283668890144,1.0501088030182617,-0.05286235592115274,-0.04005560249128123
3118.0,0.208679,21.739066,-1.091193,22.003485,0.170573,0.099497,0.083954,0.015543,0.071076,0.086619,0.78324,0.218678334763707,0.5508933018874116,1591.0,3,0.8641678472374652,0.47450124402790284,1.0557383380246133,-0.045497046403808805,-0.04163312628378857
3119.0,0.210779,21.741954,-1.092505,21.999022,0.170472,0.099445,0.083156,0.016289,0.071027,0.087316,0.957688,0.2293320943853129,0.52901333462264,1592.0,3,0.8711215755132997,0.49727534993054817,1.0550105089604678,-0.04042876942146756,-0.04499606664003734
3120.0,0.212354,21.742085,-1.088699,21.997578,0.170683,0.099749,0.083891,0.015858,0.070934,0.086792,0.778526,0.2235567773313598,0.5408742881800963,1593.0,3,0.8658938084881385,0.484117656037733,1.0536291191040283,-0.04042876942146756,-0.04541036945909501
3121.0,0.213666,21.743135,-1.091586,21.99259,0.170812,0.099613,0.08345,0.0161629999999999,0.071199,0.087362,0.585218,0.2270084269662921,0.5337855248041498,1594.0,3,0.8715805016261955,0.49342878512661303,1.057565337512162,-0.0413107433693759,-0.04541036945909501
3122.0,0.216292,21.74156,-1.088043,21.98537,0.169994,0.099319,0.084101,0.015218,0.070675,0.085893,0.698374,0.2153206180315808,0.5577891522531646,1595.0,3,0.8569247959774137,0.4645795490971258,1.0497820226221164,-0.047733568278393035,-0.042606050417799565
3123.0,0.210385,21.737622,-1.092374,21.985501,0.170545,0.099655,0.084122,0.0155329999999999,0.07089,0.086423,0.660655,0.2191110296088359,0.5500046626292237,1596.0,3,0.8622124229303438,0.4741959611069528,1.0529755583117344,-0.04868334430566923,-0.040430871883683904
3124.0,0.214717,21.739985,-1.085943,21.979462,0.170334,0.099266,0.084006,0.0152599999999999,0.071068,0.086328,0.613507,0.2147209050359508,0.5590208020349028,1597.0,3,0.8612646407406677,0.46586173736510006,1.0556195087896507,-0.050594455355374435,-0.040367318208648126
3125.0,0.220229,21.739198,-1.082661,21.976968,0.170362,0.099671,0.083917,0.0157539999999999,0.070691,0.086445,0.787955,0.2228540711820288,0.542317458299397,1598.0,3,0.8624319093321635,0.4809427136598812,1.0500196810920415,-0.0401132149494432,-0.04084236190277335
3126.0,0.214848,21.736047,-1.086205,21.976049,0.169783,0.099891,0.083298,0.0165929999999999,0.069892,0.0864849999999999,0.990692,0.2374057487874321,0.512432212061249,1599.0,3,0.8628309755172893,0.5065559507273335,1.0381516112501585,-0.01840823675184322,-0.040245235548222805
3127.0,0.222723,21.737885,-1.087124,21.974605,0.170812,0.100526,0.084731,0.015795,0.0702859999999999,0.0860809999999999,0.566359,0.2247214989969696,0.5384822620014287,1600.0,3,0.8588004070475086,0.48219437363576695,1.0440039510720618,-0.03111057057999611,-0.03892359232660649
3128.0,0.200935,21.738147,-1.081874,21.974211,0.170573,0.099461,0.083838,0.0156229999999999,0.071112,0.086735,0.825674,0.2196926019152615,0.5488102689617633,1601.0,3,0.865325139174333,0.4769435073954757,1.0562730695819447,-0.04486150965345104,-0.03797745795846369
3129.0,0.220229,21.735391,-1.079643,21.972636,0.171198,0.100012,0.084306,0.0157059999999999,0.0711859999999999,0.0868919999999999,0.896396,0.2206301712391307,0.5468847528206717,1602.0,3,0.8668914739509546,0.4794773556393357,1.0573722400053467,-0.04517920636271977,-0.037206594973950013
3130.0,0.21406,21.735654,-1.073868,21.969223,0.170913,0.100164,0.084038,0.016126,0.070749,0.086875,0.509782,0.2279293286219081,0.531894239587043,1603.0,3,0.8667218708222766,0.49229923831911226,1.0508811930455197,-0.03445750587596208,-0.036031646154096056
3131.0,0.203166,21.731453,-1.07938,21.965416,0.170426,0.100448,0.084463,0.015985,0.069978,0.085963,0.542785,0.2284256705583103,0.5308748862595482,1604.0,3,0.8576231618013855,0.4879947491337597,1.0394290255260057,-0.028094311153212814,-0.03410434738209365
3132.0,0.21511,21.740116,-1.07203,21.96581,0.171014,0.100542,0.084883,0.015659,0.0704719999999999,0.086131,0.957688,0.2221985725029445,0.5436636769254848,1605.0,3,0.8592992397789181,0.47804252591088786,1.0467667307849406,-0.038272224596965,-0.036432764867439814
3133.0,0.210254,21.735128,-1.071243,21.961347,0.170095,0.099713,0.084253,0.01546,0.070382,0.085842,0.721948,0.2196553144935567,0.5488868473336497,1606.0,3,0.856415986591377,0.47196739578404284,1.0454299018916136,-0.04097471446053247,-0.0374909489699707
3134.0,0.216292,21.735522,-1.066649,21.958065,0.170279,0.099697,0.08388,0.0158169999999999,0.070582,0.086399,0.721948,0.2240907867333492,0.5397775759724251,1607.0,3,0.8619729832192677,0.48286599606184727,1.048400632765677,-0.03884496715683483,-0.03523579087714267
3135.0,0.220885,21.730928,-1.06363,21.957802,0.170527,0.10039,0.084038,0.0163519999999999,0.070137,0.086489,0.608793,0.2331403803929394,0.5211921357087119,1608.0,3,0.862870882135803,0.4991986323325111,1.0417907565708862,-0.02084022722941914,-0.033308019968846324
3136.0,0.212879,21.728303,-1.065862,21.952289,0.170959,0.099923,0.084169,0.015754,0.071036,0.08679,0.967118,0.2217717527485677,0.5445402503216766,1609.0,3,0.8658738551788823,0.4809427136598843,1.0551441918498006,-0.0416924116053049,-0.033712013643368566
3137.0,0.216948,21.727778,-1.065205,21.958852,0.171372,0.10029,0.084316,0.015974,0.0710819999999999,0.087056,0.707803,0.2247232108943067,0.5384787462230531,1610.0,3,0.8685276453099754,0.48765893792071796,1.0558274599508335,-0.0416924116053049,-0.034819323036396274
3138.0,0.213273,21.731059,-1.060743,21.960953,0.170426,0.100668,0.084332,0.0163359999999999,0.069758,0.0860939999999999,0.646511,0.2341776688312617,0.5190618232292947,1611.0,3,0.858930103557675,0.4987101796589959,1.0361612215645362,-0.02230992872517079,-0.03376435607157109
3139.0,0.215504,21.731453,-1.059037,21.959903,0.171207,0.100731,0.084384,0.016347,0.070476,0.086823,0.721948,0.231948011407977,0.523640942072392,1612.0,3,0.8662030847816118,0.49904599087204066,1.0468261454024232,-0.025901497279756325,-0.03466307393411825
3140.0,0.220754,21.726728,-1.054443,21.953339,0.171042,0.099587,0.083544,0.016043,0.071455,0.087498,0.952974,0.2245157859381997,0.538904741497089,1613.0,3,0.8729373266556267,0.48976539007525227,1.0613678730309632,-0.038497442621184486,-0.035550417061190685
3141.0,0.217342,21.727909,-1.054968,21.954258,0.170545,0.099996,0.084064,0.015932,0.070549,0.086481,1.014266,0.2258256555634302,0.5362146203061586,1614.0,3,0.8627910688987777,0.4863767496527407,1.0479104621714566,-0.039167405083489926,-0.03754579384428958
3142.0,0.219835,21.726465,-1.050505,21.959115,0.17016,0.099371,0.082688,0.016683,0.070789,0.087472,0.736092,0.2356688797852804,0.5159992755449423,1615.0,3,0.8726779336352942,0.5093034970158594,1.0514753392203324,-0.02772255494871312,-0.03685360355599149
3143.0,0.219179,21.725021,-1.05418,21.960034,0.17004,0.098962,0.083634,0.0153279999999999,0.071078,0.086406,0.750237,0.2156473782692496,0.5571180742903089,1616.0,3,0.8620428198016649,0.4679376612275396,1.055768045333354,-0.04996189308600407,-0.03535975986279984
3144.0,0.222461,21.717802,-1.04893,21.957277,0.170481,0.099634,0.084106,0.015528,0.070847,0.086375,0.787955,0.2191734417344173,0.5498764848485014,1617.0,3,0.8617335435081915,0.4740433196464824,1.0523368511738107,-0.047718398427559205,-0.03735739563657756
3145.0,0.214848,21.719377,-1.048012,21.958721,0.17016,0.09965,0.084127,0.015523,0.07051,0.086033,0.349478,0.2201500475103176,0.5478707982959392,1618.0,3,0.8583215276253574,0.4738906781860089,1.0473311696510141,-0.04079399506040804,-0.03850013633100515
3146.0,0.217079,21.71137,-1.048799,21.96174,0.170288,0.099539,0.083497,0.016042,0.0707489999999999,0.086791,0.806814,0.2267420494699647,0.5343325927976772,1619.0,3,0.8658838318335104,0.48973486178315756,1.0508811930455182,-0.03477050872232401,-0.03754292108130528
3147.0,0.221017,21.710976,-1.04368,21.957408,0.170371,0.100112,0.083985,0.016127,0.0702589999999999,0.0863859999999999,0.717233,0.2295331625391404,0.5286003945169884,1620.0,3,0.8618432867091005,0.49232976661120686,1.0436029024040632,-0.02675397467338847,-0.037223978916448464
3148.0,0.218917,21.71452,-1.046174,21.952814,0.170371,0.09987,0.084468,0.0154019999999999,0.070501,0.085903,0.684229,0.2184618876060253,0.5513378263457092,1621.0,3,0.8570245625236953,0.47019675484254725,1.0471974867616811,-0.042286286462947964,-0.03799141723369507
3149.0,0.220885,21.702313,-1.041974,21.954258,0.169314,0.098878,0.083282,0.0155959999999999,0.070436,0.086032,0.91997,0.2214177208001476,0.5452673370701335,1622.0,3,0.8583115509707293,0.4761192435089188,1.0462319992276108,-0.03732890422403223,-0.03530208260040535
3150.0,0.221673,21.704282,-1.041055,21.952945,0.169397,0.099844,0.084789,0.0150549999999999,0.0695529999999999,0.0846079999999999,0.726663,0.2164505276475831,0.5554686206954462,1623.0,3,0.8441047947802142,0.45960343748568677,1.03311622241862,-0.028925290124185765,-0.0351753854741292
3151.0,0.21301,21.703101,-1.040399,21.95754,0.169489,0.098993,0.083067,0.0159259999999999,0.070496,0.086422,0.877537,0.2259103224250676,0.5360407372614087,1624.0,3,0.8622024462757156,0.48619357990016937,1.0471232184898298,-0.035977983434921756,-0.03377138343542724
3152.0,0.226529,21.699688,-1.036855,21.952814,0.169774,0.099119,0.083198,0.015921,0.070655,0.086576,0.839818,0.2253311820652174,0.5372301363623169,1625.0,3,0.8637388510884538,0.48604093843969903,1.04948494953471,-0.03539693812117917,-0.03430565405813916
3153.0,0.222329,21.702838,-1.035281,21.947957,0.169526,0.099419,0.083172,0.0162469999999999,0.070107,0.086354,0.91997,0.2317424544987732,0.5240631008786885,1626.0,3,0.8615240337610001,0.49599316166256774,1.0413451469397765,-0.023068546753106878,-0.03564157808574463
3154.0,0.21511,21.699819,-1.035937,21.945331,0.169866,0.098962,0.083308,0.015654,0.070904,0.086558,1.004836,0.2207742754389676,0.5465888014112976,1627.0,3,0.8635592713051468,0.47788988445041447,1.0531835094729187,-0.046451427164797665,-0.034333690246834594
3155.0,0.213535,21.697981,-1.030949,21.945069,0.170058,0.099902,0.083665,0.016237,0.0701559999999999,0.0863929999999999,0.91997,0.2314380603503571,0.5246882448878911,1628.0,3,0.8619131232914977,0.49568787874162384,1.0420729760039207,-0.02675397467338847,-0.033649600447865746
3156.0,0.215242,21.694569,-1.031343,21.944412,0.170095,0.099135,0.082951,0.016184,0.07096,0.087144,0.571074,0.228068939276504,0.531607516715412,1629.0,3,0.8694055909172544,0.49406987926060475,1.0540153141176565,-0.0401132149494432,-0.033435753781881294
3157.0,0.228498,21.699032,-1.026093,21.941918,0.169443,0.098468,0.082116,0.016352,0.070975,0.087327,1.198144,0.2303877366997295,0.526845328200203,1630.0,3,0.8712313187142096,0.4991986323325141,1.0542381189332113,-0.0401132149494432,-0.03346712266427434
3158.0,0.221804,21.693781,-1.029637,21.937192,0.169535,0.099198,0.083266,0.0159319999999999,0.070337,0.0862689999999999,0.78324,0.2265062981603114,0.5348167628109914,1631.0,3,0.8606760181176046,0.48637674965273764,1.0447614874449493,-0.029207408073847585,-0.0330329363334285
3159.0,0.222461,21.69785,-1.026881,21.936667,0.16925,0.098946,0.08313,0.015816,0.070304,0.08612,0.726663,0.2249626626840197,0.537986976415352,1632.0,3,0.8591894965780082,0.4828354677697556,1.044271316850729,-0.03048800623434378,-0.03549792150087373
3160.0,0.215373,21.689056,-1.025306,21.934698,0.169167,0.099471,0.083791,0.01568,0.069696,0.085376,0.787955,0.2249738152287759,0.5379640720770853,1633.0,3,0.8517668655346496,0.4786836200448766,1.0352402949935764,-0.026786823464341247,-0.032508648663130635
3161.0,0.221804,21.688137,-1.021762,21.936536,0.170224,0.099702,0.083807,0.0158949999999999,0.0705219999999999,0.0864169999999999,0.637081,0.2253874622463592,0.537114551952233,1634.0,3,0.8621525630025737,0.4852472028452337,1.0475094135034566,-0.036291672258852214,-0.03321644355288807
3162.0,0.215635,21.689056,-1.023862,21.935879,0.170288,0.099928,0.083891,0.016037,0.0703599999999999,0.086397,1.108562,0.2279245604809484,0.5319040320708062,1635.0,3,0.8619530299100114,0.489582220322684,1.0451031214954651,-0.03105507481272074,-0.030528254792902876
3163.0,0.241099,21.687743,-1.021237,21.930366,0.170352,0.099392,0.083991,0.0154009999999999,0.07096,0.086361,0.406056,0.2170347092064654,0.5542688683226684,1636.0,3,0.8615938703433972,0.47016622655045254,1.0540153141176565,-0.047718398427559205,-0.031066637938339435
3164.0,0.228761,21.691025,-1.015068,21.930366,0.170904,0.100647,0.083707,0.0169399999999999,0.070257,0.087197,0.731378,0.2411113325172933,0.5048219361036607,1637.0,3,0.8699343536125475,0.5171492680841939,1.043573195095324,-0.01655869878736671,-0.031186003342414816
3165.0,0.219179,21.686562,-1.013231,21.934042,0.169691,0.099109,0.082778,0.016331,0.070582,0.086913,0.759666,0.2313729934970176,0.5248218747680138,1638.0,3,0.8671009836981471,0.49855753819852544,1.048400632765677,-0.03383192357096276,-0.03002083107931789
3166.0,0.228761,21.68328,-1.009293,21.933254,0.169434,0.099524,0.082793,0.0167309999999999,0.06991,0.086641,0.490922,0.2393185621719042,0.5085038059659033,1639.0,3,0.8643873336392849,0.5107688550364019,1.0384189770288244,-0.013231327349591315,-0.032113988575639685
3167.0,0.221148,21.68328,-1.009818,21.937586,0.16948,0.098395,0.082883,0.0155119999999999,0.071085,0.086597,0.915255,0.218214557015446,0.551845777099026,1640.0,3,0.8639483608356453,0.4735548669729641,1.055872020913946,-0.045497046403808805,-0.03086066380360064
3168.0,0.220623,21.684199,-1.017562,21.935879,0.169379,0.099419,0.083833,0.0155859999999999,0.06996,0.085546,1.009551,0.2227812638470002,0.5424669850546122,1641.0,3,0.8534628968214386,0.4758139605879719,1.03916165974734,-0.030401062114601363,-0.03192364922402258
3169.0,0.228761,21.681443,-1.017299,21.937586,0.169682,0.099975,0.083361,0.0166139999999999,0.069707,0.086321,0.938829,0.2383370631778273,0.5105195418773139,1642.0,3,0.8611948041582704,0.5071970448613221,1.0354036851916502,-0.018836283603374526,-0.030848358002523234
3170.0,0.24228,21.684068,-1.008112,21.937717,0.169259,0.098321,0.082862,0.015459,0.0709379999999999,0.0863969999999999,0.811529,0.2179196210829022,0.5524514964674428,1643.0,3,0.8619530299100104,0.4719368674919482,1.053688533721508,-0.047718398427559205,-0.03371040876005854
3171.0,0.222592,21.688268,-1.003781,21.937586,0.169902,0.100301,0.084311,0.01599,0.069601,0.085591,0.5475,0.229734777736272,0.5281863309309869,1644.0,3,0.8539118462797063,0.48814739059423323,1.0338291978283964,-0.023758424538461775,-0.032860160337342834
3172.0,0.212879,21.683674,-1.005618,21.941918,0.169195,0.098468,0.082967,0.015501,0.070727,0.086228,1.042555,0.2191635561588055,0.5498967871716682,1645.0,3,0.8602669752778507,0.47321905575992546,1.0505544126493729,-0.0416849290169401,-0.03464808466038331
3173.0,0.220492,21.684068,-1.003781,21.941918,0.169415,0.098647,0.082688,0.015959,0.070768,0.086727,0.952974,0.2255083440489479,0.5368662931236611,1646.0,3,0.8652453259373075,0.48720101353929757,1.0511634124785558,-0.03696548621256579,-0.033632741540236634
3174.0,0.223642,21.678424,-1.004831,21.940343,0.16982,0.098605,0.082993,0.015612,0.071215,0.086827,0.858677,0.2192203999101325,0.5497800453394497,1647.0,3,0.8662429914001245,0.47660769618243704,1.0578029959820872,-0.04517920636271977,-0.034856799384152204
3175.0,0.229154,21.682755,-0.998925,21.949926,0.170307,0.099839,0.082967,0.0168719999999999,0.0704679999999999,0.0873399999999999,0.858677,0.2394244277625622,0.5082863864125875,1648.0,3,0.8713610152243748,0.5150733442217544,1.0467073161674594,-0.025329439343805715,-0.03638763544182068
3176.0,0.232305,21.680524,-1.000893,21.951764,0.170114,0.099802,0.08408,0.015722,0.0703119999999999,0.0860339999999999,0.891681,0.2236001877319983,0.5407851348503181,1649.0,3,0.8583315042799846,0.4799658083128539,1.04439014608569,-0.03111057057999611,-0.035465539861183205
3177.0,0.221936,21.67698,-0.993281,21.953601,0.169921,0.099413,0.083681,0.0157319999999999,0.0705079999999999,0.0862399999999999,0.481493,0.2231204527081648,0.5417703820297227,1650.0,3,0.8603866951333877,0.4802710912337978,1.047301462342272,-0.03534361520234197,-0.03735386146271273
3178.0,0.224692,21.679605,-0.993412,21.950188,0.169912,0.098657,0.082625,0.0160319999999999,0.071255,0.087287,0.820959,0.2249915796564498,0.5379275887031605,1651.0,3,0.8708322525290828,0.4894295788622075,1.0583971421568998,-0.042641640553757076,-0.0377032891972907
3179.0,0.216029,21.681049,-0.992625,21.952945,0.169985,0.099314,0.082977,0.016337,0.070671,0.087008,0.627652,0.2311665157346616,0.5252459247599144,1652.0,3,0.8680487658878233,0.4987407079510937,1.0497226080046351,-0.03414464418005925,-0.037515105854316756
3180.0,0.221804,21.678686,-0.992231,21.959509,0.169149,0.097644,0.081712,0.0159319999999999,0.071505,0.0874369999999999,0.764381,0.2228064777780883,0.5424152023969948,1653.0,3,0.8723287507233073,0.48637674965273764,1.062110555749479,-0.038497442621184486,-0.035899697924956286
3181.0,0.231386,21.674879,-0.993412,21.955833,0.169342,0.09798,0.082037,0.015943,0.071362,0.087305,0.566359,0.2234070877065145,0.5411817105556536,1654.0,3,0.8710118323123898,0.4867125608657823,1.0599864831745236,-0.042641640553757076,-0.03813859383333164
3182.0,0.23388,21.678555,-0.983175,21.95859,0.170068,0.098893,0.083172,0.015721,0.071175,0.086896,0.952974,0.2208750140496796,0.5463819113008612,1655.0,3,0.8669313805694683,0.4799352800207592,1.0572088498072747,-0.04517920636271977,-0.03979077619989056
3183.0,0.231648,21.678686,-0.982518,21.96069,0.16993,0.099377,0.083271,0.0161059999999999,0.070553,0.086659,0.858677,0.2282790486719391,0.5311760083223733,1656.0,3,0.864566913422592,0.49168867247721526,1.0479698767889378,-0.035083652782826324,-0.04080611932003725
3184.0,0.21406,21.675142,-0.983437,21.960165,0.169204,0.099124,0.083161,0.015963,0.0700799999999999,0.086043,0.608793,0.2277792839714046,0.5322023910901623,1657.0,3,0.8584212941716391,0.48732312670767636,1.0409440982717766,-0.029025127069115086,-0.03992514762175782
3185.0,0.219048,21.673829,-0.985275,21.965022,0.170196,0.099266,0.083901,0.0153649999999999,0.0709299999999999,0.0862949999999999,1.000122,0.2166189677292015,0.5551226899064308,1658.0,3,0.860935411137937,0.4690672080350434,1.0535697044865455,-0.047718398427559205,-0.0399564337913481
3186.0,0.241886,21.674617,-0.975825,21.962265,0.170114,0.098384,0.083004,0.01538,0.0717299999999999,0.0871099999999999,0.693659,0.2144121788348135,0.5596548429194901,1659.0,3,0.8690663846598956,0.46952513241646693,1.0654526279827987,-0.04763239424558541,-0.04068895273918954
3187.0,0.246218,21.675011,-0.977793,21.958984,0.169149,0.098022,0.082515,0.0155069999999999,0.071127,0.0866339999999999,0.773811,0.2180154088404003,0.5522547740827766,1660.0,3,0.8643174970568868,0.4734022255124906,1.0564958743974993,-0.045497046403808805,-0.03982134910536894
3188.0,0.223379,21.670023,-0.977137,21.960821,0.169526,0.098977,0.082709,0.0162679999999999,0.070549,0.086817,0.764381,0.2305882352941174,0.5264335578170094,1661.0,3,0.8661432248538429,0.4966342557965564,1.0479104621714566,-0.03383192357096276,-0.03944105719774375
3189.0,0.213273,21.66661,-0.968212,21.961478,0.170169,0.099581,0.083424,0.016157,0.0705879999999999,0.0867449999999999,0.778526,0.2288883537095015,0.5299246590569844,1662.0,3,0.8654249057206136,0.49324561537404793,1.0484897546918974,-0.03445750587596208,-0.039944013414405434
3190.0,0.227317,21.666741,-0.973856,21.962397,0.169755,0.099151,0.083854,0.015297,0.0706039999999999,0.0859009999999999,0.934114,0.2166560441895051,0.5550465447927292,1663.0,3,0.857004609214438,0.46699128417260694,1.0487274131618225,-0.045822632099598914,-0.04094392264011697
3191.0,0.230861,21.667004,-0.968606,21.959771,0.16981,0.099461,0.083796,0.015665,0.070349,0.086014,0.811529,0.2226723525230987,0.5426906597278136,1664.0,3,0.8581319711874221,0.478225695663456,1.0449397312973931,-0.03396560421555106,-0.039307430757537364
3192.0,0.234273,21.669104,-0.970837,21.959246,0.169498,0.098757,0.083056,0.0157009999999999,0.070741,0.086442,0.717233,0.2219473580051453,0.5441796041834206,1665.0,3,0.8624019793682791,0.4793247141788622,1.0507623638105572,-0.041376287286467806,-0.03772049301579696
3193.0,0.224036,21.668054,-0.968869,21.955833,0.170628,0.099702,0.08355,0.016152,0.070926,0.087078,0.905825,0.2277270996940516,0.5323095636114856,1666.0,3,0.8687471317117952,0.4930929739135744,1.0535102898690658,-0.0401132149494432,-0.036809757074480434
3194.0,0.229286,21.667791,-0.961781,21.957671,0.170748,0.098962,0.083119,0.0158429999999999,0.071786,0.087629,0.618222,0.2206945547243929,0.5467525263954509,1667.0,3,0.8742442684119169,0.4836597316563094,1.066284432627538,-0.03902421932623046,-0.03696625852950207
3195.0,0.230073,21.660966,-0.963487,21.952945,0.170058,0.099471,0.083114,0.016357,0.0705869999999999,0.086944,0.66537,0.2317249390831304,0.5240990728486319,1668.0,3,0.8674102599916204,0.49935127379298766,1.048474901037527,-0.03135347960176316,-0.03832500138630953
3196.0,0.229023,21.663985,-0.967556,21.945331,0.170839,0.099944,0.083392,0.016552,0.0708949999999999,0.087447,0.915255,0.2334687429474161,0.5205177670165222,1669.0,3,0.8724285172695899,0.5053042907514539,1.0530498265835846,-0.03176301682818139,-0.03800690223172535
3197.0,0.236242,21.655847,-0.958106,21.9473,0.170683,0.099539,0.083156,0.016383,0.071144,0.087527,0.736092,0.2302761965001055,0.5270744018796513,1670.0,3,0.8732266496398435,0.5001450093874499,1.0567483865217948,-0.03638968699064349,-0.039459622774866566
3198.0,0.233486,21.658078,-0.959681,21.942574,0.170086,0.099429,0.083445,0.0159839999999999,0.0706569999999999,0.0866409999999999,0.608793,0.2262164227688301,0.5354120891841913,1671.0,3,0.8643873336392839,0.48796422084166197,1.0495146568434492,-0.03539693812117917,-0.04054248521607012
3199.0,0.229548,21.658866,-0.956006,21.946119,0.169976,0.098594,0.083266,0.0153279999999999,0.0713819999999999,0.0867099999999999,0.688944,0.2147289971001498,0.5590041831035522,1672.0,3,0.8650757228086277,0.4679376612275396,1.0602835562619286,-0.04804493444403668,-0.0423975236550163
3200.0,0.241886,21.653615,-0.954037,21.949663,0.170527,0.099345,0.083487,0.0158579999999999,0.071182,0.08704,0.896396,0.2227779104561481,0.5424738720207798,1673.0,3,0.8683680188359248,0.4841176560377299,1.0573128253878668,-0.042641640553757076,-0.04323581174658099
3201.0,0.234405,21.663066,-0.956531,21.947825,0.169948,0.097313,0.082289,0.0150239999999999,0.0726349999999999,0.0876589999999999,0.684229,0.2068395836775152,0.57520692406604,1674.0,3,0.874543568050761,0.45865706043075116,1.0788951851879351,-0.04849280964696323,-0.045055287276323984
3202.0,0.242017,21.651646,-0.956531,21.949926,0.168956,0.097707,0.082468,0.015239,0.0712489999999999,0.086488,0.726663,0.213880701754386,0.5607463544172853,1675.0,3,0.8628609054811748,0.46522064323111445,1.0583080202306765,-0.05220491169850339,-0.047099476763356185
3203.0,0.243199,21.649152,-0.949575,21.950713,0.169287,0.09757,0.083124,0.014446,0.0717169999999999,0.0861629999999999,0.839818,0.2014278144956636,0.5863212477178782,1676.0,3,0.8596184927270186,0.44101170760001834,1.0652595304759847,-0.05866359933890497,-0.047476777973341586
3204.0,0.243724,21.651252,-0.948919,21.949007,0.169792,0.098395,0.083056,0.0153389999999999,0.071397,0.086736,0.830388,0.214837950642875,0.5587804217242007,1677.0,3,0.8653351158289609,0.4682734724405812,1.060506361077485,-0.04740710024187733,-0.04938335606376074
3205.0,0.228761,21.649677,-0.944981,21.952157,0.169967,0.0985,0.083397,0.015103,0.071467,0.08657,1.103847,0.211325348407679,0.5659943654069912,1678.0,3,0.8636789911606847,0.4610687955062354,1.061546116883407,-0.04954823489919313,-0.049182844250839144
3206.0,0.23703,21.651515,-0.944981,21.950845,0.169425,0.098185,0.082941,0.0152439999999999,0.07124,0.0864839999999999,0.495637,0.2139779059811063,0.5605467229844225,1679.0,3,0.8628209988626612,0.46537328469158484,1.058174337341345,-0.05220491169850339,-0.05078549048426474
3207.0,0.226792,21.648233,-0.943931,21.95137,0.168837,0.098316,0.08292,0.015396,0.0705209999999999,0.085917,1.146281,0.21831485210289,0.5516397978665267,1680.0,3,0.8571642356884897,0.47001358508998214,1.0474945598490861,-0.04016269909049752,-0.05076325269762497
3208.0,0.235717,21.647052,-0.945244,21.955177,0.169048,0.098137,0.083172,0.014965,0.070911,0.085876,0.896396,0.211036213898917,0.5665881702056276,1681.0,3,0.8567551928487347,0.45685589119716696,1.053287485053511,-0.0544627190253707,-0.05003438310106563
3209.0,0.231517,21.64994,-0.941831,21.956227,0.169314,0.09787,0.082415,0.0154549999999999,0.071444,0.0868989999999999,0.55693,0.216320246343341,0.555736183581533,1682.0,3,0.8669613105333518,0.4718147543235663,1.0612044828328897,-0.04603981631482068,-0.04937985934463553
3210.0,0.23808,21.642983,-0.9375,21.958984,0.169177,0.098284,0.083628,0.014656,0.070893,0.085549,0.439059,0.2067311761220978,0.575429564133775,1683.0,3,0.8534928267853231,0.4474226489399051,1.0530201192748454,-0.05866810288801305,-0.04924313095192986
3211.0,0.240442,21.640095,-0.940519,21.957933,0.1697,0.09798,0.08282,0.0151599999999999,0.0717199999999999,0.0868799999999999,0.764381,0.2113746322555457,0.5658931495905748,1684.0,3,0.8667717540954165,0.46280890815563014,1.0653040914390954,-0.04827043178056556,-0.048165767341558516
3212.0,0.23178,21.64784,-0.936844,21.963709,0.169829,0.097576,0.082211,0.0153649999999999,0.072253,0.087618,0.750237,0.2126525867080021,0.5632685736118838,1685.0,3,0.8741345252110071,0.4690672080350434,1.0732210892184757,-0.044916215732909937,-0.04674141732898614
3213.0,0.245693,21.647315,-0.940387,21.963578,0.169461,0.097339,0.08261,0.0147289999999999,0.072122,0.086851,0.6748,0.2042205676413902,0.5805856811594621,1686.0,3,0.8664824311112006,0.449651214262815,1.0712752604959643,-0.05211836177460394,-0.04660260729948436
3214.0,0.247793,21.645214,-0.931463,21.963972,0.169461,0.097975,0.082221,0.015754,0.071486,0.08724,0.943544,0.2203757326506918,0.5474073014967888,1687.0,3,0.8703633497615587,0.4809427136598843,1.061828336316443,-0.04603981631482068,-0.045919574821505826
3215.0,0.256455,21.646527,-0.931988,21.964366,0.170729,0.098552,0.082925,0.015627,0.0721769999999999,0.087804,0.971833,0.2165064146969991,0.5553538436725758,1688.0,3,0.8759901829718466,0.4770656205638575,1.07209221148633,-0.03877459879547973,-0.045212719332644105
3216.0,0.24438,21.649415,-0.930544,21.963709,0.169994,0.096919,0.081271,0.015648,0.073075,0.088723,0.533356,0.2141332311566042,0.5602277266980413,1689.0,3,0.885158728575135,0.4777067146978462,1.085430793110876,-0.037961411572779546,-0.044557745221303194
3217.0,0.234405,21.649284,-0.929363,21.962528,0.169709,0.097555,0.081864,0.0156909999999999,0.072154,0.0878449999999999,0.957688,0.2174624073175801,0.5533904910171192,1690.0,3,0.8763992258116007,0.4790194312579152,1.0717505774358143,-0.03877459879547973,-0.04178405267572072
3218.0,0.228892,21.644558,-0.928181,21.963972,0.169425,0.09788,0.082463,0.015417,0.071545,0.086962,0.91997,0.2154837447236743,0.5574541337423493,1691.0,3,0.8675898397749274,0.4706546792239708,1.0627047019242917,-0.04763239424558541,-0.04092646212961263
3219.0,0.223511,21.645739,-0.9291,21.966466,0.169535,0.096998,0.081407,0.015591,0.0725369999999999,0.088128,0.731378,0.2149356199509224,0.5585798351389247,1692.0,3,0.8792226190713738,0.47596660204844843,1.077439527059644,-0.03897126142620344,-0.03936550830416036
3220.0,0.25593,21.650071,-0.927656,21.97198,0.170196,0.097922,0.083203,0.0147189999999999,0.0722739999999999,0.0869929999999999,0.962403,0.2036527153234174,0.5817518976473273,1693.0,3,0.8678991160683998,0.449345931341868,1.0735330159602507,-0.05211836177460394,-0.03566453020855457
3221.0,0.24018,21.645477,-0.92595,21.972636,0.169682,0.099476,0.083135,0.0163409999999999,0.070206,0.086547,0.740807,0.2327545686327573,0.5219844896741637,1694.0,3,0.8634495281042369,0.49886282111946945,1.042815658722438,-0.020533506324740824,-0.020533506324740824
3222.0,0.257505,21.647052,-0.928575,21.972505,0.169535,0.099156,0.083387,0.0157689999999999,0.070379,0.0861479999999999,0.552215,0.2240551292980959,0.5398508067889443,1695.0,3,0.8594688429075961,0.48140063804130173,1.0453853409285025,-0.036340310271829046,-0.036340310271829046
3223.0,0.250155,21.64994,-0.925688,21.971061,0.169682,0.098127,0.082085,0.016042,0.071555,0.087597,0.618222,0.2241880485214377,0.5395778263239374,1696.0,3,0.8739250154638154,0.48973486178315756,1.0628532384679947,-0.036508823520081224,-0.036508823520081224
3224.0,0.249105,21.650202,-0.915975,21.975918,0.17004,0.099949,0.082594,0.0173549999999999,0.070091,0.087446,0.660655,0.2476031501455229,0.4914894823747,1697.0,3,0.8724185406149617,0.529818509303494,1.0411074884698515,-0.009030035358762789,-0.009030035358762789
