elapsed_runtime_s,Temperature TS inlet (Mean),Temperature TS outlet (Mean),Tank temperature (Mean),Bypass temperature (Mean),Pump outlet pressure (Mean),TS inlet pressure (Mean),TS outlet pressure (Mean),Differential pressure (Mean),Pump to inlet DP,Total system DP,Flow rate (Mean),Pressure_Ratio,Relative_Ratio_Dev,run_specific_time_s,label,rel_tot_dp_change,rel_ts_dp_change,rel_p_ts_dp_change,anomaly_score,smooth_score
1846.0,-1.572179,21.200763,-1.788125,22.162326,0.121118,0.069008,0.065131,0.003877,0.05211,0.055987,0.882251,0.0743988793153078,0.2340911463135622,0.0,0,1.026540397326709,1.2486312399356079,1.0137047592183726,0.13097455917804757,0.13097455917804757
1847.0,-1.570079,21.201288,-1.798494,22.158519,0.121329,0.069433,0.066213,0.00322,0.051896,0.055116,0.66537,0.062045975682602,0.0291874011942434,1.0,0,1.0105703205933323,1.0370370370370539,1.009541780548775,0.21281276941738875,0.21281276941738875
1848.0,-1.559317,21.205882,-1.804006,22.159832,0.121743,0.069517,0.066885,0.0026319999999999,0.052226,0.054858,0.882251,0.0503953893579948,0.1640666580722297,2.0,0,1.0058398041786236,0.84766505636069,1.0159613270953507,0.21254767217719855,0.21254767217719855
1849.0,-1.562073,21.1963,-1.809125,22.162063,0.121008,0.06937,0.066097,0.0032729999999999,0.051638,0.054911,0.835103,0.0633823273107534,0.0513541290783288,3.0,0,1.0068115769304826,1.0541062801932215,1.0045228623396338,0.2284784506745094,0.2284784506745094
1850.0,-1.555641,21.203782,-1.811225,22.165477,0.119988,0.069145,0.065205,0.0039399999999999,0.050843,0.054783,1.061414,0.0774919361183227,0.2853972150443613,4.0,0,1.0044646540580688,1.2689210950080398,0.9890575911137922,0.12979170466631584,0.12979170466631584
1851.0,-1.556954,21.200501,-1.8128,22.166396,0.119528,0.069113,0.065,0.0041129999999999,0.050415,0.0545279999999999,0.934114,0.0815812440495079,0.353228595824141,5.0,0,0.9997891436481807,1.3246376811594094,0.980731633774597,0.11684258360555566,0.19245968883991993
1852.0,-1.560498,21.201157,-1.819887,22.171253,0.12053,0.068819,0.066271,0.002548,0.0517109999999999,0.054259,1.16514,0.0492728960396041,0.182686012002969,6.0,0,0.9948569385491259,0.8206119162641035,1.00594294384842,0.21140827558158942,0.2060255185728459
1853.0,-1.555773,21.200894,-1.824612,22.173484,0.119602,0.068478,0.065635,0.0028429999999999,0.051124,0.053967,0.948259,0.0556088019559901,0.0775891951255279,7.0,0,0.9895030207464325,0.9156199677938633,0.9945239322640583,0.2656527975481616,0.20078308792336835
1854.0,-1.551047,21.192494,-1.837081,22.166658,0.120061,0.069528,0.065945,0.003583,0.0505329999999999,0.054116,0.6748,0.0709027585388056,0.1760992553545741,8.0,0,0.9922349856526013,1.153945249597442,0.9830271079942797,0.16801778494412078,0.2051132712389911
1855.0,-1.55236,21.201288,-1.837868,22.174141,0.120677,0.068824,0.065761,0.0030629999999999,0.051853,0.054916,0.91997,0.0590696956840358,0.0201816327076552,9.0,0,1.006903253605186,0.9864734299516745,1.0087052941805847,0.2480702906063117,0.20513760511291665
1856.0,-1.545666,21.19735,-1.836556,22.170596,0.120291,0.069024,0.065992,0.003032,0.0512669999999999,0.054299,0.740807,0.0591402044160101,0.0190120693665399,10.0,0,0.9955903519467552,0.9764895330112879,0.9973057357675725,0.26663285650730706,0.20768793031164554
1857.0,-1.542122,21.199451,-1.842331,22.175716,0.120953,0.069544,0.065777,0.0037669999999999,0.051409,0.055176,0.806814,0.0732736821630031,0.2154269425473811,11.0,0,1.0116704406897763,1.2132045088566703,1.0000680860997375,0.16038846292261333,0.2128253350674037
1858.0,-1.544747,21.202732,-1.846793,22.186087,0.119354,0.068651,0.065798,0.002853,0.050703,0.053556,0.915255,0.0562677500788894,0.0666588954780902,12.0,0,0.9819671980857919,0.9188405797101598,0.9863341471243359,0.25584950533342615,0.21020816114307497
1859.0,-1.53766,21.190262,-1.853487,22.181886,0.120502,0.068824,0.065572,0.0032519999999999,0.051678,0.0549299999999999,0.863392,0.0629269142204762,0.0437999660613759,13.0,0,1.0071599482943545,1.047342995169067,1.0053009891937643,0.22872178941376503,0.20084730191262326
1860.0,-1.532147,21.206014,-1.858343,22.188187,0.12121,0.069244,0.065551,0.003693,0.051966,0.055659,0.967118,0.071064329285893,0.1787793095478473,14.0,0,1.0205264074661493,1.1893719806763479,1.0109035025435031,0.1552949566536046,0.20954688211893074
1861.0,-1.531359,21.199976,-1.860443,22.187662,0.121256,0.069145,0.065677,0.0034679999999999,0.052111,0.055579,0.901111,0.066548971446116,0.1038808274229994,15.0,0,1.0190595806708909,1.1169082125603722,1.0137242123897257,0.16821663116313706,0.206293541395364
1862.0,-1.533722,21.198532,-1.860574,22.187531,0.121155,0.069197,0.065683,0.0035139999999999,0.051958,0.0554719999999999,0.8021,0.0676302469254602,0.1218164805949966,16.0,0,1.0170976998322308,1.1317230273751875,1.010747877172677,0.1852365363383024,0.20495589203793663
1863.0,-1.531884,21.194594,-1.873699,22.19055,0.1211,0.06894,0.065504,0.0034359999999999,0.05216,0.0555959999999999,0.952974,0.0658729702267977,0.0926676595992967,17.0,0,1.0193712813648814,1.1066022544283272,1.0146774177860356,0.17204420524364428,0.20809462814590596
1864.0,-1.527159,21.186062,-1.878424,22.185299,0.119611,0.068074,0.065341,0.0027329999999999,0.051537,0.05427,0.858677,0.0530288330940276,0.120384419457052,18.0,0,0.9950586272334739,0.8801932367149579,1.0025580920329547,0.2550135870071958,0.20820520211722618
1865.0,-1.525715,21.198269,-1.881837,22.187268,0.119528,0.068126,0.064716,0.00341,0.0514019999999999,0.054812,1.014266,0.066338540552108,0.1003903057162747,19.0,0,1.00499637877135,1.0982286634460725,0.9999319139002626,0.21553688337064408,0.21149660478454022
1866.0,-1.51994,21.1984,-1.882099,22.192519,0.119675,0.068362,0.065698,0.0026639999999999,0.051313,0.053977,0.853963,0.0519156565459718,0.1388492314929632,20.0,0,0.9896863740958397,0.8579710144927353,0.9982005816498244,0.2532563629330336,0.21708803998072707
1867.0,-1.518365,21.194988,-1.886955,22.187793,0.119308,0.068877,0.065452,0.0034249999999999,0.050431,0.053856,0.816244,0.0679132296954314,0.126510456286494,21.0,0,0.9874677985680113,1.1030595813204365,0.9810428845162491,0.19177582400230664,0.21986013860276418
1868.0,-1.511934,21.195119,-1.892468,22.189368,0.119363,0.068147,0.065478,0.002669,0.051216,0.053885,0.787955,0.0521116035691275,0.1355989609425416,22.0,0,0.9879995232812925,0.8595813204508995,0.9963136240285582,0.2569552450466285,0.22600518960469107
1869.0,-1.507865,21.202863,-1.898374,22.187268,0.11985,0.068751,0.065914,0.002837,0.0510989999999999,0.053936,1.014266,0.0555185909980431,0.0790855690699665,23.0,0,0.9889346253632697,0.9136876006441372,0.9940376029802249,0.2616358160869055,0.22721907215374912
1870.0,-1.507471,21.190656,-1.902574,22.187005,0.1203,0.069302,0.065935,0.003367,0.050998,0.054365,0.905825,0.0660209023706348,0.0951214835096134,24.0,0,0.9968004840528433,1.0843800322061368,0.9920728326735476,0.21120930861547277,0.22780081467606225
1871.0,-1.502483,21.192888,-1.907561,22.181754,0.121145,0.068793,0.065803,0.00299,0.0523519999999999,0.055342,0.929399,0.0571122953794435,0.0526500033057034,25.0,0,1.0147141062899376,0.9629629629629786,1.0184124266858594,0.1959376173835083,0.2269145247930658
1872.0,-1.49999,21.200894,-1.914255,22.188449,0.120429,0.068688,0.065525,0.0031629999999999,0.0517409999999999,0.0549039999999999,0.844533,0.061130223029647,0.0139973573168972,26.0,0,1.0066832295858956,1.018679549114316,1.0065265389890177,0.24668704635757116,0.2220313654589079
1873.0,-1.495133,21.198794,-1.915699,22.184511,0.11894,0.06821,0.064685,0.003525,0.05073,0.054255,0.726663,0.0694841418462084,0.1525679560062705,27.0,0,0.9947835972093629,1.1352657004831102,0.9868593827508738,0.18418303073422487,0.22829815038105883
1874.0,-1.493296,21.199188,-1.919111,22.187924,0.119731,0.068399,0.065415,0.002984,0.051332,0.054316,1.160425,0.0581302475990103,0.0357647244802838,28.0,0,0.9959020526407476,0.96103059581322,0.9985701919055364,0.2608310122303271,0.2287531123247161
1875.0,-1.48962,21.200632,-1.924624,22.182542,0.121485,0.069491,0.066281,0.0032099999999999,0.051994,0.0552039999999999,0.806814,0.0617367054524471,0.024057382350344,29.0,0,1.012183830068115,1.0338164251207576,1.0114481913413944,0.20667398454067948,0.2161506558941066
1876.0,-1.486995,21.199319,-1.927249,22.181098,0.121789,0.069895,0.066607,0.0032879999999999,0.0518939999999999,0.0551819999999999,0.740807,0.0633587050775604,0.0509622953691664,30.0,0,1.0117804526994187,1.0589371980676177,1.0095028742060663,0.20442476959145478,0.21286523551405345
1877.0,-1.480564,21.186193,-1.934468,22.181492,0.120227,0.068698,0.065772,0.0029259999999999,0.051529,0.054455,1.122707,0.0567824568212691,0.0581211992175498,31.0,0,0.9984506641975093,0.9423510466988558,1.0024024666621285,0.2544436732238158,0.21936116965219216
1878.0,-1.478595,21.188425,-1.934993,22.173353,0.120769,0.069318,0.066218,0.0031,0.051451,0.054551,0.693659,0.0602503304050378,0.0005978584676701,32.0,0,1.0002108563518193,0.998389694041884,1.0008851192965742,0.261504864483201,0.21267021491867344
1879.0,-1.478201,21.19,-1.938274,22.179392,0.119198,0.068677,0.066365,0.002312,0.0505209999999999,0.052833,1.207573,0.0457622421915207,0.240918970235177,33.0,0,0.9687107509236433,0.7446054750402696,0.9827936699380406,0.1356112517808108,0.2185848265339836
1880.0,-1.477283,21.19,-1.95048,22.174141,0.119933,0.068856,0.06647,0.0023859999999999,0.051077,0.053463,0.778526,0.0467128705117663,0.2251504263505561,34.0,0,0.9802620119363039,0.7684380032205921,0.993609633210455,0.17835510481494138,0.21834241564469264
1881.0,-1.462188,21.198794,-1.954811,22.17099,0.120429,0.069087,0.066244,0.0028429999999999,0.051342,0.054185,0.839818,0.0553726895584597,0.0815057086806889,35.0,0,0.9935001237635117,0.9156199677938633,0.9987647236190689,0.2608969587648954,0.22388634392738044
1882.0,-1.466782,21.187375,-1.956911,22.167577,0.120815,0.069428,0.065772,0.003656,0.051387,0.055043,0.825674,0.0711450144002492,0.1801176735955674,36.0,0,1.009231841142659,1.1774557165861703,0.9996401163299656,0.17977749902238388,0.22989565208063678
1883.0,-1.462713,21.188556,-1.95993,22.170596,0.122027,0.070137,0.067053,0.003084,0.0518899999999999,0.0549739999999999,0.872822,0.0594322714921663,0.0141674077784734,37.0,0,1.0079667030317467,0.9932367149758614,1.0094250615206535,0.2433291468873266,0.22640656203147777
1884.0,-1.461007,21.193675,-1.964524,22.175978,0.120006,0.068357,0.065257,0.0031,0.051649,0.054749,0.769096,0.0600193610842208,0.0044290612561193,38.0,0,1.0038412526700842,0.998389694041884,1.0047368472245197,0.25840690333741756,0.22588614631712187
1885.0,-1.451951,21.1921,-1.962161,22.16994,0.120585,0.06937,0.066376,0.0029939999999999,0.051215,0.0542089999999999,0.929399,0.0584582942830364,0.0303232512745063,39.0,0,0.9939401718020875,0.9642512077294519,0.9962941708572048,0.26211326736755697,0.23813641152064466
1886.0,-1.448669,21.188687,-1.973842,22.168102,0.119455,0.068179,0.065047,0.003132,0.051276,0.054408,0.905825,0.0610800163816137,0.0131645547210221,40.0,0,0.9975889034552947,1.0086956521739292,0.9974808143097539,0.2645178511240187,0.24663300253636739
1887.0,-1.446832,21.190394,-1.975548,22.166658,0.120787,0.069764,0.066449,0.003315,0.051023,0.054338,0.981262,0.0649694261523991,0.0776801254753798,41.0,0,0.9963054300094436,1.067632850241563,0.992559161957379,0.21955277273222562,0.24432343187500388
1888.0,-1.441581,21.189475,-1.970299,22.168233,0.120254,0.068667,0.065861,0.002806,0.0515869999999999,0.054393,0.938829,0.0543924943785377,0.0977646927451454,42.0,0,0.9973138734311838,0.9037037037037183,1.0035307506006157,0.25630070733964166,0.25216551497365103
1889.0,-1.433312,21.191575,-1.977123,22.166396,0.120282,0.06894,0.065992,0.002948,0.051342,0.05429,0.632367,0.0574177589934364,0.0475831266938668,43.0,0,0.9954253339322885,0.9494363929146692,0.9987647236190689,0.25811390381603905,0.24705164208403424
1890.0,-1.4257,21.191444,-1.979486,22.170859,0.119767,0.068662,0.065788,0.002874,0.051105,0.053979,0.764381,0.0562360583884475,0.0671845812806979,44.0,0,0.9897230447657211,0.9256038647343144,0.9941543220083463,0.26332101497216864,0.24288600229809557
1891.0,-1.426618,21.185668,-1.979223,22.170859,0.120732,0.069323,0.066055,0.0032679999999999,0.051409,0.054677,0.839818,0.0635673993386499,0.0544240106835256,45.0,0,1.0025211085543515,1.0524959742350894,1.0000680860997375,0.23780125215125997,0.24334802847154496
1892.0,-1.423993,21.194069,-1.986705,22.174141,0.120043,0.06894,0.065877,0.0030629999999999,0.0511029999999999,0.0541659999999999,1.03784,0.0599365998747651,0.0058018625239265,46.0,0,0.993151752399636,0.9864734299516745,0.9941154156656379,0.25819833000885567,0.23880826267153452
1893.0,-1.419399,21.188031,-1.987755,22.172303,0.119703,0.068546,0.065021,0.003525,0.051157,0.054682,0.877537,0.0689041792095078,0.1429478278305271,47.0,0,1.0026127852290552,1.1352657004831102,0.9951658869187159,0.19219041799115838,0.24336913841341684
1894.0,-1.411655,21.189343,-1.988017,22.173484,0.120218,0.069334,0.066008,0.003326,0.050884,0.05421,1.051984,0.0653630735973275,0.0842097510695534,48.0,0,0.99395850713703,1.0711755233494538,0.9898551711392759,0.21675050547803104,0.2337708085050057
1895.0,-1.412574,21.180024,-1.983161,22.172697,0.119675,0.068452,0.065662,0.00279,0.051223,0.054013,0.754952,0.0544666562548805,0.0965345328847957,49.0,0,0.990346446153706,0.8985507246376957,0.996449796228031,0.2667335291020512,0.22402111392793547
1896.0,-1.407062,21.197088,-1.982373,22.171121,0.119354,0.068809,0.065614,0.0031949999999999,0.050545,0.0537399999999999,0.948259,0.0632097495350767,0.0484914958374367,50.0,0,0.9853408997148846,1.0289855072463614,0.9832605460505208,0.21912019312391406,0.21957657415895482
1897.0,-1.401286,21.192625,-1.988411,22.169677,0.120649,0.069323,0.066475,0.0028479999999999,0.051326,0.054174,0.830388,0.055487365324293,0.0796035248223564,51.0,0,0.9932984350791637,0.9172302737519955,0.9984534728774167,0.2651615301510487,0.21822967814590108
1898.0,-1.395642,21.199319,-1.98618,22.167971,0.120548,0.069496,0.065803,0.003693,0.051052,0.054745,1.066129,0.072336591385423,0.1998829526036272,52.0,0,1.0037679113303213,1.1893719806763479,0.9931233039266236,0.1603174082555303,0.21642141894391775
1899.0,-1.393017,21.192756,-1.986967,22.170596,0.121779,0.069465,0.06616,0.003305,0.052314,0.055619,0.882251,0.0631749976106279,0.0479150484141115,53.0,0,1.0197929940685202,1.064412238325299,1.0176732061744376,0.1606169580453366,0.22272519442945882
1900.0,-1.38803,21.195381,-1.981323,22.169284,0.121081,0.069281,0.066024,0.0032569999999999,0.0518,0.0550569999999999,0.53807,0.0628752340688403,0.0429427217297275,54.0,0,1.0094885358318273,1.048953301127199,1.007674276098862,0.21887561728236216,0.2237899950881402
1901.0,-1.382123,21.192756,-1.983292,22.17099,0.121247,0.069334,0.066743,0.002591,0.0519129999999999,0.054504,0.943544,0.0499094656547368,0.1721269157735998,55.0,0,0.9993490956096049,0.8344605475040392,1.0098724844617784,0.22433229202072286,0.2210266313360915
1902.0,-1.378186,21.189606,-1.978961,22.168233,0.120998,0.069113,0.06626,0.0028529999999999,0.051885,0.0547379999999999,0.778526,0.0549859306942141,0.0879210699672612,56.0,0,1.003639563985734,0.9188405797101276,1.009327795663889,0.24011573798902236,0.225560665389066
1903.0,-1.37136,21.193938,-1.981717,22.16784,0.120392,0.068835,0.065725,0.0031099999999999,0.051557,0.0546669999999999,0.830388,0.060320415842352,0.0005646834747758,57.0,0,1.0023377552049424,1.001610305958116,1.0029471554600198,0.2552281728465685,0.21763811635807834
1904.0,-1.364535,21.203388,-1.981061,22.172303,0.12076,0.068714,0.066034,0.00268,0.052046,0.054726,0.806814,0.0514919207639249,0.1458779472721908,58.0,0,1.0034195399664472,0.8631239935587901,1.0124597562517639,0.2273985120648453,0.22396564990146123
1905.0,-1.364535,21.200369,-1.976073,22.169415,0.12064,0.068725,0.065683,0.0030419999999999,0.051915,0.0549569999999999,0.967118,0.0585946529008396,0.0280614031861606,59.0,0,1.0076550023377544,0.9797101449275198,1.009911390804487,0.23909989158156408,0.23343401609277586
1906.0,-1.358497,21.190131,-1.980405,22.168496,0.119712,0.068446,0.06531,0.003136,0.0512659999999999,0.0544019999999999,0.750237,0.0611699533813174,0.0146563843840723,60.0,0,0.9974788914456486,1.0099838969404349,0.9972862825962193,0.2644605336536592,0.23778091213210076
1907.0,-1.351803,21.189868,-1.97463,22.172959,0.119308,0.068998,0.065593,0.003405,0.0503099999999999,0.053715,0.769096,0.0676790363936317,0.1226257757249487,61.0,0,0.9848825163413681,1.0966183574879405,0.9786890507825029,0.1859360398411719,0.24127337561818546
1908.0,-1.346028,21.194725,-1.976205,22.169284,0.120714,0.068709,0.066087,0.0026219999999999,0.0520049999999999,0.0546269999999999,0.877537,0.0504172595469753,0.1637038863902171,62.0,0,1.001604341807313,0.8444444444444259,1.0116621762262783,0.22359274368935944,0.237468888488869
1909.0,-1.349703,21.190262,-1.968199,22.166789,0.119758,0.068798,0.065704,0.0030939999999999,0.05096,0.054054,0.830388,0.0607130943270343,0.0070782364443107,63.0,0,0.9910981948862759,0.9964573268920934,0.9913336121621237,0.2553006199584829,0.2377639825688967
1910.0,-1.341959,21.197744,-1.97043,22.170202,0.119574,0.068436,0.065399,0.0030369999999999,0.051138,0.054175,0.943544,0.0593871604841705,0.0149156864633304,64.0,0,0.9933167704141045,0.9780998389693878,0.994796276663004,0.26234457767561087,0.23753375943924201
1911.0,-1.33159,21.19735,-1.972136,22.16587,0.120071,0.06862,0.065483,0.003137,0.051451,0.054588,0.646511,0.0609694472518075,0.011330489673198,65.0,0,1.0008892637446263,1.0103059581320615,1.0008851192965742,0.2592569268815701,0.23365918043921807
1912.0,-1.32949,21.19735,-1.967411,22.168365,0.120006,0.068368,0.065861,0.0025069999999999,0.051638,0.054145,0.943544,0.048548577625438,0.1947006411245441,66.0,0,0.9927667103658825,0.8074074074073883,1.0045228623396338,0.20207086669585766,0.223092281148687
1913.0,-1.325684,21.199713,-1.968855,22.16587,0.120107,0.068998,0.066034,0.002964,0.051109,0.054073,0.849248,0.0579925650557622,0.0380485331772453,67.0,0,0.9914465662501499,0.9545893719806918,0.9942321346937594,0.25817911364684554,0.2304153889988092
1914.0,-1.314921,21.198007,-1.960586,22.166396,0.120585,0.068809,0.066229,0.0025799999999999,0.051776,0.054356,0.811529,0.0498290746856712,0.1734604006873582,68.0,0,0.9966354660383768,0.8309178743961165,1.0072073999863838,0.22509628076829835,0.23067001309309593
1915.0,-1.316365,21.189868,-1.959536,22.165214,0.11929,0.068299,0.06583,0.0024689999999999,0.0509909999999999,0.0534599999999999,0.952974,0.048419359899592,0.196844039692921,69.0,0,0.98020700593148,0.7951690821255846,0.9919366604740727,0.2003541015813246,0.231256946698643
1916.0,-1.306915,21.196169,-1.958355,22.166264,0.119979,0.068425,0.066029,0.0023959999999999,0.051554,0.05395,0.901111,0.0464746387353311,0.2291020950957699,70.0,0,0.9891913200524399,0.7716586151368563,1.00288879594596,0.15879154074834878,0.22563546904804083
1917.0,-1.303896,21.192888,-1.953367,22.166527,0.119878,0.069066,0.066197,0.0028689999999999,0.0508119999999999,0.0536809999999999,0.891681,0.0564619290339085,0.0634379527516011,71.0,0,0.9842591149533816,0.9239935587761502,0.9884545428018392,0.2591671183423937,0.2222401071676166
1918.0,-1.295889,21.186324,-1.954417,22.162195,0.120704,0.069927,0.06668,0.003247,0.050777,0.054024,0.877537,0.0639450155579187,0.0606877183790286,72.0,0,0.9905481348380542,1.0457326892109668,0.9877736818044771,0.2261389846322267,0.22844026531991002
1919.0,-1.298383,21.188818,-1.950217,22.165739,0.120374,0.06916,0.066192,0.0029679999999999,0.0512139999999999,0.0541819999999999,0.891681,0.0579517719418139,0.038725188809931,73.0,0,0.9934451177586877,0.9558776167471652,0.9962747176858497,0.26116995601395343,0.228336077461692
1920.0,-1.287883,21.197613,-1.942867,22.164951,0.121026,0.069806,0.066365,0.003441,0.0512199999999999,0.054661,0.839818,0.0671794771675682,0.1143393388374871,74.0,0,1.0022277431952997,1.1082125603864914,0.9963914367139692,0.20612980116958968,0.23158556890088242
1921.0,-1.289983,21.198926,-1.943786,22.166789,0.120245,0.068247,0.06563,0.002617,0.051998,0.054615,0.830388,0.0503278909209794,0.1651862881564101,75.0,0,1.0013843177880262,0.842834138486326,1.0115260040268075,0.22530330807732746,0.2231031443853701
1922.0,-1.281845,21.193281,-1.940636,22.170334,0.119685,0.068557,0.065672,0.002885,0.0511279999999999,0.054013,0.872822,0.0564259031078255,0.064035532672508,76.0,0,0.990346446153706,0.929146537842205,0.9946017449494694,0.2640724482187917,0.2256194423501059
1923.0,-1.270688,21.186981,-1.941292,22.170202,0.119777,0.068919,0.066097,0.0028219999999999,0.050858,0.0536799999999999,0.754952,0.0554867378438426,0.0796139331520986,77.0,0,0.9842407796184408,0.9088566827697088,0.9893493886840912,0.2571372350646654,0.21926133117229202
1924.0,-1.271213,21.195775,-1.936174,22.172303,0.120282,0.069286,0.066202,0.003084,0.050996,0.05408,1.023696,0.0604741455379728,0.0031146742547056,78.0,0,0.991574913594735,0.9932367149758614,0.992033926330841,0.25759119516020285,0.2221555357923765
1925.0,-1.263863,21.188687,-1.937355,22.167577,0.120603,0.068037,0.065688,0.002349,0.052566,0.054915,0.797385,0.0446858295128122,0.2587739617189047,79.0,0,1.0068849182702455,0.756521739130447,1.022575405355459,0.11552985642620162,0.22121056008646792
1926.0,-1.252575,21.198269,-1.931974,22.17099,0.120218,0.069523,0.066008,0.003515,0.050695,0.05421,0.896396,0.0693348587659776,0.1500917234433252,80.0,0,0.99395850713703,1.132045088566846,0.9861785217535097,0.18395452039570637,0.21988802401909804
1927.0,-1.256907,21.189343,-1.92213,22.172303,0.119483,0.067633,0.065137,0.0024959999999999,0.05185,0.054346,0.971833,0.0481379336946249,0.2015121958679444,81.0,0,0.9964521126889695,0.8038647342994978,1.008646934666525,0.19558600656425473,0.21974424931504308
1928.0,-1.247063,21.187375,-1.925411,22.173747,0.119078,0.067564,0.064779,0.0027849999999999,0.051514,0.054299,0.78324,0.0540619237115402,0.1032480325094932,82.0,0,0.9955903519467552,0.8969404186795314,1.0021106690918296,0.2550810308330719,0.2175512966113129
1929.0,-1.240106,21.199451,-1.923443,22.17611,0.118849,0.068252,0.065394,0.0028579999999999,0.050597,0.053455,0.849248,0.0564844460255345,0.0630644522330045,83.0,0,0.9801153292567781,0.9204508856682597,0.9842721109608904,0.25172019895486747,0.21718284527693146
1930.0,-1.231968,21.195775,-1.921868,22.182542,0.119565,0.06799,0.065525,0.0024649999999999,0.051575,0.05404,0.844533,0.0477935473863811,0.2072247025323804,84.0,0,0.9908415001971057,0.7938808373590789,1.0032973125443785,0.1929044404958909,0.21636588937607798
1931.0,-1.227768,21.183043,-1.923968,22.180967,0.119189,0.068683,0.066134,0.0025489999999999,0.050506,0.053055,0.877537,0.0504682519254755,0.1628580504930132,85.0,0,0.9727811952804857,0.8209339774556976,0.9825018723677438,0.22386556103677796,0.2127777290475578
1932.0,-1.227637,21.183962,-1.914124,22.181623,0.120199,0.068683,0.065488,0.0031949999999999,0.051516,0.0547109999999999,0.778526,0.0620183628705085,0.0287293737717466,86.0,0,1.0031445099423344,1.0289855072463614,1.0021495754345362,0.24214292118148956,0.214047415851289
1933.0,-1.218449,21.190131,-1.913599,22.181098,0.119271,0.068641,0.065971,0.0026699999999999,0.05063,0.0533,0.575789,0.0527344907270247,0.1252668224239544,87.0,0,0.9772733523409648,0.8599033816424937,0.984914065615548,0.2534527217208513,0.21656241685913144
1934.0,-1.20913,21.185799,-1.913599,22.180836,0.120291,0.06853,0.065604,0.0029259999999999,0.051761,0.054687,0.759666,0.0565279548703681,0.0623427494239081,88.0,0,1.0027044619037588,0.9423510466988558,1.0069156024160848,0.24942163615166824,0.21126871077507628
1935.0,-1.20913,21.181205,-1.902705,22.184249,0.119299,0.068278,0.066286,0.001992,0.051021,0.053013,1.033125,0.0390419818901651,0.3523912641077402,89.0,0,0.9720111112129749,0.6415458937198171,0.9925202556146725,0.07964825314099944,0.21048984301159734
1936.0,-1.204536,21.183174,-1.900999,22.186087,0.119124,0.069113,0.065961,0.0031519999999999,0.050011,0.0531629999999999,0.754952,0.0630248740302325,0.0454248740576703,90.0,0,0.9747614114540828,1.0151368760064254,0.9728725525478801,0.19665138843301855,0.21681850541141542
1937.0,-1.200074,21.193019,-1.897587,22.19055,0.120576,0.069507,0.066166,0.0033409999999999,0.051069,0.05441,0.787955,0.0654200117485803,0.0851542124511659,91.0,0,0.9976255741251763,1.0760064412238177,0.9934540078396291,0.22073601664267906,0.21784251178704778
1938.0,-1.190361,21.187112,-1.90008,22.191469,0.120953,0.069008,0.065719,0.003289,0.051945,0.055234,0.905825,0.0633157509721634,0.0502497942985029,92.0,0,1.0127338901163385,1.0592592592592762,1.0104949859450847,0.2021439699925205,0.21526910663172294
1939.0,-1.187079,21.184881,-1.893124,22.190681,0.120107,0.068242,0.065326,0.002916,0.051865,0.054781,0.754952,0.0562218023367909,0.0674210534869016,93.0,0,1.0044279833881875,0.9391304347826239,1.008938732236824,0.24393152132007806,0.2133325958249476
1940.0,-1.180123,21.185799,-1.892862,22.196326,0.119868,0.068289,0.065168,0.0031209999999999,0.051579,0.0547,1.056699,0.060507948817371,0.0036753860316243,94.0,0,1.0029428212579883,1.0051529790660065,1.0033751252297916,0.25619106449407153,0.21184411789129337
1941.0,-1.173429,21.197482,-1.887218,22.19672,0.120475,0.068977,0.065735,0.0032419999999999,0.051498,0.05474,0.924685,0.06295267869279,0.0442273341543439,95.0,0,1.0036762346556174,1.0441223832528026,1.0017994183501775,0.23410562479310132,0.2277976873543141
1942.0,-1.169229,21.183043,-1.883543,22.195013,0.120282,0.068173,0.065551,0.0026219999999999,0.052109,0.054731,0.91997,0.0503166378814047,0.1653729479103749,96.0,0,1.003511216641151,0.8444444444444259,1.0136853060470192,0.2164088696282414,0.23278443931986254
1943.0,-1.164897,21.185143,-1.881443,22.191863,0.11963,0.068777,0.065583,0.003194,0.0508529999999999,0.054047,0.849248,0.0628072521335588,0.0418150716197776,97.0,0,0.9909698475416908,1.028663446054767,0.9892521228273229,0.23408761365309771,0.2224199017235152
1944.0,-1.162404,21.187112,-1.877505,22.192913,0.120447,0.069019,0.065751,0.0032679999999999,0.051428,0.0546959999999999,0.957688,0.06354391491182,0.054034462836922,98.0,0,1.0028694799182234,1.0524959742350894,1.0004376963554493,0.2345368568151261,0.21570853130604503
1945.0,-1.149672,21.191575,-1.872124,22.193307,0.120603,0.068914,0.065719,0.003195,0.051689,0.054884,0.915255,0.0618107951247824,0.0252863445269746,99.0,0,1.0063165228870827,1.0289855072463934,1.0055149740786502,0.239183947771207,0.21699159337424687
1946.0,-1.150066,21.189343,-1.867793,22.192913,0.120686,0.068919,0.065793,0.0031259999999999,0.051767,0.054893,1.136851,0.0603847936949464,0.00163255087596,100.0,0,1.0064815409015493,1.0067632850241386,1.0070323214442045,0.24651890808850274,0.2112163877482383
1947.0,-1.139303,21.192494,-1.871074,22.187924,0.119381,0.068273,0.066092,0.002181,0.051108,0.053289,0.844533,0.0426735017315933,0.2921534416403475,101.0,0,0.9770716636566168,0.7024154589372095,0.9942126815224062,0.11709064067920572,0.20798483655355318
1948.0,-1.135234,21.190262,-1.866481,22.193044,0.120603,0.068562,0.066208,0.0023539999999999,0.052041,0.054395,0.985977,0.0452326966680756,0.2497028047239179,102.0,0,0.9973505441010653,0.7581320450885469,1.0123624903949975,0.13503026581781874,0.20825670904959132
1949.0,-1.132084,21.18173,-1.862543,22.187793,0.12053,0.068966,0.065845,0.0031209999999999,0.051564,0.054685,0.981262,0.0605255502763502,0.0039673501699055,103.0,0,1.0026677912338773,1.0051529790660065,1.0030833276594926,0.2567621420020967,0.20826771455557996
1950.0,-1.125259,21.176742,-1.855981,22.185561,0.119253,0.068221,0.065767,0.0024539999999999,0.0510319999999999,0.0534859999999999,0.915255,0.0480865322438421,0.2023648172501809,104.0,0,0.980683724639939,0.7903381642511882,0.9927342404995564,0.19843900823398575,0.2044455413039778
1951.0,-1.116202,21.185799,-1.853749,22.182805,0.119675,0.068378,0.065898,0.0024799999999999,0.051297,0.053777,0.778526,0.0483449647159732,0.1980780695368825,105.0,0,0.9860193071076935,0.798711755233475,0.9978893309081723,0.20179011284624987,0.20379346528375616
1952.0,-1.11594,21.189868,-1.848762,22.184117,0.119326,0.068341,0.065793,0.0025479999999999,0.050985,0.053533,0.924685,0.0499745028046913,0.1710481122797977,106.0,0,0.9815454853821551,0.8206119162640713,0.9918199414459552,0.21912759458862263,0.18718633099188792
1953.0,-1.108196,21.179499,-1.848237,22.183461,0.119455,0.068835,0.065788,0.0030469999999999,0.05062,0.053667,0.8021,0.0601924102645145,0.0015586085928166,107.0,0,0.984002420264213,0.9813204508856519,0.9847195339020153,0.23419766871298464,0.20051929991598158
1954.0,-1.106752,21.183962,-1.845087,22.183592,0.119189,0.068599,0.065242,0.0033569999999999,0.05059,0.053947,0.655941,0.066355675910735,0.1006745384166205,108.0,0,0.9891363140476178,1.0811594202898402,0.9841359387614176,0.1963151242991042,0.20241081663632424
1955.0,-1.092576,21.187768,-1.839968,22.180179,0.119133,0.068567,0.065462,0.0031049999999999,0.050566,0.0536709999999999,0.745522,0.0614036822433602,0.0185333610528006,109.0,0,0.9840757616039741,0.9999999999999839,0.9836690626489393,0.23266318756899057,0.18745193142344407
1956.0,-1.086932,21.183568,-1.838918,22.177029,0.120401,0.068814,0.066759,0.002055,0.0515869999999999,0.0536419999999999,0.731378,0.0398348453128634,0.339239644900668,110.0,0,0.9835440368906929,0.6618357487922812,1.0035307506006157,0.0804475651698201,0.1897690392511226
1957.0,-1.080501,21.178055,-1.83695,22.175322,0.119951,0.06842,0.065457,0.0029629999999999,0.051531,0.054494,0.929399,0.0574982535123805,0.0462479241468678,111.0,0,0.9991657422601977,0.9542673107890332,1.0024413730048352,0.2504203299201428,0.191198421240274
1958.0,-1.073938,21.185274,-1.831043,22.173222,0.120374,0.069349,0.067,0.0023489999999999,0.051025,0.0533739999999999,0.868107,0.0460353545251438,0.236388720371534,112.0,0,0.978630167126577,0.7565217391304149,0.9925980683000856,0.15394543302124497,0.19481181279904314
1959.0,-1.078926,21.184224,-1.829731,22.17204,0.120971,0.068992,0.06679,0.0022019999999999,0.051979,0.0541809999999999,0.905825,0.0423624470950364,0.2973130593190992,113.0,0,0.993426782423747,0.7091787439613318,1.0111563937710955,0.10717328987329511,0.18156767537463248
1960.0,-1.067769,21.187243,-1.8275,22.171778,0.120025,0.067927,0.065268,0.0026589999999999,0.052098,0.054757,0.849248,0.0510374479356608,0.1534165136963413,114.0,0,1.00398793534961,0.8563607085346032,1.0134713211621333,0.22161008651077113,0.1835729478679124
1961.0,-1.063963,21.186981,-1.821331,22.175453,0.1194,0.068893,0.065646,0.003247,0.050507,0.053754,0.717233,0.0642868456482141,0.066357823787327,115.0,0,0.9855975944040567,1.0457326892109668,0.982521325539097,0.21608393273776383,0.18545686563474792
1962.0,-1.0574,21.186324,-1.818443,22.171384,0.120025,0.069118,0.066076,0.003042,0.050907,0.053949,0.78324,0.0597548518896834,0.0088166065807435,116.0,0,0.9891729847174991,0.979710144927552,0.9903025940804009,0.25526151017631415,0.2036758699633497
1963.0,-1.052544,21.194725,-1.814112,22.164033,0.119758,0.068347,0.06626,0.002087,0.051411,0.053498,0.985977,0.0405936357270677,0.3266532116009345,117.0,0,0.9809037486592295,0.6721417069243264,1.000106992442444,0.1017562944688779,0.20512332248172255
1964.0,-1.047294,21.179893,-1.814112,22.164689,0.120769,0.068814,0.06562,0.003194,0.051955,0.055149,0.91997,0.0614750943105705,0.019717908463934,118.0,0,1.0111753866463764,1.028663446054767,1.0106895176586173,0.21636784923190322,0.21086551079048563
1965.0,-1.039943,21.182387,-1.805056,22.164033,0.120475,0.068614,0.065835,0.0027789999999999,0.051861,0.0546399999999999,0.901111,0.0535845127453624,0.1111670852147903,119.0,0,1.0018427011615425,0.8950080515297729,1.0088609195514109,0.2515023652373459,0.22276364664219983
1966.0,-1.035349,21.18068,-1.805975,22.16482,0.12008,0.068814,0.065872,0.002942,0.051266,0.054208,0.938829,0.0573858427448456,0.048112537353973,120.0,0,0.9939218364671486,0.9475040257649107,0.9972862825962212,0.2626376084558379,0.2234591982145314
1967.0,-1.03128,21.180286,-1.804662,22.162457,0.120098,0.06874,0.065609,0.0031309999999999,0.051358,0.0544889999999999,0.91054,0.0609630249810158,0.0112239602792592,121.0,0,0.9990740655854922,1.0083735909822706,0.9990759743607212,0.26489485510387156,0.22561160684124326
1968.0,-1.029443,21.181862,-1.798887,22.16272,0.120089,0.06926,0.065898,0.003362,0.050829,0.054191,0.905825,0.0661420421011214,0.0971308883586665,122.0,0,0.9936101357731563,1.0827697262480047,0.9887852467148466,0.21136731610887555,0.22608029600107327
1969.0,-1.021961,21.180943,-1.801119,22.166921,0.12041,0.068488,0.065893,0.002595,0.051922,0.054517,0.924685,0.0499778518190397,0.1709925605161932,123.0,0,0.9995874549638345,0.8357487922705449,1.0100475630039598,0.22615464839043725,0.2416870807412443
1970.0,-1.011461,21.180549,-1.797181,22.16272,0.11951,0.068578,0.065289,0.003289,0.050932,0.054221,0.8021,0.0645750299412954,0.0711380797249332,124.0,0,0.994160195821378,1.0592592592592762,0.9907889233642324,0.22856560223408673,0.2375136290044106
1971.0,-1.00818,21.176874,-1.789569,22.162851,0.119639,0.068599,0.065347,0.0032519999999999,0.05104,0.0542919999999999,0.896396,0.063713485237358,0.0568472100093229,125.0,0,0.9954620046021683,1.047342995169067,0.9928898658703845,0.23760801900488232,0.2371247950782016
1972.0,-1.009624,21.181074,-1.790225,22.160619,0.119822,0.068872,0.065914,0.002958,0.0509499999999999,0.053908,0.6748,0.058055779081863,0.0369999707438893,126.0,0,0.9884212359849293,0.9526570048309333,0.9911390804485891,0.2599484017746144,0.22948808212505342
1973.0,-0.997548,21.184487,-1.781562,22.161145,0.120851,0.069801,0.066722,0.0030789999999999,0.05105,0.054129,0.952974,0.0603122367828249,0.0004290133539297,127.0,0,0.9924733450068308,0.9916264090176972,0.993084397583917,0.2578241418705883,0.22369867353575318
1974.0,-0.99256,21.177399,-1.775394,22.164689,0.120778,0.069108,0.066675,0.002433,0.0516699999999999,0.054103,0.778526,0.0470863734009406,0.2189549485033816,128.0,0,0.9919966262983718,0.7835748792270657,1.0051453638229362,0.1746333318635661,0.22536853976443721
1975.0,-0.987442,21.172673,-1.771588,22.162589,0.120089,0.068236,0.065504,0.0027319999999999,0.0518529999999999,0.0545849999999999,0.877537,0.0526863887067535,0.1260647145143035,129.0,0,1.0008342577398024,0.8798711755233314,1.0087052941805827,0.2476140259752559,0.2233160419994981
1976.0,-0.978385,21.177924,-1.770406,22.164164,0.11963,0.06884,0.065336,0.0035039999999999,0.05079,0.0542939999999999,1.04727,0.0689886003425802,0.1443481630754295,130.0,0,0.9954986752720496,1.1285024154589232,0.9880265730320695,0.18627047892435605,0.22314963271886698
1977.0,-0.97471,21.181993,-1.769356,22.15865,0.119336,0.068436,0.065026,0.0034099999999999,0.0509,0.05431,0.924685,0.0669927899255416,0.1112426648736453,131.0,0,0.9957920406311032,1.0982286634460403,0.9901664218809281,0.20700076921086918,0.2247365673075421
1978.0,-0.96841,21.182124,-1.764369,22.165477,0.1203,0.069213,0.065924,0.003289,0.051087,0.054376,0.91054,0.0643791105543376,0.0678882675898455,132.0,0,0.9970021727371914,1.0592592592592762,0.9938041649239877,0.2280659783957158,0.2193741757983124
1979.0,-0.958303,21.184749,-1.762794,22.167314,0.121219,0.06904,0.06605,0.00299,0.0521789999999999,0.0551689999999999,1.075559,0.0573016481410503,0.0495091150452948,133.0,0,1.0115420933451893,0.9629629629629786,1.0150470280417454,0.2056296707410457,0.2073616557008285
1980.0,-0.956859,21.184224,-1.756231,22.162457,0.121017,0.069045,0.066439,0.0026059999999999,0.051972,0.054578,0.886966,0.050141419583245,0.1682793808085707,134.0,0,1.0007059103952192,0.8392914653784033,1.0110202215716226,0.22690150942777582,0.202957339062985
1981.0,-0.953315,21.182255,-1.760563,22.169677,0.119933,0.068373,0.065436,0.002937,0.0515599999999999,0.054497,1.141566,0.0569616570663875,0.0551487157883217,135.0,0,0.9992207482650198,0.9458937198067785,1.0030055149740775,0.2534773648916337,0.20279916055230535
1982.0,-0.944653,21.180024,-1.750325,22.159832,0.11985,0.068977,0.065593,0.0033839999999999,0.050873,0.054257,0.981262,0.0665172779808939,0.1033551121812303,136.0,0,0.9948202678792444,1.0898550724637535,0.9896411862543901,0.2063244866823174,0.21012846373937144
1983.0,-0.94124,21.186718,-1.748356,22.166133,0.1194,0.068772,0.064937,0.003835,0.050628,0.054463,0.740807,0.0757471014635881,0.2564547764081124,137.0,0,0.9985973468770349,1.2351046698872985,0.9848751592728414,0.13769894089574974,0.21170464121854918
1984.0,-0.935727,21.167948,-1.7414,22.156944,0.120236,0.069339,0.065389,0.0039499999999999,0.050897,0.0548469999999999,0.731378,0.0776061927777121,0.287292446976046,138.0,0,1.005638115494274,1.272141706924304,0.9901080623668682,0.13059016548513058,0.20683382531214028
1985.0,-0.932971,21.176742,-1.741663,22.153399,0.119914,0.068798,0.066197,0.0026009999999999,0.051116,0.053717,0.868107,0.0508832677974057,0.155973976191866,139.0,0,0.9849191870112497,0.8376811594202711,0.9943683068932323,0.24603224086845948,0.19871012071676164
1986.0,-0.925752,21.179761,-1.739169,22.153137,0.119804,0.06883,0.06584,0.00299,0.0509739999999999,0.053964,0.750237,0.0586562040215793,0.0270404241895731,140.0,0,0.9894480147416101,0.9629629629629786,0.9916059565610674,0.2595635107950169,0.20215611050572901
1987.0,-0.926015,21.174642,-1.7351,22.153268,0.119639,0.068273,0.065704,0.002569,0.0513659999999999,0.053935,1.014266,0.0500126540385851,0.1704152788231314,141.0,0,0.9889162900283289,0.8273752012882581,0.9992315997315452,0.2227625440026464,0.20162688083197625
1988.0,-0.915252,21.183043,-1.728013,22.155762,0.119455,0.068803,0.065257,0.003546,0.050652,0.054198,0.759666,0.0700057252285157,0.1612197185071779,142.0,0,0.9937384831177414,1.142028985507265,0.9853420353853197,0.1793578193316273,0.20104844996353727
1989.0,-0.908689,21.17858,-1.728013,22.150774,0.119914,0.068431,0.066176,0.002255,0.051483,0.053738,0.641796,0.0438000155388083,0.2734673978655192,143.0,0,0.985304229045005,0.7262479871175641,1.0015076207798785,0.12439262478725899,0.2063270415010999
1990.0,-0.904883,21.185274,-1.7288,22.150118,0.120263,0.069176,0.066197,0.0029789999999999,0.0510869999999999,0.0540659999999999,0.882251,0.0583111493892889,0.0327640166767571,144.0,0,0.9913182189055629,0.9594202898550558,0.9938041649239858,0.2613614073174496,0.21674752496109334
1991.0,-0.89937,21.18383,-1.72355,22.145392,0.120401,0.069297,0.066129,0.003168,0.051104,0.054272,0.872822,0.0619900205459349,0.0282592455635781,145.0,1,0.9950952979033554,1.0202898550724802,0.994134868836993,0.2481850681541059,0.21220141078654509
1992.0,-0.895957,21.175036,-1.72145,22.14526,0.120355,0.069103,0.065651,0.0034519999999999,0.051252,0.054704,0.754952,0.067352154995805,0.1172036316998639,146.0,1,1.0030161625977512,1.1117552334943497,0.9970139381972756,0.20054017799792778,0.19853873781180048
1993.0,-0.889657,21.17438,-1.71935,22.144342,0.12075,0.068851,0.065368,0.003483,0.051899,0.055382,0.91054,0.0671098265895953,0.1131840101228207,147.0,1,1.0154475196875667,1.1217391304348008,1.0096001400628347,0.1904848562713763,0.18771007478810323
1994.0,-0.881519,21.185799,-1.708194,22.149067,0.121449,0.069528,0.066407,0.003121,0.0519209999999999,0.055042,1.014266,0.0601093948615233,0.0029356262949922,148.0,1,1.0092135058077183,1.0051529790660387,1.0100281098326045,0.23479500008506488,0.1946826538941388
1995.0,-0.877844,21.185537,-1.709507,22.146179,0.120851,0.068494,0.065898,0.002596,0.052357,0.054953,0.773811,0.0495817258107643,0.1775632992710787,149.0,1,1.0075816609979933,0.8360708534621712,1.0185096925426278,0.20057109912297683,0.20298396228831886
1996.0,-0.874169,21.170836,-1.707669,22.139616,0.119611,0.06916,0.065173,0.003987,0.0504509999999999,0.054438,0.948259,0.0790256084991676,0.310837000212697,150.0,1,0.9981389635035167,1.2840579710145135,0.9814319479433125,0.12293678104757078,0.19129181869750014
1997.0,-0.871544,21.188162,-1.702288,22.141979,0.120291,0.070121,0.065914,0.004207,0.0501699999999999,0.0543769999999999,0.971833,0.0838532219808256,0.3909150216878447,151.0,1,0.9970205080721303,1.3549114331723247,0.9759656067930464,0.11447591376567401,0.17908251157644575
1998.0,-0.860387,21.185012,-1.698351,22.148936,0.119896,0.068147,0.0652,0.002947,0.051749,0.054696,0.797385,0.0569468599033817,0.0553941636771084,152.0,1,1.0028694799182254,0.9491143317230427,1.0066821643598458,0.2490836103919828,0.18101302139710534
1999.0,-0.862619,21.180418,-1.697038,22.139222,0.119997,0.068956,0.065567,0.003389,0.051041,0.05443,1.056699,0.0663963010853807,0.1013484083567193,153.0,1,0.9979922808239908,1.091465378421918,0.9929093190417377,0.20740570872905945,0.17362651646789
2000.0,-0.85645,21.183962,-1.693757,22.139747,0.119574,0.068819,0.065052,0.003767,0.0507549999999999,0.054522,0.811529,0.0742178264638664,0.2310879327835353,154.0,1,0.9996791316385382,1.2132045088567023,0.9873457120347034,0.14443997140926268,0.1690865541424394
2001.0,-0.847131,21.189737,-1.687194,22.13699,0.119859,0.068919,0.064601,0.0043179999999999,0.05094,0.0552579999999999,1.009551,0.0847647278223825,0.4060346215962134,155.0,1,1.0131739381549143,1.3906602254428244,0.9909445487350584,0.126091996943562,0.1681548995951761
2002.0,-0.846081,21.180943,-1.683126,22.132658,0.118738,0.068037,0.06479,0.003247,0.0507009999999999,0.0539479999999999,0.872822,0.0640408662380182,0.0622776411946339,156.0,1,0.9891546493825567,1.0457326892109668,0.9862952407816274,0.2198452762045236,0.17391027772531403
2003.0,-0.82823,21.19105,-1.681944,22.14106,0.11928,0.068819,0.064701,0.004118,0.0504609999999999,0.054579,0.632367,0.0816059609210893,0.3536385868436824,157.0,1,1.00072424573016,1.3262479871175739,0.9816264796568451,0.11661980697922336,0.18634359950239648
2004.0,-0.83558,21.178186,-1.678926,22.138172,0.120934,0.070011,0.066475,0.0035359999999999,0.0509229999999999,0.0544589999999999,1.02841,0.0694368077920037,0.1517828025503214,158.0,1,0.9985240055372703,1.1388083735909684,0.9906138448220511,0.18939537683055852,0.18212641293348836
2005.0,-0.827836,21.184487,-1.673676,22.138434,0.119602,0.068536,0.065,0.0035359999999999,0.051066,0.054602,0.938829,0.0692423678696613,0.1485575310292861,159.0,1,1.0011459584337965,1.1388083735909684,0.9933956483255693,0.191254553650344,0.18006775800718025
2006.0,-0.829936,21.18278,-1.672101,22.130295,0.119712,0.069019,0.065473,0.0035459999999999,0.050693,0.0542389999999999,0.882251,0.0699491064031245,0.1602805539421599,160.0,1,0.9944902318503094,1.1420289855072325,0.9861396154108033,0.18049056234894983,0.18105356150200763
2007.0,-0.819305,21.17753,-1.672363,22.136465,0.120383,0.069008,0.065735,0.0032729999999999,0.051375,0.054648,0.962403,0.0637067891622547,0.056736138887337,161.0,1,1.0019893838410703,1.0541062801932215,0.9994066782737264,0.23880913153649852,0.18008923247199463
2008.0,-0.817205,21.187243,-1.665932,22.134759,0.12008,0.06853,0.065131,0.0033989999999999,0.05155,0.054949,1.000122,0.0659347054373338,0.0936916921847288,162.0,1,1.0075083196582302,1.0946859903381496,1.002810983260547,0.20691174470290147,0.1710820581319013
2009.0,-0.808542,21.181337,-1.661732,22.134234,0.120916,0.069255,0.065698,0.0035569999999999,0.051661,0.0552179999999999,1.004836,0.0688513801246562,0.14207202319814,163.0,1,1.0124405247572852,1.1455716586151232,1.0049702852807587,0.1868191594659785,0.17771090447233037
2010.0,-0.804604,21.177792,-1.658451,22.132264,0.120429,0.069176,0.065373,0.003803,0.0512529999999999,0.0550559999999999,0.726663,0.0741990869005346,0.2307770903433472,164.0,1,1.0094702004968865,1.2247987117552532,0.9970333913686269,0.15429800635753654,0.17270677696629388
2011.0,-0.802242,21.188687,-1.659238,22.131608,0.119124,0.068893,0.064921,0.0039719999999999,0.050231,0.0542029999999999,0.830388,0.079073100812231,0.3116247787869026,165.0,1,0.993830159792443,1.2792270531400851,0.9771522502455972,0.11644870664343188,0.16884639655254605
2012.0,-0.791348,21.189475,-1.646901,22.139878,0.119584,0.068467,0.064312,0.004155,0.0511169999999999,0.055272,0.981262,0.0812825227904066,0.3482735580001141,166.0,1,1.0134306328440865,1.338164251207751,0.9943877600645835,0.1297735328035905,0.16640974669937542
2013.0,-0.788591,21.182124,-1.653988,22.132396,0.120346,0.068793,0.065215,0.003578,0.0515529999999999,0.055131,0.929399,0.0694029561236763,0.1512212881222121,167.0,1,1.0108453506174433,1.15233494363931,1.0028693427746047,0.18290827038351398,0.15838067786897975
2014.0,-0.783604,21.180286,-1.646376,22.132921,0.120273,0.068982,0.064811,0.004171,0.051291,0.055462,0.736092,0.0813187241675116,0.3488740482142252,168.0,1,1.0169143464828252,1.3433172302737737,0.9977726118800527,0.13935410177019358,0.15199823588469705
2015.0,-0.781766,21.185931,-1.642307,22.133971,0.120254,0.069055,0.065215,0.00384,0.0511989999999999,0.055039,0.971833,0.0750000000000002,0.2440622335351971,169.0,1,1.009158499802896,1.2367149758454306,0.9959829201155508,0.15265074951286584,0.14443672271010324
2016.0,-0.775203,21.190131,-1.640863,22.137515,0.119657,0.068415,0.064622,0.003793,0.0512419999999999,0.055035,0.868107,0.0740198661280566,0.2278042664166153,170.0,1,1.009085158463133,1.2215780998389891,0.996819406483741,0.15612406381724342,0.1414410350450964
2017.0,-0.768772,21.190919,-1.636139,22.135021,0.120282,0.069187,0.065441,0.0037459999999999,0.051095,0.054841,0.717233,0.0733129794895882,0.2160787868124927,171.0,1,1.0055281034846313,1.2064412238325155,0.9939597902948137,0.15851844323254183,0.15338990659590254
2018.0,-0.766278,21.179105,-1.636795,22.138303,0.120502,0.069349,0.06542,0.0039289999999999,0.051153,0.0550819999999999,0.684229,0.0768072877976304,0.274040613457341,172.0,1,1.0099469192053456,1.2653784219001492,0.9950880742333028,0.14308732486007425,0.15435679296896834
2019.0,-0.75919,21.187768,-1.631807,22.139222,0.119914,0.06978,0.065641,0.0041389999999999,0.050134,0.054273,0.882251,0.0825570958412284,0.3694155339522365,173.0,1,0.9951136332382962,1.3330112721416962,0.9752652926243309,0.11120402772004034,0.14922348283739714
2020.0,-0.754465,21.188031,-1.627082,22.138959,0.121568,0.070016,0.065709,0.0043069999999999,0.051552,0.0558589999999999,0.750237,0.0835450895195234,0.3858038755807471,174.0,1,1.0241934744542938,1.387117552334934,1.0028498896032536,0.12434112970746836,0.14993010097951134
2021.0,-0.748296,21.197088,-1.615664,22.142372,0.119979,0.068221,0.065604,0.002617,0.051758,0.054375,0.971833,0.0505612550474315,0.1613153615379966,175.0,1,0.9969838374022507,0.842834138486326,1.006857242902025,0.23593742215149327,0.14730222686949843
2022.0,-0.748821,21.184881,-1.619076,22.141322,0.120245,0.069013,0.064968,0.004045,0.051232,0.055277,0.952974,0.0789530185622549,0.30963291489206,176.0,1,1.01352230951879,1.3027375201288456,0.9966248747702103,0.1394423965342485,0.15512772012723325
2023.0,-0.740946,21.186849,-1.610414,22.140141,0.119942,0.06904,0.065095,0.003945,0.0509019999999999,0.0548469999999999,0.896396,0.0775003437911322,0.2855366772872183,177.0,1,1.005638115494274,1.270531400966204,0.9902053282236326,0.1315751690678021,0.15289150982345073
2024.0,-0.737402,21.187243,-1.609495,22.141979,0.120741,0.06946,0.065562,0.0038979999999999,0.051281,0.055179,0.641796,0.0760110760110759,0.2608334532767009,178.0,1,1.0117254466945984,1.2553945249597305,0.99757808016652,0.1464202831913355,0.15128839986673243
2025.0,-0.732414,21.188556,-1.607001,22.146573,0.119032,0.068725,0.064911,0.0038139999999999,0.050307,0.054121,0.6748,0.075812991969468,0.2575477349402948,179.0,1,0.992326662327305,1.2283413848631117,0.9786306912684449,0.12637200841273655,0.16001770347036723
2026.0,-0.726377,21.182124,-1.605689,22.145917,0.119685,0.068431,0.065152,0.003279,0.0512539999999999,0.054533,0.948259,0.0639742464149839,0.0611725851167446,180.0,1,0.9998808203228862,1.0560386473430121,0.9970528445399801,0.23437899639459175,0.15832627609368013
2027.0,-0.723489,21.194069,-1.600833,22.147361,0.120695,0.069439,0.065268,0.0041709999999999,0.0512559999999999,0.0554269999999999,0.820959,0.0813742513217705,0.3497951046882146,181.0,1,1.016272609759898,1.3433172302737415,0.9970917508826866,0.13615634019471656,0.14729947715557046
2028.0,-0.717451,21.191181,-1.596239,22.149199,0.119951,0.069118,0.064827,0.004291,0.050833,0.055124,0.773811,0.0844120077113743,0.4001838780080313,182.0,1,1.0107170032728583,1.3819645732689434,0.9888630594002598,0.1270562252928915,0.14682567142303893
2029.0,-0.714695,21.184749,-1.597551,22.151168,0.11951,0.068609,0.065168,0.0034409999999999,0.050901,0.054342,0.886966,0.0676004872107186,0.1213228414324523,183.0,1,0.9963787713492066,1.108212560386459,0.9901858750522814,0.19849706375638831,0.14490451274101318
2030.0,-0.702488,21.181337,-1.591776,22.151299,0.120723,0.069696,0.065089,0.004607,0.051027,0.055634,0.985977,0.0902837657756525,0.4975816440376883,184.0,1,1.0200680240926312,1.4837359098228904,0.9926369746427921,0.10742685594059709,0.14310411564046546
2031.0,-0.70892,21.182387,-1.589151,22.152612,0.121862,0.06979,0.065824,0.003966,0.0520719999999999,0.056038,0.439059,0.0761623106024237,0.2633420565233662,185.0,1,1.0274754994086863,1.2772946859903587,1.0129655387069467,0.12566943277039677,0.14263840497770935
2032.0,-0.695138,21.186981,-1.580095,22.154843,0.12042,0.069355,0.065373,0.0039819999999999,0.051065,0.055047,0.863392,0.0779775192887635,0.2934518241588379,186.0,1,1.009305182482422,1.2824476650563492,0.9933761951542159,0.134704339208933,0.13067762772116448
2033.0,-0.692119,21.195119,-1.580095,22.15143,0.120732,0.069281,0.064722,0.0045589999999999,0.051451,0.05601,0.971833,0.0886068568763117,0.4697659236277021,187.0,1,1.0269621100303459,1.4682769726247902,1.0008851192965742,0.11236358224754472,0.13167629463886296
2034.0,-0.688707,21.189212,-1.573926,22.157731,0.120741,0.06958,0.065452,0.004128,0.051161,0.055289,0.91054,0.0806848833118331,0.3383602152726082,188.0,1,1.0137423335380789,1.3294685990338377,0.9952436996041288,0.12841631218585836,0.13431034227829278
2035.0,-0.688969,21.180943,-1.574976,22.153137,0.121366,0.069953,0.06552,0.004433,0.051413,0.055846,0.754952,0.0862216516902012,0.4302013410774037,189.0,1,1.023955115100066,1.4276972624798943,1.0001458987851504,0.12171490178517541,0.1297140380794239
2036.0,-0.6786,21.184487,-1.573664,22.154843,0.121329,0.069512,0.065158,0.004354,0.051817,0.056171,0.901111,0.0840248562275659,0.3937620041458558,190.0,1,1.0299140989558035,1.4022544283414076,1.0080049800118673,0.11477122382914307,0.12992791251042296
2037.0,-0.677419,21.192362,-1.569202,22.15865,0.12041,0.069402,0.065541,0.003861,0.051008,0.054869,0.778526,0.0756925248485562,0.2555494870001733,191.0,1,1.0060414928629717,1.2434782608695854,0.9922673643870801,0.14614300937170144,0.13180786216230944
2038.0,-0.673481,21.190919,-1.56592,22.157731,0.120971,0.069796,0.065977,0.003819,0.051175,0.054994,0.825674,0.0746248241363139,0.2378390052292502,192.0,1,1.0083334097305632,1.229951690821276,0.9955160440030745,0.15339670168718966,0.12636326509103618
2039.0,-0.666394,21.186456,-1.56172,22.156419,0.121118,0.069853,0.066019,0.003834,0.051265,0.055099,0.844533,0.0747864081457496,0.2405192794116797,193.0,1,1.01025861989934,1.2347826086956721,0.9972668294248679,0.1525340217676996,0.1278824324981584
2040.0,-0.662718,21.186456,-1.561589,22.157863,0.121825,0.069874,0.065478,0.004396,0.051951,0.056347,0.787955,0.0846165691407455,0.4035770399909471,194.0,1,1.0331411179053722,1.415780998389717,1.0106117049732042,0.10956560025058748,0.12911959767976552
2041.0,-0.661406,21.188162,-1.555683,22.15655,0.12041,0.068977,0.064895,0.004082,0.051433,0.055515,1.056699,0.0793638449274799,0.3164474957656189,195.0,1,1.0178861192346842,1.3146537842190227,1.0005349622122155,0.14446892928926158,0.13003071136573358
2042.0,-0.657468,21.198269,-1.54912,22.160357,0.120466,0.06968,0.0649,0.00478,0.050786,0.055566,0.523926,0.0941185736507375,0.5611915060411088,196.0,1,1.0188212213166612,1.5394524959742601,0.9879487603466565,0.08025836849620072,0.13152518027476984
2043.0,-0.654712,21.188818,-1.548989,22.15865,0.120916,0.069895,0.065635,0.00426,0.051021,0.055281,0.721948,0.0834933950060758,0.3849463930225985,197.0,1,1.0135956508585529,1.3719806763285245,0.9925202556146725,0.12755525631876663,0.12388718928376694
2044.0,-0.64723,21.196563,-1.542427,22.157075,0.120953,0.069685,0.065483,0.0042019999999999,0.051268,0.05547,0.816244,0.0819598587840604,0.3595088663883647,198.0,1,1.0170610291623512,1.3533011272141604,0.9973251889389277,0.14078796400192972,0.12125865887701881
2045.0,-0.639618,21.188818,-1.542952,22.162851,0.122128,0.070226,0.066218,0.0040079999999999,0.051902,0.05591,0.787955,0.0772209698861337,0.2809025636306324,199.0,1,1.0251285765362728,1.2908212560386358,1.0096584995768945,0.13082603864485587,0.12093569889793547
2046.0,-0.633055,21.194594,-1.544002,22.162326,0.120199,0.069103,0.064995,0.004108,0.051096,0.055204,0.806814,0.0803961093606278,0.3335701783829647,200.0,1,1.0121838300681167,1.3230273752013095,0.9939792434661671,0.12971591291950557,0.1223009664956853
2047.0,-0.628724,21.18278,-1.537833,22.157338,0.120787,0.070079,0.065158,0.004921,0.050708,0.055629,1.066129,0.0970439172533477,0.6097156326560569,201.0,1,1.0199763474179273,1.5848631239935844,0.9864314129811023,0.06976309946167258,0.12214769183845875
2048.0,-0.632924,21.184356,-1.539145,22.160882,0.120962,0.06937,0.065126,0.0042439999999999,0.051592,0.055836,0.957688,0.0822592212121799,0.3644745396012017,202.0,1,1.0237717617506588,1.3668276972624698,1.0036280164573839,0.12711139761970836,0.1256265877303059
2049.0,-0.625836,21.20352,-1.539145,22.159963,0.120309,0.068956,0.065058,0.0038979999999999,0.0513529999999999,0.0552509999999999,0.853963,0.0759045059781126,0.2590657232335511,203.0,1,1.0130455908103293,1.2553945249597305,0.9989787085039529,0.14930442197686622,0.12618152321719794
2050.0,-0.619405,21.182387,-1.535602,22.155369,0.119556,0.068882,0.064585,0.0042969999999999,0.050674,0.0549709999999999,0.929399,0.0847952639368524,0.4065411392864915,204.0,1,1.0079116970269246,1.3838969404186696,0.9857700051550913,0.12321827622808579,0.12435220464093757
2051.0,-0.620586,21.185274,-1.530483,22.154187,0.120337,0.069087,0.064863,0.0042239999999999,0.05125,0.0554739999999999,0.787955,0.0824179040408965,0.3671066904587612,205.0,1,1.0171343705021123,1.3603864734299413,0.9969750318545689,0.14293618271699604,0.12591409945004273
2052.0,-0.611923,21.192231,-1.529039,22.160488,0.120741,0.069654,0.065137,0.0045169999999999,0.051087,0.055604,0.962403,0.0884160663952394,0.4666011872007676,206.0,1,1.0195179640444092,1.4547504025764808,0.9938041649239877,0.11504732741467216,0.12515725256132734
2053.0,-0.610085,21.19735,-1.529958,22.160751,0.119841,0.068551,0.064265,0.0042859999999999,0.05129,0.055576,0.769096,0.0835624183579964,0.3860913176273519,207.0,1,1.0190045746660688,1.3803542673107791,0.9977531587086995,0.13310461118768735,0.13199621139223988
2054.0,-0.60641,21.1879,-1.531402,22.158913,0.120328,0.068929,0.064475,0.004454,0.051399,0.055853,0.882251,0.0866536964980544,0.4373678827926726,208.0,1,1.024083462444651,1.4344605475040488,0.9998735543862047,0.12249477823932575,0.12675704945529762
2055.0,-0.600898,21.186324,-1.531008,22.160488,0.119887,0.068856,0.064979,0.003877,0.0510309999999999,0.054908,0.764381,0.0759719391754194,0.2601842711542963,209.0,1,1.0067565709256603,1.2486312399356079,0.9927147873282033,0.14644498673590745,0.12019015011927366
2056.0,-0.595122,21.188687,-1.536258,22.164295,0.120282,0.069391,0.065,0.0043909999999999,0.050891,0.055282,0.863392,0.086280751395111,0.4311816572226219,210.0,1,1.0136139861934936,1.4141706924315527,0.9899913433387487,0.12214744403235178,0.10755788665287494
2057.0,-0.59276,21.187243,-1.535996,22.161538,0.12076,0.069391,0.065263,0.0041279999999999,0.051369,0.055497,1.066129,0.0803581857115046,0.3329411199878709,211.0,1,1.0175560832057509,1.3294685990338058,0.9992899592456069,0.13815268777079803,0.10340767627395406
2058.0,-0.584885,21.189212,-1.537177,22.167708,0.120273,0.069171,0.064265,0.0049059999999999,0.051102,0.056008,0.929399,0.0960021916521533,0.5924360129473552,212.0,1,1.0269254393604645,1.580032206119156,0.9940959624942866,0.07471977825028564,0.10230852953396166
2059.0,-0.579766,21.193675,-1.54072,22.171121,0.120208,0.069061,0.064286,0.004775,0.051147,0.055922,0.707803,0.0933565339798232,0.5485511757072423,213.0,1,1.0253486005555617,1.5378421900161279,0.9949713552051832,0.08363542861662654,0.10520379488629188
2060.0,-0.580028,21.191181,-1.545708,22.166002,0.120649,0.070226,0.064853,0.005373,0.050423,0.055796,0.967118,0.1065564017134698,0.767503934841768,214.0,1,1.0230383483530294,1.7304347826087236,0.9808872591454232,-0.003104358435901511,0.09513972943594855
2061.0,-0.575041,21.182912,-1.548202,22.170071,0.12064,0.069428,0.064753,0.0046749999999999,0.0512119999999999,0.0558869999999999,0.886966,0.0912854158123913,0.5141965104633668,215.0,2,1.0247068638326342,1.5056360708534542,0.9962358113431433,0.10143407892778744,0.09264969723874894
2062.0,-0.568084,21.19525,-1.548727,22.175453,0.120392,0.069402,0.064758,0.004644,0.0509899999999999,0.055634,0.995407,0.0910748955698066,0.510704506687442,216.0,2,1.0200680240926312,1.4956521739130675,0.9919172073027196,0.10405586001474809,0.09132151391912477
2063.0,-0.571103,21.185799,-1.551877,22.17506,0.119997,0.068798,0.065016,0.0037819999999999,0.051199,0.054981,0.745522,0.0738671874999998,0.2252717102161703,217.0,2,1.0080950503763337,1.2180354267310665,0.9959829201155528,0.16205726471098947,0.0767860226587854
2064.0,-0.566772,21.191969,-1.560933,22.178341,0.120631,0.069391,0.064218,0.0051729999999999,0.05124,0.056413,0.773811,0.1009543139282995,0.6745793236087125,218.0,2,1.0343512500114604,1.6660225442834085,0.9967805001410365,0.02185412373589246,0.08137180617042865
2065.0,-0.565196,21.187243,-1.561983,22.177029,0.119841,0.068404,0.064071,0.004333,0.051437,0.05577,0.990692,0.0842373342664956,0.3972864828616973,219.0,2,1.0225616296445705,1.3954911433172528,1.0006127748976286,0.12154466476391135,0.08351805210485438
2066.0,-0.554959,21.196169,-1.563689,22.184642,0.119804,0.069003,0.064422,0.004581,0.050801,0.055382,0.924685,0.0901736152119995,0.4957545219544439,220.0,2,1.0154475196875667,1.4753623188406035,0.9882405579169553,0.10886561083611013,0.09381900132248686
2067.0,-0.555352,21.200369,-1.564477,22.179785,0.120401,0.06979,0.064391,0.005399,0.0506109999999999,0.0560099999999999,1.183999,0.1066743064885798,0.769459679880006,221.0,2,1.026962110030344,1.7388083735910105,0.984544455359834,-0.007202224832595583,0.09208613390850835
2068.0,-0.549971,21.192888,-1.566314,22.185168,0.119703,0.069155,0.064947,0.0042079999999999,0.050548,0.054756,1.136851,0.0832459593661593,0.3808420552245892,222.0,2,1.0039696000146692,1.3552334943639188,0.9833189055645807,0.12057761336671813,0.08108704735818564
2069.0,-0.552334,21.188293,-1.571039,22.181492,0.12087,0.06968,0.065084,0.004596,0.05119,0.055786,0.839818,0.0897814068879295,0.489248767772396,223.0,2,1.0228549950036223,1.480193236715,0.9958078415733734,0.10509788796088393,0.06966345001485677
2070.0,-0.541964,21.180549,-1.576026,22.182017,0.120815,0.068746,0.064365,0.0043809999999999,0.052069,0.05645,0.806814,0.0841367390051852,0.3956178593221122,224.0,2,1.0350296574042677,1.4109500805152884,1.0129071791928888,0.09990513374042331,0.07866287995205631
2071.0,-0.536977,21.188556,-1.577076,22.186743,0.11928,0.069171,0.064522,0.004649,0.050109,0.054758,0.726663,0.0927758930353223,0.5389197961032706,225.0,2,1.0040062706845507,1.4972624798711998,0.9747789633404995,0.08410540478800221,0.07834201916442778
2072.0,-0.536583,21.193938,-1.576551,22.183855,0.120309,0.069827,0.064443,0.005384,0.050482,0.055866,0.830388,0.1066497632866509,0.7690525696052093,226.0,2,1.0243218217988805,1.733977455716614,0.9820349962552655,-0.005935005488479028,0.07569105994399372
2073.0,-0.534483,21.188556,-1.586001,22.182805,0.120355,0.070294,0.065357,0.0049369999999999,0.050061,0.054998,0.882251,0.098617714034597,0.635820981173544,227.0,2,1.008406751070326,1.5900161030595747,0.973845211115543,0.04782129127770074,0.0823637653495521
2074.0,-0.53317,21.188818,-1.593876,22.188056,0.12053,0.069271,0.064674,0.004597,0.051259,0.055856,0.811529,0.0896800624268436,0.4875677168841958,228.0,2,1.0241384684494734,1.4805152979066263,0.9971501103967484,0.111848423107888,0.06851043642003429
2075.0,-0.529495,21.191444,-1.59322,22.187793,0.119574,0.068761,0.064296,0.0044649999999999,0.050813,0.0552779999999999,1.108562,0.0878694847876568,0.457534766726922,229.0,2,1.013540644853729,1.438003220611907,0.9884739959731944,0.11833605688762594,0.06821737256486819
2076.0,-0.527789,21.186981,-1.596239,22.187662,0.11963,0.068635,0.063787,0.004848,0.050995,0.055843,0.896396,0.0950662797082125,0.5769115769024042,230.0,2,1.0239001090952438,1.5613526570048561,0.9920144731594878,0.08235601863176956,0.06615875598718199
2077.0,-0.51742,21.193938,-1.601226,22.192388,0.120015,0.069103,0.064102,0.0050009999999999,0.050912,0.0559129999999999,0.787955,0.0982263861882032,0.6293298319118219,231.0,2,1.025183582541093,1.6106280193236653,0.9903998599371672,0.059524829222988185,0.06603748880587548
2078.0,-0.514532,21.188031,-1.602014,22.185561,0.119795,0.06957,0.063987,0.005583,0.0502249999999999,0.0558079999999999,0.835103,0.1111575677935731,0.8438257608481647,232.0,2,1.0232583723723163,1.7980676328502707,0.9770355312174758,-0.017955675928459924,0.07408053072253662
2079.0,-0.512039,21.191706,-1.606345,22.184249,0.11996,0.06926,0.064674,0.004586,0.0506999999999999,0.055286,0.872822,0.0904518648547367,0.5003699869147638,233.0,2,1.0136873275332567,1.4769726247987356,0.9862757876102741,0.10216724940922284,0.08185909487643458
2080.0,-0.507445,21.189343,-1.609889,22.1916,0.120254,0.069785,0.065095,0.00469,0.050469,0.055159,0.863392,0.0929264909847434,0.541417839054239,234.0,2,1.0113587399957837,1.5104669887278825,0.981782105027673,0.07931896796356142,0.06828751926213647
2081.0,-0.503113,21.191312,-1.610939,22.193963,0.119703,0.069365,0.064695,0.0046699999999999,0.050338,0.055008,0.811529,0.0927710125350124,0.5388388408217211,235.0,2,1.0085901044197334,1.5040257648953221,0.9792337395803961,0.08289273297493704,0.0612450302461115
2082.0,-0.499963,21.187637,-1.616451,22.1937,0.119822,0.069124,0.064281,0.004843,0.0506979999999999,0.0555409999999999,1.018981,0.0955245665594982,0.5845134084198753,236.0,2,1.0183628379431413,1.559742351046724,0.9862368812675677,0.0744954136781325,0.059775792172078665
2083.0,-0.502194,21.191444,-1.619601,22.195144,0.120254,0.069129,0.064758,0.004371,0.051125,0.055496,0.754952,0.0854946602511442,0.4181423731649472,237.0,2,1.01753774787081,1.4077294685990565,0.9945433854354115,0.12560693281668034,0.06748346280562423
2084.0,-0.493794,21.195907,-1.628526,22.196326,0.119427,0.069628,0.06405,0.005578,0.049799,0.055377,0.886966,0.112008032128514,0.8579328349824122,238.0,2,1.0153558430128633,1.7964573268921384,0.968748480220989,-0.02386733303509303,0.07744341578386275
2085.0,-0.492613,21.200238,-1.629445,22.194094,0.1203,0.069764,0.064743,0.005021,0.050536,0.055557,0.858677,0.0993529493242577,0.6480166939285994,239.0,2,1.0186562033021949,1.617069243156226,0.9830854675083415,0.04791116672737605,0.07327081899290769
2086.0,-0.487494,21.188293,-1.637057,22.195013,0.121081,0.069097,0.064386,0.004711,0.0519839999999999,0.0566949999999999,1.089703,0.0906222948927576,0.5031969945649215,240.0,2,1.039521814464745,1.5172302737520373,1.0112536596278598,0.06766363789144125,0.06492300342255997
2087.0,-0.4808,21.194463,-1.637845,22.19987,0.11985,0.068635,0.06438,0.0042549999999999,0.051215,0.0554699999999999,0.943544,0.0830795064042485,0.3780810173102791,241.0,2,1.0170610291623494,1.3703703703703605,0.9962941708572048,0.1366015355584439,0.06248987983296521
2088.0,-0.477519,21.177399,-1.642438,22.196457,0.120842,0.069911,0.065047,0.004864,0.050931,0.055795,0.599363,0.0954998821958691,0.5841039566258779,242.0,2,1.0230200130180886,1.566505636070879,0.9907694701928791,0.08164385385392514,0.054414016250261585
2089.0,-0.473187,21.187637,-1.647295,22.19777,0.120897,0.070032,0.065042,0.0049899999999999,0.050865,0.055855,0.844533,0.0981008925411865,0.627248206487794,243.0,2,1.0241201331145326,1.6070853462157748,0.989485560883564,0.060441281499672206,0.05254204535545383
2090.0,-0.470693,21.194725,-1.648345,22.201445,0.120282,0.069643,0.064296,0.0053469999999999,0.050639,0.0559859999999999,0.825674,0.1055884676145337,0.751448331414605,244.0,2,1.0265220619917665,1.7220611916264046,0.9850891441577273,-0.0041591877399158594,0.05753537783069038
2091.0,-0.470168,21.190919,-1.653332,22.200264,0.120484,0.070221,0.06532,0.004901,0.0502629999999999,0.0551639999999999,0.787955,0.0975051726882063,0.6173667055429968,245.0,2,1.0114504166704856,1.578421900161056,0.9777747517288995,0.05856149707898961,0.05871059141043596
2092.0,-0.465312,21.197613,-1.65832,22.199214,0.120273,0.069633,0.064254,0.0053789999999999,0.05064,0.056019,0.934114,0.1062182816295095,0.7618953691503723,246.0,2,1.0271271280448124,1.73236714975845,0.9851085973290804,-0.006263222148903846,0.05861729298880532
2093.0,-0.463343,21.194463,-1.656876,22.193569,0.121127,0.06926,0.064863,0.0043969999999999,0.0518669999999999,0.0562639999999999,0.938829,0.0847728850158093,0.406169929013199,247.0,2,1.0316192851052897,1.416103059581311,1.0089776385795284,0.10688722386860283,0.05570249879334728
2094.0,-0.458487,21.178317,-1.666851,22.193438,0.120861,0.070126,0.064953,0.0051729999999999,0.050735,0.055908,0.825674,0.1019591611479028,0.6912472232937963,248.0,2,1.0250919058663914,1.6660225442834085,0.9869566486076402,0.02606599171727253,0.051158473441902094
2095.0,-0.455468,21.192888,-1.668951,22.192913,0.120824,0.069276,0.064344,0.004932,0.051548,0.05648,0.825674,0.095675958796485,0.5870246266130177,249.0,2,1.0355797174524897,1.588405797101475,1.0027720769178403,0.059663302524831874,0.04917790071955721
2096.0,-0.454155,21.198794,-1.671576,22.193963,0.120925,0.069591,0.064653,0.0049379999999999,0.051334,0.056272,0.858677,0.0961916820882438,0.5955791848827725,250.0,2,1.0317659677848174,1.5903381642512011,0.9986090982482428,0.06673065367513475,0.0635172905280024
2097.0,-0.44943,21.192756,-1.677876,22.189762,0.11974,0.068798,0.064181,0.0046169999999999,0.050942,0.055559,0.78324,0.0906307049054825,0.503336495621115,251.0,2,1.0186928739720762,1.4869565217391223,0.990983455077765,0.10745359360386353,0.0645297131486164
2098.0,-0.449824,21.191706,-1.682601,22.188712,0.119189,0.069181,0.064144,0.005037,0.050008,0.055045,0.830388,0.1007218700633885,0.6707236618253438,252.0,2,1.0092685118125404,1.6222222222222484,0.9728141930338202,0.03620360033947334,0.06977406429309194
2099.0,-0.44733,21.186062,-1.690213,22.191863,0.119767,0.069344,0.064286,0.005058,0.0504229999999999,0.055481,0.901111,0.1003093764873871,0.663881426098953,253.0,2,1.0172627178466993,1.6289855072464032,0.9808872591454212,0.04063555427622334,0.07020896738606738
2100.0,-0.444968,21.186456,-1.688376,22.187924,0.121568,0.069575,0.065625,0.0039499999999999,0.051993,0.0559429999999999,0.816244,0.0759703042658767,0.260157152098065,254.0,2,1.025733642589315,1.272141706924304,1.011428738170041,0.13923471034453594,0.06660118532962586
2101.0,-0.441949,21.187112,-1.688769,22.183592,0.121449,0.069145,0.064622,0.0045229999999999,0.052304,0.056827,0.872822,0.0864735684924959,0.4343800101404405,255.0,2,1.0419420786769233,1.4566827697262394,1.017478674460905,0.06868572328512967,0.05677037562624497
2102.0,-0.434992,21.189475,-1.696776,22.18438,0.121761,0.069622,0.064832,0.00479,0.0521389999999999,0.0569289999999999,0.754952,0.0918680475642501,0.523860912577313,256.0,2,1.043812282840876,1.542673107890524,1.0142689011876151,0.046180289295851495,0.05758576067062956
2103.0,-0.43368,21.190919,-1.696776,22.181754,0.120346,0.069097,0.064485,0.004612,0.0512489999999999,0.0558609999999999,0.924685,0.0899902439024391,0.4927128510086038,257.0,2,1.024230145124175,1.4853462157810222,0.9969555786832138,0.11123625479835741,0.047583879909357016
2104.0,-0.432367,21.195775,-1.705438,22.184642,0.121375,0.069097,0.063866,0.0052309999999999,0.0522779999999999,0.0575089999999999,0.773811,0.1000592972321582,0.6597332373413414,258.0,2,1.0544467771065,1.6847020933977406,1.0169728920057182,-0.0100118288471428,0.04677033095084641
2105.0,-0.425673,21.186587,-1.706488,22.178735,0.121981,0.070557,0.064984,0.0055729999999999,0.051424,0.056997,1.056699,0.1083714146815749,0.7976104560017181,259.0,2,1.0450590856168476,1.7948470209339742,1.0003598836700363,-0.038644794508976954,0.051347811673705446
2106.0,-0.423836,21.191444,-1.704519,22.182017,0.120576,0.069082,0.064223,0.004859,0.051494,0.056353,0.688944,0.0943586755995728,0.5651741962643648,260.0,2,1.0332511299150167,1.5648953301127466,1.0017216056647644,0.07488450411898062,0.047066760937250166
2107.0,-0.42016,21.182649,-1.7162,22.172172,0.12075,0.069759,0.064491,0.0052679999999999,0.0509909999999999,0.0562589999999999,0.816244,0.1033103231879509,0.7136596188325999,261.0,2,1.0315276084305862,1.6966183574879181,0.9919366604740727,0.007434785991138115,0.03578609909838711
2108.0,-0.415829,21.175692,-1.709769,22.178735,0.120714,0.06999,0.064837,0.0051529999999999,0.050724,0.0558769999999999,0.905825,0.1015869886643665,0.685073813545416,262.0,2,1.0245235104832269,1.6595813204508802,0.9867426637227543,0.028068110754367215,0.03955541882918786
2109.0,-0.412154,21.18278,-1.712657,22.175847,0.120567,0.069675,0.064926,0.004749,0.0508919999999999,0.0556409999999999,0.797385,0.0933134222781129,0.5478360605082928,263.0,2,1.0201963714372144,1.529468599033841,0.9900107965101002,0.08641036150481374,0.035238053722122666
2110.0,-0.411891,21.191837,-1.718957,22.172828,0.120429,0.069544,0.064863,0.0046809999999999,0.050885,0.0555659999999999,0.844533,0.09198993829344,0.5258827746146892,264.0,2,1.0188212213166594,1.5075684380032126,0.9898746243106292,0.09642420297998311,0.0476367078151941
2111.0,-0.408348,21.1942,-1.722894,22.176897,0.120199,0.069958,0.063834,0.006124,0.0502409999999999,0.056365,0.938829,0.1218900521476056,1.021850806939621,265.0,2,1.0334711539343053,1.9723027375201607,0.9773467819591278,-0.04412089510350081,0.05946854452511889
2112.0,-0.408348,21.181862,-1.722369,22.172959,0.120181,0.069071,0.064286,0.0047849999999999,0.05111,0.055895,0.896396,0.0936197687386276,0.5529175813336722,266.0,2,1.0248535465121618,1.5410628019323598,0.9942515878651127,0.08387348660385896,0.05084885251464336
2113.0,-0.402572,21.18173,-1.727225,22.177816,0.11985,0.069544,0.064737,0.0048069999999999,0.050306,0.0551129999999999,0.717233,0.0955533027212911,0.5849900694015191,267.0,2,1.0105153145885084,1.548148148148141,0.9786112380970916,0.06806260372770545,0.045080000206323315
2114.0,-0.40441,21.195644,-1.730769,22.178473,0.119914,0.06947,0.065089,0.004381,0.050444,0.054825,0.886966,0.0868470611557143,0.4405753183646073,268.0,2,1.0052347381255797,1.4109500805153208,0.9812957757438416,0.11397471208357157,0.04143593719509149
2115.0,-0.397322,21.188293,-1.7372,22.17821,0.12075,0.069832,0.064995,0.004837,0.0509179999999999,0.055755,0.924685,0.0949940100944639,0.575712804941114,269.0,2,1.0222865996204595,1.5578099838969657,0.9905165789652848,0.07967357259027097,0.03128921427159911
2116.0,-0.395091,21.193413,-1.736413,22.172565,0.121651,0.070688,0.065242,0.005446,0.0509629999999999,0.056409,0.896396,0.1068597441331137,0.7725356261498768,270.0,2,1.0342779086716976,1.753945249597452,0.9913919716761814,-0.011312415985774704,0.030176888335523455
2117.0,-0.387347,21.191575,-1.738775,22.173878,0.122147,0.070258,0.064454,0.005804,0.051889,0.057693,0.985977,0.11185199460397,0.8553445630984182,271.0,2,1.0578204787355963,1.8692431561997083,1.0094056083493022,-0.05025373709206238,0.03143150594052625
2118.0,-0.389053,21.177661,-1.743369,22.177816,0.121485,0.070268,0.064905,0.0053629999999999,0.051217,0.0565799999999999,0.952974,0.1047092818930843,0.7368648413836894,272.0,2,1.0374132509465608,1.7272141706924273,0.9963330771999115,-0.008372519357951025,0.028702269301042027
2119.0,-0.380915,21.20457,-1.740613,22.174009,0.121145,0.069979,0.064517,0.0054619999999999,0.051166,0.056628,0.91997,0.1067484902378485,0.7706902025574354,273.0,2,1.0382933470237177,1.7590982286634422,0.9953409654608952,-0.015056867730110057,0.029920275594305646
2120.0,-0.383672,21.184881,-1.747044,22.171384,0.121632,0.070032,0.065336,0.0046959999999999,0.0516,0.056296,0.78324,0.0910059882560413,0.5095615068651795,274.0,2,1.032206015823395,1.512399355877609,1.00378364182821,0.08530094361922658,0.013944858903264367
2121.0,-0.374353,21.194988,-1.74665,22.176372,0.120851,0.069769,0.064197,0.0055719999999999,0.051082,0.0566539999999999,0.816244,0.1090773838654737,0.8093207173314259,275.0,2,1.0387700657321748,1.7945249597423478,0.9937068990672214,-0.031574719053472866,0.0030865875352465654
2122.0,-0.376059,21.19,-1.75925,22.171646,0.122248,0.070935,0.065956,0.0049789999999999,0.051313,0.0562919999999999,0.957688,0.0970300502786763,0.6094856142629632,276.0,2,1.03213267448363,1.6035426731078843,0.9982005816498244,0.05658112020901673,6.868090490266265e-05
2123.0,-0.376715,21.196169,-1.756625,22.177029,0.120319,0.068767,0.063997,0.0047699999999999,0.051552,0.056322,0.872822,0.0925261381490892,0.5347769878152246,277.0,2,1.0326827345318539,1.5362318840579636,1.0028498896032536,0.08024266666034163,0.006308228393540194
2124.0,-0.370546,21.191969,-1.75505,22.178735,0.120897,0.070058,0.064144,0.0059139999999999,0.050839,0.056753,0.79267,0.1163257277734065,0.9295525961518808,278.0,2,1.0405852638913091,1.9046698872785817,0.9889797784283793,-0.045779454826841204,0.0021047549860059188
2125.0,-0.365296,21.196432,-1.755444,22.170334,0.121439,0.069979,0.06448,0.005499,0.05146,0.056959,1.056699,0.1068576203338451,0.7725003976370546,279.0,2,1.0443623428890998,1.771014492753652,1.0010601978387537,-0.028909141089907053,0.004172777323331922
2126.0,-0.367528,21.182649,-1.758331,22.169546,0.121724,0.070441,0.064758,0.005683,0.0512829999999999,0.056966,1.004836,0.1108142890570159,0.8381316260251452,280.0,2,1.0444906902336848,1.830273752012912,0.9976169865092246,-0.04149148228921373,-0.005336638110904457
2127.0,-0.369496,21.183699,-1.763844,22.16994,0.120613,0.069244,0.064034,0.00521,0.051369,0.056579,0.655941,0.1014210628771657,0.6823215201397361,281.0,2,1.0373949156116218,1.6779388083736182,0.9992899592456069,0.012141737794312935,-0.006455205304874157
2128.0,-0.363459,21.186718,-1.761875,22.165345,0.120594,0.070069,0.063945,0.006124,0.050525,0.056649,0.882251,0.1212049241974429,1.0104862495004636,282.0,2,1.0386783890574731,1.9723027375201607,0.9828714826234556,-0.050407253433293775,-0.013529559577795414
2129.0,-0.358077,21.197744,-1.768306,22.16377,0.121531,0.069906,0.06469,0.0052159999999999,0.051625,0.056841,0.830388,0.1010343625305078,0.6759071295134413,283.0,2,1.0421987733660936,1.6798711755233444,1.0042699711120415,0.005623355643149974,-0.02192750020698909
2130.0,-0.355058,21.188556,-1.773425,22.165214,0.120603,0.069764,0.064396,0.005368,0.0508389999999999,0.056207,0.679515,0.1055861526357201,0.7514099317117586,284.0,2,1.03057417101367,1.7288244766505916,0.9889797784283773,-0.009793210723137213,-0.018446926432312882
2131.0,-0.356502,21.194725,-1.770406,22.165083,0.121605,0.070294,0.064533,0.005761,0.051311,0.057072,0.660655,0.1122739320236981,0.8623434485490731,285.0,2,1.0464342357374024,1.8553945249597723,0.998161675307118,-0.04276039099316986,-0.009867280856449879
2132.0,-0.351908,21.197613,-1.775,22.16272,0.120971,0.069344,0.064034,0.00531,0.0516269999999999,0.056937,1.056699,0.1028511660339352,0.7060433511716877,286.0,2,1.0439589655204036,1.7101449275362595,1.0043088774547462,-0.014162422520195839,-0.008481021011842105
2133.0,-0.350727,21.185274,-1.775131,22.16587,0.120521,0.069549,0.064202,0.005347,0.050972,0.056319,0.787955,0.1048986718458792,0.7400063465527988,287.0,2,1.0326277285270318,1.722061191626437,0.9915670502183629,-0.003736739631595154,0.0008937211954240687
2134.0,-0.347183,21.1879,-1.779594,22.16482,0.120236,0.06937,0.063971,0.005399,0.0508659999999999,0.0562649999999999,0.726663,0.1061395403699844,0.760589248787757,288.0,2,1.0316376204402304,1.7388083735910105,0.9895050140549152,-0.010973717080079104,0.005811317764266399
2135.0,-0.342195,21.191181,-1.77815,22.169809,0.120429,0.069339,0.064354,0.004985,0.0510899999999999,0.056075,0.858677,0.0975710007633439,0.618458628505463,289.0,2,1.0281539068014935,1.605475040257675,0.9938625244380455,0.05688731466872299,0.003743295426940396
2136.0,-0.338258,21.187375,-1.782612,22.16482,0.121118,0.069586,0.064097,0.0054889999999999,0.051532,0.057021,0.825674,0.1065142724079714,0.7668051151364939,290.0,2,1.0454991336554251,1.7677938808373554,1.0024608261761883,-0.027628883843136,0.001156645466524353
2137.0,-0.340358,21.17963,-1.792587,22.165608,0.119473,0.068446,0.063824,0.004622,0.0510269999999999,0.0556489999999999,1.018981,0.0905777220349612,0.5024576424445844,291.0,2,1.0203430541167402,1.4885668276972865,0.9926369746427901,0.10588915986697467,0.008957294137301819
2138.0,-0.336945,21.183174,-1.786287,22.170071,0.120631,0.069313,0.063997,0.005316,0.051318,0.056634,0.787955,0.103587365303299,0.7182550539366426,292.0,2,1.0384033590333621,1.712077294686018,0.9982978475065908,-0.0012312877448704684,0.01084598389313426
2139.0,-0.33852,21.183305,-1.790225,22.16994,0.121237,0.070074,0.064643,0.0054309999999999,0.051163,0.0565939999999999,1.02841,0.106148854663435,0.760743749597276,293.0,2,1.037669945635731,1.7491143317230236,0.9952826059468354,-0.015056867730110057,0.02114989677360455
2140.0,-0.332745,21.198663,-1.79075,22.17506,0.121697,0.069628,0.064149,0.0054789999999999,0.052069,0.057548,1.033125,0.1052237372767428,0.7453983682323344,294.0,2,1.0551618551691904,1.7645732689210913,1.0129071791928888,-0.035659710327297645,0.02018515579835354
2141.0,-0.334976,21.178974,-1.795737,22.170334,0.119712,0.069281,0.064186,0.0050949999999999,0.050431,0.0555259999999999,0.736092,0.1010271256345175,0.6757870875269136,295.0,2,1.0180878079190303,1.6409017713365484,0.9810428845162491,0.0352460957146048,0.015029184267785867
2142.0,-0.329595,21.193019,-1.796656,22.178341,0.120668,0.069328,0.064076,0.005252,0.05134,0.056592,0.717233,0.1022964102763874,0.6968413420143347,296.0,2,1.0376332749658514,1.6914653784219273,0.9987258172763623,0.004724475038128562,0.023208819121981784
2143.0,-0.328414,21.189081,-1.796656,22.175585,0.120107,0.068929,0.064254,0.0046749999999999,0.051178,0.055853,1.061414,0.0913460599073838,0.5152024441735945,297.0,2,1.024083462444651,1.5056360708534542,0.9955744035171343,0.09930238917310774,0.010111537380734392
2144.0,-0.325789,21.189212,-1.791669,22.176241,0.120971,0.070352,0.064827,0.005525,0.050619,0.056144,0.627652,0.1091465823785065,0.8104685474205053,298.0,2,1.0294190449124039,1.7793880837359388,0.984700080730662,-0.02062112683258921,0.016439044274154112
2145.0,-0.325264,21.191706,-1.8002,22.18031,0.121403,0.069796,0.064575,0.005221,0.051607,0.056828,0.707803,0.1011664858161526,0.6780987240446577,299.0,2,1.041960414011864,1.6814814814815087,1.0039198140276828,0.005327599363046276,0.022226145197562896
2146.0,-0.316732,21.184224,-1.800594,22.182411,0.120897,0.06989,0.064874,0.0050159999999999,0.051007,0.056023,1.113277,0.0983375156838141,0.6311731920254398,300.0,2,1.0272004693845755,1.6154589371980614,0.9922479112157269,0.054167464698823165,0.019616826710051882
2147.0,-0.316338,21.188687,-1.801381,22.178473,0.12087,0.069255,0.063834,0.0054209999999999,0.051615,0.057036,0.759666,0.1050255734655919,0.7421113267189188,301.0,2,1.0457741636795361,1.7458937198067592,1.004075439398509,-0.02508365754549924,0.01121031004369485
2148.0,-0.317126,21.192494,-1.80545,22.179785,0.120447,0.06925,0.064286,0.004964,0.0511969999999999,0.056161,0.877537,0.09695691237939,0.6082724396184005,302.0,2,1.0297307456063964,1.5987117552335202,0.9959440137728444,0.06204378118932674,0.010454101186905517
2149.0,-0.316995,21.194331,-1.801906,22.178735,0.120208,0.069654,0.064601,0.0050529999999999,0.050554,0.0556069999999999,0.924685,0.0999505489071306,0.6579293748863138,303.0,2,1.0195729700492295,1.6273752012882388,0.9834356245927002,0.042814141503977776,-0.0004582841846870189
2150.0,-0.314895,21.179105,-1.806106,22.174534,0.121329,0.070189,0.064086,0.0061029999999999,0.05114,0.057243,0.938829,0.1193367356915194,0.9794976792958768,304.0,2,1.0495695780122674,1.965539452495974,0.9948351830057104,-0.06175289520240779,0.013055326698651493
2151.0,-0.316207,21.184881,-1.804925,22.178604,0.120741,0.06957,0.063682,0.005888,0.0511709999999999,0.057059,0.740807,0.1150629250371297,0.9086058602504568,305.0,2,1.0461958763831727,1.896296296296327,0.9954382313176595,-0.04881907094896554,0.01346381310206457
2152.0,-0.308463,21.191969,-1.803219,22.175585,0.120677,0.069601,0.064265,0.0053359999999999,0.051076,0.056412,0.839818,0.1044697221841532,0.7328911455629175,306.0,2,1.0343329146765197,1.7185185185185141,0.9935901800391019,-0.0028376135297647487,0.011167221993339726
2153.0,-0.308201,21.196169,-1.803744,22.174797,0.120943,0.069675,0.064307,0.0053679999999999,0.0512679999999999,0.0566359999999999,0.835103,0.1047026468236165,0.7367547821924667,307.0,2,1.0384400297032417,1.7288244766505592,0.9973251889389257,-0.009821464542817626,0.017148509450062778
2154.0,-0.308857,21.190525,-1.809518,22.170465,0.12109,0.070074,0.065525,0.0045489999999999,0.051016,0.055565,0.929399,0.0891663563126016,0.4790466185393347,308.0,2,1.0188028859817206,1.4650563607085263,0.9924229897579062,0.1145149820007959,0.015173919025448734
2155.0,-0.300588,21.199582,-1.805319,22.171909,0.120806,0.069255,0.064055,0.0051999999999999,0.051551,0.0567509999999999,0.66537,0.1008690254500309,0.6731646012784509,309.0,2,1.0405485932214258,1.6747181964573217,1.0028304364319003,0.009412463397177051,0.0202760378266044
2156.0,-0.301638,21.191181,-1.809518,22.171646,0.120778,0.070027,0.064879,0.005148,0.0507509999999999,0.0558989999999999,0.938829,0.1014344262295082,0.6825431846992378,310.0,2,1.0249268878519229,1.6579710144927804,0.9872678993492904,0.03120155361157473,0.023560269873061278
2157.0,-0.296388,21.1879,-1.810306,22.170202,0.121687,0.06989,0.064848,0.0050419999999999,0.051797,0.056839,0.863392,0.0973396656241551,0.6146213577060722,311.0,2,1.042162102696212,1.6238325281803483,1.0076159165848022,0.03472921702173126,0.02494013609577892
2158.0,-0.295338,21.191837,-1.805844,22.168758,0.120438,0.069717,0.064643,0.0050739999999999,0.050721,0.055795,0.985977,0.1000354875596387,0.6593382944830166,312.0,2,1.0230200130180886,1.6341384863123936,0.9866843042086946,0.04229787694318632,0.019881687199195384
2159.0,-0.291138,21.198926,-1.807943,22.17204,0.120383,0.069302,0.064627,0.0046749999999999,0.051081,0.055756,0.613507,0.091519517638307,0.5180796736690103,313.0,2,1.0223049349554003,1.5056360708534542,0.9936874458958681,0.09383532951553442,0.017365295168050698
2160.0,-0.292975,21.187637,-1.815556,22.171515,0.120622,0.070095,0.06447,0.005625,0.0505269999999999,0.0561519999999999,0.934114,0.1113244141861939,0.8465933247929789,314.0,2,1.0295657275919279,1.8115942028985799,0.9829103889661601,-0.02891057473783898,0.006836289509267823
2161.0,-0.292188,21.191181,-1.812012,22.171121,0.121145,0.070069,0.064417,0.005652,0.0510759999999999,0.056728,0.773811,0.1106564598547292,0.8355136346929593,315.0,3,1.0401268805177908,1.820289855072493,0.9935901800390998,-0.03502040872178913,0.004250695058626741
2162.0,-0.293106,21.192231,-1.813325,22.169284,0.120475,0.069024,0.063063,0.005961,0.051451,0.057412,0.990692,0.1158555546917517,0.9217536018303922,316.0,3,1.0526682496172508,1.9198067632850553,1.0008851192965742,-0.05342210249560009,-0.005001491280801551
2163.0,-0.291138,21.191575,-1.81595,22.171909,0.119565,0.069575,0.06374,0.0058349999999999,0.04999,0.055825,1.018981,0.1167210097817605,0.93610933506107,317.0,3,1.0235700730663106,1.8792270531400947,0.9724640359494616,-0.0349853848542645,-0.013377662442863314
2164.0,-0.287069,21.185012,-1.811093,22.170202,0.120227,0.069853,0.064569,0.0052839999999999,0.050374,0.055658,0.891681,0.1048933002481389,0.739917245194365,318.0,3,1.0205080721312085,1.7017713365539404,0.9799340537491135,0.009224925412967155,-0.016072049561534185
2165.0,-0.287331,21.181337,-1.815031,22.171121,0.120704,0.069885,0.064417,0.005468,0.050819,0.056287,0.8021,0.1075954348681621,0.7847388936036837,319.0,3,1.0320409978089284,1.7610305958132328,0.9885907150013141,-0.01644348110923377,-0.01977982725483122
2166.0,-0.282737,21.186062,-1.806894,22.171646,0.120925,0.070168,0.063708,0.0064599999999999,0.050757,0.057217,0.754952,0.1272705780369595,1.111100261013001,320.0,3,1.0490928593038082,2.0805152979066035,0.9873846183774119,-0.06132030978270819,-0.0034156699068980667
2167.0,-0.281162,21.197219,-1.813981,22.172697,0.120447,0.070305,0.064233,0.006072,0.0501419999999999,0.056214,0.886966,0.1210936720978004,1.008640855692907,321.0,3,1.030702518358255,1.9555555555555872,0.9754209179951552,-0.04903249459888637,1.8594550470929505e-06
2168.0,-0.279456,21.190525,-1.810043,22.174666,0.120824,0.069538,0.064344,0.005194,0.051286,0.05648,0.943544,0.1012732271335817,0.6798692952682752,322.0,3,1.0355797174524897,1.6727858293075955,0.9976753460232863,0.015354005756477607,0.013804090488835342
2169.0,-0.280506,21.188162,-1.808075,22.177422,0.12042,0.069759,0.064779,0.0049799999999999,0.050661,0.0556409999999999,0.853963,0.0982985274959535,0.6305264755978217,323.0,3,1.0201963714372144,1.6038647342995107,0.985517113927499,0.0567575525825641,0.016179420597679472
2170.0,-0.275518,21.18173,-1.8065,22.173616,0.119749,0.068809,0.064769,0.00404,0.05094,0.05498,0.886966,0.0793074340904183,0.3155117812062806,324.0,3,1.008076715041393,1.3011272141707135,0.9909445487350584,0.13473099874149252,0.014886539917955733
2171.0,-0.276306,21.181205,-1.806237,22.175191,0.119795,0.069685,0.064386,0.0052989999999999,0.05011,0.055409,0.679515,0.1057452455548681,0.7540488849428908,325.0,3,1.0159425737309666,1.7066022544283368,0.9747984165118528,-0.0008451151023375347,0.022547062423357866
2172.0,-0.270924,21.193413,-1.800462,22.174928,0.120218,0.069155,0.064375,0.0047799999999999,0.051063,0.055843,0.542785,0.0936080213065954,0.5527227208465757,326.0,3,1.0239001090952438,1.5394524959742277,0.9933372888115094,0.0846002078422824,0.025725754564916315
2173.0,-0.272237,21.185274,-1.804531,22.170334,0.120052,0.069439,0.064018,0.0054209999999999,0.050613,0.056034,0.934114,0.107104753625479,0.7765997202340009,327.0,3,1.0274021580689234,1.7458937198067592,0.9845833617025425,-0.011232083765823186,0.030484744121441486
2174.0,-0.271187,21.192625,-1.802956,22.173353,0.11985,0.069381,0.064008,0.005373,0.050469,0.055842,0.938829,0.1064592827422231,0.7658929742512648,328.0,3,1.0238817737603032,1.7304347826087236,0.981782105027673,-0.0037038813842702467,0.026437348341116062
2175.0,-0.272893,21.183174,-1.805712,22.169284,0.119124,0.069013,0.064149,0.004864,0.0501109999999999,0.0549749999999999,1.04727,0.0970625798212006,0.6100251979340126,329.0,3,1.0079850383666875,1.566505636070879,0.974817869683204,0.06016174394478757,0.019608048629467533
2176.0,-0.265543,21.188556,-1.797969,22.168496,0.120254,0.069696,0.064065,0.0056309999999999,0.050558,0.056189,0.915255,0.1113748294072271,0.8474295870927488,330.0,3,1.0302441349847369,1.8135265700483063,0.9835134372781131,-0.029533388367123714,0.00381534312044981
2177.0,-0.267512,21.185799,-1.800725,22.166789,0.120034,0.069927,0.064627,0.0052999999999999,0.050107,0.055407,0.759666,0.1057715334876666,0.754484935934788,331.0,3,1.015905903061085,1.7069243156199632,0.974740056997793,-0.0014425990336346395,0.0015184833808088772
2178.0,-0.261212,21.197875,-1.797181,22.169415,0.120732,0.070069,0.064522,0.005547,0.050663,0.05621,1.018981,0.1094860255802939,0.8160990603241571,332.0,3,1.030629177018492,1.7864734299517195,0.9855560202702055,-0.02511995204677664,-0.007897100618349561
2179.0,-0.263705,21.198532,-1.798231,22.167183,0.119253,0.069019,0.063551,0.005468,0.050234,0.055702,0.759666,0.1088484124614312,0.8055226549803765,333.0,3,1.0213148268686008,1.7610305958132328,0.977210609759657,-0.01153544453392119,-0.0072676391019856346
2180.0,-0.259374,21.189606,-1.796,22.168627,0.120126,0.06978,0.064139,0.0056409999999999,0.050346,0.0559869999999999,0.717233,0.1120424255665678,0.8585033360139351,334.0,3,1.0265403973267073,1.8167471819645702,0.9793893649512221,-0.023196056348684713,-0.001516356531643248
2181.0,-0.256749,21.193413,-1.7939,22.165214,0.120052,0.069691,0.064044,0.0056469999999999,0.050361,0.056008,0.646511,0.1121281918907112,0.859925984610947,335.0,3,1.0269254393604645,1.818679549114329,0.979681162521521,-0.023813712498746864,-0.0032681584906856464
2182.0,-0.256224,21.197875,-1.797312,22.167314,0.120236,0.069785,0.064359,0.005426,0.0504509999999999,0.0558769999999999,0.830388,0.1075477681756917,0.7839482225116843,336.0,3,1.0245235104832269,1.7475040257649237,0.9814319479433125,-0.009555632149301996,0.007811751644496967
2183.0,-0.257143,21.180155,-1.793506,22.165345,0.120484,0.06936,0.064018,0.0053419999999999,0.0511239999999999,0.0564659999999999,1.113277,0.1044889975550122,0.7332108757085589,337.0,3,1.0353230227633174,1.7204508856682725,0.9945239322640563,-0.004937468602183914,0.008641064276306143
2184.0,-0.24848,21.191969,-1.790094,22.170202,0.119914,0.069239,0.064249,0.0049899999999999,0.050675,0.055665,0.905825,0.0984687031336331,0.6333492633832212,338.0,3,1.0206364194757938,1.6070853462157748,0.9857894583264446,0.05380894431915362,0.016916127293822848
2185.0,-0.255961,21.189737,-1.788519,22.169021,0.120172,0.06988,0.0649,0.0049799999999999,0.050292,0.055272,0.844533,0.0990197442984112,0.642489656746204,339.0,3,1.0134306328440865,1.6038647342995107,0.9783388936981461,0.04264372435436359,0.02130228262485706
2186.0,-0.252811,21.190919,-1.788519,22.168365,0.120502,0.069433,0.064569,0.0048639999999999,0.051069,0.055933,1.03784,0.0952418249461522,0.5798234329130407,340.0,3,1.0255502892399095,1.5665056360708465,0.9934540078396291,0.08126571298470242,0.021824546192583505
2187.0,-0.249136,21.189475,-1.786812,22.168496,0.119813,0.069502,0.064212,0.0052899999999999,0.050311,0.055601,0.835103,0.1051439020512002,0.7440741017122916,341.0,3,1.0194629580395869,1.703703703703699,0.978708503953858,0.00685052728445712,0.022187429828281147
2188.0,-0.245724,21.186193,-1.782875,22.172303,0.120116,0.069822,0.064895,0.004927,0.050294,0.055221,0.651226,0.0979620240580574,0.6249447260172716,342.0,3,1.012495530762109,1.5867954911433428,0.9783778000408525,0.0576306781283904,0.030909479948765594
2189.0,-0.249005,21.185799,-1.788912,22.170334,0.119758,0.069622,0.064533,0.005089,0.050136,0.055225,1.042555,0.1015018848355508,0.683662154087298,343.0,3,1.0125688721018722,1.638969404186822,0.9753041989670376,0.03232610877642095,0.027365296124731365
2190.0,-0.250449,21.176742,-1.786287,22.172434,0.12053,0.069754,0.064323,0.0054309999999999,0.050776,0.0562069999999999,0.773811,0.1069578746282764,0.774163365389744,344.0,3,1.0305741710136682,1.7491143317230236,0.9877542286331239,-0.01797342067142027,0.02445556873617717
2191.0,-0.244805,21.179236,-1.782219,22.170202,0.120447,0.069565,0.06406,0.0055049999999999,0.050882,0.0563869999999999,0.585218,0.108189375626437,0.7945908838213778,345.0,3,1.0338745313029998,1.772946859903378,0.9898162647965694,-0.020184876141770447,0.018895710457118454
2192.0,-0.241655,21.183305,-1.780644,22.169677,0.11996,0.069307,0.064559,0.0047479999999999,0.050653,0.0554009999999999,0.962403,0.0937339598057406,0.5548117252537044,346.0,3,1.0157958910514389,1.5291465378421825,0.9853614885566728,0.07766486905554248,0.007549145445456229
2193.0,-0.243492,21.184487,-1.778806,22.170596,0.120557,0.069685,0.06385,0.0058349999999999,0.050872,0.0567069999999999,0.995407,0.1146973836809308,0.9025424443032248,347.0,3,1.0397418384840338,1.8792270531400947,0.9896217330830368,-0.04037930684252622,0.01432796627759685
2194.0,-0.242836,21.193281,-1.774344,22.175322,0.119381,0.068945,0.063777,0.005168,0.0504359999999999,0.055604,0.990692,0.1024644606142317,0.6996288763962673,348.0,3,1.0195179640444092,1.6644122383253086,0.9811401503730135,0.024711670433611665,0.009976677989762994
2195.0,-0.237323,21.175167,-1.77605,22.16784,0.12075,0.070268,0.064816,0.0054519999999999,0.050482,0.055934,0.655941,0.1079967513816532,0.7913957298453935,349.0,3,1.0255686245748503,1.7558776167471781,0.9820349962552655,-0.01295485843622357,0.0067293147371166985
2196.0,-0.239161,21.180418,-1.77605,22.173353,0.121311,0.070352,0.064695,0.0056569999999999,0.050959,0.056616,0.91997,0.1110086342229198,0.8413553257740933,350.0,3,1.038073323004429,1.821900161030593,0.9913141589907704,-0.03219993713191982,0.013520948719146452
2197.0,-0.233779,21.179368,-1.772638,22.171253,0.120925,0.069512,0.064701,0.004811,0.051413,0.056224,0.769096,0.0935737347804101,0.5521539932152926,351.0,3,1.0308858717076625,1.5494363929146788,1.0001458987851504,0.07463873560586332,0.017773721720119196
2198.0,-0.234436,21.181862,-1.774475,22.17309,0.120401,0.069475,0.064254,0.0052209999999999,0.050926,0.0561469999999999,0.915255,0.1025192923203799,0.7005383971271908,352.0,3,1.0294740509172242,1.6814814814814765,0.9906722043361128,0.014117795250051857,0.01391717146640703
2199.0,-0.234567,21.180549,-1.770669,22.170728,0.121109,0.069985,0.064669,0.005316,0.0511239999999999,0.0564399999999999,0.613507,0.1039804400977995,0.7247751806938791,353.0,3,1.0348463040548586,1.712077294686018,0.9945239322640563,-0.00014752375004201124,0.026101806759393942
2200.0,-0.228792,21.179761,-1.768044,22.168758,0.120025,0.069118,0.064065,0.005053,0.050907,0.05596,0.853963,0.0992574840889447,0.6464331646770216,354.0,3,1.0260453432833094,1.6273752012882712,0.9903025940804009,0.049942919148877274,0.023614032871865465
2201.0,-0.231548,21.178843,-1.769094,22.167971,0.11951,0.069129,0.063939,0.00519,0.050381,0.055571,0.915255,0.1030129808264856,0.7087274534682109,355.0,3,1.018912897991365,1.6714975845410898,0.9800702259485863,0.02234285386795698,0.03399378195334063
2202.0,-0.232467,21.188031,-1.765813,22.165739,0.119234,0.068998,0.063966,0.005032,0.050236,0.055268,0.849248,0.1001652168720267,0.6614901789913425,356.0,3,1.0133572915043234,1.6206119162641164,0.9772495161023635,0.03909936651842083,0.044545333573367395
2203.0,-0.231417,21.186062,-1.764369,22.168627,0.119758,0.069013,0.06427,0.004743,0.050745,0.055488,0.849248,0.0934654948173257,0.5503585632121908,357.0,3,1.0173910651912843,1.5275362318840826,0.9871511803211728,0.0814670460873429,0.040561644815768204
2204.0,-0.229448,21.181205,-1.763581,22.169546,0.120484,0.069685,0.064386,0.0052989999999999,0.050799,0.0560979999999999,0.660655,0.1043110236220472,0.7302587337278188,358.0,3,1.0285756195051283,1.7066022544283368,0.9882016515742488,-0.0001660684416731062,0.03431635882736617
2205.0,-0.222754,21.182518,-1.761875,22.16482,0.11963,0.068525,0.063824,0.0047009999999999,0.051105,0.0558059999999999,0.608793,0.0919852854850701,0.5258055961723849,359.0,3,1.023221701702435,1.514009661835741,0.9941543220083463,0.09084263237852808,0.03277839398028261
2206.0,-0.225904,21.185537,-1.757806,22.16587,0.120227,0.069512,0.064627,0.004885,0.0507149999999999,0.0556,0.806814,0.0963206877513999,0.5977190658620353,360.0,3,1.019444622704646,1.5732689210950332,0.9865675851805731,0.07331557906834785,0.026777621593276735
2207.0,-0.225904,21.182387,-1.75925,22.167314,0.120116,0.069355,0.064244,0.005111,0.050761,0.055872,0.905825,0.1006855521847051,0.6701212391417153,361.0,3,1.024431833808525,1.646054750402603,0.9874624310628249,0.03480184802987141,0.031710528974450036
2208.0,-0.22026,21.180155,-1.756625,22.167577,0.121155,0.070273,0.064328,0.005945,0.050882,0.056827,0.736092,0.1168366645048445,0.9380277573693204,362.0,3,1.0419420786769233,1.9146537842190325,0.9898162647965694,-0.04833506463396853,0.025236692712261154
2209.0,-0.224329,21.180943,-1.762531,22.166264,0.120925,0.070105,0.064664,0.005441,0.05082,0.056261,0.882251,0.1070620412821471,0.775891229390735,363.0,3,1.0315642791004693,1.7523349436393196,0.9886101681726672,-0.015527172220877627,0.01627291819184017
2210.0,-0.222885,21.175561,-1.755313,22.165477,0.120769,0.069696,0.064307,0.0053889999999999,0.051073,0.056462,0.971833,0.1055135685475974,0.7502059434079043,364.0,3,1.0352496814235563,1.735587761674714,0.9935318205250421,-0.01006480472118143,0.012076959989428504
2211.0,-0.213435,21.191706,-1.752556,22.172303,0.119859,0.069281,0.064422,0.004859,0.050578,0.055437,0.745522,0.0960675379109907,0.5935199437836547,365.0,3,1.016455963109307,1.5648953301127466,0.9839025007051784,0.07167192767969,-0.002240866985160084
2212.0,-0.22236,21.181074,-1.749144,22.169677,0.120668,0.070168,0.064569,0.0055989999999999,0.0505,0.0560989999999999,1.023696,0.1108690917011542,0.8390406646900828,366.0,3,1.028593954840069,1.803220611916261,0.9823851533396242,-0.02563899610346798,-0.008744912851370778
2213.0,-0.214879,21.177399,-1.751769,22.168758,0.121733,0.071072,0.065662,0.0054099999999999,0.050661,0.0560709999999999,1.018981,0.1067861513560459,0.7713149062217299,367.0,3,1.0280805654617287,1.7423510466988688,0.985517113927499,-0.008170699116866964,-0.015413083642019565
2214.0,-0.219079,21.183437,-1.749013,22.166527,0.121421,0.070079,0.064375,0.005704,0.051342,0.057046,0.985977,0.1110959624486298,0.8428038824077926,368.0,3,1.0459575170289432,1.8370370370370668,0.9987647236190689,-0.042125650465789755,-0.0017827497855270823
2215.0,-0.212122,21.176086,-1.751375,22.174009,0.121495,0.071014,0.064785,0.0062289999999999,0.050481,0.05671,0.618222,0.1233905154312427,1.0467397363260087,369.0,3,1.0397968444888577,2.006119162640902,0.9820155430839121,-0.0523356373673578,-0.0003940995399732472
2216.0,-0.219866,21.173855,-1.746388,22.170465,0.120557,0.069528,0.06426,0.005268,0.0510289999999999,0.056297,0.891681,0.1032333921222812,0.7123835250541286,370.0,3,1.0322243511583358,1.69661835748795,0.9926758809854966,0.008275120406240899,-0.004141543152569283
2217.0,-0.21816,21.183962,-1.746519,22.172434,0.121412,0.070174,0.064575,0.005599,0.051238,0.056837,0.934114,0.1092722340404771,0.8125527939170185,371.0,3,1.0421254320263305,1.8032206119162932,0.9967415937983299,-0.031879859876616456,-0.0135049773588778
2218.0,-0.215798,21.18068,-1.738775,22.172303,0.120383,0.069118,0.064386,0.004732,0.051265,0.055997,0.849248,0.0923028908048219,0.5310738732853579,372.0,3,1.0267237506761164,1.5239935587761921,0.9972668294248679,0.0879682739309563,-0.005760646667878044
2219.0,-0.213172,21.179105,-1.744944,22.175322,0.120851,0.069796,0.06447,0.0053259999999999,0.051055,0.056381,0.816244,0.1043168285803822,0.7303550234535774,373.0,3,1.033764519293357,1.71529790660225,0.9931816634406834,-0.0016406697653392754,-0.009958866904525266
2220.0,-0.210547,21.181074,-1.739432,22.17926,0.121568,0.070268,0.064438,0.00583,0.0513,0.05713,0.745522,0.1136430089082084,0.8850530065067432,374.0,3,1.0474976851639648,1.877616747181995,0.997947690422232,-0.047539240847141784,-0.0028561288695665545
2221.0,-0.20976,21.186456,-1.73615,22.179785,0.120153,0.069843,0.064212,0.0056309999999999,0.0503099999999999,0.0559409999999999,1.004836,0.1119238337540497,0.8565361947451315,375.0,3,1.0256969719194338,1.8135265700483063,0.9786890507825029,-0.02196241438339519,0.009356629903435155
2222.0,-0.208054,21.180811,-1.736544,22.184905,0.120447,0.069565,0.064527,0.005038,0.050882,0.05592,1.042555,0.0990114576577639,0.6423522021239072,376.0,3,1.02531192988568,1.6225442834138748,0.9898162647965694,0.051804310806529585,0.0032850287842015715
2223.0,-0.208972,21.178843,-1.735757,22.179523,0.120962,0.070252,0.064207,0.0060449999999999,0.05071,0.056755,0.858677,0.1192049062333614,0.977310958627054,377.0,3,1.0406219345611907,1.9468599033816418,0.9864703193238087,-0.050152901483339174,0.00783669350840035
2224.0,-0.210416,21.180286,-1.728407,22.185036,0.120135,0.069181,0.064034,0.005147,0.050954,0.056101,0.839818,0.1010106957119029,0.6755145562439169,378.0,3,1.0286306255099524,1.6576489533011538,0.9912168931340041,0.028901729883797356,-0.0028260828330952
2225.0,-0.209629,21.188162,-1.728538,22.182936,0.119804,0.069202,0.064323,0.0048789999999999,0.0506019999999999,0.0554809999999999,0.736092,0.0964172084659011,0.5993201028708981,379.0,3,1.0172627178466973,1.5713365539452429,0.9843693768176547,0.06979195036265928,0.0053577754830471894
2226.0,-0.212779,21.178711,-1.730638,22.176897,0.121779,0.071502,0.065016,0.0064859999999999,0.050277,0.0567629999999999,0.693659,0.1290027447392496,1.1398325700330845,380.0,3,1.0407686172407145,2.0888888888888903,0.9780470961278472,-0.05244089078609493,0.01114572665313327
2227.0,-0.208054,21.186849,-1.726307,22.183724,0.120631,0.0701,0.064863,0.0052369999999999,0.050531,0.055768,0.754952,0.1036372991371802,0.719083331228739,381.0,3,1.022524958974689,1.686634460547499,0.9829882016515752,0.013636787365371328,0.010599673871351278
2228.0,-0.202541,21.183305,-1.722763,22.183592,0.121954,0.070195,0.064811,0.005384,0.051759,0.057143,0.787955,0.1040185471406491,0.7254072811317573,382.0,3,1.0477360445181942,1.733977455716614,1.0068766960733784,-0.018659489483999203,0.005261690322293966
2229.0,-0.206479,21.18383,-1.722632,22.181361,0.121008,0.070079,0.065242,0.004837,0.050929,0.055766,0.825674,0.0949734930296486,0.5753724782013856,383.0,3,1.0224882883048076,1.5578099838969657,0.9907305638501727,0.08019791339608462,0.0074481482001503615
2230.0,-0.207135,21.187375,-1.720663,22.180573,0.121439,0.070363,0.065137,0.0052259999999999,0.051076,0.056302,0.830388,0.1023161109697122,0.6971681271948666,384.0,3,1.0323160278330394,1.6830917874396085,0.9935901800391019,0.010340270853719025,0.012063810911649242
2231.0,-0.203328,21.178186,-1.716332,22.182411,0.1203,0.069192,0.063651,0.005541,0.051108,0.056649,0.769096,0.108415347590444,0.798339192971496,385.0,3,1.0386783890574731,1.7845410628019611,0.9942126815224062,-0.027422942201215106,-0.0006355997988746753
2232.0,-0.202803,21.181337,-1.7183,22.183855,0.120401,0.070053,0.064737,0.005316,0.0503479999999999,0.0556639999999999,1.066129,0.1055830304474766,0.7513581424253626,386.0,3,1.0206180841408512,1.712077294686018,0.9794282712939266,-0.0015755246840435388,0.0066292116103234934
2233.0,-0.200572,21.177399,-1.713838,22.179785,0.120502,0.069995,0.06438,0.0056149999999999,0.0505069999999999,0.0561219999999999,0.769096,0.1111705076423535,0.8440404005438367,387.0,3,1.029015667543706,1.8083735909822836,0.982521325539095,-0.028288322704775215,0.0018167147581506725
2234.0,-0.20031,21.18895,-1.7162,22.183592,0.120704,0.069486,0.064622,0.004864,0.051218,0.056082,0.835103,0.0949647591714013,0.5752276053587384,388.0,3,1.0282822541460785,1.566505636070879,0.9963525303712647,0.07505835699878616,0.0008848171849620389
2235.0,-0.20031,21.180943,-1.714757,22.181623,0.120888,0.069985,0.063939,0.006046,0.0509029999999999,0.056949,0.754952,0.1187725915448689,0.9701399402676398,389.0,3,1.0441789895396925,1.9471819645733004,0.9902247813949859,-0.05720215674257989,-0.01182499327376325
2236.0,-0.198997,21.179499,-1.71305,22.177554,0.120622,0.070394,0.065189,0.005205,0.0502279999999999,0.0554329999999999,0.811529,0.1036253956877501,0.7188858828036091,390.0,3,1.0163826217695422,1.6763285024154861,0.9770938907315354,0.020207223305886757,-0.012770102092232727
2237.0,-0.202016,21.169523,-1.708063,22.17716,0.121274,0.069827,0.064275,0.005552,0.051447,0.056999,0.740807,0.1079147877468512,0.790036158344321,391.0,3,1.045095756286729,1.7880837359098516,1.0008073066111611,-0.03448818115635688,-0.013224217760703117
2238.0,-0.198341,21.175036,-1.709507,22.180442,0.120153,0.070284,0.064569,0.0057149999999999,0.049869,0.0555839999999999,0.938829,0.1145979546821736,0.9008931661395978,392.0,3,1.0191512573455925,1.840579710144925,0.9701102022157171,-0.02797846521588554,-0.014588367902841227
2239.0,-0.194928,21.17753,-1.702157,22.179785,0.121449,0.070221,0.064391,0.00583,0.0512279999999999,0.057058,0.952974,0.1138027289230709,0.8877023616858115,393.0,3,1.0461775410482321,1.877616747181995,0.9965470620847954,-0.04690019119116828,-0.009153879098874074
2240.0,-0.200572,21.183174,-1.700451,22.17821,0.120769,0.069911,0.064611,0.0052999999999999,0.050858,0.056158,0.868107,0.1042096777364871,0.7285776592111592,394.0,3,1.029675739601574,1.7069243156199632,0.9893493886840912,0.0008891826690242688,-0.009084148643201307
2241.0,-0.195453,21.180155,-1.699007,22.175322,0.120668,0.070006,0.06426,0.005746,0.050662,0.056408,0.943544,0.1134161024811006,0.8812891969532597,395.0,3,1.034259573336757,1.8505636070853761,0.9855365670988522,-0.031964098885919,0.0041626890640025895
2242.0,-0.197291,21.188293,-1.696644,22.175585,0.120714,0.070352,0.064832,0.0055199999999999,0.050362,0.055882,0.863392,0.1096042729781783,0.8180604886164489,396.0,3,1.0246151871579323,1.7777777777777743,0.9797006156928743,-0.015217026105424636,0.005605965856536254
2243.0,-0.195322,21.176742,-1.691132,22.171253,0.119896,0.069617,0.064454,0.005163,0.050279,0.055442,0.839818,0.1026849642004773,0.7032864788496966,397.0,3,1.0165476397840107,1.6628019323671765,0.9780860024705537,0.02605656533489631,0.013652802463818359
2244.0,-0.195847,21.171229,-1.691263,22.175716,0.119969,0.068431,0.063619,0.004812,0.051538,0.05635,0.839818,0.0933661887114614,0.5487113235339882,398.0,3,1.0331961239101946,1.5497584541063054,1.002577545204308,0.07575566155551383,0.02429852521110961
2245.0,-0.194928,21.18068,-1.689294,22.174272,0.120071,0.069202,0.064307,0.0048949999999999,0.050869,0.0557639999999999,0.990692,0.0962256732848436,0.5961430137356059,399.0,3,1.0224516176349243,1.5764895330112656,0.989563373568977,0.07526622032945907,0.03682823036376685
2246.0,-0.192434,21.176086,-1.685488,22.17506,0.119538,0.06884,0.063708,0.0051319999999999,0.050698,0.05583,1.023696,0.1012248762303003,0.67906727483188,400.0,3,1.0236617497410143,1.6528180354267255,0.9862368812675696,0.03463999123122341,0.03582606856755675
2247.0,-0.185215,21.171361,-1.679319,22.17611,0.120172,0.069328,0.06427,0.005058,0.050844,0.055902,1.02841,0.0994788081423936,0.6501043766272707,401.0,3,1.024981893856747,1.6289855072464032,0.9890770442851455,0.04598018491646416,0.03976880955366865
2248.0,-0.191253,21.165979,-1.680894,22.175191,0.119666,0.069092,0.064396,0.004696,0.0505739999999999,0.05527,0.886966,0.0928521997034109,0.540185532689083,402.0,3,1.013393962174205,1.5123993558776412,0.9838246880197633,0.07847876225702699,0.03966221467906476
2249.0,-0.18994,21.182124,-1.678401,22.179523,0.11963,0.068971,0.064212,0.0047589999999999,0.0506589999999999,0.0554179999999999,1.070844,0.0939399921042242,0.5582292852727955,403.0,3,1.0161075917454312,1.532689210950073,0.9854782075847904,0.07839686033540416,0.043312955600974465
2250.0,-0.191384,21.179761,-1.673019,22.181623,0.118996,0.068987,0.063682,0.005305,0.050009,0.055314,0.995407,0.1060787842431514,0.7595814567497723,404.0,3,1.0142007169115972,1.7085346215781274,0.9728336462051734,-0.009132435293076835,0.04705762821360916
2251.0,-0.192959,21.183437,-1.679188,22.182542,0.119161,0.069029,0.063792,0.0052369999999999,0.050132,0.055369,1.066129,0.104462130732252,0.7327652223814782,405.0,3,1.0152091603333373,1.686634460547499,0.9752263862816245,0.007463310975200033,0.04638340259290241
2252.0,-0.190728,21.179236,-1.672232,22.178473,0.119115,0.069754,0.06427,0.005484,0.049361,0.054845,0.764381,0.1110976054454844,0.8428311356122811,406.0,3,1.0056014448243942,1.7661835748792556,0.9602279911682612,-0.016282974851463572,0.051150303961239
2253.0,-0.192172,21.17858,-1.667638,22.183724,0.119005,0.069082,0.064307,0.004775,0.0499229999999999,0.054698,1.033125,0.0956453809790882,0.5865174171755878,407.0,3,1.0029061505881067,1.5378421900161279,0.9711606734687912,0.06256397455399343,0.04585986530003575
2254.0,-0.189809,21.176086,-1.662388,22.182017,0.11963,0.069213,0.064774,0.0044389999999999,0.050417,0.054856,0.6748,0.0880439525566265,0.4604287502248463,408.0,3,1.0058031335087423,1.4296296296296205,0.9807705401173035,0.11320238768186075,0.0441546460982693
2255.0,-0.188497,21.174642,-1.661207,22.179392,0.119767,0.069502,0.064743,0.0047589999999999,0.050265,0.055024,0.91997,0.0946763219671348,0.570443154257745,409.0,3,1.0088834697787852,1.532689210950073,0.977813658071608,0.06852396412239159,0.03755856552244158
2256.0,-0.189022,21.185799,-1.662651,22.183855,0.120328,0.069229,0.064412,0.004817,0.051099,0.055916,0.957688,0.09426614481409,0.5636393421889185,410.0,3,1.0252385885459172,1.5513687600644372,0.9940376029802268,0.08230900491458926,0.03799856121631136
2257.0,-0.185084,21.181074,-1.653332,22.183724,0.119997,0.069817,0.064443,0.005374,0.05018,0.055554,0.971833,0.107092325780674,0.7763935734024527,411.0,3,1.0186011972973725,1.7307568438003502,0.976160138506581,-0.006924201695568288,0.04487893792228076
2258.0,-0.181934,21.172148,-1.654251,22.190156,0.119418,0.069654,0.064916,0.0047379999999999,0.049764,0.0545019999999999,0.703089,0.0952074751331255,0.5792536555115009,412.0,3,0.9993124249397216,1.5259259259259186,0.9680676192236249,0.06142657023936249,0.05284303414850285
2259.0,-0.184034,21.179105,-1.644276,22.196326,0.120502,0.069806,0.064533,0.005273,0.0506959999999999,0.055969,0.731378,0.1040100992169164,0.7252671512268565,413.0,3,1.026210361297776,1.6982286634460821,0.9861979749248612,0.012436054577126932,0.05712107367006171
2260.0,-0.185872,21.175298,-1.650182,22.197901,0.120025,0.069664,0.064302,0.005362,0.050361,0.055723,1.042555,0.1064691632580121,0.7660568672718098,414.0,3,1.0216998689023562,1.726892109500833,0.979681162521521,-0.004732478354379066,0.05672774210880396
2261.0,-0.185478,21.173855,-1.64257,22.198295,0.120263,0.06988,0.065158,0.004722,0.050383,0.055105,1.084988,0.093720228644014,0.554583959657349,415.0,3,1.0103686319089844,1.5207729468599278,0.9801091322912927,0.07626707803489408,0.048100153160758496
2262.0,-0.184034,21.181205,-1.636007,22.205646,0.120172,0.069591,0.064648,0.004943,0.050581,0.055524,0.78324,0.0977225099837887,0.6209717871613003,416.0,3,1.0180511372491505,1.5919484702093656,0.9839608602192382,0.06335798741075738,0.04511971636429861
2263.0,-0.18784,21.16506,-1.639813,22.207484,0.119593,0.069507,0.065173,0.004334,0.050086,0.05442,0.66537,0.0865294387765289,0.4353067582783385,417.0,3,0.9978089274745836,1.3958132045088794,0.9743315403993745,0.10534436976958195,0.05560241658096606
2264.0,-0.18469,21.178186,-1.630626,22.209059,0.119418,0.069586,0.065578,0.0040079999999999,0.049832,0.05384,1.03784,0.0804286316296429,0.3341096414047062,418.0,3,0.9871744332089596,1.2908212560386358,0.9693904348756466,0.10926907206928327,0.049817004532134
2265.0,-0.185215,21.175167,-1.630626,22.214573,0.119354,0.06957,0.064181,0.005389,0.0497839999999999,0.055173,0.66537,0.1082454554584715,0.7955211078360058,419.0,3,1.011615434684954,1.7355877616747462,0.9684566826506881,-0.017751925358063025,0.04765653856048059
2266.0,-0.180884,21.177267,-1.624195,22.215098,0.118812,0.069055,0.064239,0.004816,0.0497569999999999,0.0545729999999999,0.91054,0.0967884561276579,0.6054781721412961,420.0,3,1.0006142337205135,1.5510466988728109,0.96793144702415,0.05250463694999041,0.04772856427373719
2267.0,-0.174321,21.17333,-1.624195,22.207222,0.119005,0.069076,0.064617,0.004459,0.049929,0.054388,0.863392,0.089305027037853,0.4813468187017651,421.0,3,0.9972221967564802,1.436070853462181,0.9712773924969128,0.09790280047110622,0.051041364209753304
2268.0,-0.180096,21.171754,-1.621045,22.210503,0.119308,0.069523,0.064302,0.005221,0.0497849999999999,0.055006,0.901111,0.1048688386293336,0.7395114881793412,422.0,3,1.0085534337498518,1.6814814814815087,0.9684761358220413,0.003572449751041873,0.05027237542853671
2269.0,-0.182853,21.176742,-1.612251,22.21431,0.119189,0.069297,0.063992,0.005305,0.049892,0.055197,0.707803,0.1063275409376065,0.7637077075352474,423.0,3,1.0120554827235317,1.7085346215781274,0.9705576251568421,-0.009168605139407204,0.03588394664973373
2270.0,-0.181409,21.177267,-1.614351,22.215754,0.119427,0.069428,0.064149,0.005279,0.049999,0.055278,0.905825,0.1055800000000001,0.7513078748886122,424.0,3,1.0135406448537307,1.7001610305958406,0.972639114491641,-0.004012221221813106,0.019650939352546904
2271.0,-0.179834,21.174511,-1.613826,22.213785,0.119528,0.069486,0.065278,0.004208,0.0500419999999999,0.0542499999999999,1.089703,0.0840876845912516,0.3948041694052717,425.0,3,0.9946919205346575,1.355233494363951,0.9734756008598291,0.10939507739505527,0.10939507739505527
2272.0,-0.180228,21.171492,-1.612514,22.215098,0.119409,0.069297,0.064407,0.0048899999999999,0.050112,0.0550019999999999,1.28301,0.0975794703969028,0.6185991185220299,426.0,3,1.0084800924100872,1.5748792270531333,0.9748373228545593,0.055668099598591425,0.055668099598591425
2273.0,-0.177078,21.179236,-1.609757,22.216936,0.11895,0.069307,0.063309,0.0059979999999999,0.049643,0.0556409999999999,0.868107,0.1208202401095799,1.0041053035597662,427.0,3,1.0201963714372144,1.9317230273752004,0.9657137854898804,-0.038539918018447805,-0.038539918018447805
2274.0,-0.177209,21.167423,-1.605033,22.211685,0.120631,0.071056,0.064113,0.0069429999999999,0.049575,0.056518,0.858677,0.1400476036791994,1.3230391284586194,428.0,3,1.0362764601802372,2.2360708534621616,0.9643909698378588,-0.05306100090258503,-0.05306100090258503
