elapsed_runtime_s,Temperature TS inlet (Mean),Temperature TS outlet (Mean),Tank temperature (Mean),Bypass temperature (Mean),Pump outlet pressure (Mean),TS inlet pressure (Mean),TS outlet pressure (Mean),Differential pressure (Mean),Pump to inlet DP,Total system DP,Flow rate (Mean),Pressure_Ratio,Relative_Ratio_Dev,run_specific_time_s,label,rel_tot_dp_change,rel_ts_dp_change,rel_p_ts_dp_change,anomaly_score,smooth_score
3155.0,-1.372673,21.124763,-1.573401,22.025933,0.125307,0.073639,0.067562,0.0060769999999999,0.051668,0.057745,0.698374,0.117614043236757,0.333524595435376,0.0,0,1.004208476079509,1.3042171906856885,0.9818986896741773,0.11726707478115506,0.11726707478115506
3156.0,-1.369129,21.120825,-1.576814,22.025802,0.125316,0.072531,0.067667,0.0048639999999999,0.052785,0.057649,0.637081,0.092145644678513,0.0447603037818515,1.0,0,1.0025389979653236,1.043888829273517,1.0031261580562718,0.23113032177159304,0.23113032177159304
3157.0,-1.363223,21.124632,-1.578651,22.027508,0.12415,0.07219,0.067919,0.004271,0.0519599999999999,0.056231,0.797385,0.0821962625815517,0.0680471924197232,2.0,0,0.9778794149870442,0.9166219551454116,0.9874478577740605,0.2543064021894349,0.2543064021894349
3158.0,-1.365585,21.128044,-1.589151,22.022389,0.125519,0.073775,0.068329,0.0054459999999999,0.051744,0.0571899999999999,0.514496,0.1052468837568845,0.1933039985727764,3.0,0,0.9945568057318731,1.168794935078862,0.9833429937001748,0.15937462633721228,0.15937462633721228
3159.0,-1.370573,21.122794,-1.585214,22.023833,0.124885,0.072274,0.067804,0.00447,0.0526109999999999,0.0570809999999999,0.769096,0.0849616057173268,0.0366933422765795,4.0,0,0.9926612524563919,0.9593304002575487,0.9998194619967493,0.2609646881917306,0.2609646881917306
3160.0,-1.361385,21.115968,-1.594926,22.023176,0.125078,0.072662,0.067058,0.0056039999999999,0.0524159999999999,0.0580199999999999,0.8021,0.1069118797336741,0.2121819575753452,5.0,0,1.0089908352607673,1.2027041528060864,0.9961136819300452,0.15260823356019027,0.1866908292103892
3161.0,-1.361516,21.128307,-1.604114,22.026589,0.124536,0.072584,0.067268,0.005316,0.051952,0.057268,0.773811,0.1023232537100841,0.1601554691279199,6.0,0,0.9959132566996505,1.1408949458096485,0.9872958257713257,0.178368617956781,0.1959915581371994
3162.0,-1.360729,21.127126,-1.608051,22.027114,0.124407,0.073082,0.067231,0.0058509999999999,0.051325,0.057176,0.872822,0.1139968047383391,0.2925118356284035,7.0,0,0.9943133401735561,1.2557141324176333,0.9753803175568466,0.11394401112912322,0.1893691703359484
3163.0,-1.356135,21.120037,-1.614876,22.027377,0.124563,0.0724,0.067142,0.005258,0.0521629999999999,0.057421,0.924685,0.1007974848554561,0.1428560868551758,8.0,0,0.9985739874441334,1.128447258289528,0.991305669843501,0.18498073544277016,0.18600644478613393
3164.0,-1.353904,21.116887,-1.620257,22.023308,0.125399,0.072589,0.067552,0.005037,0.05281,0.057847,0.938829,0.095377856885876,0.0814075812460608,9.0,0,1.005982296575831,1.0810172765318282,1.0036012580648237,0.21396358074390143,0.1919100764042303
3165.0,-1.347472,21.115312,-1.628395,22.026721,0.125362,0.072657,0.067499,0.0051579999999999,0.052705,0.057863,0.91054,0.0978636208401319,0.1095915232331095,10.0,0,1.006260542928195,1.1069857280824025,1.0016058380289061,0.2102743640492571,0.1922001606696228
3166.0,-1.353772,21.127388,-1.629707,22.026064,0.125886,0.072636,0.067226,0.00541,0.0532499999999999,0.05866,0.670085,0.1015943362565963,0.15189090032714,11.0,0,1.020120689355338,1.1610687842043261,1.0119630182153334,0.1649064437590833,0.2016719138955961
3167.0,-1.35666,21.121875,-1.638895,22.025802,0.125261,0.073004,0.067977,0.005027,0.052257,0.057284,0.575789,0.0961957977725899,0.0906815102772182,12.0,0,0.9961915030520148,1.078871123511118,0.9930920458756577,0.22067914669128996,0.20499069224191496
3168.0,-1.346422,21.127782,-1.642963,22.029346,0.125344,0.072883,0.067851,0.005032,0.052461,0.057493,0.938829,0.0959170447180818,0.087520968865586,13.0,0,0.9998260960297725,1.0799442000214732,0.9969688619454404,0.21841094251817594,0.2102603083459254
3169.0,-1.344847,21.117281,-1.650838,22.026196,0.124683,0.072552,0.068161,0.004391,0.052131,0.056522,0.618222,0.0842284968925037,0.0450054334361735,14.0,0,0.9829400205206685,0.9423757913939365,0.9906975418325566,0.2638655308456558,0.20693606902799933
3170.0,-1.342353,21.115181,-1.653463,22.027902,0.12482,0.07282,0.068187,0.0046329999999999,0.052,0.056633,0.726663,0.0890944404915289,0.0101653207588792,15.0,0,0.9848703545901953,0.9943126944951067,0.9882080177877451,0.24732576581992305,0.200425290589496
3171.0,-1.33369,21.114787,-1.659763,22.024358,0.124885,0.072704,0.067604,0.0051,0.0521809999999999,0.057281,0.943544,0.0977348510980799,0.1081315137525362,16.0,0,0.9961393318609464,1.094538040562304,0.9916477418496584,0.21155640141996968,0.20293388156463155
3172.0,-1.328834,21.112556,-1.662651,22.025277,0.125298,0.072914,0.067415,0.005499,0.0523839999999999,0.0578829999999999,0.406056,0.1049727975565525,0.1901963706114076,17.0,0,1.0066083508686485,1.1801695460886488,0.995505553919099,0.1666401721692275,0.21228816086748875
3173.0,-1.336315,21.118594,-1.666982,22.022914,0.126557,0.073277,0.067788,0.0054889999999999,0.05328,0.058769,0.868107,0.1030198382162495,0.1680534424158621,18.0,0,1.0220162426308192,1.178023393067917,1.0125331382255975,0.15173834226350935,0.21602050532067865
3174.0,-1.328309,21.121219,-1.676301,22.025802,0.124719,0.072552,0.066974,0.005578,0.0521669999999999,0.0577449999999999,0.707803,0.1069237846955988,0.2123169377111979,19.0,0,1.0042084760795071,1.1971241549522609,0.9913816858448694,0.14885579635886848,0.21964505560880107
3175.0,-1.330803,21.136183,-1.677876,22.032759,0.125041,0.071885,0.067105,0.00478,0.053156,0.057936,1.188714,0.089922305622966,0.0195517722751523,20.0,0,1.0075300419108568,1.025861143899571,1.0101766421831806,0.23536027380061258,0.2173267041702583
3176.0,-1.324765,21.1266,-1.685488,22.028296,0.124875,0.072122,0.067583,0.004539,0.0527529999999999,0.0572919999999999,1.000122,0.0860408689388482,0.0244565037899506,21.0,0,0.996330626228195,0.9741388561004503,1.0025180300453236,0.258449236787655,0.21145900489958153
3177.0,-1.327128,21.1266,-1.689951,22.028296,0.124921,0.072332,0.067804,0.0045279999999999,0.052589,0.057117,0.632367,0.0861000190150216,0.0237858518913477,22.0,0,0.9932873067492132,0.9717780877776475,0.9994013739892256,0.25800259122318897,0.21633643496219812
3178.0,-1.319515,21.126469,-1.689951,22.026983,0.124683,0.07229,0.067657,0.0046329999999999,0.052393,0.057026,0.736092,0.0884261556666793,0.0025882132454571,23.0,0,0.9917047806201416,0.9943126944951067,0.9956765899221796,0.25465644539940063,0.2142592552855878
3179.0,-1.311377,21.120825,-1.694938,22.025408,0.125399,0.072647,0.067851,0.004796,0.052752,0.057548,0.585218,0.0909142608003337,0.0307986998544258,24.0,0,1.0007825678660245,1.0292949887327076,1.0024990260449833,0.24068201646022735,0.22234388957756765
3180.0,-1.301533,21.128044,-1.699926,22.029084,0.125022,0.072578,0.067336,0.005242,0.0524439999999999,0.057686,0.78324,0.0999523310134428,0.133273613502205,25.0,0,1.0031824426551659,1.1250134134563916,0.9966457939396233,0.18864877311315564,0.22540952050242008
3181.0,-1.312165,21.129488,-1.703207,22.031315,0.124434,0.07198,0.067431,0.0045489999999999,0.052454,0.057003,0.698374,0.0867219521494613,0.0167342863752971,26.0,0,0.991304801488618,0.9762850091211394,0.996835833943046,0.26033070204613573,0.22290423130249573
3182.0,-1.304683,21.127126,-1.70675,22.030528,0.12573,0.073817,0.068229,0.0055879999999999,0.051913,0.057501,0.967118,0.1076395577300919,0.2204324732372113,27.0,0,0.9999652192059545,1.1992703079729499,0.986554669757985,0.14586837540312403,0.22112403386523005
3183.0,-1.299564,21.131457,-1.715413,22.034203,0.125463,0.072127,0.067678,0.0044489999999999,0.0533359999999999,0.0577849999999999,0.571074,0.0834130153551942,0.0542514780172329,28.0,0,1.0049040919604177,0.9548234789140353,1.0135973622447514,0.23258468518330833,0.21350788504485188
3184.0,-1.299039,21.125419,-1.725125,22.02974,0.126805,0.073061,0.068381,0.00468,0.053744,0.058424,0.769096,0.0870778677086241,0.0126988656127763,29.0,0,1.0160165556579657,1.004399613692467,1.0213509943843189,0.1795121056073924,0.20391573026170487
3185.0,-1.292477,21.119119,-1.727094,22.032103,0.125794,0.072185,0.068208,0.0039769999999999,0.0536089999999999,0.0575859999999999,0.660655,0.0741839209102778,0.1588922513228285,30.0,0,1.0014434029528878,0.8535250563365044,1.0187854543381372,0.21030738180136915,0.19274168013585397
3186.0,-1.293264,21.118594,-1.734182,22.032497,0.125188,0.072741,0.067914,0.0048269999999999,0.0524469999999999,0.0572739999999999,0.519211,0.092034014643075,0.0434946267100555,31.0,0,0.9960175990817853,1.0359480630968885,0.9967028059406495,0.24064726241499834,0.19948915153265762
3187.0,-1.288933,21.1224,-1.73825,22.038929,0.125096,0.072704,0.067399,0.005305,0.052392,0.057697,0.853963,0.1012539843108812,0.1480319420069868,32.0,0,1.0033737370224163,1.138534177486867,0.9956575859218375,0.18184110301940687,0.19379303062729544
3188.0,-1.288408,21.132901,-1.736019,22.041423,0.124554,0.071948,0.068386,0.0035619999999999,0.052606,0.0561679999999999,0.853963,0.0677096203927233,0.2322987828967786,33.0,0,0.9767838199746083,0.7644597059770228,0.9997244419950408,0.1587348975679307,0.20448661478273905
3189.0,-1.280007,21.119775,-1.748488,22.03801,0.125776,0.073986,0.068155,0.005831,0.05179,0.057621,0.811529,0.1125871290378637,0.2765287338963478,34.0,0,1.002052066848686,1.251421826376234,0.9842171777159101,0.1289415152017187,0.20569228259614372
3190.0,-1.275676,21.136445,-1.7477,22.042473,0.126051,0.073203,0.068554,0.004649,0.0528479999999999,0.0574969999999999,0.858677,0.0879676058203561,0.0026108895272807,35.0,0,0.9998956576178617,0.9977465393282648,1.0043234100778204,0.25612348708119215,0.21402479722488615
3191.0,-1.269507,21.131851,-1.750456,22.038667,0.125748,0.07209,0.068187,0.003903,0.053658,0.057561,0.976548,0.0727370990886897,0.1752965210103904,36.0,0,1.0010086430273204,0.8376435239832689,1.0197166503549007,0.2033694929925139,0.21082029193694005
3192.0,-1.265176,21.123713,-1.757938,22.043261,0.125978,0.072888,0.068744,0.0041439999999999,0.05309,0.057234,0.684229,0.0780546608653066,0.1150052562794328,37.0,0,0.9953219832008765,0.8893658117823682,1.0089223781606036,0.2528042169575601,0.2081191647870507
3193.0,-1.275151,21.125157,-1.7645,22.039192,0.125996,0.07283,0.068455,0.004375,0.0531659999999999,0.0575409999999999,0.721948,0.0822878853424117,0.0670083606463567,38.0,0,1.0006608350868633,0.9389419465607999,1.0103666821865993,0.24464136331735487,0.21626848186604347
3194.0,-1.266357,21.123713,-1.767519,22.037616,0.125197,0.072673,0.068607,0.004066,0.052524,0.05659,1.056699,0.0774107567824845,0.1223059315042103,39.0,0,0.9841225675182165,0.8726258182208485,0.998166113966991,0.26283725189481644,0.2254160017890106
3195.0,-1.253888,21.135789,-1.774737,22.03906,0.126465,0.072647,0.06814,0.0045069999999999,0.0538179999999999,0.0583249999999999,0.773811,0.0837436593024767,0.0505025903512802,40.0,0,1.0142949063527102,0.9672711664341557,1.0227572904096303,0.17826232892190863,0.2346589812259861
3196.0,-1.24995,21.134214,-1.775,22.039848,0.126355,0.072951,0.06826,0.004691,0.0534039999999999,0.0580949999999999,0.688944,0.0878382173953749,0.0040779137220841,41.0,0,1.0102951150374746,1.0067603820152484,1.0148896342680125,0.2136359909161047,0.22568751098344708
3197.0,-1.247063,21.127388,-1.778937,22.040636,0.12618,0.073592,0.069216,0.004376,0.0525879999999999,0.0569639999999999,0.698374,0.0832113179562267,0.0565383515482884,42.0,0,0.9906265760047284,0.9391565618628708,0.9993823699888816,0.2633342738093346,0.23011754068561113
3198.0,-1.250081,21.128963,-1.785369,22.040373,0.126667,0.073765,0.069027,0.0047379999999999,0.052902,0.05764,0.519211,0.0895601383664441,0.0154454688870342,43.0,0,1.0023824843921187,1.0168473012125658,1.0053496260962942,0.250210096797602,0.23019145360086157
3199.0,-1.244437,21.131195,-1.78655,22.04208,0.125298,0.07356,0.068665,0.0048949999999999,0.0517379999999999,0.0566329999999999,0.660655,0.0946094822087786,0.0726956408840031,44.0,0,0.9848703545901936,1.0505419036377193,0.9832289696981205,0.22137130957147338,0.22918201487160253
3200.0,-1.241025,21.126338,-1.785106,22.043655,0.126575,0.072704,0.068113,0.0045909999999999,0.0538709999999999,0.0584619999999999,0.778526,0.0852205227205227,0.0337577048098612,45.0,0,1.016677390744829,0.9852988518081229,1.02376450242776,0.16640878465580183,0.22765886607391553
3201.0,-1.236168,21.132245,-1.790356,22.044049,0.125574,0.073571,0.069022,0.0045489999999999,0.0520029999999999,0.0565519999999999,1.231147,0.0874740404584262,0.0082070031500693,46.0,0,0.9834617324313497,0.9762850091211394,0.9882650297887696,0.24766979001415507,0.23571936374625796
3202.0,-1.230525,21.135001,-1.792456,22.046412,0.125078,0.0723,0.067573,0.004727,0.0527779999999999,0.057505,0.797385,0.0895621364557875,0.0154681235055647,47.0,0,1.0000347807940455,1.014486532889806,1.0029931300538755,0.2535433461100639,0.23074656083097306
3203.0,-1.222124,21.13907,-1.801512,22.050875,0.125914,0.072673,0.068035,0.004638,0.053241,0.057879,0.806814,0.0871116787498592,0.0123155112628753,48.0,0,1.0065387892805593,0.9953857710054833,1.0117919822122565,0.23454697602476476,0.22669414751997374
3204.0,-1.21858,21.133164,-1.80125,22.05245,0.125473,0.072416,0.068171,0.0042449999999999,0.053057,0.057302,0.486207,0.0800067850277055,0.0928717974486507,49.0,0,0.9965045301984244,0.9110419572915431,1.0082952461493153,0.2476057639179466,0.22584463605756994
3205.0,-1.217137,21.139595,-1.806237,22.048643,0.125096,0.072531,0.067998,0.0045329999999999,0.052565,0.057098,0.820959,0.0862344481223603,0.0222616757296821,50.0,0,0.9929568892057806,0.9728511642880027,0.998945277981016,0.25886730564533283,0.2299192937006067
3206.0,-1.21123,21.14012,-1.807681,22.05547,0.124857,0.073544,0.068329,0.0052149999999999,0.051313,0.0565279999999999,0.731378,0.1016291850177339,0.1522860204915224,51.0,0,0.9830443629028033,1.119218800300452,0.9751522695527417,0.1639079617632559,0.23050770770630521
3207.0,-1.208868,21.134739,-1.809781,22.056782,0.126492,0.073093,0.068812,0.004281,0.0533989999999999,0.0576799999999999,0.839818,0.0801685393258428,0.0910378044232657,52.0,0,1.0030781002730276,0.9187681081661221,1.014794614266302,0.22281014069934107,0.22695764981214833
3208.0,-1.200861,21.141171,-1.816606,22.057701,0.125463,0.072185,0.068071,0.0041139999999999,0.0532779999999999,0.0573919999999999,0.684229,0.0772161639670413,0.124512252266147,53.0,0,0.9980696659304715,0.8829273527202369,1.0124951302249114,0.24171498217356396,0.2174042693135309
3209.0,-1.200336,21.131063,-1.819493,22.055732,0.125592,0.072962,0.068292,0.0046699999999999,0.05263,0.0573,0.830388,0.0887309760407363,0.0060443095993296,54.0,0,0.9964697494043788,1.002253460671735,1.0001805380032507,0.2621178860018414,0.21197156291025793
3210.0,-1.197055,21.13487,-1.821068,22.056782,0.127053,0.073203,0.068665,0.004538,0.0538499999999999,0.0583879999999999,0.703089,0.0842695585968691,0.0445398700459965,55.0,0,1.0153905013651445,0.9739242407983795,1.0233654184205765,0.17229292471278695,0.2081497640747072
3211.0,-1.19338,21.14012,-1.822512,22.056651,0.126364,0.072878,0.068234,0.0046439999999999,0.053486,0.05813,0.566359,0.0868248359414436,0.0155677754442531,56.0,0,1.010903778933273,0.9966734628178882,1.0164479622960643,0.21216921107258646,0.2054248762974571
3212.0,-1.188917,21.141696,-1.824481,22.054419,0.127751,0.073807,0.069232,0.0045749999999999,0.053944,0.058519,0.863392,0.08480860135323,0.0384281273168434,57.0,0,1.0176686433751283,0.9818650069749865,1.0251517944527333,0.1580095411238892,0.21456264959730742
3213.0,-1.180254,21.143796,-1.8317,22.053632,0.126162,0.072253,0.068166,0.0040869999999999,0.053909,0.0579959999999999,0.608793,0.0758115377480985,0.1404381022650537,58.0,0,1.008573465732221,0.8771327395643188,1.0244866544407607,0.18021991199203485,0.21566715103905634
3214.0,-1.17986,21.139202,-1.837081,22.056388,0.125923,0.072736,0.068906,0.00383,0.053187,0.057017,0.703089,0.0720087237722794,0.1835549429845924,59.0,0,0.9915482670469367,0.8219766069320831,1.0107657661937848,0.2093877755624396,0.21779593507690934
3215.0,-1.177629,21.144058,-1.841281,22.055732,0.125748,0.072442,0.067998,0.004444,0.0533059999999999,0.0577499999999999,0.693659,0.0833661620425085,0.0547827074786519,60.0,0,1.004295428064621,0.9537504024037016,1.0130272422344895,0.23161842787283143,0.21462137013294974
3216.0,-1.166866,21.133032,-1.838,22.046018,0.1255,0.073056,0.068423,0.0046329999999999,0.052444,0.057077,0.79267,0.0883401658880731,0.0016132490186382,61.0,0,0.9925916908683026,0.9943126944951067,0.9966457939396252,0.2552856947617594,0.22285409369746753
3217.0,-1.165816,21.140645,-1.839575,22.047987,0.125528,0.073098,0.068187,0.0049109999999999,0.05243,0.057341,1.000122,0.0936659609772844,0.0619978642079623,62.0,0,0.9971827556823123,1.0539757484708558,0.9963797379348361,0.23385515511682997,0.22003490100335163
3218.0,-1.16096,21.14524,-1.848762,22.049956,0.12561,0.073004,0.068801,0.0042029999999999,0.052606,0.056809,0.971833,0.0798943106430702,0.0941470478706227,63.0,0,0.9879310644662017,0.9020281146045596,0.9997244419950408,0.26300282255209423,0.22531709262648186
3219.0,-1.149409,21.149571,-1.846268,22.047462,0.126226,0.073476,0.068565,0.0049109999999999,0.05275,0.057661,0.967118,0.0930977611798828,0.0555555348389162,64.0,0,1.0027476827295967,1.0539757484708558,1.0024610180442992,0.23037223656224537,0.23150486226890554
3220.0,-1.152034,21.148521,-1.854274,22.048118,0.125941,0.073203,0.068549,0.004654,0.0527379999999999,0.057392,0.660655,0.0882458901382279,0.0005443372823195,65.0,0,0.9980696659304732,0.99881961583862,1.0022329700401926,0.25462016035796475,0.23234868114482837
3221.0,-1.147178,21.144583,-1.852306,22.047068,0.124765,0.07324,0.068077,0.005163,0.051525,0.056688,0.816244,0.1002018398478438,0.136102579825404,66.0,0,0.9858268264264474,1.1080588045927793,0.979181117625261,0.18397728413142755,0.23321772871218283
3222.0,-1.141797,21.155609,-1.857424,22.047593,0.126869,0.074127,0.069006,0.005121,0.052742,0.057863,0.604078,0.0970934531596609,0.1008592535461467,67.0,0,1.006260542928195,1.0990449619057956,1.0023089860415626,0.2108314573551916,0.22578898860662822
3223.0,-1.136284,21.144058,-1.859262,22.051925,0.126263,0.073208,0.068465,0.0047429999999999,0.0530549999999999,0.0577979999999999,0.872822,0.0893961097708081,0.013585689556135,68.0,0,1.0051301671217137,1.017920377722921,1.0082572381486292,0.24209760841627181,0.22379809864388078
3224.0,-1.131428,21.157053,-1.853618,22.053107,0.127126,0.074007,0.06908,0.004927,0.0531189999999999,0.0580459999999999,0.66537,0.0927522590361446,0.0516381828478529,69.0,0,1.0094429855833593,1.057409593304014,1.009473494170522,0.21782596432166706,0.22204549921306843
3225.0,-1.118958,21.15154,-1.865693,22.057176,0.126051,0.073445,0.068617,0.0048279999999999,0.052606,0.057434,1.042555,0.0917748588590871,0.0405562819130702,70.0,0,0.9988000626054293,1.0361626783989595,0.9997244419950408,0.24030890354637635,0.22476235205621822
3226.0,-1.12119,21.149702,-1.862281,22.056914,0.126382,0.073576,0.068208,0.0053679999999999,0.0528059999999999,0.0581739999999999,0.580504,0.1016531899180032,0.152558191433352,71.0,0,1.011668956402273,1.152054941517321,1.0035252420634535,0.1809982937062135,0.22156725451918002
3227.0,-1.118827,21.151934,-1.872387,22.059408,0.125877,0.073229,0.068176,0.005053,0.0526479999999999,0.0577009999999999,0.740807,0.0959752321981424,0.0881807067138216,72.0,0,1.0034432986105055,1.084451121364965,1.000522610009406,0.21394625548935575,0.22580497569400232
3228.0,-1.113708,21.156003,-1.872912,22.058489,0.126162,0.073445,0.06866,0.0047849999999999,0.052717,0.057502,0.736092,0.0907659622899199,0.02911727044633,73.0,0,0.9999826096029772,1.0269342204099046,1.001833886033011,0.2454768282439705,0.22129122149090535
3229.0,-1.104783,21.156922,-1.874355,22.064134,0.12675,0.073875,0.069316,0.0045589999999999,0.052875,0.057434,0.523926,0.086220591572736,0.0224187832418747,74.0,0,0.9988000626054293,0.9784311621418497,1.0048365180870582,0.25754076499374334,0.21283191414987007
3230.0,-1.103208,21.157447,-1.878555,22.072929,0.126603,0.073723,0.068749,0.0049739999999999,0.0528799999999999,0.0578539999999999,0.91997,0.0940602484824415,0.0664683515012316,75.0,0,1.0061040293549883,1.0674965125013314,1.0049315380887667,0.22266918498758287,0.2108447210721535
3231.0,-1.092839,21.157578,-1.875274,22.069778,0.125996,0.072568,0.068134,0.0044339999999999,0.053428,0.057862,0.660655,0.082988639128563,0.0590631154744336,76.0,0,1.0062431525311724,0.9516042493829697,1.015345730276224,0.22635449587965017,0.21036331568506053
3232.0,-1.09402,21.170836,-1.872256,22.073323,0.126584,0.073119,0.067898,0.005221,0.053465,0.058686,0.589933,0.0976508435267273,0.1071790240708745,77.0,0,1.0205728396779299,1.1205064921128995,1.0160488782888808,0.16569391532422184,0.21433158626612409
3233.0,-1.084832,21.15259,-1.88433,22.078574,0.127181,0.073665,0.068434,0.0052309999999999,0.0535159999999999,0.0587469999999999,0.91054,0.097744641889493,0.1082425231252168,78.0,0,1.0216336538963169,1.1226526451335885,1.0170180823063244,0.157504535005919,0.2124563557313631
3234.0,-1.081157,21.160203,-1.879212,22.082381,0.126006,0.072678,0.067735,0.004943,0.053328,0.058271,0.651226,0.0926887809634533,0.0509184595148639,79.0,0,1.0133558249134829,1.0608434381371505,1.0134453302420168,0.1979540335445017,0.20894820447532658
3235.0,-1.079188,21.163354,-1.883937,22.083693,0.125776,0.072909,0.068098,0.0048109999999999,0.052867,0.0576779999999999,0.759666,0.0910002269804039,0.0317733965177184,80.0,0,1.003043319478982,1.032514218263752,1.0046844860843216,0.23549484967544665,0.1992357121441482
3236.0,-1.074857,21.16296,-1.889843,22.083562,0.125629,0.072137,0.067814,0.004323,0.0534919999999999,0.0578149999999999,0.820959,0.0808143121529921,0.0837159411119778,81.0,0,1.0054258038711006,0.9277819508531057,1.0165619862981148,0.22068099951684922,0.20169815457708556
3237.0,-1.068163,21.16401,-1.891287,22.088157,0.125895,0.072101,0.068092,0.0040089999999999,0.053794,0.057803,0.684229,0.0745236546147411,0.1550403027091059,82.0,0,1.0052171191068293,0.8603927460027777,1.0223011944014224,0.19519395014174573,0.20477804197137628
3238.0,-1.064488,21.16401,-1.894568,22.091438,0.126952,0.073308,0.069022,0.0042859999999999,0.053644,0.05793,0.990692,0.0798956100288936,0.0941323152510591,83.0,0,1.0074256995287203,0.9198411846764558,1.0194505943501115,0.21039531568360526,0.21165730393310894
3239.0,-1.057794,21.159678,-1.896012,22.089994,0.125032,0.072116,0.068512,0.0036039999999999,0.052916,0.05652,0.858677,0.0681066575958575,0.22779711914038,84.0,0,0.982905239726623,0.7734735486640065,1.005615682101083,0.1604158416819595,0.22092471826853619
3240.0,-1.06055,21.172411,-1.898505,22.098002,0.126649,0.073613,0.06899,0.004623,0.053036,0.057659,0.589933,0.0871655636631031,0.0117045565234906,85.0,0,1.0027129019355512,0.9921665414744179,1.0078961621421318,0.2472936093169566,0.2275334366331349
3241.0,-1.0532,21.162829,-1.905068,22.096952,0.125261,0.072479,0.068145,0.004334,0.052782,0.057116,0.688944,0.0821097701911601,0.0690278553297901,86.0,0,0.9932699163521903,0.9301427191758872,1.0030691460552457,0.25715336982255727,0.22991790914924043
3242.0,-1.048606,21.170573,-1.901524,22.094458,0.12595,0.07261,0.068549,0.0040609999999999,0.05334,0.057401,0.882251,0.0761328059091504,0.136795518584544,87.0,0,0.9982261795036781,0.8715527417104718,1.0136733782461218,0.23448653494154825,0.23179490097184158
3243.0,-1.041125,21.174511,-1.905987,22.098002,0.126584,0.073497,0.068969,0.004528,0.0530869999999999,0.057615,0.712518,0.0852923447860157,0.032943376110718,88.0,0,1.0019477244665496,0.9717780877776689,1.0088653661595757,0.25017867836019153,0.23597920641776765
3244.0,-1.032593,21.16401,-1.906249,22.096689,0.125555,0.073025,0.068371,0.004654,0.0525299999999999,0.057184,0.646511,0.0885953056290572,0.0045060593541383,89.0,0,0.9944524633497382,0.99881961583862,0.9982801379690416,0.2640412171904892,0.2402651565062388
3245.0,-1.036268,21.16296,-1.909661,22.096296,0.12539,0.072515,0.068103,0.0044119999999999,0.052875,0.057287,0.943544,0.0834405023072849,0.0539398270811901,90.0,0,0.9962436742430829,0.946882712737407,1.0048365180870582,0.25933957483650216,0.2435504234133515
3246.0,-1.031149,21.160335,-1.912811,22.101415,0.12596,0.073697,0.068891,0.004806,0.0522629999999999,0.0570689999999999,0.778526,0.0919562222562376,0.0426126056662214,91.0,0,0.9924525676921186,1.0314411417534182,0.9932060698777082,0.23945091774286043,0.2419567069614159
3247.0,-1.026687,21.15364,-1.914255,22.096296,0.126759,0.073802,0.068969,0.004833,0.052957,0.05779,0.754952,0.0912609992824503,0.0347300696242376,92.0,0,1.0049910439455334,1.037235754909336,1.006394846115108,0.23703700460100674,0.2379009868867472
3248.0,-1.012905,21.16296,-1.920555,22.095245,0.126612,0.073628,0.069111,0.0045169999999999,0.052984,0.057501,0.938829,0.0852505426063979,0.0334173351136494,93.0,0,0.9999652192059545,0.969417319454866,1.0069079541243442,0.2532548165683166,0.23406843785295495
3249.0,-1.015136,21.168342,-1.919636,22.095114,0.127384,0.07388,0.06908,0.0047999999999999,0.0535039999999999,0.0583039999999999,0.976548,0.0897112419400055,0.0171587024963644,94.0,0,1.0139297080152323,1.0301534499409704,1.0167900343022196,0.19326851075308665,0.23392828409211325
3250.0,-1.008573,21.175824,-1.917011,22.099709,0.126603,0.07355,0.068728,0.004822,0.0530529999999999,0.0578749999999999,0.604078,0.0908885286689035,0.0305069453223063,95.0,0,1.0064692276924665,1.0348749865865547,1.0082192301479451,0.23135644479760042,0.22089033377904904
3251.0,-1.004505,21.170442,-1.920293,22.094589,0.126391,0.073618,0.068607,0.005011,0.052773,0.057784,0.962403,0.0949520597263804,0.0765798330518177,96.0,0,1.0048867015633967,1.0754372786779811,1.002898110052167,0.21659616907587015,0.2194950776015213
3252.0,-0.998729,21.163485,-1.927118,22.097346,0.126989,0.073707,0.068749,0.0049579999999999,0.0532819999999999,0.0582399999999999,0.707803,0.0930503162359474,0.055017597379021,97.0,0,1.0128167226057754,1.0640626676681946,1.0125711462262796,0.1961610446036256,0.22021357296233307
3253.0,-0.993348,21.173198,-1.925805,22.100496,0.126667,0.073623,0.069027,0.0045959999999999,0.053044,0.05764,0.957688,0.0866434159675744,0.0176247406722127,98.0,0,1.0023824843921187,0.9863719283184781,1.0080481941448685,0.24877714075177465,0.22244432688372914
3254.0,-0.982191,21.166373,-1.919636,22.095377,0.127586,0.073271,0.068864,0.004407,0.054315,0.058722,0.806814,0.0811363134251419,0.0800650453145362,99.0,0,1.0211988939707495,0.9458096362270731,1.032202278579642,0.13366171405984695,0.22202491348286052
3255.0,-0.982848,21.169785,-1.925018,22.100759,0.126235,0.073187,0.068512,0.0046749999999999,0.053048,0.057723,0.646511,0.0881260721220003,0.0008141762694523,100.0,0,1.003825887345008,1.0033265371820903,1.0081242101462367,0.24538701306122446,0.2192609863876666
3256.0,-0.972216,21.178186,-1.919636,22.100102,0.126015,0.07292,0.068365,0.004555,0.0530949999999999,0.0576499999999999,0.528641,0.0857880066295013,0.0273234922846314,101.0,0,1.0025563883623447,0.9775727009335871,1.009017398162312,0.24663587135097875,0.22194108839081914
3257.0,-0.974841,21.167029,-1.926068,22.09774,0.126254,0.073492,0.068885,0.004607,0.052762,0.057369,0.976548,0.0873149745086518,0.0100105153028944,102.0,0,0.9976696867989497,0.988732696641281,1.0026890660484042,0.25934454381496724,0.22302874486434723
3258.0,-0.97366,21.169129,-1.922261,22.103516,0.125546,0.072741,0.067982,0.0047589999999999,0.0528049999999999,0.0575639999999999,0.924685,0.0901223345831913,0.0218197288126451,103.0,0,1.001060814218387,1.0213542225560577,1.0035062380631112,0.24906068255962988,0.22344990914745977
3259.0,-0.96421,21.16506,-1.921868,22.107454,0.127025,0.072951,0.06867,0.004281,0.054074,0.058355,0.740807,0.0791678224687934,0.1023840731613943,104.0,0,1.0148166182633949,0.9187681081661221,1.0276223144972025,0.16562923980114785,0.2213635951441534
3260.0,-0.960141,21.163354,-1.93053,22.107848,0.126015,0.073303,0.069185,0.0041179999999999,0.0527119999999999,0.0568299999999999,0.811529,0.078121146586231,0.1142514318069631,105.0,0,0.9882962628036781,0.8837858139285212,1.0017388660312985,0.258157464829126,0.22566290734283614
3261.0,-0.950822,21.174248,-1.929874,22.110079,0.126336,0.072909,0.068817,0.0040919999999999,0.053427,0.057519,0.872822,0.0765890544283895,0.1316225085825699,106.0,0,1.0002782463523643,0.8782058160746742,1.015326726275882,0.22747273381115068,0.22112233725360714
3262.0,-0.950428,21.164929,-1.927774,22.111392,0.12641,0.072631,0.068455,0.0041759999999999,0.0537789999999999,0.0579549999999999,0.816244,0.0776496838973596,0.1195969422080857,107.0,0,1.0078604594542877,0.8962335014486414,1.0220161343962895,0.2003726874347515,0.21164325312400073
3263.0,-0.942946,21.165716,-1.924361,22.111261,0.125225,0.073418,0.068644,0.004774,0.051807,0.056581,0.613507,0.0921479308214947,0.0447862243931223,108.0,0,0.9839660539450116,1.0245734520871448,0.9845402457217253,0.22791400071871054,0.2072991966008523
3264.0,-0.939928,21.163354,-1.926855,22.11218,0.127494,0.073576,0.069321,0.004255,0.0539179999999999,0.058173,0.684229,0.0789146682987445,0.105254370813841,109.0,0,1.011651566005252,0.9131881103122751,1.0246576904438374,0.17665483604667415,0.20671016787146348
3265.0,-0.935727,21.159416,-1.931186,22.120319,0.126989,0.073387,0.068791,0.0045959999999999,0.053602,0.0581979999999999,0.924685,0.0857414696938602,0.0278511346185383,110.0,0,1.0120863259308193,0.9863719283184781,1.0186524263357446,0.19998131216893472,0.21350041325848249
3266.0,-0.930608,21.167554,-1.927643,22.121237,0.127843,0.074348,0.068912,0.0054359999999999,0.053495,0.058931,0.613507,0.101615074024226,0.1521260280587231,111.0,0,1.024833486948507,1.1666487820581517,1.016618998299143,0.1518450300549148,0.21217148555971588
3267.0,-0.92969,21.168604,-1.926461,22.118612,0.126649,0.073135,0.068628,0.004507,0.053514,0.058021,0.66537,0.0842193777445577,0.0451088276205814,112.0,0,1.009008225657792,0.9672711664341771,1.0169800743056423,0.21590397858348304,0.2114840833036963
3268.0,-0.919452,21.17333,-1.928561,22.116905,0.126336,0.073256,0.069253,0.004003,0.05308,0.057083,0.891681,0.0754130479832709,0.1449562353706145,113.0,0,0.9926960332504392,0.8591050541903729,1.008732338157183,0.2431703952657414,0.21255717923774742
3269.0,-0.914333,21.17333,-1.922524,22.120187,0.125877,0.07261,0.068297,0.0043129999999999,0.0532669999999999,0.0575799999999999,0.703089,0.0809679357212585,0.0819741354475867,114.0,0,1.001339060570751,0.9256357978323739,1.0122860862211485,0.23353169367133803,0.19753980828259937
3270.0,-0.910133,21.168998,-1.927118,22.117431,0.126143,0.072951,0.068554,0.0043969999999999,0.053192,0.057589,0.764381,0.0826612524204312,0.0627750721039114,115.0,0,1.0014955741439577,0.9436634832063413,1.0108607861954952,0.24486818784145986,0.2029439716739887
3271.0,-0.905933,21.169392,-1.926593,22.118612,0.125996,0.072479,0.068392,0.004087,0.0535169999999999,0.057604,0.91054,0.0763668298516388,0.1341421221478548,116.0,0,1.0017564300992992,0.8771327395643403,1.0170370863066664,0.22059871125095487,0.18972160852010175
3272.0,-0.90042,21.16191,-1.928561,22.119137,0.125767,0.072169,0.068224,0.0039449999999999,0.0535979999999999,0.0575429999999999,0.651226,0.0736021194425267,0.1654887983469346,117.0,0,1.0006956158809088,0.8466573666702312,1.0185764103343744,0.211103646775263,0.1867655969601525
3273.0,-0.895826,21.175167,-1.920293,22.122156,0.127981,0.073702,0.06815,0.005552,0.054279,0.059831,0.858677,0.1022844509948415,0.1597155184747356,118.0,0,1.0404848442689947,1.1915441570984138,1.0315181345673274,0.07774029116723002,0.1751717934253321
3274.0,-0.893989,21.167948,-1.926461,22.118349,0.125914,0.073056,0.068171,0.004885,0.052858,0.057743,0.731378,0.0924156718817987,0.0478219102627477,119.0,0,1.0041736952854634,1.04839575061703,1.0045134500812432,0.23069646996056697,0.16663395897584699
3275.0,-0.892807,21.169392,-1.926986,22.115987,0.128504,0.073833,0.068602,0.0052309999999999,0.054671,0.059902,0.891681,0.0956796897863622,0.084829805203618,120.0,0,1.0417195624576108,1.1226526451335885,1.0389677027014195,0.06775768063006582,0.16028957076340036
3276.0,-0.878238,21.177136,-1.919111,22.118743,0.12742,0.073586,0.068297,0.005289,0.053834,0.059123,1.04727,0.0982446363889663,0.1139115312154139,121.0,0,1.0281724431768777,1.1351003326537303,1.0230613544151053,0.122284914455422,0.15686969912489662
3277.0,-0.8722,21.173986,-1.920424,22.116774,0.128036,0.073245,0.068712,0.004533,0.054791,0.059324,0.655941,0.082731055628559,0.0619836334940558,122.0,0,1.0316679129784534,0.9728511642880241,1.0412481827424682,0.09996594323527885,0.15574855918455532
3278.0,-0.872594,21.166241,-1.919374,22.115068,0.126777,0.072463,0.068381,0.004082,0.054314,0.058396,0.632367,0.0751541931326521,0.1478911681426566,123.0,0,1.0155296245413283,0.8760596630539851,1.0321832745792998,0.1577920507708902,0.1542947659994309
3279.0,-0.869838,21.174117,-1.917143,22.120056,0.12709,0.073513,0.068502,0.005011,0.053577,0.058588,0.924685,0.0935271939975363,0.0604245046376612,124.0,0,1.018868580769699,1.0754372786779811,1.0181773263271927,0.17008781154687186,0.16887567865790745
3280.0,-0.867869,21.176874,-1.91898,22.122156,0.12652,0.072909,0.068497,0.0044119999999999,0.0536109999999999,0.0580229999999999,0.811529,0.0822950085801686,0.0669275963729203,125.0,0,1.0090430064518356,0.946882712737407,1.0188234623388215,0.2106694714564229,0.16455689136803137
3281.0,-0.863538,21.173855,-1.920555,22.117956,0.126033,0.073051,0.068003,0.005048,0.052982,0.05803,0.835103,0.0952758431949872,0.0802509356438221,126.0,0,1.0091647392309966,1.0833780448546098,1.0068699461236599,0.2093873118475416,0.18294433766625165
3282.0,-0.855137,21.178449,-1.920555,22.125176,0.125813,0.073046,0.067793,0.0052529999999999,0.052767,0.05802,0.415485,0.0995489690721648,0.1287002389735012,127.0,0,1.008990835260769,1.1273741817791514,1.0027840860501145,0.1965657149240188,0.18745002401774075
3283.0,-0.854218,21.167029,-1.91898,22.125438,0.126391,0.073266,0.068402,0.0048639999999999,0.053125,0.057989,0.637081,0.0915559236532016,0.038073963698167,128.0,0,1.0084517329530633,1.043888829273517,1.0095875181725762,0.22354941775199538,0.2008174779479483
3284.0,-0.842931,21.17753,-1.91373,22.125307,0.126061,0.07324,0.06793,0.0053099999999999,0.052821,0.058131,0.948259,0.1005262958615727,0.1397813078287724,129.0,0,1.010921169330296,1.1396072539972006,1.0038103020685865,0.18750859706180606,0.20050430617553347
3285.0,-0.842274,21.17543,-1.91478,22.123469,0.125381,0.072374,0.067851,0.0045229999999999,0.053007,0.05753,0.698374,0.0853267431331119,0.0325533628042051,130.0,0,1.0004695407196147,0.9707050112672924,1.0073450461322118,0.25163214361226893,0.19930499892734932
3286.0,-0.835055,21.181337,-1.913993,22.126751,0.126382,0.072699,0.067793,0.0049059999999999,0.0536829999999999,0.0585889999999999,0.820959,0.0913866328887563,0.036154521155804,131.0,0,1.01888597116672,1.0529026719605006,1.0201917503634506,0.16734177797031308,0.19044508252205833
3287.0,-0.831905,21.173855,-1.909399,22.125701,0.126447,0.073187,0.068533,0.004654,0.05326,0.057914,1.160425,0.0873810104954845,0.0092617899789295,132.0,0,1.007147453176356,0.99881961583862,1.012153058218756,0.23364048253735414,0.19462952889783208
3288.0,-0.831905,21.175824,-1.909268,22.132264,0.12607,0.073203,0.06762,0.005583,0.0528669999999999,0.0584499999999999,0.858677,0.1056026329726868,0.197337533310836,133.0,0,1.0164687059805557,1.1981972314626161,1.0046844860843198,0.15466033304674198,0.19760334945179073
3289.0,-0.831643,21.171492,-1.910055,22.124913,0.127264,0.073345,0.068791,0.0045539999999999,0.0539189999999999,0.0584729999999999,0.585218,0.0844584569732935,0.0423981136360694,134.0,0,1.0168686851120794,0.9773580856314945,1.0246766944441794,0.15809473906503035,0.19698429893534483
3290.0,-0.823111,21.166504,-1.90743,22.127276,0.127227,0.073376,0.068061,0.005315,0.053851,0.059166,0.707803,0.0986964272450419,0.1190339996043026,135.0,0,1.0289202302488567,1.1406803305075774,1.0233844224209205,0.12207030740351288,0.1941161130089724
3291.0,-0.818124,21.165979,-1.907955,22.123732,0.12539,0.072983,0.068218,0.004765,0.0524069999999999,0.057172,0.778526,0.0909212333994811,0.0308777561660804,136.0,0,0.9942437785854651,1.0226419143685055,0.9959426459269666,0.2512317756052791,0.1952797568990919
3292.0,-0.810642,21.170048,-1.907824,22.126095,0.126107,0.072689,0.068166,0.0045229999999999,0.0534179999999999,0.0579409999999999,0.948259,0.0846702484134858,0.0399967924432375,137.0,0,1.007616993895969,0.9707050112672924,1.0151556902728016,0.22630392046360526,0.2014516012862612
3293.0,-0.804211,21.174642,-1.90428,22.125569,0.126621,0.073439,0.068549,0.00489,0.053182,0.058072,0.938829,0.0919466746892805,0.0425043540066953,138.0,0,1.0098951359059527,1.0494688271273855,1.0106707461920743,0.2173589125875368,0.19600440093664243
3294.0,-0.805654,21.17648,-1.898899,22.125438,0.126621,0.072967,0.06794,0.005027,0.053654,0.058681,0.693659,0.0936911751001771,0.0622837454862896,139.0,0,1.020485887692816,1.078871123511118,1.0196406343535322,0.15882673779808154,0.1944832559402641
3295.0,-0.801585,21.170048,-1.897587,22.122288,0.125436,0.072815,0.068502,0.004313,0.0526209999999999,0.056934,0.528641,0.0819619170689067,0.0707042348641611,140.0,0,0.9901048640940473,0.9256357978323954,1.00000950200017,0.263268582513464,0.20092679048458986
3296.0,-0.797254,21.180024,-1.89903,22.1215,0.125684,0.072799,0.067867,0.004932,0.0528849999999999,0.0578169999999999,0.580504,0.0932571947207201,0.0573632147910116,141.0,0,1.0054605846651463,1.058482669814369,1.005026558090477,0.22906022184200586,0.20715208876123686
3297.0,-0.789641,21.169785,-1.90323,22.121631,0.12686,0.073361,0.068386,0.0049749999999999,0.053499,0.058474,0.486207,0.0929906542056073,0.0543411408719349,142.0,0,1.0168860755091038,1.0677111278034022,1.0166950143005111,0.17916847904116656,0.1975484846514149
3298.0,-0.780322,21.177005,-1.901262,22.124125,0.125932,0.072206,0.066906,0.0053,0.0537259999999999,0.0590259999999999,0.778526,0.0986468628436356,0.1184720314369451,143.0,0,1.0264855746656678,1.1374611009765119,1.0210089223781595,0.13944888308295877,0.18922928472878814
3299.0,-0.78321,21.174117,-1.900605,22.122813,0.126097,0.072825,0.068092,0.004733,0.0532719999999999,0.0580049999999999,0.589933,0.0888442550635406,0.0073286831222467,144.0,0,1.0087299793054259,1.015774224702232,1.012381106222859,0.22253008450828793,0.1889400550016889
3300.0,-0.775466,21.172542,-1.892337,22.126882,0.127154,0.07376,0.068712,0.005048,0.0533939999999999,0.0584419999999999,0.585218,0.0945406873302746,0.071915634857508,145.0,0,1.0163295828043737,1.0833780448546098,1.0146995942645918,0.18432329016998267,0.18814634041772
3301.0,-0.773366,21.181599,-1.893387,22.12872,0.12663,0.072867,0.068045,0.004822,0.0537629999999999,0.058585,0.891681,0.0896882672420208,0.0168982121332053,146.0,0,1.0188164095786307,1.0348749865865547,1.0217120703908162,0.15519573450705948,0.17359573729997826
3302.0,-0.767722,21.177399,-1.894568,22.128064,0.126667,0.073497,0.067898,0.005599,0.0531699999999999,0.058769,0.797385,0.1053017622388145,0.1939262185339287,147.0,0,1.0220162426308192,1.2016310762957527,1.0104426981879675,0.14311192123733762,0.1658664354408619
3303.0,-0.773628,21.171229,-1.889843,22.127932,0.125712,0.072122,0.067977,0.004145,0.0535899999999999,0.0577349999999999,0.698374,0.0773450765986828,0.1230506226832729,148.0,0,1.0040345721092796,0.8895804270844607,1.0184243783316378,0.21446661531654448,0.16704772632732215
3304.0,-0.762209,21.167948,-1.887087,22.127801,0.126603,0.073082,0.067798,0.0052839999999999,0.053521,0.0588049999999999,1.014266,0.0987257576323754,0.1193665516688897,149.0,0,1.022642296923637,1.1340272561433538,1.0171131023080366,0.15088959195839247,0.16828702207554602
3305.0,-0.753021,21.183437,-1.882887,22.128195,0.127154,0.073035,0.068218,0.004817,0.0541189999999999,0.0589359999999999,0.580504,0.0890059127864006,0.0091615811635281,150.0,0,1.024920438933619,1.0338019100761995,1.028477494512594,0.11776255133604663,0.1660912303516261
3306.0,-0.748559,21.183043,-1.888005,22.126357,0.126502,0.07304,0.067609,0.0054309999999999,0.053462,0.058893,0.6748,0.1015842732356955,0.1517768043781671,151.0,0,1.024172651861642,1.1655757055477967,1.0159918662878547,0.15176720325084236,0.16003020921434488
3307.0,-0.749084,21.178449,-1.888137,22.131214,0.126943,0.07313,0.068885,0.0042449999999999,0.053813,0.058058,0.693659,0.0788828185973909,0.1056154872157896,152.0,0,1.0096516703476341,0.9110419572915431,1.0226622704079218,0.19098138790576885,0.15924245697260592
3308.0,-0.746984,21.180286,-1.881312,22.128326,0.127145,0.073644,0.068271,0.005373,0.053501,0.058874,0.618222,0.1004261522933722,0.1386458659410958,153.0,0,1.0238422343182096,1.1531280180276977,1.0167330223011952,0.15184184056519767,0.16340460282508346
3309.0,-0.73819,21.16716,-1.888662,22.126357,0.126906,0.073965,0.068807,0.005158,0.0529409999999999,0.058099,0.929399,0.0974273733519702,0.1046452877398746,154.0,0,1.0103646766255674,1.1069857280824242,1.006090782109633,0.20057216726908872,0.16078131400777837
3310.0,-0.73819,21.17333,-1.881049,22.128851,0.127696,0.07325,0.068885,0.0043649999999999,0.054446,0.058811,0.476778,0.0801697063199073,0.0910245728801195,155.0,0,1.0227466393057754,0.936795793540068,1.0346918026244534,0.12371307879717042,0.15636000131945255
3311.0,-0.730839,21.179105,-1.885905,22.133577,0.125803,0.073697,0.068103,0.005594,0.052106,0.0577,0.891681,0.1073560174256818,0.2172176533116092,156.0,0,1.0034259082134847,1.2005579997853975,0.9902224418240049,0.1473182120896699,0.16511286619566354
3312.0,-0.730052,21.17648,-1.881443,22.132264,0.126345,0.073702,0.068355,0.005347,0.052643,0.05799,0.948259,0.1015690297089887,0.1516039711243715,157.0,0,1.0084691233500862,1.1475480201738508,1.0004275900076975,0.1847333797621133,0.16945566600810336
3313.0,-0.727033,21.171623,-1.877374,22.13384,0.126832,0.073518,0.068497,0.0050209999999999,0.053314,0.058335,0.769096,0.0941761230422957,0.0677821535889613,158.0,0,1.0144688103229396,1.07758343169867,1.0131792742372279,0.1882337271434934,0.17495967925835815
3314.0,-0.721783,21.177136,-1.880524,22.134102,0.127448,0.073282,0.068255,0.005027,0.054166,0.059193,0.764381,0.0928055827348755,0.0522427744580071,159.0,0,1.0293897709684712,1.078871123511118,1.0293706825286733,0.10667646507513429,0.17216851227811325
3315.0,-0.715876,21.17333,-1.877899,22.135809,0.126116,0.0725,0.068145,0.0043549999999999,0.053616,0.057971,1.02841,0.0812242385810469,0.0790681375071846,160.0,0,1.0081387058066535,0.9346496405193575,1.0189184823405335,0.2052912000981566,0.17468624504099184
3316.0,-0.710758,21.17333,-1.873043,22.138172,0.126143,0.072458,0.067814,0.0046439999999999,0.053685,0.058329,0.971833,0.0865029989196437,0.0192168089480828,161.0,0,1.014364467940803,0.9966734628178882,1.0202297583641364,0.1951952013752405,0.17779598280739364
3317.0,-0.705901,21.18068,-1.876849,22.139484,0.125675,0.072468,0.068255,0.004213,0.053207,0.05742,0.655941,0.0791798225830703,0.1022480141747641,162.0,0,0.9985565970471106,0.9041742676252913,1.0111458462006262,0.24602152040831682,0.1795346086673222
3318.0,-0.70577,21.179105,-1.877899,22.143948,0.12708,0.073103,0.06814,0.0049629999999999,0.053977,0.0589399999999999,0.816244,0.0919448664270627,0.0424838516748653,163.0,0,1.0249900005217103,1.0651357441785498,1.0257789264640216,0.12393017076274859,0.18650617032651234
3319.0,-0.70157,21.183437,-1.872781,22.14211,0.126382,0.07292,0.068691,0.0042289999999999,0.0534619999999999,0.0576909999999999,1.108562,0.0791014346370386,0.1031367877526654,164.0,0,1.003269394640278,0.9076081124584067,1.0159918662878527,0.22574949489787455,0.18886117652825737
3320.0,-0.698551,21.181337,-1.873174,22.146836,0.127255,0.074364,0.068765,0.0055989999999999,0.052891,0.05849,0.839818,0.1058572184829462,0.2002240597002826,165.0,0,1.017164321861468,1.2016310762957314,1.0051405820925314,0.1548104564611884,0.2017761697228914
3321.0,-0.692907,21.17333,-1.874093,22.146836,0.126952,0.073602,0.068266,0.005336,0.05335,0.058686,0.886966,0.1000168694120074,0.1340053589593572,166.0,0,1.0205728396779299,1.145187251851069,1.0138634182495425,0.1647044706889555,0.19781224590131682
3322.0,-0.683719,21.169654,-1.871468,22.148149,0.125987,0.073114,0.068428,0.0046859999999999,0.0528729999999999,0.0575589999999999,0.778526,0.0886257896130422,0.0048516910601164,167.0,0,1.0009738622332731,1.0056873055048718,1.004798510086372,0.25444899635401486,0.20408575755513075
3323.0,-0.683194,21.170573,-1.865824,22.152087,0.125748,0.07251,0.067651,0.004859,0.0532379999999999,0.0580969999999999,0.618222,0.0912676797084844,0.0348058132359638,168.0,0,1.01032989583152,1.0428157527631832,1.0117349702112286,0.21178378916094376,0.19534450719437096
3324.0,-0.675713,21.177136,-1.866743,22.157206,0.126447,0.073287,0.068544,0.004743,0.05316,0.057903,0.684229,0.0892195406406954,0.0115837238782272,169.0,0,1.0069561588091056,1.0179203777229424,1.0102526581845488,0.2358263970214743,0.19899184627575073
3325.0,-0.678863,21.167817,-1.864643,22.156025,0.126593,0.073408,0.067945,0.0054629999999999,0.053185,0.058648,0.646511,0.1027150001880193,0.164597145896485,170.0,0,1.0199120045910648,1.1724433952140698,1.0107277581931007,0.165651961882411,0.1975636207330341
3326.0,-0.679781,21.173986,-1.862543,22.162982,0.126116,0.073303,0.068654,0.0046489999999999,0.052813,0.057462,0.882251,0.0880259022228951,0.0019499167006368,171.0,0,0.9992869937220666,0.9977465393282433,1.0036582700658498,0.25793031791337984,0.20669829230356043
3327.0,-0.673613,21.171098,-1.863462,22.166527,0.126548,0.073172,0.067846,0.0053259999999999,0.0533759999999999,0.0587019999999999,1.297155,0.0997808044663431,0.1313288213410584,172.0,0,1.0208510860302924,1.1430410988303374,1.0143575222584345,0.15860901680071893,0.21103989955570582
3328.0,-0.668362,21.1879,-1.861493,22.167577,0.126272,0.072452,0.067688,0.004764,0.0538199999999999,0.058584,0.811529,0.0885156351609967,0.0036027443607522,173.0,0,1.0187990191816079,1.0224272990664345,1.0227952984103144,0.16040356157654612,0.2017490662075415
3329.0,-0.660881,21.184487,-1.865431,22.171121,0.126079,0.072689,0.067993,0.004696,0.0533899999999999,0.058086,0.825674,0.0879548987657097,0.0027549639034369,174.0,0,1.0101386014642715,1.0078334585256037,1.0146235782632236,0.2114672394707084,0.20203408561510972
3330.0,-0.660225,21.176742,-1.863199,22.165345,0.126419,0.073418,0.06866,0.0047579999999999,0.053001,0.057759,0.721948,0.0897701973510433,0.0178271472542286,175.0,0,1.0044519416378275,1.0211396072539867,1.0072310221301592,0.24615717216645178,0.20118438157214044
3331.0,-0.653531,21.178186,-1.858999,22.162195,0.126897,0.073476,0.068723,0.0047529999999999,0.053421,0.058174,0.816244,0.0889708359851745,0.008763875448488,176.0,0,1.0116689564022747,1.0200665307436314,1.0152127022738295,0.20812054321040907,0.20923243516379447
3332.0,-0.651562,21.179761,-1.861624,22.171646,0.126906,0.072689,0.068528,0.0041609999999999,0.0542169999999999,0.0583779999999999,0.637081,0.0767457302003024,0.1298460966031426,177.0,0,1.0152165973949168,0.8930142719175759,1.0303398865461169,0.1615406628723719,0.20257270091508445
3333.0,-0.641849,21.182124,-1.853618,22.171646,0.125307,0.072542,0.067489,0.005053,0.052765,0.057818,0.806814,0.0957624227722397,0.0857678434555577,178.0,0,1.0054779750621707,1.084451121364965,1.0027460780494304,0.21463398323662586,0.2075498146505999
3334.0,-0.641718,21.175955,-1.853881,22.166789,0.124407,0.072836,0.068103,0.004733,0.051571,0.056304,0.552215,0.0917746063755526,0.0405534192191776,179.0,0,0.9791489139697059,1.015774224702232,0.9800553016409963,0.22732935659178144,0.20865334901851101
3335.0,-0.642112,21.180811,-1.855456,22.168758,0.125849,0.073623,0.068864,0.0047589999999999,0.0522259999999999,0.0569849999999999,0.825674,0.0911214505906906,0.0331478468929966,180.0,0,0.9909917743422064,1.0213542225560577,0.9925029218650515,0.24613249779895147,0.208063339966081
3336.0,-0.640668,21.173723,-1.858474,22.167183,0.126529,0.073051,0.068197,0.004854,0.053478,0.058332,0.533356,0.0907645991884667,0.0291018154099766,181.0,0,1.0144166391318714,1.041742676252828,1.0162959302933277,0.19133297542627958,0.2089811225021953
3337.0,-0.631086,21.181205,-1.852831,22.16482,0.126116,0.072652,0.067956,0.0046959999999999,0.053464,0.05816,0.78324,0.0878331618816046,0.0041352338495946,182.0,0,1.011425490843956,1.0078334585255821,1.0160298742885385,0.20838015415587313,0.2078616107058525
3338.0,-0.630036,21.176086,-1.852831,22.163114,0.126584,0.073088,0.068024,0.0050639999999999,0.053496,0.05856,0.835103,0.094659513617586,0.0732629040470815,183.0,0,1.0183816496530615,1.086811889687725,1.016638002299485,0.17143890525565736,0.21737498092216803
3339.0,-0.628461,21.174248,-1.858343,22.16167,0.126244,0.073397,0.06825,0.0051469999999999,0.0528469999999999,0.0579939999999999,0.872822,0.0973925219497426,0.1042501376304407,184.0,0,1.0085386849381754,1.1046249597596212,1.0043044060774784,0.20556714894640826,0.21007782200418212
3340.0,-0.617173,21.177661,-1.848499,22.160488,0.125574,0.072657,0.068035,0.004622,0.0529169999999999,0.0575389999999999,0.882251,0.0873426811292944,0.0096963737338571,185.0,0,1.0006260542928178,0.9919519261723467,1.0056346861014234,0.2553349975275949,0.20870549840987618
3341.0,-0.613367,21.183305,-1.850074,22.1576,0.126198,0.073355,0.068145,0.00521,0.052843,0.058053,0.863392,0.0985920823556128,0.1178509225445201,186.0,0,1.0095647183625203,1.1181457237901182,1.004228390076112,0.19692542524698092,0.21020359278026093
3342.0,-0.620061,21.184618,-1.843906,22.156287,0.125509,0.072594,0.068182,0.0044119999999999,0.052915,0.057327,0.500352,0.0833774283770504,0.0546549681900562,187.0,0,0.9969392901239936,0.946882712737407,1.005596678100741,0.2566743650355272,0.2165538324192263
3343.0,-0.613236,21.174773,-1.848499,22.154187,0.12709,0.072962,0.068402,0.0045599999999999,0.054128,0.058688,0.79267,0.0842431968076261,0.0448387637271235,188.0,0,1.0206076204719754,0.9786457774439208,1.0286485305156745,0.14166239405676706,0.2194273594378456
3344.0,-0.608642,21.188425,-1.846399,22.149199,0.126051,0.072521,0.068008,0.004513,0.0535299999999999,0.058043,0.717233,0.0843062898133792,0.0441234063373401,189.0,0,1.0093908143922925,0.9685588582466033,1.0172841383111135,0.2136061206487217,0.2212607136327051
3345.0,-0.60851,21.172148,-1.850206,22.151299,0.125463,0.072815,0.068187,0.004628,0.0526479999999999,0.0572759999999999,0.641796,0.0879029041387302,0.0033444863107912,190.0,0,0.996052379875831,0.993239617984773,1.000522610009406,0.2611134415027991,0.22212863530232627
3346.0,-0.601816,21.184224,-1.847449,22.146705,0.124793,0.072479,0.067793,0.0046859999999999,0.052314,0.0569999999999999,0.764381,0.089572780273344,0.0155888046088614,191.0,0,0.991252630297548,1.0056873055048718,0.9941752738951558,0.25483537181593313,0.213822678861896
3347.0,-0.597748,21.165585,-1.844299,22.14316,0.125877,0.073697,0.068833,0.0048639999999999,0.0521799999999999,0.0570439999999999,0.726663,0.0932140050976407,0.0568735247586063,192.0,0,0.9920178077665496,1.043888829273517,0.9916287378493163,0.23711542434206628,0.21652996952625952
3348.0,-0.592629,21.178449,-1.841806,22.142635,0.12494,0.073067,0.067888,0.0051789999999999,0.051873,0.0570519999999999,0.835103,0.0998380691675982,0.1319780965931656,193.0,0,0.9921569309427317,1.1114926494258945,0.9857945097443022,0.18977244720425251,0.20717069757214435
3349.0,-0.591579,21.185799,-1.841149,22.14316,0.1255,0.073224,0.068187,0.005037,0.052276,0.057313,1.023696,0.0963521242611473,0.0924539620327433,194.0,0,0.996695824565675,1.0810172765318282,0.9934531218821572,0.21424636564261973,0.21271502278843624
3350.0,-0.595647,21.177267,-1.845481,22.14106,0.126575,0.073944,0.068455,0.0054889999999999,0.052631,0.0581199999999999,0.924685,0.1042901656786744,0.1824565941890781,195.0,0,1.0107298749630438,1.178023393067917,1.0001995420035925,0.17227543312329235,0.20813373170452634
3351.0,-0.589216,21.178055,-1.845218,22.137778,0.127025,0.073901,0.069053,0.0048479999999999,0.053124,0.0579719999999999,0.985977,0.0912564705882351,0.0346787226510789,196.0,0,1.0081560962036746,1.0404549844403803,1.0095685141722341,0.22399833189061624,0.20675168695651008
3352.0,-0.585278,21.181074,-1.832881,22.138697,0.12708,0.073765,0.068423,0.0053419999999999,0.053315,0.058657,0.886966,0.1001950633956035,0.1360257474550215,197.0,0,1.0200685181642697,1.146474943663474,1.01319827823757,0.16308164549437537,0.20528826118025173
3353.0,-0.583966,21.169523,-1.843249,22.13699,0.126061,0.072925,0.067772,0.005153,0.053136,0.058289,0.731378,0.0969757419500537,0.0995246272647105,198.0,0,1.0136688520598927,1.1059126515720688,1.0097965621763392,0.1971056462196858,0.20295307346757685
3354.0,-0.579634,21.17753,-1.841412,22.133183,0.126336,0.072668,0.067793,0.0048749999999999,0.053668,0.058543,0.651226,0.0908345599880748,0.0298950408142424,199.0,0,1.0180860129036746,1.0462495975962984,1.0199066903583214,0.16779320980962253,0.19405811535321993
3355.0,-0.567165,21.180418,-1.836818,22.134102,0.125004,0.072011,0.067326,0.004685,0.052993,0.057678,0.632367,0.0884062346680757,0.0023623461561843,200.0,1,1.0030433194789838,1.0054726902028222,1.0070789901274226,0.24729299402263677,0.18492921478331006
3356.0,-0.572153,21.17858,-1.836031,22.133183,0.125546,0.072206,0.068014,0.004192,0.0533399999999999,0.0575319999999999,0.717233,0.0785887028739619,0.1089502127324307,201.0,1,1.0005043215136584,0.8996673462817996,1.0136733782461198,0.24020111405334954,0.18411092475277924
3357.0,-0.570315,21.185143,-1.843643,22.128589,0.1263,0.072935,0.068192,0.0047429999999999,0.0533649999999999,0.0581079999999999,0.769096,0.0888768129520668,0.0076978290501497,202.0,1,1.0105211901987705,1.017920377722921,1.0141484782546717,0.21376354721531776,0.1765723169899842
3358.0,-0.567953,21.179893,-1.839706,22.129114,0.128284,0.073996,0.068885,0.005111,0.054288,0.059399,0.891681,0.09414430179226,0.0674213597720638,203.0,1,1.0329721927551607,1.0968988088850853,1.031689170570406,0.10082286606068325,0.1734928013791785
3359.0,-0.55509,21.182649,-1.8296,22.130164,0.12776,0.073954,0.068581,0.005373,0.053806,0.059179,0.651226,0.0998568959429071,0.1321915572245342,204.0,1,1.0291463054101526,1.1531280180276977,1.0225292424055272,0.12295735994352097,0.1664227529378072
3360.0,-0.555877,21.171361,-1.831043,22.125569,0.126548,0.073345,0.067856,0.0054889999999999,0.053203,0.0586919999999999,0.901111,0.1031689346665663,0.1697439189790159,205.0,1,1.0206771820600646,1.178023393067917,1.0110698301992578,0.16409253281798403,0.17269531853147052
3361.0,-0.54669,21.181599,-1.826843,22.126882,0.126327,0.073403,0.067704,0.0056989999999999,0.052924,0.0586229999999999,0.66537,0.1076806802078412,0.2208987256845782,206.0,1,1.019477244665494,1.2230926065028354,1.0057677141038197,0.148612254262666,0.16289153907071022
3362.0,-0.557452,21.179236,-1.828681,22.124913,0.126428,0.073954,0.067804,0.00615,0.052474,0.058624,0.712518,0.1171986660314435,0.3288149901499455,207.0,1,1.0194946350625185,1.3198841077368957,0.9972159139498874,0.13228648938631848,0.1590310835514623
3363.0,-0.554565,21.171886,-1.82855,22.121369,0.126731,0.07407,0.067877,0.0061929999999999,0.052661,0.058854,0.6748,0.1175990277619533,0.3333543478661933,208.0,1,1.0234944263777541,1.329112565725929,1.0007696620138549,0.1264051618059726,0.15547311135517503
3364.0,-0.544327,21.177399,-1.825531,22.1215,0.124912,0.071843,0.067951,0.003892,0.0530689999999999,0.056961,0.632367,0.073337101940833,0.168493604125255,209.0,1,0.9905744048136619,0.8352827556604876,1.0085232941534183,0.23051886574625563,0.16834763165260924
3365.0,-0.539077,21.175824,-1.825268,22.122419,0.126355,0.072788,0.067499,0.005289,0.0535669999999999,0.0588559999999999,0.42963,0.0987343189964158,0.119463621620778,210.0,1,1.023529207171798,1.1351003326537303,1.0179872863237702,0.14925519941503385,0.16922681233884268
3366.0,-0.539864,21.174511,-1.831306,22.117693,0.12629,0.073014,0.068176,0.0048379999999999,0.053276,0.058114,0.835103,0.0908084163898116,0.0295986210131897,211.0,1,1.0106255325809088,1.0383088314196698,1.0124571222242291,0.20159655886087052,0.1724555813705413
3367.0,-0.537108,21.171886,-1.830518,22.117956,0.126254,0.073298,0.067872,0.005426,0.052956,0.058382,0.740807,0.1024604868100534,0.1617114373531472,212.0,1,1.0152861589830096,1.164502629037463,1.0063758421147662,0.17818382525244497,0.16720102173671525
3368.0,-0.533958,21.177399,-1.835768,22.122419,0.126244,0.073187,0.068308,0.004879,0.0530569999999999,0.057936,0.971833,0.0919559727091109,0.0426097762657344,213.0,1,1.0075300419108568,1.047108058804604,1.0082952461493135,0.22956806903502525,0.16333762460141413
3369.0,-0.534614,21.174117,-1.827368,22.117168,0.127172,0.073382,0.068308,0.005074,0.05379,0.058864,0.849248,0.0943280474428809,0.0695046938507506,214.0,1,1.0236683303479819,1.0889580427084569,1.022225178400054,0.13174916680585536,0.16067807396978498
3370.0,-0.529364,21.17963,-1.828287,22.121894,0.126447,0.073655,0.068413,0.0052419999999999,0.052792,0.058034,0.580504,0.0992934669369044,0.1258033197606305,215.0,1,1.0092343008190878,1.12501341345637,1.0032591860586662,0.19638022313497022,0.14267193423924684
3371.0,-0.520701,21.182124,-1.825662,22.122681,0.128018,0.074201,0.068544,0.005657,0.0538169999999999,0.059474,0.778526,0.1051135307889555,0.1917920238313786,216.0,1,1.0342764725318678,1.214078763815873,1.0227382864092882,0.09606665792440561,0.14749565641594264
3372.0,-0.521489,21.178974,-1.826975,22.122288,0.127861,0.072993,0.068281,0.004712,0.054868,0.05958,0.948259,0.0858772713189598,0.0263113966570952,217.0,1,1.0361198546162809,1.0112673033587403,1.0427114907688078,0.09365251803330732,0.14602271858188626
3373.0,-0.515714,21.17543,-1.824743,22.121894,0.127889,0.07429,0.06826,0.0060299999999999,0.053599,0.059629,0.490922,0.1124999999999998,0.2755408525875296,218.0,1,1.0369719840703964,1.2941302714883496,1.0185954143347185,0.09980965548968102,0.14278232893637083
3374.0,-0.519651,21.185799,-1.825137,22.123863,0.127531,0.073271,0.067441,0.00583,0.05426,0.06009,0.684229,0.1074436519784007,0.2182112662190864,219.0,1,1.0449889570978905,1.251207211074163,1.031157058560828,0.05045746844087429,0.13857299279655017
3375.0,-0.518995,21.174642,-1.822381,22.123469,0.126952,0.073823,0.06867,0.005153,0.053129,0.058282,0.811529,0.0969885187276492,0.0996694921694882,220.0,1,1.0135471192807333,1.1059126515720688,1.0096635341739446,0.19749242118199184,0.14047194260823878
3376.0,-0.511251,21.173067,-1.822118,22.1236,0.12675,0.073497,0.068287,0.00521,0.0532529999999999,0.058463,0.863392,0.0978330266271079,0.1092446417347547,221.0,1,1.0166947811418534,1.1181457237901182,1.0120200302163596,0.1868671805203067,0.13512397862312392
3377.0,-0.512695,21.166504,-1.820018,22.119793,0.12697,0.07366,0.068129,0.005531,0.0533099999999999,0.058841,0.764381,0.1037496951848588,0.176328663571478,222.0,1,1.0232683512164582,1.1870372357549221,1.0131032582358577,0.14577992879729085,0.13490263421411886
3378.0,-0.504426,21.183305,-1.815818,22.118087,0.125693,0.072972,0.067651,0.0053209999999999,0.052721,0.0580419999999999,0.948259,0.1009256098023593,0.1443087855574931,223.0,1,1.009373423995268,1.1419680223199822,1.0019099020343791,0.18747470763681873,0.13649876960778426
3379.0,-0.499569,21.173461,-1.820806,22.119662,0.12743,0.073954,0.068607,0.005347,0.0534759999999999,0.0588229999999999,0.844533,0.0999869102604859,0.1336656778778062,224.0,1,1.0229553240700469,1.1475480201738508,1.0162579222926416,0.15073866492274124,0.15141705337375821
3380.0,-0.497469,21.174773,-1.811881,22.122156,0.127742,0.074217,0.068702,0.005515,0.0535249999999999,0.0590399999999999,0.759666,0.10303403953219,0.1682144589371301,225.0,1,1.0267290402239866,1.1836033909217853,1.017189118309403,0.1429005832838215,0.1679780838382623
3381.0,-0.490907,21.19105,-1.81175,22.123863,0.127751,0.073481,0.068218,0.005263,0.05427,0.059533,0.750237,0.0969762856774336,0.0995307921223622,226.0,1,1.035302505956211,1.1295203347998835,1.0313470985642488,0.09385321383435508,0.16379751048441143
3382.0,-0.49025,21.183174,-1.822906,22.121106,0.127916,0.073965,0.068591,0.005374,0.053951,0.059325,0.787955,0.0996070581257414,0.1293588608483915,227.0,1,1.031685303375476,1.1533426333297687,1.0252848224551276,0.10961387196996153,0.1697220522383846
3383.0,-0.487363,21.178711,-1.81385,22.125438,0.125748,0.072731,0.068313,0.004418,0.0530169999999999,0.057435,0.66537,0.0833301897468785,0.0551905664354294,228.0,1,0.9988174530024521,0.9481704045498546,1.0075350861356305,0.24899249314942024,0.1660749427013739
3384.0,-0.4871,21.176611,-1.809912,22.128326,0.125436,0.072221,0.067415,0.0048059999999999,0.053215,0.0580209999999999,0.618222,0.0903111846061333,0.0239609369839752,229.0,1,1.0090082256577901,1.0314411417533966,1.0112978782033628,0.21606777308591518,0.16237123395185174
3385.0,-0.483163,21.181205,-1.805844,22.129114,0.12596,0.073298,0.067704,0.005594,0.0526619999999999,0.0582559999999999,0.773811,0.1062225851166853,0.2043666380781199,230.0,1,1.0130949689581397,1.2005579997853975,1.0007886660141951,0.15568668764348326,0.16186065059274993
3386.0,-0.478962,21.173723,-1.80965,22.128326,0.126033,0.073014,0.068329,0.0046849999999999,0.053019,0.057704,0.844533,0.0883628819313465,0.0018708067182322,231.0,1,1.0034954698015757,1.0054726902028008,1.0075730941363166,0.24611259806003816,0.1652415485828609
3387.0,-0.476337,21.185931,-1.804662,22.13082,0.127319,0.073655,0.067972,0.0056829999999999,0.0536639999999999,0.0593469999999999,0.872822,0.1058976986862945,0.2006830299499873,232.0,1,1.032067892109975,1.2196587616696986,1.0198306743569512,0.10930883342718423,0.1721647715820213
3388.0,-0.479881,21.179761,-1.812143,22.132658,0.127016,0.073865,0.068302,0.0055629999999999,0.0531509999999999,0.0587139999999999,0.608793,0.1046621011438892,0.1866736509038122,233.0,1,1.0210597707945654,1.1939049254211738,1.0100816221814681,0.15043762014159712,0.17742089398026734
3389.0,-0.47555,21.184356,-1.808075,22.134759,0.127099,0.074427,0.068691,0.0057359999999999,0.052672,0.0584079999999999,0.967118,0.1088982970402291,0.2347042369068812,234.0,1,1.0157383093055996,1.2310333726794638,1.0009787060176176,0.1456328313317229,0.16388958351826055
3390.0,-0.467412,21.184224,-1.807812,22.135809,0.127181,0.074133,0.068717,0.005416,0.0530479999999999,0.0584639999999999,0.542785,0.1020942901845464,0.1575594484116909,235.0,1,1.0167121715388745,1.1623564760167524,1.0081242101462349,0.17670956318493125,0.15628131671835993
3391.0,-0.471743,21.172279,-1.807287,22.138303,0.126924,0.07387,0.06836,0.00551,0.053054,0.058564,0.467348,0.1038544906229384,0.1775168490153484,236.0,1,1.0184512112411526,1.1825303144114303,1.0082382341482892,0.16308544382595908,0.1522413539835994
3392.0,-0.468068,21.187506,-1.807025,22.14001,0.126189,0.073949,0.068486,0.0054629999999999,0.0522399999999999,0.0577029999999999,0.505067,0.1045730365038953,0.1856638234652949,237.0,1,1.003478079404551,1.1724433952140698,0.9927689778698405,0.16217509595242213,0.14916546942888217
3393.0,-0.467543,21.187506,-1.806631,22.144473,0.127402,0.074437,0.068113,0.0063239999999999,0.0529649999999999,0.0592889999999999,0.679515,0.1193973492429105,0.3537439702221625,238.0,1,1.031059249082655,1.3572271702972352,1.0065468781178428,0.11367938852935233,0.1590164482230363
3394.0,-0.460587,21.188293,-1.8086,22.146967,0.126621,0.073046,0.067552,0.0054939999999999,0.053575,0.059069,0.806814,0.1025459160818276,0.1626800464745232,239.0,1,1.0272333617376486,1.1790964695782722,1.0181393183265086,0.13998510508690865,0.15556583568483515
3395.0,-0.461768,21.191181,-1.803744,22.150511,0.127659,0.074605,0.068497,0.006108,0.0530539999999999,0.0591619999999999,0.830388,0.1151258128357365,0.3053126885273596,240.0,1,1.028850668660764,1.310870265049912,1.0082382341482872,0.11528706029587799,0.15383951027030668
3396.0,-0.455205,21.182649,-1.807025,22.150511,0.125445,0.072757,0.06772,0.005037,0.052688,0.057725,0.750237,0.0955987018163184,0.0839115521870927,241.0,1,1.0038606681390536,1.0810172765318282,1.0012827700230909,0.21535375251286615,0.15917898747205456
3397.0,-0.452712,21.185012,-1.802169,22.1576,0.1255,0.072615,0.067494,0.005121,0.052885,0.058006,0.981262,0.0968309193359301,0.097882608058549,242.0,1,1.0087473697024503,1.0990449619057956,1.005026558090479,0.20781862136872514,0.15611193329510656
3398.0,-0.455468,21.192888,-1.810306,22.149199,0.127053,0.073749,0.067746,0.0060029999999999,0.053304,0.059307,0.31176,0.1126160772910607,0.2768569532702485,243.0,1,1.0313722762290662,1.2883356583324315,1.0129892342338072,0.11593149475958586,0.15963629698508935
3399.0,-0.452974,21.190262,-1.80125,22.154975,0.126695,0.073429,0.067625,0.0058039999999999,0.053266,0.05907,0.575789,0.1089605196463098,0.2354097255825293,244.0,1,1.0272507521346712,1.2456272132202946,1.0122670822208084,0.12836957718643838,0.1666894606450181
3400.0,-0.449693,21.19525,-1.805712,22.158519,0.125528,0.072668,0.067767,0.004901,0.05286,0.057761,0.868107,0.0927148559429447,0.0512141013066123,245.0,1,1.0044867224318732,1.0518295954501669,1.004551458081927,0.23010433520241003,0.1676926082000117
3401.0,-0.44628,21.202863,-1.802169,22.157863,0.126382,0.073707,0.067651,0.0060559999999999,0.052675,0.0587309999999999,0.849248,0.1149669678791098,0.3035116820259833,246.0,1,1.0213554075439526,1.2997102693421965,1.0010357180186438,0.132414902056479,0.16995747029495883
3402.0,-0.440111,21.206276,-1.794556,22.158388,0.126593,0.073618,0.068428,0.00519,0.052975,0.058165,0.787955,0.0979688915735427,0.1107850976424185,247.0,1,1.0115124428290698,1.1138534177486974,1.0067369181212655,0.19741873285225003,0.1604221559205839
3403.0,-0.436042,21.202601,-1.793375,22.160357,0.125675,0.073361,0.068082,0.0052789999999999,0.052314,0.057593,0.806814,0.1009079613877471,0.1441086853457478,248.0,1,1.0015651357320488,1.1329541796329985,0.9941752738951558,0.1842110251286398,0.16561779921878142
3404.0,-0.443261,21.191181,-1.799937,22.157731,0.127834,0.07449,0.06898,0.00551,0.053344,0.058854,0.655941,0.1032899053332083,0.1711155014436089,249.0,1,1.0234944263777541,1.1825303144114303,1.01374939424749,0.15001658063684464,0.17767828018308773
3405.0,-0.43263,21.204176,-1.79075,22.160488,0.126318,0.07335,0.067567,0.0057829999999999,0.052968,0.058751,0.660655,0.1091770658309576,0.2378649567379973,250.0,1,1.0217032154844095,1.2411202918768027,1.006603890118871,0.1379356812453496,0.17785668657274772
3406.0,-0.432761,21.200894,-1.796131,22.155631,0.127025,0.074038,0.067924,0.006114,0.0529869999999999,0.059101,0.78324,0.1153846153846155,0.3082470282949057,251.0,1,1.027789854442377,1.3121579568623383,1.0069649661253683,0.12000060876911633,0.16872758812522706
3407.0,-0.43368,21.201026,-1.787731,22.157731,0.125574,0.07304,0.068423,0.0046169999999999,0.052534,0.0571509999999999,0.91997,0.087884267631103,0.0035557896603742,252.0,1,0.9938785802479854,0.99087884966197,0.9983561539704117,0.25977505435070036,0.1759918324302358
3408.0,-0.426592,21.198138,-1.781431,22.157338,0.125546,0.072615,0.067809,0.004806,0.0529309999999999,0.057737,0.721948,0.0907957379279076,0.0294548708255759,253.0,1,1.0040693529033267,1.0314411417534182,1.0059007421062125,0.23653630440264922,0.174105620334247
3409.0,-0.42016,21.192494,-1.792719,22.158257,0.127227,0.074012,0.06814,0.0058719999999999,0.053215,0.059087,0.599363,0.1103427540589294,0.2510816941260718,254.0,1,1.0275463888840584,1.2602210537611251,1.0112978782033628,0.13015364108303806,0.17422766390575964
3410.0,-0.426461,21.196432,-1.797706,22.155894,0.127347,0.074427,0.068638,0.0057889999999999,0.0529199999999999,0.0587089999999999,0.877537,0.1093894673192114,0.2402731947417142,255.0,1,1.0209728188094518,1.242407983689229,1.0056916981024495,0.13881335072720336,0.1695219519100217
3411.0,-0.421867,21.194331,-1.795606,22.156813,0.126584,0.073135,0.068392,0.004743,0.0534489999999999,0.058192,0.886966,0.0887371375116933,0.0061141692252655,256.0,1,1.0119819835486845,1.0179203777229424,1.0157448142834056,0.20505734510656654,0.16543940666613763
3412.0,-0.411498,21.211395,-1.783137,22.161276,0.126217,0.073282,0.067898,0.005384,0.0529349999999999,0.0583189999999999,0.839818,0.1017077225328698,0.1531764899050036,257.0,1,1.0141905639705737,1.155488786350479,1.0059767581075807,0.17855661189236233,0.16866661371301278
3413.0,-0.417667,21.207195,-1.788519,22.153137,0.126566,0.073271,0.068124,0.0051469999999999,0.053295,0.058442,0.740807,0.0965738516961872,0.094967938935258,258.0,1,1.0163295828043755,1.1046249597596212,1.0128181982307285,0.18543146084376583,0.16002821272630113
3414.0,-0.420029,21.209426,-1.788912,22.15655,0.127972,0.074112,0.06856,0.005552,0.05386,0.059412,0.66537,0.1030801507584337,0.1687372745179007,259.0,1,1.0331982679164566,1.1915441570984138,1.0235554584239992,0.10295946067946538,0.14990928711032525
3415.0,-0.417535,21.199451,-1.786419,22.156156,0.126943,0.073156,0.067426,0.0057299999999999,0.053787,0.059517,0.811529,0.1065293373986762,0.2078446386763759,260.0,1,1.0350242596038468,1.2297456808670375,1.0221681663990279,0.0971102288065091,0.1531965005483736
3416.0,-0.412942,21.196563,-1.790094,22.154712,0.125969,0.073513,0.067961,0.005552,0.052456,0.058008,0.599363,0.1058390681891835,0.2000182691120091,261.0,1,1.0087821504964958,1.1915441570984138,0.9968738419437301,0.15227267923786758,0.15587741752010298
3417.0,-0.412548,21.203782,-1.784319,22.155369,0.126198,0.072914,0.067657,0.005257,0.053284,0.058541,1.009551,0.0986581589565546,0.1186001083569763,262.0,1,1.0180512321096291,1.1282326429874572,1.0126091542269657,0.17339104448358394,0.15254368042975575
3418.0,-0.40756,21.209033,-1.787337,22.154712,0.12675,0.07429,0.068239,0.006051,0.05246,0.058511,0.872822,0.1153428260993881,0.3077732154903898,263.0,1,1.0175295201989463,1.2986371928318627,0.9969498579450984,0.13534704824289034,0.1500068001926055
3419.0,-0.407166,21.206801,-1.784581,22.154581,0.125969,0.073035,0.067478,0.005557,0.0529339999999999,0.058491,0.448489,0.1049778029659017,0.1902531226479298,264.0,1,1.017181712258491,1.192617233608769,1.0059577541072386,0.16302577546352193,0.14571315559468764
3420.0,-0.404016,21.215464,-1.789569,22.157731,0.125583,0.073418,0.067961,0.005457,0.052165,0.057622,0.849248,0.1046083656021163,0.1860643897592151,265.0,1,1.002069457245709,1.171155703401665,0.9913436778441872,0.16562252044449677,0.1550996008045124
3421.0,-0.402835,21.200369,-1.783269,22.156287,0.126842,0.073308,0.068287,0.0050209999999999,0.053534,0.058555,0.915255,0.0937891099280843,0.0633941443652836,266.0,1,1.018294697667948,1.07758343169867,1.0173601543124837,0.17171997420309426,0.15767418332279493
3422.0,-0.395091,21.20247,-1.782481,22.15865,0.125914,0.073534,0.067977,0.005557,0.0523799999999999,0.057937,0.934114,0.1060880853744679,0.2028416610482459,267.0,1,1.0075474323078797,1.192617233608769,0.9954295379177307,0.15318780952085997,0.15760073714012052
3423.0,-0.398897,21.195907,-1.781694,22.159307,0.126612,0.073817,0.068045,0.0057719999999999,0.052795,0.058567,0.533356,0.1093264641260701,0.239558855659979,268.0,1,1.018503382432221,1.2387595235540212,1.0033161980596925,0.14249501486458727,0.15579450546382395
3424.0,-0.396141,21.201945,-1.779331,22.160488,0.126401,0.073886,0.068675,0.0052109999999999,0.052515,0.057726,0.684229,0.099226902277401,0.1250486002714286,269.0,1,1.0038780585360765,1.1183603390921677,0.9979950779639123,0.19682391277771277,0.1579544307369093
3425.0,-0.392203,21.209164,-1.774737,22.159832,0.127172,0.074059,0.068113,0.0059459999999999,0.053113,0.059059,0.806814,0.1119478856798582,0.2692809026262923,270.0,1,1.0270594577674208,1.2761025861143822,1.0093594701684714,0.1228560539893343,0.1527111457907651
3426.0,-0.385509,21.209033,-1.774344,22.161538,0.127044,0.07355,0.068124,0.005426,0.0534939999999999,0.0589199999999999,0.707803,0.101430040190672,0.1500280883804212,271.0,1,1.024642192581255,1.164502629037463,1.0165999942987989,0.15153821741112383,0.1491707464327432
3427.0,-0.387741,21.201157,-1.780119,22.162589,0.126189,0.073676,0.068113,0.0055629999999999,0.0525129999999999,0.0580759999999999,0.575789,0.1059336557870282,0.2010907166248889,272.0,1,1.009964697494042,1.1939049254211738,0.9979570699632263,0.155328727720618,0.14456539637865498
3428.0,-0.383278,21.214152,-1.780119,22.163376,0.126759,0.073508,0.068008,0.0055,0.053251,0.058751,0.938829,0.1032825058213776,0.1710316047357931,273.0,1,1.0217032154844095,1.1803841613907198,1.0119820222156772,0.15694630097374374,0.14614858901717936
3429.0,-0.384984,21.212052,-1.775525,22.169152,0.127071,0.073634,0.067662,0.005972,0.0534369999999999,0.0594089999999999,0.872822,0.1117556794790225,0.2671016416370779,274.0,1,1.0331460967253865,1.2816825839682506,1.0155167662793008,0.11059292600208026,0.14742691701675625
3430.0,-0.383541,21.203388,-1.781037,22.169415,0.126226,0.073865,0.067709,0.0061559999999999,0.052361,0.058517,0.726663,0.1175661739429356,0.332981846636676,275.0,1,1.0176338625810828,1.3211717995493006,0.9950684619112332,0.1302185268642776,0.14030868044212036
3431.0,-0.380522,21.210477,-1.775525,22.16889,0.126832,0.074385,0.068171,0.006214,0.0524469999999999,0.058661,0.839818,0.1184792556436854,0.3433344956238449,276.0,1,1.0201380797523607,1.3336194870694422,0.9967028059406495,0.12566647366221206,0.14479209459864686
3432.0,-0.382491,21.194856,-1.781169,22.173222,0.126713,0.072946,0.068182,0.0047639999999999,0.0537669999999999,0.0585309999999999,0.580504,0.0886028864752267,0.0045920120562394,277.0,1,1.0178773281393998,1.022427299066413,1.0217880863921847,0.16901973590610375,0.14164519389515148
3433.0,-0.378422,21.202863,-1.776969,22.175322,0.125978,0.072893,0.067331,0.0055619999999999,0.053085,0.058647,0.820959,0.1047733865802659,0.1879354208628922,278.0,1,1.019894614194042,1.193690310119103,1.0088273581588934,0.15527829486035616,0.13834863269486877
3434.0,-0.375272,21.205226,-1.775656,22.179129,0.127319,0.074437,0.068392,0.006045,0.0528819999999999,0.0589269999999999,0.670085,0.1143089461641739,0.2960509390989567,279.0,1,1.0247639253604144,1.2973495010194365,1.0049695460894508,0.12564154703135366,0.13453558337604585
3435.0,-0.369628,21.213364,-1.770013,22.175453,0.127025,0.073586,0.068386,0.0051999999999999,0.053439,0.058639,0.622937,0.0973053892215568,0.1032622144802324,280.0,1,1.01975549101786,1.1159995707693864,1.0155547742799869,0.16769019555459957,0.13491414466007484
3436.0,-0.372384,21.201288,-1.771194,22.179785,0.12799,0.074469,0.068717,0.0057519999999999,0.053521,0.0592729999999999,0.618222,0.1074698254923207,0.2185080252080715,281.0,1,1.0307810027302906,1.2344672175126006,1.0171131023080366,0.12006921037617002,0.14245501866466645
3437.0,-0.366871,21.20772,-1.77185,22.17926,0.12765,0.0745,0.068549,0.0059509999999999,0.05315,0.059101,0.580504,0.1119640270173655,0.2694639153854563,282.0,1,1.027789854442377,1.2771756626247373,1.010062618181128,0.1223631157177909,0.1475340760987934
3438.0,-0.365427,21.188818,-1.771981,22.17716,0.126006,0.0745,0.068581,0.0059189999999999,0.051506,0.057425,1.066129,0.114916419127497,0.3029385531572774,283.0,1,0.9986435490322244,1.270307972958464,0.9788200416187617,0.1188158077855147,0.1425818280224243
3439.0,-0.366346,21.207851,-1.772638,22.185693,0.126777,0.073403,0.067363,0.0060399999999999,0.053374,0.0594139999999999,0.905825,0.1131615925058546,0.2830420816451604,284.0,1,1.0332330487105004,1.2962764245090599,1.0143195142577521,0.11437853884237004,0.14017386811295324
3440.0,-0.360571,21.202995,-1.775919,22.184642,0.125969,0.073051,0.067919,0.005132,0.0529179999999999,0.05805,0.66537,0.0969784009523991,0.0995547754079884,285.0,1,1.009512547171452,1.1014057302285771,1.0056536901017654,0.20562726691019367,0.14139638205385222
3441.0,-0.362802,21.209164,-1.76765,22.187268,0.126309,0.073298,0.067861,0.0054369999999999,0.053011,0.058448,0.740807,0.1025616841469855,0.1628588270191913,286.0,1,1.016433925186512,1.166863397360223,1.0074210621335802,0.1764570480034815,0.13609116957918846
3442.0,-0.357552,21.204045,-1.764763,22.181754,0.126566,0.073702,0.067363,0.0063389999999999,0.052864,0.059203,0.896396,0.1199092026860871,0.3595474366871349,287.0,1,1.029563674938699,1.360446399828301,1.0046274740832954,0.11949725514241294,0.14271868768984936
3443.0,-0.355846,21.196563,-1.768569,22.18438,0.126364,0.073739,0.067615,0.006124,0.052625,0.058749,0.571074,0.1163683350435146,0.3194005804052995,288.0,1,1.021668434690364,1.3143041098830488,1.0000855180015402,0.13119869576564536,0.14258995001115476
3444.0,-0.35414,21.201288,-1.768044,22.183592,0.126722,0.073749,0.067982,0.0057669999999999,0.052973,0.05874,0.717233,0.108864726092045,0.2343236047658237,289.0,1,1.021511921117159,1.237686447043666,1.0066989101205812,0.1378666864403435,0.1482731781301745
3445.0,-0.351515,21.207064,-1.7624,22.187531,0.12743,0.073849,0.06804,0.0058089999999999,0.0535809999999999,0.0593899999999999,0.976548,0.1084132731141054,0.2292049672868523,290.0,1,1.032815679181954,1.2467002897306496,1.0182533423285591,0.11463807080796196,0.14486096237305804
3446.0,-0.348758,21.209033,-1.76555,22.185824,0.125436,0.072731,0.067399,0.005332,0.0527049999999999,0.0580369999999999,0.745522,0.1011649527568019,0.1470224897012311,291.0,1,1.0092864720101542,1.144328790642785,1.0016058380289041,0.18634439148277915,0.143938204575533
3447.0,-0.350989,21.204176,-1.766863,22.187924,0.126943,0.074059,0.067851,0.006208,0.052884,0.059092,0.717233,0.1173867826415808,0.3309478827835492,292.0,1,1.027633340869172,1.3323317952570162,1.0050075540901369,0.12107573893084478,0.13888344151643062
3448.0,-0.348889,21.186587,-1.766469,22.184642,0.126208,0.073208,0.067735,0.0054729999999999,0.0529999999999999,0.0584729999999999,0.717233,0.1032622025999508,0.1708014039502901,293.0,1,1.0168686851120794,1.1745895482347801,1.0072120181298154,0.17564808897571188,0.1397829220189284
3449.0,-0.344296,21.209295,-1.761744,22.191075,0.12709,0.073156,0.067347,0.0058089999999999,0.053934,0.059743,0.778526,0.1077037174376563,0.2211599250424416,294.0,1,1.0389544893309914,1.2467002897306496,1.0249617544493126,0.08025638127120549,0.14422459587696176
3450.0,-0.339702,21.199844,-1.762531,22.195013,0.125675,0.072899,0.067662,0.005237,0.052776,0.058013,0.736092,0.0992288307406636,0.1250704654596437,295.0,1,1.0088691024816097,1.1239403369460363,1.0029551220531931,0.1963996889349433,0.14297376711330229
3451.0,-0.344164,21.204439,-1.762269,22.193175,0.125096,0.073124,0.067147,0.0059769999999999,0.051972,0.057949,0.594648,0.1150020202797605,0.3039091110838605,296.0,1,1.0077561170721527,1.2827556604785844,0.9876759057781671,0.12590941741245798,0.13928753767359608
3452.0,-0.338652,21.205226,-1.761219,22.193569,0.125316,0.073072,0.067058,0.0060139999999999,0.052244,0.058258,0.764381,0.1151114939228632,0.3051503386754968,297.0,1,1.0131297497521867,1.2906964266552128,0.9928449938712107,0.12849206016739045,0.13370162004506736
3453.0,-0.338389,21.202995,-1.763713,22.195932,0.125013,0.072773,0.067426,0.005347,0.05224,0.057587,1.014266,0.1023525583354071,0.1604877290992021,298.0,1,1.0014607933499122,1.1475480201738508,0.9927689778698425,0.1756154343459792,0.13506914809459786
3454.0,-0.339308,21.205095,-1.760169,22.196326,0.125436,0.073513,0.067447,0.006066,0.051923,0.057989,0.905825,0.1168245897850705,0.3245736609567773,299.0,1,1.0084517329530633,1.3018564223629285,0.9867447097614056,0.12535839880374877,0.12970009389242276
3455.0,-0.33642,21.196563,-1.762663,22.197639,0.127521,0.073933,0.067478,0.006455,0.053588,0.060043,0.703089,0.1204538244789043,0.3657224353177817,300.0,1,1.0441716084378208,1.3853417748685628,1.0183863703309555,0.07777577641089983,0.13017347788606715
3456.0,-0.33327,21.197875,-1.760825,22.199345,0.12618,0.072972,0.067179,0.0057929999999999,0.0532079999999999,0.0590009999999999,0.78324,0.1088725591535265,0.2344124171206725,301.0,1,1.0260508147400988,1.243266444897513,1.0111648502009662,0.1304852151974919,0.12292185397139369
3457.0,-0.334451,21.202207,-1.75925,22.205121,0.126796,0.074185,0.068134,0.006051,0.0526109999999999,0.0586619999999999,0.731378,0.1150117843837908,0.3040198178712339,302.0,1,1.0201554701493818,1.2986371928318627,0.9998194619967493,0.13475101942614953,0.12211008663376863
3458.0,-0.330908,21.21087,-1.759906,22.203152,0.127411,0.074353,0.068365,0.005988,0.0530579999999999,0.059046,0.787955,0.1128555004805972,0.2795715671307868,303.0,1,1.026833382606125,1.2851164288013874,1.0083142501496554,0.1219575469539611,0.12297149289347768
3459.0,-0.32382,21.211002,-1.753213,22.209847,0.127503,0.073817,0.067641,0.0061759999999999,0.053686,0.059862,0.863392,0.1150371598338515,0.3043075282997247,304.0,1,1.0410239465767004,1.3254641055907215,1.0202487623644787,0.08499022120764921,0.11785796245022254
3460.0,-0.327757,21.203126,-1.760169,22.207484,0.126842,0.073849,0.067898,0.0059509999999999,0.052993,0.058944,1.094418,0.1122957315922556,0.2732248285966785,305.0,1,1.025059562109803,1.2771756626247373,1.0070789901274226,0.12388344978820887,0.12020296274089666
3461.0,-0.325526,21.194331,-1.762269,22.207747,0.126777,0.074353,0.06784,0.006513,0.052424,0.058937,0.825674,0.1242346208869814,0.4085896377517253,306.0,1,1.0249378293306437,1.3977894623886833,0.9962657139327837,0.11779174403620729,0.12493680113526932
3462.0,-0.318832,21.201026,-1.749013,22.209322,0.126107,0.073166,0.067368,0.0057979999999999,0.052941,0.058739,0.495637,0.1095160741944013,0.2417086813330315,307.0,1,1.0214945307201364,1.244339521407868,1.006090782109635,0.1371061227644813,0.12741096884972633
3463.0,-0.320145,21.206014,-1.754919,22.212079,0.126566,0.073649,0.067662,0.005987,0.052917,0.058904,0.736092,0.1131373067765222,0.2827667266238425,308.0,1,1.0243639462288925,1.2849018134993162,1.0056346861014251,0.1244801299134275,0.12524780100963245
3464.0,-0.318701,21.210739,-1.755838,22.214704,0.125693,0.072752,0.067058,0.0056939999999999,0.052941,0.0586349999999999,1.061414,0.1075516603075061,0.2194358798741416,309.0,1,1.019685929429767,1.22201952999248,1.006090782109635,0.14880840171049003,0.1258535597610519
3465.0,-0.32172,21.210345,-1.754263,22.218248,0.125087,0.073114,0.067121,0.0059929999999999,0.051973,0.057966,0.820959,0.1153076538269134,0.3073744273088803,310.0,1,1.0080517538215397,1.2861895053117212,0.9876949097785093,0.12511416035462664,0.14171605719631958
3466.0,-0.320932,21.198794,-1.75505,22.21733,0.126254,0.072757,0.067441,0.005316,0.053497,0.058813,0.868107,0.0993682006803992,0.126650661475248,311.0,1,1.0227814200998209,1.1408949458096485,1.016657006299827,0.15522689234206177,0.14688966885126983
3467.0,-0.31857,21.208114,-1.757544,22.221136,0.126759,0.073702,0.067447,0.006255,0.053057,0.059312,0.726663,0.1178898563835804,0.3366518037594113,312.0,1,1.0314592282141801,1.342418714454355,1.0082952461493153,0.11311934102521093,0.1513869379081781
3468.0,-0.31857,21.202076,-1.752556,22.221924,0.125748,0.073534,0.06741,0.006124,0.0522139999999999,0.058338,0.712518,0.1172843052762617,0.3297859799752811,313.0,1,1.014520981514008,1.3143041098830488,0.9922748738609467,0.1280151344681555,0.15268532189615916
3469.0,-0.316601,21.201945,-1.7498,22.227306,0.124885,0.072636,0.067867,0.004769,0.0522489999999999,0.057018,0.637081,0.0912727272727274,0.0348630432306134,314.0,1,0.9915656574439594,1.0235003755767895,0.9929400138729193,0.24361519556032585,0.1525851877889496
3470.0,-0.310826,21.206932,-1.752163,22.226913,0.125261,0.072311,0.066843,0.005468,0.05295,0.058418,0.78324,0.1032652829974882,0.170836329931634,315.0,1,1.0159122132758291,1.1735164717244464,1.0062618181127136,0.17561956633771153,0.15449739854120498
3471.0,-0.306494,21.202076,-1.747044,22.225862,0.125004,0.072941,0.067489,0.005452,0.052063,0.057515,0.703089,0.1047172710510143,0.1872991750848931,316.0,1,1.000208684764273,1.1700826268913098,0.9894052698092958,0.16276443460529005,0.155604316915959
3472.0,-0.305969,21.197613,-1.748619,22.219036,0.125647,0.072946,0.067247,0.0056989999999999,0.052701,0.0584,0.731378,0.1081363136123865,0.2260647614294768,317.0,1,1.0155991861294194,1.2230926065028354,1.0015298220275377,0.15008996264429175,0.15249956987731622
3473.0,-0.303475,21.195644,-1.749931,22.217592,0.126557,0.073728,0.06773,0.005998,0.052829,0.058827,0.835103,0.1135339769070604,0.2872642284594218,318.0,1,1.0230248856581396,1.2872625818220977,1.0039623340713228,0.12347878884133201,0.15540909515058765
3474.0,-0.303738,21.207983,-1.744813,22.222187,0.126364,0.073298,0.067814,0.005484,0.053066,0.05855,0.721948,0.1033410594154559,0.1716954936363504,319.0,1,1.018207745682834,1.1769503165575832,1.008466282152394,0.16793050923304353,0.15644920871849116
3475.0,-0.306363,21.198269,-1.749669,22.215886,0.126364,0.073513,0.067625,0.0058879999999999,0.052851,0.058739,0.820959,0.1114054340422309,0.2631305095209886,320.0,1,1.0214945307201364,1.263654898594262,1.0043804220788486,0.13618334410216693,0.1406408700548068
3476.0,-0.303869,21.202732,-1.745994,22.217461,0.126327,0.073634,0.067384,0.00625,0.0526929999999999,0.0589429999999999,0.698374,0.1186093293354083,0.3448092894695289,321.0,1,1.0250421717127784,1.3413456379439999,1.0013777900247993,0.12417942195563425,0.1358202574863964
3477.0,-0.300588,21.197875,-1.745994,22.224287,0.126465,0.07324,0.067651,0.0055889999999999,0.0532249999999999,0.0588139999999999,0.646511,0.1050050727088264,0.1905623108358418,322.0,1,1.022798810496842,1.1994849232750209,1.0114879182067815,0.14221459375792522,0.13253377438568598
3478.0,-0.303607,21.201945,-1.745206,22.217986,0.126254,0.073576,0.067667,0.0059089999999999,0.052678,0.058587,0.816244,0.1121699348886652,0.2717985278451196,323.0,1,1.0188511903726762,1.2681618199377536,1.0010927300196701,0.1384162701471907,0.1366915655372064
3479.0,-0.294813,21.203257,-1.741138,22.216148,0.127714,0.07408,0.06783,0.0062499999999999,0.053634,0.0598839999999999,0.811529,0.1165283863149061,0.3212152642734631,324.0,1,1.0414065353111994,1.3413456379439783,1.0192605543466908,0.085531808923482,0.13672840587775986
3480.0,-0.295469,21.203782,-1.738382,22.214573,0.126492,0.073723,0.067599,0.0061239999999999,0.0527689999999999,0.0588929999999999,0.778526,0.1160507864316845,0.3158001694979941,325.0,1,1.0241726518616403,1.3143041098830273,1.0028220940507966,0.1274134406536075,0.13926599416180072
3481.0,-0.296519,21.191706,-1.74035,22.212866,0.126006,0.073865,0.06751,0.0063549999999999,0.052141,0.058496,0.707803,0.1218787158145065,0.3818780540649695,326.0,1,1.0172686642436046,1.3638802446614375,0.9908875818359774,0.12989960359818586,0.14456027986773953
3482.0,-0.29035,21.199844,-1.739169,22.216673,0.125372,0.072925,0.06773,0.005195,0.052447,0.057642,0.566359,0.0990504881025016,0.1230483914975646,327.0,1,1.0024172651861643,1.1149264942590527,0.9967028059406514,0.19166787415949593,0.14334787050148087
3483.0,-0.288775,21.191969,-1.738775,22.213523,0.127255,0.074663,0.068276,0.0063869999999999,0.052592,0.058979,0.575789,0.1214420169984596,0.376926701352575,328.0,1,1.0256682260055996,1.3707479343277107,0.9994583859902518,0.12384719224686647,0.14566087031549219
3484.0,-0.293763,21.199188,-1.741138,22.217592,0.124692,0.072888,0.067725,0.005163,0.051804,0.056967,0.943544,0.0996621947688447,0.1299840078773046,329.0,1,0.9906787471957984,1.1080588045927793,0.9844832337206991,0.1933063920734524,0.1500333203889531
3485.0,-0.293763,21.192625,-1.742188,22.216673,0.125399,0.072662,0.067363,0.0052989999999999,0.052737,0.058036,0.91054,0.1004778338200158,0.1392318383727229,330.0,1,1.0092690816131331,1.1372464856744193,1.0022139660398524,0.18912620116155504,0.1523081527889309
3486.0,-0.289562,21.197088,-1.741794,22.218117,0.126832,0.073791,0.067489,0.006302,0.053041,0.059343,0.78324,0.1188115078616945,0.34710161808992,331.0,1,1.0319983305218858,1.3525056336516939,1.007991182143842,0.11205532829304765,0.152767206895664
3487.0,-0.286281,21.187112,-1.742713,22.211816,0.126336,0.073765,0.068234,0.0055309999999999,0.052571,0.058102,0.754952,0.1052080955641785,0.1928642125781576,332.0,1,1.0104168478166358,1.1870372357549006,0.9990593019830684,0.16534459189803807,0.1484041672244282
3488.0,-0.290087,21.195513,-1.739694,22.216148,0.125831,0.073235,0.067856,0.0053789999999999,0.052596,0.057975,0.655941,0.1022681902009619,0.1595311513023891,333.0,1,1.0082082673947446,1.1544157098401027,0.9995344019916201,0.18214077088179986,0.1401546265780767
3489.0,-0.284837,21.200107,-1.739038,22.216017,0.126832,0.073828,0.067352,0.006476,0.0530039999999999,0.05948,0.594648,0.1221771530987644,0.3852617780472473,334.0,1,1.0343808149140046,1.3898486962120549,1.0072880341311836,0.10828013292326011,0.1469760224968013
3490.0,-0.282869,21.198926,-1.733,22.216017,0.125831,0.07346,0.067426,0.0060339999999999,0.052371,0.058405,0.660655,0.115214236614985,0.306315249796441,335.0,1,1.0156861381145332,1.2949887326966336,0.9952585019146539,0.13200398172093875,0.14314917995601834
3491.0,-0.282475,21.206539,-1.737594,22.214179,0.126235,0.073802,0.066853,0.006949,0.052433,0.059382,0.872822,0.1325285120341764,0.5026269442864921,336.0,1,1.0326765560057736,1.4913617340916567,0.9964367499358624,0.08626920688582762,0.1388493296960302
3492.0,-0.278143,21.20247,-1.739169,22.21838,0.126685,0.07376,0.067336,0.006424,0.0529249999999999,0.059349,0.806814,0.1213770169670864,0.3761897218375878,337.0,1,1.0321026729040224,1.3786887005043607,1.00578671810416,0.10917246769598088,0.14055153260762915
3493.0,-0.280506,21.19735,-1.73825,22.211947,0.125767,0.072988,0.067704,0.0052839999999999,0.0527789999999999,0.0580629999999999,0.467348,0.1001136794240242,0.1351030045172854,338.0,1,1.009738622332746,1.1340272561433538,1.0030121340542175,0.19206115143411262,0.1334598884023485
3494.0,-0.280112,21.19735,-1.732213,22.209847,0.126281,0.073408,0.067804,0.0056039999999999,0.052873,0.058477,0.542785,0.1059878201006165,0.2017048392447489,339.0,1,1.0169382467001722,1.2027041528060864,1.004798510086374,0.15503796666562286,0.12675854159164873
3495.0,-0.275387,21.201682,-1.734707,22.215098,0.126024,0.073492,0.067683,0.005809,0.0525319999999999,0.058341,0.490922,0.1105781128052844,0.2537502247570911,340.0,1,1.0145731527050763,1.2467002897306712,0.9983181459697256,0.14612769856167374,0.12768446924765087
3496.0,-0.268693,21.193544,-1.735757,22.209584,0.126502,0.074395,0.068281,0.006114,0.052107,0.058221,0.773811,0.1173332309818071,0.3303407065189694,341.0,1,1.0124863050623447,1.3121579568623383,0.9902414458243469,0.12907735740903714,0.12316815080681356
3497.0,-0.276043,21.199844,-1.735232,22.214573,0.127172,0.073996,0.067452,0.006544,0.053176,0.05972,0.594648,0.1230607217406022,0.3952798038137313,342.0,1,1.038554510199468,1.4044425367528857,1.010556722190022,0.09442814984523129,0.12850160226853685
3498.0,-0.274993,21.198663,-1.7351,22.212604,0.127558,0.074395,0.068155,0.00624,0.053163,0.059403,0.853963,0.1173726581897526,0.3307877377584174,343.0,1,1.0330417543432517,1.3391994849232893,1.010309670185575,0.11512730277480221,0.12726467123980223
3499.0,-0.270924,21.204964,-1.730638,22.211422,0.126639,0.074101,0.067557,0.0065439999999999,0.052538,0.0590819999999999,0.764381,0.1245550924075447,0.4122231890101189,344.0,1,1.0274594368989427,1.404442536752864,0.99843216997178,0.11753940948328157,0.11934604120636774
3500.0,-0.270399,21.1963,-1.728407,22.209059,0.127136,0.074495,0.06752,0.006975,0.0526409999999999,0.059616,0.53807,0.1324987652444818,0.5022896709932574,345.0,1,1.0367459089091005,1.4969417319455038,1.0003895820070114,0.08684079731256578,0.1239814959004832
3501.0,-0.272499,21.196825,-1.734838,22.208666,0.125757,0.073376,0.06751,0.0058659999999999,0.052381,0.058247,0.6748,0.1119850330266121,0.26970208447829,346.0,1,1.0129384553849365,1.2589333619486989,0.9954485419180746,0.13960372150306055,0.12249518340344039
3502.0,-0.272237,21.184881,-1.732869,22.206171,0.124637,0.07377,0.06731,0.00646,0.0508669999999999,0.057327,0.934114,0.1269953605410082,0.4398912929701206,347.0,1,0.9969392901239936,1.386414851378918,0.9666764854001757,0.09680315740863432,0.11706101873003827
3503.0,-0.265937,21.19,-1.731163,22.207747,0.126566,0.074427,0.067772,0.0066549999999999,0.052139,0.058794,0.882251,0.1276371308016876,0.447167774618763,348.0,1,1.0224510025563884,1.4282648352827494,0.9908495738352932,0.1128748510997678,0.11914857346424171
3504.0,-0.266987,21.197088,-1.730244,22.203021,0.125895,0.073366,0.068145,0.005221,0.052529,0.05775,0.523926,0.0993908242908814,0.1269071711588305,349.0,1,1.0042954280646228,1.1205064921128995,0.9982611339687013,0.20139251360677768,0.1278368426539239
3505.0,-0.261737,21.196825,-1.725782,22.205515,0.125427,0.073439,0.067546,0.005893,0.051988,0.057881,0.6748,0.1133509011521669,0.2851884897528891,350.0,1,1.0065735700746048,1.2647279751046385,0.9879799697836403,0.13126457359124555,0.12481648388610392
3506.0,-0.26423,21.194988,-1.724732,22.202496,0.126685,0.074736,0.06763,0.007106,0.0519489999999999,0.0590549999999999,0.589933,0.1367853705486044,0.5508918059650516,351.0,1,1.026989896179328,1.52505633651681,0.9872388137702977,0.07473571067501594,0.128191935701927
3507.0,-0.26108,21.186849,-1.726438,22.202102,0.12561,0.073996,0.067741,0.006255,0.0516139999999999,0.057869,0.816244,0.1211857018308633,0.3740205638645135,352.0,1,1.0063648853103315,1.342418714454355,0.9808724736557036,0.11530369718726563,0.12877208460996678
3508.0,-0.258193,21.183962,-1.724469,22.203415,0.126189,0.073145,0.06805,0.005095,0.0530439999999999,0.0581389999999999,0.641796,0.0960505231407296,0.0890343660302637,353.0,1,1.0110602925064762,1.0934649640519485,1.0080481941448665,0.20200999467162406,0.1315725803308389
3509.0,-0.260949,21.189868,-1.727488,22.196063,0.127577,0.074474,0.067756,0.006718,0.053103,0.059821,0.754952,0.1265064778547755,0.4343482721842315,354.0,1,1.0403109402987671,1.4417855993132465,1.0091694301650507,0.08733582180508193,0.1334597520750568
3510.0,-0.256093,21.193413,-1.728932,22.19777,0.125252,0.073581,0.067573,0.0060079999999999,0.051671,0.057679,0.896396,0.1162718687103266,0.3183068315263604,355.0,1,1.0030607098760065,1.2894087348427865,0.9819557016752035,0.12059531547079627,0.12089358565018968
3511.0,-0.255305,21.187112,-1.725257,22.197639,0.125868,0.07335,0.067615,0.005735,0.052518,0.058253,0.608793,0.1091985757535368,0.2381088392712047,356.0,1,1.013042797767073,1.230818757377414,0.9980520899649385,0.14540521058345868,0.1229347724295526
3512.0,-0.255961,21.196038,-1.718694,22.195932,0.126731,0.074154,0.067914,0.0062399999999999,0.052577,0.058817,0.721948,0.1186808170717789,0.3456198274979711,357.0,1,1.0228509816879119,1.339199484923268,0.9991733259851208,0.12480811461735586,0.13012921487733667
3513.0,-0.257011,21.186324,-1.721188,22.197901,0.126327,0.073686,0.067714,0.005972,0.0526409999999999,0.058613,0.877537,0.1134455377835189,0.2862614932145846,358.0,1,1.019303340695268,1.2816825839682506,1.0003895820070114,0.13174656854194644,0.12999344663461693
3514.0,-0.249399,21.194331,-1.723419,22.195932,0.127981,0.074936,0.068035,0.006901,0.053045,0.059946,0.740807,0.1300946348452287,0.4750313017559697,359.0,1,1.0424847399266126,1.4810601995922468,1.0080671981452105,0.07573084935810648,0.12200527852950427
3515.0,-0.255699,21.191706,-1.722107,22.199345,0.125868,0.073387,0.067756,0.0056309999999999,0.052481,0.058112,0.259897,0.1072939293472046,0.2165136899288868,360.0,1,1.0105907517868633,1.2084987659620046,0.9973489419522819,0.1516764413848748,0.12338702667203083
3516.0,-0.251105,21.195513,-1.715544,22.199476,0.126281,0.074159,0.06835,0.005809,0.052122,0.057931,0.995407,0.1114479212631661,0.2636122356189065,361.0,1,1.0074430899257432,1.2467002897306712,0.990526505829478,0.1466801351528565,0.12439711786734182
3517.0,-0.251236,21.192625,-1.7183,22.202364,0.126952,0.074637,0.068092,0.0065449999999999,0.052315,0.05886,0.712518,0.1251051303616483,0.4184595968406321,362.0,1,1.0235987687598909,1.4046571520549351,0.994194277895498,0.11394601476006805,0.12489250849264233
3518.0,-0.247824,21.188687,-1.717775,22.201445,0.12686,0.074164,0.067793,0.0063709999999999,0.052696,0.0590669999999999,0.769096,0.1208987228874506,0.3707667561653553,363.0,1,1.0271985809436013,1.3673140894945741,1.0014348020258272,0.12212831362049781,0.13348737959343648
3519.0,-0.244411,21.189343,-1.718038,22.203152,0.125454,0.074222,0.067966,0.0062559999999999,0.051232,0.057488,0.731378,0.122108797064392,0.3844867476973548,364.0,1,0.9997391440446585,1.3426333297564044,0.9736129455250339,0.10115330323034744,0.13367577868762628
3520.0,-0.25058,21.189868,-1.714625,22.198164,0.126639,0.074269,0.068155,0.006114,0.05237,0.058484,0.731378,0.1167439995417312,0.3236599174216734,365.0,1,1.0170599794793316,1.3121579568623383,0.9952394979143119,0.13069622742390608,0.13804851020074277
3521.0,-0.244805,21.188162,-1.712919,22.207353,0.125362,0.073618,0.068061,0.005557,0.051744,0.057301,0.787955,0.1073920185525172,0.2176258391606564,366.0,1,0.9964871398014017,1.192617233608769,0.9833429937001748,0.15035911683646375,0.13467319950743742
3522.0,-0.242048,21.190787,-1.718432,22.204596,0.125445,0.072641,0.067525,0.0051159999999999,0.052804,0.05792,0.707803,0.0968847647003123,0.098493114387367,367.0,1,1.0072517955584925,1.097971885395419,1.003487234062771,0.21075682562529763,0.14186296048824593
3523.0,-0.243361,21.195119,-1.7204,22.203415,0.126373,0.073912,0.067903,0.006009,0.052461,0.05847,0.717233,0.114540048034768,0.2986712046727535,368.0,1,1.0168165139210128,1.289623350144879,0.9969688619454404,0.1336305594838444,0.1455138056809675
3524.0,-0.235879,21.201945,-1.7183,22.208272,0.12596,0.07387,0.067268,0.006602,0.0520899999999999,0.0586919999999999,0.6748,0.1267397439096967,0.4369930755848881,369.0,1,1.0206771820600646,1.416890224273006,0.9899183778185298,0.11945816448927127,0.14736854934012947
3525.0,-0.24008,21.205357,-1.707932,22.20709,0.12652,0.073712,0.067363,0.0063489999999999,0.0528079999999999,0.0591569999999999,0.797385,0.1202257191009107,0.3631361443993306,370.0,1,1.02876371667565,1.3625925528490113,1.0035632500641374,0.11792333445182113,0.14942886156440194
3526.0,-0.236536,21.193281,-1.712657,22.203415,0.125169,0.072258,0.067273,0.004985,0.052911,0.057896,0.646511,0.0942130329603871,0.0682006434413275,371.0,1,1.0068344260299464,1.0698572808241342,1.0055206620993729,0.21857774496094196,0.14781917142679557
3527.0,-0.238505,21.184881,-1.714494,22.205646,0.125859,0.073481,0.067867,0.005614,0.0523779999999999,0.057992,0.929399,0.1071803585406366,0.2152260081205421,372.0,1,1.0085039041441317,1.2048503058268183,0.9953915299170465,0.15045446668728357,0.14667488385253885
3528.0,-0.240211,21.188162,-1.713444,22.20394,0.125271,0.073119,0.067273,0.005846,0.0521519999999999,0.0579979999999999,1.04727,0.1120932640500068,0.2709292230725773,373.0,1,1.0086082465262665,1.2546410559072996,0.9910966258397382,0.1406757502121173,0.13852474389364686
3529.0,-0.236273,21.192625,-1.713575,22.203546,0.125822,0.07376,0.067573,0.006187,0.0520619999999999,0.0582489999999999,0.622937,0.1188367938843327,0.347388314577693,374.0,1,1.0129732361789803,1.327824873913524,0.9893862658089518,0.1217564254730722,0.1396341519659833
3530.0,-0.22866,21.199844,-1.709638,22.206434,0.126355,0.073765,0.067147,0.0066179999999999,0.05259,0.059208,0.820959,0.1258390218858739,0.4267805623563439,375.0,1,1.0296506269238126,1.420324069106121,0.9994203779895676,0.1145993260478424,0.1402679306571693
3531.0,-0.227742,21.194594,-1.711213,22.202889,0.125004,0.073361,0.067651,0.0057099999999999,0.051643,0.057353,0.901111,0.1105646348075283,0.2535974093193216,376.0,1,0.9973914404465855,1.2254533748256167,0.9814235896656255,0.13891624109389655,0.13685967085899853
3532.0,-0.226298,21.188556,-1.710819,22.203677,0.126465,0.073487,0.067578,0.0059089999999999,0.052978,0.0588869999999999,0.618222,0.1115347590554747,0.2645968147445792,377.0,1,1.0240683094795036,1.2681618199377536,1.0067939301222917,0.12925542603637796,0.12665369485208738
3533.0,-0.229054,21.186587,-1.712919,22.204596,0.125289,0.072941,0.067258,0.005683,0.052348,0.058031,0.985977,0.1085598578769414,0.230866965983423,378.0,1,1.0091821296280195,1.21965876166972,0.9948214099067862,0.14472464020720865,0.12865248704100823
3534.0,-0.224592,21.190787,-1.707275,22.201183,0.126281,0.073429,0.067394,0.0060349999999999,0.052852,0.058887,0.684229,0.1141846252814409,0.2946413714122393,379.0,1,1.0240683094795056,1.2952033479987046,1.0043994260791906,0.1257959514011312,0.12662676500779382
3535.0,-0.225248,21.188818,-1.712394,22.195932,0.127632,0.074017,0.067704,0.0063129999999999,0.0536149999999999,0.0599279999999999,0.655941,0.1177447030737093,0.335006035078266,380.0,1,1.042171712780201,1.3548664019744538,1.0188994783401897,0.08384073647011347,0.13144685980179455
3536.0,-0.224854,21.181074,-1.708588,22.191337,0.126208,0.07314,0.066979,0.006161,0.0530679999999999,0.0592289999999999,0.509782,0.1160941415892517,0.3162917363837487,381.0,1,1.030015825261289,1.3222448760596772,1.0085042901530763,0.1165179848918304,0.13457311429136443
3537.0,-0.219473,21.188818,-1.707538,22.196851,0.1255,0.072778,0.067294,0.0054839999999999,0.052722,0.0582059999999999,0.844533,0.104015325379815,0.1793404161523444,382.0,1,1.0122254491070013,1.1769503165575619,1.0019289060347212,0.1704423885764922,0.14187216871061586
3538.0,-0.220785,21.186849,-1.710163,22.191731,0.127172,0.073534,0.067914,0.00562,0.053638,0.059258,0.820959,0.1047745110833535,0.1879481706373553,383.0,1,1.030520146774951,1.2061379976392446,1.0193365703480592,0.12041852987997315,0.1443999777973741
3539.0,-0.218291,21.192756,-1.706619,22.18333,0.126051,0.073014,0.067525,0.0054889999999999,0.053037,0.0585259999999999,0.806814,0.1034918360420829,0.1734050202752659,384.0,1,1.017790376154286,1.178023393067917,1.007915166142474,0.16995737341307943,0.14231235009671
3540.0,-0.220391,21.180811,-1.709113,22.181886,0.125978,0.073896,0.068129,0.005767,0.052082,0.057849,0.731378,0.1107271086534955,0.2554395606793946,385.0,1,1.0060170773698764,1.2376864470436875,0.9897663458157951,0.1458618709435413,0.14363828586847072
3541.0,-0.216454,21.179236,-1.710032,22.179917,0.12607,0.073418,0.068344,0.0050739999999999,0.0526519999999999,0.0577259999999999,0.915255,0.0963667787210604,0.0926201163642257,386.0,1,1.0038780585360747,1.0889580427084353,1.0005986260107742,0.21190678528641083,0.14635844920365074
3542.0,-0.214616,21.190656,-1.701894,22.177291,0.126198,0.073502,0.067861,0.0056409999999999,0.052696,0.058337,0.787955,0.1070459418942253,0.2137019732426268,387.0,1,1.0145035911169853,1.2106449189827149,1.0014348020258272,0.15453351690396044,0.15265265125779875
3543.0,-0.214354,21.182649,-1.705963,22.171646,0.125316,0.073182,0.066958,0.0062239999999999,0.052134,0.058358,0.971833,0.119382372686295,0.3535741639128815,388.0,1,1.0148687894544632,1.3357656400901312,0.9907545538335829,0.12384836320056758,0.15941659140551037
3544.0,-0.217766,21.185668,-1.707013,22.169284,0.126263,0.073565,0.067693,0.005872,0.0526979999999999,0.0585699999999999,0.505067,0.1114252642365131,0.26335534705807,389.0,1,1.0185555536232875,1.2602210537611467,1.0014728100265096,0.13905530911873842,0.15965493617225462
3545.0,-0.210679,21.180155,-1.705307,22.168233,0.126731,0.07388,0.067462,0.006418,0.052851,0.059269,0.646511,0.1214334367668206,0.3768294174771955,390.0,1,1.0307114411422014,1.3774010086919346,1.0043804220788486,0.11104236982191362,0.15713557011094723
3546.0,-0.208579,21.18278,-1.706488,22.168233,0.125473,0.072725,0.067326,0.005399,0.052748,0.058147,0.66537,0.1023526512350945,0.1604887824089482,391.0,1,1.01119941568266,1.1587080158815448,1.0024230100436151,0.17946000543331092,0.157010326979029
3547.0,-0.204378,21.184749,-1.700319,22.165083,0.125124,0.072788,0.067909,0.004879,0.052336,0.057215,0.688944,0.0932227678315533,0.0569728778704803,392.0,1,0.9949915656574441,1.047108058804604,0.9945933619026814,0.23808179005360797,0.15015335529778523
3548.0,-0.204641,21.180155,-1.701238,22.160882,0.125592,0.073345,0.067168,0.0061769999999999,0.052247,0.058424,0.896396,0.1182246210381256,0.3404474125849646,393.0,1,1.0160165556579657,1.3256787208927923,0.9929020058722371,0.12280197754741573,0.14812234250480888
3549.0,-0.203985,21.191706,-1.700057,22.162982,0.12505,0.073166,0.067573,0.005593,0.051884,0.057477,0.78324,0.1077960875012046,0.2222072298389923,394.0,1,0.9995478496774082,1.2003433844833264,0.9860035537480648,0.14476371280000544,0.15386330352876576
3550.0,-0.203591,21.187112,-1.70675,22.159569,0.125592,0.073387,0.06763,0.0057569999999999,0.052205,0.057962,0.891681,0.1102746810711411,0.2503098729982356,395.0,1,1.0079821922334486,1.2355402940229556,0.99210383785787,0.14460943962435935,0.1552647652628215
3551.0,-0.203853,21.185668,-1.697826,22.160619,0.125693,0.073576,0.067872,0.005704,0.052117,0.057821,0.731378,0.1094439541041483,0.240890973587164,396.0,1,1.0055301462532389,1.224165683013212,0.9904314858277676,0.14333706847397265,0.1698687767580901
3552.0,-0.204378,21.189737,-1.704126,22.162326,0.125105,0.073271,0.067536,0.005735,0.0518339999999999,0.0575689999999999,0.618222,0.110639529275586,0.2544465733516816,397.0,1,1.0011477662035007,1.230818757377414,0.9850533537309594,0.13422338897419728,0.17343223997950033
3553.0,-0.203328,21.18173,-1.697694,22.16167,0.124986,0.072683,0.067357,0.0053259999999999,0.052303,0.057629,0.622937,0.1018277760783113,0.1545376739201909,398.0,1,1.0021911900248683,1.1430410988303374,0.993966229891393,0.18125797344013622,0.1617546152868023
3554.0,-0.201622,21.187112,-1.698351,22.162589,0.125243,0.073061,0.067557,0.0055039999999999,0.0521819999999999,0.0576859999999999,0.806814,0.1054749631105914,0.1958899944241978,399.0,1,1.003182442655164,1.1812426225989825,0.9916667458500005,0.15306992645929585,0.16116536565739334
3555.0,-0.196897,21.19315,-1.695726,22.160094,0.125068,0.072652,0.067977,0.0046749999999999,0.052416,0.057091,0.948259,0.0891886220119426,0.0112331641086254,400.0,1,0.9928351564266213,1.0033265371820903,0.9961136819300471,0.2570824847745994,0.15802593882141794
3556.0,-0.194928,21.181599,-1.696644,22.1576,0.124894,0.072374,0.067331,0.0050429999999999,0.05252,0.057563,1.000122,0.0960187353629974,0.0886739517270609,401.0,1,1.001043423821366,1.082304968344233,0.9980900979656226,0.2150946376474135,0.15840156100193825
3557.0,-0.198603,21.186456,-1.704651,22.155369,0.124885,0.073119,0.0672,0.005919,0.0517659999999999,0.057685,0.472063,0.1143392508741091,0.296394538170496,402.0,1,1.003165052258143,1.2703079729584854,0.9837610817076985,0.12130554312662745,0.1606901991796888
3558.0,-0.202672,21.196038,-1.701632,22.158782,0.12697,0.073928,0.06773,0.0061979999999999,0.053042,0.05924,0.571074,0.116848594536508,0.3248458302111303,403.0,1,1.0302071196285412,1.330185642236284,1.0080101861441841,0.11690948125332634,0.15837400762275083
3559.0,-0.196372,21.191575,-1.695201,22.154975,0.126823,0.074232,0.067662,0.00657,0.0525909999999999,0.0591609999999999,0.698374,0.1249239428049895,0.4164052667917537,404.0,1,1.028833278263741,1.4100225346067325,0.9994393819899079,0.11336944444025121,0.15263876656189854
3560.0,-0.201491,21.193544,-1.698219,22.152218,0.126584,0.073954,0.068192,0.005762,0.0526299999999999,0.058392,0.967118,0.109479204271247,0.2412906449488974,405.0,1,1.0154600629532373,1.2366133705333322,1.0001805380032487,0.14836566142956276,0.14301644065794333
3561.0,-0.195716,21.183437,-1.700188,22.147361,0.125987,0.072998,0.067462,0.0055359999999999,0.0529889999999999,0.0585249999999999,0.608793,0.1044725419890545,0.184524402495158,406.0,1,1.017772985757263,1.1881103122652559,1.0070029741260524,0.16622345025147778,0.13083676265160524
3562.0,-0.190072,21.192362,-1.703601,22.149067,0.126529,0.074584,0.067861,0.0067229999999999,0.051945,0.058668,0.736092,0.1294228622030568,0.4674146488782731,407.0,1,1.02025981253152,1.4428586758235802,0.9871627977689312,0.11106147340481776,0.12230180648932454
3563.0,-0.189415,21.190919,-1.697826,22.150249,0.12595,0.073649,0.067483,0.006166,0.052301,0.058467,0.637081,0.1178922412144851,0.3366788433082606,408.0,1,1.0167643427299444,1.3233179525700323,0.993928221890709,0.12390556283161358,0.1244027058835899
3564.0,-0.18679,21.191312,-1.683651,22.147361,0.12765,0.073712,0.067541,0.0061709999999999,0.053938,0.060109,0.594648,0.1144070153321343,0.2971628611444035,409.0,1,1.0453193746413232,1.324391029080366,1.0250377704506808,0.05684666741974376,0.12551228175281262
3565.0,-0.18994,21.189343,-1.697563,22.146311,0.126336,0.073114,0.067378,0.005736,0.053222,0.058958,0.726663,0.1077729553012796,0.2219449536966407,410.0,1,1.0253030276681216,1.231033372679485,1.0114309062057572,0.13528570471121826,0.1329245406891401
3566.0,-0.188234,21.189737,-1.690344,22.144735,0.125427,0.073324,0.067221,0.0061029999999999,0.052103,0.058206,0.703089,0.1171311223706432,0.3280491706060866,411.0,1,1.012225449107003,1.3097971885395354,0.9901654298229786,0.1297450760246065,0.13319681255520618
3567.0,-0.18679,21.181599,-1.695857,22.143816,0.125757,0.073187,0.067273,0.005914,0.05257,0.058484,0.759666,0.1124954823001274,0.2754896302697789,412.0,1,1.0170599794793316,1.2692348964481304,0.9990402979827262,0.1423145370692811,0.1279875033988151
3568.0,-0.185478,21.188818,-1.688769,22.14421,0.126483,0.073959,0.067672,0.006287,0.052524,0.058811,0.495637,0.1196953831508805,0.3571231206672476,413.0,1,1.0227466393057754,1.3492864041206283,0.998166113966991,0.12800523994555368,0.14075019707035516
3569.0,-0.181934,21.190525,-1.685882,22.144735,0.126593,0.073649,0.068308,0.005341,0.052944,0.058285,0.509782,0.1008782699027294,0.1437720391047345,414.0,1,1.0135992904718014,1.1462603283614246,1.0061477941106611,0.18749203380352586,0.1434520680039306
3570.0,-0.181803,21.200107,-1.690082,22.149461,0.126006,0.073492,0.067835,0.0056569999999999,0.052514,0.058171,0.863392,0.1077216033514233,0.2213627180530697,415.0,1,1.0116167852112063,1.2140787638158517,0.9979760739635702,0.15108838009022363,0.15678558030850293
3571.0,-0.178128,21.200107,-1.691788,22.144867,0.12675,0.073933,0.067541,0.0063919999999999,0.052817,0.059209,0.835103,0.1210193494641977,0.3721344372902322,416.0,1,1.0296680173208355,1.371821010838066,1.003734286067218,0.11413035868756705,0.15945398353433063
3572.0,-0.181146,21.189343,-1.686801,22.14526,0.125666,0.073035,0.068203,0.004832,0.052631,0.057463,0.514496,0.0918072655418757,0.0409237134490136,417.0,1,0.9993043841190895,1.0370211396072653,1.0001995420035925,0.2386884101202183,0.15907168546733594
3573.0,-0.178521,21.185799,-1.692707,22.143554,0.125436,0.073571,0.068056,0.0055149999999999,0.0518649999999999,0.0573799999999999,0.938829,0.1063317009216055,0.2056038084500187,418.0,1,0.9978609811661984,1.183603390921764,0.9856424777415635,0.1509242721673678,0.16344299134556312
3574.0,-0.17419,21.19525,-1.683388,22.14106,0.126538,0.073529,0.068224,0.0053049999999999,0.053009,0.058314,0.6748,0.1000754574608562,0.134669638512958,419.0,1,1.0141036119854616,1.1385341774868456,1.0073830541328959,0.19018179046546724,0.17015193628119668
3575.0,-0.176815,21.189212,-1.687063,22.148017,0.125463,0.073287,0.067809,0.005478,0.0521759999999999,0.057654,1.009551,0.1049887881633672,0.1903776743647391,420.0,1,1.0026259499504373,1.175662624745157,0.9915527218479481,0.16196973696949524,0.1646416578375019
3576.0,-0.179965,21.195513,-1.688113,22.149855,0.12607,0.074022,0.068029,0.0059929999999999,0.0520479999999999,0.0580409999999999,1.099133,0.1151415012776422,0.3054905662923739,421.0,1,1.0093560335982452,1.2861895053117212,0.9891202098041628,0.12592209535465948,0.16046110159416943
3577.0,-0.181934,21.192494,-1.687851,22.150905,0.125418,0.072909,0.067552,0.005357,0.052509,0.057866,0.698374,0.1020186631117882,0.1567019780040044,422.0,1,1.0063127141192634,1.1496941731945611,0.9978810539618599,0.18602759585155304,0.16213659099940553
3578.0,-0.17524,21.192625,-1.688769,22.149855,0.125326,0.072563,0.067336,0.005227,0.0527629999999999,0.05799,0.646511,0.0990637555909334,0.123198820150951,423.0,1,1.0084691233500862,1.1217941839253258,1.0027080700487443,0.19509468930188917,0.1493092806579487
3579.0,-0.176553,21.189343,-1.686801,22.154318,0.127273,0.073949,0.068292,0.0056569999999999,0.0533239999999999,0.0589809999999999,0.905825,0.1060853258321612,0.2028103729687194,424.0,1,1.0257030067996435,1.2140787638158517,1.0133693142406466,0.1323892493665778,0.15273533119242824
3580.0,-0.16474,21.201026,-1.679844,22.155894,0.127365,0.074532,0.067924,0.006608,0.052833,0.059441,0.613507,0.125070977022372,0.4180723614673056,425.0,1,1.0337025894301168,1.4181779160854322,1.0040383500726913,0.10928281765689907,0.14469507178800237
3581.0,-0.16684,21.207458,-1.683519,22.159307,0.126061,0.073833,0.06793,0.0059029999999999,0.052228,0.058131,0.5475,0.1130215014647033,0.2814537096800942,426.0,1,1.010921169330296,1.2668741281253273,0.9925409298657376,0.13088525273992802,0.14189391031240728
3582.0,-0.172615,21.207326,-1.684569,22.162982,0.125362,0.073928,0.067672,0.0062559999999999,0.051434,0.05769,0.651226,0.1216292407893457,0.3790494710756991,427.0,1,1.003252004243257,1.3426333297564044,0.9774517535941325,0.11041530670565003,0.14258871754014926
3583.0,-0.171302,21.191312,-1.683257,22.163901,0.125418,0.072951,0.067604,0.005347,0.052467,0.057814,0.853963,0.1019097354578029,0.1554669409139175,428.0,1,1.0054084134740795,1.1475480201738508,0.9970828859474928,0.18518477751216328,0.1348490043820368
3584.0,-0.169071,21.195644,-1.678926,22.166527,0.125813,0.074022,0.067436,0.006586,0.051791,0.058377,1.051984,0.1271624961383999,0.4417862999247401,429.0,1,1.0151992069978957,1.4134563794398691,0.9842361817162522,0.10977919642120848,0.13247713062510166
3585.0,-0.16264,21.200107,-1.681682,22.170071,0.125638,0.073277,0.067368,0.0059089999999999,0.052361,0.05827,0.806814,0.1128490126427561,0.279498007111131,430.0,1,1.01333843451646,1.2681618199377536,0.9950684619112332,0.1339581222135443,0.1344205785764665
3586.0,-0.162115,21.183043,-1.689819,22.169021,0.126364,0.073802,0.067835,0.005967,0.052562,0.058529,0.853963,0.1135209177558358,0.2871161619626479,431.0,1,1.0178425473453558,1.2806095074578954,0.9988882659799897,0.13287016763207937,0.1368289868807179
3587.0,-0.158439,21.200501,-1.674069,22.170728,0.127567,0.074547,0.068098,0.0064489999999999,0.05302,0.059469,0.962403,0.1216310518473811,0.3790700051069042,432.0,1,1.0341895205467542,1.3840540830561152,1.0075920981366586,0.10863046427042866,0.13396050723464592
3588.0,-0.161983,21.196825,-1.679582,22.16889,0.126391,0.073523,0.068008,0.005515,0.052868,0.058383,0.769096,0.1043144375721123,0.182731792337075,433.0,1,1.0153035493800324,1.1836033909217853,1.0047034900846636,0.17137595173253756,0.13512414924552613
3589.0,-0.156339,21.190787,-1.679188,22.171778,0.124995,0.072809,0.067279,0.0055299999999999,0.0521859999999999,0.0577159999999999,0.519211,0.1059650870906546,0.2014470891744499,434.0,1,1.003704154565847,1.1868226204528294,0.9917427618513687,0.15182372888022644,0.13369479403561352
3590.0,-0.16684,21.194331,-1.680632,22.179654,0.126336,0.073702,0.067704,0.005998,0.052634,0.058632,0.580504,0.1139545929514582,0.2920332324406052,435.0,1,1.0196337582387005,1.2872625818220977,1.0002565540046189,0.13336690069941282,0.13436989023469983
3591.0,-0.164477,21.201157,-1.676432,22.183855,0.12584,0.074201,0.06741,0.006791,0.051639,0.05843,1.004836,0.1315065840433773,0.4910401807250073,436.0,1,1.0161208980401024,1.4574525163644325,0.9813475736642572,0.10220045627920837,0.13158221659669395
3592.0,-0.157783,21.196432,-1.676432,22.186087,0.127264,0.074337,0.068229,0.006108,0.0529269999999999,0.0590349999999999,0.552215,0.1154020556227328,0.3084447681722164,437.0,1,1.0266420882388727,1.310870265049912,1.005824726104844,0.12205172681445198,0.13075530999551038
3593.0,-0.156077,21.20142,-1.678138,22.188318,0.125794,0.073103,0.067594,0.005509,0.0526909999999999,0.0581999999999999,0.608793,0.1045509754801488,0.1854136924693963,438.0,1,1.0121211067248648,1.182315699109359,1.001339782024115,0.17089122541303725,0.1319253653987289
3594.0,-0.158964,21.202601,-1.676563,22.18333,0.126254,0.073135,0.067027,0.006108,0.053119,0.059227,0.825674,0.1149849397590361,0.3037154497330394,439.0,1,1.0299810444672453,1.310870265049912,1.009473494170524,0.1165301584120716,0.12659847721778283
3595.0,-0.159621,21.198532,-1.677744,22.187924,0.125114,0.073665,0.067168,0.0064969999999999,0.051449,0.057946,0.759666,0.1262779397473272,0.4317570749182462,440.0,1,1.0077039458810844,1.3943556175555252,0.9777368135992636,0.10608138583348548,0.12253663846023488
3596.0,-0.149645,21.201157,-1.673676,22.192913,0.126024,0.072526,0.066785,0.0057409999999999,0.053498,0.059239,0.396626,0.1073104170171404,0.2167006294539271,441.0,1,1.0301897292315183,1.2321064491898188,1.016676010300169,0.12460110162024363,0.11492656025764822
3597.0,-0.152139,21.192756,-1.672626,22.194357,0.126281,0.072652,0.067058,0.0055939999999999,0.053629,0.059223,0.66537,0.104307290695506,0.1826507600430327,442.0,1,1.029911482879154,1.2005579997853761,1.0191655343449806,0.12033101830261395,0.11522921717610475
3598.0,-0.156208,21.196957,-1.682863,22.190812,0.126759,0.073665,0.067625,0.0060399999999999,0.053094,0.059134,0.608793,0.1137583576607964,0.2898082890631968,443.0,1,1.0283637375441281,1.2962764245090599,1.008998394161972,0.11810706992307662,0.11824803531398717
3599.0,-0.148727,21.199057,-1.680107,22.196326,0.126731,0.073823,0.067415,0.0064079999999999,0.052908,0.059316,0.816244,0.1211136101608421,0.3732031783512393,444.0,1,1.0315287898022711,1.3752548556712025,1.0054636500983465,0.11120534130474724,0.11456387323354053
3600.0,-0.150695,21.195644,-1.673413,22.193307,0.127218,0.075072,0.067651,0.0074209999999999,0.052146,0.0595669999999999,0.514496,0.1423092411835771,0.6135222296034184,445.0,1,1.0358937794549832,1.592660156669166,0.9909826018376877,0.05726611867354625,0.11393325444365354
3601.0,-0.14912,21.205226,-1.674726,22.196326,0.127411,0.07407,0.067809,0.006261,0.053341,0.059602,0.769096,0.1173746766150501,0.3308106229488601,446.0,1,1.0365024433507817,1.3437064062667812,1.0136923822464639,0.1052270254637736,0.11381152583427792
3602.0,-0.14702,21.20877,-1.673151,22.200001,0.125932,0.073382,0.067709,0.0056729999999999,0.0525499999999999,0.0582229999999999,0.858677,0.1079522749329222,0.2239781049484734,447.0,1,1.0125210858563884,1.2175126086489882,0.998660217975883,0.15223990819327615,0.1140837001648674
3603.0,-0.14492,21.201813,-1.673151,22.199608,0.126621,0.074043,0.067951,0.006092,0.052578,0.05867,0.670085,0.1158637478841362,0.3136795000899368,448.0,1,1.0202945933255656,1.3074364202167754,0.9991923299854628,0.13404960460857085,0.11621351398515842
3604.0,-0.144133,21.200107,-1.673413,22.202364,0.126244,0.073959,0.067247,0.0067119999999999,0.052285,0.0589969999999999,0.830388,0.1283708832192173,0.455487162923154,449.0,1,1.0259812531520076,1.4404979075007989,0.9936241578852357,0.11022397051320165,0.11949641203780095
3605.0,-0.14702,21.197482,-1.668557,22.197639,0.126906,0.074694,0.067851,0.006843,0.0522119999999999,0.0590549999999999,0.679515,0.1310593147300481,0.485968978224917,450.0,1,1.026989896179328,1.4686125120721265,0.9922368658602625,0.10486409973972899,0.11963021935085175
3606.0,-0.143345,21.208901,-1.666588,22.200789,0.126566,0.073686,0.06762,0.006066,0.05288,0.058946,0.872822,0.1147103874737618,0.3006025372349179,451.0,1,1.0250943429038486,1.3018564223629285,1.0049315380887687,0.12732284492613866,0.12062232061394842
3607.0,-0.145445,21.202863,-1.66147,22.198426,0.125647,0.073607,0.067851,0.005756,0.05204,0.057796,0.901111,0.110605099825138,0.2540562073909833,452.0,1,1.00509538632767,1.235325678720906,0.9889681778014282,0.1416291565055241,0.1344596987241466
3608.0,-0.143214,21.20457,-1.670395,22.195801,0.125362,0.073109,0.067499,0.0056099999999999,0.052253,0.057863,0.924685,0.1073602020897919,0.2172650996229588,453.0,1,1.006260542928195,1.2039918446185127,0.9930160298742895,0.1509360504495021,0.13042281136718248
3609.0,-0.139408,21.201551,-1.668951,22.193832,0.126327,0.074479,0.068035,0.006444,0.0518479999999999,0.058292,0.754952,0.1242839784759591,0.4091492610506249,454.0,1,1.0137210232509608,1.3829810065457815,0.9853194097357484,0.11254341443525495,0.12961899791248147
3610.0,-0.148333,21.204439,-1.670132,22.189237,0.126979,0.07513,0.06794,0.00719,0.051849,0.059039,0.575789,0.1386692381870781,0.5722513627094141,455.0,1,1.0267116498269655,1.5430840218907773,0.9853384137360923,0.06718713130451326,0.13246207972774293
3611.0,-0.144133,21.210345,-1.674857,22.189237,0.124811,0.072689,0.067924,0.004765,0.052122,0.056887,0.736092,0.0914183757650174,0.0365144263598016,456.0,1,0.9892875154339774,1.0226419143685055,0.990526505829478,0.24360080656575522,0.13707192840643917
3612.0,-0.140983,21.195775,-1.670526,22.18333,0.124894,0.07334,0.067368,0.005972,0.051554,0.057526,0.754952,0.1158374551449908,0.3133813893085471,457.0,1,1.0003999791315237,1.2816825839682506,0.9797322336351811,0.11187103462363501,0.1370262284138843
3613.0,-0.133764,21.201026,-1.667638,22.183198,0.125372,0.073518,0.067615,0.005903,0.051854,0.057757,0.655941,0.1138366599170765,0.2906960910786191,458.0,1,1.0044171608437822,1.266874128125349,0.9854334337378027,0.12601147006156055,0.13482067070462672
3614.0,-0.135339,21.204832,-1.669345,22.183461,0.125445,0.073408,0.067573,0.005835,0.052037,0.057872,0.580504,0.1121295976017527,0.2713411780021015,459.0,1,1.0064170565014,1.2522802875845183,0.9889111658004018,0.1386547886658167,0.1315980372151738
3615.0,-0.137833,21.195513,-1.662913,22.176504,0.126042,0.07334,0.067667,0.0056729999999999,0.0527019999999999,0.0583749999999999,0.745522,0.1076409312562852,0.2204480464707365,460.0,1,1.0151644262038486,1.2175126086489882,1.001548826027878,0.15096258652669126,0.13456987191782085
3616.0,-0.131664,21.199582,-1.665801,22.173878,0.125803,0.073838,0.067567,0.0062709999999999,0.051965,0.0582359999999999,0.736092,0.1206750567678866,0.3682307981845234,461.0,1,1.0127471610176844,1.3458525592874702,0.9875428777757727,0.12686584500058995,0.14064941232047415
3617.0,-0.134945,21.202732,-1.659895,22.174928,0.126281,0.073166,0.067168,0.0059979999999999,0.053115,0.059113,0.670085,0.112922659838843,0.2803330293981301,462.0,1,1.0279985392066502,1.2872625818220762,1.0093974781691555,0.119573579412948,0.1306306005201711
3618.0,-0.128776,21.210345,-1.663963,22.171646,0.125427,0.073775,0.06772,0.0060549999999999,0.051652,0.057707,0.651226,0.1172245561729229,0.3291085362222674,463.0,1,1.0035476409926438,1.2994956540401255,0.9815946256687043,0.118709715554973,0.1393794275568397
3619.0,-0.140851,21.203388,-1.661732,22.167314,0.126171,0.07355,0.067646,0.005904,0.052621,0.058525,0.53807,0.1121964197483943,0.2720988169167593,464.0,1,1.0177729857572648,1.26708874342742,1.000009502000172,0.14226176146172576,0.1365359119340513
3620.0,-0.127332,21.196825,-1.662257,22.16377,0.12663,0.074148,0.067888,0.00626,0.0524819999999999,0.0587419999999999,0.604078,0.1192767181754092,0.3523762381804816,465.0,1,1.021546701911203,1.3434917909647102,0.997367945952622,0.1279825353310461,0.13509485109351949
3621.0,-0.134551,21.205882,-1.664882,22.164951,0.126226,0.073607,0.06773,0.005877,0.052619,0.058496,0.646511,0.1116875712656785,0.2663294211169273,466.0,1,1.0172686642436046,1.261294130271502,0.9999714939994878,0.1434126885627245,0.1338978297023313
3622.0,-0.129432,21.199844,-1.670001,22.166527,0.125684,0.072694,0.067531,0.005163,0.0529899999999999,0.0581529999999999,0.868107,0.0974316393349814,0.1046936560563827,467.0,1,1.011303758064795,1.1080588045927793,1.0070219781263945,0.1993593049903215,0.1339465177783412
3623.0,-0.129826,21.198532,-1.661338,22.160226,0.12652,0.073849,0.066964,0.006885,0.0526709999999999,0.059556,0.618222,0.1307146111786148,0.4820606807859382,468.0,1,1.0357024850877345,1.47762635475911,1.0009597020172736,0.09757631383367604,0.1414815888208425
3624.0,-0.127988,21.197219,-1.665013,22.16272,0.126538,0.073917,0.06751,0.0064069999999999,0.052621,0.059028,0.707803,0.1217551594390177,0.3804771544691159,469.0,1,1.026520355459715,1.3750402403691315,1.000009502000172,0.12424418026049877,0.14350561277358545
3625.0,-0.130614,21.194725,-1.66147,22.162063,0.126309,0.072909,0.067315,0.005594,0.0534,0.058994,0.778526,0.1047545926106253,0.1877223321868131,470.0,1,1.0259290819609412,1.2005579997853975,1.014813618266646,0.13899237261480923,0.14269838117088796
3626.0,-0.124707,21.196694,-1.653463,22.158782,0.127062,0.073775,0.067961,0.005814,0.053287,0.059101,0.948259,0.1091052394535354,0.2370505791495945,471.0,1,1.027789854442377,1.2477733662410262,1.0126661662279919,0.12735272576068912,0.14663808419974672
3627.0,-0.125626,21.202076,-1.654382,22.161538,0.12437,0.072526,0.067368,0.0051579999999999,0.051844,0.057002,0.948259,0.0994888610280643,0.1280187254995519,472.0,1,0.9912874110915952,1.1069857280824025,0.985243393734382,0.19492428983796117,0.1503374387272975
3628.0,-0.121688,21.199188,-1.655826,22.167183,0.126042,0.073355,0.067436,0.005919,0.0526869999999999,0.0586059999999999,0.476778,0.1123405709079868,0.273733223076831,473.0,1,1.0191816079161071,1.2703079729584854,1.0012637660227468,0.13894995508240238,0.1429292148996355
3629.0,-0.117226,21.199319,-1.65097,22.164033,0.125225,0.073387,0.067646,0.0057409999999999,0.051838,0.057579,1.150995,0.1107467350836242,0.2556620879097908,474.0,1,1.00132167017373,1.2321064491898188,0.9851293697323296,0.13418944543475086,0.14645277164721776
3630.0,-0.125888,21.195644,-1.655957,22.163376,0.126355,0.07325,0.067772,0.0054779999999999,0.053105,0.0585829999999999,0.778526,0.1031521861936503,0.169554022433036,475.0,1,1.0187816287845834,1.1756626247451354,1.0092074381657348,0.16737956561963369,0.14631006880424097
3631.0,-0.12392,21.204045,-1.656351,22.16167,0.126171,0.073387,0.067993,0.0053939999999999,0.052784,0.058178,0.853963,0.1021881216254616,0.1586233225107531,476.0,1,1.0117385179903657,1.157634939371168,1.0031071540559295,0.18040623383823234,0.14500119695633257
3632.0,-0.121294,21.196038,-1.657138,22.161932,0.125969,0.073602,0.067326,0.006276,0.052367,0.058643,0.731378,0.1198441796516957,0.3588101963606869,477.0,1,1.0198250526059511,1.346925635797847,0.9951824859132856,0.1252770667137013,0.1453125886734144
3633.0,-0.116176,21.192494,-1.652938,22.16272,0.126281,0.073445,0.067546,0.005899,0.052836,0.058735,0.523926,0.1116452485947347,0.2658495607099986,478.0,1,1.0214249691320454,1.2660156669170646,1.0040953620737174,0.13281188130949872,0.14471804514171363
3634.0,-0.117357,21.190394,-1.655301,22.167183,0.12663,0.073823,0.067672,0.006151,0.0528069999999999,0.0589579999999999,0.509782,0.1164785638539616,0.3206503701906966,479.0,1,1.0253030276681199,1.320098723038967,1.0035442460637956,0.12281715183073083,0.14623806758389346
3635.0,-0.114207,21.195775,-1.650838,22.170465,0.125105,0.073455,0.06762,0.005835,0.0516499999999999,0.0574849999999999,0.703089,0.1129697392112448,0.2808668219564649,480.0,1,0.9996869728535885,1.2522802875845183,0.981556617668018,0.12590365413572513,0.14408549958259903
3636.0,-0.118013,21.198138,-1.65517,22.175453,0.125813,0.073544,0.067478,0.006066,0.052269,0.058335,0.637081,0.1160512722402908,0.3158056776644287,481.0,1,1.0144688103229396,1.3018564223629285,0.9933200938797626,0.13046664293150767,0.14282412316204515
3637.0,-0.117882,21.193938,-1.658451,22.169546,0.12629,0.073529,0.068208,0.0053209999999999,0.052761,0.058082,0.962403,0.1008490959402598,0.1434412606072959,482.0,1,1.0100690398761805,1.1419680223199822,1.002670062048062,0.18897885452095342,0.14341542896764015
3638.0,-0.113025,21.1984,-1.650576,22.180573,0.124738,0.073004,0.067504,0.0055,0.051734,0.057234,0.53807,0.1063110080216488,0.2053691894344345,483.0,1,0.9953219832008765,1.1803841613907198,0.9831529536967542,0.15415017950420074,0.14244665057707323
3639.0,-0.115388,21.188556,-1.649526,22.179392,0.125114,0.073261,0.067053,0.006208,0.0518529999999999,0.058061,0.844533,0.1197207544258881,0.3574107837583986,484.0,1,1.0097038415387023,1.3323317952570162,0.9854144297374587,0.11266376542180656,0.14453850192816023
3640.0,-0.10935,21.199057,-1.647295,22.18031,0.124095,0.072515,0.067037,0.0054779999999999,0.05158,0.057058,0.943544,0.1062018960469939,0.2041320624906228,485.0,1,0.99226127332487,1.1756626247451354,0.980226337644075,0.1547658014140948,0.14765034901320107
3641.0,-0.107513,21.193281,-1.649526,22.178473,0.126143,0.073219,0.067888,0.005331,0.052924,0.058255,0.6748,0.1007274444969296,0.1420619594006835,486.0,1,1.0130775785611186,1.144114175340714,1.0057677141038197,0.1863192918941824,0.1503370486866162
3642.0,-0.1083,21.187768,-1.647426,22.176635,0.124444,0.072757,0.066638,0.0061189999999999,0.051687,0.0578059999999999,0.901111,0.118383377186194,0.3422474121623937,487.0,1,1.0052692902978957,1.313231033372672,0.9822597656806766,0.11558928280803205,0.14985924813937213
3643.0,-0.104756,21.191969,-1.64677,22.177554,0.12596,0.073161,0.067478,0.005683,0.0527989999999999,0.0584819999999999,0.745522,0.1076325757575759,0.2203533106489816,488.0,1,1.0170251986852843,1.21965876166972,1.003392214061059,0.15373039482036865,0.1403670367662455
3644.0,-0.105544,21.1921,-1.648738,22.185561,0.124444,0.072678,0.067158,0.00552,0.0517659999999999,0.057286,0.882251,0.1066316379160471,0.209004536357686,489.0,1,0.9962262838460602,1.1846764674321406,0.9837610817076985,0.15393562268113925,0.1494901988420239
3645.0,-0.100556,21.196694,-1.644276,22.182017,0.124839,0.0723,0.066685,0.005615,0.052539,0.058154,0.806814,0.1068709554625049,0.211717952422112,490.0,1,1.0113211484618194,1.2050649211288895,0.9984511739721221,0.15277065086987673,0.15058015565252697
3646.0,-0.110269,21.194988,-1.644407,22.185036,0.125509,0.073471,0.067483,0.0059879999999999,0.052038,0.058026,0.726663,0.1150675454947249,0.3046520452044088,491.0,1,1.0090951776429056,1.2851164288013657,0.988930169800744,0.12568863745906655,0.15016332768825372
3647.0,-0.106594,21.181468,-1.647295,22.184905,0.124499,0.073859,0.06752,0.0063389999999999,0.05064,0.056979,0.745522,0.1251752532532927,0.4192546600672457,492.0,1,0.9908874319600717,1.360446399828301,0.9623625773225272,0.09405674078968729,0.14875455645132424
3648.0,-0.102,21.188031,-1.646376,22.187924,0.125463,0.072484,0.067741,0.004743,0.0529789999999999,0.0577219999999999,0.844533,0.0895243488108722,0.0150396818627869,493.0,1,1.0038084969479837,1.0179203777229424,1.006812934122632,0.24538180026198503,0.15163997347696792
3649.0,-0.101869,21.202207,-1.646245,22.191469,0.125785,0.073628,0.067447,0.006181,0.052157,0.058338,0.472063,0.1185053107864566,0.3436299125040642,494.0,1,1.014520981514008,1.326537182101098,0.9911916458414506,0.1235633335268369,0.14830564958307244
3650.0,-0.101475,21.20247,-1.648345,22.185168,0.125693,0.07345,0.067909,0.005541,0.052243,0.057784,0.806814,0.1060600260316975,0.2025235202660193,495.0,1,1.0048867015633967,1.1891833887756325,0.9928259898708687,0.1505975217713622,0.14840947419201472
3651.0,-0.100163,21.19525,-1.647557,22.193569,0.12437,0.072794,0.06752,0.005274,0.051576,0.05685,0.825674,0.1022548810516315,0.1593802502918642,496.0,1,0.9886440707441351,1.1318811031226648,0.9801503216427067,0.17223157952488788,0.14424856511004394
3652.0,-0.1041,21.18173,-1.639289,22.182805,0.124728,0.073424,0.068019,0.005405,0.051304,0.056709,0.764381,0.1053503557158173,0.1944771782235848,497.0,1,0.9861920247639254,1.159995707693971,0.9749812335496632,0.14444345306446849,0.14656523734121074
3653.0,-0.098981,21.1963,-1.643488,22.194619,0.125114,0.073203,0.067105,0.006098,0.051911,0.058009,0.622937,0.1174680228078287,0.3318689952361728,498.0,1,1.0087995408935186,1.3087241120292017,0.9865166617573008,0.12038715588141413,0.15268634172226841
3654.0,-0.094912,21.19105,-1.64257,22.185693,0.124462,0.073124,0.06784,0.0052839999999999,0.051338,0.056622,0.844533,0.1029237032275657,0.1669634503676018,499.0,1,0.9846790602229449,1.1340272561433538,0.9756273695612936,0.15497386877056196,0.14564189269124989
3655.0,-0.09675,21.191575,-1.63837,22.189631,0.126006,0.074469,0.068066,0.0064029999999999,0.051537,0.05794,0.632367,0.1242384260157551,0.4086327808379491,500.0,1,1.0075996034989478,1.3741817791608475,0.9794091656293659,0.11116156005016897,0.1458855576763329
3656.0,-0.105281,21.192625,-1.643882,22.188449,0.124701,0.072988,0.067399,0.0055889999999999,0.051713,0.057302,0.514496,0.1080751827358161,0.2253716509368546,501.0,1,0.9965045301984244,1.1994849232750209,0.9827538696895706,0.1488553597707346,0.14349919972580655
3657.0,-0.101475,21.204439,-1.648082,22.188712,0.125087,0.073277,0.067756,0.0055209999999999,0.05181,0.057331,0.646511,0.1065603829302657,0.2081966372882218,502.0,1,0.9970088517120846,1.18489108273419,0.9845972577227515,0.15526778460026391,0.14688316943352658
3658.0,-0.096225,21.19735,-1.640863,22.188449,0.125463,0.072967,0.067504,0.005463,0.0524959999999999,0.057959,0.787955,0.1040630893193898,0.1798819704297509,503.0,1,1.0079300210423803,1.1724433952140914,0.997634001957411,0.17493730995179996,0.14355025655790266
3659.0,-0.098719,21.183437,-1.639813,22.187137,0.125445,0.073502,0.067515,0.0059869999999999,0.051943,0.0579299999999999,0.740807,0.115258740181734,0.3068198375073221,504.0,1,1.0074256995287185,1.2849018134992949,0.9871247897682471,0.12599998337766705,0.15381523776832412
3660.0,-0.0936,21.184749,-1.639026,22.187924,0.124912,0.073235,0.067378,0.005857,0.051677,0.057534,0.523926,0.1133364294283834,0.2850244073093939,505.0,1,1.0005391023077057,1.257001824230081,0.9820697256772559,0.1267339422660987,0.1495791513700811
3661.0,-0.090318,21.196432,-1.64257,22.187662,0.124581,0.072568,0.067483,0.0050849999999999,0.052013,0.0570979999999999,0.712518,0.0977621409620485,0.1084409300756781,506.0,1,0.9929568892057788,1.0913188110312169,0.9884550697921921,0.20607127660208813,0.14989447839185538
3662.0,-0.090843,21.183699,-1.639157,22.188843,0.126042,0.072773,0.066649,0.006124,0.0532689999999999,0.0593929999999999,0.882251,0.1149615168012015,0.303449876936537,507.0,1,1.0328678503730222,1.3143041098830488,1.0123240942218328,0.1111143243082292,0.1465559070122492
3663.0,-0.094387,21.185274,-1.641782,22.191206,0.12528,0.072578,0.067636,0.004942,0.052702,0.057644,0.651226,0.0937707530880595,0.0631860119263851,508.0,1,1.0024520459802098,1.0606288228350795,1.0015488260278798,0.2230369679856289,0.1509215280359127
3664.0,-0.095569,21.183043,-1.646638,22.188843,0.1263,0.073928,0.067289,0.0066389999999999,0.052372,0.0590109999999999,0.627652,0.1267637905027398,0.4372657192452616,509.0,1,1.0262247187103264,1.4248309904496128,0.9952775059149961,0.11261300478813152,0.14870388911723123
3665.0,-0.098062,21.192231,-1.645326,22.191075,0.126952,0.074285,0.067741,0.006544,0.052667,0.059211,0.924685,0.1242500189868612,0.4087642235779369,510.0,1,1.029702798114881,1.4044425367528857,1.0008836860159072,0.11431483026791167,0.1491667875072152
3666.0,-0.089662,21.191969,-1.639551,22.194619,0.125206,0.073445,0.067111,0.0063339999999999,0.051761,0.058095,0.835103,0.1223677601329158,0.3874229074592532,511.0,1,1.0102951150374764,1.3593733233179455,0.98366606170599,0.11546964597467291,0.1497834107514053
3667.0,-0.0852,21.192756,-1.644932,22.198164,0.125904,0.073397,0.068224,0.0051729999999999,0.0525069999999999,0.0576799999999999,0.717233,0.0985183210177496,0.1170146061019774,512.0,1,1.0030781002730276,1.1102049576134683,0.9978430459611739,0.1989239948368991,0.1442900551986242
3668.0,-0.087037,21.194988,-1.649263,22.201708,0.125059,0.073067,0.067583,0.0054839999999999,0.051992,0.057476,0.882251,0.105475737118458,0.1958987702344556,513.0,1,0.9995304592803854,1.1769503165575619,0.9880559857850085,0.15276092076498515,0.1498267560967618
3669.0,-0.087431,21.205226,-1.647557,22.202889,0.125555,0.073214,0.067252,0.0059619999999999,0.052341,0.0583029999999999,1.056699,0.1139047036796453,0.291467580846799,514.0,1,1.0139123176182094,1.2795364309475188,0.9946883819043918,0.13062896727750695,0.14042835564579195
3670.0,-0.090056,21.190262,-1.652676,22.206303,0.125914,0.073382,0.067363,0.0060189999999999,0.0525319999999999,0.0585509999999999,0.858677,0.1145756000989853,0.2990742989865582,515.0,1,1.018225136079855,1.291769503165568,0.9983181459697256,0.13290017470799964,0.13898513848265293
3671.0,-0.082706,21.191969,-1.642438,22.208009,0.124967,0.073303,0.067819,0.0054839999999999,0.051664,0.0571479999999999,0.641796,0.1061453595277264,0.2034910434685002,516.0,1,0.9938264090569171,1.1769503165575619,0.9818226736728091,0.15113772107427725,0.1321000005443612
3672.0,-0.084281,21.191837,-1.654513,22.214835,0.125078,0.073266,0.06793,0.0053359999999999,0.051812,0.0571479999999999,0.703089,0.1029857371702081,0.1676667999506016,517.0,1,0.9938264090569171,1.1451872518510477,0.9846352657234356,0.16648133328960485,0.13423015557661663
3673.0,-0.088087,21.193019,-1.655957,22.216673,0.125859,0.073156,0.067116,0.00604,0.052703,0.058743,0.877537,0.1146023072252581,0.2993771081475904,518.0,1,1.0215640923082274,1.2962764245090814,1.0015678300282218,0.12905296347593054,0.1271028790749733
3674.0,-0.077849,21.201813,-1.66147,22.223762,0.126309,0.07377,0.066937,0.006833,0.052539,0.059372,0.637081,0.1300532927293491,0.4745625590205318,519.0,1,1.032502652035546,1.466466359051416,0.9984511739721221,0.09818083315674131,0.12811189736966966
3675.0,-0.075093,21.210345,-1.660551,22.230457,0.127347,0.074274,0.067063,0.007211,0.0530729999999999,0.0602839999999999,0.943544,0.1358669028149378,0.5404780893777161,520.0,1,1.048362694120305,1.5475909432342692,1.0085993101547865,0.04546345088499415,0.13735212278582692
3676.0,-0.076274,21.201157,-1.662651,22.230326,0.125234,0.073376,0.067667,0.0057089999999999,0.051858,0.057567,0.844533,0.1100869665824638,0.2481815396744082,521.0,1,1.001112985409457,1.2252387595235457,0.985509449739171,0.13677119629722734,0.13881941614484714
3677.0,-0.077193,21.208376,-1.661732,22.231901,0.125666,0.073707,0.067447,0.00626,0.051959,0.058219,1.009551,0.1204772902232486,0.3659884932337605,522.0,1,1.012451524268299,1.3434917909647102,0.9874288537737202,0.12765122982046573,0.1410611204303664
3678.0,-0.076799,21.213496,-1.665276,22.236889,0.125381,0.073403,0.068019,0.005384,0.0519779999999999,0.0573619999999999,0.594648,0.1035802920410165,0.1744079468556778,523.0,1,0.9975479540197886,1.155488786350479,0.9877899297802177,0.16285110371194872,0.1384651698323076
3679.0,-0.074437,21.20247,-1.668557,22.235051,0.124517,0.07272,0.067872,0.004848,0.0517969999999999,0.056645,0.816244,0.0935943472720955,0.0611858979273087,524.0,1,0.9850790393544685,1.0404549844404016,0.9843502057183027,0.22303122143907972,0.13930123293505
3680.0,-0.073912,21.209295,-1.663045,22.243847,0.125105,0.073266,0.067714,0.005552,0.0518389999999999,0.057391,0.651226,0.1070987654320988,0.2143008939585005,525.0,1,0.9980522755334504,1.1915441570984138,0.9851483737326697,0.1475731082982017,0.14232762869551055
3681.0,-0.072205,21.204045,-1.677876,22.245947,0.125537,0.073219,0.067851,0.005368,0.052318,0.057686,0.66537,0.1026013494141709,0.1633085574078474,526.0,1,1.0031824426551659,1.1520549415173427,0.9942512898965242,0.17355476392946978,0.1507595636286722
3682.0,-0.070893,21.209164,-1.677744,22.250017,0.12494,0.072962,0.067326,0.005636,0.0519779999999999,0.057614,1.014266,0.108428403778449,0.2293765208912708,527.0,1,1.001930334069527,1.2095718424723814,0.9877899297802177,0.1405218273090172,0.15846715438356979
3683.0,-0.073912,21.211658,-1.679319,22.249885,0.125454,0.07314,0.067268,0.005872,0.052314,0.058186,0.891681,0.1122431425021504,0.2726285660826377,528.0,1,1.011877641166548,1.2602210537611467,0.9941752738951558,0.13741359450335444,0.15675026070532616
3684.0,-0.07378,21.211133,-1.680632,22.254611,0.125803,0.073576,0.067462,0.006114,0.0522269999999999,0.058341,0.877537,0.1170636440223636,0.327284091584791,529.0,1,1.0145731527050763,1.3121579568623383,0.9925219258653937,0.12844479076134674,0.1535351216749168
3685.0,-0.069974,21.216908,-1.679976,22.258681,0.125234,0.073161,0.06689,0.0062709999999999,0.052073,0.058344,0.712518,0.1204247801205975,0.3653931262906045,530.0,1,1.0146253238961447,1.3458525592874702,0.9895953098127165,0.1297828002166107,0.1439765878474163
3686.0,-0.075224,21.206539,-1.689032,22.264325,0.12449,0.072494,0.067525,0.004969,0.051996,0.056965,0.858677,0.0955632055695521,0.0835090907394133,531.0,1,0.990643966401753,1.0664234359909976,0.988132001786377,0.21384710384620292,0.13829769676779358
3687.0,-0.067086,21.203126,-1.683782,22.258156,0.126989,0.073618,0.06751,0.006108,0.0533709999999999,0.0594789999999999,0.872822,0.1144420295285918,0.2975598570377551,532.0,1,1.03436342451698,1.310870265049912,1.014262502256724,0.1104822930380297,0.131684990247307
3688.0,-0.066168,21.222421,-1.685357,22.267345,0.12573,0.073361,0.06742,0.005941,0.052369,0.05831,0.835103,0.1134428107695245,0.2862305739456472,533.0,1,1.0140340503973706,1.2750295096040485,0.9952204939139698,0.13069971340785524,0.12849901753283832
3689.0,-0.070893,21.218615,-1.694151,22.264851,0.124021,0.072725,0.067084,0.0056409999999999,0.051296,0.056937,1.136851,0.109967444489931,0.246826381347188,534.0,1,0.9901570352851156,1.2106449189827149,0.9748292015469265,0.12744588316407457,0.1279473069965138
3690.0,-0.058686,21.225047,-1.687982,22.271808,0.126759,0.074463,0.067567,0.0068959999999999,0.052296,0.059192,1.04727,0.1318622483125226,0.4950727523259013,535.0,1,1.0293723805714485,1.47998712308187,0.9938332018889986,0.09078419750197453,0.12895613433912884
3691.0,-0.063018,21.211789,-1.689426,22.265507,0.126382,0.073702,0.066948,0.006754,0.0526799999999999,0.059434,0.613507,0.1282056149275832,0.4536133277443395,536.0,1,1.0335808566509574,1.4495117501878039,1.0011307380203522,0.10742769872460389,0.12960098091603833
3692.0,-0.063543,21.226622,-1.697038,22.271545,0.126189,0.074563,0.067903,0.0066599999999999,0.0516259999999999,0.0582859999999999,0.627652,0.1290022662560288,0.4626458727638995,537.0,1,1.0136166808688225,1.4293379117931047,0.9811005216598084,0.10866210016433042,0.12084445186865538
3693.0,-0.06643,21.22229,-1.696644,22.267213,0.125592,0.073172,0.067237,0.0059349999999999,0.05242,0.058355,0.53807,0.1132179851586195,0.2836814694886047,538.0,1,1.0148166182633949,1.273741817791601,0.9961896979314155,0.1318964891401092,0.12153853260343936
3694.0,-0.061049,21.216515,-1.701763,22.269314,0.12516,0.072783,0.066937,0.005846,0.0523769999999999,0.058223,0.787955,0.1116117453892856,0.2654696966456169,539.0,1,1.01252108585639,1.2546410559072996,0.9953725259167046,0.1385330641874969,0.12375163390670876
3695.0,-0.065118,21.225965,-1.701107,22.270233,0.125445,0.07271,0.06679,0.0059199999999999,0.052735,0.058655,0.712518,0.1122572815533979,0.2727888766380424,540.0,1,1.0200337373702242,1.270522588260535,1.002175958039168,0.136231265985706,0.1284376005171491
3696.0,-0.060786,21.218877,-1.700976,22.269445,0.125895,0.073198,0.06709,0.006108,0.052697,0.058805,0.78324,0.1159057269725606,0.3141554649098457,541.0,1,1.0226422969236388,1.310870265049912,1.0014538060261695,0.1262818133723732,0.1334890297992479
3697.0,-0.061443,21.216777,-1.705832,22.273646,0.126125,0.073193,0.066937,0.0062559999999999,0.0529319999999999,0.0591879999999999,0.726663,0.118187142236412,0.3400224726499274,542.0,1,1.0293028189833557,1.3426333297564044,1.0059197461065545,0.11742310038586956,0.14246926230727566
3698.0,-0.064986,21.215071,-1.701632,22.272202,0.125473,0.072904,0.067258,0.0056459999999999,0.052569,0.058215,0.703089,0.1073996575993912,0.217712451750546,543.0,1,1.012381962680208,1.2117179954930701,0.9990212939823842,0.15283072644054918,0.14493050561750448
3699.0,-0.056455,21.213364,-1.706488,22.267739,0.125546,0.072972,0.067567,0.0054049999999999,0.0525739999999999,0.0579789999999999,0.439059,0.1028055159296242,0.1656234261295457,544.0,1,1.008277828982834,1.1599957076939496,0.9991163139840926,0.17430554926847786,0.14394245084563567
3700.0,-0.061049,21.211658,-1.710294,22.267607,0.126107,0.072988,0.067357,0.0056309999999999,0.053119,0.05875,0.863392,0.1060052710843373,0.2019027009572263,545.0,1,1.0216858250873868,1.2084987659620046,1.009473494170524,0.14129849032296282,0.1413801619047124
3701.0,-0.058949,21.217827,-1.712,22.271677,0.125188,0.072521,0.067252,0.0052689999999999,0.0526669999999999,0.0579359999999999,0.472063,0.1000417710944026,0.1342876977432971,546.0,1,1.007530041910855,1.130808026612288,1.0008836860159054,0.19723002380488136,0.1365184704601688
3702.0,-0.059605,21.224259,-1.715413,22.27404,0.125859,0.07335,0.067263,0.0060869999999999,0.052509,0.0585959999999999,0.5475,0.115920776994858,0.3143261041833802,547.0,1,1.0190077039458794,1.3063633437063988,0.9978810539618599,0.13327453326661887,0.13630427931365824
3703.0,-0.058555,21.216777,-1.716332,22.271152,0.126061,0.074127,0.067825,0.006302,0.051934,0.058236,0.759666,0.1213439876769038,0.3758152310912783,548.0,1,1.0127471610176861,1.3525056336516939,0.9869537537651685,0.12201594142142103,0.13583714768680114
3704.0,-0.051598,21.217302,-1.712525,22.273252,0.12709,0.074385,0.067851,0.006534,0.052705,0.059239,0.830388,0.1239707054225327,0.4055973270269788,549.0,1,1.0301897292315183,1.4022963837321751,1.0016058380289061,0.11291017477826393,0.1383501956729954
3705.0,-0.058686,21.220059,-1.717907,22.271939,0.126777,0.074547,0.067615,0.006932,0.05223,0.059162,0.660655,0.1327181175930004,0.504776718830116,550.0,2,1.0288506686607655,1.487713273956449,0.9925789378664217,0.08761435154026997,0.13538740286536582
3706.0,-0.05698,21.219402,-1.72145,22.27509,0.125656,0.07355,0.067326,0.006224,0.0521059999999999,0.0583299999999999,0.8021,0.1194465234997219,0.3543015148751276,551.0,2,1.0143818583378241,1.3357656400901528,0.990222441824003,0.12413990190726776,0.11989518102310019
3707.0,-0.05173,21.219009,-1.721319,22.269708,0.126456,0.07428,0.067636,0.0066439999999999,0.052176,0.05882,0.943544,0.1273357992985414,0.4437512355749002,552.0,2,1.0229031528789803,1.425904066959968,0.9915527218479498,0.11275178411729847,0.11137115156871964
3708.0,-0.05278,21.22439,-1.723419,22.272333,0.125004,0.072673,0.067352,0.005321,0.052331,0.057652,0.726663,0.1016777497515861,0.1528366542872872,553.0,2,1.0025911691563918,1.1419680223200037,0.9944983419009711,0.1779612063024919,0.1022722829865675
3709.0,-0.050811,21.232922,-1.723157,22.270364,0.125243,0.07283,0.067142,0.005688,0.0524129999999999,0.058101,0.79267,0.1085206242606939,0.2304221297139264,554.0,2,1.010399457419613,1.2207318381800754,0.996056669929019,0.1446776211921822,0.09026753821489537
3710.0,-0.050811,21.219402,-1.729063,22.269839,0.126685,0.075062,0.067069,0.007993,0.0516229999999999,0.0596159999999999,0.684229,0.154831086316442,0.7554966741966938,555.0,2,1.0367459089090987,1.7154201094538224,0.9810435096587822,-0.013623728099693477,0.09195031480367602
3711.0,-0.050548,21.221109,-1.728013,22.267476,0.125344,0.073476,0.066953,0.006523,0.051868,0.058391,0.971833,0.1257591239468661,0.4258746682653036,556.0,2,1.0154426725562145,1.3999356154093936,0.9856994897425917,0.11198972926107587,0.09522273964594874
3712.0,-0.045036,21.221896,-1.727225,22.269051,0.126309,0.074343,0.066827,0.007516,0.051966,0.059482,0.787955,0.1446302461177287,0.6398381106040194,557.0,2,1.03441559570805,1.6130486103659363,0.9875618817761147,0.042285847445097224,0.08714878597503113
3713.0,-0.053961,21.222684,-1.732869,22.265113,0.126162,0.074778,0.066953,0.0078249999999999,0.051384,0.059209,0.632367,0.1522817942979468,0.7265924420654413,558.0,2,1.0296680173208355,1.6793647387058661,0.9765015535770288,0.0019684937046997586,0.08483387128705333
3714.0,-0.045823,21.216121,-1.74455,22.269314,0.125372,0.073051,0.067053,0.005998,0.052321,0.058319,0.688944,0.114636290661672,0.2997624171383213,559.0,2,1.0141905639705755,1.2872625818220977,0.9943083018975504,0.12973794066607047,0.06836471212651538
3715.0,-0.044904,21.227147,-1.738775,22.268395,0.124627,0.072626,0.066234,0.0063919999999999,0.052001,0.058393,0.896396,0.1229183492942578,0.3936655649551071,560.0,2,1.01547745335026,1.371821010838066,0.9882270217880873,0.12033859996299734,0.06238124256641335
3716.0,-0.048186,21.226622,-1.7414,22.262881,0.12561,0.073996,0.066533,0.007463,0.0516139999999999,0.059077,0.514496,0.1445897510413641,0.6393789717219605,561.0,2,1.0273724849138306,1.6016739993561713,0.9808724736557036,0.04340036519809154,0.07212258876096418
3717.0,-0.044904,21.227934,-1.736282,22.26892,0.124857,0.073954,0.06731,0.006644,0.0509029999999999,0.057547,0.816244,0.1305201948766307,0.4798563613584738,562.0,2,1.0007651774690016,1.4259040669599894,0.9673606294124903,0.08960263723752049,0.060436471450287056
3718.0,-0.044117,21.227409,-1.74665,22.259468,0.125353,0.074673,0.067016,0.0076569999999999,0.0506799999999999,0.0583369999999999,0.830388,0.1510822596239221,0.7129919489026526,563.0,2,1.0145035911169835,1.6433093679579316,0.9631227373362082,0.013269614697112297,0.0681399888077936
3719.0,-0.04963,21.226228,-1.746913,22.265507,0.126658,0.074542,0.067525,0.0070169999999999,0.0521159999999999,0.0591329999999999,0.613507,0.134639369111806,0.5265601392775145,564.0,2,1.0283463471471037,1.505955574632466,0.9904124818274237,0.08484292559116202,0.07922186382742662
3720.0,-0.043986,21.231216,-1.74875,22.264851,0.125859,0.074122,0.067121,0.0070009999999999,0.051737,0.058738,0.613507,0.1353164018709651,0.5342364321028252,565.0,2,1.0214771403231135,1.5025217297993292,0.9832099656977803,0.08378973384581467,0.07723748615634222
3721.0,-0.042804,21.226228,-1.753475,22.269183,0.127034,0.075534,0.06763,0.007904,0.0515,0.059404,0.773811,0.1534727481019787,0.7400956441151056,566.0,2,1.0330591447402744,1.6963193475694998,0.9787060176167092,-0.004871443845695378,0.07194904173588905
3722.0,-0.041886,21.228984,-1.755706,22.264063,0.126079,0.074007,0.06742,0.006587,0.0520719999999999,0.058659,0.858677,0.1264954967065467,0.4342237663782393,567.0,2,1.0201032989583152,1.4136709947419401,0.9895763058123725,0.11932102102016284,0.07917838701083427
3723.0,-0.040442,21.228197,-1.758463,22.269183,0.12596,0.074175,0.06762,0.006555,0.0517849999999999,0.0583399999999999,0.604078,0.1265786119800719,0.4351661390613981,568.0,2,1.0145557623080517,1.406803305075667,0.9841221577141979,0.1127872439010299,0.07274257940574078
3724.0,-0.037948,21.225047,-1.756625,22.261044,0.125803,0.074064,0.067431,0.006633,0.0517389999999999,0.0583719999999999,0.769096,0.1281986857363742,0.4535347635980062,569.0,2,1.0151122550127802,1.423543298637208,0.9832479736984626,0.10989416395522655,0.07328215370518625
3725.0,-0.036373,21.225309,-1.761613,22.268264,0.126143,0.074311,0.067111,0.0071999999999999,0.051832,0.059032,0.651226,0.1389076457083324,0.57495446077985,570.0,2,1.0265899170478063,1.5452301749114663,0.9850153457302772,0.06745415575846558,0.0738280231128738
3726.0,-0.038604,21.230034,-1.752819,22.269839,0.126097,0.074327,0.068014,0.0063129999999999,0.0517699999999999,0.0580829999999999,1.02841,0.1219408549187769,0.3825825959853262,571.0,2,1.0100864302732013,1.3548664019744538,0.9838370977090668,0.11569381794754374,0.07328281712944754
3727.0,-0.035192,21.222028,-1.7666,22.270889,0.126254,0.075293,0.067714,0.007579,0.050961,0.05854,0.754952,0.148718653114085,0.6861930452338605,572.0,2,1.0180338417126062,1.6265693743964118,0.9684628614323324,0.02524456118658569,0.08419531660782238
3728.0,-0.033748,21.223209,-1.759775,22.275221,0.12539,0.07429,0.066617,0.0076729999999999,0.0511,0.058773,0.764381,0.1501536173460401,0.7024628718992887,573.0,2,1.0220858042189103,1.6467432127910682,0.9711044174798804,0.018665357691566964,0.08252566577566842
3729.0,-0.03086,21.233185,-1.763581,22.275877,0.125794,0.074311,0.067399,0.006912,0.0514829999999999,0.0583949999999999,0.844533,0.1342553026182892,0.522205539254486,574.0,2,1.0155122341443037,1.483420967915028,0.978382949610892,0.0903016196680374,0.0828022009142513
3730.0,-0.033485,21.229772,-1.762269,22.27404,0.125693,0.07356,0.066502,0.0070579999999999,0.052133,0.0591909999999999,0.731378,0.1353819004872059,0.5349790646432975,575.0,2,1.0293549901744241,1.5147548020173787,0.9907355498332407,0.07833767401155212,0.08288287863093938
3731.0,-0.030073,21.225834,-1.7666,22.278372,0.125647,0.074159,0.067441,0.006718,0.051488,0.058206,0.754952,0.1304744702752044,0.4793379293843622,576.0,2,1.012225449107003,1.4417855993132465,0.9784779696126044,0.104253550938053,0.08837943978690219
3732.0,-0.030729,21.225572,-1.773163,22.280078,0.125206,0.074028,0.067898,0.0061299999999999,0.051178,0.057308,0.622937,0.1197756892475428,0.3580336425072887,577.0,2,0.996608872580561,1.3155918016954535,0.972586729506562,0.10262451269862327,0.07240789341002025
3733.0,-0.031123,21.230822,-1.771456,22.281128,0.12573,0.073833,0.067447,0.006386,0.051897,0.058283,0.806814,0.1230490577671586,0.3951475560392352,578.0,2,1.013564509677756,1.3705333190256612,0.9862506057525118,0.11555259528685868,0.07481482785833685
3734.0,-0.035192,21.229903,-1.769619,22.286248,0.125179,0.073429,0.067037,0.0063919999999999,0.05175,0.058142,0.410771,0.1235145214585224,0.4004250489612853,579.0,2,1.0111124636975461,1.371821010838066,0.9834570177022272,0.11070094112210715,0.08351990641710068
3735.0,-0.038079,21.227015,-1.779331,22.281916,0.126015,0.073923,0.067447,0.006476,0.0520919999999999,0.0585679999999999,0.750237,0.1243161269268425,0.4095137647168403,580.0,2,1.018520772829242,1.3898486962120549,0.989956385819214,0.1224197673180939,0.08094356394714722
3736.0,-0.03086,21.227015,-1.784056,22.284673,0.127384,0.075477,0.066832,0.008645,0.0519069999999999,0.0605519999999999,0.467348,0.1665446559297218,0.8883067770532838,581.0,2,1.0530233205224058,1.8553492864041405,0.9864406457559306,-0.04402164582127577,0.08371155196265452
3737.0,-0.029941,21.232003,-1.783794,22.28953,0.126667,0.074684,0.067221,0.0074629999999999,0.051983,0.059446,0.561644,0.1435634041243459,0.627742105752324,582.0,2,1.0337895414152305,1.6016739993561497,0.98788494978193,0.04931390566975169,0.08618899573090574
3738.0,-0.02456,21.230428,-1.790094,22.29163,0.12516,0.073686,0.067037,0.006649,0.0514739999999999,0.0581229999999999,0.703089,0.1291694997571637,0.4645419897649558,583.0,2,1.010782046154112,1.4269771434703449,0.9782119136078135,0.1057161432792052,0.08004162069908587
3739.0,-0.03086,21.220715,-1.790356,22.291368,0.126814,0.074778,0.067531,0.007247,0.052036,0.059283,0.952974,0.139266291292734,0.5790208349532218,584.0,2,1.0309549067005201,1.5553170941088266,0.9888921618000598,0.06453819496850288,0.07104387672193953
3740.0,-0.030992,21.225572,-1.795344,22.294781,0.125601,0.074159,0.067515,0.0066439999999999,0.0514419999999999,0.0580859999999999,0.5475,0.1291526543941838,0.4643509946657778,585.0,2,1.0101386014642697,1.425904066959968,0.9776037855968671,0.10601755416662506,0.06581889871335496
3741.0,-0.031254,21.222946,-1.790619,22.297931,0.126217,0.074096,0.068003,0.006093,0.052121,0.058214,0.476778,0.1168988143202486,0.3254152291957466,586.0,2,1.0123645722831853,1.3076510355188466,0.9905075018291359,0.12902798862056541,0.05951663533415006
3742.0,-0.032042,21.225047,-1.794162,22.30292,0.12697,0.075172,0.067693,0.0074789999999999,0.051798,0.0592769999999999,0.688944,0.1443850267379679,0.6370577787219651,587.0,2,1.0308505643183816,1.6051078441892863,0.9843692097186466,0.041150762380424366,0.07480101854648795
3743.0,-0.027054,21.22439,-1.7981,22.304758,0.126621,0.075015,0.067431,0.0075839999999999,0.051606,0.05919,0.688944,0.1469568081849359,0.6662169991622713,588.0,2,1.029337599777403,1.6276424509067455,0.9807204416529688,0.025575155515395465,0.0689192336378264
3744.0,-0.029941,21.227409,-1.797575,22.306464,0.126603,0.074637,0.067263,0.0073739999999999,0.051966,0.0593399999999999,0.684229,0.1418977427983141,0.6088566029262921,589.0,2,1.031946159330816,1.582573237471827,0.9875618817761147,0.05845116103626147,0.07017140228386583
3745.0,-0.019704,21.228066,-1.793637,22.305545,0.125923,0.074658,0.067384,0.007274,0.051265,0.058539,0.5475,0.1418874107595678,0.6087394568150786,590.0,2,1.0180164513155836,1.5611117072647447,0.9742400775363222,0.05939713352604481,0.07173282536484646
3746.0,-0.02456,21.225703,-1.798756,22.301607,0.125656,0.073817,0.067105,0.0067119999999999,0.0518389999999999,0.0585509999999999,0.745522,0.1294753086419752,0.4680092939930562,591.0,2,1.018225136079855,1.4404979075007989,0.9851483737326697,0.10882218630210327,0.07432118231350031
3747.0,-0.022591,21.232266,-1.798494,22.299375,0.12618,0.074789,0.066859,0.0079299999999999,0.0513909999999999,0.0593209999999999,0.740807,0.1543041718555416,0.749522443790493,592.0,2,1.0316157417873832,1.7018993454233255,0.9766345815794215,-0.009503943416864113,0.07247217028156175
3748.0,-0.021804,21.221109,-1.79495,22.309483,0.125454,0.073476,0.066979,0.006497,0.051978,0.058475,0.566359,0.1249927855480098,0.4171858155128789,593.0,2,1.0169034659061267,1.3943556175555467,0.9877899297802197,0.11823782973959973,0.07570889323394184
3749.0,-0.022854,21.233841,-1.7981,22.30909,0.126355,0.074185,0.067147,0.007038,0.0521699999999999,0.059208,0.971833,0.1349025320580399,0.529543917844703,594.0,2,1.0296506269238126,1.5104624959759791,0.9914386978458956,0.08015242577830928,0.08399873597961174
3750.0,-0.019966,21.238566,-1.800987,22.30292,0.125537,0.07314,0.067021,0.0061189999999999,0.052397,0.058516,0.811529,0.1167792663842131,0.3240597778512497,595.0,2,1.01761647218406,1.313231033372672,0.9957526059235478,0.13190112365316342,0.08651846037005488
3751.0,-0.018129,21.223996,-1.802037,22.30292,0.125886,0.073859,0.067116,0.0067429999999999,0.052027,0.05877,0.703089,0.1296032905358652,0.4694603707401521,596.0,2,1.0220336330278421,1.447150981865001,0.9887211257969811,0.11053786830117984,0.09051319647501233
3752.0,-0.023116,21.22544,-1.804662,22.30292,0.125546,0.074138,0.067042,0.0070959999999999,0.0514079999999999,0.0585039999999999,0.863392,0.1380303059775524,0.5650070592846668,597.0,2,1.017407787419785,1.522910183496078,0.9769576495852367,0.07351799190422525,0.09133457842806547
3753.0,-0.022066,21.217171,-1.803219,22.301082,0.125482,0.07377,0.067116,0.006654,0.051712,0.058366,0.962403,0.1286717073076403,0.4588979488273852,598.0,2,1.0150079126306455,1.4280502199807,0.9827348656892285,0.1084735829720943,0.09402981174854588
3754.0,-0.01931,21.226884,-1.804925,22.296881,0.125895,0.073791,0.066764,0.0070269999999999,0.052104,0.059131,0.632367,0.1348622972843295,0.5290877303108157,599.0,2,1.02831156635306,1.5081017276531763,0.9901844338233207,0.08364840494069292,0.08944110185612084
3755.0,-0.011303,21.223603,-1.80545,22.300426,0.125822,0.073849,0.067021,0.006828,0.0519729999999999,0.0588009999999999,0.571074,0.1313733789971909,0.4895298831411714,600.0,2,1.022572735335546,1.465393282541061,0.9876949097785074,0.09934449457561922,0.08296238165375691
3756.0,-0.011041,21.232922,-1.8065,22.302132,0.125032,0.073382,0.067305,0.0060769999999999,0.05165,0.057727,0.655941,0.1176550308803314,0.333989319113869,601.0,2,1.0038954489330991,1.3042171906856885,0.98155661766802,0.11703600583263485,0.08309101612267192
3757.0,-0.016816,21.225178,-1.807025,22.304364,0.125721,0.074574,0.066874,0.0076999999999999,0.051147,0.058847,0.66537,0.1505435207632751,0.7068836517859265,602.0,2,1.0233726935985947,1.652537825946986,0.9719976054959577,0.017448389787939944,0.07980012985183889
3758.0,-0.012616,21.219665,-1.809256,22.302789,0.126033,0.07377,0.066628,0.0071419999999999,0.052263,0.059405,0.863392,0.1366523802234807,0.5493839429188805,603.0,2,1.0330765351372972,1.532782487391346,0.9932060698777101,0.07235073081534926,0.07918654590845595
3759.0,-0.013141,21.219534,-1.815687,22.300951,0.126832,0.075141,0.06742,0.007721,0.051691,0.059412,0.495637,0.1493654724135263,0.693526773595456,604.0,2,1.0331982679164566,1.6570447472904997,0.9823357816820449,0.015365223754669977,0.0760152111205813
3760.0,-0.010253,21.217433,-1.801119,22.304758,0.125923,0.073534,0.067394,0.00614,0.052389,0.058529,0.5475,0.117197938537889,0.3288067417255116,605.0,2,1.0178425473453558,1.3177379547161854,0.9956005739208112,0.13318746834231365,0.07131770375331051
3761.0,-0.003559,21.229641,-1.799281,22.300951,0.126125,0.074075,0.067016,0.0070589999999999,0.0520499999999999,0.0591089999999999,0.703089,0.1356169910280301,0.5376445543222146,606.0,2,1.0279289776185572,1.5149694173194497,0.9891582178048469,0.07762900559284935,0.0699658120481138
3762.0,-0.002641,21.232003,-1.807287,22.302001,0.126612,0.074731,0.067552,0.007179,0.051881,0.05906,0.806814,0.1383716896033307,0.5688777149387529,607.0,2,1.0270768481644437,1.5407232535679958,0.9859465417470386,0.06738215247039603,0.06593856236491002
3763.0,-0.010122,21.227147,-1.803087,22.29163,0.126492,0.073429,0.066575,0.0068539999999999,0.053063,0.059917,0.816244,0.1291647821498567,0.4644885008685422,608.0,2,1.0419804184129524,1.4709732803948865,1.0084092701513678,0.07676023509334784,0.0708788101428176
3764.0,-0.011041,21.231347,-1.8086,22.298194,0.126768,0.074647,0.067105,0.007542,0.0521209999999999,0.0596629999999999,0.731378,0.1446989754806033,0.6406173738050764,609.0,2,1.0375632575691685,1.6186286082197834,0.9905075018291339,0.03667333126798489,0.06323487059170405
3765.0,-0.003428,21.226228,-1.809387,22.298982,0.126189,0.074138,0.067132,0.0070059999999999,0.052051,0.059057,0.915255,0.1345961730577115,0.526070376329353,610.0,2,1.0270246769733753,1.5035948063096847,0.9891772218051909,0.08582557752365227,0.06008274591700959
3766.0,-0.009335,21.227278,-1.81595,22.295175,0.12584,0.073775,0.066717,0.0070579999999999,0.052065,0.059123,1.033125,0.1355587139399991,0.536983800486184,611.0,2,1.0281724431768777,1.5147548020173787,0.9894432778099799,0.07676350900059692,0.05017478588891585
3767.0,-0.00881,21.217827,-1.816081,22.286773,0.12663,0.07439,0.067126,0.0072639999999999,0.0522399999999999,0.0595039999999999,0.905825,0.1390478742749946,0.5765443920285374,612.0,2,1.0347981844425491,1.5589655542440128,0.9927689778698405,0.06685086756701597,0.044243521483820325
3768.0,-0.005266,21.226753,-1.81175,22.289661,0.125868,0.074469,0.066607,0.0078619999999999,0.051399,0.059261,0.806814,0.1529571984435796,0.7342502694410997,613.0,2,1.0305723179660191,1.6873055048824948,0.9767866135821599,-0.0040886646957862816,0.043540931466356535
3769.0,-0.004609,21.220977,-1.817787,22.287955,0.126428,0.074988,0.066943,0.0080449999999999,0.05144,0.059485,0.585218,0.1563927606384011,0.7732031577175458,614.0,2,1.0344677668991185,1.7265801051614948,0.9775657775961849,-0.016156022992274588,0.045906528237878184
3770.0,-0.000409,21.23056,-1.811618,22.281128,0.126309,0.074931,0.067363,0.0075679999999999,0.051378,0.058946,0.811529,0.1472975340119502,0.6700801966012788,615.0,2,1.0250943429038486,1.624208606073609,0.9763875295749764,0.03410786806137611,0.05029927306009657
3771.0,-0.002772,21.221765,-1.816868,22.277584,0.126006,0.074857,0.067179,0.007678,0.051149,0.058827,0.698374,0.1501075268817205,0.7019402917201383,616.0,2,1.0230248856581396,1.6478162893014447,0.9720356134966419,0.01831636154189409,0.047450075358535224
3772.0,-0.006053,21.215071,-1.810043,22.280866,0.126254,0.074647,0.067258,0.007389,0.051607,0.058996,0.736092,0.1431754766702838,0.6233437296145776,617.0,2,1.0259638627549867,1.5857924670029142,0.980739445653311,0.06035625229575814,0.049035341542227974
3773.0,-0.001591,21.223471,-1.815556,22.284016,0.126401,0.074169,0.067315,0.0068539999999999,0.052232,0.059086,0.769096,0.1312197269925142,0.487787755060753,618.0,2,1.0275289984870355,1.4709732803948865,0.9926169458671059,0.10041620280856434,0.04735676986414792
3774.0,0.001822,21.224128,-1.81385,22.27719,0.125344,0.073749,0.066738,0.0070109999999999,0.051595,0.058606,0.651226,0.1358826265601982,0.540656367417141,619.0,2,1.0191816079161087,1.5046678828200397,0.9805113976492061,0.08060077949016875,0.04857190073654637
3775.0,-0.003297,21.222946,-1.814375,22.283623,0.126447,0.074453,0.067069,0.007384,0.051994,0.059378,0.66537,0.1420136551591499,0.6101708336068781,620.0,2,1.0326069944176826,1.5847193904925592,0.9880939937856927,0.05733360050803882,0.06171304362136772
3776.0,0.000903,21.226753,-1.812143,22.28126,0.125785,0.074028,0.0671,0.0069279999999999,0.051757,0.058685,0.703089,0.1338537037752615,0.5176521549821864,621.0,2,1.020555449280907,1.4868548127481436,0.9835900457046217,0.09261617083752438,0.07028959516138508
3777.0,0.002872,21.226622,-1.818706,22.28126,0.127044,0.075015,0.067546,0.007469,0.0520289999999999,0.0594979999999999,0.764381,0.1435517970401692,0.6276105029963526,622.0,2,1.0346938420604126,1.6029616911685975,0.9887591337976634,0.05006515078621543,0.0821854642971493
3778.0,0.005891,21.226097,-1.815162,22.280603,0.126878,0.075319,0.067541,0.0077779999999999,0.0515589999999999,0.0593369999999999,0.811529,0.1508533747090767,0.710396819485529,623.0,2,1.0318939881397475,1.6692778195085272,0.9798272536368895,0.00806264402819823,0.08782817329420446
3779.0,-0.000803,21.218483,-1.820543,22.282704,0.125702,0.073586,0.066953,0.006633,0.052116,0.058749,0.971833,0.1272713318111172,0.4430202941182497,624.0,2,1.021668434690364,1.423543298637208,0.9904124818274256,0.11525540585593896,0.08373834250220444
3780.0,0.00576,21.225572,-1.818575,22.279553,0.125803,0.073644,0.067069,0.0065749999999999,0.052159,0.0587339999999999,0.853963,0.1260544478527606,0.4292230923249853,625.0,2,1.0214075787350207,1.4110956111170663,0.9912296538421346,0.11987338346154963,0.08534588709992932
3781.0,0.003003,21.224128,-1.817393,22.281391,0.124673,0.072977,0.067247,0.0057299999999999,0.051696,0.057426,0.882251,0.1108381530843182,0.2566985980835425,626.0,2,0.9986609394292472,1.2297456808670375,0.9824308016837553,0.13727505289953634,0.08757422835312566
3782.0,0.005235,21.221896,-1.821856,22.274302,0.125206,0.073329,0.067027,0.006302,0.051877,0.058179,0.703089,0.1214773121554416,0.3773268828159439,627.0,2,1.0117559083873886,1.3525056336516939,0.9858705257456704,0.11678334226630971,0.08136569666146443
3783.0,0.00366,21.22649,-1.81805,22.27614,0.126851,0.074768,0.067384,0.007384,0.0520829999999999,0.0594669999999999,0.604078,0.1417709853313878,0.6074194089046472,628.0,2,1.0341547397527069,1.5847193904925592,0.9897853498161353,0.05951789488856418,0.07618365577765507
3784.0,0.008122,21.216252,-1.820937,22.276665,0.124885,0.07366,0.066979,0.006681,0.0512249999999999,0.057906,0.571074,0.1304220513020733,0.4787435956805448,629.0,2,1.007008330000174,1.433844833136618,0.9734799175226375,0.09667622546741761,0.08767569235492832
3785.0,0.00471,21.231478,-1.823168,22.273646,0.126153,0.073502,0.06647,0.0070319999999999,0.0526509999999999,0.0596829999999999,0.863392,0.1335561802020815,0.5142787907848627,630.0,2,1.037911065509624,1.5091748041635316,1.0005796220104322,0.07961701304000213,0.08470390293681665
3786.0,0.005497,21.232922,-1.817262,22.277584,0.125996,0.074442,0.066901,0.0075409999999999,0.051554,0.0590949999999999,0.811529,0.146270972747551,0.6584409003308331,631.0,2,1.0276855120602386,1.6184139929176908,0.9797322336351811,0.030530853920912038,0.08354937686369848
3787.0,0.005891,21.229772,-1.825137,22.27614,0.12708,0.074705,0.066958,0.0077469999999999,0.052375,0.0601219999999999,0.787955,0.147911257064304,0.6770386750497412,632.0,2,1.0455454498026173,1.662624745144325,0.9953345179160222,-0.0017552580518781502,0.07516349632579489
3788.0,0.007597,21.230428,-1.829075,22.279159,0.125032,0.072935,0.066465,0.00647,0.052097,0.058567,0.929399,0.1241890283696111,0.4080727033652527,633.0,2,1.018503382432221,1.3885610043996286,0.9900514058209262,0.1229830098009308,0.06342880142696769
3789.0,0.013897,21.225965,-1.825268,22.276665,0.125436,0.073712,0.066727,0.006985,0.0517239999999999,0.058709,0.769096,0.1350410826486226,0.5311148239641545,634.0,2,1.0209728188094533,1.4990878849662141,0.9829629136933314,0.08553751167482215,0.053422953915145864
3790.0,0.00786,21.220452,-1.816343,22.273515,0.125813,0.073649,0.066869,0.00678,0.052164,0.058944,0.552215,0.1299722035847792,0.4736431588729728,635.0,2,1.025059562109803,1.4550917480416508,0.991324673843845,0.10832812273036796,0.05026860622958523
3791.0,0.01311,21.22229,-1.822775,22.268657,0.126796,0.07439,0.067006,0.007384,0.0524059999999999,0.0597899999999999,0.896396,0.1408972083881924,0.5975124027971386,636.0,2,1.0397718379910597,1.5847193904925592,0.9959236419266245,0.05341624752050045,0.03775253221091653
3792.0,0.008647,21.217958,-1.8233,22.264194,0.127512,0.075209,0.067478,0.007731,0.0523029999999999,0.0600339999999999,0.891681,0.1478089629856225,0.6758788503711988,637.0,2,1.044015094864614,1.65919090031121,0.9939662298913912,-0.0005636067219622065,0.042328261996031756
3793.0,0.013504,21.226359,-1.823956,22.268789,0.126676,0.074784,0.066307,0.0084769999999999,0.051892,0.060369,0.613507,0.1633553658489583,0.8521461567086972,638.0,2,1.0498408778672417,1.8192939156561843,0.9861555857508014,-0.04054058022965412,0.04930020869877298
3794.0,0.010091,21.228591,-1.827762,22.265769,0.125656,0.074159,0.066985,0.007174,0.0514969999999999,0.0586709999999999,0.55693,0.1393063808303235,0.5794753757795039,639.0,2,1.0203119837225867,1.5396501770576407,0.978649005615681,0.06513274861181129,0.04040185463096609
3795.0,0.003003,21.219796,-1.8296,22.263275,0.127154,0.075592,0.066895,0.008697,0.0515619999999999,0.0602589999999999,0.872822,0.1686674553458878,0.9123753759614496,640.0,2,1.047927934194736,1.8665092821118345,0.9798842656379158,-0.045543727146684865,0.0436384403724354
3796.0,0.006547,21.225178,-1.828287,22.26275,0.126878,0.074679,0.067599,0.0070799999999999,0.0521989999999999,0.0592789999999999,0.670085,0.1356321839080457,0.5378168133366892,641.0,2,1.0308853451124271,1.5194763386629415,0.9919898138558156,0.07628815177206427,0.04576730202420234
3797.0,0.014422,21.219796,-1.826056,22.262356,0.12595,0.074222,0.066958,0.0072639999999999,0.051728,0.058992,0.764381,0.1404241334647874,0.5921486126536912,642.0,2,1.0258943011668957,1.5589655542440128,0.9830389296947016,0.06796420897553412,0.04764267120925675
3798.0,0.014029,21.227147,-1.827631,22.265113,0.1272,0.07482,0.067289,0.0075309999999999,0.05238,0.059911,0.703089,0.1437735056604493,0.6301242665744688,643.0,2,1.041876076030816,1.6162678398969805,0.9954295379177327,0.03399946912286189,0.05639162754042208
3799.0,0.006547,21.227147,-1.825531,22.261175,0.124995,0.073025,0.066832,0.006193,0.0519699999999999,0.0581629999999999,0.835103,0.1191626099170692,0.3510824626682125,644.0,2,1.0114776620350225,1.3291125657259504,0.9876378977774811,0.11790336908951526,0.05671782108698281
3800.0,0.015735,21.221109,-1.829731,22.261306,0.125482,0.072904,0.066612,0.0062919999999999,0.052578,0.05887,0.585218,0.1196675478803322,0.356807520447451,645.0,2,1.0237726727301184,1.350359480630962,0.9991923299854628,0.1296167392480373,0.046236316107770105
3801.0,0.016523,21.227803,-1.830781,22.256449,0.126134,0.073781,0.066659,0.007122,0.052353,0.059475,0.655941,0.1360354509684074,0.5423891120921931,646.0,2,1.0342938629288907,1.5284901813499465,0.9949164299084966,0.07216993937104454,0.05176214561394925
3802.0,0.020854,21.221109,-1.834062,22.254086,0.126171,0.073901,0.066969,0.0069319999999999,0.05227,0.059202,0.79267,0.1326165560253293,0.5036251994646286,647.0,2,1.029546284541676,1.4877132739564276,0.9933390978801047,0.08692595658969116,0.04933710042961599
3803.0,0.015998,21.225047,-1.828418,22.254086,0.126254,0.074962,0.066454,0.008508,0.051292,0.0598,0.599363,0.1658705866297545,0.8806640843458764,648.0,2,1.039945741961289,1.825946990020408,0.9747531855455582,-0.03727864476404685,0.04750312047614069
3804.0,0.015473,21.215596,-1.829862,22.251986,0.128615,0.075655,0.067263,0.0083919999999999,0.05296,0.061352,0.952974,0.1584562225033514,0.7965989791086616,649.0,2,1.0669356381406188,1.8010516149801459,1.0064518581161344,-0.03968230118031579,0.05002578571897716
3805.0,0.020854,21.224128,-1.829862,22.253167,0.126373,0.074448,0.066706,0.0077419999999999,0.051925,0.059667,0.712518,0.149096791588029,0.6904804325356446,650.0,2,1.0376328191572612,1.66155166863397,0.9867827177620898,0.009714567915106609,0.03433905097424026
3806.0,0.016785,21.222553,-1.828156,22.249754,0.127016,0.073996,0.06688,0.007116,0.0530199999999999,0.0601359999999999,0.816244,0.1342109730106941,0.5217029239170037,651.0,2,1.0457889153609359,1.5272024895375202,1.0075920981366568,0.05203769992873164,0.0286128194764105
3807.0,0.024529,21.216121,-1.827237,22.243978,0.12573,0.074238,0.066811,0.007427,0.051492,0.058919,0.78324,0.1442331967451887,0.6353363088691832,652.0,2,1.024624802184234,1.5939478484816136,0.9785539856139727,0.04962440944078117,0.030529491033430632
3808.0,0.022823,21.23056,-1.826187,22.24319,0.127549,0.074369,0.067363,0.0070059999999999,0.0531799999999999,0.0601859999999999,0.731378,0.1317387788871965,0.4936728385832438,653.0,2,1.0466584352120742,1.5035948063096847,1.0106327381913884,0.05922612155122653,0.025194527850277548
3809.0,0.02151,21.227278,-1.826318,22.239383,0.12686,0.074899,0.066465,0.0084339999999999,0.051961,0.060395,0.731378,0.1623109195181093,0.8403040770346248,654.0,2,1.0502930281898335,1.8100654576671296,0.9874668617744045,-0.0389639783578537,0.036513593427607516
3810.0,0.028598,21.224128,-1.825268,22.237283,0.126492,0.073844,0.066706,0.007138,0.0526479999999999,0.0597859999999999,0.632367,0.1355771239719654,0.5371925360228105,655.0,2,1.0397022764029686,1.5319240261830833,1.000522610009406,0.0723544242697397,0.041780277454767464
3811.0,0.021773,21.218615,-1.837212,22.238727,0.125519,0.073802,0.066869,0.006933,0.0517169999999999,0.0586499999999999,0.608793,0.1340539077303842,0.5199220956364845,656.0,2,1.0199467853851085,1.48792788925852,0.982829885690937,0.09133665494124588,0.043788416910920766
3812.0,0.020985,21.224653,-1.825006,22.237283,0.126345,0.074091,0.066544,0.0075469999999999,0.052254,0.059801,0.698374,0.1444263706822313,0.6375265421878766,657.0,2,1.0399631323583118,1.619701684730117,0.9930350338746315,0.0335763247581603,0.04109209162503351
3813.0,0.024529,21.222421,-1.825006,22.232426,0.125059,0.073161,0.066071,0.0070899999999999,0.051898,0.058988,0.684229,0.1366114954045357,0.5489203850805251,658.0,2,1.0258247395788045,1.5216224916836518,0.9862696097528538,0.07591201100925282,0.036557502405645405
3814.0,0.027285,21.231216,-1.826318,22.237021,0.12663,0.074154,0.066517,0.0076369999999999,0.0524759999999999,0.0601129999999999,0.938829,0.1455304228519159,0.6500444412618378,659.0,2,1.0453889362294124,1.6390170619165108,0.9972539219505696,0.01298453909128372,0.03895403699378889
3815.0,0.023742,21.225309,-1.830256,22.237283,0.125519,0.07407,0.066475,0.0075949999999999,0.0514489999999999,0.0590439999999999,0.670085,0.1476190476190474,0.673725563183637,660.0,2,1.0267986018120776,1.6300032192295268,0.9777368135992616,0.029795962476639626,0.0494111720336991
3816.0,0.023085,21.231872,-1.835637,22.233082,0.126437,0.074374,0.066775,0.0075989999999999,0.052063,0.0596619999999999,0.726663,0.1459549784880146,0.654858112888862,661.0,2,1.0375458671721458,1.6308616804378113,0.9894052698092958,0.025074447069859063,0.04929930385314757
3817.0,0.02676,21.230822,-1.835506,22.236364,0.126768,0.074626,0.066864,0.0077619999999999,0.0521419999999999,0.0599039999999999,0.948259,0.1488598661373529,0.6877941383902655,662.0,2,1.0417543432516547,1.6658439746753908,0.9909065858363175,0.004278517246900093,0.04683501645077178
3818.0,0.029385,21.232528,-1.82645,22.238333,0.126217,0.073796,0.066817,0.0069789999999999,0.0524209999999999,0.0593999999999999,0.740807,0.1331311281523024,0.5094594907495802,663.0,2,1.0329895831521816,1.4978001931537666,0.9962087019317556,0.08319146743266137,0.050441587548475074
3819.0,0.026629,21.219927,-1.833537,22.239121,0.125087,0.073571,0.066428,0.0071429999999999,0.051516,0.058659,0.53807,0.1386532600889026,0.5720702007807958,664.0,2,1.0201032989583152,1.532997102693417,0.9790100816221824,0.06560737204124845,0.05086562902538072
3820.0,0.029254,21.22334,-1.833931,22.233476,0.125509,0.07335,0.066176,0.007174,0.052159,0.059333,0.844533,0.1375383435582821,0.5594291200516268,665.0,2,1.031824426551658,1.5396501770576407,0.9912296538421346,0.07123574246422437,0.05026040190567149
3821.0,0.025448,21.223734,-1.833012,22.242403,0.125739,0.074159,0.066869,0.00729,0.0515799999999999,0.0588699999999999,0.863392,0.1413311102925497,0.602432043730678,666.0,2,1.0237726727301169,1.5645455520978813,0.980226337644073,0.06669378091748801,0.04998336122509327
3822.0,0.032798,21.228853,-1.839575,22.242403,0.126153,0.073896,0.066675,0.007221,0.0522569999999999,0.0594779999999999,0.764381,0.1381798002219757,0.5667020460934549,667.0,2,1.0343460341199573,1.5497370962549795,0.9930920458756558,0.06964203573519323,0.048881084550285635
3823.0,0.02886,21.217565,-1.834718,22.238596,0.125546,0.073376,0.066334,0.0070419999999999,0.0521699999999999,0.0592119999999999,0.901111,0.134979203005501,0.5304132238508641,668.0,2,1.029720188511902,1.5113209571842419,0.9914386978458956,0.08015242577830928,0.04650856058283821
3824.0,0.035161,21.216121,-1.836687,22.24214,0.12674,0.074574,0.066848,0.0077259999999999,0.0521659999999999,0.0598919999999999,0.627652,0.1481012900876032,0.6791932962458196,669.0,2,1.0415456584873815,1.6581178238008332,0.9913626818445272,0.006932267894191435,0.039473730529627604
3825.0,0.032667,21.222815,-1.843249,22.239383,0.126998,0.074626,0.067048,0.007578,0.052372,0.05995,0.53807,0.1446928761002807,0.6405482181715028,670.0,2,1.0425543015147036,1.6263547590943408,0.9952775059149961,0.027025555670857404,0.03476726853351357
3826.0,0.037917,21.229378,-1.840756,22.238858,0.126143,0.074248,0.066544,0.0077039999999999,0.051895,0.059599,0.585218,0.1484507476491441,0.6831554953212962,671.0,2,1.0364502721597135,1.6533962871552705,0.9862125977518276,0.014051680321782722,0.03380081615279669
3827.0,0.032011,21.222028,-1.837343,22.241746,0.126428,0.074169,0.066202,0.007967,0.052259,0.060226,0.55693,0.1524492920015308,0.7284915546310942,672.0,2,1.0473540510929864,1.7098401115999755,0.9931300538763419,-0.01944672242757417,0.03751956786956566
3828.0,0.031354,21.222684,-1.845874,22.24319,0.1272,0.075025,0.067342,0.0076829999999999,0.052175,0.059858,0.806814,0.1472516099356024,0.6695595029523993,673.0,2,1.0409543849886094,1.6488893658117785,0.9915337178476078,0.012843166900555314,0.02603754234569896
3829.0,0.031092,21.220452,-1.841412,22.237939,0.127016,0.074547,0.066927,0.00762,0.0524689999999999,0.0600889999999999,0.703089,0.1452258433390509,0.6465910758261002,674.0,2,1.044971566700866,1.6353686017813245,0.997120893948175,0.018542752080108138,0.02452598471888843
3830.0,0.031354,21.216777,-1.836031,22.237283,0.125794,0.074316,0.067021,0.0072949999999999,0.0514779999999999,0.0587729999999999,0.769096,0.1417082693914022,0.6067083267396691,675.0,2,1.0220858042189087,1.565618628608215,0.9782879296091817,0.061571218657055504,0.026207137840989003
3831.0,0.032011,21.21192,-1.842987,22.236627,0.125684,0.074017,0.067205,0.0068119999999999,0.0516669999999999,0.0584789999999999,0.731378,0.1318417589223504,0.4948404407329294,676.0,2,1.016973027494216,1.4619594377079026,0.9818796856738333,0.10388129808517776,0.028772853155568445
3832.0,0.034898,21.215727,-1.833406,22.240696,0.126244,0.075041,0.066276,0.0087649999999999,0.051203,0.0599679999999999,0.505067,0.1711780329661744,0.9408406587904948,677.0,2,1.0428673286611116,1.8811031226526438,0.9730618295151138,-0.04517821950347378,0.03195921379165649
3833.0,0.037917,21.222553,-1.848893,22.240565,0.125436,0.073949,0.066748,0.0072009999999999,0.0514869999999999,0.0586879999999999,0.736092,0.1398578309509011,0.5857277949524915,678.0,2,1.0206076204719736,1.5454447902135373,0.9784589656122604,0.06503684951020394,0.03968008193323179
3834.0,0.046842,21.221634,-1.838656,22.236495,0.126235,0.075062,0.067457,0.007605,0.051173,0.058778,0.693659,0.1486106225817798,0.6849681798357974,679.0,2,1.0221727562040241,1.632149372250259,0.9724917095048518,0.023743799115197195,0.049238114861947124
3835.0,0.040148,21.224653,-1.841281,22.23492,0.125776,0.074264,0.066853,0.007411,0.051512,0.058923,0.830388,0.143866596781395,0.6311797468213969,680.0,2,1.024694363772325,1.590514003648477,0.9789340656208141,0.052682708816651824,0.053986813322705066
3836.0,0.039623,21.224128,-1.844693,22.238071,0.125519,0.074232,0.066801,0.007431,0.0512869999999999,0.0587179999999999,0.877537,0.1448876930276089,0.6427570799455722,681.0,2,1.0211293323826567,1.594806309689898,0.974658165543846,0.0459152866826632,0.04959314867798268
3837.0,0.043036,21.224522,-1.843906,22.240959,0.126097,0.074175,0.066759,0.007416,0.0519219999999999,0.0593379999999999,0.589933,0.142826878262042,0.6193912717402721,682.0,2,1.0319113785367702,1.5915870801588323,0.9867257057610617,0.05776195898817882,0.04131387742808633
3838.0,0.039492,21.21599,-1.840756,22.232426,0.12516,0.073718,0.067342,0.006376,0.0514419999999999,0.0578179999999999,0.6748,0.1239430048791868,0.4052832543631868,683.0,2,1.005477975062169,1.3683871660049507,0.9776037855968671,0.10842349618770863,0.041735737967397435
3839.0,0.04448,21.220321,-1.844824,22.236102,0.125215,0.073849,0.066706,0.0071429999999999,0.0513659999999999,0.0585089999999999,0.835103,0.1390581501742363,0.5766609016221362,684.0,2,1.017494739404899,1.532997102693417,0.9761594815708696,0.06602973668768752,0.04208483245249313
3840.0,0.042773,21.225047,-1.847187,22.234264,0.126051,0.074563,0.06689,0.0076729999999999,0.0514879999999999,0.0591609999999999,0.533356,0.1490221212297772,0.6896338094918444,685.0,2,1.028833278263741,1.6467432127910682,0.9784779696126025,0.017634572209831667,0.04907975566131243
3841.0,0.04973,21.223471,-1.841674,22.231245,0.126244,0.074458,0.066822,0.0076359999999999,0.051786,0.0594219999999999,0.872822,0.1474501322725778,0.671810377183184,686.0,2,1.0333721718866824,1.6388024466144397,0.9841411617145418,0.021088585586214292,0.05567452816653982
3842.0,0.048024,21.226228,-1.839968,22.231901,0.127117,0.074994,0.06647,0.008524,0.052123,0.060647,0.872822,0.1635331133451002,0.8541614828666888,687.0,2,1.0546754082395702,1.8293808348535447,0.9905455098298201,-0.04095961411036275,0.05209456687675203
3843.0,0.045136,21.229116,-1.850206,22.225469,0.125454,0.073681,0.066517,0.0071639999999999,0.051773,0.058937,0.995407,0.1383706107312548,0.5688654825351307,688.0,2,1.0249378293306437,1.5375040240369087,0.9838941097100948,0.06852779436116085,0.05103687116117729
3844.0,0.046974,21.221109,-1.847318,22.22258,0.124591,0.073025,0.066118,0.006907,0.0515659999999999,0.058473,0.745522,0.1339422498884948,0.5186561032912251,689.0,2,1.0168686851120812,1.482347891404673,0.979960281639284,0.09369303120339023,0.04223337858726656
3845.0,0.045398,21.223603,-1.840624,22.227438,0.125078,0.073119,0.066937,0.006182,0.0519589999999999,0.058141,0.721948,0.1189761354888377,0.3489681893244594,690.0,2,1.0110950733005235,1.326751797403169,0.9874288537737184,0.11863043386892569,0.0368174310788239
3846.0,0.045923,21.224784,-1.845612,22.228619,0.126244,0.074516,0.066748,0.0077679999999999,0.0517279999999999,0.0594959999999999,0.769096,0.1501672176148774,0.7026170736638058,691.0,2,1.034659061266367,1.6671316664878169,0.9830389296946997,0.010115673784785284,0.04319150886534449
3847.0,0.051699,21.222815,-1.843774,22.222843,0.126492,0.074327,0.066853,0.007474,0.0521649999999999,0.059639,0.712518,0.1432733964651307,0.6244539580466155,692.0,2,1.037145888040624,1.6040347676789526,0.9913436778441852,0.04718500183243146,0.03876083936786003
3848.0,0.047105,21.220846,-1.848762,22.219692,0.125794,0.074322,0.066675,0.007647,0.0514719999999999,0.0591189999999999,0.486207,0.1485633244613681,0.6844319070817027,693.0,2,1.028102881588785,1.6411632149372426,0.9781739056071292,0.020388570448601318,0.049623533245346095
3849.0,0.050386,21.218483,-1.841674,22.221136,0.126116,0.074495,0.066733,0.007762,0.051621,0.059383,0.764381,0.1503622486536749,0.704828363063883,694.0,2,1.0326939464027964,1.6658439746754121,0.9810055016581,0.01187026160326099,0.04232564386567432
3850.0,0.058393,21.217827,-1.843381,22.224418,0.126566,0.074705,0.067678,0.0070269999999999,0.051861,0.058888,0.651226,0.1354941961358989,0.5362522885319705,695.0,2,1.0240856998765282,1.5081017276531763,0.9855664617401971,0.08137535007503749,0.03916315984690649
3851.0,0.055505,21.217958,-1.836425,22.221268,0.12618,0.075083,0.06699,0.008093,0.0510969999999999,0.0591899999999999,0.604078,0.1583819327566637,0.7957566714924083,696.0,2,1.0293375997774012,1.7368816396609263,0.9710474054788523,-0.023218109388630226,0.03380550377872208
3852.0,0.055768,21.220977,-1.842199,22.217723,0.126171,0.074112,0.066916,0.0071959999999999,0.052059,0.059255,0.726663,0.1382251248559353,0.5672159431800685,697.0,2,1.0304679755838826,1.5443717137031823,0.9893292538079275,0.06766732466449787,0.034296372006556976
3853.0,0.05393,21.225047,-1.842068,22.222974,0.126153,0.074595,0.066675,0.0079199999999999,0.0515579999999999,0.0594779999999999,0.877537,0.1536104268895827,0.741656665609538,698.0,2,1.0343460341199573,1.6997531924026148,0.9798082496365476,-0.004451099435556882,0.04244829856921004
3854.0,0.050911,21.226622,-1.842068,22.220218,0.126217,0.074049,0.066691,0.007358,0.0521679999999999,0.0595259999999999,0.344763,0.1410416147520559,0.5991497024991956,699.0,2,1.03518077317705,1.579139392638712,0.9914006898452115,0.06206819101571193,0.04756968787618758
3855.0,0.051961,21.231085,-1.841543,22.220086,0.12561,0.073665,0.066449,0.007216,0.051945,0.059161,0.693659,0.1389134870827397,0.575020691105999,700.0,2,1.0288332782637428,1.5486640197446244,0.9871627977689312,0.06505387318708156,0.04453287616724473
3856.0,0.05603,21.227147,-1.841674,22.220218,0.126639,0.075188,0.067473,0.007715,0.051451,0.0591659999999999,0.698374,0.1499455803467309,0.7001041190862343,701.0,2,1.028920230248855,1.6557570554780732,0.9777748215999477,0.015024356063134237,0.033773760527137854
3857.0,0.054193,21.223209,-1.837737,22.216411,0.125454,0.073334,0.066974,0.0063599999999999,0.05212,0.05848,0.849248,0.122023752422248,0.383522499560925,702.0,2,1.0169904178912403,1.3649533211717926,0.9904884978287939,0.12870426745896213,0.03551849007178579
3858.0,0.057868,21.225309,-1.842068,22.213654,0.125583,0.074148,0.067048,0.0071,0.0514349999999999,0.058535,0.528641,0.1380356170775334,0.5650672772846486,703.0,2,1.0179468897274924,1.523768644704384,0.9774707575944726,0.07160246351837674,0.03989837696017512
3859.0,0.06548,21.22649,-1.832356,22.21221,0.126685,0.075151,0.067069,0.0080819999999999,0.0515339999999999,0.0596159999999999,0.6748,0.156825458426312,0.7781091462091425,704.0,2,1.0367459089090987,1.7345208713381235,0.9793521536283377,-0.018497855486167558,0.04609434316506653
3860.0,0.065612,21.228197,-1.832093,22.218905,0.1272,0.074889,0.066801,0.0080879999999999,0.052311,0.060399,0.542785,0.1546107967579139,0.7529990001406852,705.0,2,1.0503625897779247,1.73580856315055,0.9941182618941297,-0.026215806326031266,0.041074550223821435
3861.0,0.061149,21.221765,-1.835768,22.215492,0.12663,0.074878,0.066974,0.0079039999999999,0.0517519999999999,0.0596559999999999,0.905825,0.1527254458678723,0.7316226260810372,706.0,2,1.0374415247900093,1.6963193475694784,0.9834950257029095,-0.005770813942150843,0.03852604961021331
3862.0,0.064955,21.226097,-1.837081,22.216279,0.125004,0.073208,0.066696,0.0065119999999999,0.051796,0.058308,0.660655,0.1257215668861128,0.4254488410182466,707.0,2,1.013999269603325,1.3975748470865907,0.9843312017179625,0.11146619354839116,0.04313803547183716
3863.0,0.064168,21.218746,-1.8401,22.216279,0.125032,0.074631,0.06752,0.007111,0.050401,0.057512,0.773811,0.1410856712035237,0.599649220754016,708.0,2,1.000156513573205,1.5261294130271652,0.957820621240772,0.05750856261335724,0.03145463488626704
3864.0,0.072306,21.227015,-1.837868,22.215229,0.126869,0.075198,0.067447,0.007751,0.051671,0.059422,0.934114,0.1500038705681995,0.7007650218310302,709.0,2,1.0333721718866842,1.6634832063526308,0.9819557016752035,0.01187026160326099,0.02498761532384851
3865.0,0.070074,21.221502,-1.832881,22.218248,0.125776,0.074175,0.06668,0.007495,0.0516009999999999,0.0590959999999999,0.641796,0.1452463082826247,0.6468231102400939,710.0,2,1.0277029024572613,1.6085416890224444,0.9806254216512565,0.03956886705100027,0.02538115503224069
3866.0,0.066924,21.226884,-1.830518,22.216279,0.125969,0.073739,0.066391,0.0073479999999999,0.05223,0.0595779999999999,0.858677,0.140682736306025,0.5950806881078579,711.0,2,1.0360850738222336,1.5769932396179802,0.9925789378664217,0.0611442146793727,0.0290796006472265
3867.0,0.06758,21.233185,-1.833406,22.213654,0.125831,0.074148,0.066407,0.007741,0.0516829999999999,0.059424,1.033125,0.1497755591672473,0.6981763949952438,712.0,2,1.0334069526807297,1.6613370533319203,0.9821837496793066,0.01187026160326099,0.029891519715952764
3868.0,0.072174,21.222421,-1.8296,22.211291,0.12686,0.074747,0.067027,0.0077199999999999,0.052113,0.059833,0.679515,0.1481367770656635,0.6795956526036044,713.0,2,1.0405196250630402,1.656830131988407,0.9903554698263993,0.006932267894191435,0.02353117216623991
3869.0,0.06758,21.225965,-1.832093,22.216148,0.12731,0.07534,0.067394,0.007946,0.05197,0.059916,0.863392,0.1528929595351255,0.7335219196450216,714.0,2,1.0419630280159295,1.7053331902564834,0.9876378977774831,-0.014562458402245793,0.01932109918451398
3870.0,0.072962,21.22019,-1.830518,22.213523,0.125978,0.075256,0.067546,0.00771,0.050722,0.058432,0.825674,0.1520020503519115,0.7234206657860451,715.0,2,1.0161556788341477,1.6546839789677181,0.9639209053505773,0.010768649823826859,0.01421270636357692
3871.0,0.069681,21.221109,-1.830781,22.215886,0.126382,0.075193,0.067368,0.0078249999999999,0.051189,0.059014,0.684229,0.1528618870873217,0.7331696158533445,716.0,2,1.0262768899013963,1.6793647387058661,0.9727957735103248,0.002348376745111791,0.014140367411723587
3872.0,0.073224,21.225047,-1.8275,22.220874,0.12584,0.073786,0.066313,0.007473,0.052054,0.059527,0.5475,0.1435596964748824,0.627700067900256,717.0,2,1.0351981635740743,1.6038201523768816,0.9892342338062172,0.04786271805126263,0.004506484993096016
3873.0,0.077162,21.219271,-1.829337,22.215623,0.127283,0.074432,0.066785,0.007647,0.052851,0.060498,0.561644,0.1446870506319533,0.6404821681907296,718.0,2,1.0520842390831784,1.6411632149372426,1.0043804220788486,0.01540783279609792,0.01172940455502296
3874.0,0.076768,21.225309,-1.832093,22.219692,0.126796,0.07512,0.066733,0.008387,0.0516759999999999,0.0600629999999999,0.8021,0.1622965729434759,0.8401414135498291,719.0,2,1.0445194163782743,1.7999785384698122,0.982050721676912,-0.03921366660610959,0.01971580538739872
3875.0,0.076112,21.225309,-1.827368,22.218905,0.126548,0.074532,0.067006,0.007526,0.0520159999999999,0.059542,0.806814,0.1446834688659478,0.6404415576230451,720.0,2,1.0354590195294158,1.6151947633866466,0.9885120817932165,0.03884547753246692,0.027173396167360708
3876.0,0.077293,21.217827,-1.828681,22.217461,0.126786,0.07502,0.066696,0.0083239999999999,0.051766,0.06009,0.745522,0.1607974192052851,0.8231437972176363,721.0,2,1.0449889570978905,1.786457774439315,0.9837610817077004,-0.03519460950690301,0.034146847446362386
3877.0,0.07795,21.219402,-1.827237,22.218117,0.125215,0.07429,0.067478,0.0068119999999999,0.050925,0.057737,0.901111,0.1337627145269606,0.5166205060634841,722.0,2,1.0040693529033267,1.4619594377079026,0.9677787174200178,0.08409945722253043,0.04502081091150636
3878.0,0.079393,21.229641,-1.821462,22.213129,0.125243,0.073319,0.066339,0.00698,0.051924,0.058904,0.858677,0.1344246509388541,0.5241256343762422,723.0,2,1.0243639462288925,1.4980148084558589,0.9867637137617478,0.08679627621794905,0.03515902996757658
3879.0,0.078343,21.22649,-1.827762,22.214835,0.124297,0.073277,0.066134,0.0071429999999999,0.05102,0.058163,0.66537,0.1400011759863584,0.587353061163526,724.0,2,1.0114776620350243,1.532997102693417,0.9695840974525147,0.060013449397374075,0.03290941329272632
3880.0,0.083856,21.222553,-1.823431,22.216542,0.124324,0.073119,0.066171,0.006948,0.051205,0.058153,0.787955,0.1356872241534197,0.538440867394564,725.0,2,1.0113037580647968,1.4911471187895857,0.973099837515798,0.0805031626138436,0.04409429396539775
3881.0,0.084906,21.230691,-1.823825,22.215754,0.124416,0.072815,0.066344,0.006471,0.0516009999999999,0.058072,0.839818,0.1254021161970467,0.4218268640912144,726.0,2,1.0098951359059527,1.3887756197016996,0.9806254216512565,0.11108801139655156,0.038317584972703544
3882.0,0.090287,21.231478,-1.824218,22.218774,0.126373,0.075597,0.066607,0.0089899999999999,0.050776,0.059766,0.575789,0.1770486637650904,1.0074026980302806,727.0,2,1.0393544684625151,1.929391565618628,0.9649471213690491,-0.050755091388035134,0.04985746298280017
3883.0,0.088319,21.228853,-1.823431,22.215492,0.125601,0.074631,0.066722,0.007909,0.0509699999999999,0.0588789999999999,0.703089,0.1551666633968335,0.7593014944209733,728.0,2,1.0239291863033215,1.697392424079855,0.9686338974354091,-0.007088333952404713,0.05233068236757562
3884.0,0.088056,21.235022,-1.821725,22.217198,0.124995,0.073156,0.066019,0.007137,0.0518389999999999,0.058976,0.825674,0.1376736111111112,0.5609628026264089,729.0,2,1.0256160548145314,1.5317094108810123,0.9851483737326697,0.07263514012060468,0.04307397335156563
3885.0,0.087662,21.221634,-1.831437,22.219036,0.125859,0.074694,0.066691,0.0080029999999999,0.051165,0.059168,0.66537,0.1564124614001484,0.7734265277303081,730.0,2,1.0289550110429022,1.7175662624745116,0.9723396775021151,-0.018921612394475096,0.03907664729692224
3886.0,0.086875,21.225178,-1.829075,22.2256,0.126189,0.073875,0.066864,0.0070109999999999,0.052314,0.0593249999999999,0.901111,0.1340151008315012,0.5194820975485965,731.0,2,1.0316853033754743,1.5046678828200397,0.9941752738951558,0.08020417059406326,0.04042509865315656
3887.0,0.089369,21.221109,-1.828287,22.217592,0.12437,0.072941,0.066712,0.006229,0.0514289999999999,0.057658,0.604078,0.1211160801088861,0.3732311829702075,732.0,2,1.0026955115385285,1.336838716600508,0.9773567335924201,0.10883165107028492,0.03008808859443579
3888.0,0.098688,21.222159,-1.823431,22.228488,0.126373,0.074631,0.066733,0.007898,0.051742,0.05964,0.811529,0.1526390043097617,0.730642539514536,733.0,2,1.0371632784376468,1.6950316557570737,0.9833049856994907,-0.005770813942150843,0.0462506210292955
3889.0,0.100263,21.23371,-1.82015,22.225862,0.125206,0.073665,0.066024,0.0076409999999999,0.051541,0.059182,0.55693,0.1482480307322182,0.6808570623519661,734.0,2,1.0291984766012208,1.6398755231247948,0.9794851816307341,0.020040188850940166,0.056933275256337165
3890.0,0.09685,21.222815,-1.826187,22.22665,0.125197,0.073208,0.066265,0.0069429999999999,0.051989,0.058932,0.901111,0.1335449124831696,0.5141510358000838,735.0,2,1.0248508773455298,1.490074042279209,0.9879989737839825,0.09398767617618686,0.05067360120494478
3891.0,0.101838,21.231872,-1.822643,22.235051,0.125344,0.073886,0.066118,0.0077679999999999,0.051458,0.059226,0.750237,0.1509551293262596,0.7115505276735843,736.0,2,1.0299636540702224,1.6671316664878169,0.9779078496023421,0.007717910809343809,0.05675831169993536
3892.0,0.098031,21.228984,-1.82435,22.231376,0.124462,0.07271,0.06616,0.00655,0.051752,0.058302,0.863392,0.1265627113404053,0.434985855368269,737.0,2,1.0138949272211886,1.4057302285653117,0.9834950257029114,0.11087023296056198,0.0489102738974659
3893.0,0.097244,21.228722,-1.820543,22.234001,0.123672,0.072248,0.065494,0.006754,0.051424,0.058178,0.806814,0.1313368983957221,0.4891162609411676,738.0,2,1.0117385179903657,1.4495117501878039,0.9772617135907117,0.09973820831801194,0.04720293126927007
3894.0,0.1,21.230822,-1.819625,22.236627,0.126042,0.07366,0.066008,0.007652,0.0523819999999999,0.0600339999999999,0.745522,0.1460779260447093,0.6562521096114386,739.0,2,1.044015094864614,1.6422362914475979,0.9954675459184148,0.010038399606680848,0.0587514620349159
3895.0,0.103544,21.231085,-1.823956,22.239515,0.125013,0.073775,0.066334,0.0074409999999999,0.051238,0.058679,1.014266,0.1452214133765293,0.6465408482867958,740.0,2,1.0204511068987705,1.5969524627105869,0.9737269695270863,0.041925492555430655,0.06240936896255904
3896.0,0.09895,21.231347,-1.82015,22.232032,0.124866,0.074474,0.066712,0.007762,0.050392,0.058154,0.872822,0.154029329470363,0.7464062420987785,741.0,2,1.0113211484618194,1.6658439746754121,0.9576495852376934,0.0017237925693686096,0.06067122403679427
3897.0,0.106038,21.221896,-1.81805,22.233476,0.125261,0.073707,0.066859,0.0068479999999999,0.051554,0.058402,0.769096,0.1328290175540682,0.5060341182158259,742.0,2,1.0156339669234649,1.4696855885824602,0.9797322336351811,0.09175822478832663,0.06710296717705255
3898.0,0.1042,21.227541,-1.814637,22.238202,0.125418,0.073739,0.067058,0.0066809999999999,0.051679,0.0583599999999999,0.731378,0.1292763157894735,0.465753084990933,743.0,2,1.014903570248507,1.4338448331365965,0.9821077336779401,0.10971449371430753,0.06698032376530329
3899.0,0.106563,21.232922,-1.815162,22.237414,0.126015,0.074127,0.066706,0.0074209999999999,0.0518879999999999,0.0593089999999999,0.901111,0.1430168243751083,0.6215449075358841,744.0,2,1.0314070570231102,1.592660156669166,0.9860795697494312,0.05661925812737156,0.06811630662206138
3900.0,0.105382,21.218352,-1.81385,22.23492,0.125519,0.073665,0.066622,0.0070429999999999,0.051854,0.0588969999999999,0.849248,0.1358210394368912,0.5399580839347282,745.0,2,1.0242422134497313,1.511535572486313,0.9854334337378027,0.07660622691853913,0.0673406956614562
3901.0,0.106825,21.206014,-1.818968,22.233607,0.125041,0.074091,0.067095,0.006996,0.05095,0.057946,0.754952,0.1373083943396597,0.5568219234083063,746.0,2,1.0077039458810844,1.5014486532889955,0.9682538174285696,0.07203534221192665,0.06554689360653006
3902.0,0.101444,21.221765,-1.814768,22.238596,0.125234,0.073271,0.066533,0.006738,0.051963,0.058701,0.698374,0.1296666923254562,0.4701792291646001,747.0,2,1.0208336956332713,1.4460779053546673,0.9875048697750886,0.1096437988430693,0.06293494323973058
3903.0,0.110238,21.228459,-1.813193,22.239646,0.125555,0.073733,0.067153,0.00658,0.0518219999999999,0.0584019999999999,0.901111,0.1269706500974471,0.4396111224790298,748.0,2,1.015633966923463,1.4121686876274429,0.9848253057268546,0.11109803688559283,0.0601823399993632
3904.0,0.110632,21.228591,-1.812143,22.240171,0.125638,0.074201,0.066381,0.00782,0.051437,0.059257,0.957688,0.1520276838135232,0.7237113015858581,749.0,2,1.030502756377928,1.6782916621955326,0.9775087655951586,0.0022822900006291835,0.04736685622745588
3905.0,0.109976,21.224915,-1.804531,22.238071,0.125941,0.074138,0.066517,0.0076209999999999,0.051803,0.0594239999999999,0.8021,0.1471121921087172,0.6679787639855457,750.0,2,1.033406952680728,1.6355832170833742,0.9844642297203571,0.02398747200616913,0.040697337743395914
3906.0,0.115226,21.22544,-1.803612,22.239515,0.126263,0.074731,0.066439,0.008292,0.0515319999999999,0.0598239999999999,0.5475,0.1609066035355987,0.8243817445401023,751.0,2,1.0403631114898335,1.7795900847730635,0.9793141456276535,-0.02439571109862615,0.03858474015489376
3907.0,0.118638,21.227934,-1.80755,22.246472,0.125647,0.073996,0.06668,0.007316,0.051651,0.058967,0.839818,0.1416402075427864,0.6059366319093389,752.0,2,1.0254595412413265,1.5701255499517284,0.9815756216683621,0.06423219238465283,0.03587483550835432
3908.0,0.115488,21.22124,-1.805844,22.243322,0.125151,0.074616,0.066538,0.008078,0.050535,0.058613,0.849248,0.1598464460978312,0.8123615301219069,753.0,2,1.019303340695268,1.7336624101298608,0.9603671572866096,-0.018440344004765685,0.02938924256421723
3909.0,0.112207,21.217827,-1.802562,22.240565,0.127016,0.074458,0.066596,0.0078619999999999,0.0525579999999999,0.0604199999999999,0.589933,0.1495842767175934,0.6960076076270967,754.0,2,1.050727788115401,1.6873055048824948,0.9988122499786196,-0.0100759267132281,0.02315291635781026
3910.0,0.110763,21.224915,-1.80335,22.246866,0.126125,0.073718,0.06636,0.007358,0.0524069999999999,0.0597649999999999,0.839818,0.1403984124561136,0.591856984232952,755.0,2,1.0393370780654905,1.579139392638712,0.9959426459269666,0.055480251033517614,0.030241102967496224
3911.0,0.114963,21.222684,-1.804137,22.243978,0.125537,0.074232,0.066801,0.007431,0.051305,0.058736,0.580504,0.1448368611858263,0.6421807413606295,756.0,2,1.021442359529068,1.594806309689898,0.9750002375500052,0.04493629574653224,0.035684824631207826
3912.0,0.123232,21.222684,-1.800462,22.246997,0.126254,0.074626,0.067174,0.007452,0.051628,0.05908,0.830388,0.1443374847469445,0.6365187409285102,757.0,2,1.027424656104899,1.59931323103339,0.9811385296604944,0.04478786940169843,0.04489176590750079
3913.0,0.118901,21.225178,-1.795606,22.252773,0.125307,0.074196,0.066832,0.0073639999999999,0.051111,0.058475,0.849248,0.1440757552042572,0.6335512144927173,758.0,2,1.0169034659061267,1.5804270844511168,0.9713134614836432,0.04873477482152311,0.04960516905226151
3914.0,0.119163,21.22334,-1.793506,22.240827,0.125684,0.073854,0.066706,0.007148,0.0518299999999999,0.0589779999999999,0.726663,0.1379097451332215,0.5636401234431865,759.0,2,1.0256508356085752,1.5340701792037936,0.9849773377295911,0.07316415609748883,0.04868394968153411
3915.0,0.12192,21.221634,-1.790356,22.252773,0.124995,0.072851,0.065788,0.007063,0.0521439999999999,0.0592069999999999,0.886966,0.1354492281139131,0.5357424347621667,760.0,2,1.0296332365267882,1.5158278785277552,0.9909445938370016,0.07842468864328511,0.04569027638337771
3916.0,0.122051,21.218352,-1.785894,22.245422,0.125151,0.073481,0.066229,0.007252,0.05167,0.058922,0.839818,0.140349519072594,0.5913026241609474,761.0,2,1.0246769733753023,1.5563901706191818,0.9819366976748615,0.06767370166430353,0.040451812290930776
3917.0,0.127564,21.229509,-1.790225,22.251067,0.125767,0.073487,0.066832,0.0066549999999999,0.0522799999999999,0.0589349999999999,0.957688,0.1272928979935348,0.4432648145334319,762.0,2,1.0249030485365964,1.4282648352827494,0.9935291378835236,0.11136622383226003,0.04269664033201798
3918.0,0.122576,21.218746,-1.785894,22.247129,0.126612,0.074736,0.06657,0.0081659999999999,0.051876,0.060042,0.91054,0.157410798619812,0.784745815804438,763.0,2,1.0441542180407979,1.752548556712091,0.9858515217453283,-0.027652537712039682,0.0514469152659614
3919.0,0.129007,21.221896,-1.786681,22.248835,0.127815,0.075765,0.067342,0.008423,0.05205,0.060473,0.55693,0.1618220591343105,0.8347613091168742,764.0,2,1.0516494791576092,1.8077046893443696,0.9891582178048488,-0.04001265969479206,0.055528434277578996
3920.0,0.124282,21.227015,-1.78655,22.253692,0.126998,0.074852,0.067079,0.007773,0.052146,0.059919,0.868107,0.1490593898019062,0.6900563658142274,765.0,2,1.042015199206998,1.6682047429981937,0.9909826018376877,0.0030956101090482413,0.056721255318690454
3921.0,0.12927,21.214152,-1.784975,22.248573,0.126382,0.074684,0.067389,0.0072949999999999,0.0516979999999999,0.0589929999999999,0.901111,0.1411052438151607,0.5998711377827699,766.0,2,1.0259116915639166,1.565618628608215,0.9824688096844375,0.06738457615740423,0.04873995831949016
3922.0,0.132026,21.218352,-1.775131,22.252117,0.12539,0.073434,0.067567,0.0058669999999999,0.051956,0.057823,0.505067,0.1129202994784147,0.2803062672989915,767.0,2,1.0055649270472844,1.25914797725077,0.9873718417726941,0.13229061874113268,0.04656179722879633
3923.0,0.126907,21.226753,-1.770669,22.25238,0.125243,0.073492,0.066533,0.006959,0.0517509999999999,0.05871,0.896396,0.1344682331117639,0.5246197751939403,768.0,2,1.0209902092064762,1.493507887112367,0.9834760217025674,0.08954996493769907,0.03311284111771838
3924.0,0.126382,21.217565,-1.774212,22.25343,0.126649,0.074238,0.067268,0.00697,0.052411,0.059381,0.514496,0.1329848126383271,0.5078005448345324,769.0,2,1.032659165608751,1.4958686554351484,0.9960186619283368,0.08509236650860341,0.042546690031535286
3925.0,0.132814,21.214021,-1.768831,22.256974,0.127053,0.07449,0.066712,0.007778,0.052563,0.060341,0.622937,0.1479719960429192,0.6777273421481245,770.0,2,1.0493539467506043,1.669277819508549,0.9989072699803317,-0.0013882813487178236,0.05527636567959069
3926.0,0.136489,21.222684,-1.767913,22.257762,0.127328,0.074558,0.067205,0.0073529999999999,0.05277,0.0601229999999999,0.787955,0.1393378939190085,0.5798326756195833,771.0,2,1.04556284019964,1.5780663161283355,1.0028410980511406,0.04589209075736522,0.050650138110948116
3927.0,0.133601,21.218352,-1.770144,22.263013,0.12788,0.07534,0.067221,0.008119,0.0525399999999999,0.0606589999999999,1.108562,0.1545269408652291,0.7520482302131322,772.0,2,1.0548840930038417,1.7424616375147732,0.9984701779724622,-0.02312333727851945,0.03893614823800038
3928.0,0.135964,21.217958,-1.774344,22.257368,0.127099,0.074537,0.067378,0.007159,0.0525619999999999,0.0597209999999999,0.820959,0.1361984666019826,0.5442374063165096,773.0,2,1.0385719005964889,1.5364309475265752,0.9988882659799878,0.06668595142612932,0.021864106438743824
3929.0,0.135176,21.219402,-1.763319,22.270101,0.126079,0.073844,0.06688,0.006964,0.0522349999999999,0.059199,0.655941,0.1333180182249791,0.511578476728622,774.0,2,1.029494113350608,1.4945809636227223,0.9926739578681303,0.08728409678576199,0.008369538231987494
3930.0,0.141214,21.222421,-1.759906,22.274171,0.127255,0.074721,0.06584,0.008881,0.052534,0.061415,0.825674,0.1690492052917102,0.9167037106402904,775.0,2,1.0680312331530528,1.9059984976929059,0.9983561539704117,-0.04316666557737747,-0.0050569877883152705
3931.0,0.139902,21.223996,-1.761613,22.275352,0.127549,0.075597,0.06668,0.0089169999999999,0.051952,0.0608689999999999,0.519211,0.1716359016803648,0.946032038791131,776.0,2,1.058536076378622,1.913724648567442,0.9872958257713257,-0.04975532257207316,-0.003996156102599712
3932.0,0.145152,21.214808,-1.756756,22.27614,0.127549,0.075162,0.066712,0.00845,0.0523869999999999,0.060837,0.53807,0.1612964801099491,0.8288022200783314,777.0,2,1.0579795836738954,1.8134993025002875,0.9955625659201252,-0.03842979925143286,-0.011893914842031538
3933.0,0.140689,21.214283,-1.748619,22.274302,0.127843,0.075466,0.066617,0.008849,0.052377,0.061226,0.769096,0.168944976898698,0.9155219544332988,778.0,2,1.0647444481157506,1.8991308080266325,0.9953725259167063,-0.04539571712986423,-0.011051355115339268
3934.0,0.14397,21.212708,-1.752425,22.276009,0.126685,0.075356,0.066549,0.008807,0.0513289999999999,0.0601359999999999,0.575789,0.1715760763685956,0.9453537309761936,779.0,2,1.0457889153609359,1.890116965339649,0.975456333558213,-0.049172893694424236,-0.010927778946308253
3935.0,0.140033,21.223996,-1.757544,22.279422,0.126649,0.074169,0.066502,0.0076669999999999,0.05248,0.060147,0.566359,0.1460909662544538,0.6563999613470426,780.0,2,1.045980209728188,1.645455520978642,0.9973299379519398,0.009220035508437752,-0.010807463868732691
3936.0,0.143577,21.233972,-1.749406,22.28126,0.126924,0.075372,0.067006,0.0083659999999999,0.051552,0.059918,0.754952,0.162279595755824,0.8399489238039437,781.0,2,1.041997808809975,1.7954716171262988,0.9796942256344969,-0.03308549663695304,-0.010334522020406045
3937.0,0.143314,21.219534,-1.743369,22.282572,0.127549,0.075288,0.067373,0.0079149999999999,0.052261,0.0601759999999999,0.769096,0.151448471164517,0.7171441069534776,782.0,2,1.0464845312418465,1.6986801158922598,0.9931680618770261,-0.014697740011596738,-0.0009363047367515586
3938.0,0.146333,21.21704,-1.753344,22.285592,0.126612,0.074516,0.067342,0.007174,0.052096,0.05927,0.618222,0.137704666295564,0.5613149106837796,783.0,2,1.0307288315392242,1.5396501770576407,0.9900324018205842,0.06792171311643946,-0.00038085959909442966
3939.0,0.154077,21.22019,-1.74245,22.285067,0.125776,0.07356,0.066601,0.006959,0.052216,0.059175,0.731378,0.1332707738858993,0.511042813754846,784.0,2,1.0290767438220614,1.493507887112367,0.9923128818616328,0.0884872475615176,0.004578612396445391
3940.0,0.159983,21.231216,-1.742713,22.282835,0.127347,0.075078,0.066733,0.008345,0.0522689999999999,0.0606139999999999,0.759666,0.1596518079204134,0.81015469503951,785.0,2,1.0541015251378172,1.7909646957828285,0.9933200938797607,-0.038437247094111004,0.005568000331775913
3941.0,0.153683,21.227147,-1.738382,22.286248,0.126327,0.074017,0.066559,0.007458,0.0523099999999999,0.059768,0.552215,0.1425703962837645,0.6164832429292018,786.0,2,1.0393892492565606,1.600600922845816,0.9940992578937856,0.04422685026447171,0.00031008503498342055
3942.0,0.151452,21.219665,-1.736675,22.282572,0.126189,0.074726,0.066323,0.008403,0.0514629999999999,0.059866,0.995407,0.1632791854500234,0.8512824126108496,787.0,2,1.0410935081647914,1.803412383302949,0.9780028696040506,-0.03287534787486157,2.623814496871546e-05
3943.0,0.151977,21.22229,-1.737857,22.285067,0.125794,0.074484,0.06667,0.007814,0.0513099999999999,0.0591239999999999,0.589933,0.1522870339693243,0.7266518501978516,788.0,2,1.0281898335738988,1.6770039703831061,0.9750952575517136,0.004199002825533982,0.005481800196675601
3944.0,0.160508,21.223996,-1.729982,22.285592,0.126805,0.074904,0.066475,0.0084289999999999,0.051901,0.0603299999999999,0.957688,0.1624022195676465,0.8413392498615406,789.0,2,1.0491626523833522,1.8089923811567743,0.9863266217538802,-0.03927901434111902,0.005641350206483586
3945.0,0.152764,21.223078,-1.728275,22.283098,0.126796,0.07586,0.066995,0.0088649999999999,0.0509359999999999,0.0598009999999999,0.670085,0.1740385181695034,0.9732732431022132,790.0,2,1.03996313235831,1.902564652859748,0.9679877614237786,-0.04335911745948717,0.0047825119209186084
3946.0,0.16589,21.219927,-1.731163,22.286117,0.127586,0.075366,0.067053,0.008313,0.05222,0.060533,0.462633,0.1591888320790486,0.8049054097113162,791.0,2,1.0526929029789749,1.784097006116555,0.9923888978630011,-0.03592396553710009,0.004971093034705787
3947.0,0.171271,21.228459,-1.7204,22.284016,0.126042,0.074185,0.06667,0.007515,0.0518569999999999,0.0593719999999999,0.509782,0.1449149600833046,0.6430662376653014,792.0,2,1.0325026520355443,1.6128339950638653,0.985490445738827,0.03985788050547212,-0.00036019904935297165
3948.0,0.169303,21.224915,-1.723813,22.283885,0.125491,0.07334,0.066082,0.007258,0.0521509999999999,0.0594089999999999,0.670085,0.1391701181162755,0.5779304099265912,793.0,2,1.0331460967253865,1.5576778624316079,0.9910776218393962,0.06951721321451931,0.0006110109373174799
3949.0,0.156702,21.219009,-1.723682,22.284148,0.124949,0.073518,0.066528,0.0069899999999999,0.051431,0.058421,0.844533,0.1359076061595892,0.5409395896349591,794.0,2,1.0159643844668975,1.5001609614765479,0.9773947415931062,0.07989886470586782,-0.0039048507562721934
3950.0,0.166152,21.227672,-1.717775,22.28336,0.126832,0.074757,0.066433,0.0083239999999999,0.0520749999999999,0.0603989999999999,0.707803,0.1598433059374759,0.8123259265413127,795.0,2,1.050362589777923,1.786457774439315,0.9896333178133987,-0.03655143595623922,-0.0034309889225108137
3951.0,0.167465,21.224128,-1.723944,22.278372,0.126593,0.074889,0.066958,0.0079309999999999,0.051704,0.059635,0.773811,0.1533894207523448,0.7391508668831426,796.0,2,1.037076326452533,1.7021139607253966,0.9825828336864919,-0.009086070576115879,0.010457379621688478
3952.0,0.171665,21.21599,-1.721975,22.280472,0.126777,0.074973,0.066822,0.0081509999999999,0.051804,0.0599549999999999,0.707803,0.1573400250941027,0.7839433755971141,797.0,2,1.0426412534998157,1.7493293271810253,0.9844832337206991,-0.023163248008157056,0.010321911698993802
3953.0,0.16799,21.223078,-1.718169,22.280997,0.12709,0.074967,0.066449,0.008518,0.052123,0.060641,0.321189,0.1634180032230836,0.8528563480828804,798.0,2,1.0545710658574337,1.8280931430411183,0.9905455098298201,-0.04095961411036275,0.0033077472244510743
3954.0,0.174815,21.225965,-1.711475,22.281654,0.125463,0.074458,0.066003,0.0084549999999999,0.0510049999999999,0.0594599999999999,1.132136,0.1657648119829038,0.8794647964949771,799.0,2,1.0340330069735475,1.8145723790106214,0.9692990374473817,-0.034540396003505225,-0.006882068277805298
3955.0,0.172453,21.228984,-1.709244,22.283491,0.125509,0.074106,0.067294,0.0068119999999999,0.051403,0.058215,0.787955,0.1325188701268383,0.5025176229824326,800.0,2,1.012381962680208,1.4619594377079026,0.9768626295835282,0.09552456798250575,-0.01132248395729798
3956.0,0.179015,21.212183,-1.711869,22.276534,0.125895,0.074652,0.066171,0.008481,0.051243,0.059724,0.769096,0.1655023027086098,0.8764884293523538,801.0,2,1.038624071787559,1.82015237686449,0.9738219895287966,-0.03727864476404685,-0.012003252107622774
3957.0,0.172846,21.223471,-1.713838,22.279422,0.126419,0.07407,0.065877,0.0081929999999999,0.052349,0.060542,0.825674,0.1565042979942691,0.7744677839753167,802.0,2,1.0528494165521798,1.758343169868009,0.9948404139071284,-0.030283764239955158,-0.0016455286077887155
3958.0,0.179015,21.217171,-1.707407,22.274696,0.12708,0.075282,0.067032,0.00825,0.051798,0.060048,0.594648,0.1592694839668721,0.8058198521802682,803.0,2,1.0442585604229344,1.7705762420860798,0.9843692097186466,-0.032380941808044406,0.00652318989854771
3959.0,0.178622,21.223078,-1.704519,22.279291,0.125482,0.074264,0.066785,0.0074789999999999,0.051218,0.058697,0.905825,0.1460200316288876,0.6555956945668413,804.0,2,1.0207641340451803,1.6051078441892863,0.9733468895202448,0.035494707910941004,0.017944128609316934
3960.0,0.175209,21.230428,-1.705176,22.27824,0.126456,0.075492,0.066643,0.008849,0.050964,0.059813,0.622937,0.1736289610517023,0.9686296267891166,805.0,2,1.0401718171225849,1.8991308080266325,0.9685198734333587,-0.04335911745948717,0.01733365721632325
3961.0,0.182822,21.230034,-1.701369,22.275352,0.124637,0.073182,0.066381,0.006801,0.051455,0.058256,0.905825,0.1321711753731343,0.4985754108706124,806.0,2,1.0130949689581414,1.4595986693851428,0.977850837601316,0.09449116442222472,0.010885281227049537
3962.0,0.182559,21.228459,-1.702682,22.272858,0.124572,0.073082,0.065704,0.0073779999999999,0.05149,0.058868,0.924685,0.143287176399759,0.6246101968871882,807.0,2,1.023737891936073,1.5834316986801114,0.9785159776132885,0.0585239370552072,0.011957357762942655
3963.0,0.18059,21.215727,-1.708719,22.273121,0.124728,0.073681,0.066696,0.0069849999999999,0.051047,0.058032,0.684229,0.1368320012537217,0.5514205114704924,808.0,2,1.009199520025042,1.4990878849661926,0.9700972054617506,0.07324977299732949,0.014904100149582955
3964.0,0.184659,21.225703,-1.705044,22.276403,0.126088,0.075435,0.066675,0.00876,0.050653,0.059413,0.571074,0.172937971334939,0.9607950880117886,809.0,2,1.0332156583134793,1.88003004614231,0.9626096293269741,-0.04064510993344206,0.01582586952957169
3965.0,0.184134,21.221634,-1.699532,22.270364,0.124921,0.073702,0.066202,0.0075,0.051219,0.058719,0.646511,0.1464271768840298,0.6602119648412501,810.0,2,1.021146722779681,1.6096147655327997,0.973365893520587,0.031040808089768612,0.009778392505929333
3966.0,0.193453,21.228197,-1.700057,22.272464,0.126391,0.074747,0.066475,0.0082719999999999,0.051644,0.059916,0.924685,0.1601703940362084,0.8160344974953437,811.0,2,1.0419630280159295,1.7752977787316209,0.9814425936659676,-0.02655787940511567,0.01026248834562068
3967.0,0.184659,21.22334,-1.695594,22.279291,0.125463,0.074201,0.066365,0.007836,0.0512619999999999,0.059098,0.641796,0.1528587870393853,0.7331344670730084,812.0,2,1.0277376832513085,1.681725507028669,0.9741830655352941,-0.0008163403735521602,-0.0011891980529411539
3968.0,0.191878,21.21914,-1.695201,22.279684,0.127099,0.07534,0.0672,0.00814,0.0517589999999999,0.0598989999999999,0.608793,0.1572642967542505,0.783084757008847,813.0,2,1.0416673912665408,1.7469685588582653,0.983628053705304,-0.023163248008157056,-0.009601357321456805
3969.0,0.192403,21.228853,-1.696513,22.281391,0.126336,0.074259,0.06616,0.008099,0.052077,0.060176,0.688944,0.1555167249126312,0.763270541214917,814.0,2,1.0464845312418483,1.7381693314733526,0.9896713258140847,-0.024980062325482555,-0.022067676339294427
3970.0,0.186891,21.228459,-1.692707,22.281785,0.125904,0.074484,0.065929,0.0085549999999999,0.0514199999999999,0.0599749999999999,0.91997,0.1663717158359424,0.8863459579006971,815.0,2,1.042989061440271,1.8360339092177254,0.9771856975893416,-0.03851815906257372,-0.019730767735053934
3971.0,0.194897,21.220452,-1.690476,22.279947,0.126024,0.075372,0.067284,0.0080879999999999,0.050652,0.05874,0.627652,0.1596746490829762,0.8104136713592391,816.0,2,1.021511921117159,1.73580856315055,0.9625906253266322,-0.020025699563393617,-0.02219086995891443
3972.0,0.198047,21.228591,-1.692707,22.281916,0.12675,0.074589,0.066444,0.008145,0.052161,0.060306,0.882251,0.1561481538284574,0.7704297712383967,817.0,2,1.0487452828548076,1.7480416353686203,0.9912676618428188,-0.025597655629949312,-0.020814968294952274
3973.0,0.194503,21.234366,-1.686669,22.27824,0.126593,0.075387,0.066523,0.0088639999999999,0.051206,0.06007,0.6748,0.1731013338020191,0.9626473146832562,818.0,2,1.0446411491574352,1.9023500375576767,0.97311884151614,-0.05141341718104675,-0.02396495819051405
3974.0,0.198572,21.229247,-1.684044,22.277715,0.126906,0.075183,0.067116,0.008067,0.0517229999999999,0.0597899999999999,0.519211,0.1559624158997758,0.7683238484303221,819.0,2,1.0397718379910597,1.7313016418070792,0.9829439096929894,-0.017276023891037107,-0.02537649786610303
3975.0,0.196341,21.225703,-1.684438,22.282704,0.126254,0.074379,0.066617,0.007762,0.051875,0.059637,0.585218,0.1496260313054207,0.6964810270275996,820.0,2,1.0371111072465784,1.6658439746754121,0.9858325177449861,0.006439785851163671,-0.01984400242930434
3976.0,0.199885,21.229903,-1.679188,22.280341,0.126502,0.074007,0.066103,0.007904,0.052495,0.060399,0.571074,0.1505638524839989,0.7071141757004735,821.0,2,1.0503625897779247,1.6963193475694998,0.9976149979570709,-0.012798862765494134,-0.009555262700010813
3977.0,0.201329,21.225572,-1.683388,22.280209,0.12618,0.074448,0.066155,0.0082929999999999,0.0517319999999999,0.0600249999999999,0.924685,0.1603038679372933,0.8175478433939036,822.0,2,1.0438585812914092,1.7798047000751127,0.983114945696068,-0.03231623932916994,-0.004508786221995786
3978.0,0.197653,21.228853,-1.685619,22.286773,0.12641,0.07513,0.06658,0.00855,0.0512799999999999,0.0598299999999999,0.717233,0.1667284179325676,0.8903902965358008,823.0,2,1.04046745387197,1.8349608327073916,0.9745251375414515,-0.03727864476404685,-0.001198971579887309
3979.0,0.205266,21.23581,-1.681157,22.286773,0.125895,0.074096,0.066528,0.0075679999999999,0.051799,0.059367,0.736092,0.1461003861003859,0.6565067648875886,824.0,2,1.0324157000504322,1.624208606073609,0.9843882137189887,0.030344892042504346,0.0022948483619604334
3980.0,0.200279,21.223078,-1.680501,22.282704,0.126621,0.074642,0.067363,0.0072789999999999,0.051979,0.059258,0.646511,0.1400346287033473,0.5877323527826308,825.0,2,1.030520146774951,1.5621847837750784,0.9878089337805617,0.06436923823036156,-0.0009956673444373898
3981.0,0.206054,21.227147,-1.680894,22.284279,0.125574,0.074652,0.067153,0.0074989999999999,0.0509219999999999,0.0584209999999999,0.759666,0.1472615517546097,0.6696722246972246,826.0,2,1.0159643844668955,1.6094001502307071,0.9677217054189896,0.030439065216756656,-0.0032998675669149045
3982.0,0.206316,21.229903,-1.675776,22.286248,0.124591,0.074269,0.06657,0.0076989999999999,0.0503219999999999,0.0580209999999999,0.670085,0.1529916737873338,0.7346411557465709,827.0,2,1.0090082256577901,1.6523232106449153,0.9563193052137465,0.007500490791135461,-0.005230613694541464
3983.0,0.206447,21.232397,-1.66672,22.287561,0.124581,0.074469,0.066528,0.0079409999999999,0.050112,0.0580529999999999,0.589933,0.1584618761598784,0.7966630810630324,828.0,2,1.0095647183625185,1.7042601137461069,0.9523284651419132,-0.016475217762569327,0.0015918855298788115
3984.0,0.212748,21.229641,-1.665013,22.291236,0.126538,0.075886,0.066901,0.0089849999999999,0.050652,0.059637,0.79267,0.1773833731467038,1.0111976801635452,829.0,2,1.0371111072465784,1.9283184891082725,0.9625906253266322,-0.050181180955015336,0.0031209731015676033
3985.0,0.211173,21.226359,-1.670395,22.286248,0.12618,0.075156,0.067137,0.0080189999999999,0.0510239999999999,0.0590429999999999,0.6748,0.1571582557569819,0.7818824492393774,830.0,2,1.026781211415055,1.721000107307648,0.969660113453881,-0.016602216373611478,0.00040356092000121135
3986.0,0.215767,21.22544,-1.665013,22.291762,0.127769,0.075702,0.067494,0.008208,0.0520669999999999,0.0602749999999999,0.79267,0.1576400092187141,0.7873446378732882,831.0,2,1.0482061805471001,1.761562399399096,0.9894812858106621,-0.032106324041759726,-0.010976919126686035
3987.0,0.21616,21.227409,-1.663701,22.290055,0.126079,0.074206,0.066659,0.0075469999999999,0.051873,0.05942,0.896396,0.145487141920808,0.6495537159661391,832.0,2,1.0333373910926387,1.619701684730117,0.9857945097443022,0.035908752915032816,-0.006948759344922473
3988.0,0.217473,21.226753,-1.666195,22.29268,0.12584,0.074631,0.066617,0.008014,0.051209,0.059223,0.698374,0.1564928724858427,0.7743382399507879,833.0,2,1.029911482879154,1.7199270307973142,0.9731758535171662,-0.021987769047158934,-0.00437188050429862
3989.0,0.220229,21.231741,-1.661995,22.294518,0.125491,0.074059,0.066244,0.007815,0.0514319999999999,0.0592469999999999,0.613507,0.1519452491591002,0.7227766458579876,834.0,2,1.0303288524076988,1.6772185856851776,0.9774137455934464,0.0031707702268404248,-0.008320734012763186
3990.0,0.219573,21.225834,-1.655957,22.297931,0.127356,0.075582,0.066706,0.0088759999999999,0.051774,0.0606499999999999,0.764381,0.171434089811685,0.943743867386348,835.0,2,1.0547275794306366,1.904925421182529,0.983913113710437,-0.04943556223651091,-0.005397430119951851
3991.0,0.218392,21.226753,-1.65517,22.293862,0.126226,0.073891,0.066733,0.0071579999999999,0.052335,0.059493,0.613507,0.1367701008865789,0.5507186763853296,836.0,2,1.0346068900753005,1.5362163322244826,0.9945743579023394,0.07072066303439228,-0.006692299247646982
3992.0,0.222067,21.228066,-1.657532,22.293468,0.125059,0.074127,0.066685,0.007442,0.050932,0.058374,0.575789,0.1461135216853514,0.6566556980008877,837.0,2,1.0151470358068275,1.5971670780126794,0.9679117454224123,0.03326927919737399,-0.007280828533993822
3993.0,0.219835,21.233447,-1.649263,22.298982,0.12743,0.075393,0.066307,0.0090859999999999,0.0520369999999999,0.0611229999999999,0.820959,0.1746031746031746,0.9796753973139812,838.0,2,1.062953237222404,1.9499946346174475,0.9889111658004001,-0.055963752847215,-0.014244930961602975
3994.0,0.221673,21.232397,-1.657401,22.297406,0.125877,0.074127,0.066029,0.0080979999999999,0.0517499999999999,0.0598479999999999,0.750237,0.1564800680180092,0.7741930610901899,839.0,2,1.04078048101838,1.7379547161712603,0.9834570177022253,-0.020948142026901984,-0.015440422085292792
3995.0,0.217079,21.220452,-1.652151,22.296356,0.125381,0.074437,0.066155,0.0082819999999999,0.0509439999999999,0.0592259999999999,0.820959,0.1625674747276474,0.8432129361520477,840.0,2,1.0299636540702206,1.7774439317523316,0.9681397934265152,-0.029550907650562785,-0.013757914735221598
3996.0,0.220885,21.230034,-1.64887,22.297275,0.126309,0.075282,0.066733,0.008549,0.051027,0.059576,0.816244,0.1675354707219565,0.8995407747852253,841.0,2,1.0360502930281899,1.8347462174053204,0.9697171254549092,-0.03799161690522812,-0.014371789962159487
3997.0,0.229286,21.226884,-1.655826,22.303051,0.126235,0.074059,0.065788,0.008271,0.052176,0.060447,0.594648,0.1585181210111734,0.7973007931125835,842.0,2,1.0511973288350174,1.7750831634295716,0.9915527218479498,-0.03373227136105872,-0.02318322752320585
3998.0,0.229286,21.233316,-1.653595,22.300951,0.126989,0.07512,0.06679,0.00833,0.0518689999999999,0.0601989999999999,0.726663,0.1605937921727396,0.8208350452291657,843.0,2,1.0468845103733702,1.7877454662517631,0.9857184937429319,-0.033942680284057114,-0.030309317133466063
3999.0,0.235455,21.235547,-1.647951,22.307514,0.12607,0.074374,0.066717,0.0076569999999999,0.0516959999999999,0.0593529999999999,0.8021,0.1481130433100566,0.6793265559381652,844.0,2,1.0321722344921118,1.6433093679579316,0.9824308016837534,0.019995843727552365,-0.027010355720385938
4000.0,0.237817,21.241454,-1.644538,22.306333,0.12675,0.075293,0.066213,0.00908,0.051457,0.060537,0.542785,0.176454584321194,1.000666941582527,845.0,2,1.0527624645670661,1.9487069428050428,0.9778888456020002,-0.05557431450588979,-0.029173041023792368
4001.0,0.235455,21.230953,-1.645326,22.301476,0.12663,0.075345,0.067331,0.0080139999999999,0.051285,0.0592989999999999,0.703089,0.1562609679054711,0.7717088731404222,846.0,2,1.0312331530528824,1.7199270307972927,0.9746201575431637,-0.017393712576071363,-0.030272008281701502
4002.0,0.241099,21.228591,-1.640863,22.300557,0.126079,0.075057,0.066512,0.0085449999999999,0.051022,0.0595669999999999,0.646511,0.1674734923465887,0.8988380552318149,847.0,2,1.0358937794549832,1.833887756197015,0.9696221054531987,-0.03799161690522812,-0.024876402201262325
4003.0,0.244249,21.223078,-1.639289,22.300294,0.126529,0.075288,0.067084,0.0082039999999999,0.051241,0.059445,0.754952,0.1601030404746104,0.8152708333230276,848.0,2,1.0337721510182076,1.7607039381907905,0.9737839815281126,-0.02297413871641374,-0.014792368197308826
4004.0,0.240049,21.224522,-1.641257,22.303314,0.126878,0.075807,0.067074,0.008733,0.0510709999999999,0.0598039999999999,0.952974,0.1709938909774437,0.9387528309744704,849.0,2,1.0400153035493782,1.874235432986392,0.9705533014699584,-0.04257499506096629,-0.013911281314188118
4005.0,0.240442,21.222028,-1.639289,22.299638,0.126887,0.075083,0.066654,0.0084289999999999,0.051804,0.0602329999999999,0.575789,0.1627063024804554,0.8447869847758651,850.0,3,1.047475783872144,1.8089923811567743,0.9844832337206991,-0.04054058022965412,-0.017236551585124403
4006.0,0.241886,21.229116,-1.641126,22.302789,0.125757,0.074673,0.066974,0.0076989999999999,0.051084,0.058783,0.552215,0.1507096016443182,0.7087667002179634,851.0,3,1.022259708189138,1.6523232106449153,0.9708003534744072,0.015964443899163627,-0.007405615015115041
4007.0,0.243986,21.238698,-1.633907,22.306727,0.125555,0.07377,0.066523,0.007247,0.051785,0.059032,0.811529,0.1399412968756035,0.586674143368108,852.0,3,1.0265899170478063,1.5553170941088266,0.9841221577141996,0.0671080686784763,0.003787597980481605
4008.0,0.244117,21.226884,-1.630364,22.304101,0.124848,0.07367,0.065551,0.008119,0.051178,0.059297,0.750237,0.1586392856445026,0.7986745747988071,853.0,3,1.0311983722588387,1.7424616375147732,0.972586729506562,-0.02513181145285004,0.010793582030092152
4009.0,0.24753,21.225309,-1.634695,22.307121,0.124995,0.074001,0.066003,0.0079979999999999,0.050994,0.0589919999999999,0.500352,0.1568389057750758,0.778261614144317,854.0,3,1.025894301166894,1.716493185964156,0.9690899934436207,-0.013256858981810504,0.008473007940391786
4010.0,0.252387,21.225309,-1.631545,22.30292,0.126153,0.0746,0.067137,0.0074629999999999,0.0515529999999999,0.0590159999999999,0.872822,0.1447608333010047,0.6413187264892897,855.0,3,1.0263116706954403,1.6016739993561497,0.9797132296348371,0.042735051194203844,0.008127333845060081
4011.0,0.240311,21.234235,-1.623539,22.303839,0.12562,0.073959,0.067037,0.0069219999999999,0.051661,0.058583,0.877537,0.1339862955363709,0.5191554990534002,856.0,3,1.0187816287845852,1.485567120935717,0.9817656616717828,0.0945384173798951,0.006331262446850283
4012.0,0.247661,21.226753,-1.630101,22.300163,0.12528,0.073723,0.06616,0.007563,0.051557,0.05912,0.773811,0.1466891655999068,0.6631824298191891,857.0,3,1.0281202719858094,1.6231355295632752,0.9797892456362073,0.032068223590877354,0.0003075038001476571
4013.0,0.250811,21.228853,-1.620257,22.297538,0.127714,0.076149,0.067441,0.0087079999999999,0.051565,0.0602729999999999,0.684229,0.1688709614862505,0.9146827572573164,858.0,3,1.0481713997530546,1.8688700504345945,0.9799412776389439,-0.04617987961341741,-0.008236463207020294
4014.0,0.254224,21.229903,-1.621439,22.300951,0.127237,0.075162,0.066386,0.008776,0.0520749999999999,0.0608509999999999,0.858677,0.1685229280282665,0.9107367048686424,859.0,3,1.0582230492322122,1.8834638909754469,0.9896333178133987,-0.04603173601428334,-0.005950763337759823
4015.0,0.255274,21.232397,-1.625245,22.298982,0.126887,0.07575,0.066481,0.009269,0.051137,0.060406,1.009551,0.1812546442958269,1.0550906979604342,860.0,3,1.0504843225570841,1.9892692348964693,0.9718075654925371,-0.0585012942117521,-0.008392793587713266
4016.0,0.255274,21.223734,-1.621701,22.298588,0.126584,0.075004,0.066433,0.0085709999999999,0.05158,0.0601509999999999,0.627652,0.1661658362575366,0.8840116662298518,861.0,3,1.0460497713162775,1.839467754050862,0.980226337644075,-0.04427314256786263,-0.015173077413992663
4017.0,0.253174,21.223209,-1.625114,22.296619,0.125638,0.075041,0.066922,0.008119,0.050597,0.058716,0.646511,0.1604608877821257,0.8193281565205768,862.0,3,1.0210945515886127,1.7424616375147732,0.9615454053078182,-0.018331601393203223,-0.029021022639975323
4018.0,0.260262,21.21914,-1.61842,22.29058,0.125234,0.074117,0.066244,0.007873,0.051117,0.05899,0.778526,0.154016197816816,0.7462573535604569,863.0,3,1.0258595203728502,1.6896662732052976,0.9714274854856957,-0.002274812760245326,-0.03667225106335148
4019.0,0.257112,21.223209,-1.619207,22.29163,0.126492,0.075529,0.066958,0.0085709999999999,0.0509629999999999,0.0595339999999999,0.731378,0.1681775370850011,0.9068206136842084,864.0,3,1.035319896353232,1.839467754050862,0.9685008694330146,-0.03767716148134492,-0.03668278826147077
4020.0,0.261968,21.230691,-1.607789,22.286511,0.125592,0.074474,0.066292,0.0081819999999999,0.051118,0.0593,0.736092,0.1600579041061052,0.8147590708166648,865.0,3,1.0312505434499069,1.7559824015452274,0.9714464894860376,-0.02506778706859014,-0.03459279580532744
4021.0,0.258424,21.219665,-1.608182,22.28848,0.125252,0.075172,0.066244,0.008928,0.05008,0.059008,0.778526,0.1782712006549391,1.0212639935573675,866.0,3,1.0261725475192598,1.9160854168902448,0.9517203371309669,-0.043941034879931506,-0.03160460445854456
4022.0,0.257637,21.226753,-1.614745,22.28743,0.12561,0.074952,0.066071,0.008881,0.0506579999999999,0.0595389999999999,0.811529,0.175309421820407,0.9876829277815924,867.0,3,1.0354068483383458,1.9059984976929059,0.9627046493286826,-0.0444440606428842,-0.032248837143378076
4023.0,0.267087,21.233316,-1.610151,22.292287,0.125702,0.074936,0.066055,0.008881,0.050766,0.059647,0.740807,0.1749364744814544,0.983454398299834,868.0,3,1.0372850112168062,1.9059984976929059,0.9647570813656283,-0.04628525159461028,-0.031577578814726635
4024.0,0.268268,21.223078,-1.608839,22.286379,0.126006,0.074857,0.066701,0.008156,0.051149,0.059305,0.759666,0.1594525904203325,0.807895938951479,869.0,3,1.0313374954350207,1.7504024036914019,0.9720356134966419,-0.02513181145285004,-0.03440898789040684
4025.0,0.264987,21.232135,-1.611595,22.286511,0.125721,0.074705,0.066433,0.0082719999999999,0.051016,0.0592879999999999,0.594648,0.1621420310876763,0.8383891962119887,870.0,3,1.031041858685632,1.7752977787316209,0.9695080814511463,-0.02861938074392334,-0.03361911177779311
4026.0,0.256587,21.235547,-1.60897,22.286904,0.127237,0.075351,0.066433,0.0089179999999999,0.0518859999999999,0.0608039999999999,0.703089,0.1718734943242044,0.9487258976666127,871.0,3,1.0574057005721424,1.913939263869513,0.986041561748747,-0.050715469416197756,-0.027420673181525267
4027.0,0.267481,21.22649,-1.598601,22.288086,0.126079,0.074668,0.06667,0.007998,0.051411,0.059409,0.566359,0.1555667937446511,0.7638382286876528,872.0,3,1.0331460967253883,1.7164931859641777,0.9770146615862648,-0.011619018106688861,-0.026807505761646665
4028.0,0.264331,21.21704,-1.605295,22.280341,0.125372,0.075172,0.066801,0.008371,0.0502,0.058571,0.886966,0.1667496663413079,0.8906312139882517,873.0,3,1.018572944020312,1.7965446936366756,0.9540008171720156,-0.03058890351704735,-0.021396875924418433
4029.0,0.269056,21.219665,-1.601095,22.279291,0.126529,0.07534,0.067021,0.008319,0.051189,0.059508,0.736092,0.1625122094159017,0.8425863302599348,874.0,3,1.034867746030642,1.7853846979289814,0.9727957735103248,-0.029778400355207624,-0.02205822041941762
4030.0,0.269843,21.224653,-1.592301,22.279684,0.125078,0.073859,0.066402,0.0074569999999999,0.051219,0.0586759999999999,0.580504,0.1455876610698944,0.6506934162428233,875.0,3,1.0203989357077006,1.6003863075437237,0.973365893520587,0.03691659889408827,-0.021842453145773988
4031.0,0.269318,21.227803,-1.59952,22.282179,0.125399,0.074757,0.066213,0.008544,0.050642,0.059186,0.891681,0.1687103844558973,0.9128621122599596,876.0,3,1.029268038189312,1.8336731408949654,0.9624005853232114,-0.03780936068114549,-0.01348636774800035
4032.0,0.273256,21.227541,-1.599389,22.279684,0.124986,0.07367,0.065898,0.007772,0.051316,0.059088,0.901111,0.1514507862891439,0.7171703561627261,877.0,3,1.027563779281081,1.6679901276961226,0.975209281553768,0.009662237729398115,-0.005994599029102055
4033.0,0.274306,21.234104,-1.58797,22.277059,0.125555,0.074694,0.065656,0.0090379999999999,0.050861,0.0598989999999999,1.033125,0.1776965121308637,1.0147480940909557,878.0,3,1.0416673912665408,1.9396931001180377,0.9665624613981253,-0.05289869654460211,-0.009997523247483231
4034.0,0.272075,21.227015,-1.594401,22.279422,0.126226,0.074978,0.066738,0.0082399999999999,0.051248,0.059488,0.839818,0.1607836250463423,0.8229873970997814,879.0,3,1.0345199380901866,1.768430089065348,0.9739170095305071,-0.02297413871641374,-0.0024824589642953978
4035.0,0.280212,21.234235,-1.585083,22.272989,0.126364,0.07376,0.066423,0.007337,0.052604,0.059941,0.698374,0.1394734340842127,0.5813694491118893,880.0,3,1.0423977879414987,1.5746324712952202,0.9996864339943566,0.05494147323381304,0.007647493875748479
4036.0,0.278769,21.233579,-1.587576,22.277715,0.125399,0.074343,0.066743,0.0076,0.051056,0.058656,0.962403,0.1488532424545117,0.6877190381408573,881.0,3,1.020051127767247,1.6310762957399036,0.9702682414648292,0.024202217772785195,0.014482867148228173
4037.0,0.280606,21.226622,-1.592695,22.269839,0.126391,0.075456,0.066486,0.0089699999999999,0.050935,0.059905,0.886966,0.1761033453745875,0.9966845449121586,882.0,3,1.0417717336486791,1.925099259577207,0.9679687574234386,-0.051648260290500625,0.019831222154704443
4038.0,0.279031,21.226228,-1.587051,22.274827,0.126272,0.073938,0.066486,0.007452,0.0523339999999999,0.0597859999999999,0.717233,0.142390369733448,0.6144420765338319,883.0,3,1.0397022764029686,1.59931323103339,0.9945553539019955,0.044561739314830984,0.014300227860686243
4039.0,0.285594,21.219796,-1.585214,22.270758,0.124655,0.072857,0.06573,0.007127,0.051798,0.058925,0.816244,0.1375895287553815,0.5600094650289424,884.0,3,1.0247291445663704,1.5295632578603018,0.9843692097186466,0.07152112804523114,0.017239346664284838
4040.0,0.288744,21.23056,-1.587576,22.273777,0.124591,0.073067,0.066412,0.0066549999999999,0.051524,0.0581789999999999,0.670085,0.1291606016496845,0.4644411017685073,885.0,3,1.0117559083873868,1.4282648352827494,0.9791621136249189,0.10527033161888522,0.014806080703795299
4041.0,0.292682,21.219271,-1.582195,22.26892,0.124912,0.073849,0.066134,0.007715,0.051063,0.058778,0.561644,0.1510849130502898,0.7130220338247086,886.0,3,1.0221727562040241,1.6557570554780732,0.9704012694672237,0.0156741893836172,0.010235593137732025
4042.0,0.29255,21.220321,-1.578914,22.268657,0.126593,0.075162,0.066433,0.008729,0.051431,0.06016,0.571074,0.1697192409394929,0.9243006692308392,887.0,3,1.046206284889484,1.873376971778108,0.9773947415931062,-0.04564770521078387,0.00566949420562296
4043.0,0.288088,21.232791,-1.588364,22.268264,0.125592,0.0746,0.06646,0.0081399999999999,0.050992,0.059132,0.707803,0.159629753103367,0.8099046344160519,888.0,3,1.0283289567500826,1.746968558858244,0.9690519854429367,-0.02350750850861616,0.006605206533397146
4044.0,0.290844,21.217171,-1.579833,22.267213,0.12674,0.07608,0.067142,0.008938,0.05066,0.059598,0.712518,0.1764276267740471,1.0003612931143362,889.0,3,1.0364328817626907,1.9182315699109551,0.9627426573293687,-0.04730679832130913,0.003962350035482487
4045.0,0.295307,21.230166,-1.571433,22.26787,0.125877,0.074274,0.066502,0.007772,0.0516029999999999,0.0593749999999999,0.55693,0.1506084799627936,0.7076201683435903,890.0,3,1.0325548232266126,1.6679901276961226,0.9806634296519408,0.009236597573180294,-0.0030757335802735876
4046.0,0.297669,21.224128,-1.575633,22.265638,0.124903,0.074463,0.066286,0.008177,0.05044,0.058617,0.655941,0.1621101881406,0.8380281563909866,891.0,3,1.0193729022833593,1.7549093250348937,0.9585617772541128,-0.021458771548305444,-0.009329266932159219
4047.0,0.300426,21.224128,-1.568808,22.265769,0.12516,0.074642,0.065935,0.008707,0.0505179999999999,0.059225,0.608793,0.1723509966547241,0.9541398863758004,892.0,3,1.0299462636731997,1.8686554351325448,0.9600440892807927,-0.04229113701275877,-0.004263655285544066
4048.0,0.299244,21.218877,-1.57537,22.259993,0.124683,0.074411,0.066822,0.0075889999999999,0.050272,0.0578609999999999,0.835103,0.1509557814333737,0.711557921355934,893.0,3,1.0062257621341477,1.6287155274171008,0.9553691051966448,0.0181331743356844,0.006348970369445761
4049.0,0.304757,21.228328,-1.574189,22.259993,0.125803,0.07449,0.066654,0.0078359999999999,0.051313,0.0591489999999999,0.750237,0.1527068636239621,0.7314119379811252,894.0,3,1.028624593499468,1.6817255070286476,0.9751522695527417,0.0011402918876703971,0.005211579679325495
4050.0,0.304757,21.235547,-1.570252,22.262356,0.125519,0.073523,0.066029,0.007494,0.0519959999999999,0.0594899999999999,0.740807,0.1441236994441987,0.6340948130410877,895.0,3,1.0345547188842303,1.6083270737203734,0.9881320017863751,0.0427349981000289,0.00853398078224613
4051.0,0.303838,21.227278,-1.568152,22.263013,0.125482,0.073718,0.066528,0.00719,0.051764,0.058954,0.811529,0.138896938085579,0.5748330562442405,896.0,3,1.0252334660800306,1.5430840218907773,0.9837230737070162,0.06633030584976873,0.005818890045298919
4052.0,0.309613,21.219665,-1.564083,22.257105,0.125151,0.073886,0.066591,0.0072949999999999,0.051265,0.05856,0.637081,0.1422970389731984,0.6133838792227089,897.0,3,1.0183816496530615,1.565618628608215,0.9742400775363222,0.060478551339114395,0.005060698467717828
4053.0,0.308563,21.226753,-1.570777,22.260256,0.126713,0.074925,0.066612,0.008313,0.0517879999999999,0.0601009999999999,0.853963,0.160516712043098,0.819961099857782,898.0,3,1.0451802514651392,1.784097006116555,0.984179169715224,-0.03488141540981882,0.019693706219348718
4054.0,0.311057,21.216383,-1.570777,22.259468,0.126511,0.074169,0.066297,0.007872,0.052342,0.060214,0.632367,0.1503926026402766,0.7051725208412116,899.0,3,1.0471453663287134,1.6894516579032266,0.9947073859047338,-0.014082787292102772,0.015584777714364662
4055.0,0.310795,21.228066,-1.558308,22.262225,0.126373,0.074542,0.066454,0.0080879999999999,0.051831,0.059919,0.886966,0.1560425991665379,0.7692329776076463,900.0,3,1.042015199206998,1.73580856315055,0.9849963417299351,-0.017914309796291827,0.01114663085675277
4056.0,0.316964,21.220584,-1.563295,22.262881,0.126639,0.07449,0.066334,0.0081559999999999,0.052149,0.060305,0.853963,0.1563950143815914,0.7732287109754168,901.0,3,1.0487278924577847,1.7504024036913803,0.991039613838714,-0.029040687324116354,0.008258347152869817
4057.0,0.323789,21.222684,-1.565658,22.260781,0.125491,0.073676,0.066885,0.006791,0.0518149999999999,0.0586059999999999,0.679515,0.1310599042766714,0.4859756625876064,902.0,3,1.0191816079161071,1.4574525163644325,0.98469227772446,0.10403894050355011,-0.003169137631983765
4058.0,0.320114,21.221109,-1.560277,22.254742,0.125721,0.074259,0.066087,0.0081719999999999,0.0514619999999999,0.0596339999999999,0.868107,0.158793696442104,0.8004253061803288,903.0,3,1.0370589360555085,1.7538362485245171,0.9779838656037085,-0.022956110714156153,-0.006771164214674563
4059.0,0.321426,21.215464,-1.561458,22.255924,0.125868,0.075393,0.066512,0.008881,0.050475,0.059356,0.594648,0.1759450035660511,0.99488924317473,904.0,3,1.0322244056831817,1.9059984976929059,0.9592269172660853,-0.04324117668844851,-0.00476967121501386
4060.0,0.32602,21.213758,-1.556864,22.258156,0.124875,0.074169,0.066502,0.0076669999999999,0.050706,0.0583729999999999,0.79267,0.1512020036681324,0.7143496237492686,905.0,3,1.0151296454098029,1.645455520978642,0.9636168413451041,0.013852161061199353,-0.003131527566299375
4061.0,0.330614,21.228066,-1.557914,22.260125,0.125831,0.075209,0.066187,0.009022,0.050622,0.059644,0.627652,0.1782193864448966,1.020676516742668,906.0,3,1.0372328400257378,1.9362592552849227,0.96202050531637,-0.047944541998767076,-0.005862683192134455
4062.0,0.333764,21.21914,-1.558045,22.258024,0.125408,0.074537,0.066958,0.007579,0.0508709999999999,0.0584499999999999,0.627652,0.1489817581380721,0.6891761670704519,907.0,3,1.0164687059805557,1.6265693743964118,0.966752501401544,0.024458285512206412,-0.005053173446170322
4063.0,0.324839,21.225834,-1.55857,22.262488,0.126006,0.074033,0.066055,0.0079779999999999,0.051973,0.059951,0.608793,0.1534998268364951,0.7404026666227679,908.0,3,1.0425716919117263,1.7122008799227353,0.9876949097785093,-0.014866485413211783,-0.009767962673988606
4064.0,0.331927,21.216646,-1.560802,22.259074,0.126024,0.074999,0.067174,0.0078249999999999,0.051025,0.05885,0.858677,0.153353192490103,0.7387401057408518,909.0,3,1.023424864789663,1.6793647387058661,0.969679117454225,0.0022986491950420795,-0.009973629303891762
4065.0,0.33442,21.216908,-1.554633,22.262094,0.126851,0.075335,0.066664,0.0086709999999999,0.0515159999999999,0.0601869999999999,0.877537,0.1683133722848768,0.9083607323211942,910.0,3,1.0466758256090969,1.8609292842579659,0.9790100816221805,-0.04522586605464263,-0.00880208055288415
4066.0,0.336652,21.217958,-1.549514,22.261306,0.12573,0.075104,0.066916,0.008188,0.050626,0.058814,0.754952,0.1617318821972465,0.8337388702974398,911.0,3,1.0227988104968437,1.7572700933576755,0.9620965213177383,-0.020945589864475034,-0.01428338709648681
4067.0,0.340852,21.223996,-1.541114,22.26682,0.126373,0.074442,0.067016,0.0074259999999999,0.051931,0.059357,0.853963,0.1429946853577752,0.6212938922377105,912.0,3,1.0322417960802046,1.5937332331795213,0.9868967417641422,0.05689104822536728,-0.014432489120261193
4068.0,0.338621,21.22229,-1.551614,22.263669,0.125987,0.074316,0.066129,0.008187,0.0516709999999999,0.0598579999999999,0.655941,0.1584417092429168,0.7964344257167635,913.0,3,1.0409543849886076,1.757055478055604,0.9819557016752016,-0.025012777013187715,-0.018778343803422158
4069.0,0.340196,21.219534,-1.552139,22.262881,0.126097,0.074474,0.066124,0.0083499999999999,0.0516229999999999,0.0599729999999999,0.886966,0.1617464745079807,0.8339043199727745,914.0,3,1.0429542806462255,1.792037772293162,0.9810435096587822,-0.031525689178372396,-0.01823045794848749
4070.0,0.347021,21.219534,-1.543345,22.265376,0.125298,0.074616,0.06605,0.008566,0.0506819999999999,0.0592479999999999,0.750237,0.1690113055659689,0.916273998209314,915.0,3,1.0303462428047214,1.8383946775405284,0.9631607453368924,-0.040960904374827245,-0.02309544895581713
4071.0,0.345315,21.216908,-1.540327,22.2638,0.12618,0.0744,0.065504,0.0088959999999999,0.0517799999999999,0.0606759999999999,0.934114,0.1718004673528898,0.9478979075754794,916.0,3,1.0551797297532286,1.9092177272239501,0.9840271377124875,-0.04943556223651091,-0.023490151719795294
4072.0,0.347152,21.222421,-1.544658,22.261963,0.124866,0.073796,0.065756,0.00804,0.05107,0.05911,0.632367,0.157427894499814,0.7849396513009133,917.0,3,1.0279463680155818,1.7255070286511613,0.9705342974696182,-0.019000261319403244,-0.02218371320311534
4073.0,0.35214,21.233185,-1.545314,22.267476,0.126088,0.074421,0.066486,0.0079349999999999,0.051667,0.059602,0.344763,0.1535766818920801,0.7412740600727821,918.0,3,1.0365024433507817,1.7029724219336808,0.9818796856738352,-0.009387626863865073,-0.02956353438968464
4074.0,0.352271,21.222159,-1.542164,22.264325,0.126603,0.075918,0.067048,0.00887,0.0506849999999999,0.059555,0.712518,0.1749990135343093,0.9841634748935988,919.0,3,1.0356850946907117,1.9036377293701243,0.9632177573379186,-0.04635126087825436,-0.031109768136952265
4075.0,0.355815,21.216646,-1.543345,22.261437,0.126869,0.075555,0.066675,0.0088799999999999,0.051314,0.060194,0.886966,0.1730488161356328,0.9620518619814044,920.0,3,1.046797558388258,1.9057838823908135,0.9751712735530838,-0.049172893694424236,-0.02942455997135519
4076.0,0.350433,21.21914,-1.543214,22.258943,0.125509,0.074007,0.066076,0.007931,0.051502,0.059433,0.79267,0.1539910296487584,0.7459719933245257,921.0,3,1.0335634662539346,1.702113960725418,0.9787440256173934,-0.007881204697675503,-0.026383156591441848
4077.0,0.354765,21.214414,-1.534946,22.260912,0.126006,0.075051,0.067037,0.008014,0.050955,0.058969,0.872822,0.1572729413611744,0.7831827707802781,922.0,3,1.025494322035372,1.7199270307973142,0.96834883743028,-0.01690716364032574,-0.024519090963016354
4078.0,0.359753,21.214152,-1.532321,22.260518,0.126851,0.075104,0.066612,0.008492,0.0517469999999999,0.0602389999999999,0.797385,0.1641029605008889,0.860622490217261,923.0,3,1.0475801262542805,1.8225131451872714,0.983400005701199,-0.04047511448586394,-0.023898309932004258
4079.0,0.36474,21.211527,-1.532452,22.26065,0.124683,0.074059,0.066061,0.007998,0.050624,0.058622,0.6748,0.1579851851851852,0.7912582916205355,924.0,3,1.019459854268473,1.7164931859641777,0.9620585133170542,-0.014673607522401655,-0.02718866094689363
4080.0,0.370909,21.216515,-1.537046,22.264588,0.124526,0.074201,0.066297,0.007904,0.0503249999999999,0.058229,0.622937,0.1570559949131663,0.7807230013824278,925.0,3,1.0126254282385267,1.6963193475694998,0.9563763172147727,-0.010546870575693812,-0.02581168301075799
4081.0,0.37314,21.220452,-1.540852,22.26065,0.125445,0.074453,0.066124,0.008329,0.0509919999999999,0.059321,0.79267,0.1633361441766517,0.8519282186795227,926.0,3,1.031615741787385,1.7875308509496917,0.9690519854429347,-0.03079490595225598,-0.019121471989437533
4082.0,0.378391,21.22649,-1.529302,22.263932,0.125335,0.074448,0.066481,0.007967,0.050887,0.058854,0.943544,0.1565595032227637,0.7750937086350613,927.0,3,1.0234944263777541,1.7098401115999755,0.9670565654070191,-0.01279245100928228,-0.024256950312683056
4083.0,0.371172,21.22124,-1.534158,22.265507,0.125528,0.075093,0.066328,0.0087649999999999,0.050435,0.0592,0.797385,0.1737845983027994,0.9703942638731952,928.0,3,1.0295115037476306,1.8811031226526438,0.9584667572524025,-0.04229113701275877,-0.0248310775125985
4084.0,0.377472,21.220584,-1.528383,22.263275,0.12584,0.074589,0.066208,0.008381,0.051251,0.059632,0.495637,0.1635253258409427,0.8540731870471998,929.0,3,1.0370241552614645,1.7986908466573859,0.9739740215315332,-0.03258148151689799,-0.015290714775393432
4085.0,0.381278,21.226622,-1.518671,22.263538,0.125601,0.074106,0.066428,0.007678,0.0514949999999999,0.0591729999999999,0.886966,0.1490989591424578,0.6905050085731921,930.0,3,1.029041963028014,1.6478162893014447,0.978610997614997,0.017729216518780344,-0.009304995758792633
4086.0,0.382197,21.222946,-1.519852,22.260912,0.126447,0.075482,0.066071,0.0094109999999999,0.050965,0.060376,1.000122,0.1846525134403325,1.093616217120998,931.0,3,1.049962610646401,2.019744607790536,0.9685388774337007,-0.05923598793013074,-0.006212626356078233
4087.0,0.387578,21.227409,-1.517621,22.263144,0.126355,0.07492,0.066659,0.008261,0.0514349999999999,0.059696,0.811529,0.1606073567151412,0.8209888419223204,932.0,3,1.0381371406709214,1.7729370104088609,0.9774707575944726,-0.022648435639480158,-0.007362249462128512
4088.0,0.394141,21.212971,-1.516702,22.255793,0.12539,0.073676,0.06625,0.007426,0.0517139999999999,0.05914,0.693659,0.1435947017306391,0.6280969624226815,933.0,3,1.0284680799262647,1.5937332331795429,0.9827728736899107,0.05492851288618672,-0.011148353444048787
4089.0,0.392697,21.22019,-1.511452,22.252642,0.124958,0.074537,0.067221,0.007316,0.0504209999999999,0.057737,0.693659,0.1450953948673199,0.6451120326718731,934.0,3,1.0040693529033267,1.5701255499517284,0.9582007012476117,0.045183582643606335,-0.009823308475184544
4090.0,0.394272,21.220715,-1.516964,22.254611,0.124315,0.073739,0.06615,0.0075889999999999,0.0505759999999999,0.0581649999999999,0.721948,0.1500484409909642,0.7012703675648393,935.0,3,1.011512442829068,1.6287155274171008,0.9611463213006327,0.0203768234514502,-4.93960396910631e-05
4091.0,0.405954,21.221371,-1.508696,22.257105,0.124912,0.074374,0.065635,0.0087389999999999,0.050538,0.0592769999999999,0.858677,0.1729159658877302,0.9605455871505052,936.0,3,1.0308505643183816,1.8755231247987967,0.960424169287636,-0.04229113701275877,-0.00361374867119828
4092.0,0.399654,21.223471,-1.516308,22.255136,0.126731,0.075907,0.066906,0.009001,0.050824,0.059825,0.66537,0.1770978848991639,1.0079607741842491,937.0,3,1.0403805018868582,1.9317523339414309,0.9658593133854685,-0.050653490828485026,-0.0026375305615572997
4093.0,0.405298,21.210477,-1.522608,22.250542,0.126447,0.074269,0.066082,0.008187,0.052178,0.060365,0.905825,0.1569022020353015,0.7789792760619523,938.0,3,1.0497713162791507,1.757055478055604,0.9915907298486341,-0.029040687324116354,-0.0024368242433509325
4094.0,0.407792,21.21914,-1.513946,22.256712,0.125776,0.073691,0.066433,0.007258,0.0520849999999999,0.0593429999999999,0.589933,0.1393464654609684,0.5799298609701569,939.0,3,1.031998330521884,1.5576778624316079,0.9898233578168195,0.06515764283803682,-0.010529126012248435
4095.0,0.411073,21.235941,-1.513158,22.258156,0.125794,0.073944,0.065845,0.0080989999999999,0.0518499999999999,0.0599489999999999,0.693659,0.1561975661028716,0.7709900145684809,940.0,3,1.042536911117679,1.738169331473331,0.9853574177364326,-0.017914309796291827,-0.009657984959948596
4096.0,0.420129,21.216777,-1.509746,22.256712,0.126051,0.074595,0.065746,0.0088489999999999,0.051456,0.060305,0.693659,0.1719688283421108,0.9498068081953316,941.0,3,1.0487278924577847,1.8991308080266112,0.977869841601658,-0.049473806833720935,-0.012266887984886909
4097.0,0.416979,21.213627,-1.516046,22.257499,0.125684,0.074185,0.066061,0.008124,0.0514989999999999,0.0596229999999999,0.688944,0.1577475728155341,0.788564209091023,942.0,3,1.036867641688258,1.7435347140251285,0.9786870136163652,-0.020641372457416485,-0.008625771163568852
4098.0,0.422886,21.214939,-1.506071,22.258024,0.125776,0.0747,0.066449,0.008251,0.0510759999999999,0.059327,0.740807,0.1615404193668384,0.8315680377468841,943.0,3,1.0317200841695215,1.7707908573881506,0.9706483214716688,-0.02599450480278831,2.327565248094743e-06
4099.0,0.428005,21.225178,-1.503446,22.26065,0.125013,0.073828,0.066512,0.007316,0.051185,0.058501,0.740807,0.1429297073418513,0.6205571623369897,944.0,3,1.0173556162287185,1.5701255499517284,0.9727197575089566,0.05389499316660473,0.0013312131810277795
4100.0,0.425117,21.223865,-1.504233,22.257893,0.12573,0.074453,0.06657,0.007883,0.051277,0.05916,0.500352,0.1537306447209329,0.7430197123215081,945.0,3,1.02881588786672,1.691812426226008,0.9744681255404272,-0.005712206797932939,-0.005151645834889362
4101.0,0.430367,21.224128,-1.506858,22.257105,0.125271,0.074322,0.066428,0.0078939999999999,0.0509489999999999,0.0588429999999999,0.754952,0.154936211972522,0.7566886036987843,946.0,3,1.0233031320105022,1.694173194548768,0.9682348134282256,-0.005879968799578195,-0.002527032732365553
4102.0,0.43273,21.214808,-1.503446,22.256974,0.126217,0.074337,0.066764,0.0075729999999999,0.0518799999999999,0.0594529999999999,0.55693,0.1459686590466644,0.6550132249905865,947.0,3,1.033911274194388,1.6252816825839642,0.9859275377466946,0.03562749645968444,-0.0005347428140497379
4103.0,0.44638,21.219665,-1.499115,22.253955,0.125721,0.074106,0.066076,0.00803,0.0516149999999999,0.059645,0.750237,0.1555719156850591,0.7638963019697405,948.0,3,1.0372502304227604,1.723360875630451,0.9808914776560456,-0.015751831166319508,-0.004181271870453407
4104.0,0.441524,21.219534,-1.498327,22.250542,0.125914,0.07428,0.066428,0.0078519999999999,0.051634,0.059486,0.712518,0.1520673961460249,0.7241615656077023,949.0,3,1.034485157296141,1.6851593518617844,0.9812525536625468,0.0003290526788654047,-0.00600913564696084
4105.0,0.444805,21.216646,-1.495965,22.253298,0.125206,0.073823,0.06604,0.0077829999999999,0.051383,0.059166,0.660655,0.1514673828429082,0.717358530227957,950.0,3,1.0289202302488567,1.6703508960188826,0.9764825495766868,0.008331821228946268,-0.01400449655179491
4106.0,0.44638,21.219402,-1.481658,22.25658,0.125381,0.074353,0.066034,0.008319,0.0510279999999999,0.059347,0.627652,0.1630249465989929,0.8483998166925879,951.0,3,1.0320678921099768,1.7853846979289814,0.9697361294552493,-0.029550907650562785,-0.017040013603756086
4107.0,0.452812,21.22019,-1.494521,22.25658,0.126107,0.075513,0.065961,0.0095519999999999,0.050594,0.0601459999999999,0.717233,0.1887933590275717,1.1405657078834903,952.0,3,1.0459628193311636,2.0500053653825523,0.9614883933067919,-0.057106663021453175,-0.014698530021203526
4108.0,0.456093,21.218877,-1.497671,22.251329,0.126428,0.074799,0.066292,0.008507,0.051629,0.060136,0.896396,0.1647685454193298,0.8681689858113719,953.0,3,1.0457889153609377,1.8257323747183372,0.9811575336608366,-0.04427314256786263,-0.02008049875594079
4109.0,0.461343,21.208114,-1.492946,22.252248,0.12539,0.074206,0.066103,0.0081029999999999,0.051184,0.059287,0.627652,0.158308098075608,0.7949195234744142,954.0,3,1.031024468288611,1.7390277926816153,0.9727007535086144,-0.02605861588173597,-0.020532177233888504
4110.0,0.463312,21.209295,-1.490846,22.252773,0.125675,0.075419,0.066874,0.0085449999999999,0.050256,0.058801,0.943544,0.1700260660206537,0.9277794952363428,955.0,3,1.0225727353355478,1.833887756197015,0.9550650411911716,-0.036067377317544724,-0.022856114118187443
4111.0,0.465806,21.215333,-1.487958,22.255924,0.125574,0.073665,0.066008,0.0076569999999999,0.051909,0.0595659999999999,0.721948,0.1475052976305143,0.6724358497849225,956.0,3,1.0358763890579605,1.6433093679579316,0.9864786537566166,0.01753486702594742,-0.026833855037729715
4112.0,0.473287,21.219009,-1.477852,22.257762,0.125831,0.074248,0.066176,0.0080719999999999,0.051583,0.059655,0.693659,0.1564826302729527,0.7742221122977917,957.0,3,1.0374241343929882,1.7323747183174132,0.9802833496451011,-0.018192190887688198,-0.02878373209289914
4113.0,0.471712,21.212971,-1.486252,22.252642,0.12573,0.074973,0.06688,0.008093,0.050757,0.05885,0.651226,0.1594428464478506,0.8077854604184374,958.0,3,1.023424864789663,1.7368816396609263,0.9645860453625497,-0.020268615945796653,-0.025276415957870536
4114.0,0.475519,21.20772,-1.479558,22.247654,0.125234,0.074043,0.065982,0.0080609999999999,0.051191,0.059252,0.886966,0.1574660103141115,0.785371813774389,959.0,3,1.0304158043928142,1.7300139499946317,0.972833781511009,-0.02291031616412398,-0.023377980634603012
4115.0,0.478538,21.216646,-1.484021,22.254349,0.125813,0.073991,0.065725,0.0082659999999999,0.051822,0.060088,0.740807,0.1595044671284949,0.8084841243786693,960.0,3,1.044954176303845,1.7740100869191948,0.9848253057268564,-0.03144558796647645,-0.025677086866655117
4116.0,0.4809,21.215202,-1.485596,22.253036,0.126695,0.075041,0.06615,0.0088909999999999,0.051654,0.060545,0.608793,0.1721227373923143,0.9515518506941538,961.0,3,1.0529015877432482,1.908144650713595,0.9816326336693882,-0.04904967820225703,-0.024226558778314
4117.0,0.4872,21.210608,-1.482708,22.254611,0.126171,0.074721,0.066502,0.0082189999999999,0.05145,0.059669,0.863392,0.1597442226584515,0.8112025063617214,962.0,3,1.037667599951307,1.763923167721856,0.9777558175996056,-0.022033501671167133,-0.028015902860339205
4118.0,0.492713,21.208901,-1.483627,22.253167,0.126198,0.074106,0.065977,0.008129,0.052092,0.060221,0.693659,0.1560478375213562,0.7692923708127226,963.0,3,1.0472670991078725,1.744607790535484,0.9899563858192159,-0.02528878933518741,-0.030846500883323857
4119.0,0.494551,21.20982,-1.486646,22.25448,0.12686,0.075235,0.066433,0.0088019999999999,0.051625,0.0604269999999999,0.703089,0.1704954867702318,0.933101853842024,964.0,3,1.0508495208945603,1.8890438888292722,0.9810815176594682,-0.04904967820225703,-0.03254098770340742
4120.0,0.495207,21.209033,-1.486515,22.25238,0.126465,0.074836,0.066691,0.008145,0.0516289999999999,0.0597739999999999,0.905825,0.1577571179546775,0.7886724332236539,965.0,3,1.0394935916386954,1.7480416353686203,0.9811575336608346,-0.021562096434133537,-0.02343140171356728
4121.0,0.505839,21.214677,-1.483102,22.253824,0.126915,0.074253,0.066171,0.008082,0.052662,0.060744,1.018981,0.1534663805707993,0.7400234481493326,966.0,3,1.0563622767507783,1.734520871338145,1.000788666014197,-0.020358573794304613,-0.02273830673731423
4122.0,0.506101,21.221634,-1.475096,22.25553,0.126235,0.074616,0.065861,0.0087549999999999,0.051619,0.060374,0.877537,0.1696048043394032,0.9230031709335456,967.0,3,1.0499278298523556,1.8789569696319335,0.9809674936574158,-0.04649817111753474,-0.019009298291652276
4123.0,0.509645,21.213889,-1.481265,22.256843,0.125904,0.074768,0.066166,0.0086019999999999,0.0511359999999999,0.0597379999999999,0.6748,0.1682147955492109,0.9072430554015803,968.0,3,1.038867537345876,1.8461208284150643,0.9717885614921931,-0.03721348414663228,-0.009678820090222705
4124.0,0.511745,21.209951,-1.480083,22.251592,0.125418,0.073277,0.066019,0.007258,0.052141,0.059399,0.5475,0.1391968087146638,0.57823303169214,969.0,3,1.0329721927551607,1.5576778624316079,0.9908875818359774,0.06818554373427743,-0.008706418707998686
4125.0,0.513058,21.212183,-1.49124,22.25553,0.124839,0.073655,0.065452,0.008203,0.051184,0.059387,0.736092,0.1602617954478851,0.8170708195804794,970.0,3,1.0327635079908875,1.7604893228887408,0.9727007535086144,-0.02451463820394595,-0.008567825405377016
4126.0,0.51752,21.213627,-1.48074,22.251461,0.124903,0.073754,0.065809,0.0079449999999999,0.051149,0.0590939999999999,0.976548,0.1553274682306939,0.7611247222865953,971.0,3,1.0276681216632158,1.7051185749543911,0.9720356134966419,-0.011759593745637509,-0.0076611925780656455
4127.0,0.520539,21.1984,-1.490452,22.248835,0.125381,0.073534,0.06637,0.007164,0.0518469999999999,0.0590109999999999,0.901111,0.1381731214318779,0.5666263210302047,972.0,3,1.0262247187103264,1.5375040240369304,0.9853004057354063,0.07127128034312857,-0.005008145427177324
4128.0,0.523427,21.20457,-1.487696,22.251461,0.125234,0.073901,0.06595,0.007951,0.051333,0.059284,0.660655,0.1548875988623523,0.7561374214055152,973.0,3,1.0309722970975428,1.7064062667668387,0.9755323495595831,-0.015564775512947215,-0.0036146482816575287
4129.0,0.532877,21.220977,-1.492683,22.25448,0.125803,0.074988,0.066061,0.008927,0.050815,0.059742,0.754952,0.175673016372796,0.9918054140513743,974.0,3,1.0389370989339688,1.9158708015881736,0.9656882773823898,-0.04766374517604033,0.006494241955776958
4130.0,0.529989,21.211527,-1.502265,22.250148,0.126428,0.073912,0.066029,0.007883,0.052516,0.060399,0.594648,0.1501037759201782,0.7018977627896168,975.0,3,1.0503625897779247,1.691812426226008,0.9980140819642543,-0.012495768161019827,0.003247937692236258
4131.0,0.536158,21.211002,-1.503971,22.251329,0.125114,0.07356,0.065772,0.007788,0.051554,0.059342,0.868107,0.1510619726505674,0.7127619323400805,976.0,3,1.031980940124863,1.6714239725292592,0.9797322336351811,0.0061718977145786,0.008792951586442055
4132.0,0.54049,21.212314,-1.501215,22.248704,0.126189,0.074757,0.066349,0.0084079999999999,0.0514319999999999,0.0598399999999999,1.042555,0.1634748118911982,0.8535004527669805,977.0,3,1.0406413578421978,1.8044854598132825,0.9774137455934464,-0.032563199662336784,0.014546275542736298
4133.0,0.547315,21.206539,-1.509352,22.243978,0.126088,0.073712,0.066523,0.007189,0.052376,0.059565,0.811529,0.1372549019607843,0.5562154192789053,978.0,3,1.0358589986609394,1.5428694065887063,0.9953535219163643,0.06387541822771259,0.005164362525497801
4134.0,0.546527,21.211658,-1.515914,22.241878,0.125693,0.073156,0.065688,0.007468,0.052537,0.060005,0.703089,0.1421447333358712,0.6116570164450172,979.0,3,1.0435107733509557,1.6027470758665263,0.9984131659714379,0.03572250109887043,0.006073543827194272
4135.0,0.550202,21.208245,-1.517489,22.238465,0.125739,0.074159,0.066596,0.007563,0.0515799999999999,0.0591429999999999,0.816244,0.146623756809678,0.6624408157386981,980.0,3,1.0285202511173313,1.6231355295632752,0.980226337644073,0.03093550073811202,0.015096585437747657
4136.0,0.553878,21.214808,-1.522214,22.237546,0.124756,0.073376,0.065935,0.007441,0.05138,0.058821,0.750237,0.144820069675561,0.6419903568511183,981.0,3,1.022920543276003,1.5969524627106082,0.9764255375756606,0.04577364581730492,0.0194502430628265
4137.0,0.557028,21.208639,-1.527596,22.229669,0.125914,0.074348,0.066181,0.0081669999999999,0.051566,0.0597329999999999,0.580504,0.1583764810828629,0.7956948596466491,982.0,3,1.0387805853607621,1.7527631720141619,0.979960281639286,-0.022547849829256394,0.0252193679460872
4138.0,0.562803,21.201551,-1.527727,22.230063,0.125206,0.074075,0.06616,0.007915,0.051131,0.059046,0.740807,0.1547954314323711,0.7550924140969018,983.0,3,1.026833382606125,1.6986801158922813,0.9716935414904847,-0.006472962495982504,0.035095577103247975
4139.0,0.562672,21.212445,-1.534552,22.227963,0.124232,0.073434,0.066061,0.007373,0.0507979999999999,0.058171,0.858677,0.1451406523750468,0.6456251686718024,984.0,3,1.0116167852112063,1.5823586221697776,0.9653652093765728,0.04256667092949351,0.026576163510473517
4140.0,0.573566,21.201288,-1.535733,22.228882,0.124278,0.073067,0.065567,0.0074999999999999,0.051211,0.058711,0.575789,0.1464500507693507,0.6604713121762216,985.0,3,1.021007599603499,1.6096147655327782,0.9732138615178504,0.031040808089768612,0.0206908512267871
4141.0,0.569366,21.211264,-1.549252,22.226519,0.125794,0.073744,0.066428,0.007316,0.0520499999999999,0.0593659999999999,0.608793,0.140554456206413,0.5936262302622659,986.0,3,1.0323983096534077,1.5701255499517284,0.9891582178048469,0.06386314654718561,0.015191829515102128
4142.0,0.572516,21.210739,-1.553845,22.221136,0.12618,0.073739,0.066586,0.0071529999999999,0.0524409999999999,0.0595939999999999,0.886966,0.1363983067007359,0.5465032215160204,987.0,3,1.0363633201745979,1.5351432557141274,0.996588781938597,0.06619889190927097,0.013578269632097906
4143.0,0.579341,21.205882,-1.549383,22.227306,0.125923,0.074091,0.06595,0.008141,0.051832,0.059973,0.354193,0.1570621032932689,0.7807922590567749,988.0,3,1.042954280646227,1.7471831741603365,0.9850153457302772,-0.02131871770003202,0.017238222647201817
4144.0,0.584722,21.202207,-1.565133,22.22258,0.126722,0.074542,0.066502,0.0080399999999999,0.05218,0.0602199999999999,0.5475,0.154079070926199,0.7469702177342097,989.0,3,1.047249708710848,1.7255070286511398,0.9916287378493182,-0.02313062173799374,0.020500179483915092
4145.0,0.58656,21.213364,-1.562377,22.225994,0.125996,0.073917,0.065866,0.008051,0.052079,0.06013,0.66537,0.1545890937019969,0.7527529278344798,990.0,3,1.0456845729788011,1.7278677969739429,0.9897093338147689,-0.024054716378737684,0.013649570365075947
4146.0,0.594698,21.220059,-1.567495,22.229013,0.126483,0.073602,0.066103,0.007499,0.052881,0.06038,0.773811,0.1418062856926743,0.6078196493751542,991.0,3,1.0500321722344923,1.6094001502307287,1.0049505420891107,0.02963804698726269,0.01173976010018305
4147.0,0.601523,21.214414,-1.57747,22.225337,0.125243,0.073298,0.065604,0.007694,0.0519449999999999,0.059639,0.811529,0.1481153505563471,0.679352715821725,992.0,3,1.037145888040624,1.6512501341345815,0.9871627977689293,0.014051680321782722,0.004932736694082995
4148.0,0.596798,21.212445,-1.579701,22.224812,0.125133,0.073523,0.065929,0.007594,0.0516099999999999,0.0592039999999999,0.811529,0.1471391757571061,0.6682847083932957,993.0,3,1.02958106533572,1.6297886039274774,0.9807964576543352,0.026146605871150252,0.0051439123114890625
4149.0,0.604936,21.216121,-1.584295,22.227963,0.125656,0.073959,0.065777,0.0081819999999999,0.0516969999999999,0.0598789999999999,0.952974,0.1582653100700219,0.7944343870377406,994.0,3,1.0413195833260855,1.7559824015452274,0.9824498056840956,-0.02593942025889795,0.009677880871239853
4150.0,0.604673,21.207326,-1.592433,22.228882,0.126538,0.07429,0.066601,0.007689,0.052248,0.059937,0.943544,0.1471607112097838,0.6685288803903573,995.0,3,1.0423282263534077,1.6501770576242263,0.9929210098725791,0.01194270544083964,0.017809980836242245
4151.0,0.612286,21.220452,-1.593745,22.233082,0.126419,0.074143,0.066365,0.007778,0.052276,0.060054,0.688944,0.1487843602349026,0.6869380418286055,996.0,3,1.0443629028050712,1.669277819508549,0.9934531218821572,-0.004207087513814933,0.019072596522052666
4152.0,0.604673,21.221896,-1.605164,22.232295,0.126428,0.074138,0.066943,0.0071949999999999,0.05229,0.059485,0.849248,0.1375953797020518,0.5600758038867577,997.0,3,1.0344677668991185,1.544157098401111,0.9937191778869462,0.06831064808333165,0.013456282738014792
4153.0,0.61268,21.216777,-1.605689,22.223893,0.125803,0.07388,0.066271,0.007609,0.051923,0.059532,0.797385,0.1465410985286188,0.6615036245005146,998.0,3,1.0352851155591882,1.6330078334585432,0.9867447097614056,0.024020967897475876,0.01881631815079988
4154.0,0.621342,21.213889,-1.616582,22.226781,0.127558,0.074159,0.067268,0.006891,0.053399,0.06029,0.882251,0.1290449438202248,0.4631297570005304,999.0,3,1.0484670365024433,1.4789140465715365,1.014794614266304,0.05819037791203019,0.02145556208233168
4155.0,0.627118,21.220059,-1.620914,22.225337,0.126878,0.073812,0.06595,0.007862,0.0530659999999999,0.0609279999999999,0.811529,0.1481523357265345,0.6797720588929603,1000.0,3,1.059562109802965,1.687305504882516,1.008466282152392,-0.011428559520633486,0.020676276972115604
4156.0,0.626199,21.209426,-1.625901,22.223368,0.126327,0.074059,0.06594,0.008119,0.0522679999999999,0.0603869999999999,0.6748,0.1553310757810557,0.7611656252009444,1001.0,3,1.0501539050136497,1.7424616375147732,0.9933010898794186,-0.02652509085311605,0.019602128485926275
4157.0,0.633155,21.217302,-1.627214,22.226256,0.125739,0.073529,0.066265,0.0072639999999999,0.0522099999999999,0.0594739999999999,0.382482,0.139127770010151,0.5774502611319996,1002.0,3,1.0342764725318663,1.5589655542440128,0.9921988578595785,0.06765203444963364,0.02466847714591488
4158.0,0.636305,21.20772,-1.630101,22.223237,0.12618,0.073744,0.06637,0.007374,0.0524359999999999,0.0598099999999999,0.769096,0.1406258939298588,0.5944362012371187,1003.0,3,1.040119645931515,1.5825732374718489,0.9964937619368867,0.052539045186468236,0.018192752804361566
4159.0,0.638405,21.212708,-1.637845,22.219167,0.126263,0.074106,0.065845,0.008261,0.0521569999999999,0.0604179999999999,0.5475,0.1583841404961848,0.7957817031541947,1004.0,3,1.0506930073213554,1.7729370104088609,0.9911916458414486,-0.03373227136105872,0.01745992938944787
4160.0,0.635912,21.220059,-1.643751,22.219955,0.126667,0.073529,0.065767,0.0077619999999999,0.053138,0.0608999999999999,0.839818,0.1460697416210314,0.6561593134624963,1005.0,3,1.0590751786863277,1.6658439746753908,1.009834570177023,0.0012012205789463382,0.012143260601355654
4161.0,0.640112,21.210739,-1.652413,22.222318,0.125978,0.073109,0.065824,0.007285,0.052869,0.060154,0.750237,0.1377908076413845,0.5622915934010317,1006.0,3,1.0461019425073474,1.563472475587526,1.0047224940850057,0.04645639908607113,0.011307574772306839
4162.0,0.650087,21.221371,-1.64572,22.217723,0.126153,0.073555,0.065819,0.0077359999999999,0.0525979999999999,0.0603339999999999,0.703089,0.147075039449419,0.6675575218991714,1007.0,3,1.0492322139714432,1.6602639768215437,0.9995724099923025,0.003553404667798521,0.018524022065587786
4163.0,0.656781,21.220846,-1.654513,22.210635,0.126244,0.074085,0.066423,0.007662,0.052159,0.059821,0.703089,0.1468941717791411,0.6655068187671553,1008.0,3,1.0403109402987671,1.6443824444683082,0.9912296538421346,0.016692733748338906,0.008645410169372324
4164.0,0.657569,21.215464,-1.656088,22.21011,0.125757,0.073418,0.06573,0.007688,0.052339,0.060027,0.872822,0.1468857470385937,0.6654112978716831,1009.0,3,1.0438933620854565,1.6499624423221553,0.9946503739037076,0.00502369003110803,0.004601379321933352
4165.0,0.658094,21.221502,-1.664488,22.205909,0.126391,0.074579,0.066507,0.008072,0.051812,0.059884,1.014266,0.1557910176982612,0.766380511469505,1010.0,3,1.0414065353112012,1.7323747183174345,0.9846352657234356,-0.01978541781112164,0.005938749078608763
4166.0,0.662425,21.219402,-1.66987,22.200527,0.127163,0.074379,0.066974,0.0074049999999999,0.052784,0.0601889999999999,0.693659,0.140286066117268,0.5905831856121857,1011.0,3,1.0467106064031426,1.5892263118360295,1.0031071540559295,0.045639382079693425,0.007932649635953425
4167.0,0.660456,21.223996,-1.671576,22.201183,0.126391,0.074521,0.066318,0.008203,0.05187,0.060073,0.608793,0.1581423145881128,0.7930398469323292,1012.0,3,1.0446933203485036,1.7604893228887408,0.9857374977432758,-0.031134084512520976,0.005310190055622721
4168.0,0.668856,21.227015,-1.676432,22.199608,0.126198,0.073928,0.066244,0.0076839999999999,0.05227,0.059954,0.641796,0.147003118363911,0.6667420704971456,1013.0,3,1.0426238631027946,1.6491039811138497,0.9933390978801047,0.012098736712078506,0.012335616676305472
4169.0,0.6661,21.228066,-1.685751,22.19777,0.126685,0.074033,0.065945,0.0080879999999999,0.0526519999999999,0.0607399999999999,0.637081,0.1536094809412569,0.741645940314124,1014.0,3,1.0562927151626855,1.73580856315055,1.0005986260107742,-0.020358573794304613,0.010798067590568772
4170.0,0.675419,21.221765,-1.692707,22.197639,0.126961,0.073424,0.065935,0.007489,0.0535369999999999,0.061026,0.924685,0.1398819530053422,0.586001294204828,1015.0,3,1.0612663687111976,1.6072539972100184,1.0174171663135079,0.02114022615239297,0.015180665022276729
4171.0,0.675419,21.230822,-1.697957,22.189762,0.126318,0.073781,0.066197,0.0075839999999999,0.052537,0.060121,0.759666,0.1443526590277511,0.6366907890625326,1016.0,3,1.0455280594055962,1.6276424509067455,0.9984131659714379,0.020231803282764083,0.02447368257429976
4172.0,0.682244,21.229772,-1.699532,22.185036,0.126447,0.073151,0.066444,0.0067069999999999,0.053296,0.060003,0.769096,0.1258419798487717,0.4268141001564911,1017.0,3,1.0434759925569101,1.4394248309904434,1.0128372022310705,0.07380767087462603,0.018512995320437254
4173.0,0.685132,21.221634,-1.696907,22.181361,0.126869,0.074805,0.067027,0.0077779999999999,0.052064,0.059842,0.684229,0.1493901853452413,0.6938069722975861,1018.0,3,1.040676138636245,1.6692778195085272,0.9894242738096378,0.0013172428909719036,0.0234115168380032
4174.0,0.68907,21.222421,-1.706882,22.182805,0.126538,0.073303,0.066192,0.0071109999999999,0.053235,0.060346,0.646511,0.1335750244195655,0.51449244917807,1019.0,3,1.049440898735718,1.5261294130271439,1.0116779582102042,0.048849664348187605,0.020226347864834727
4175.0,0.687232,21.227672,-1.710425,22.177422,0.125831,0.073581,0.066481,0.0070999999999999,0.05225,0.05935,0.670085,0.1358825668408259,0.5406556903104827,1020.0,3,1.0321200633010452,1.5237686447043621,0.9929590178732632,0.07314475770910867,0.0250087721756717
4176.0,0.692745,21.227409,-1.7162,22.173616,0.126603,0.073691,0.065688,0.008003,0.0529119999999999,0.060915,0.523926,0.1512482754710565,0.7148742599710682,1021.0,3,1.059336034641671,1.7175662624745327,1.005539666099713,-0.013967490458931642,0.02055089812489188
4177.0,0.689857,21.234366,-1.719482,22.174797,0.125721,0.073581,0.065945,0.0076359999999999,0.05214,0.0597759999999999,0.816244,0.1464490516100571,0.6604599835673568,1022.0,3,1.0395283724327409,1.6388024466144397,0.9908685778356353,0.01785113066313848,0.01667483189849216
4178.0,0.696289,21.225965,-1.725388,22.170859,0.126171,0.074017,0.066008,0.008009,0.052154,0.060163,0.858677,0.1535614993768574,0.7411019185757906,1023.0,3,1.0462584560805523,1.7188539542869592,0.9911346338404243,-0.019752953019606223,0.01901081484504664
4179.0,0.69117,21.221109,-1.730507,22.166002,0.126382,0.073923,0.066376,0.0075469999999999,0.0524589999999999,0.0600059999999999,1.056699,0.1438619900876858,0.6311275154789846,1024.0,3,1.0435281637479767,1.619701684730117,0.9969308539447544,0.027465669314065133,0.01675756547013981
4180.0,0.694188,21.233579,-1.732738,22.170334,0.126465,0.074138,0.066124,0.0080139999999999,0.052327,0.0603409999999999,0.754952,0.1531493655404371,0.736429087063899,1025.0,3,1.0493539467506026,1.7199270307972927,0.9944223258996028,-0.023438514355405227,0.02161469953250651
4181.0,0.69222,21.238304,-1.736019,22.16784,0.12629,0.074106,0.066145,0.007961,0.052184,0.060145,0.561644,0.1525534157324903,0.7296721241649851,1026.0,3,1.0459454289341426,1.708552419787549,0.9917047538506865,-0.01852885898123313,0.012983723851150453
4182.0,0.691563,21.22649,-1.745863,22.16377,0.126125,0.073607,0.066769,0.006838,0.0525179999999999,0.0593559999999999,0.806814,0.1302004988670769,0.4762316029531841,1027.0,3,1.03222440568318,1.4675394355617712,0.9980520899649366,0.09716750034017085,0.010710714055156011
4183.0,0.690382,21.235941,-1.748881,22.163507,0.126492,0.074028,0.065998,0.0080299999999999,0.052464,0.0604939999999999,0.721948,0.1530544172305345,0.735352549746878,1028.0,3,1.0520146774950856,1.7233608756304295,0.9970258739464666,-0.02121525085809639,0.00784897871852126
4184.0,0.695501,21.225703,-1.747963,22.16167,0.126208,0.073723,0.06689,0.0068329999999999,0.0524849999999999,0.0593179999999999,0.981262,0.1301870975117172,0.4760796564977059,1029.0,3,1.0315635705963149,1.4664663590513947,0.9974249579536483,0.09742100497185457,0.008528487499621684
4185.0,0.691695,21.228197,-1.757544,22.16167,0.126272,0.073859,0.065987,0.0078719999999999,0.052413,0.0602849999999999,0.839818,0.1501888808333649,0.7028626942876215,1030.0,3,1.048380084517328,1.689451657903205,0.996056669929021,-0.013164999104451902,0.004359920423453989
4186.0,0.686051,21.221896,-1.759906,22.157469,0.125565,0.073807,0.065467,0.00834,0.051758,0.060098,0.849248,0.1611313974381266,0.8269304894830971,1031.0,3,1.0451280802740726,1.7898916192724734,0.9836090497049638,-0.03669758841887605,0.011271069014976976
4187.0,0.683426,21.219534,-1.768306,22.150774,0.126621,0.074574,0.066659,0.007915,0.052047,0.059962,0.589933,0.1520711650783892,0.7242042982939363,1032.0,3,1.042762986278977,1.6986801158922813,0.9891012058038227,-0.010766222703209039,0.01033827529633563
4188.0,0.674894,21.227147,-1.770931,22.149461,0.12776,0.075004,0.067027,0.0079769999999999,0.052756,0.060733,0.750237,0.1512026840040183,0.71435733749341,1033.0,3,1.056170982383528,1.7119862646206645,1.0025750420463517,-0.012957865208601982,-0.0017832169432274504
4189.0,0.673319,21.23056,-1.773687,22.145786,0.127053,0.074033,0.066134,0.007899,0.05302,0.060919,0.618222,0.1489787065502348,0.6891415677375485,1034.0,3,1.059405596229762,1.6952462710591447,1.0075920981366586,-0.014220001447611819,0.002425529185934716
4190.0,0.668331,21.222421,-1.778806,22.142372,0.126823,0.074133,0.066722,0.007411,0.0526899999999999,0.0601009999999999,0.825674,0.1406502059175191,0.5947118539790599,1035.0,3,1.0451802514651392,1.590514003648477,1.001320778023773,0.04567297155982464,-0.006745867726339394
4191.0,0.659012,21.228853,-1.783925,22.137909,0.127237,0.074589,0.066318,0.008271,0.0526479999999999,0.0609189999999999,0.891681,0.1570970008927045,0.7811879329566624,1036.0,3,1.0594055962297602,1.7750831634295716,1.000522610009406,-0.02785679616764658,-0.0042042795655953145
4192.0,0.649168,21.224128,-1.789831,22.136465,0.127806,0.075235,0.067032,0.008203,0.052571,0.060774,0.622937,0.1560336300692384,0.7691312847186116,1037.0,3,1.0568839886614612,1.7604893228887408,0.9990593019830684,-0.024047422055459955,0.00011594081237906729
4193.0,0.642999,21.217827,-1.794687,22.134234,0.127742,0.074353,0.066811,0.007542,0.0533889999999999,0.060931,0.5475,0.1412624086907662,0.601653095288784,1038.0,3,1.0596142809940352,1.6186286082197834,1.0146045742628813,0.020872210433525273,-0.0032347511740862924
4194.0,0.640505,21.218483,-1.792719,22.130952,0.127292,0.074243,0.066523,0.00772,0.0530489999999999,0.0607689999999999,0.618222,0.1455230914231858,0.6499613164898106,1039.0,3,1.0567970366763455,1.6568301319884287,1.008143214146577,0.005707035849113473,-0.0020250964553272465
4195.0,0.632368,21.226753,-1.802431,22.127801,0.125914,0.074574,0.066838,0.007736,0.05134,0.059076,0.787955,0.1506787947254632,0.7084174070309242,1040.0,3,1.0273550945168077,1.660263976821565,0.9756653775619776,0.012250882502988891,0.0020424542997168225
4196.0,0.620292,21.219534,-1.805581,22.126882,0.126327,0.073686,0.065977,0.007709,0.0526409999999999,0.06035,0.608793,0.1464420044831125,0.6603800822490347,1041.0,3,1.0495104603238092,1.654469363665647,1.0003895820070114,0.0065046153608677715,0.004553087180832194
4197.0,0.608217,21.223209,-1.798362,22.125963,0.126437,0.074862,0.066276,0.0085859999999999,0.0515749999999999,0.0601609999999999,1.108562,0.1664727780362959,0.8874918153691707,1042.0,3,1.046223675286505,1.8426869835819275,0.9801313176423627,-0.04427314256786263,0.008304990570536663
4198.0,0.601917,21.212445,-1.814243,22.1194,0.126851,0.074505,0.066759,0.007746,0.0523459999999999,0.0600919999999999,0.981262,0.1479740959367299,0.6777511510400505,1043.0,3,1.0450237378919345,1.6624101298422755,0.9947834019061003,-0.0008613180210115257,0.010182820662945968
4199.0,0.591154,21.215071,-1.813062,22.124125,0.12821,0.074983,0.067478,0.0075049999999999,0.053227,0.0607319999999999,0.688944,0.1409972195085293,0.5986463429722735,1044.0,3,1.0561535919865033,1.6106878420431334,1.0115259262074676,0.026455506102828874,0.011970349634605294
4200.0,0.587216,21.209689,-1.817,22.120056,0.126603,0.074012,0.066869,0.0071429999999999,0.052591,0.0597339999999999,0.566359,0.1358191359902646,0.5399365023886578,1045.0,3,1.0387979757577848,1.532997102693417,0.9994393819899098,0.07077930037097835,0.016908617778090752
4201.0,0.577635,21.215596,-1.818837,22.1194,0.125859,0.074547,0.06678,0.0077669999999999,0.0513119999999999,0.0590789999999999,0.91054,0.1513651511312922,0.7161994126759907,1046.0,3,1.0274072657078743,1.6669170511857458,0.9751332655523978,0.009662237729398115,0.024153358380042834
4202.0,0.567659,21.209951,-1.823956,22.11533,0.126281,0.074836,0.066958,0.0078779999999999,0.051445,0.059323,0.962403,0.1531314387901876,0.7362258310434786,1047.0,3,1.0316505225814305,1.6907393497156316,0.9776607975978953,-0.005269121131366905,0.02989862958080546
4203.0,0.555584,21.216646,-1.826581,22.112048,0.127328,0.073933,0.066775,0.0071579999999999,0.053395,0.0605529999999999,0.778526,0.1340549853921641,0.5199343143176012,1048.0,3,1.0530407109194286,1.5362163322244826,1.0147185982649356,0.03874750015011852,0.043174668593743484
4204.0,0.543902,21.212577,-1.828943,22.108504,0.126943,0.074689,0.067284,0.007405,0.0522539999999999,0.059659,0.198604,0.1417089273753709,0.6067157870546243,1049.0,3,1.0374936959810792,1.589226311836051,0.9930350338746295,0.055089717283968054,0.047617677980656636
4205.0,0.534846,21.208376,-1.829993,22.109685,0.126226,0.073518,0.066586,0.0069319999999999,0.052708,0.05964,0.896396,0.1315145421085581,0.4911304103894138,1050.0,3,1.0371632784376468,1.4877132739564276,1.0016628500299323,0.08469828852250971,0.05439176021272792
4206.0,0.528414,21.208901,-1.832618,22.112836,0.125068,0.072857,0.065525,0.007332,0.052211,0.059543,0.717233,0.1404274879338084,0.5921866460961354,1051.0,3,1.0354764099264386,1.573559394784865,0.9922178618599224,0.06395732736849402,0.05987736075441532
4207.0,0.513451,21.21087,-1.837475,22.106404,0.125105,0.072899,0.06594,0.006959,0.0522059999999999,0.0591649999999999,0.604078,0.133296301262283,0.5113322467453945,1052.0,3,1.028902839851832,1.493507887112367,0.9921228418582101,0.0884872475615176,0.0696549748425609
4208.0,0.508332,21.210214,-1.839968,22.099446,0.12584,0.073833,0.066349,0.0074839999999999,0.052007,0.059491,0.542785,0.1439009383171817,0.6315691159932779,1053.0,3,1.034572109281255,1.6061809206996416,0.9883410457901397,0.04356877584812002,0.07400751686807439
4209.0,0.498226,21.20352,-1.842987,22.09774,0.125877,0.073345,0.066433,0.0069119999999999,0.0525319999999999,0.0594439999999999,0.660655,0.1315744389241046,0.491809528924253,1054.0,3,1.0337547606211832,1.4834209679150068,0.9983181459697256,0.09419632842354175,0.07551656349754841
4210.0,0.492319,21.216383,-1.843381,22.097871,0.125895,0.072578,0.066764,0.005814,0.053317,0.059131,0.971833,0.1090438501069057,0.2363545380870175,1055.0,3,1.02831156635306,1.2477733662410262,1.0132362862382542,0.1256353057878523,0.06554194931155648
4211.0,0.481031,21.206014,-1.846924,22.096164,0.126548,0.073828,0.067111,0.006717,0.0527199999999999,0.0594369999999999,0.622937,0.1274065362948351,0.4445532616065619,1056.0,3,1.0336330278420238,1.4415709840111754,1.001890898034035,0.10743837861085392,0.06281596247914019
4212.0,0.471712,21.203651,-1.847581,22.096033,0.126382,0.07219,0.06583,0.00636,0.0541919999999999,0.0605519999999999,0.820959,0.1173583304116768,0.3306252873916402,1057.0,3,1.0530233205224058,1.3649533211718141,1.0298647865375652,0.038256299123767934,0.06115337565757565
4213.0,0.462131,21.211395,-1.854406,22.088288,0.125601,0.073707,0.066265,0.0074419999999999,0.0518939999999999,0.0593359999999999,1.023696,0.1434049523075439,0.6259455567256782,1058.0,3,1.0318765977427249,1.597167078012658,0.9861935937514836,0.05383796644485883,0.05814803939973674
4214.0,0.461475,21.207064,-1.851387,22.089469,0.126786,0.074973,0.066439,0.008534,0.051813,0.060347,0.66537,0.1647045200138958,0.8674430567426201,1059.0,3,1.0494582891327409,1.831526987874255,0.9846542697237777,-0.044656424575951315,0.060321246630393975
4215.0,0.449924,21.206276,-1.854668,22.084612,0.126667,0.074574,0.067153,0.0074209999999999,0.052093,0.059514,0.764381,0.1424540254155948,0.6151638136278548,1060.0,3,1.0349720884127784,1.592660156669166,0.9899753898195579,0.057438420198346773,0.04816733931241797
4216.0,0.442311,21.213627,-1.851124,22.082381,0.12686,0.074274,0.066864,0.00741,0.0525859999999999,0.0599959999999999,0.764381,0.140909350219636,0.5976500685929742,1061.0,3,1.043354259777749,1.590299388346406,0.9993443619881974,0.04733145915284864,0.042482154986515884
4217.0,0.433911,21.213627,-1.861887,22.079099,0.127062,0.073492,0.066827,0.006665,0.05357,0.060235,0.6748,0.1244143286479625,0.4106271896686888,1062.0,3,1.0475105646661913,1.4304109883034812,1.0180442983247984,0.058433884983128515,0.042468065133521714
4218.0,0.424855,21.206932,-1.864906,22.079493,0.126373,0.074112,0.066853,0.007259,0.052261,0.05952,0.519211,0.1388963300294669,0.5748261620183586,1063.0,3,1.0350764307949152,1.5578924777336791,0.9931680618770261,0.06530084815469239,0.05140650453999031
4219.0,0.415011,21.202732,-1.866612,22.078574,0.127117,0.075209,0.067037,0.0081719999999999,0.051908,0.06008,0.778526,0.157429347511992,0.7849561257577344,1064.0,3,1.044815053127663,1.7538362485245171,0.9864596497562746,-0.02734274475621834,0.05714671849841357
4220.0,0.410154,21.197744,-1.864118,22.075292,0.127338,0.074374,0.067389,0.0069849999999999,0.052964,0.059949,0.839818,0.1318795430944961,0.4952688430009575,1065.0,3,1.042536911117681,1.4990878849661926,1.0065278741175026,0.0687834625288315,0.07279824391725649
4221.0,0.401098,21.197219,-1.864774,22.077523,0.126318,0.073681,0.066948,0.006733,0.052637,0.05937,0.825674,0.1279113948098332,0.4502774185901774,1066.0,3,1.0324678712415005,1.445004828844312,1.0003135660056452,0.10729748008091222,0.07518181607198235
4222.0,0.401754,21.206801,-1.868187,22.080674,0.125932,0.073303,0.067032,0.0062709999999999,0.0526289999999999,0.0588999999999999,0.905825,0.1191525745772373,0.3509686805710992,1067.0,3,1.0242943846407995,1.3458525592874702,1.0001615340029066,0.12764069318845384,0.07966178187808944
4223.0,0.389678,21.212971,-1.868712,22.085137,0.125225,0.073067,0.066323,0.006744,0.052158,0.058902,0.693659,0.1292969573803178,0.4659871222565717,1068.0,3,1.024329165434847,1.4473655971670936,0.9912106498417926,0.11124010602909151,0.07960976637355738
4224.0,0.380622,21.211789,-1.871206,22.078442,0.12483,0.072862,0.066155,0.0067069999999999,0.051968,0.0586749999999999,0.769096,0.1290577074794587,0.4632744731674754,1069.0,3,1.0203815453106777,1.4394248309904434,0.9875998897767989,0.11185882961247784,0.08015018016322709
4225.0,0.368284,21.200369,-1.876718,22.075029,0.124839,0.073487,0.066512,0.0069749999999999,0.051352,0.058327,0.561644,0.1358245866843221,0.5399983031259492,1070.0,3,1.0143296871467575,1.4969417319454823,0.9758934255660826,0.08127414174560532,0.08941517321373019
4226.0,0.359753,21.215333,-1.878162,22.081462,0.126391,0.073114,0.066649,0.0064649999999999,0.053277,0.059742,0.632367,0.1213446450692593,0.3758226846984391,1071.0,3,1.0389370989339688,1.3874879278892518,1.0124761262245712,0.09213111721391953,0.08341596918432662
4227.0,0.358309,21.214677,-1.87908,22.077392,0.126492,0.074227,0.066874,0.0073529999999999,0.0522649999999999,0.0596179999999999,0.731378,0.1406841924004132,0.5950971975112127,1072.0,3,1.0367806897031442,1.5780663161283355,0.9932440778783924,0.05791372993780797,0.07705370115929336
4228.0,0.346627,21.201813,-1.887218,22.078311,0.126832,0.074574,0.067394,0.00718,0.052258,0.059438,0.509782,0.1373926022311947,0.5577766843484238,1073.0,3,1.0336504182390485,1.5409378688700668,0.9931110498759997,0.07070498605138942,0.07449041005924002
4229.0,0.339408,21.213758,-1.888399,22.083299,0.1263,0.072248,0.066344,0.005904,0.0540519999999999,0.0599559999999999,0.561644,0.1092261299095333,0.2384212521746012,1074.0,3,1.0426586438968384,1.26708874342742,1.027204226489675,0.06530718574881267,0.07443175684895169
4230.0,0.338883,21.212183,-1.888924,22.088682,0.126336,0.074437,0.066696,0.0077409999999999,0.051899,0.05964,0.731378,0.1491522157996146,0.691108840056532,1075.0,3,1.0371632784376468,1.661337053331899,0.986288613753196,0.008791422234795787,0.06700995926177149
4231.0,0.331533,21.200763,-1.888268,22.082381,0.126722,0.074049,0.066622,0.007427,0.052673,0.0601,0.839818,0.1409993545202567,0.5986705500360876,1076.0,3,1.0451628610681183,1.5939478484816136,1.0009977100179597,0.04367479983057976,0.069886593371747
4232.0,0.328514,21.210345,-1.885774,22.080937,0.126153,0.073565,0.06679,0.006775,0.0525879999999999,0.0593629999999999,0.585218,0.1288292228412787,0.4606838821435883,1077.0,3,1.0323461384623394,1.4540186715312957,0.9993823699888816,0.10200778218792039,0.07313848487999818
4233.0,0.320901,21.196694,-1.888005,22.081724,0.125656,0.074101,0.067657,0.006444,0.0515549999999999,0.0579989999999999,0.764381,0.1249903018077431,0.4171576545157471,1078.0,3,1.008625636923289,1.3829810065457815,0.9797512376355213,0.11065357392620823,0.07379903289027402
4234.0,0.315126,21.212314,-1.892337,22.083431,0.126272,0.073565,0.066103,0.007462,0.0527069999999999,0.060169,0.976548,0.141572436821735,0.6051682379243586,1079.0,3,1.0463627984626889,1.6014593840541003,1.0016438460295882,0.03764085374067583,0.0762822933003561
4235.0,0.300294,21.213889,-1.894305,22.088813,0.126281,0.073418,0.066948,0.00647,0.052863,0.059333,0.670085,0.1223895278450363,0.3876697128466051,1080.0,3,1.031824426551658,1.3885610043996286,1.0046084700829534,0.1100404828453605,0.0734090229027752
4236.0,0.295963,21.219271,-1.901393,22.089338,0.125528,0.072815,0.066549,0.006266,0.0527129999999999,0.058979,0.688944,0.1188678529422925,0.3477404665534318,1081.0,3,1.0256682260055996,1.3447794827771364,1.0017578700316407,0.12465003229643123,0.08361642412773286
4237.0,0.293863,21.206145,-1.899687,22.091832,0.126465,0.073676,0.066549,0.007127,0.0527889999999999,0.059916,0.53807,0.135006630043569,0.5307241954732753,1082.0,3,1.0419630280159295,1.5295632578603018,1.0032021740576382,0.06451921004056638,0.08907592816323442
4238.0,0.291238,21.214152,-1.892337,22.092226,0.126437,0.073282,0.066733,0.0065489999999999,0.0531549999999999,0.0597039999999999,0.575789,0.1232034013093536,0.3968975248694812,1083.0,3,1.038276263847102,1.4055156132632194,1.0101576381828365,0.0955375901522102,0.09348091824358887
4239.0,0.286381,21.212839,-1.891418,22.086187,0.126437,0.074159,0.066638,0.007521,0.0522779999999999,0.0597989999999999,0.594648,0.1438627364716234,0.6311359780852432,1084.0,3,1.0399283515642646,1.6141216868762915,0.9934911298828394,0.03657448177300371,0.09530136967527786
4240.0,0.282444,21.214152,-1.899555,22.085925,0.126309,0.073628,0.067,0.0066279999999999,0.052681,0.059309,0.844533,0.1258114726092402,0.4264682047758501,1085.0,3,1.031407057023112,1.4224702221268313,1.0011497420206963,0.11086543448437236,0.10259000027177809
4241.0,0.277587,21.212708,-1.89798,22.086056,0.12539,0.07334,0.066454,0.006886,0.05205,0.058936,0.618222,0.1322933276978349,0.4999603911407819,1086.0,3,1.0249204389336208,1.4778409700611812,0.9891582178048488,0.09826984018559537,0.09759182586668105
4242.0,0.275093,21.218221,-1.899424,22.084087,0.125859,0.073219,0.067483,0.005736,0.0526399999999999,0.058376,0.934114,0.1089644953553315,0.2354548027316412,1087.0,3,1.015181816600873,1.231033372679485,1.0003705780066694,0.14605768299146482,0.08941766170782582
4243.0,0.264593,21.212971,-1.902968,22.085662,0.125987,0.073434,0.067126,0.0063079999999999,0.0525529999999999,0.0588609999999999,0.55693,0.1200289226319594,0.3609048383033986,1088.0,3,1.0236161591569117,1.3537933254640986,0.9987172299769091,0.1288580882430982,0.08443486450290513
4244.0,0.259737,21.211527,-1.904805,22.076998,0.126244,0.073245,0.066869,0.006376,0.0529989999999999,0.059375,1.094418,0.1203018867924529,0.36399974441897,1089.0,3,1.0325548232266142,1.3683871660049507,1.0071930141294734,0.11052715970567817,0.08540625560191571
4245.0,0.256587,21.21704,-1.911236,22.080674,0.126272,0.074232,0.066853,0.007379,0.0520399999999999,0.059419,0.693659,0.1417920485770837,0.6076582269524087,1090.0,3,1.0333200006956158,1.583646313982204,0.9889681778014262,0.060058738794390165,0.09177302108867916
4246.0,0.247268,21.207851,-1.908874,22.079624,0.127962,0.074175,0.067562,0.006613,0.0537869999999999,0.0603999999999999,0.646511,0.1229456384323642,0.3939749730483222,1091.0,3,1.0503799801749456,1.4192509925957872,1.022168166399026,0.042908390707878885,0.09148211028948652
4247.0,0.248449,21.217302,-1.91478,22.079624,0.128063,0.073812,0.066775,0.007037,0.054251,0.061288,0.905825,0.129709503797095,0.4706646316626866,1092.0,3,1.0658226527311618,1.5102478806739081,1.0309860225577494,0.014691237991359407,0.09286274657698182
4248.0,0.243067,21.207326,-1.909005,22.074898,0.126823,0.074138,0.067352,0.006786,0.0526849999999999,0.0594709999999999,0.750237,0.1288008199521694,0.4603618461845631,1093.0,3,1.034224301340798,1.4563794398540773,1.0012257580220627,0.10525150114231607,0.08369877109112164
4249.0,0.24123,21.215858,-1.915436,22.078836,0.126548,0.073655,0.066974,0.0066809999999999,0.0528929999999999,0.0595739999999999,0.53807,0.1263092222180208,0.4321117599790418,1094.0,3,1.0360155122341426,1.4338448331365965,1.0051785900932135,0.10024213664063808,0.07590009480073122
4250.0,0.238999,21.217171,-1.911105,22.078311,0.126685,0.073838,0.067184,0.006654,0.0528469999999999,0.059501,0.670085,0.1259082652134424,0.4275656529615237,1095.0,3,1.0347460132514825,1.4280502199807,1.0043044060774784,0.10795632649244602,0.07467358064089914
4251.0,0.229548,21.214939,-1.915305,22.072798,0.126548,0.073965,0.067368,0.006597,0.0525829999999999,0.0591799999999999,0.561644,0.1254564125969878,0.4224424843247549,1096.0,3,1.0291636958071735,1.4158171477626507,0.9992873499871713,0.11207620306054833,0.07872747013038575
4252.0,0.226136,21.215727,-1.915699,22.068072,0.127319,0.074348,0.067258,0.0070899999999999,0.0529709999999999,0.0600609999999999,0.858677,0.1338442950992977,0.5175454780883144,1097.0,3,1.0444846355842288,1.5216224916836518,1.0066609021198953,0.05441792813286306,0.08537712126136907
4253.0,0.224298,21.206801,-1.915568,22.076211,0.127347,0.074479,0.067279,0.0071999999999999,0.0528679999999999,0.0600679999999999,0.646511,0.1361856664586052,0.544092276487204,1098.0,3,1.044606368363388,1.5452301749114663,1.0047034900846619,0.05087132533919403,0.09621488878088098
4254.0,0.22141,21.21087,-1.915043,22.070435,0.126695,0.073198,0.066974,0.0062239999999999,0.053497,0.0597209999999999,1.014266,0.116340797786833,0.3190883591087161,1099.0,3,1.0385719005964889,1.3357656400901312,1.016657006299827,0.09826201810735735,0.09563192879909313
4255.0,0.221804,21.213758,-1.914124,22.073323,0.126685,0.073481,0.067053,0.006428,0.0532039999999999,0.0596319999999999,0.835103,0.1208157128089466,0.3698255761981694,1100.0,3,1.037024155261463,1.379547161712645,1.011088834199598,0.10059763368925623,0.09727611220746162
4256.0,0.214848,21.206276,-1.914649,22.071222,0.126961,0.074096,0.067515,0.0065809999999999,0.0528649999999999,0.0594459999999999,0.990692,0.1244845458328602,0.4114233220054948,1101.0,3,1.0337895414152287,1.4123833029294925,1.0046464780836355,0.10940490201771214,0.09563472118135354
4257.0,0.212354,21.216252,-1.916355,22.072535,0.126566,0.073912,0.06751,0.006402,0.052654,0.059056,0.613507,0.1215838951666509,0.3785353360158481,1102.0,3,1.0270072865763524,1.3739671638587978,1.0006366340114603,0.1230689131864785,0.0939728204993856
4258.0,0.211304,21.207851,-1.916355,22.07306,0.126428,0.074264,0.067373,0.0068909999999999,0.052164,0.059055,0.787955,0.1321000670947952,0.4977691751908015,1103.0,3,1.0269898961793298,1.478914046571515,0.991324673843845,0.09942190132443762,0.091419934720851
4259.0,0.201985,21.207064,-1.918193,22.071616,0.126217,0.073019,0.06678,0.0062389999999999,0.0531979999999999,0.0594369999999999,0.717233,0.1172766405383558,0.3296990760968523,1104.0,3,1.0336330278420238,1.3389848696211968,1.0109748101975455,0.1166839707243229,0.09626925813189874
4260.0,0.206973,21.215202,-1.915699,22.078311,0.126474,0.073833,0.066895,0.006938,0.052641,0.059579,0.745522,0.1317959044109266,0.4943205358209608,1105.0,3,1.0361024642192582,1.4890009657688752,1.0003895820070134,0.09154241623136516,0.09689391579457682
4261.0,0.20146,21.208901,-1.918193,22.075817,0.126639,0.073466,0.066969,0.006497,0.053173,0.05967,1.056699,0.1221837740248994,0.3853368470407332,1106.0,3,1.0376849903483296,1.3943556175555467,1.0104997101889956,0.09545719624086901,0.08897894257304223
4262.0,0.200672,21.199713,-1.920686,22.073585,0.126952,0.07439,0.066832,0.0075579999999999,0.052562,0.06012,0.745522,0.1437893575328652,0.6303039973376376,1107.0,3,1.0455106690085736,1.6220624530528986,0.9988882659799897,0.028889070347516976,0.08920252929625676
4263.0,0.197391,21.20982,-1.922786,22.074635,0.126318,0.07272,0.066622,0.006098,0.053598,0.059696,0.858677,0.1137707793055841,0.289949127422157,1108.0,3,1.0381371406709214,1.3087241120292017,1.0185764103343764,0.09936455944967149,0.08909931532672585
4264.0,0.190434,21.204307,-1.92738,22.077655,0.126171,0.07356,0.066838,0.006722,0.052611,0.059333,0.571074,0.127765528776705,0.4486235689523117,1109.0,3,1.031824426551658,1.4426440605215305,0.9998194619967512,0.1045085947341382,0.09089980709154082
4265.0,0.195685,21.207326,-1.931186,22.077261,0.127163,0.073744,0.066234,0.00751,0.0534189999999999,0.060929,0.632367,0.1405840509172595,0.5939617792640897,1110.0,3,1.0595795001999895,1.6117609185535102,1.0151746942731434,0.02144790147391029,0.08748410634840806
4266.0,0.188203,21.21192,-1.926461,22.07411,0.127016,0.073796,0.067447,0.006349,0.0532199999999999,0.059569,0.679515,0.1192950151256084,0.3525836915800984,1111.0,3,1.0359285602490305,1.3625925528490326,1.0113928982050713,0.11164076924985744,0.08177211346437281
4267.0,0.187678,21.215727,-1.923968,22.078574,0.12618,0.073198,0.067116,0.006082,0.0529819999999999,0.0590639999999999,0.736092,0.1147915369080649,0.3015226209559665,1112.0,3,1.027146409752533,1.305290267196065,1.006869946123658,0.12203677349116948,0.07752663322985935
4268.0,0.179803,21.203651,-1.927511,22.075292,0.126051,0.073471,0.066979,0.0064919999999999,0.05258,0.059072,0.641796,0.1234666514520453,0.3998822920823954,1113.0,3,1.0272855329287167,1.39328254104517,0.999230337986147,0.11742681897258722,0.08547464662998398
4269.0,0.179803,21.206801,-1.93053,22.074373,0.126107,0.073019,0.06626,0.006759,0.0530879999999999,0.059847,0.750237,0.1273145095970917,0.4435098499398913,1114.0,3,1.040763090621359,1.4505848266981591,1.0088843701599177,0.08252696329299525,0.07754220957011085
4270.0,0.180853,21.209033,-1.930399,22.07201,0.126566,0.074316,0.06678,0.0075359999999999,0.05225,0.059786,0.882251,0.1442269047482341,0.6352649693210959,1115.0,3,1.0397022764029702,1.6173409164073358,0.9929590178732632,0.034422487391012724,0.0713465872894618
4271.0,0.179803,21.207851,-1.932236,22.076473,0.126887,0.073886,0.066727,0.0071589999999999,0.053001,0.06016,0.684229,0.1350703747028413,0.5314469414024852,1116.0,3,1.046206284889484,1.5364309475265536,1.0072310221301592,0.05300239389573447,0.07170484246221434
4272.0,0.175865,21.210345,-1.928955,22.073848,0.126143,0.073313,0.066754,0.006559,0.05283,0.059389,0.655941,0.1241505934016015,0.4076369222820151,1117.0,3,1.032798288784933,1.407661766283951,1.0039813380716651,0.10836920434876329,0.06820283588478099
4273.0,0.167465,21.215333,-1.931974,22.073454,0.126419,0.074889,0.067247,0.0076419999999999,0.05153,0.059172,0.91997,0.1482990821059167,0.6814358900207049,1118.0,3,1.0290245726309932,1.6400901384268658,0.9792761376269714,0.020040188850940166,0.06456253879868191
4274.0,0.174421,21.215333,-1.933418,22.078836,0.127779,0.074038,0.067111,0.006927,0.053741,0.060668,0.5475,0.1288936027687842,0.4614138308335433,1119.0,3,1.0550406065770481,1.4866401974460939,1.0212939823832925,0.042552371927647714,0.057811921279563305
4275.0,0.175471,21.215464,-1.928299,22.077655,0.127825,0.074033,0.066901,0.0071319999999999,0.0537919999999999,0.0609239999999999,0.91997,0.1325823062480248,0.503236870663349,1120.0,3,1.059492548214874,1.5306363343706355,1.0222631864007363,0.02503045320143571,0.06094087747131508
4276.0,0.166021,21.214939,-1.933286,22.078442,0.126704,0.074369,0.067326,0.007043,0.052335,0.059378,0.580504,0.1345727606236626,0.5258049228530164,1121.0,3,1.0326069944176826,1.5115355724863344,0.9945743579023394,0.07662070347552385,0.07047373726813137
4277.0,0.167596,21.206407,-1.941817,22.072141,0.126943,0.074201,0.067258,0.006943,0.052742,0.059685,0.717233,0.1316383216730183,0.4925338405332753,1122.0,3,1.0379458463036713,1.4900740422792305,1.0023089860415626,0.08563380263017872,0.07277600916430176
4278.0,0.169303,21.22229,-1.938143,22.075292,0.127466,0.07408,0.067074,0.0070059999999999,0.053386,0.060392,0.6748,0.1312304493603311,0.4879093267779697,1123.0,3,1.0502408569987653,1.5035948063096847,1.0145475622618572,0.04992064378140115,0.06453672369424991
4279.0,0.160771,21.215202,-1.936699,22.072929,0.125978,0.073392,0.06679,0.0066019999999999,0.052586,0.059188,0.495637,0.1255443360526365,0.4234393728543602,1124.0,3,1.0293028189833573,1.4168902242729844,0.9993443619881994,0.113816525210513,0.07386170280412002
4280.0,0.163134,21.209951,-1.930136,22.074242,0.125399,0.072872,0.066517,0.0063549999999999,0.052527,0.058882,0.990692,0.1209830947304294,0.3717233760100449,1125.0,3,1.0239813574943917,1.3638802446614375,0.9982231259680171,0.12975108535917568,0.08298669811357354
4281.0,0.162084,21.215333,-1.93683,22.074504,0.126125,0.073917,0.066838,0.007079,0.0522079999999999,0.0592869999999999,0.750237,0.135589649294183,0.5373345498910809,1126.0,3,1.0310244682886094,1.5192617233608918,0.9921608498588943,0.07602511285743829,0.09015558454633571
4282.0,0.155521,21.208901,-1.939061,22.071747,0.126943,0.073896,0.066376,0.0075199999999999,0.053047,0.0605669999999999,0.736092,0.141758407480018,0.6072767994534483,1127.0,3,1.0532841764777472,1.613907071574199,1.0081052061458946,0.0259763496482448,0.0801496627632428
4283.0,0.154733,21.226228,-1.942342,22.07923,0.126722,0.073907,0.067478,0.006429,0.052815,0.059244,0.91997,0.1217244774310815,0.3801292775396754,1128.0,3,1.0302766812166322,1.379761777014716,1.003696278066534,0.1132899799496413,0.08341302031574543
4284.0,0.149746,21.215464,-1.94103,22.083037,0.125996,0.072767,0.067006,0.005761,0.053229,0.05899,0.542785,0.1082284426075521,0.2271093329587359,1129.0,3,1.0258595203728502,1.2363987552312612,1.0115639342081517,0.13380232502218292,0.08015193700132062
4285.0,0.153421,21.210083,-1.944049,22.077523,0.125904,0.073807,0.066901,0.0069059999999999,0.0520969999999999,0.0590029999999999,0.533356,0.1325578717033282,0.5029598283524617,1130.0,3,1.0260855955341444,1.4821332761025805,0.9900514058209243,0.09671931752905738,0.06934129339360551
4286.0,0.15434,21.212839,-1.944311,22.083299,0.127126,0.074773,0.066738,0.008035,0.0523529999999999,0.0603879999999999,0.764381,0.1534744241127708,0.740114646961636,1131.0,3,1.0501712954106726,1.7244339521408063,0.9949164299084947,-0.023438514355405227,0.05490343507044815
4287.0,0.152239,21.214677,-1.945624,22.089338,0.126915,0.07388,0.067783,0.006097,0.053035,0.059132,0.585218,0.1149596500490234,0.3034287114372938,1132.0,3,1.0283289567500826,1.3085094967271307,1.0078771581417898,0.11826737815520505,0.04940643296229905
4288.0,0.148696,21.217171,-1.942474,22.09157,0.12776,0.074826,0.067242,0.007584,0.052934,0.060518,0.585218,0.1432700481722869,0.6244159946305377,1133.0,3,1.0524320470236337,1.627642450906767,1.0059577541072404,0.017309810637152978,0.05094232975987364
4289.0,0.145808,21.215596,-1.938799,22.088419,0.127384,0.075046,0.067378,0.007668,0.0523379999999999,0.060006,0.882251,0.1465064292401461,0.6611105392224963,1134.0,3,1.0435281637479783,1.6456701362807344,0.9946313699033636,0.005710089133361906,0.05128980433734722
4290.0,0.144495,21.219665,-1.940111,22.089075,0.127246,0.074752,0.066817,0.0079349999999999,0.052494,0.060429,0.886966,0.151157253071721,0.713842235181265,1135.0,3,1.0508843016886076,1.7029724219336808,0.9975959939567288,-0.014627497872397921,0.0470286106280222
4291.0,0.144627,21.208639,-1.941292,22.092226,0.127926,0.074133,0.06688,0.007253,0.053793,0.061046,0.754952,0.134829163103692,0.528712050301748,1136.0,3,1.0616141766516531,1.5566047859212528,1.0222821904010804,0.021055091775947332,0.04545100490356182
4292.0,0.146989,21.214283,-1.945755,22.089469,0.127659,0.074432,0.067195,0.0072369999999999,0.053227,0.0604639999999999,0.42963,0.1359622754941007,0.5415594382532092,1137.0,3,1.0514929655844025,1.5531709410880947,1.0115259262074676,0.041335317623990675,0.05726445812840564
4293.0,0.142133,21.210345,-1.946936,22.09052,0.127007,0.073739,0.067772,0.005967,0.053268,0.059235,0.797385,0.1120163697460061,0.2700573846184955,1138.0,3,1.0301201676434273,1.2806095074578954,1.0123050902214925,0.11676472572437713,0.05710788570416743
4294.0,0.138458,21.211395,-1.94523,22.095377,0.1263,0.073303,0.066538,0.0067649999999999,0.052997,0.0597619999999999,0.849248,0.1276463262764631,0.4472720342075198,1139.0,3,1.039284906874422,1.4518725185105639,1.007155006128791,0.09119038792893275,0.06471399817760168
4295.0,0.140033,21.221371,-1.947199,22.095245,0.12675,0.074201,0.0672,0.007001,0.052549,0.05955,0.651226,0.1332254995242627,0.510529486662914,1140.0,3,1.035598142705598,1.5025217297993507,0.9986412139755427,0.08094326028445353,0.06713128071299898
4296.0,0.140558,21.211527,-1.950874,22.088813,0.126557,0.074621,0.067699,0.006922,0.0519359999999999,0.058858,0.797385,0.1332768546508272,0.5111117583244498,1141.0,3,1.0235639879658454,1.4855671209357386,0.9869917617658507,0.09469601789303295,0.0755247177341777
4297.0,0.140689,21.211395,-1.949299,22.092357,0.126456,0.073256,0.067084,0.0061719999999999,0.0532,0.059372,0.721948,0.1160128569011859,0.3153701191364801,1142.0,3,1.032502652035546,1.3246056443824372,1.0110128181982316,0.11670165391282294,0.0736999594446652
4298.0,0.132683,21.212708,-1.949955,22.094195,0.127448,0.074505,0.067809,0.006696,0.052943,0.059639,0.863392,0.1264732547597462,0.4339715840512603,1143.0,3,1.037145888040624,1.4370640626676836,1.006128790110319,0.09337093537149543,0.07291488696409797
4299.0,0.137145,21.212971,-1.950874,22.096821,0.127972,0.074684,0.067342,0.007342,0.053288,0.06063,0.825674,0.1377770271538216,0.5621353482912095,1144.0,3,1.0543797714901832,1.5757055478055753,1.012685170228334,0.029882914487335044,0.06588110550748222
4300.0,0.133733,21.214546,-1.952055,22.10089,0.127843,0.07449,0.06773,0.00676,0.053353,0.060113,0.589933,0.1267009033999325,0.4365526964120922,1145.0,3,1.0453889362294142,1.4507994420002301,1.0139204302505687,0.06930687233938915,0.06743064309633585
4301.0,0.13032,21.214939,-1.954811,22.104172,0.12923,0.07544,0.067861,0.0075789999999999,0.05379,0.061369,0.571074,0.140897176107527,0.5975120367944049,1146.0,3,1.0672312748900057,1.6265693743963905,1.022225178400054,0.0028075088808223736,0.06380457966582957
4302.0,0.128614,21.21599,-1.946674,22.106141,0.128256,0.073733,0.067279,0.006454,0.054523,0.060977,0.618222,0.118369892157582,0.3420945170077891,1147.0,3,1.0604142392570823,1.3851271595664918,1.036155110650793,0.03348459281831839,0.06084184251039332
4303.0,0.127564,21.218746,-1.951661,22.11218,0.127944,0.074311,0.067352,0.006959,0.053633,0.060592,0.55693,0.1297497855837716,0.4711213522362081,1148.0,3,1.0537189364033182,1.493507887112367,1.0192415503463488,0.04642691115821962,0.060070494669135624
4304.0,0.132158,21.219009,-1.955992,22.109948,0.12743,0.074684,0.068024,0.0066599999999999,0.0527459999999999,0.0594059999999999,0.688944,0.1262631050107115,0.4315888765841063,1149.0,3,1.0330939255343183,1.4293379117931047,1.002385002042929,0.10668576381746908,0.057551431031514735
4305.0,0.124545,21.218746,-1.952186,22.11428,0.127797,0.073886,0.067347,0.0065389999999999,0.053911,0.0604499999999999,0.839818,0.1212902507790471,0.3752059545712112,1150.0,3,1.051249500026084,1.4033694602425089,1.0245246624414448,0.044682625979390767,0.05842084442009314
4306.0,0.128876,21.214677,-1.954417,22.11428,0.126832,0.072956,0.066722,0.0062339999999999,0.053876,0.06011,0.622937,0.1157080015591066,0.3119136263102424,1151.0,3,1.0453367650383458,1.3379117931108417,1.0238595224294724,0.06506864633867038,0.05891590620174726
4307.0,0.127039,21.208245,-1.952186,22.114674,0.126731,0.073833,0.067305,0.0065279999999999,0.052898,0.059426,0.731378,0.1234049793001756,0.3991830445341569,1152.0,3,1.0334417334747752,1.4010086919197275,1.005273610094926,0.10898817550024598,0.06041258531577074
4308.0,0.124545,21.206801,-1.95783,22.113361,0.127448,0.073765,0.067305,0.0064599999999999,0.053683,0.060143,0.764381,0.1203338052306086,0.3643616401684659,1153.0,3,1.045910648140097,1.3864148513788968,1.0201917503634526,0.06818029899528655,0.06016775816728428
4309.0,0.128614,21.213102,-1.951267,22.1236,0.127779,0.073938,0.067142,0.006796,0.053841,0.060637,0.6748,0.1262211656327775,0.4311133620073342,1154.0,3,1.0545015042693426,1.4585255928747876,1.0231943824174998,0.03857704837311915,0.0596529942424233
4310.0,0.119163,21.220059,-1.951267,22.119006,0.128146,0.074264,0.068192,0.0060719999999999,0.053882,0.059954,0.505067,0.1126886030844606,0.2776792609355627,1155.0,3,1.0426238631027946,1.3031441141753333,1.0239735464315247,0.0742574901559303,0.05050859740329451
4311.0,0.117195,21.212971,-1.956255,22.122288,0.128284,0.074148,0.067147,0.007001,0.054136,0.061137,0.401341,0.1293200583704307,0.4662490445376754,1156.0,3,1.0631967027807245,1.5025217297993507,1.028800562518411,0.017774300021057177,0.05405076734421489
4312.0,0.122051,21.211789,-1.948249,22.128195,0.128339,0.074421,0.067499,0.0069219999999999,0.053918,0.06084,0.660655,0.1283777518129044,0.4555650400062458,1157.0,3,1.0580317548649636,1.485567120935717,1.0246576904438394,0.031036321333453798,0.0543304876695986
4313.0,0.118245,21.213758,-1.952317,22.12767,0.12731,0.07346,0.066811,0.006649,0.05385,0.060499,0.745522,0.1234703162429667,0.3999238439982744,1158.0,3,1.052101629480201,1.4269771434703449,1.0233654184205785,0.04127927190960978,0.053261008556695966
4314.0,0.110632,21.21599,-1.949824,22.13082,0.126768,0.074642,0.066974,0.0076679999999999,0.0521259999999999,0.0597939999999999,0.736092,0.1471022694572869,0.6678662595654088,1159.0,3,1.0398413995791507,1.645670136280713,0.9906025218308444,0.015241795426181204,0.051093256298292866
4315.0,0.114569,21.219009,-1.951924,22.127145,0.1272,0.073891,0.067231,0.0066599999999999,0.053309,0.059969,0.66537,0.124929656724817,0.4164700520199178,1160.0,3,1.042884719058136,1.4293379117931047,1.0130842542355176,0.08010432538859458,0.0528241888343592
4316.0,0.110501,21.215858,-1.94943,22.126357,0.126851,0.073298,0.066754,0.006544,0.0535529999999999,0.060097,1.033125,0.1221944205848304,0.3854575592374576,1161.0,3,1.04511068987705,1.4044425367528857,1.017721230318981,0.06786584959250752,0.048293655636678035
4317.0,0.108926,21.206932,-1.948774,22.130033,0.126887,0.073271,0.067231,0.00604,0.053616,0.059656,0.608793,0.1126508383535073,0.2772510790945148,1162.0,3,1.037441524790011,1.2962764245090814,1.0189184823405335,0.0982933843712196,0.05115891675039428
4318.0,0.110501,21.20877,-1.946017,22.127145,0.127062,0.074432,0.067027,0.0074049999999999,0.05263,0.060035,0.53807,0.1406965476620241,0.5952372832083601,1163.0,3,1.0440324852616385,1.5892263118360295,1.0001805380032507,0.04650277641125555,0.052074878590389326
4319.0,0.110763,21.209295,-1.946149,22.126226,0.127852,0.074169,0.067462,0.006707,0.0536829999999999,0.06039,0.971833,0.1249348036658968,0.4165284087631453,1164.0,3,1.0502060762047198,1.4394248309904651,1.0201917503634506,0.05588637373378247,0.05464356541943326
4320.0,0.110369,21.230297,-1.938668,22.136203,0.127356,0.073355,0.06646,0.0068949999999999,0.0540009999999999,0.0608959999999999,0.585218,0.127680456279397,0.4476590049901074,1165.0,3,1.0590056170982367,1.4797725077797992,1.0262350224722294,0.02895215817911867,0.06189541734132207
4321.0,0.111551,21.220059,-1.940636,22.138959,0.127843,0.074164,0.067205,0.0069589999999999,0.053679,0.060638,0.764381,0.129638599105812,0.4698607042816058,1166.0,3,1.0545188946663653,1.4935078871123457,1.0201157343620841,0.04642691115821962,0.06859286875137074
4322.0,0.1042,21.215727,-1.939718,22.135152,0.127384,0.073214,0.066895,0.006319,0.0541699999999999,0.060489,0.769096,0.116649129608093,0.3225842687457811,1167.0,3,1.0519277255099735,1.3561540937869014,1.0294466985300397,0.040195939733404296,0.07344573336540096
4323.0,0.103938,21.214283,-1.936699,22.132658,0.12742,0.074017,0.067284,0.006733,0.053403,0.060136,0.717233,0.1260766983746536,0.4294753718775705,1168.0,3,1.0457889153609377,1.445004828844312,1.0148706302676722,0.0669661402000491,0.07399460754517526
4324.0,0.099081,21.217696,-1.930399,22.132133,0.127218,0.073376,0.067525,0.0058509999999999,0.053842,0.0596929999999999,0.589933,0.1086677933993275,0.2320907541456356,1169.0,3,1.0380849694798515,1.2557141324176333,1.0232133864178419,0.08776031464506928,0.0805794989243904
4325.0,0.105513,21.219271,-1.931711,22.132264,0.125868,0.072263,0.066969,0.0052939999999999,0.053605,0.058899,0.759666,0.0987576017609967,0.1197276048864148,1170.0,3,1.0242769942437786,1.136173409164064,1.0187094383367707,0.1470788394890813,0.08288205740342827
4326.0,0.105119,21.222159,-1.925149,22.133577,0.126272,0.073649,0.067126,0.006523,0.0526229999999999,0.0591459999999999,0.632367,0.1239548494983278,0.4054175503240547,1171.0,3,1.0285724223083996,1.3999356154093936,1.0000475100008541,0.11639449573280969,0.08755903247380178
4327.0,0.101838,21.224784,-1.92318,22.136465,0.127154,0.073145,0.067893,0.005252,0.0540089999999999,0.0592609999999999,0.632367,0.0972412516200705,0.1025350133168299,1172.0,3,1.0305723179660173,1.127159566477102,1.026387054474966,0.10378212616896254,0.09094023144748735
4328.0,0.101838,21.222028,-1.925936,22.13279,0.126658,0.073602,0.067373,0.0062289999999999,0.0530559999999999,0.0592849999999999,0.849248,0.117402039316207,0.3311208651103079,1173.0,3,1.0309896874945639,1.3368387166004865,1.0082762421489715,0.11235169020340696,0.09741810557141937
4329.0,0.105119,21.225834,-1.913599,22.136071,0.126943,0.073775,0.067027,0.0067479999999999,0.053168,0.059916,0.891681,0.1269160601102144,0.4389921735114064,1174.0,3,1.0419630280159295,1.4482240583753563,1.0104046901872854,0.07891195852416133,0.09808833433510034
4330.0,0.101313,21.213758,-1.917405,22.13279,0.126915,0.073151,0.066943,0.0062079999999999,0.053764,0.059972,0.896396,0.1154654515019062,0.3091635595835178,1175.0,3,1.0429368902492044,1.3323317952569946,1.0217310743911603,0.07572190888285368,0.09888872213708863
4331.0,0.096194,21.215202,-1.907824,22.134496,0.126566,0.072825,0.066696,0.0061289999999999,0.053741,0.05987,0.6748,0.114044881098582,0.2930569321753682,1176.0,3,1.0411630697528824,1.3153771863933825,1.0212939823832925,0.08023890089507535,0.09345046821436172
4332.0,0.097375,21.216777,-1.905724,22.136596,0.125565,0.073177,0.066439,0.006738,0.052388,0.059126,0.764381,0.1286147855465843,0.4582525618795794,1177.0,3,1.028224614367946,1.4460779053546673,0.9955815699204691,0.10497468097272455,0.0851499107111066
4333.0,0.096981,21.219271,-1.911105,22.136334,0.12674,0.072857,0.066806,0.006051,0.0538829999999999,0.0599339999999999,0.731378,0.1122967856877737,0.2732367800801976,1178.0,3,1.0422760551623376,1.2986371928318627,1.023992550431865,0.07366842783685867,0.07846828843216078
4334.0,0.096325,21.221896,-1.909793,22.131739,0.126373,0.073219,0.066717,0.006502,0.053154,0.059656,0.731378,0.1223215125576146,0.3868985459336551,1179.0,3,1.037441524790011,1.3954286940659018,1.0101386341824963,0.09576419266495217,0.07031970092068189
4335.0,0.097375,21.218352,-1.900605,22.133708,0.126878,0.07356,0.067116,0.006444,0.0533179999999999,0.0597619999999999,0.703089,0.1208574804478704,0.3702991435738452,1180.0,3,1.039284906874422,1.3829810065457815,1.0132552902385943,0.09269630026181219,0.07090929910005336
4336.0,0.096063,21.217302,-1.901655,22.131346,0.127779,0.073739,0.067168,0.0065709999999999,0.05404,0.060611,0.943544,0.1215928646768193,0.378637033586048,1181.0,3,1.0540493539467506,1.410237149908782,1.0269761784855722,0.03338892070025856,0.08009829578584013
4337.0,0.092256,21.223078,-1.888005,22.129245,0.127531,0.074012,0.066822,0.0071899999999999,0.053519,0.060709,1.127421,0.1343423019431985,0.5231919498595468,1182.0,3,1.0557536128549816,1.5430840218907558,1.0170750943073525,0.03696590337950423,0.08334229088518996
4338.0,0.091075,21.21809,-1.898637,22.128458,0.12686,0.073938,0.066454,0.007484,0.052922,0.060406,0.646511,0.1414129962398202,0.6033604781395343,1183.0,3,1.0504843225570841,1.6061809206996631,1.0057297061031356,0.030865815088618187,0.08124710200265103
4339.0,0.0958,21.223734,-1.884987,22.12662,0.127044,0.072993,0.067394,0.005599,0.0540509999999999,0.0596499999999999,0.844533,0.1035854362465775,0.1744662725832073,1184.0,3,1.0373371824078725,1.2016310762957527,1.027185222489333,0.08480794031787597,0.07645524746645055
4340.0,0.088975,21.212183,-1.882493,22.130033,0.125601,0.072389,0.066958,0.0054309999999999,0.0532119999999999,0.0586429999999999,0.566359,0.1020615263187565,0.1571879670845464,1185.0,3,1.0198250526059491,1.1655757055477967,1.0112408662023347,0.16761187574072145,0.07679493719441176
4341.0,0.091337,21.225703,-1.878687,22.128326,0.126171,0.073208,0.066822,0.0063859999999999,0.052963,0.059349,0.594648,0.1205724643153838,0.3670675905015497,1186.0,3,1.0321026729040224,1.3705333190256397,1.0065088701171607,0.11267885188857363,0.07317399588177413
4342.0,0.093569,21.226622,-1.876455,22.1236,0.126502,0.072788,0.066649,0.006139,0.053714,0.059853,0.66537,0.1142883738248162,0.2958176870164322,1187.0,3,1.0408674330034955,1.3175233394141144,1.0207808743740567,0.08402279214733521,0.07538661646765217
4343.0,0.090812,21.218352,-1.870024,22.126882,0.12731,0.074232,0.066675,0.007557,0.053078,0.060635,0.778526,0.1423726897643137,0.6142416185524693,1188.0,3,1.054466723475297,1.6218478377508492,1.0086943301564988,0.02574988247485388,0.07406129307297059
4344.0,0.090287,21.217565,-1.864118,22.129639,0.127328,0.073786,0.067615,0.006171,0.0535419999999999,0.059713,0.91054,0.1152531610107765,0.3067565800808352,1189.0,3,1.0384327774203086,1.3243910290803877,1.0175121863152183,0.0991610899445643,0.08132007278365569
4345.0,0.091994,21.219796,-1.862543,22.128326,0.12731,0.07367,0.066953,0.006717,0.05364,0.060357,0.797385,0.1252213791689193,0.4197776421983095,1190.0,3,1.0496321931029686,1.4415709840111754,1.0193745783487433,0.056486887135435926,0.08399457430700409
4346.0,0.093175,21.224259,-1.865168,22.122419,0.127586,0.073529,0.067483,0.0060459999999999,0.054057,0.060103,0.5475,0.1118428354730103,0.2680898285782278,1191.0,3,1.0452150322591864,1.2975641163214862,1.0272992464913875,0.055515126559038896,0.07292431718315395
4347.0,0.093963,21.22019,-1.853093,22.129639,0.128137,0.074474,0.067116,0.007358,0.053663,0.061021,0.759666,0.1371124031007752,0.5545997471243387,1192.0,3,1.061179416726084,1.579139392638712,1.0198116703566111,0.02371266943268846,0.07306501905995456
4348.0,0.093438,21.220977,-1.857818,22.125701,0.12675,0.073025,0.067195,0.00583,0.0537249999999999,0.059555,0.915255,0.1085135688493467,0.2303421344658798,1193.0,3,1.0356850946907117,1.251207211074163,1.0209899183778175,0.10345361219546911,0.0744348566780678
4349.0,0.085169,21.222421,-1.849812,22.12977,0.126042,0.072967,0.06658,0.006387,0.0530749999999999,0.0594619999999999,0.670085,0.1203368754239205,0.3643964504528632,1194.0,3,1.034067787767593,1.3707479343277322,1.0086373181554706,0.11155295555136002,0.08141985506689994
4350.0,0.09055,21.219402,-1.852699,22.129902,0.127567,0.074054,0.067205,0.0068489999999999,0.053513,0.060362,0.990692,0.127985200134544,0.4511142337617968,1195.0,3,1.0497191450880823,1.4699002038845312,1.0169610703053003,0.05690930450222009,0.08107924186601567
4351.0,0.090944,21.217827,-1.846662,22.130164,0.126033,0.072825,0.066544,0.0062809999999999,0.053208,0.059489,0.886966,0.1180439399349733,0.338398824777308,1196.0,3,1.0345373284872095,1.3479987123081807,1.0111648502009682,0.11408587065657971,0.08637260901423406
4352.0,0.090812,21.22334,-1.8401,22.125701,0.126557,0.073198,0.066859,0.0063389999999999,0.053359,0.059698,0.618222,0.1187968515742128,0.3469354430372076,1197.0,3,1.0381719214649672,1.360446399828301,1.014034454252621,0.09772116832846767,0.09141085004797542
4353.0,0.094488,21.222946,-1.835243,22.121237,0.126382,0.072962,0.066654,0.0063079999999999,0.0534199999999999,0.0597279999999999,0.816244,0.1180809045132063,0.3388179343740625,1198.0,3,1.0386936333756482,1.3537933254640986,1.0151936982734855,0.09559986636317519,0.09784149827799413
4354.0,0.096325,21.215464,-1.830387,22.124257,0.12596,0.072626,0.066239,0.0063869999999999,0.0533339999999999,0.0597209999999999,0.637081,0.1197525077341331,0.3577708072416987,1199.0,3,1.0385719005964889,1.3707479343277107,1.0135593542440675,0.09575495793572164,0.09707643946048325
4355.0,0.090287,21.218615,-1.832487,22.12255,0.126033,0.07313,0.066712,0.006418,0.052903,0.059321,0.8021,0.1213140783305611,0.3754761147078622,1200.0,3,1.031615741787385,1.3774010086919346,1.0053686300966362,0.10942055861761979,0.08571897308662664
4356.0,0.094881,21.218483,-1.822775,22.129376,0.12641,0.072395,0.067179,0.0052159999999999,0.0540149999999999,0.0592309999999999,0.707803,0.096563981042654,0.0948560240746052,1201.0,3,1.0300506060553345,1.119433415602523,1.0265010784770185,0.10589753689645243,0.08191244645132577
4357.0,0.086612,21.217696,-1.828025,22.127932,0.126529,0.07367,0.066785,0.006885,0.052859,0.059744,0.660655,0.1302497162315551,0.4767896363669492,1202.0,3,1.038971879728014,1.47762635475911,1.0045324540815852,0.08801915173287556,0.07211101758041513
4358.0,0.088056,21.214283,-1.822906,22.131608,0.126235,0.073119,0.066596,0.006523,0.053116,0.059639,0.787955,0.122804375247096,0.3923733111480887,1203.0,3,1.037145888040624,1.3999356154093936,1.0094164821694975,0.09580302402036034,0.06643894458894553
4359.0,0.093831,21.219665,-1.815425,22.133708,0.127328,0.074364,0.06658,0.0077839999999999,0.052964,0.0607479999999999,0.594648,0.1469649768715189,0.6663096168818137,1204.0,3,1.0564318383388676,1.6705655113209537,1.0065278741175026,-0.0020217081872060394,0.06672527772642142
4360.0,0.091863,21.217433,-1.81805,22.134759,0.1281,0.073571,0.066817,0.0067539999999999,0.0545289999999999,0.0612829999999999,0.679515,0.1238584265541903,0.4043242933962845,1205.0,3,1.0657357007460464,1.4495117501877823,1.0362691346528434,0.01884403814921143,0.06445567073503178
4361.0,0.091731,21.21914,-1.818706,22.138566,0.127981,0.072962,0.067011,0.0059509999999999,0.055019,0.06097,0.736092,0.1081606688476916,0.226340904519309,1206.0,3,1.060292506477923,1.2771756626247373,1.0455810948204607,0.016071581947473268,0.06293638472761265
4362.0,0.092913,21.22439,-1.813587,22.135546,0.127283,0.073429,0.066796,0.006633,0.053854,0.060487,0.868107,0.1231640516200909,0.3964513725477823,1207.0,3,1.051892944715928,1.423543298637208,1.0234414344219467,0.04100043841377177,0.06346562964201131
4363.0,0.097506,21.21809,-1.814375,22.138434,0.126015,0.072405,0.066302,0.0061029999999999,0.0536099999999999,0.0597129999999999,0.604078,0.1138385779037883,0.290717837482225,1208.0,3,1.0384327774203068,1.3097971885395354,1.0188044583384792,0.0984631977379341,0.06072657673028627
4364.0,0.095669,21.222553,-1.801381,22.13804,0.126382,0.073775,0.06667,0.007105,0.052607,0.059712,0.948259,0.13505550486618,0.5312783450990823,1209.0,3,1.0384153870232857,1.524841721214739,0.999743445995383,0.07305888802182514,0.05961372791205645
4365.0,0.090287,21.224915,-1.799675,22.137515,0.126759,0.073445,0.067032,0.006413,0.053314,0.059727,0.863392,0.1202850980024383,0.3638093907520441,1210.0,3,1.0386762429786274,1.3763279321815793,1.0131792742372279,0.0942276985434285,0.06704459787386827
4366.0,0.091731,21.219271,-1.797837,22.138303,0.12708,0.073445,0.067641,0.0058039999999999,0.053635,0.0594389999999999,0.79267,0.1082109031247667,0.2269104678313931,1211.0,3,1.0336678086360696,1.2456272132202946,1.019279558347033,0.11118998604043906,0.07990574540279331
4367.0,0.095013,21.223471,-1.790094,22.130164,0.126869,0.072846,0.066785,0.0060609999999999,0.054023,0.060084,0.886966,0.1121908781282392,0.2720359852465603,1212.0,3,1.044884614715754,1.3007833458525517,1.026653110479757,0.06062862261562518,0.08717618512522211
4368.0,0.099475,21.214414,-1.781037,22.133577,0.127136,0.073896,0.067284,0.006612,0.0532399999999999,0.059852,0.830388,0.1241900039443287,0.4080837645688706,1213.0,3,1.0408500426064728,1.4190363772937162,1.0117729782119127,0.08467453583806206,0.08670379195660713
4369.0,0.092256,21.219665,-1.785369,22.130033,0.127503,0.073996,0.067431,0.006565,0.053507,0.060072,0.688944,0.1226919339164237,0.3910984354966058,1214.0,3,1.0446759299514807,1.4089494580963773,1.0168470463032477,0.07228699143091222,0.08206855840973615
4370.0,0.093044,21.204045,-1.779594,22.12662,0.127044,0.073508,0.068082,0.005426,0.0535359999999999,0.0589619999999999,0.580504,0.1013504679007042,0.1491258865440841,1215.0,3,1.025372589256211,1.164502629037463,1.017398162313166,0.14745551343846186,0.0818910623123602
4371.0,0.0958,21.214939,-1.7813,22.124651,0.127053,0.073718,0.067242,0.006476,0.0533349999999999,0.059811,0.424915,0.1214189290535475,0.376664926979795,1216.0,3,1.0401370363285394,1.3898486962120549,1.0135783582444096,0.08877597917176128,0.07128087716526467
4372.0,0.09685,21.214677,-1.778412,22.12045,0.12799,0.073896,0.067357,0.006539,0.0540939999999999,0.0606329999999999,0.886966,0.1208799334504114,0.3705537188805492,1217.0,3,1.0544319426812498,1.4033694602425302,1.0280023945040422,0.03627650672762184,0.06910671867497024
4373.0,0.097638,21.210345,-1.771194,22.125701,0.127099,0.073865,0.066801,0.007064,0.0532339999999999,0.0602979999999999,0.604078,0.1326946557715788,0.5045107053927884,1218.0,3,1.0486061596786238,1.5160424938298263,1.0116589542098602,0.052110862269224345,0.07590658664812058
4374.0,0.100788,21.217696,-1.762006,22.124651,0.127365,0.074064,0.067347,0.006717,0.053301,0.060018,0.773811,0.1260177854489512,0.4288074088244256,1219.0,3,1.0437368485122516,1.4415709840111754,1.012932222232781,0.07128392704806563,0.07605192923420699
4375.0,0.099869,21.219796,-1.757544,22.1215,0.128688,0.07491,0.067095,0.007815,0.0537779999999999,0.0615929999999999,1.000122,0.1453169452760371,0.6476240024249962,1220.0,3,1.071126723823103,1.6772185856851776,1.0219971303959474,-0.011874152927526804,0.06910049762737902
4376.0,0.09895,21.214677,-1.755838,22.120844,0.126355,0.071822,0.06668,0.0051419999999999,0.054533,0.0596749999999999,0.745522,0.0942898008581801,0.069071048684014,1221.0,3,1.0377719423334417,1.1035518832492661,1.0363451506542136,0.08944840113749486,0.058050338147937273
4377.0,0.099081,21.218746,-1.754394,22.117562,0.125666,0.072846,0.06678,0.0060659999999999,0.05282,0.0588859999999999,0.726663,0.1148406883625828,0.3020799070733144,1222.0,3,1.024050919082481,1.3018564223629068,1.0037912980682442,0.1286273023471285,0.054618140886461754
4378.0,0.100263,21.209426,-1.744681,22.115855,0.126685,0.07293,0.066864,0.0060659999999999,0.053755,0.0598209999999999,0.651226,0.1128432175013019,0.2794323009807193,1223.0,3,1.0403109402987654,1.3018564223629068,1.0215600383880816,0.08612796169892623,0.05736744520820305
4379.0,0.095275,21.220977,-1.743369,22.123075,0.127981,0.074175,0.066706,0.007469,0.053806,0.061275,0.589933,0.138810935380155,0.5738579454513393,1224.0,3,1.065596577569866,1.6029616911685975,1.0225292424055272,0.002772675362632482,0.05702338272718642
4380.0,0.1,21.206276,-1.741794,22.117562,0.128266,0.073823,0.067462,0.006361,0.0544429999999999,0.060804,0.764381,0.11683564763794,0.3246990364507947,1225.0,3,1.057405700572144,1.3651679364738853,1.0346347906234252,0.0369539186440444,0.05877065233102724
4381.0,0.10315,21.210083,-1.737069,22.119925,0.126915,0.072242,0.066691,0.005551,0.054673,0.060224,0.915255,0.1015290631744522,0.1511508249240365,1226.0,3,1.047319270298941,1.191329541796343,1.0390057107021038,0.05445400655700605,0.06993174940046296
4382.0,0.105513,21.209295,-1.737463,22.117956,0.127136,0.073329,0.067021,0.006308,0.0538069999999999,0.060115,0.868107,0.1172316384180792,0.3291888357158221,1227.0,3,1.0454237170234597,1.3537933254641201,1.0225482464058675,0.06376954994503481,0.06526978235423607
4383.0,0.101707,21.21809,-1.729719,22.121106,0.127632,0.073166,0.067494,0.0056719999999999,0.054466,0.060138,0.787955,0.1041364495933316,0.1807137395530378,1228.0,3,1.0458236961549832,1.2172979933469172,1.0350718826312948,0.048670237459058074,0.06573752117052889
4384.0,0.110107,21.20982,-1.733263,22.122025,0.127099,0.073655,0.067237,0.0064179999999999,0.0534439999999999,0.0598619999999999,1.000122,0.1200860697913741,0.3615527808495573,1229.0,3,1.0410239465766986,1.377401008691913,1.0156497942816953,0.08875662308647381,0.06487108504422061
4385.0,0.103938,21.21704,-1.728538,22.121106,0.12675,0.072673,0.067405,0.0052679999999999,0.054077,0.0593449999999999,0.896396,0.0974148452235658,0.1045032420546629,1230.0,3,1.0320331113159296,1.1305934113102172,1.027679326498229,0.09973681776683041,0.07333391491517617
4386.0,0.1063,21.216515,-1.715544,22.121369,0.127577,0.073219,0.067305,0.005914,0.0543579999999999,0.0602719999999999,0.580504,0.1087952317003624,0.2335356675603408,1231.0,3,1.048154009356032,1.2692348964481304,1.033019450594349,0.04282873067522597,0.07816573184105334
4387.0,0.108269,21.214152,-1.709507,22.120056,0.12697,0.073775,0.067998,0.0057769999999999,0.053195,0.058972,0.618222,0.1085983908564551,0.2313038583349047,1232.0,3,1.0255464932264404,1.2398326000643765,1.0109177981965212,0.13330469051005667,0.08354006975403676
4388.0,0.108007,21.218615,-1.709507,22.123207,0.127485,0.073571,0.067651,0.0059199999999999,0.0539139999999999,0.0598339999999999,0.660655,0.1098024668459611,0.2449558415725459,1233.0,3,1.0405370154600613,1.270522588260535,1.0245816744424692,0.07746360043584344,0.08209162732218976
4389.0,0.105775,21.223996,-1.711607,22.12255,0.126566,0.072479,0.066922,0.005557,0.054087,0.059644,0.594648,0.102739979293004,0.1648803625086554,1234.0,3,1.0372328400257378,1.192617233608769,1.0278693665016496,0.08740097407218805,0.08195352880754661
4390.0,0.104332,21.22124,-1.698876,22.119268,0.126465,0.072594,0.066712,0.005882,0.0538709999999999,0.059753,0.736092,0.1091847341847344,0.237951901613681,1235.0,3,1.0391283933012192,1.262367206781857,1.02376450242776,0.08527208790281615,0.07581534716028693
4391.0,0.103544,21.21809,-1.695988,22.120319,0.125914,0.072484,0.06637,0.006114,0.0534299999999999,0.059544,0.754952,0.1144279538095863,0.2974002645522349,1236.0,3,1.0354938003234615,1.3121579568623383,1.0153837382769064,0.10819738568684023,0.07359991969385288
4392.0,0.104069,21.225703,-1.694413,22.123863,0.126998,0.072972,0.066628,0.0063439999999999,0.054026,0.0603699999999999,0.896396,0.117422770096433,0.3313559136177231,1237.0,3,1.0498582682642628,1.361519476338656,1.026710122480783,0.04928512562656484,0.07916854954231732
4393.0,0.112469,21.231085,-1.693888,22.129245,0.126998,0.072935,0.066706,0.0062289999999999,0.054063,0.060292,0.79267,0.1152153003847291,0.3063273109676974,1238.0,3,1.0485018172964888,1.3368387166004865,1.0274132704934398,0.047289252312626595,0.0692232881722414
4394.0,0.108794,21.221634,-1.692182,22.124782,0.12765,0.072899,0.066649,0.00625,0.054751,0.061001,0.688944,0.1141510812390415,0.2942610443327611,1239.0,3,1.0608316087856287,1.3413456379439999,1.0404880227287854,0.027374806613876923,0.06567721732798039
4395.0,0.111551,21.22439,-1.689819,22.123994,0.126529,0.072038,0.066575,0.005463,0.054491,0.059954,0.627652,0.1002532481832197,0.1366854547759419,1240.0,3,1.0426238631027946,1.1724433952140914,1.0355469826398467,0.07758254310248991,0.06064433896682127
4396.0,0.115488,21.215464,-1.684176,22.123863,0.126869,0.073366,0.067147,0.006219,0.053503,0.059722,0.901111,0.1162343002392344,0.3178808749072732,1241.0,3,1.0385892909935133,1.3346925635797975,1.0167710303018795,0.09851502915987043,0.06773560596313902
4397.0,0.111813,21.214152,-1.681551,22.124519,0.126759,0.072773,0.066076,0.006697,0.053986,0.060683,0.797385,0.1240483820178933,0.4064780352107329,1242.0,3,1.0553014625323895,1.4372786779697546,1.0259499624671002,0.03385207680929736,0.07000861802363459
4398.0,0.112076,21.224522,-1.675119,22.122156,0.126952,0.072804,0.066465,0.0063389999999999,0.054148,0.060487,0.948259,0.117065873792683,0.3273093730348737,1243.0,3,1.051892944715928,1.360446399828301,1.029028610522516,0.04200289199323337,0.07874962894347079
4399.0,0.114569,21.229509,-1.679188,22.12255,0.12708,0.072636,0.066491,0.006145,0.0544439999999999,0.060589,0.566359,0.1128661952429059,0.2796928258528619,1244.0,3,1.0536667652122498,1.3188110312265406,1.0346537946237675,0.03707219046059684,0.08204276242620515
4400.0,0.111419,21.226228,-1.674332,22.1215,0.125574,0.072227,0.066838,0.005389,0.0533469999999999,0.058736,0.528641,0.1010159706080828,0.145333309105698,1245.0,3,1.021442359529068,1.1565618628608343,1.0138064062485144,0.15618475786599362,0.08865432899092822
4401.0,0.119557,21.225572,-1.66987,22.124257,0.126437,0.073203,0.067415,0.005788,0.0532339999999999,0.0590219999999999,0.745522,0.1087254625716164,0.2327446153473189,1246.0,3,1.0264160130775768,1.2421933683871793,1.0116589542098602,0.13092750629179595,0.08784801207162071
4402.0,0.117588,21.223865,-1.665538,22.121369,0.126483,0.073277,0.067536,0.0057409999999999,0.053206,0.058947,0.641796,0.1078993365534609,0.2233778821424932,1247.0,3,1.0251117333008712,1.2321064491898188,1.0111268422002841,0.13669523482492696,0.08830360956541258
4403.0,0.120607,21.223603,-1.658582,22.119662,0.127227,0.073492,0.067331,0.006161,0.053735,0.059896,0.505067,0.114653118951913,0.2999532186643805,1248.0,3,1.0416152200754742,1.3222448760596772,1.0211799583812402,0.08022058713997016,0.09561958912964191
4404.0,0.119557,21.227015,-1.653201,22.128851,0.127126,0.072867,0.067625,0.0052419999999999,0.0542589999999999,0.0595009999999999,0.858677,0.0966089200147437,0.0953655484725946,1249.0,3,1.0347460132514807,1.12501341345637,1.031138054560484,0.09349047226110763,0.10060358639978292
4405.0,0.125595,21.223996,-1.647295,22.123338,0.127512,0.072836,0.067441,0.0053949999999999,0.0546759999999999,0.0600709999999999,0.500352,0.0986703732830989,0.1187385961124793,1250.0,3,1.0446585395544563,1.157849554673239,1.039062722703128,0.06951937390941476,0.10362957253140634
4406.0,0.128745,21.221634,-1.647557,22.124125,0.126474,0.072389,0.067084,0.0053049999999999,0.054085,0.05939,0.934114,0.0980845320415632,0.112096245563952,1251.0,3,1.0328156791819558,1.1385341774868456,1.0278313585009655,0.10307100409778913,0.09991029205688992
4407.0,0.132814,21.226228,-1.644276,22.131083,0.126447,0.073014,0.066895,0.0061189999999999,0.053433,0.059552,0.655941,0.1145151027435714,0.2983883714460791,1252.0,3,1.0356329234996435,1.313231033372672,1.0154407502779343,0.10701187245159072,0.09616662084824876
4408.0,0.129532,21.222159,-1.640863,22.134234,0.126952,0.073256,0.067132,0.006124,0.053696,0.05982,0.552215,0.1140473397024043,0.2930848081719517,1253.0,3,1.0402935499017443,1.3143041098830488,1.0204388023678994,0.09184286469464353,0.09039774413322901
4409.0,0.13032,21.208245,-1.634695,22.13082,0.127503,0.073944,0.067389,0.0065549999999999,0.053559,0.060114,0.6748,0.1223861090365942,0.3876309499147381,1254.0,3,1.0454063266264368,1.4068033050756457,1.0178352543210356,0.06733205177683088,0.09825835919904016
4410.0,0.127039,21.218352,-1.63522,22.135021,0.126502,0.073014,0.067116,0.005898,0.053488,0.059386,0.745522,0.1102656620987492,0.2502076146183758,1255.0,3,1.0327461175938648,1.2658010516149936,1.0164859702967484,0.11899195312082955,0.09759108458059639
4411.0,0.132158,21.214021,-1.632989,22.138303,0.125877,0.071623,0.066402,0.005221,0.0542539999999999,0.0594749999999999,0.797385,0.0962307621417381,0.0910779412215168,1256.0,3,1.034293862928889,1.1205064921128995,1.0310430345587736,0.09349079420538431,0.10254227743192885
4412.0,0.130451,21.226228,-1.63102,22.140535,0.126777,0.072668,0.067037,0.0056309999999999,0.054109,0.05974,0.740807,0.1040657919053778,0.1799126127305093,1257.0,3,1.0389023181399233,1.2084987659620046,1.0282874545091751,0.07900646767472952,0.102871361950262
4413.0,0.132026,21.21809,-1.62787,22.141322,0.125739,0.072085,0.067058,0.0050269999999999,0.0536539999999999,0.0586809999999999,0.528641,0.0936911751001768,0.062283745486287,1258.0,3,1.0204858876928142,1.0788711235110964,1.0196406343535305,0.15882673779808154,0.10675114777304535
4414.0,0.13347,21.220452,-1.627607,22.144079,0.125978,0.071313,0.066449,0.004864,0.054665,0.059529,0.505067,0.088976694837742,0.0088303039444808,1259.0,3,1.0352329443681199,1.0438888292735384,1.0388536786993672,0.08681772607666993,0.08681772607666993
4415.0,0.139377,21.222553,-1.61422,22.14316,0.125574,0.071465,0.066512,0.0049529999999999,0.0541089999999999,0.0590619999999999,0.566359,0.091535760487895,0.0378453508886904,1260.0,3,1.0271116289584874,1.0629895911578395,1.0282874545091731,0.1190313024227393,0.1190313024227393
4416.0,0.138064,21.219796,-1.61107,22.144998,0.12618,0.072505,0.066591,0.005914,0.0536749999999999,0.0595889999999999,0.759666,0.1101795960950891,0.2492317861411537,1261.0,3,1.036276368189484,1.2692348964481304,1.020039718360714,0.1063618492811208,0.1063618492811208
4417.0,0.141739,21.22124,-1.61422,22.152874,0.125022,0.070998,0.066349,0.004649,0.0540239999999999,0.0586729999999999,0.655941,0.0860527533549282,0.0243217566057798,1262.0,3,1.0203467645166322,0.9977465393282648,1.026672114480097,0.14580973067942427,0.14580973067942427
