elapsed_runtime_s,Temperature TS inlet (Mean),Temperature TS outlet (Mean),Tank temperature (Mean),Bypass temperature (Mean),Pump outlet pressure (Mean),TS inlet pressure (Mean),TS outlet pressure (Mean),Differential pressure (Mean),Pump to inlet DP,Total system DP,Flow rate (Mean),Pressure_Ratio,Relative_Ratio_Dev,run_specific_time_s,label,rel_tot_dp_change,rel_ts_dp_change,rel_p_ts_dp_change,anomaly_score,smooth_score
1538.0,-0.957778,21.906425,-1.733788,22.202233,0.14144,0.087862,0.069353,0.0185089999999999,0.053578,0.072087,1.504606,0.3454525093786743,0.0280851775978067,0.0,0,0.9911863381366194,0.9669060989943815,0.9960865240711314,0.2606955657727468,0.2606955657727468
1539.0,-0.962372,21.904193,-1.740481,22.199214,0.142258,0.088267,0.069085,0.019182,0.053991,0.073173,0.863392,0.3552748555341533,0.0004504562971991,1.0,0,1.0061186888131126,1.002063471333423,1.003764745252239,0.24930371935290419,0.24930371935290419
1540.0,-0.943471,21.906425,-1.731688,22.202233,0.141909,0.088046,0.068927,0.0191189999999999,0.053863,0.072982,0.924685,0.3549495024506162,0.0013658223050265,2.0,0,1.00349246507535,0.9987723651560637,1.001385054426133,0.26141222825166416,0.26141222825166416
1541.0,-0.953184,21.903406,-1.732738,22.19777,0.141854,0.087673,0.069116,0.018557,0.054181,0.072738,1.188714,0.3424938171348418,0.036409322794723,3.0,0,1.0001374986250144,0.969413608462847,1.0072970988222398,0.24893878595117314,0.24893878595117314
1542.0,-0.967622,21.907869,-1.739694,22.197113,0.141284,0.087521,0.067977,0.019544,0.0537629999999999,0.073307,0.971833,0.3635146194479579,0.0227317423075383,4.0,0,1.007961170388297,1.0209742719080606,0.9995259209682359,0.24516543696353754,0.24516543696353754
1543.0,-0.946621,21.904587,-1.743763,22.197245,0.140145,0.086996,0.068586,0.01841,0.0531489999999999,0.071559,1.339588,0.3463781749764819,0.0254808598097694,5.0,0,0.9839264107358934,0.9617343607156874,0.9881108415367588,0.25130281584164815,0.2525688168417509
1544.0,-0.907901,21.903274,-1.736413,22.198426,0.140953,0.088015,0.068334,0.0196809999999999,0.052938,0.0726189999999999,1.268866,0.3717675059974686,0.0459508608471599,6.0,0,0.9985012649873496,1.0281311218492857,0.9841880699406016,0.21719240458068234,0.25158285573901085
1545.0,-0.905408,21.903406,-1.730769,22.197639,0.141431,0.087883,0.068822,0.019061,0.053548,0.072609,1.160425,0.3559543595585353,0.0014612971717991,7.0,0,0.9983637663623373,0.9957424578816795,0.9955287840337628,0.2682874733178982,0.25236317880796766
1546.0,-0.924308,21.908525,-1.727094,22.197113,0.141027,0.086886,0.067977,0.018909,0.054141,0.07305,1.075559,0.3492482730597319,0.017405970228345,8.0,0,1.0044274557254436,0.9878020112315553,1.0065534454390819,0.25876126611104405,0.2520957574238857
1547.0,-0.933759,21.90183,-1.726307,22.197113,0.140255,0.086912,0.06898,0.017932,0.0533429999999999,0.0712749999999999,1.000122,0.3361577684463109,0.0542355057537673,9.0,0,0.9800214497855014,0.9367637455922709,0.9917175604450756,0.2646284722742109,0.2523210821951671
1548.0,-0.911183,21.902224,-1.724075,22.195144,0.141403,0.087259,0.068649,0.01861,0.054144,0.072754,1.16514,0.3437067134546127,0.0329968945181343,10.0,0,1.0003574964250366,0.9721823168342718,1.0066092194428187,0.25083595474534565,0.25369604436773774
1549.0,-0.891363,21.908131,-1.720007,22.194882,0.141174,0.08719,0.068481,0.018709,0.0539839999999999,0.072693,1.066129,0.3465592294155785,0.0249714714329526,11.0,0,0.9995187548124526,0.977354055112971,1.0036346059101844,0.2571069500424721,0.255090944632373
1550.0,-0.905276,21.907212,-1.718694,22.195538,0.140448,0.087306,0.069489,0.017817,0.0531419999999999,0.070959,1.15571,0.3352652277816457,0.0567466280586682,12.0,0,0.9756764932350683,0.9307561708240849,0.9879807021947061,0.25873801441084454,0.25013942936646794
1551.0,-0.881913,21.898811,-1.724338,22.192388,0.142478,0.08823,0.069657,0.018573,0.0542479999999999,0.072821,1.066129,0.3423657578941549,0.0367696116066152,13.0,0,1.0012787372126286,0.9702494449523337,1.0085427182390279,0.25119203366398773,0.2491980108531396
1552.0,-0.873775,21.895924,-1.717644,22.195932,0.141109,0.0877,0.069137,0.0185629999999999,0.053409,0.071972,1.382021,0.3475566373338324,0.0221653099102708,14.0,0,0.9896051039489612,0.9697270471463992,0.9929445885272884,0.25891505868924397,0.2483988938363179
1553.0,-0.882963,21.89763,-1.713707,22.19672,0.141734,0.088093,0.069941,0.018152,0.0536409999999999,0.071793,0.769096,0.3383915588531375,0.047950838693628,15.0,0,0.9871438785612151,0.9482564973227138,0.9972577781496035,0.26525181848800033,0.24754348582117142
1554.0,-0.897664,21.90485,-1.709113,22.202364,0.143204,0.088487,0.068822,0.019665,0.054717,0.074382,0.962403,0.3593881355312694,0.0111220686935091,16.0,0,1.022742272577275,1.027295285359804,1.0172620541565587,0.16767725192163208,0.2486449536695723
1555.0,-0.858419,21.899337,-1.723157,22.20499,0.142598,0.08897,0.069515,0.019455,0.053628,0.073083,1.363162,0.3627701430196348,0.0206371919540973,17.0,0,1.0048812011879888,1.0163249314352905,0.9970160908000791,0.2588732881846147,0.24902184515661124
1556.0,-0.842799,21.89553,-1.708588,22.19777,0.142322,0.088219,0.06972,0.018499,0.054103,0.072602,1.080273,0.3419155700133077,0.0380361946024897,18.0,0,0.9982675173248275,0.9663837011884575,1.0058469747250816,0.25077009594282734,0.24900682645280633
1557.0,-0.860912,21.895005,-1.702682,22.201839,0.141376,0.0874,0.068817,0.018583,0.0539759999999999,0.072559,1.339588,0.344276265816922,0.0313944850174527,19.0,0,0.9976762732372684,0.9707718427582628,1.0034858752335527,0.25607439212274563,0.24977199549950396
1558.0,-0.886638,21.892248,-1.721582,22.203677,0.141247,0.087784,0.068912,0.018872,0.053463,0.072335,1.122707,0.3529851862935806,0.0068923358982864,20.0,0,0.9945963040369603,0.9858691393496173,0.9939485205945517,0.2618506332293544,0.24755970944078562
1559.0,-0.869313,21.890411,-1.705832,22.201445,0.142092,0.088456,0.069101,0.019355,0.0536359999999999,0.072991,1.014266,0.3608516509126165,0.0152396022280121,21.0,0,1.0036162138378624,1.0111009533759985,0.9971648214767088,0.26087586491286197,0.2475126590191148
1560.0,-0.835449,21.885817,-1.703076,22.19777,0.140825,0.0874,0.068917,0.018483,0.053425,0.071908,1.160425,0.3459551529217983,0.0266710129972205,22.0,0,0.9887251127488732,0.9655478646989707,0.9932420498805516,0.2585878273727951,0.25548335937939715
1561.0,-0.845949,21.888442,-1.707013,22.195407,0.142221,0.088272,0.069127,0.019145,0.0539489999999999,0.0730939999999999,0.769096,0.3548656163113997,0.00160183211791,23.0,0,1.0050324496755025,1.0001305994514849,1.002983909199921,0.25884372413096396,0.24739297762233403
1562.0,-0.847787,21.895792,-1.708063,22.195932,0.14144,0.087022,0.068738,0.018284,0.054418,0.072702,1.28301,0.3359855932670575,0.0547199127394542,24.0,0,0.9996425035749651,0.9551521483609794,1.0117032451174517,0.2367921981020608,0.2443337832972447
1563.0,-0.83348,21.886079,-1.707669,22.189631,0.140797,0.08698,0.069127,0.017853,0.053817,0.07167,0.985977,0.3317291612471665,0.0666951893936026,25.0,0,0.9854526454735459,0.9326368029254302,1.0005298530355011,0.26478131427129153,0.24463318123510636
1564.0,-0.812348,21.880041,-1.698088,22.189106,0.141835,0.08749,0.069269,0.018221,0.0543449999999999,0.0725659999999999,0.901111,0.3352776653295551,0.0567116355869411,26.0,0,0.9977725222747765,0.9518610421836253,1.0103460776931863,0.24738425552445564,0.24503074453304233
1565.0,-0.843981,21.892642,-1.704913,22.182673,0.142781,0.08824,0.06856,0.01968,0.0545409999999999,0.074221,1.04727,0.3608228521139673,0.0151585781262479,27.0,0,1.0205285447145536,1.028078882068698,1.013989979270661,0.17796947061398394,0.24007314274271727
1566.0,-0.838337,21.888573,-1.702944,22.180836,0.140512,0.087878,0.068922,0.018956,0.052634,0.07159,1.330158,0.360140590861594,0.0132390673225055,28.0,0,0.9843526564734361,0.9902572809194227,0.9785363042286,0.22017815269193391,0.23365563020212954
1567.0,-0.799879,21.885685,-1.700319,22.178341,0.141495,0.0876,0.069158,0.018442,0.053895,0.072337,1.622476,0.3421775270892088,0.0372991903602588,29.0,0,0.9946238037619631,0.9634060336946609,1.0019799771326594,0.25906837150136214,0.22961083232149382
1568.0,-0.788985,21.89553,-1.693757,22.176897,0.141357,0.087668,0.06899,0.018678,0.053689,0.072367,0.901111,0.3478860122927918,0.0212386285400398,30.0,0,0.9950362996370044,0.9757346219145905,0.9981501622093952,0.265826266208714,0.23199318691055404
1569.0,-0.780191,21.896055,-1.694544,22.177816,0.142267,0.087857,0.068481,0.019376,0.05441,0.073786,0.985977,0.3561044641708479,0.0018836096276557,31.0,0,1.0145473545264556,1.0121979887684498,1.0115545144408202,0.21129984700961174,0.22692938518980701
1570.0,-0.833087,21.895136,-1.695988,22.172434,0.142736,0.088624,0.06866,0.0199639999999999,0.054112,0.074076,1.27358,0.3689316800029566,0.03797239421863,32.0,0,1.0185348146518542,1.0429149797570825,1.0060142967362922,0.19441270196691757,0.22673373280029638
1571.0,-0.798567,21.888704,-1.697169,22.166527,0.142892,0.089254,0.069363,0.019891,0.0536379999999999,0.073529,1.316014,0.370830925259606,0.0433158338122074,33.0,0,1.011013639863602,1.0391014757738044,0.9972020041458668,0.2183957453246072,0.23535330357304535
1572.0,-0.77691,21.891986,-1.681026,22.169546,0.142322,0.088429,0.069799,0.0186299999999999,0.053893,0.072523,1.042555,0.345678554198983,0.0274492108428383,34.0,0,0.9971812781872189,0.973227112446125,1.0019427944635015,0.2606157439926626,0.23849396096310055
1573.0,-0.772447,21.901437,-1.685226,22.170728,0.141753,0.087243,0.068103,0.01914,0.0545099999999999,0.07365,0.985977,0.3511217919319038,0.0121349106398964,35.0,0,1.0126773732262684,0.9998694005485202,1.0134136478987135,0.2141432970638213,0.23812913846878597
1574.0,-0.803817,21.895661,-1.691001,22.164164,0.142285,0.088471,0.068969,0.0195019999999999,0.053814,0.0733159999999999,1.306584,0.3623896683080924,0.0195667437690127,36.0,0,1.008084919150808,1.0187802011231528,1.0004740790317643,0.24542773162934967,0.2346319629692643
1575.0,-0.78846,21.892642,-1.685488,22.1576,0.141789,0.088324,0.069316,0.0190079999999999,0.053465,0.072473,1.193429,0.3555156548086634,0.0002270214392949,37.0,0,0.99649378506215,0.9929737495102494,0.9939857032637097,0.26416517834147335,0.23924646596494564
1576.0,-0.746721,21.894874,-1.680369,22.157731,0.142616,0.088713,0.069463,0.01925,0.0539029999999999,0.073153,1.349017,0.3571163550014842,0.0047305181613848,38.0,0,1.005843691563085,1.0056157764137417,1.0021287078092893,0.25158472659248565,0.23970662979170526
1577.0,-0.749346,21.898811,-1.683126,22.156681,0.141697,0.087616,0.069405,0.018211,0.0540809999999999,0.072292,1.325443,0.3367294108945676,0.0526272158919444,39.0,0,0.9940050599494011,0.9513386443776961,1.0054379653643428,0.2554201465582167,0.2422882981952564
1578.0,-0.756697,21.89763,-1.679057,22.157994,0.142046,0.087574,0.068838,0.018736,0.054472,0.073208,1.212288,0.3439502138674206,0.0323118172526811,40.0,0,1.0065999340006606,0.9787645291889798,1.0127071771847151,0.23085451121349715,0.24165827452541272
1579.0,-0.770609,21.903799,-1.678401,22.155762,0.142138,0.088246,0.069095,0.019151,0.0538919999999999,0.0730429999999999,1.117992,0.3553522720947063,0.0002326483477469,41.0,0,1.0043312066879324,1.0004440381350423,1.0019242031289206,0.2574448769664252,0.24419620320534802
1580.0,-0.753153,21.891461,-1.681944,22.152481,0.143268,0.0899,0.069725,0.020175,0.053368,0.073543,1.198144,0.3780284434784237,0.0635657218618281,42.0,0,1.0112061379386212,1.053937573462194,0.9921823438095513,0.19901434023451364,0.24021472276421357
1581.0,-0.762734,21.90183,-1.679582,22.152743,0.141734,0.088282,0.068628,0.019654,0.053452,0.073106,1.02841,0.3676875011692516,0.0344719540210125,43.0,0,1.0051974480255206,1.026720647773282,0.9937440159141834,0.24421242936011855,0.2360208401320297
1582.0,-0.745409,21.901437,-1.680501,22.151693,0.142634,0.088492,0.069694,0.0187979999999999,0.054142,0.07294,1.306584,0.3471916960641263,0.0231920554677763,44.0,0,1.0029149708502922,0.9820033955857359,1.0065720367736608,0.2543155072942262,0.23210364633320602
1583.0,-0.712595,21.898418,-1.670001,22.14526,0.142717,0.088771,0.069311,0.01946,0.053946,0.073406,1.250006,0.3607244147033199,0.0148816289772633,45.0,0,1.009322406775933,1.0165861303382553,1.002928135196186,0.239522583863174,0.22631908506506004
1584.0,-0.716401,21.897236,-1.65412,22.146967,0.14325,0.089994,0.069857,0.020137,0.0532559999999999,0.0733929999999999,0.872822,0.3781099198227464,0.0637949518270839,46.0,0,1.0091436585634137,1.051952461799663,0.9901001143367067,0.20561292721800495,0.22846701731822233
1585.0,-0.720733,21.897499,-1.67092,22.144342,0.141431,0.087805,0.067961,0.019844,0.053626,0.07347,1.15571,0.3700374811195852,0.0410835150433515,47.0,0,1.0102023979760208,1.0366462060859372,0.9969789081309212,0.22222635201963475,0.2264499896184065
1586.0,-0.759584,21.898024,-1.668426,22.146179,0.14155,0.08876,0.068927,0.019833,0.05279,0.072623,1.254721,0.3756890379041882,0.05698391136261,48.0,0,0.9985562644373562,1.0360715684994148,0.9814365524229166,0.21241278860424906,0.23285489478802499
1587.0,-0.72047,21.898286,-1.66987,22.14316,0.140861,0.088713,0.069568,0.0191449999999999,0.0521479999999999,0.0712929999999999,1.334873,0.367121133674663,0.0328785049998792,49.0,0,0.9802689473105263,1.0001305994514798,0.9695009156232272,0.19757453387675733,0.2316894849256673
1588.0,-0.679256,21.891592,-1.653463,22.138697,0.141155,0.087857,0.069011,0.018846,0.053298,0.072144,1.240577,0.3535901236420946,0.0051903723586298,50.0,0,0.9919700802991978,0.9845109050542014,0.9908809503890246,0.25233383374511986,0.2321004164102604
1589.0,-0.685688,21.896974,-1.661732,22.134102,0.141927,0.087957,0.068486,0.0194709999999999,0.05397,0.0734409999999999,1.15571,0.3607678197550534,0.0150037471034936,51.0,0,1.0098036519634797,1.017160767924772,1.0033743272260809,0.23727459996826655,0.22835422766713695
1590.0,-0.72257,21.893692,-1.666457,22.136334,0.141697,0.088041,0.068665,0.0193759999999999,0.0536559999999999,0.0730319999999999,1.056699,0.3611085226531485,0.0159622991119581,52.0,0,1.0041799582004174,1.0121979887684445,0.9975366481682878,0.26306339193069883,0.23418082063891013
1591.0,-0.732808,21.897105,-1.660945,22.132527,0.141569,0.088561,0.069059,0.019502,0.053008,0.07251,1.40088,0.367899790601596,0.0350692206215823,53.0,0,0.9970025299747011,1.0187802011231577,0.9854894633611283,0.23255833073654175,0.23620152572850572
1592.0,-0.697501,21.889229,-1.661863,22.132264,0.142065,0.088645,0.069347,0.0192979999999999,0.0534199999999999,0.0727179999999999,1.02841,0.3612437056588232,0.0163426303105602,54.0,0,0.9998625013749856,1.0081232858821965,0.993149093207655,0.25842482214015705,0.2405554748883393
1593.0,-0.644212,21.887654,-1.653201,22.128326,0.143158,0.088844,0.069153,0.019691,0.054314,0.074005,1.009551,0.3625333701555739,0.0199710423390973,55.0,0,1.0175585744142566,1.02865351965522,1.0097697463212407,0.20206069643193952,0.24653662513685326
1594.0,-0.6723,21.89553,-1.656351,22.125307,0.141504,0.087999,0.068801,0.0191979999999999,0.053505,0.0727029999999999,0.844533,0.3588008821440585,0.0094698581695134,56.0,0,0.9996562534374651,1.0028993078229045,0.9947293566468678,0.2638788569357368,0.24287281662994703
1595.0,-0.698026,21.890279,-1.658976,22.123075,0.141357,0.088319,0.069132,0.0191869999999999,0.053038,0.072225,1.188714,0.3617526725616997,0.0177745853943647,57.0,0,0.9930838191618091,1.0023246702363822,0.9860472033984969,0.24243340291559073,0.23574276816861497
1596.0,-0.694482,21.892248,-1.662782,22.124388,0.141486,0.087616,0.068449,0.019167,0.05387,0.073037,1.089703,0.3557943977279056,0.0010112518834113,58.0,0,1.0042487075129256,1.001279874624529,1.0015151937681857,0.25595228020258487,0.23188997764591712
1597.0,-0.665606,21.889886,-1.647951,22.123732,0.141651,0.088361,0.069053,0.0193079999999999,0.05329,0.072598,1.099133,0.3623125856148316,0.0193498751399048,59.0,0,0.9982125178748219,1.008645683688126,0.990732219712393,0.2573860363618969,0.22848955500991633
1598.0,-0.654974,21.888442,-1.649001,22.120056,0.14201,0.089101,0.069321,0.01978,0.052909,0.072689,1.075559,0.3738423738423739,0.0517884065538511,60.0,0,0.9994637553624471,1.03330286012799,0.983648921237812,0.21569574867605745,0.22447341700547244
1599.0,-0.644737,21.894874,-1.648345,22.124913,0.142736,0.089227,0.068407,0.02082,0.053509,0.074329,1.198144,0.3890861521210989,0.0946760789727101,61.0,0,1.0220135298647022,1.0876322319446288,0.9948037219851837,0.16597411535494566,0.2253740517811021
1600.0,-0.659306,21.893167,-1.642832,22.12255,0.142478,0.088576,0.068927,0.019649,0.0539019999999999,0.0735509999999999,1.325443,0.3645251655751999,0.0255748675798201,62.0,0,1.011316136838631,1.0264594488703174,1.0021101164747104,0.22453548670372042,0.22276352161883275
1601.0,-0.675056,21.894874,-1.646245,22.120712,0.141973,0.08803,0.067951,0.020079,0.0539429999999999,0.0740219999999999,1.287725,0.3722193385733353,0.0472220711171877,63.0,0,1.0177923220767786,1.0489225545252736,1.0028723611924473,0.19855410437653387,0.22130880692383165
1602.0,-0.657468,21.894349,-1.648345,22.122944,0.143177,0.088839,0.069547,0.019292,0.054338,0.07363,1.518751,0.3550304569462081,0.0011380605372878,64.0,0,1.012402375976241,1.0078098471986443,1.0102159383511355,0.2182634420957178,0.21679114759106693
1603.0,-0.617961,21.888704,-1.638107,22.122156,0.141734,0.088891,0.068906,0.019985,0.052843,0.072828,1.117992,0.3781886306865491,0.0640164012394837,65.0,0,1.0013749862501382,1.044012015149539,0.9824218931556011,0.21106704418823646,0.21111346174777473
1604.0,-0.628592,21.893036,-1.641651,22.125307,0.142046,0.088587,0.068885,0.0197019999999999,0.053459,0.073161,1.240577,0.3685372240927795,0.0368626105711622,66.0,0,1.0059536904630961,1.029228157241737,0.993874155256236,0.23777355531304328,0.21145017255717322
1605.0,-0.63253,21.89343,-1.64257,22.1215,0.141339,0.088072,0.068308,0.019764,0.0532669999999999,0.073031,1.02841,0.3710295111511603,0.0438745461280294,67.0,0,1.0041662083379173,1.0324670236385034,0.9903046190170752,0.22788625596557965,0.21458322693886508
1606.0,-0.643818,21.890148,-1.648082,22.122025,0.141844,0.089143,0.069332,0.0198109999999999,0.052701,0.072512,1.056699,0.3759060377215285,0.0575944304157527,68.0,0,0.9970300296997037,1.0349222933263655,0.9797819236453899,0.21077568687493808,0.21506703964678833
1607.0,-0.636861,21.892117,-1.635745,22.123732,0.140586,0.087999,0.068082,0.0199169999999999,0.0525869999999999,0.0725039999999999,1.103847,0.3787365938997488,0.0655580706573664,69.0,0,0.9969200307996914,1.0404597100692152,0.9776625115033873,0.20060917792897465,0.21682839732852416
1608.0,-0.60011,21.887786,-1.635351,22.124125,0.141936,0.088855,0.069032,0.019823,0.053081,0.072904,1.089703,0.3734410911420068,0.0506594160446727,70.0,0,1.0024199758002428,1.0355491706934858,0.9868466307853919,0.21906285677004217,0.2209336728390044
1609.0,-0.604967,21.891723,-1.634039,22.121894,0.141027,0.088561,0.069059,0.019502,0.052466,0.071968,1.481032,0.3717003068595498,0.045761799148597,71.0,0,0.9895501044989559,1.0187802011231577,0.975412960019336,0.19730465917186468,0.22329113665030667
1610.0,-0.600241,21.894349,-1.632857,22.125569,0.140898,0.088015,0.069221,0.0187939999999999,0.052883,0.0716769999999999,1.094418,0.355381589894864,0.0001501640589953,72.0,0,0.9855488945110542,0.9817944364633642,0.9831655465387592,0.22937361378295262,0.22438660530293997
1611.0,-0.620848,21.901174,-1.630101,22.128983,0.141578,0.088424,0.068444,0.0199799999999999,0.053154,0.073134,0.971833,0.3758818549524973,0.0575263933020249,73.0,0,1.005582444175559,1.0437508162465692,0.9882037982096554,0.21616768119389212,0.22663647203174805
1612.0,-0.631611,21.897893,-1.631676,22.135284,0.140402,0.086996,0.068381,0.018615,0.0534059999999999,0.072021,1.221718,0.3485498155672479,0.0193710484122726,74.0,0,0.9902788472115287,0.9724435157372363,0.9928888145235496,0.25931619720052024,0.2283657140315575
1613.0,-0.61888,21.89658,-1.631151,22.130033,0.141312,0.08823,0.068759,0.019471,0.0530819999999999,0.0725529999999999,1.29244,0.3668029312585951,0.0319832570676621,75.0,0,0.9975937740622587,1.0171607679247772,0.986865222119969,0.2346416823012593,0.22887664785642697
1614.0,-0.568215,21.900518,-1.630101,22.133052,0.141109,0.087915,0.068985,0.0189299999999999,0.053194,0.072124,1.099133,0.355860513206128,0.0011972647550217,76.0,0,0.9916950830491702,0.9888990466240014,0.9889474515928135,0.24872824183937636,0.2273090205565072
1615.0,-0.563096,21.904456,-1.623276,22.138172,0.141679,0.088519,0.069431,0.0190879999999999,0.05316,0.0722479999999999,1.17457,0.3590602133142716,0.0101994745462894,77.0,0,0.9934000659993393,0.9971529319576831,0.9883153462171291,0.2503849232536603,0.22966581936593142
1616.0,-0.594729,21.902618,-1.622882,22.138959,0.141459,0.087584,0.067972,0.0196119999999999,0.053875,0.073487,1.183999,0.3640210854554901,0.0241566612367678,78.0,0,1.0104361456385442,1.024526576988374,1.0016081504410803,0.22806810687303297,0.2334397870851527
1617.0,-0.619405,21.906687,-1.619601,22.144342,0.142193,0.08897,0.068807,0.020163,0.053223,0.073386,1.221718,0.3788328573575829,0.0658289034896213,79.0,0,1.0090474095259057,1.053310696095079,0.9894866002956032,0.205718516177669,0.23487236688430313
1618.0,-0.58121,21.902093,-1.613695,22.14316,0.14201,0.089322,0.069358,0.0199639999999999,0.052688,0.072652,1.160425,0.378902617244586,0.0660251697385174,80.0,0,0.9989550104498962,1.0429149797570825,0.9795402362958634,0.20338658377084456,0.22819239908387784
1619.0,-0.547215,21.909969,-1.608445,22.144604,0.14178,0.088561,0.06866,0.019901,0.0532189999999999,0.0731199999999999,1.41031,0.3739383690341978,0.052058484631966,81.0,0,1.0053899461005382,1.0396238735797336,0.9894122349572855,0.220872647266107,0.2270456826444903
1620.0,-0.562571,21.9059,-1.613432,22.146442,0.140797,0.087196,0.068266,0.01893,0.053601,0.072531,1.344303,0.353158464236409,0.006404826337759,82.0,0,0.9972912770872299,0.9888990466240066,0.9965141247664474,0.26711329097516473,0.2245881564976778
1621.0,-0.59696,21.910362,-1.612907,22.149855,0.141256,0.088282,0.06877,0.019512,0.0529739999999999,0.072486,1.202858,0.3683246814535159,0.0362646315845154,83.0,0,0.996672533274668,1.0193025989290871,0.9848573579854422,0.23049347918539664,0.2191815279058314
1622.0,-0.57294,21.907606,-1.617895,22.153399,0.141137,0.088645,0.068959,0.0196859999999999,0.052492,0.072178,1.471602,0.3750214314289523,0.0551056311035362,84.0,0,0.9924375756242446,1.0283923207522503,0.9758963347183887,0.19251651919626744,0.21784441129591386
1623.0,-0.523983,21.903143,-1.608707,22.152087,0.140668,0.088046,0.069552,0.0184939999999999,0.0526219999999999,0.0711159999999999,1.16514,0.3514432852554967,0.0112304038899954,85.0,0,0.9778352216477829,0.9661225022854876,0.9783132082136506,0.22317451790738385,0.2185819622235869
1624.0,-0.546033,21.906556,-1.602933,22.157731,0.141459,0.087285,0.067877,0.0194079999999999,0.054174,0.073582,0.957688,0.3582464236271341,0.0079099145119174,86.0,0,1.0117423825761749,1.013869661747418,1.0071669594801873,0.22415298037125164,0.22093049600675801
1625.0,-0.572809,21.903799,-1.609495,22.150643,0.141018,0.088839,0.069447,0.019392,0.052179,0.071571,0.830388,0.371636642391721,0.0455826820825366,87.0,0,0.9840914090859099,1.0130338252579365,0.9700772469951765,0.19631863733519578,0.22404602330115528
1626.0,-0.556534,21.9122,-1.60267,22.156944,0.141762,0.08887,0.068954,0.019916,0.0528919999999999,0.072808,1.415025,0.3765337568298263,0.0593604893937496,88.0,0,1.0010999890001107,1.0404074702886275,0.9833328685499679,0.2146969407738581,0.2163172447729409
1627.0,-0.50587,21.901962,-1.598864,22.156681,0.141468,0.08865,0.068822,0.019828,0.052818,0.072646,1.65548,0.3753952176300197,0.0561572614705589,89.0,0,0.9988725112748881,1.0358103695964502,0.9819571097911273,0.21309402545439943,0.21551960039755153
1628.0,-0.532514,21.908656,-1.595451,22.160488,0.142157,0.088545,0.068749,0.0197959999999999,0.053612,0.073408,0.698374,0.3692388040214125,0.0388364735862687,90.0,0,1.0093499065009357,1.0341386966174717,0.9967186294468158,0.22687192160255532,0.21682812562617917
1629.0,-0.564409,21.904456,-1.601751,22.156944,0.141789,0.087978,0.06857,0.0194079999999999,0.053811,0.0732189999999999,1.136851,0.3606630491340221,0.0147089797569897,91.0,0,1.0067511824881745,1.013869661747418,1.0004183050280273,0.25202792021008014,0.2189192564325822
1630.0,-0.545377,21.898811,-1.600833,22.151955,0.142864,0.088991,0.068738,0.020253,0.0538729999999999,0.074126,1.297155,0.3759327319300592,0.0576695333495538,92.0,0,1.019222307776923,1.058012276348442,1.0015709677719207,0.1898255056930207,0.22190494314707246
1631.0,-0.492219,21.903274,-1.595976,22.157469,0.141449,0.088708,0.069216,0.0194919999999999,0.0527409999999999,0.0722329999999999,1.188714,0.3695726366083955,0.0397756962889004,93.0,0,0.9931938180618187,1.0182578033172234,0.980525577028546,0.2225170354315028,0.2261536934488963
1632.0,-0.509938,21.901962,-1.59112,22.156813,0.14212,0.088571,0.068418,0.0201529999999999,0.053549,0.0737019999999999,0.608793,0.3763398692810455,0.0588149956502588,94.0,0,1.0133923660763386,1.0527882982891446,0.9955473753683418,0.20560177148254416,0.23071165680453426
1633.0,-0.551415,21.899862,-1.602801,22.154056,0.141624,0.088151,0.068523,0.0196279999999999,0.053473,0.073101,1.009551,0.3670568874593258,0.0326977512138328,95.0,0,1.0051286987130137,1.0253624134778607,0.9941344339403414,0.24408582597141376,0.23606452464936659
1634.0,-0.52162,21.907343,-1.598864,22.158519,0.14156,0.088382,0.069253,0.019129,0.0531779999999999,0.072307,1.193429,0.3597096598281278,0.0120266625852751,96.0,0,0.9942113078869218,0.9992947629619982,0.9886499902395485,0.2540098475161543,0.23780189924450582
1635.0,-0.506526,21.901962,-1.592039,22.1576,0.141302,0.088345,0.069158,0.019187,0.052957,0.072144,1.198144,0.3623059783224443,0.0193312858252152,97.0,0,0.9919700802991978,1.0023246702363875,0.9845413052976016,0.23880614035343445,0.23590117740719116
1636.0,-0.495107,21.908,-1.589545,22.15865,0.140788,0.087248,0.068765,0.018483,0.0535399999999999,0.0720229999999999,0.967118,0.3452120804617022,0.0287616133503203,98.0,0,0.9903063469365301,0.9655478646989707,0.9953800533571293,0.2602765743302375,0.24367693786800904
1637.0,-0.517157,21.90078,-1.590201,22.156681,0.14156,0.087957,0.069017,0.01894,0.053603,0.072543,1.193429,0.3533318409073949,0.0059170390100797,99.0,0,0.9974562754372464,0.9894214444299358,0.9965513074356052,0.2666227039027226,0.24757549160491998
1638.0,-0.530152,21.909575,-1.588364,22.161932,0.142037,0.088534,0.068901,0.0196329999999999,0.0535029999999999,0.0731359999999999,1.179284,0.3669445275119617,0.0323816316450853,100.0,0,1.0056099439005604,1.0256236123808253,0.994692173977708,0.2442456675539475,0.2506109045268479
1639.0,-0.485525,21.907606,-1.583639,22.159963,0.141725,0.088424,0.068696,0.019728,0.0533009999999999,0.073029,1.04727,0.3701174439983493,0.0413084869425353,101.0,0,1.0041387086129145,1.030586391537158,0.9909367243927596,0.23302070183693369,0.25197194247528204
1640.0,-0.480144,21.908656,-1.587445,22.161407,0.14189,0.08823,0.069384,0.018846,0.0536599999999999,0.0725059999999999,0.981262,0.3512047855984794,0.0119014117579359,102.0,0,0.9969475305246942,0.9845109050542014,0.9976110135066037,0.2675831103011996,0.24678460746418934
1641.0,-0.514926,21.917976,-1.580751,22.161801,0.141275,0.087364,0.068229,0.019135,0.053911,0.073046,1.080273,0.3549302567146459,0.001419969302225,103.0,0,1.004372456275438,0.9996082016455556,1.0022774384859228,0.26150257280061234,0.24131019515571106
1642.0,-0.501144,21.90695,-1.587708,22.15865,0.140972,0.088062,0.06898,0.019082,0.0529099999999999,0.0719919999999999,1.066129,0.3606433444841339,0.0146535416264894,104.0,0,0.9898801011989874,0.9968394932741307,0.9836675125723892,0.23595590070182337,0.23930301468700757
1643.0,-0.459931,21.908787,-1.576814,22.163639,0.142258,0.08854,0.069059,0.019481,0.053718,0.073199,1.240577,0.3626463634840559,0.0202889438966273,105.0,0,1.0064761852381483,1.0176831657307064,0.9986893109121848,0.25769620545575467,0.238865967628696
1644.0,-0.471218,21.907212,-1.57747,22.159569,0.14268,0.088487,0.068733,0.0197539999999999,0.054193,0.073947,1.363162,0.3645052957892016,0.0255189648464331,106.0,0,1.0167610823891768,1.0319446258325689,1.0075201948371872,0.20213649740522777,0.24032424651331313
1645.0,-0.499569,21.913381,-1.578783,22.160357,0.14235,0.088734,0.068313,0.0204209999999999,0.053616,0.074037,0.901111,0.3808680082809554,0.0715547074555815,107.0,0,1.0179985700143006,1.0667885594880477,0.9967929947851316,0.18406201726865157,0.24265321155418937
1646.0,-0.499176,21.9122,-1.582589,22.15655,0.141798,0.088645,0.069211,0.019434,0.053153,0.072587,1.075559,0.3656168867818039,0.0286463752221806,108.0,0,0.9980612693873069,1.0152278960428391,0.9881852068750765,0.2402047696432027,0.2416911733859966
1647.0,-0.449693,21.908394,-1.578389,22.160882,0.141063,0.087715,0.068623,0.0190919999999999,0.0533479999999999,0.0724399999999999,1.287725,0.3578698757240061,0.0068505142225609,109.0,0,0.9960400395996033,0.9973618910800548,0.9918105171179704,0.2622522333196066,0.24156190192840593
1648.0,-0.427511,21.907737,-1.568677,22.157338,0.141091,0.087616,0.068234,0.0193819999999999,0.0534749999999999,0.0728569999999999,1.367877,0.3624429650684418,0.0197166917646514,110.0,0,1.0017737322626767,1.012511427452002,0.9941716166094974,0.2588284564001188,0.23917915026489217
1649.0,-0.455993,21.907475,-1.573926,22.1576,0.141771,0.087736,0.068649,0.0190869999999999,0.054035,0.073122,0.929399,0.3532274779776443,0.0062106593358269,111.0,0,1.0054174458255425,0.9971006921770901,1.0045827639737128,0.25631035224569654,0.23655461604805295
1650.0,-0.488938,21.907737,-1.570514,22.155631,0.141174,0.087831,0.068486,0.019345,0.0533429999999999,0.0726879999999999,1.40088,0.3626462207558489,0.0202885423373502,112.0,0,0.9994500054999444,1.0105785555700693,0.9917175604450756,0.2579627286192714,0.23432244565578492
1651.0,-0.4682,21.906556,-1.574976,22.155369,0.141312,0.088015,0.069452,0.0185629999999999,0.053297,0.07186,1.297155,0.3482869901309617,0.0201104957466987,113.0,0,0.9880651193488071,0.9697270471463992,0.9908623590544456,0.26020985822470566,0.23158105104640098
1652.0,-0.442999,21.905637,-1.567627,22.152743,0.142046,0.088965,0.068969,0.019996,0.053081,0.073077,1.04727,0.376700199691044,0.059828768765034,114.0,0,1.0047987020129807,1.0445866527360612,0.9868466307853919,0.21212838406668583,0.22615271101054005
1653.0,-0.429742,21.908919,-1.568414,22.153268,0.141615,0.087112,0.068544,0.018568,0.0545029999999999,0.073071,1.136851,0.340672244238955,0.0415342347566676,115.0,0,1.0047162028379724,0.9699882460493692,1.013283508556661,0.23145086328736264,0.22171412824063977
1654.0,-0.451005,21.908131,-1.567758,22.163376,0.142579,0.088802,0.068355,0.020447,0.053777,0.074224,1.16514,0.3802112387965339,0.0697069165741119,116.0,0,1.0205697943020577,1.0681467937834688,0.9997861996523429,0.17981479348254742,0.22159827671142662
1655.0,-0.462818,21.912331,-1.572745,22.161932,0.142074,0.089632,0.068891,0.020741,0.052442,0.073183,1.127421,0.395496062391549,0.1127100681115458,117.0,0,1.0062561874381264,1.0835052892777877,0.9749667679894412,0.15664807117481228,0.22078716237109627
1656.0,-0.464131,21.909837,-1.569989,22.160226,0.14268,0.089096,0.068675,0.0204209999999999,0.053584,0.074005,1.358447,0.3810954558178593,0.0721946206894825,118.0,0,1.0175585744142566,1.0667885594880477,0.9961980720786051,0.18592136928459324,0.21307839375181709
1657.0,-0.412285,21.904062,-1.563033,22.169152,0.142781,0.089044,0.069148,0.0198959999999999,0.0537369999999999,0.0736329999999999,1.113277,0.3702407979455878,0.0416555376266905,119.0,0,1.012443625563744,1.0393626746767637,0.9990425462691831,0.21786640562060405,0.2099343688740097
1658.0,-0.424098,21.905506,-1.568677,22.170334,0.141991,0.088587,0.069253,0.019334,0.053404,0.072738,1.29244,0.3620260275255126,0.0185436570725088,120.0,0,1.0001374986250144,1.0100039179835472,0.9928516318543936,0.25766994110798724,0.21577502977212376
1659.0,-0.434336,21.914825,-1.564608,22.173222,0.14201,0.088209,0.068728,0.019481,0.053801,0.073282,1.169855,0.3620869112672391,0.0187149506929653,121.0,0,1.0076174238257625,1.0176831657307064,1.000232391682238,0.2481992088423931,0.21706218550271644
1660.0,-0.448511,21.914957,-1.560933,22.174534,0.142736,0.088503,0.068465,0.020038,0.054233,0.074271,0.924685,0.3694730243020983,0.0394954416247845,122.0,0,1.0212160378396224,1.0467807235209639,1.0082638482203456,0.1808750424264795,0.2178234976182299
1661.0,-0.422392,21.911806,-1.571302,22.174534,0.141385,0.08833,0.068733,0.019597,0.053055,0.072652,1.367877,0.3693644451145959,0.0391899590508477,123.0,0,0.9989550104498962,1.0237429802794855,0.9863632560863391,0.22876960944663172,0.2208784387804485
1662.0,-0.399816,21.908919,-1.564083,22.17611,0.141422,0.087873,0.06888,0.018993,0.0535489999999999,0.072542,1.150995,0.3546778711484596,0.0021300445399995,124.0,0,0.9974425255747449,0.9921901528013607,0.9955473753683399,0.27053499304782647,0.2228743215767305
1663.0,-0.414517,21.912856,-1.564608,22.177029,0.141762,0.088513,0.069011,0.0195019999999999,0.053249,0.072751,1.245292,0.3662347417840373,0.0303846819892847,125.0,0,1.0003162468375324,1.0187802011231528,0.9899699749946559,0.24432242059328918,0.22586083777825644
1664.0,-0.412285,21.907737,-1.56277,22.180836,0.141357,0.089049,0.069232,0.019817,0.052308,0.072125,1.141566,0.3788449406411898,0.0658628992549494,126.0,0,0.9917088329116716,1.0352357320099284,0.9724755291558614,0.18742791463768188,0.22127680676638867
1665.0,-0.409135,21.906687,-1.562508,22.177422,0.141844,0.0895,0.069746,0.0197539999999999,0.052344,0.072098,1.382021,0.3773808386665391,0.0617437153670377,127.0,0,0.9913375866241344,1.0319446258325689,0.9731448172007038,0.18719748279699894,0.21746223508844217
1666.0,-0.40651,21.905112,-1.556077,22.178604,0.141569,0.088729,0.068617,0.020112,0.05284,0.072952,1.056699,0.3806135387293958,0.0708387690203515,128.0,0,1.0030799692003087,1.0506464672848401,0.9823661191518642,0.20588019724741313,0.2187040579064518
1667.0,-0.418585,21.90485,-1.560145,22.178866,0.140926,0.087768,0.068702,0.019066,0.053158,0.072224,1.132136,0.358659869448259,0.0090731254045932,129.0,0,0.9930700692993077,0.996003656784644,0.9882781635479712,0.24773156763586357,0.22107233483804595
1668.0,-0.406116,21.900255,-1.560539,22.178866,0.142579,0.088618,0.068828,0.01979,0.053961,0.073751,1.259436,0.3667395574663651,0.0318049578040933,130.0,0,1.0140661093389074,1.0338252579339193,1.0032070052148703,0.21182963098930874,0.21345566078385417
1669.0,-0.383672,21.902487,-1.563164,22.179654,0.141826,0.088849,0.068849,0.02,0.052977,0.072977,1.52818,0.3775151949865982,0.0621217207235009,131.0,0,1.0034237157628432,1.044795611858433,0.9849131319891808,0.21005349206292873,0.21061404741635475
1670.0,-0.378947,21.901568,-1.559489,22.18333,0.142589,0.088461,0.068533,0.019928,0.0541279999999999,0.074056,1.136851,0.3681575495575385,0.0357944136454744,132.0,0,1.0182598174018267,1.0410343476557427,1.0063117580895535,0.19329327060657575,0.21120856756063727
1671.0,-0.414517,21.902224,-1.560539,22.184511,0.141357,0.088172,0.068964,0.019208,0.053185,0.072393,1.127421,0.3611476704395893,0.0160724396171594,133.0,0,0.9953937960620401,1.0034217056288388,0.988780129581603,0.25245237876257315,0.20988063149228262
1672.0,-0.408085,21.907606,-1.559883,22.184905,0.142552,0.089795,0.069589,0.020206,0.052757,0.072963,1.28301,0.382994048295993,0.0775362237205858,134.0,0,1.003231217687824,1.0555570066605746,0.9808230383818112,0.1943682525059084,0.21112305761985875
1673.0,-0.379209,21.890411,-1.554895,22.178998,0.142331,0.089521,0.069783,0.019738,0.05281,0.072548,1.316014,0.3737478934312928,0.0515225902420184,135.0,0,0.9975250247497532,1.0311087893430873,0.9818083791144957,0.2159062869182951,0.21027482386253427
1674.0,-0.357683,21.89763,-1.558702,22.178604,0.142634,0.089264,0.069017,0.020247,0.05337,0.073617,0.995407,0.3793633246519645,0.0673213489407669,136.0,0,1.012223627763723,1.0576988376648846,0.9922195264787093,0.19337311608050722,0.21432017194218753
1675.0,-0.395222,21.899205,-1.556602,22.174928,0.142827,0.088876,0.068528,0.0203479999999999,0.053951,0.074299,1.235862,0.3771500593119807,0.0610944282166763,137.0,0,1.0216010339896608,1.0629750555047643,1.0030210918690807,0.17391812211345248,0.2147940651134317
1676.0,-0.414517,21.894349,-1.55332,22.175322,0.142267,0.088986,0.069027,0.0199589999999999,0.053281,0.07324,1.28301,0.3745917946023044,0.053896867557948,138.0,0,1.0070399296007047,1.0426537808541179,0.9905648977011825,0.21830445852317454,0.21976498147986434
1677.0,-0.376978,21.89238,-1.556208,22.180967,0.141707,0.08875,0.069584,0.019166,0.052957,0.072123,1.287725,0.3619094376675856,0.0182156368440127,139.0,0,0.991681333186669,1.0012276348439362,0.9845413052976016,0.23924923006261878,0.21451212190408325
1678.0,-0.342327,21.901043,-1.545577,22.182148,0.142313,0.088823,0.069374,0.0194489999999999,0.0534899999999999,0.0729389999999999,1.29244,0.3635938756052419,0.0229547258781877,140.0,0,1.0029012209877897,1.0160114927517279,0.9944504866281817,0.25228311178584134,0.21770508813021555
1679.0,-0.367396,21.903406,-1.554239,22.183067,0.14269,0.089086,0.069106,0.0199799999999999,0.053604,0.073584,0.990692,0.3727264247738083,0.048648734930867,141.0,0,1.0117698823011776,1.0437508162465692,0.9965698987701842,0.21479242377537006,0.21396590365434473
1680.0,-0.39706,21.89238,-1.561064,22.181229,0.141661,0.088608,0.069426,0.019182,0.053053,0.072235,1.193429,0.3615561503373921,0.0172216791118788,142.0,0,0.9932213177868228,1.002063471333423,0.9863260734171813,0.2430024342709024,0.2116001916311207
1681.0,-0.379734,21.896711,-1.560408,22.186218,0.142056,0.089322,0.069195,0.0201269999999999,0.0527339999999999,0.0728609999999999,1.471602,0.3816630321418412,0.0737914706967808,143.0,0,1.0018287317126822,1.0514300639937286,0.9803954376864934,0.19992378300476243,0.2111142170827513
1682.0,-0.335633,21.894742,-1.552533,22.183724,0.141716,0.088792,0.069248,0.0195439999999999,0.052924,0.072468,0.91054,0.3692772791686346,0.0389447216518175,144.0,0,0.9964250357496434,1.0209742719080555,0.9839277912564963,0.22629791476723138,0.21052930334463454
1683.0,-0.344689,21.891855,-1.55542,22.190944,0.142928,0.088235,0.068733,0.0195019999999999,0.054693,0.074195,0.957688,0.3565656196292096,0.0031810494008375,145.0,0,1.0201710482895179,1.0187802011231528,1.0168158621266636,0.178514442159587,0.20645429237538154
1684.0,-0.398766,21.899862,-1.553189,22.197901,0.142469,0.089033,0.068239,0.020794,0.053436,0.07423,1.150995,0.3891311263731123,0.0948026119720995,146.0,0,1.020652293477066,1.0862739976492126,0.9934465545609201,0.16971599584826702,0.2035676351980848
1685.0,-0.386166,21.900649,-1.561064,22.195801,0.142607,0.089968,0.069326,0.020642,0.052639,0.073281,1.108562,0.3921352583586627,0.1032545998023815,147.0,0,1.007603673963261,1.0783335509990886,0.9786292609014947,0.16905837662975826,0.2045128471523811
1686.0,-0.334189,21.904193,-1.556077,22.203021,0.141376,0.08845,0.068528,0.0199219999999999,0.052926,0.072848,1.212288,0.3764052374024599,0.0589989058676991,148.0,0,1.0016499835001658,1.0407209089721798,0.9839649739256542,0.21245532114200655,0.20357457124607792
1687.0,-0.327626,21.902749,-1.551614,22.200527,0.141697,0.088928,0.06878,0.020148,0.0527689999999999,0.072917,0.938829,0.3818078453666856,0.0741988960762034,149.0,0,1.0025987240127605,1.0525270993861853,0.9810461343967568,0.19849912037008915,0.20924029028552873
1688.0,-0.371596,21.908919,-1.552664,22.211291,0.141955,0.088954,0.06929,0.019664,0.0530009999999999,0.072665,0.872822,0.37100486774084,0.0438052130211203,150.0,0,0.999133758662414,1.0272430455792112,0.9853593240190739,0.22341654001287387,0.20356253309073563
1689.0,-0.376584,21.9059,-1.556864,22.206959,0.142368,0.088944,0.069074,0.01987,0.053424,0.073294,1.160425,0.3719232569021993,0.0463890588882816,151.0,0,1.007782422175779,1.038004440381353,0.9932234585459727,0.2242445433183332,0.20486403260576588
1690.0,-0.327757,21.908,-1.556208,22.212735,0.141183,0.088309,0.0694,0.0189089999999999,0.052874,0.071783,1.070844,0.3576170212765956,0.0061391198089248,152.0,0,0.9870063799362013,0.9878020112315502,0.9829982245275486,0.23361967520787058,0.21005650962311412
1691.0,-0.317651,21.914563,-1.547414,22.216542,0.140834,0.087621,0.06908,0.018541,0.0532129999999999,0.0717539999999999,0.778526,0.3484233472394484,0.0197268612635783,153.0,0,0.9866076339236601,0.9685777719733601,0.9893006869498118,0.25658097339927044,0.21339887201248517
1692.0,-0.340095,21.920732,-1.550827,22.218117,0.141964,0.088009,0.067615,0.020394,0.053955,0.074349,1.179284,0.3779746460078584,0.0634143651409167,154.0,0,1.0222885271147295,1.0653780854120438,1.0030954572073967,0.1695203428192999,0.2084710704081473
1693.0,-0.355321,21.919026,-1.552927,22.219824,0.142405,0.089096,0.068812,0.0202839999999999,0.053309,0.073593,1.433884,0.3804914650159443,0.0704953202153548,155.0,0,1.0118936310636901,1.0596317095468173,0.9910854550693932,0.1915294373098897,0.20765031623009497
1694.0,-0.307544,21.918894,-1.54912,22.218248,0.141798,0.08812,0.068245,0.019875,0.053678,0.073553,0.905825,0.3702565248980048,0.0416997846874305,156.0,0,1.011343636563635,1.0382656392843177,0.9979456575290266,0.2216407660217496,0.20383529519962465
1695.0,-0.313713,21.922701,-1.548464,22.222843,0.142193,0.087868,0.068176,0.019692,0.054325,0.074017,0.896396,0.3624783713139196,0.0198163056156184,157.0,0,1.017723572764273,1.028705759435813,1.0099742510016092,0.20248200052346854,0.2074534279491406
1696.0,-0.326839,21.92362,-1.554502,22.225337,0.142928,0.088918,0.068329,0.0205889999999999,0.05401,0.074599,1.070844,0.3812001259002794,0.0724891051752059,158.0,0,1.0257259927400733,1.0755648426276585,1.004117980609239,0.1631773050986281,0.20093233724283827
1697.0,-0.33327,21.923226,-1.548727,22.228225,0.141899,0.088897,0.068602,0.020295,0.0530019999999999,0.073297,1.490462,0.3829028545554027,0.0772796543057352,159.0,0,1.0078236717632831,1.0602063471333447,0.9853779153536528,0.1902915785895658,0.19367839539886472
1698.0,-0.304525,21.925458,-1.548333,22.22665,0.142791,0.089611,0.069253,0.020358,0.05318,0.073538,1.188714,0.3828058893213741,0.0770068470582803,160.0,0,1.0111373886261146,1.063497453310699,0.9886871729087082,0.18526632970817059,0.19760205652643092
1699.0,-0.304919,21.924933,-1.54912,22.237152,0.141872,0.088351,0.069074,0.019277,0.053521,0.072798,0.736092,0.3601696498636075,0.0133208234945245,161.0,0,1.000962490375097,1.0070262504897505,0.995026818000131,0.2604258708134925,0.20209458926115337
1700.0,-0.329333,21.924801,-1.555158,22.236758,0.142763,0.089758,0.069206,0.020552,0.053005,0.073557,0.905825,0.3877296909783798,0.0908597376382891,162.0,0,1.0113986360136407,1.0736319707457256,0.9854336893573914,0.16840876814484745,0.2062610766914545
1701.0,-0.361752,21.92152,-1.549383,22.238202,0.143471,0.0898,0.069326,0.020474,0.0536709999999999,0.0741449999999999,1.551754,0.3814651960053661,0.0732348677825547,163.0,0,1.0194835551644479,1.0695572678594776,0.9978155181869721,0.18404155495953523,0.21215674234637977
1702.0,-0.281556,21.914038,-1.551745,22.247654,0.142405,0.088933,0.068875,0.0200579999999999,0.053472,0.07353,1.504606,0.3751051932751106,0.0553412912235899,164.0,0,1.0110273897261035,1.047825519132817,0.9941158426057624,0.20875695409496164,0.22187395351892447
1703.0,-0.247167,21.917451,-1.54282,22.249623,0.141045,0.087988,0.068549,0.0194389999999999,0.053057,0.072496,1.17457,0.3663726487994269,0.0307726770645311,165.0,0,0.9968100318996819,1.0154890949457986,0.986400438755497,0.23645476465711424,0.2194495202491879
1704.0,-0.299144,21.920732,-1.545577,22.249229,0.142221,0.088498,0.069132,0.0193659999999999,0.0537229999999999,0.0730889999999999,0.990692,0.360472042290224,0.0141715907451065,166.0,0,1.0049637003629959,1.0116755909625152,0.9987822675850777,0.26330564032476095,0.2228934061103816
1705.0,-0.347052,21.922307,-1.548333,22.251592,0.141321,0.087873,0.068954,0.018919,0.0534479999999999,0.072367,1.217003,0.353963591461019,0.0041396377451927,167.0,0,0.9950362996370044,0.9883244090374844,0.9936696505758656,0.2614386570727211,0.21912139373447964
1706.0,-0.321457,21.918894,-1.55542,22.256318,0.14189,0.088655,0.069568,0.0190869999999999,0.0532349999999999,0.0723219999999999,1.344303,0.3585355774288075,0.0087234354972063,168.0,0,0.9944175558244411,0.9971006921770901,0.9897096963105487,0.26034941682407514,0.22328437885828084
1707.0,-0.277487,21.917451,-1.544133,22.259337,0.143553,0.089212,0.068917,0.0202949999999999,0.0543409999999999,0.0746359999999999,1.405595,0.3734680357734349,0.0507352235318327,169.0,0,1.0262347376526229,1.0602063471333396,1.0102717123548706,0.1660472458922006,0.22559497126433184
1708.0,-0.27985,21.924539,-1.542558,22.263932,0.141826,0.088382,0.068444,0.0199379999999999,0.053444,0.073382,0.929399,0.3730564131349985,0.0495771420801964,170.0,0,1.0089924100759,1.0415567454616665,0.9935952852375517,0.21970518832010716,0.22408868616719974
1709.0,-0.295075,21.921782,-1.539933,22.262488,0.142432,0.088986,0.069106,0.0198799999999999,0.053446,0.073326,1.02841,0.3719572660766739,0.0464847421439309,171.0,0,1.008222417775823,1.0385268381872772,0.9936324679067097,0.222705747054473,0.2185529997560264
1710.0,-0.325001,21.91942,-1.54807,22.260125,0.141716,0.088645,0.068686,0.019959,0.053071,0.07303,1.320729,0.376074012662044,0.0580670202220123,172.0,0,1.004152458475416,1.0426537808541232,0.9866607174396024,0.21003861938285912,0.209017222707176
1711.0,-0.288381,21.911544,-1.546233,22.264457,0.142285,0.088566,0.068402,0.020164,0.0537189999999999,0.0738829999999999,1.250006,0.3753536857781088,0.0560404135062857,173.0,0,1.0158810911890874,1.053362935875672,0.9987079022467619,0.20714747902004527,0.2060000751246335
1712.0,-0.265674,21.912988,-1.539802,22.272464,0.142019,0.088324,0.068003,0.020321,0.053695,0.074016,1.235862,0.3784453218116806,0.0647385899702679,174.0,0,1.0177098229017718,1.0615645814287606,0.9982617102168689,0.19369410312364077,0.20367272605946693
1713.0,-0.263574,21.909969,-1.538227,22.272333,0.142818,0.088928,0.068612,0.0203159999999999,0.05389,0.074206,0.703089,0.3769831697314947,0.0606248920211784,175.0,0,1.020322296777033,1.061303382525791,1.0018870204597647,0.18109790054538105,0.20394422900658865
1714.0,-0.289694,21.907737,-1.544527,22.274565,0.142634,0.087899,0.068245,0.019654,0.054735,0.074389,1.018981,0.3590689856767027,0.0102241551864434,176.0,0,1.0228385216147846,1.026720647773282,1.0175966981789797,0.16794786983625692,0.20526690343843362
1715.0,-0.2998,21.910888,-1.539933,22.282572,0.142193,0.088519,0.068759,0.01976,0.053674,0.073434,1.108562,0.3681415929203538,0.035749520377154,177.0,0,1.0097074029259714,1.0322580645161317,0.9978712921907109,0.23126718124729628,0.20283050537764608
1716.0,-0.272893,21.907343,-1.546364,22.285854,0.142028,0.088844,0.0692,0.019644,0.0531839999999999,0.0728279999999999,1.04727,0.3693522609758393,0.0391556795341725,178.0,0,1.0013749862501369,1.0261982499673528,0.9887615382470222,0.23707592617240936,0.2003429797794057
1717.0,-0.277881,21.911281,-1.542558,22.29268,0.141854,0.08929,0.06866,0.0206299999999999,0.052564,0.073194,0.976548,0.3924664700846569,0.1041864488325887,179.0,0,1.0064074359256414,1.0777066736319683,0.9772349108080733,0.16876227536341765,0.1995717284193534
1718.0,-0.264887,21.908131,-1.541114,22.293731,0.141523,0.088099,0.068339,0.01976,0.053424,0.073184,1.316014,0.3698642957416939,0.0405962659100374,180.0,0,1.0062699373006276,1.0322580645161317,0.9932234585459727,0.2329319326385565,0.19991809414053346
1719.0,-0.250711,21.906162,-1.54072,22.301607,0.142524,0.088529,0.068491,0.020038,0.053995,0.074033,1.188714,0.3711015630787465,0.04407726092819,181.0,0,1.0179435705642952,1.0467807235209639,1.0038391105905546,0.1983417664465978,0.20206349416406993
1720.0,-0.252943,21.905768,-1.54282,22.302526,0.14257,0.089684,0.069284,0.0204,0.052886,0.073286,1.070844,0.3857280617164899,0.0852282453324906,182.0,0,1.0076724232757681,1.0656915240956015,0.9832213205424961,0.18516336340045547,0.2115980319682289
1721.0,-0.283919,21.900649,-1.536127,22.307121,0.141514,0.088645,0.068439,0.020206,0.052869,0.073075,1.042555,0.3821827123132211,0.0752535670711307,183.0,0,1.0047712022879778,1.0555570066605746,0.9829052678546539,0.19943496541952205,0.21061511324838653
1722.0,-0.278931,21.903143,-1.540589,22.308696,0.141808,0.089122,0.068938,0.020184,0.0526859999999999,0.0728699999999999,1.457458,0.3830926034885268,0.077813504243517,184.0,0,1.0019524804751945,1.0544077314875304,0.9795030536267036,0.1971577603354414,0.2013538729594953
1723.0,-0.256749,21.894611,-1.539277,22.312109,0.142258,0.088975,0.06877,0.020205,0.053283,0.073488,1.349017,0.3791945049170483,0.0668463823441307,185.0,0,1.0104498955010457,1.0555047668799817,0.9906020803703403,0.20255190078074603,0.20004916680892387
1724.0,-0.233254,21.895399,-1.54177,22.316047,0.141982,0.08854,0.069599,0.018941,0.053442,0.072383,1.15571,0.3544149841887618,0.0028696649677281,186.0,0,0.9952562974370264,0.9894736842105288,0.9935581025683939,0.2632932478778465,0.19257726855416396
1725.0,-0.255043,21.90183,-1.533371,22.31631,0.142331,0.088634,0.068765,0.0198689999999999,0.053697,0.073566,0.934114,0.3700137807739579,0.0410168352057882,187.0,0,1.0115223847761532,1.0379522006007549,0.9982988928860268,0.22143799404887277,0.1829544506600727
1726.0,-0.267512,21.890017,-1.54597,22.314078,0.1437,0.089101,0.068502,0.020599,0.0545989999999999,0.075198,1.066129,0.3772710622710624,0.061434864503266,188.0,0,1.033962160378397,1.0760872404335928,1.0150682766762402,0.144463523283497,0.17856720691012368
1727.0,-0.266593,21.896711,-1.542295,22.316835,0.143167,0.089805,0.068828,0.0209769999999999,0.0533619999999999,0.0743389999999999,1.28301,0.3931000880760076,0.1059691040480397,189.0,0,1.0221510284897146,1.095833877497712,0.9920707958020758,0.15571521385770348,0.18292979599298836
1728.0,-0.232598,21.88726,-1.534552,22.315916,0.14359,0.089553,0.068796,0.0207569999999999,0.054037,0.074794,1.306584,0.384118583219216,0.0807000512526401,190.0,0,1.0284072159278415,1.0843411257672693,1.0046199466428707,0.15821295009095715,0.18629421835526577
1729.0,-0.22866,21.891855,-1.534814,22.318541,0.143553,0.088198,0.068187,0.020011,0.0553549999999999,0.0753659999999999,1.084988,0.3614964954115183,0.0170538427085757,191.0,0,1.0362721372786268,1.045370249444955,1.0291233256179286,0.10211358750568533,0.1895270306955255
1730.0,-0.255699,21.890148,-1.533108,22.314734,0.142837,0.088104,0.067809,0.020295,0.0547329999999999,0.075028,0.981262,0.3707932911901196,0.0432099520803683,192.0,0,1.0316246837531633,1.0602063471333447,1.01755951550982,0.14129092590096481,0.18236472708200455
1731.0,-0.266855,21.891461,-1.535339,22.314341,0.142184,0.088802,0.069274,0.019528,0.053382,0.07291,1.108562,0.3658093400520765,0.0291878336887414,193.0,0,1.0025024749752511,1.0201384354185739,0.9924426224936567,0.24306085624816903,0.18191640698185263
1732.0,-0.248349,21.877285,-1.54387,22.313553,0.141918,0.08782,0.068386,0.0194339999999999,0.0540979999999999,0.0735319999999999,1.452743,0.3592303000055453,0.0106780056666437,194.0,0,1.0110548894511049,1.015227896042834,1.0057540180521851,0.23080198395821555,0.18620351252483677
1733.0,-0.215666,21.885554,-1.531402,22.319198,0.14234,0.088314,0.068891,0.019423,0.0540259999999999,0.073449,1.023696,0.3595054324689509,0.011452078258529,195.0,0,1.009913650863492,1.014653258456317,1.0044154419625004,0.2348800241833432,0.19355533163461694
1734.0,-0.219341,21.879254,-1.532846,22.32248,0.142377,0.088471,0.068308,0.020163,0.053906,0.074069,1.202858,0.3740330569313818,0.0523248846964516,196.0,0,1.0184385656143446,1.053310696095079,1.0021844818130279,0.19167021174263732,0.19134017775458773
1735.0,-0.256355,21.886604,-1.537439,22.325893,0.142634,0.088424,0.068833,0.0195909999999999,0.05421,0.073801,0.745522,0.3613842209145744,0.0167379635506743,197.0,0,1.0147536024639763,1.0234295415959227,1.0078362475250295,0.21695479304735332,0.20208498018668494
1736.0,-0.241786,21.880566,-1.538621,22.319329,0.143351,0.089653,0.069206,0.0204469999999999,0.053698,0.074145,1.150995,0.3807705916311288,0.0712806301704416,198.0,0,1.0194835551644492,1.0681467937834637,0.9983174842206058,0.18733457871333853,0.2141851323253821
1737.0,-0.212779,21.875447,-1.528646,22.329306,0.142956,0.088498,0.069557,0.018941,0.054458,0.073399,1.320729,0.3478029343175599,0.0214723646205456,199.0,0,1.0092261577384234,0.9894736842105288,1.0124468985006099,0.22923340495550487,0.21084429570791344
1738.0,-0.234042,21.88306,-1.527858,22.330881,0.14235,0.087101,0.067877,0.0192239999999999,0.055249,0.074473,0.971833,0.3479457013574658,0.0210706960887854,200.0,0,1.0239935100649,1.0042575421183204,1.0271526441525616,0.13606141129066518,0.213695294401322
1739.0,-0.250974,21.879647,-1.538883,22.331931,0.141734,0.087337,0.067914,0.0194229999999999,0.054397,0.07382,1.481032,0.3570535681458876,0.0045538702171679,201.0,0,1.0150148498515021,1.0146532584563117,1.0113128270912937,0.20956161182665783,0.21306309492166076
1740.0,-0.238373,21.874397,-1.533633,22.333244,0.141743,0.088004,0.068628,0.019376,0.053739,0.073115,1.311299,0.3605508001488649,0.0143931723753323,202.0,0,1.005321196788033,1.0121979887684498,0.9990797289383428,0.2622924472879364,0.21640377718049786
1741.0,-0.204903,21.873872,-1.529039,22.332981,0.141918,0.087238,0.068197,0.019041,0.0546799999999999,0.073721,0.995407,0.3482196741098371,0.0202998862908109,203.0,0,1.013653613463866,0.9946976622698209,1.0165741747771355,0.20965249007348208,0.2188339815358776
1742.0,-0.204116,21.877678,-1.527727,22.334163,0.139989,0.085988,0.067809,0.018179,0.054001,0.07218,1.018981,0.336635680159994,0.052890923023239,204.0,0,0.9924650753492472,0.9496669713987226,1.0039506585980285,0.2593119708923011,0.2243337521024118
1743.0,-0.244411,21.877678,-1.530352,22.332456,0.142561,0.088214,0.069048,0.019166,0.0543469999999999,0.073513,1.254721,0.3526532715095312,0.0078261629501502,205.0,0,1.0107936420635801,1.0012276348439362,1.0103832603623444,0.2285580293867308,0.2261290674808336
1744.0,-0.252549,21.878728,-1.534158,22.334294,0.141927,0.087448,0.068586,0.018862,0.054479,0.073341,1.363162,0.3462187958883995,0.0259292655786749,206.0,0,1.0084286657133437,0.9853467415436881,1.012837316526768,0.22507703433100845,0.23377679164267554
1745.0,-0.205691,21.869278,-1.530483,22.334425,0.141863,0.087463,0.069311,0.018152,0.0543999999999999,0.0725519999999999,1.264151,0.3336703369423357,0.0612337804305728,207.0,0,0.9975800241997573,0.9482564973227138,1.0113686010950287,0.24125683660115077,0.22842623926126637
1746.0,-0.192303,21.879385,-1.525102,22.337182,0.141486,0.087301,0.068171,0.01913,0.054185,0.073315,0.79267,0.3530432214963276,0.0067290565118598,208.0,0,1.008071169288308,0.9993470027425911,1.0073714641605558,0.2423322843786806,0.2161364704780146
1747.0,-0.228267,21.884898,-1.525496,22.336263,0.141679,0.087332,0.068996,0.018336,0.0543469999999999,0.072683,1.084988,0.3373813203797749,0.0507930983958025,209.0,0,0.9993812561874389,0.9578686169518114,1.0103832603623444,0.24718655873972323,0.20791263405046134
1748.0,-0.246905,21.882798,-1.535996,22.335082,0.142625,0.089012,0.068964,0.0200479999999999,0.053613,0.073661,1.27358,0.3739321818927891,0.0520410773928228,210.0,0,1.0128286217137836,1.0473031213268877,0.9967372207813948,0.21253865290908447,0.20691495102344742
1749.0,-0.208841,21.871378,-1.536258,22.336394,0.143342,0.088697,0.068586,0.020111,0.054645,0.074756,1.03784,0.3680232770925594,0.0354166442114403,211.0,0,1.0278847211527893,1.0505942275042472,1.015923478066874,0.15605608801256587,0.2100594461482085
1750.0,-0.187972,21.874528,-1.529827,22.333638,0.143085,0.088036,0.068407,0.019629,0.0550489999999999,0.074678,1.259436,0.3565667574931882,0.0031842507290569,212.0,0,1.026812231877682,1.025414653258459,1.023434377236769,0.13939475945541868,0.20873273906836004
1751.0,-0.206085,21.878597,-1.523658,22.335607,0.14223,0.086812,0.067457,0.0193549999999999,0.0554179999999999,0.0747729999999999,1.070844,0.3492484526967285,0.0174054648278777,213.0,0,1.028118468815311,1.0111009533759932,1.0302945796964027,0.12741412579794953,0.1977678298950647
1752.0,-0.228267,21.878466,-1.533108,22.337839,0.141275,0.087012,0.068817,0.018195,0.054263,0.072458,1.014266,0.3353051747014595,0.0566342392283014,214.0,0,0.9962875371246295,0.9505028078882093,1.008821588257714,0.24933514062216178,0.1952803095119344
1753.0,-0.21501,21.872297,-1.543739,22.339151,0.141973,0.087857,0.068917,0.01894,0.0541159999999999,0.0730559999999999,1.16514,0.3499824454422825,0.0153404098360275,215.0,0,1.0045099549004504,0.9894214444299358,1.0060886620746061,0.2600029806343417,0.19686622818515004
1754.0,-0.181278,21.868096,-1.534027,22.334032,0.142579,0.087957,0.068959,0.0189979999999999,0.054622,0.07362,1.113277,0.347802207861157,0.0214744084723825,216.0,0,1.0122648773512273,0.9924513517043202,1.015495877371558,0.21180996353252357,0.1884649663807098
1755.0,-0.208054,21.874659,-1.540458,22.335082,0.142304,0.086965,0.067914,0.019051,0.055339,0.07439,0.957688,0.344253704372967,0.0314579606072933,217.0,0,1.0228522714772859,0.9952200600757501,1.0288258642646673,0.1316077448681976,0.19455811179262011
1756.0,-0.214616,21.87059,-1.535996,22.331669,0.142442,0.088025,0.068828,0.019197,0.054417,0.073614,1.122707,0.352769304274321,0.007499710077695,218.0,0,1.012182378176219,1.0028470680423167,1.0116846537828728,0.2174570805473775,0.20627378085340461
1757.0,-0.177603,21.862846,-1.532321,22.328649,0.142148,0.08823,0.069269,0.018961,0.0539179999999999,0.072879,1.377306,0.3516571153025836,0.0106288028403676,219.0,0,1.0020762292377083,0.9905184798223872,1.0024075778279735,0.26304574547187964,0.21299966139286625
1758.0,-0.18154,21.871509,-1.531402,22.331406,0.143471,0.088251,0.068707,0.0195439999999999,0.0552199999999999,0.0747639999999999,1.056699,0.3539233262708027,0.0042529220147686,220.0,0,1.0279947200527988,1.0209742719080555,1.02661349544977,0.12852603486468228,0.2078445218107356
1759.0,-0.198472,21.869803,-1.533239,22.324186,0.14268,0.088151,0.069185,0.0189659999999999,0.054529,0.073495,0.868107,0.3478085457546304,0.0214565770992057,221.0,0,1.0105461445385555,0.9907796787253467,1.0137668832557156,0.21698754213166876,0.20200793818926174
1760.0,-0.230892,21.862583,-1.538621,22.320642,0.140751,0.08646,0.068681,0.0177789999999999,0.0542909999999999,0.0720699999999999,1.212288,0.3274699771605391,0.0786782088615405,222.0,0,0.9909525904740946,0.9287710591615486,1.0093421456259228,0.2565514500632638,0.19898054372554191
1761.0,-0.190859,21.861533,-1.534552,22.314209,0.142919,0.088387,0.068896,0.0194909999999999,0.054532,0.0740229999999999,1.311299,0.3574166101259787,0.0055752722102793,223.0,0,1.0178060719392799,1.0182055635366305,1.0138226572594522,0.19467293119256562,0.21026865713801124
1762.0,-0.157521,21.862058,-1.537702,22.313815,0.141716,0.086938,0.068192,0.018746,0.054778,0.073524,0.849248,0.3422114313879406,0.0372038021677115,224.0,0,1.0109448905510954,0.979286926994909,1.0183961255658747,0.1977837448008553,0.2110907357571194
1763.0,-0.176159,21.867046,-1.525627,22.314734,0.14201,0.087505,0.068077,0.019428,0.054505,0.073933,0.948259,0.3564378233588963,0.0028215004440546,225.0,0,1.0165685843141576,1.0149144573592817,1.0133206912258206,0.20163714441960334,0.19727778790547013
1764.0,-0.220129,21.865471,-1.547283,22.310402,0.142249,0.087437,0.068129,0.019308,0.0548119999999999,0.0741199999999999,0.952974,0.3522522029445571,0.0089545509992023,226.0,0,1.0191398086019132,1.008645683688131,1.0190282309415573,0.18153601889532556,0.20162937187578733
1765.0,-0.221704,21.858514,-1.549252,22.302657,0.142111,0.088288,0.068786,0.019502,0.0538229999999999,0.0733249999999999,1.320729,0.3623290725326993,0.0193962603286539,227.0,0,1.0082086679133202,1.0187802011231577,1.000641401042973,0.24448887899289057,0.20305023463208854
1766.0,-0.166183,21.860221,-1.540589,22.306858,0.141945,0.087673,0.068449,0.019224,0.0542719999999999,0.0734959999999999,1.03784,0.3542092753302749,0.0034484174249688,228.0,0,1.0105598944010552,1.0042575421183257,1.0089889102689227,0.22567786673845946,0.20162257194243338
1767.0,-0.164871,21.857989,-1.541245,22.302789,0.143627,0.088524,0.068796,0.019728,0.055103,0.074831,1.051984,0.3580139372822301,0.0072558248223542,229.0,0,1.0289159608403924,1.030586391537158,1.0244383093040343,0.12491626695538649,0.20789413274995483
1768.0,-0.188234,21.867309,-1.539802,22.303314,0.14223,0.088099,0.067825,0.020274,0.054131,0.074405,1.084988,0.3745289292839725,0.0537199988624168,230.0,0,1.0230585194148065,1.0591093117408934,1.0063675320932923,0.17204187456785447,0.20897786020140327
1769.0,-0.229448,21.865996,-1.542427,22.30187,0.141027,0.086434,0.06826,0.0181739999999999,0.054593,0.072767,1.113277,0.332893724585119,0.0634187437489668,231.0,0,1.0005362446375543,0.9494057724957526,1.0149567286687686,0.23119616969468093,0.21167426992382424
1770.0,-0.18994,21.859827,-1.548333,22.298982,0.141256,0.08719,0.067909,0.019281,0.0540659999999999,0.073347,1.344303,0.3566130911646663,0.0033146083928841,232.0,0,1.0085111648883518,1.0072352096121222,1.0051590953456584,0.242274823166712,0.21970615495680143
1771.0,-0.163821,21.866915,-1.544789,22.295043,0.141054,0.086944,0.068901,0.0180429999999999,0.05411,0.072153,1.320729,0.3334442165178981,0.0618699598942973,233.0,0,0.9920938290617101,0.9425623612380799,1.0059771140671343,0.25738853926778005,0.21090523089718588
1772.0,-0.163033,21.864027,-1.545839,22.298588,0.141899,0.087222,0.068234,0.0189879999999999,0.054677,0.073665,1.061414,0.3472694685248178,0.0229732462095755,234.0,0,1.012883621163789,0.991928953898391,1.0165184007734005,0.20862101931533966,0.2147123681285467
1773.0,-0.18154,21.862715,-1.54912,22.295962,0.142166,0.087988,0.068728,0.01926,0.0541779999999999,0.0734379999999999,0.957688,0.3554882888203917,0.0001500284839426,235.0,0,1.0097624023759757,1.0061381742196709,1.0072413248185013,0.2286012416438133,0.2260187679735977
1774.0,-0.192566,21.859827,-1.552139,22.297012,0.140935,0.086959,0.068082,0.0188769999999999,0.053976,0.072853,1.070844,0.3497230301795206,0.0160702628033401,236.0,0,1.0017187328126727,0.9861303382525767,1.0034858752335547,0.2618548692250975,0.22828312012659097
1775.0,-0.192566,21.86324,-1.556602,22.300557,0.141945,0.086781,0.068008,0.0187729999999999,0.0551639999999999,0.0739369999999999,1.004836,0.3403063536662739,0.0425636511346396,237.0,0,1.0166235837641617,0.9806974010709129,1.0255723807133486,0.15647963839673507,0.22989506226328538
1776.0,-0.166183,21.861796,-1.547545,22.302395,0.142157,0.08845,0.069069,0.0193809999999999,0.053707,0.073088,1.287725,0.3608587175094956,0.0152594837748651,238.0,0,1.0049499505004957,1.012459187671409,0.9984848062318162,0.26374923905206715,0.2197295237684326
1777.0,-0.148595,21.867177,-1.554108,22.307121,0.141495,0.087374,0.068092,0.0192819999999999,0.054121,0.073403,1.278295,0.356269169653745,0.0023470009645618,239.0,0,1.0092811571884288,1.00728744939271,1.0061816187475028,0.237980265405897,0.21586030218891686
1778.0,-0.171959,21.86534,-1.550958,22.31119,0.141734,0.086933,0.067924,0.0190089999999999,0.054801,0.07381,1.306584,0.3468669026677858,0.0241058468212953,240.0,0,1.0148773512264886,0.9930259892908423,1.0188237262611908,0.19468539609778718,0.21597948057135813
1779.0,-0.165658,21.870196,-1.556208,22.314997,0.141054,0.086802,0.068423,0.018379,0.054252,0.072631,1.084988,0.3387646766077452,0.0469010889701222,241.0,0,0.9986662633373674,0.9601149275173069,1.0086170835773456,0.24731559106162487,0.21119151667373895
1780.0,-0.192566,21.86954,-1.55857,22.315522,0.142285,0.087122,0.068035,0.019087,0.0551629999999999,0.07425,1.113277,0.3460046407077081,0.0265317813768162,242.0,0,1.0209272907270934,0.9971006921770954,1.0255537893787696,0.14061943821818423,0.19708673560398232
1781.0,-0.177471,21.873478,-1.556602,22.317885,0.14223,0.088692,0.06877,0.0199219999999999,0.053538,0.07346,1.349017,0.3721025794280803,0.046893574606543,243.0,0,1.0100648993510073,1.0407209089721798,0.9953428706879733,0.21869632347262274,0.20039256158760188
1782.0,-0.157914,21.870722,-1.55962,22.321954,0.142258,0.087836,0.068344,0.0194919999999999,0.054422,0.073914,1.424454,0.3581573966888998,0.007659441296312,244.0,0,1.0163073369266313,1.0182578033172234,1.0117776104557674,0.20981280313975226,0.1924918296979723
1783.0,-0.145839,21.872822,-1.558045,22.318673,0.142993,0.088356,0.068791,0.019565,0.054637,0.074202,0.990692,0.3580841172810131,0.0074532730365126,245.0,0,1.0202672973270275,1.0220713073005119,1.0157747473902423,0.18072160266762138,0.1870406678576316
1784.0,-0.163165,21.87991,-1.553845,22.323792,0.14291,0.087925,0.067835,0.0200899999999999,0.054985,0.075075,0.929399,0.3653657294584075,0.0279397555892741,246.0,0,1.032270927290728,1.0494971921117906,1.0222445318237179,0.1208070585275316,0.1923105165843526
1785.0,-0.189415,21.875578,-1.566052,22.325236,0.141817,0.086959,0.067867,0.0190919999999999,0.054858,0.07395,0.872822,0.3480194680909239,0.0208631567607977,247.0,0,1.016802331976681,0.9973618910800548,1.0198834323321908,0.1895378982329302,0.18355337607770264
1786.0,-0.18364,21.869671,-1.565133,22.321429,0.142589,0.087946,0.068507,0.0194389999999999,0.054643,0.074082,1.334873,0.355738964936681,0.0008552942626802,248.0,0,1.0186173138268624,1.0154890949457986,1.0158862953977161,0.1847419201557714,0.1845351670154764
1787.0,-0.153189,21.873084,-1.563164,22.321561,0.141927,0.087169,0.067804,0.0193649999999999,0.054758,0.074123,1.226432,0.3536404974524734,0.0050486479489385,249.0,0,1.0191810581894187,1.0116233511819224,1.0180242988742958,0.18346864700249027,0.18326247098858986
1788.0,-0.126545,21.861796,-1.56067,22.318935,0.141312,0.08708,0.068733,0.018347,0.0542319999999999,0.0725789999999999,1.207573,0.338299559308908,0.0482096752001329,250.0,0,0.9979512704872944,0.9584432545383333,1.0082452568857647,0.24738388336499695,0.18244519448789112
1789.0,-0.149514,21.873084,-1.55962,22.32563,0.142984,0.088471,0.068313,0.0201579999999999,0.054513,0.074671,0.934114,0.3697765711560332,0.0403494568037841,251.0,0,1.0267159828401724,1.0530494971921094,1.0134694219024523,0.1597441859951253,0.19049323167953408
1790.0,-0.178259,21.87164,-1.561195,22.32353,0.142423,0.087621,0.06773,0.019891,0.0548019999999999,0.074693,1.03784,0.3629545827783152,0.0211561047726036,252.0,0,1.0270184798152027,1.0391014757738044,1.0188423175957677,0.15043734759592198,0.19715818638182575
1791.0,-0.191253,21.863633,-1.564608,22.315391,0.142818,0.089474,0.069332,0.0201419999999999,0.053344,0.073486,1.471602,0.3775799043959132,0.062303777684602,253.0,0,1.010422395776043,1.0522136607026225,0.9917361517796566,0.20596936320375703,0.19227095778601705
1792.0,-0.117226,21.86429,-1.571564,22.322611,0.143232,0.088545,0.069305,0.0192399999999999,0.054687,0.0739269999999999,1.424454,0.3518139262726739,0.01018762235388,254.0,0,1.016486085139148,1.0050933786078071,1.01670431411919,0.2016400381327651,0.19312515973442562
1793.0,-0.136389,21.867177,-1.562114,22.322742,0.141743,0.087757,0.068838,0.018919,0.053986,0.072905,1.108562,0.3504362161261045,0.0140637467879826,255.0,0,1.002433725662744,0.9883244090374844,1.003671788579344,0.26120197458405076,0.1975460631264178
1794.0,-0.156602,21.870196,-1.565527,22.320379,0.141716,0.086818,0.067956,0.018862,0.054898,0.07376,1.004836,0.343576385726516,0.0333635656155161,256.0,0,1.01418985810142,0.9853467415436881,1.0206270857153492,0.1874566055504483,0.19223167358304558
1795.0,-0.171565,21.858777,-1.574845,22.318279,0.142818,0.087689,0.068465,0.019224,0.055129,0.074353,1.094418,0.3487030654815891,0.0189398867931315,257.0,0,1.0223435265647351,1.0042575421183257,1.024921684003087,0.14066561227484364,0.19571485080638873
1796.0,-0.14282,21.858645,-1.570777,22.314341,0.142772,0.088466,0.068696,0.01977,0.054306,0.074076,1.183999,0.3640414679507247,0.0242140064541225,258.0,0,1.0185348146518542,1.0327804623220609,1.009621015644609,0.19328393963985685,0.19805961240845185
1797.0,-0.142689,21.860089,-1.565658,22.314866,0.141532,0.0876,0.068024,0.0195759999999999,0.0539319999999999,0.0735079999999999,1.231147,0.3629688687816364,0.0211962977890205,259.0,0,1.010724892751072,1.0226459448870289,1.0026678565120788,0.2276776809224118,0.19653246436840643
1798.0,-0.145708,21.85707,-1.571695,22.316572,0.142616,0.088482,0.06857,0.019912,0.0541339999999999,0.0740459999999999,0.6748,0.3678211877713125,0.0348480751565436,260.0,0,1.0181223187768116,1.0401985111662557,1.0064233060970273,0.194239987931275,0.19887579347960677
1799.0,-0.177603,21.855364,-1.572745,22.319854,0.142543,0.087726,0.06866,0.019066,0.054817,0.073883,1.240577,0.347805465358094,0.0214652436538588,261.0,0,1.015881091189089,0.996003656784644,1.019121187614454,0.1945759582285569,0.19532616927486726
1800.0,-0.146102,21.856939,-1.570908,22.321167,0.142432,0.088954,0.068376,0.020578,0.053478,0.074056,1.245292,0.3847865517305858,0.0825793500838045,262.0,0,1.0182598174018267,1.0749902050411415,0.9942273906132361,0.1738849636165531,0.20180242700002454
1801.0,-0.129826,21.851032,-1.572352,22.318935,0.142386,0.087805,0.06835,0.019455,0.054581,0.074036,0.896396,0.3564361877542045,0.0028168987451224,263.0,0,1.0179848201517994,1.0163249314352905,1.014733632653821,0.19069788280330274,0.2041572948884755
1802.0,-0.156864,21.859827,-1.577733,22.325368,0.142138,0.088067,0.068449,0.019618,0.0540709999999999,0.0736889999999999,1.17457,0.3628125462346504,0.02075649145858,264.0,0,1.0132136178638207,1.0248400156719368,1.0052520520185533,0.22507332924476842,0.20558747483717563
1803.0,-0.166183,21.85497,-1.577339,22.321954,0.141771,0.0874,0.06826,0.01914,0.054371,0.073511,1.207573,0.3520194217612006,0.0096094702032555,265.0,0,1.0107661423385774,0.9998694005485202,1.010829452392241,0.22570573253665593,0.20006084772139401
1804.0,-0.151877,21.847882,-1.573008,22.323136,0.141422,0.087495,0.068329,0.019166,0.0539269999999999,0.0730929999999999,1.499891,0.3553997923156802,9.895238122625828e-05,266.0,0,1.005018699813001,1.0012276348439362,1.0025748998391841,0.252219182802021,0.20491322470690485
1805.0,-0.138358,21.855495,-1.575239,22.323792,0.142221,0.087558,0.067751,0.0198069999999999,0.0546629999999999,0.0744699999999999,1.301869,0.3623408458949216,0.0194293841443526,267.0,0,1.0239522604773945,1.0347133342039938,1.0162581220892932,0.1642142911593532,0.20654303570451477
1806.0,-0.147545,21.849982,-1.579308,22.32248,0.14144,0.08677,0.067851,0.018919,0.05467,0.073589,1.193429,0.3460518373543561,0.0263989957718502,268.0,0,1.0118386316136847,0.9883244090374844,1.016388261431348,0.20758573912685824,0.2062832631799166
1807.0,-0.164477,21.852476,-1.588101,22.319066,0.142791,0.088561,0.068413,0.020148,0.05423,0.074378,1.217003,0.3715218233113901,0.0452596438557515,269.0,0,1.0226872731272696,1.0525270993861853,1.0082080742166086,0.17241140976459524,0.20871304106586136
1808.0,-0.13127,21.845782,-1.582983,22.314997,0.141651,0.087574,0.068339,0.019235,0.054077,0.073312,1.160425,0.3556899293612929,0.0007173349158791,270.0,0,1.0080299197008038,1.0048321797048478,1.0053636000260289,0.24276375778638382,0.21130620540528686
1809.0,-0.108957,21.849851,-1.578783,22.316572,0.141789,0.08718,0.068024,0.0191559999999999,0.054609,0.073765,1.358447,0.3507782457425378,0.0131014621182028,271.0,0,1.0142586074139266,1.0007052370380016,1.0152541900220318,0.21087406820465587,0.20536731399391087
1810.0,-0.143214,21.84762,-1.58482,22.315128,0.142276,0.087269,0.068434,0.018835,0.055007,0.073842,1.367877,0.3424047411285631,0.0366599340610254,272.0,0,1.0153173468265326,0.9839362674676791,1.0226535411844548,0.17128723837057186,0.20336683081381945
1811.0,-0.169334,21.840006,-1.591645,22.312503,0.141753,0.087931,0.06804,0.0198909999999999,0.0538219999999999,0.0737129999999999,0.995407,0.369563197889378,0.0397491408849925,273.0,0,1.013543614563854,1.039101475773799,1.000622809708394,0.21499566166274986,0.21142379472996806
1812.0,-0.131139,21.838562,-1.587445,22.309352,0.141385,0.087442,0.068266,0.019176,0.053943,0.073119,1.28301,0.3554797567848141,0.0001260239923901,274.0,0,1.0053761962380383,1.0017500326498654,1.002872361192449,0.25100497263902355,0.20251659720369183
1813.0,-0.131139,21.844994,-1.582326,22.315653,0.14302,0.088671,0.068334,0.0203369999999999,0.054349,0.074686,1.16514,0.3741858325666971,0.0527547119532632,275.0,0,1.026922230777693,1.0624004179182422,1.010420443031504,0.16631681842289586,0.20997270418940922
1814.0,-0.145051,21.846176,-1.583376,22.311978,0.141762,0.087652,0.068287,0.0193649999999999,0.05411,0.073475,1.179284,0.3578754781837333,0.0068662764865565,276.0,0,1.010271147288528,1.0116233511819224,1.0059771140671343,0.23221435100110688,0.2058832824963856
1815.0,-0.156864,21.8404,-1.593745,22.306989,0.141863,0.088177,0.068586,0.019591,0.0536859999999999,0.073277,1.245292,0.3649114310726994,0.0266616078761277,277.0,0,1.0075486745132556,1.023429541595928,0.9980943882056564,0.24478393032083945,0.20690488556340014
1816.0,-0.134814,21.841056,-1.583508,22.311453,0.142037,0.08677,0.067153,0.0196169999999999,0.055267,0.0748839999999999,1.122707,0.3549431859303755,0.0013835935455914,278.0,0,1.029644703552964,1.0247877758913386,1.0274872881749826,0.11851376386409607,0.2122081650500677
1817.0,-0.096356,21.845519,-1.587839,22.309746,0.141606,0.087579,0.068334,0.0192449999999999,0.054027,0.073272,1.146281,0.3562041904197822,0.0021641848641655,279.0,0,1.0074799252007487,1.005354577510772,1.0044340332970811,0.24697247962176888,0.21669187677753365
1818.0,-0.129432,21.845519,-1.590333,22.312371,0.141973,0.088319,0.068066,0.0202529999999999,0.0536539999999999,0.0739069999999999,1.070844,0.3774671512440591,0.0619865518530204,280.0,0,1.0162110878891206,1.0580122763484368,0.99749946549913,0.20186954085614817,0.21465216142434024
1819.0,-0.149777,21.848145,-1.595058,22.309877,0.141624,0.087637,0.067982,0.019655,0.0539869999999999,0.073642,1.160425,0.3640623842335335,0.0242728534583835,281.0,0,1.0125673743262575,1.0267728875538749,1.0036903799139214,0.22109009887480086,0.224224899590095
1820.0,-0.124445,21.844732,-1.591514,22.308433,0.141716,0.087652,0.068035,0.0196169999999999,0.054064,0.073681,1.268866,0.3628410246924995,0.0208366142961662,282.0,0,1.0131036189638112,1.0247877758913386,1.0051219126765025,0.2243200332372473,0.2246449741358801
1821.0,-0.107513,21.8425,-1.588626,22.311584,0.141174,0.087159,0.068171,0.018988,0.0540149999999999,0.073003,0.929399,0.3515254739336494,0.0109991698061152,283.0,0,1.0037812121878789,0.9919289538983962,1.004210937282132,0.25983277893740964,0.22520512169360574
1822.0,-0.126545,21.853133,-1.589283,22.314472,0.141459,0.087358,0.06793,0.019428,0.0541009999999999,0.073529,0.905825,0.3590994787623378,0.0103099460870881,284.0,0,1.011013639863602,1.0149144573592817,1.005809792055922,0.23060781910708938,0.23376580382688714
1823.0,-0.13967,21.859696,-1.59637,22.30909,0.141477,0.087925,0.068654,0.0192709999999999,0.0535519999999999,0.0728229999999999,1.188714,0.3598491214311056,0.0124190314215411,285.0,0,1.00130623693763,1.0067128118061877,0.9956031493720767,0.2620442000804438,0.22764447255406228
1824.0,-0.148858,21.860877,-1.597683,22.305808,0.141762,0.087343,0.068502,0.018841,0.0544189999999999,0.07326,1.268866,0.3462146269753769,0.0259409946246362,286.0,0,1.0073149268507324,0.9842497061512366,1.0117218364520288,0.23641509645895759,0.22178370910866851
1825.0,-0.113682,21.851164,-1.599126,22.300557,0.141541,0.087327,0.068476,0.018851,0.054214,0.073065,1.438599,0.3477081988379601,0.0217388985559803,287.0,0,1.0046337036629642,0.9847721039571659,1.0079106128633453,0.2503854058980956,0.2145856131263546
1826.0,-0.093337,21.855233,-1.59952,22.301607,0.142671,0.087967,0.068843,0.019124,0.0547039999999999,0.0738279999999999,1.023696,0.3495841330774153,0.0164610434422409,288.0,0,1.0151248487515119,0.9990335640590334,1.0170203668070303,0.20412058519690995,0.20855718250481198
1827.0,-0.124051,21.867309,-1.594664,22.305939,0.14212,0.087232,0.068292,0.01894,0.0548879999999999,0.0738279999999999,1.061414,0.3450600302428537,0.0291893996811075,289.0,0,1.0151248487515119,0.9894214444299358,1.0204411723695577,0.1857591668935204,0.19803815988101178
1828.0,-0.136914,21.866521,-1.595451,22.305808,0.142221,0.087101,0.067966,0.019135,0.0551199999999999,0.0742549999999999,1.160425,0.347145371092687,0.0233223886544425,290.0,0,1.020996040039599,0.9996082016455556,1.0247543619918746,0.14326190640221048,0.1964020255576069
1829.0,-0.13757,21.870065,-1.60582,22.302789,0.14235,0.087306,0.067909,0.0193969999999999,0.055044,0.074441,1.316014,0.3523844127532018,0.008582584754349,291.0,0,1.023553514464856,1.013295024160896,1.0233414205638762,0.1491091390516618,0.19192905428051282
1830.0,-0.131007,21.872822,-1.606607,22.307121,0.142699,0.087773,0.068497,0.019276,0.0549259999999999,0.0742019999999999,1.15571,0.3509385183971454,0.0126505423407808,292.0,0,1.0202672973270261,1.0069740107091576,1.0211476430835578,0.16403572702182095,0.18652648260022814
1831.0,-0.102394,21.877153,-1.60162,22.306989,0.142203,0.087484,0.067415,0.020069,0.0547189999999999,0.074788,1.221718,0.3667580409356726,0.0318569601989282,293.0,0,1.028324716752833,1.0484001567193444,1.0172992368257148,0.15464255269940785,0.18743567389129767
1832.0,-0.104494,21.881616,-1.602276,22.308827,0.141385,0.086902,0.067709,0.0191929999999999,0.054483,0.073676,1.02841,0.3522685559063208,0.0089085426898203,294.0,0,1.0130348696513043,1.0026381089199399,1.0129116818650836,0.21424647587304052,0.1825031401173899
1833.0,-0.122345,21.888967,-1.59952,22.313947,0.14189,0.088162,0.068224,0.0199379999999999,0.0537279999999999,0.0736659999999999,1.254721,0.3710845167414246,0.0440293018384136,295.0,0,1.0128973710262892,1.0415567454616665,0.9988752242579725,0.21731448730950303,0.18498772458325952
1834.0,-0.126282,21.886998,-1.608576,22.311846,0.14223,0.087957,0.068003,0.019954,0.054273,0.074227,1.02841,0.3676530198621807,0.034374942441915,296.0,0,1.020611043889562,1.0423925819511584,1.0090075016035036,0.1823893796561109,0.19642360521043573
1835.0,-0.120376,21.886079,-1.600045,22.310009,0.141578,0.087679,0.068649,0.01903,0.053899,0.072929,1.584758,0.353061224489796,0.0066784059138051,297.0,0,1.002763722362777,0.9941230246832988,1.0020543424709754,0.2594773188087909,0.20793535692732315
1836.0,-0.123788,21.88516,-1.606082,22.313684,0.143608,0.088823,0.069017,0.019806,0.054785,0.074591,1.193429,0.3615157156937904,0.0171079180929596,298.0,0,1.0256159938400624,1.034661094423406,1.0185262649079274,0.15479524745783224,0.21831664265520195
1837.0,-0.110269,21.890279,-1.606607,22.318804,0.141854,0.087274,0.068098,0.019176,0.05458,0.073756,0.981262,0.3513310492662281,0.011546174708315,299.0,0,1.0141348586514143,1.0017500326498654,1.014715041319242,0.21060501155221645,0.2167424812787678
1838.0,-0.119194,21.897499,-1.602933,22.317754,0.141606,0.087621,0.06887,0.018751,0.053985,0.072736,1.382021,0.3473307894639351,0.0228007225542721,300.0,0,1.0001099989000117,0.9795481258978738,1.003653197244765,0.25762071267397296,0.20813684808617036
1839.0,-0.120769,21.896974,-1.608576,22.312109,0.14121,0.087369,0.068276,0.019093,0.053841,0.072934,1.066129,0.3546116414694847,0.0023163787101997,301.0,0,1.0028324716752839,0.9974141308606529,1.000976045065396,0.2642266562205354,0.20675635626934502
1840.0,-0.108694,21.893824,-1.614351,22.309483,0.141523,0.087852,0.068996,0.0188559999999999,0.053671,0.072527,0.934114,0.3513191235653598,0.0115797271218213,302.0,0,0.9972362776372243,0.9850333028601254,0.9978155181869741,0.2678485843006089,0.20948790171293297
1841.0,-0.1062,21.89973,-1.61212,22.312897,0.142046,0.086896,0.067678,0.019218,0.05515,0.074368,1.179284,0.3484614966183749,0.0196195297322173,303.0,0,1.0225497745022558,1.003944103434768,1.025312102029245,0.13890093893506694,0.20289418958936656
1842.0,-0.098325,21.896843,-1.606082,22.309483,0.1428,0.087605,0.068082,0.019523,0.055195,0.074718,1.193429,0.3537031668961518,0.004872330337779,304.0,0,1.027362226377737,1.0198772365156092,1.0261487120852981,0.12819014394706596,0.20562401277084302
1843.0,-0.095175,21.903406,-1.610676,22.304495,0.141587,0.086875,0.067982,0.0188929999999999,0.054712,0.0736049999999999,0.868107,0.3453109864200463,0.0284833459638381,305.0,0,1.0120586294137053,0.9869661747420634,1.0171690974836638,0.20350956914124957,0.20989764416222395
1844.0,-0.114469,21.899205,-1.61737,22.30607,0.141321,0.086665,0.067578,0.019087,0.0546559999999999,0.073743,0.882251,0.3492141903141411,0.017501860472962,306.0,0,1.0139561104388963,0.9971006921770954,1.0161279827472407,0.20970483409199048,0.21016299907333047
1845.0,-0.127726,21.908,-1.611332,22.306333,0.142313,0.088093,0.06825,0.019843,0.0542199999999999,0.0740629999999999,1.330158,0.3659652164290589,0.0296263847402997,307.0,0,1.0183560664393352,1.036593966305344,1.0080221608708173,0.19354019757312652,0.20506830488726288
1846.0,-0.115126,21.911413,-1.615139,22.305677,0.142028,0.087327,0.067888,0.0194389999999999,0.0547009999999999,0.0741399999999999,1.16514,0.3553617783627655,0.0002059028977019,308.0,0,1.0194148058519408,1.0154890949457986,1.0169645928032935,0.18209347927259711,0.19985561142032407
1847.0,-0.080868,21.913119,-1.614089,22.301738,0.141964,0.088309,0.068775,0.0195339999999999,0.053655,0.073189,1.17457,0.3640599373788578,0.0242659693447555,309.0,0,1.0063386866131347,1.020451874102126,0.9975180568337108,0.2533413254660256,0.2019681347907844
1848.0,-0.090581,21.913775,-1.618945,22.296619,0.141312,0.087337,0.068208,0.0191289999999999,0.0539749999999999,0.0731039999999999,1.099133,0.3543982510745515,0.0029167428186176,310.0,0,1.0051699483005165,0.9992947629619928,1.0034672838989738,0.260274261785038,0.20857158938584233
1849.0,-0.128251,21.917319,-1.62157,22.301345,0.14155,0.086949,0.067877,0.0190719999999999,0.054601,0.073673,0.853963,0.3492912347533055,0.0172850994700031,311.0,0,1.0129936200638001,0.9963170954681965,1.0151054593454,0.21327971435985998,0.20235432110153959
1850.0,-0.128513,21.923357,-1.624589,22.300819,0.141725,0.087301,0.068082,0.019219,0.0544239999999999,0.0736429999999999,1.226432,0.3531281580156179,0.0064900915027187,312.0,0,1.0125811241887575,1.0039963432153611,1.0118147931249237,0.21572164963122042,0.20200305788395165
1851.0,-0.098719,21.920338,-1.616057,22.294912,0.143103,0.089212,0.068276,0.0209359999999999,0.053891,0.074827,0.858677,0.3884806650337711,0.0929725687680644,313.0,0,1.028860961390387,1.0936920464934023,1.0019056117943437,0.16002617263967067,0.20412955539794297
1852.0,-0.083362,21.923489,-1.618026,22.299769,0.142708,0.088062,0.068728,0.019334,0.054646,0.07398,1.443314,0.3537980126996908,0.0046054860109916,314.0,0,1.0172148278517223,1.0100039179835472,1.015942069401453,0.19422468989764508,0.20817779408040385
1853.0,-0.096356,21.921651,-1.620389,22.301738,0.142074,0.086949,0.06763,0.019319,0.055125,0.074444,0.896396,0.3504516924863041,0.0140202047569756,315.0,0,1.0235947640523602,1.009220321274653,1.0248473186647713,0.14133688629822216,0.1976493571361934
1854.0,-0.112632,21.930314,-1.620389,22.297669,0.142175,0.087763,0.068239,0.019524,0.054412,0.073936,1.080273,0.3588113134728833,0.0094992062356786,316.0,0,1.0166098339016618,1.0199294762962021,1.011591697109978,0.20619220191611093,0.19572298415913245
1855.0,-0.096225,21.920207,-1.626951,22.298194,0.142322,0.088025,0.068407,0.019618,0.054297,0.073915,1.353732,0.3613024420788981,0.0165078825398414,317.0,0,1.0163210867891328,1.0248400156719368,1.0094536936333984,0.21480517271303978,0.19451231689099172
1856.0,-0.054486,21.930445,-1.621176,22.300163,0.141606,0.087883,0.06804,0.019843,0.053723,0.073566,1.188714,0.369350755714392,0.0391514445499923,318.0,0,1.0115223847761532,1.036593966305344,0.9987822675850796,0.22257586609720564,0.19202473370045625
1857.0,-0.079949,21.932808,-1.620389,22.307383,0.142487,0.087532,0.067935,0.019597,0.054955,0.074552,0.8021,0.3565943664022127,0.0032619271308278,319.0,0,1.0250797492025085,1.0237429802794855,1.0216867917863492,0.1480569560239211,0.19601941717691146
1858.0,-0.123001,21.930839,-1.619207,22.30909,0.141514,0.087306,0.068182,0.0191239999999999,0.054208,0.073332,1.207573,0.352782748252135,0.0074618860614998,320.0,0,1.0083049169508311,0.9990335640590283,1.0077990648558717,0.24101053201442868,0.19707961743693803
1859.0,-0.110007,21.938584,-1.625901,22.314472,0.142193,0.087957,0.068234,0.0197229999999999,0.054236,0.073959,1.051984,0.3636447443627041,0.0230978427988421,321.0,0,1.0169260807391933,1.0303251926341883,1.0083196222240822,0.20117304167845257,0.19911555481230558
1860.0,-0.088087,21.935302,-1.621439,22.317097,0.142285,0.08823,0.068124,0.020106,0.0540549999999999,0.0741609999999999,1.40088,0.3719476098860441,0.0464575748935962,322.0,0,1.0197035529644696,1.0503330286012824,1.0049545906652901,0.19084581772586595,0.199498843981943
1861.0,-0.086906,21.940028,-1.62157,22.320117,0.142552,0.08824,0.068518,0.019722,0.054312,0.074034,1.334873,0.3631174856848268,0.0216144246433602,323.0,0,1.0179573204267964,1.0302729528536005,1.0097325636520826,0.1999730074042224,0.2034347189988087
1862.0,-0.092944,21.938977,-1.634301,22.321036,0.142239,0.087679,0.068423,0.019256,0.05456,0.073816,1.221718,0.3529260827330879,0.0070586210603279,324.0,0,1.014959850401497,1.0059292150972992,1.014343214627663,0.20482669249791113,0.20202167806170537
1863.0,-0.090975,21.931889,-1.62787,22.320248,0.142625,0.088335,0.067872,0.0204629999999999,0.05429,0.074753,1.212288,0.3769133005470518,0.0604283182689386,325.0,0,1.027843471565285,1.0689826302729504,1.0093235542913457,0.1616962600518978,0.20377710590230613
1864.0,-0.086643,21.936352,-1.629445,22.321692,0.142276,0.087694,0.068523,0.0191709999999999,0.054582,0.073753,1.141566,0.3512265723760142,0.0118401156566092,326.0,0,1.01409360906391,1.0014888337468957,1.0147522239884,0.21002509361248523,0.19793454703812055
1865.0,-0.099638,21.93609,-1.623145,22.328518,0.142148,0.088293,0.068948,0.019345,0.053855,0.0732,1.108562,0.3591986036838978,0.0105888295165554,327.0,0,1.0064899351006498,1.0105785555700693,1.0012363237495014,0.2541639228816964,0.18768122206372792
1866.0,-0.108957,21.935565,-1.625114,22.333113,0.141909,0.087243,0.068134,0.019109,0.054666,0.073775,1.250006,0.3495527466295937,0.0165493477765047,328.0,0,1.0143961060389404,0.9982499673501397,1.016313896093032,0.20844545672617232,0.18403781242669956
1867.0,-0.081918,21.938452,-1.626032,22.337182,0.141753,0.087112,0.06731,0.019802,0.0546409999999999,0.074443,1.259436,0.3623952271146737,0.0195823832168806,329.0,0,1.0235810141898587,1.0344521353010343,1.0158491127285563,0.16561123442992903,0.1871034043757278
1868.0,-0.095437,21.931889,-1.628395,22.334425,0.142579,0.087957,0.06836,0.0195969999999999,0.054622,0.074219,1.051984,0.3587682844223126,0.0093781459715087,330.0,0,1.0205010449895509,1.0237429802794802,1.015495877371558,0.1825849433725727,0.18456062265823808
1869.0,-0.108432,21.934121,-1.637189,22.337313,0.143075,0.086996,0.06814,0.0188559999999999,0.056079,0.074935,1.000122,0.3362339514978601,0.0540211682254347,331.0,0,1.0303459465405354,0.9850333028601254,1.0425834518530923,0.09863979193452632,0.179788468551412
1870.0,-0.102919,21.939109,-1.633514,22.340464,0.142129,0.087169,0.067867,0.019302,0.05496,0.074262,1.268866,0.3511944833609285,0.0119303966317109,332.0,0,1.02109228907711,1.0083322450045735,1.0217797484592441,0.15441172135558234,0.17065611590917262
1871.0,-0.072468,21.930971,-1.629576,22.341645,0.141679,0.087295,0.068224,0.0190709999999999,0.054384,0.0734549999999999,1.075559,0.3506665440838464,0.0134157296219019,333.0,0,1.0099961500384989,0.9962648556876035,1.0110711397417673,0.23062892689450493,0.1584893496977312
1872.0,-0.066824,21.934121,-1.633645,22.343221,0.141863,0.087595,0.067625,0.01997,0.0542679999999999,0.0742379999999999,1.089703,0.3679817206876855,0.0352997271685293,334.0,0,1.0207622923770756,1.0432284184406453,1.008914544930607,0.17939887532301374,0.15902940377540462
1873.0,-0.094125,21.932152,-1.637714,22.34519,0.142111,0.086975,0.066985,0.0199899999999999,0.0551359999999999,0.0751259999999999,1.014266,0.3625514627201334,0.0200219449413168,335.0,0,1.0329721702782966,1.0442732140524984,1.025051823345138,0.11397471898363687,0.15426274722073816
1874.0,-0.106857,21.932546,-1.63732,22.34112,0.143305,0.088277,0.06825,0.0200269999999999,0.0550279999999999,0.0750549999999999,1.014266,0.3639353795271582,0.023915531530507,336.0,0,1.031995930040699,1.0462060859344364,1.023043959210611,0.1187015671900914,0.1589339551184387
1875.0,-0.095044,21.927952,-1.634039,22.345452,0.141936,0.086634,0.067452,0.019182,0.055302,0.074484,1.15571,0.3468527927960509,0.0241455442995566,337.0,0,1.0241447585524153,1.002063471333423,1.0281379848852459,0.1324962607672825,0.16877013724868176
1876.0,-0.071418,21.931102,-1.630495,22.347947,0.141624,0.087301,0.067804,0.019497,0.0543229999999999,0.07382,1.113277,0.3589021426993594,0.0097547501067545,338.0,0,1.0150148498515021,1.0185190022201933,1.0099370683324493,0.21384599750290645,0.16953879386676168
1877.0,-0.078899,21.93504,-1.637451,22.350703,0.142809,0.087847,0.067541,0.0203059999999999,0.054962,0.0752679999999999,1.103847,0.3694485381074539,0.0394265508369831,339.0,0,1.034924650753492,1.0607809847198617,1.021816931128402,0.11794466888326416,0.15645333511916698
1878.0,-0.09255,21.93609,-1.636664,22.355035,0.14189,0.087799,0.068344,0.019455,0.0540909999999999,0.0735459999999999,1.113277,0.3596650151593582,0.0119010568532558,340.0,0,1.011247387526124,1.0163249314352905,1.0056238787101324,0.22929702234957816,0.14639954391710747
1879.0,-0.098062,21.929002,-1.639289,22.354904,0.142662,0.088162,0.068665,0.019497,0.0545,0.073997,1.179284,0.3577365552925634,0.0064754232913031,341.0,0,1.0174485755142455,1.0185190022201933,1.013227734552926,0.19700161323695703,0.14524985016967826
1880.0,-0.082968,21.92047,-1.645588,22.355954,0.142745,0.08792,0.068371,0.0195489999999999,0.054825,0.074374,1.386736,0.3565644037500454,0.0031776285804649,342.0,0,1.022632273677264,1.02123547081102,1.0192699182910856,0.16209828753638178,0.15547629190453796
1881.0,-0.065905,21.926245,-1.643095,22.358842,0.142589,0.087348,0.067069,0.0202789999999999,0.055241,0.0755199999999999,1.217003,0.3670938778465659,0.0328018219751358,343.0,0,1.0383896161038384,1.059370510643853,1.02700391347593,0.09977433941855762,0.16362825163679456
1882.0,-0.067743,21.928345,-1.642438,22.355692,0.143305,0.087799,0.067389,0.0204099999999999,0.0555059999999999,0.0759159999999999,0.943544,0.3677013709982525,0.0345109761500292,344.0,0,1.043834561654383,1.0662139219015254,1.0319306171393505,0.07886096330241876,0.1579745921262585
1883.0,-0.092419,21.929789,-1.638107,22.35753,0.142717,0.087563,0.067231,0.020332,0.055154,0.075486,0.91054,0.3686338500589248,0.0371344633039574,345.0,0,1.037922120778793,1.0621392190152827,1.025386467367561,0.10247778150934472,0.16226660457755293
1884.0,-0.1062,21.931889,-1.642832,22.36475,0.141312,0.086776,0.06784,0.018936,0.0545359999999999,0.073472,1.29244,0.3472138181418122,0.0231298160148224,346.0,0,1.0102298977010238,0.9892124853075643,1.0138970225977662,0.22096598453868843,0.1530470750565473
1885.0,-0.098325,21.933727,-1.641782,22.366194,0.142267,0.087988,0.068423,0.019565,0.054279,0.073844,1.320729,0.3604458364038319,0.01409786168329,347.0,0,1.0153448465515353,1.0220713073005119,1.0091190496109774,0.2140158580898487,0.1547227330707623
1886.0,-0.079293,21.928083,-1.641782,22.363174,0.142111,0.087411,0.067447,0.019964,0.0546999999999999,0.074664,1.17457,0.3649659055593136,0.0268148693507028,348.0,0,1.0266197338026626,1.0429149797570876,1.0169460014687146,0.15730940239754587,0.15962722508895494
1887.0,-0.064593,21.928345,-1.640076,22.358974,0.141486,0.08635,0.067583,0.0187669999999999,0.055136,0.073903,0.948259,0.3403703502185463,0.0423835997641979,349.0,0,1.0161560884391163,0.9803839623873551,1.0250518233451398,0.1608647933962084,0.16963516090936318
1888.0,-0.088743,21.931102,-1.641388,22.356217,0.14223,0.087038,0.067709,0.019329,0.0551919999999999,0.0745209999999999,1.02841,0.3502074538437845,0.0147073589979307,350.0,0,1.0246535034649649,1.0097427190805823,1.0260929380815593,0.13710172713952185,0.18133828858954745
1889.0,-0.107382,21.930971,-1.645195,22.353329,0.141964,0.087652,0.068071,0.0195809999999999,0.054312,0.073893,0.863392,0.3605214221272989,0.0143105186564052,351.0,0,1.0160185898141025,1.0229071437899935,1.0097325636520826,0.21375819337910695,0.1925645285901436
1890.0,-0.092287,21.923751,-1.649263,22.351491,0.141835,0.087211,0.068255,0.018956,0.0546239999999999,0.0735799999999999,1.268866,0.3470205949656751,0.0236734405762912,352.0,0,1.0117148828511708,0.9902572809194227,1.0155330600407142,0.21114320771830802,0.195737557611209
1891.0,-0.060786,21.917188,-1.643751,22.350835,0.141798,0.087343,0.067788,0.019555,0.054455,0.07401,1.367877,0.3590972528279712,0.0103036835226375,353.0,0,1.0176273237267637,1.0215489094945827,1.012391124496873,0.19985369762263988,0.1983003395257154
1892.0,-0.06013,21.921651,-1.640863,22.349916,0.141569,0.086644,0.068129,0.018515,0.054925,0.07344,1.382021,0.3370899027782835,0.0516129884782564,354.0,0,1.0097899021009797,0.9672195376779442,1.0211290517489808,0.19589224010426187,0.20522827331994398
1893.0,-0.088218,21.929264,-1.64887,22.346634,0.141633,0.08729,0.06783,0.01946,0.054343,0.073803,0.717233,0.3580892094803475,0.0074675997062496,355.0,0,1.0147811021889788,1.0165861303382553,1.0103088950240304,0.21474018151530622,0.20993867354635237
1894.0,-0.102919,21.921651,-1.652413,22.340464,0.140871,0.086823,0.068245,0.0185779999999999,0.054048,0.072626,1.198144,0.343725138300431,0.0329450570578027,356.0,0,0.9985975140248604,0.9705106438552931,1.0048244513232392,0.25269627474934236,0.2211171334010608
1895.0,-0.082706,21.919157,-1.652413,22.340333,0.142368,0.08802,0.068985,0.0190349999999999,0.0543479999999999,0.0733829999999999,1.221718,0.3502364348930062,0.0146258221425231,357.0,0,1.0090061599384001,0.9943842235862582,1.0104018516969233,0.2396436772349127,0.21130562087522503
1896.0,-0.063936,21.918369,-1.652676,22.334819,0.141422,0.087138,0.067924,0.0192139999999999,0.054284,0.073498,1.202858,0.3539467624574006,0.0041869853765427,358.0,0,1.0105873941260595,1.0037351443123912,1.009212006283872,0.2265887403398315,0.2083217354361116
1897.0,-0.067086,21.916663,-1.643751,22.339545,0.14167,0.087154,0.067872,0.0192819999999999,0.0545159999999999,0.0737979999999999,0.835103,0.3536878404901222,0.0049154504795927,359.0,0,1.0147123528764708,1.00728744939271,1.0135251959061873,0.20796879566029225,0.20661058630246062
1898.0,-0.078899,21.915088,-1.651101,22.32773,0.141798,0.087574,0.068822,0.018752,0.054224,0.072976,1.320729,0.3458183494698018,0.027055903247375,360.0,0,1.0034099659003417,0.9796003656784668,1.008096526209135,0.24888632568660585,0.2078434923007709
1899.0,-0.088481,21.917976,-1.645982,22.329306,0.142873,0.087043,0.068203,0.0188399999999999,0.05583,0.07467,0.981262,0.3374469380809943,0.0506084859970049,361.0,0,1.026702232977671,0.9841974663706384,1.037954209542933,0.11564306812074998,0.20910974585054695
1900.0,-0.094519,21.912331,-1.650576,22.32248,0.141651,0.087133,0.067462,0.019671,0.054518,0.074189,0.886966,0.3608099928465307,0.0151223991659348,362.0,0,1.0200885491145097,1.0276087240433618,1.013562378575347,0.18130435332717326,0.20440709321359604
1901.0,-0.102,21.918238,-1.654907,22.321167,0.142138,0.087301,0.068082,0.019219,0.0548369999999999,0.0740559999999999,1.113277,0.3504686531237464,0.0139724867798873,363.0,0,1.0182598174018254,1.0039963432153611,1.019493014306031,0.1827422062861302,0.19897327151739913
1902.0,-0.080474,21.904587,-1.658188,22.316047,0.142938,0.088309,0.069158,0.019151,0.054629,0.07378,1.278295,0.3505583012996521,0.0137202657405299,364.0,0,1.0144648553514473,1.0004440381350423,1.0156260167136106,0.20822130008736478,0.189184150435426
1903.0,-0.054486,21.904456,-1.654251,22.313815,0.141054,0.086466,0.067945,0.0185209999999999,0.054588,0.073109,0.806814,0.339280807488688,0.0454489783619519,365.0,0,1.0052386976130245,0.9675329763614965,1.0148637719958737,0.22740271701306664,0.18983207276612887
1904.0,-0.074437,21.907869,-1.654645,22.314734,0.141018,0.086077,0.068029,0.0180479999999999,0.054941,0.072989,0.858677,0.3284918641476465,0.075803176599144,366.0,0,1.0035887141128597,0.9428235601410446,1.021426513102244,0.20566974837983354,0.17707076579169595
1905.0,-0.107382,21.905506,-1.663045,22.31329,0.141863,0.087154,0.067741,0.019413,0.0547089999999999,0.074122,0.967118,0.3548345823432645,0.0016891447667103,367.0,0,1.0191673083269175,1.0141308606503878,1.017113323479925,0.1853054602729432,0.17334000056657883
1906.0,-0.105413,21.902618,-1.666457,22.311584,0.143039,0.087589,0.068549,0.01904,0.05545,0.07449,1.240577,0.3433662152170385,0.0339548707235913,368.0,0,1.0242272577274234,0.9946454224892282,1.030889502402931,0.12869752952010027,0.16542833972649737
1907.0,-0.058555,21.900255,-1.654776,22.309352,0.141991,0.0875,0.068313,0.0191869999999999,0.054491,0.073678,1.066129,0.3521067312633045,0.0093638289155892,369.0,0,1.013062369376307,1.0023246702363822,1.0130604125417153,0.21444801896732102,0.17031337774091274
1908.0,-0.073124,21.90078,-1.653463,22.304626,0.142331,0.086623,0.067945,0.018678,0.055708,0.074386,1.089703,0.3352779622682151,0.0567108001636132,370.0,1,1.0227972720272804,0.9757346219145905,1.0356860667243009,0.12127325594227645,0.1662885104028005
1909.0,-0.104625,21.902093,-1.65727,22.308171,0.143829,0.088282,0.06783,0.0204519999999999,0.055547,0.075999,1.122707,0.3681860733059695,0.0358746639060394,371.0,1,1.0449758002419984,1.0684079926864283,1.0326928618570894,0.07833541586957904,0.1635619678480098
1910.0,-0.111713,21.904456,-1.655957,22.300951,0.142993,0.087542,0.067741,0.019801,0.055451,0.075252,1.29244,0.3570836038375531,0.0046383742608155,372.0,1,1.0347046529534711,1.0343998955204414,1.03090809373751,0.10218774492635874,0.16161082263063503
1911.0,-0.094256,21.899468,-1.66147,22.304495,0.141229,0.08665,0.068418,0.0182319999999999,0.0545789999999999,0.0728109999999999,1.16514,0.3340417735434225,0.060188760555545,373.0,1,1.0011412385876135,0.9524356797701422,1.0146964499846614,0.23159258643028363,0.16224510259090844
1912.0,-0.06853,21.893824,-1.656613,22.300426,0.142598,0.087516,0.068686,0.01883,0.055082,0.073912,1.023696,0.3418477570212224,0.0382269833516514,374.0,1,1.0162798372016288,0.9836750685647145,1.0240478912778763,0.16797262670624247,0.16943966501890068
1913.0,-0.095569,21.89553,-1.656088,22.294387,0.140889,0.085773,0.068313,0.01746,0.0551159999999999,0.0725759999999999,1.146281,0.3167806665819984,0.108752094882024,375.0,1,0.9979100208997904,0.9121065691524118,1.024679996653559,0.2001372914651598,0.163278442809929
1914.0,-0.110007,21.892773,-1.659501,22.293337,0.142111,0.087196,0.068413,0.0187829999999999,0.0549149999999999,0.0736979999999999,1.033125,0.3420314662393473,0.0377101258755583,376.0,1,1.0133373666263332,0.981219798876842,1.0209431384031895,0.1861582962060856,0.16800561990995883
1915.0,-0.082049,21.893955,-1.659763,22.29268,0.141743,0.08687,0.068166,0.018704,0.054873,0.073577,1.254721,0.3408535918649997,0.0410240215117925,377.0,1,1.0116736332636682,0.9770928562100063,1.0201623023508752,0.19164825987567735,0.17793060041823722
1916.0,-0.077587,21.894742,-1.661338,22.294256,0.141808,0.086917,0.068491,0.0184259999999999,0.0548909999999999,0.073317,0.985977,0.3356773300298768,0.0555871972468283,378.0,1,1.0080986690133105,0.962570197205169,1.0204969463732945,0.2006431538000225,0.1855512178749104
1917.0,-0.114732,21.897893,-1.65937,22.292943,0.142129,0.086665,0.068507,0.018158,0.055464,0.073622,1.070844,0.3273776255296134,0.0789380359478488,379.0,1,1.01229237707623,0.9485699360062713,1.0311497810870363,0.1528357968776044,0.1817565484434907
1918.0,-0.100819,21.890148,-1.662126,22.287692,0.142166,0.086823,0.068765,0.0180579999999999,0.0553429999999999,0.0734009999999999,1.051984,0.3262864989881467,0.0820078705270656,380.0,1,1.0092536574634248,0.9433459579469738,1.0289002296029812,0.16854502694257467,0.17868809003473374
1919.0,-0.089006,21.888836,-1.661338,22.285986,0.142524,0.087621,0.068402,0.019219,0.054903,0.074122,0.957688,0.3500473553839428,0.0151577886863524,381.0,1,1.0191673083269175,1.0039963432153611,1.0207200423882439,0.17758522095236318,0.1748526467983246
1920.0,-0.082574,21.88621,-1.657532,22.28126,0.141854,0.086902,0.06825,0.0186519999999999,0.054952,0.073604,1.061414,0.3394173202554907,0.0450649059412845,382.0,1,1.0120448795512054,0.9743763876191693,1.0216310177826124,0.1783939194930903,0.177358806975375
1921.0,-0.103575,21.885029,-1.66147,22.282047,0.141688,0.08686,0.067804,0.019056,0.054828,0.073884,1.16514,0.3475533020846633,0.0221746934811407,383.0,1,1.0158948410515902,0.9954812589787149,1.0193256922948224,0.19364589211608668,0.18142652440574916
1922.0,-0.100163,21.883979,-1.660026,22.28126,0.142671,0.086886,0.068738,0.018148,0.0557849999999999,0.073933,0.943544,0.3253145950596927,0.0847422777418646,384.0,1,1.0165685843141576,0.948047538200342,1.0371175994868782,0.1372880426186729,0.17276269841580985
1923.0,-0.094387,21.877022,-1.664357,22.275484,0.142092,0.086912,0.068507,0.018405,0.0551799999999999,0.073585,0.905825,0.3335387180370056,0.0616040841959983,385.0,1,1.011783632163679,0.9614731618127229,1.025869842066612,0.16178285910106838,0.1709171628994848
1924.0,-0.100163,21.884635,-1.662651,22.27404,0.141964,0.087364,0.068229,0.019135,0.0546,0.073735,1.396165,0.3504514569330231,0.0140208674753494,386.0,1,1.0138461115388853,0.9996082016455556,1.0150868680108212,0.21121989797658985,0.16873589087006083
1925.0,-0.089793,21.879122,-1.655957,22.269314,0.141615,0.087101,0.068449,0.018652,0.0545139999999999,0.073166,0.769096,0.3421443639365313,0.0373924933723076,387.0,1,1.006022439775603,0.9743763876191744,1.0134880132370294,0.2323254341794187,0.16407826811687753
1926.0,-0.102656,21.878335,-1.656613,22.269576,0.14269,0.086755,0.068308,0.018447,0.055935,0.074382,1.108562,0.3297876144164759,0.0721576425294333,388.0,1,1.022742272577275,0.9636672325976257,1.0399062996737232,0.1140048939006294,0.15769642566868736
1927.0,-0.127857,21.872822,-1.662388,22.262488,0.142212,0.086854,0.067966,0.018888,0.055358,0.074246,1.070844,0.3411911342329161,0.0400743615103159,389.0,1,1.020872291277088,0.9867049758391039,1.0291790996216672,0.13438044171435404,0.15012345636265625
1928.0,-0.120244,21.879516,-1.656876,22.262094,0.142249,0.086933,0.068145,0.018788,0.0553159999999999,0.0741039999999999,1.245292,0.3396424245711084,0.0444315852532137,390.0,1,1.0189198108018915,0.9814809977798118,1.0283982635693494,0.1467323066483347,0.14700031214243203
1929.0,-0.093075,21.875316,-1.659238,22.262094,0.142928,0.087626,0.068255,0.019371,0.055302,0.074673,1.207573,0.3502703289152487,0.0145304628624083,391.0,1,1.0267434825651751,1.0119367898654852,1.0281379848852459,0.1310089934205303,0.1436169947134806
1930.0,-0.08415,21.874134,-1.66042,22.258812,0.142846,0.087353,0.067777,0.0195759999999999,0.055493,0.075069,1.169855,0.3527588568133491,0.0075291035309178,392.0,1,1.0321884281157196,1.0226459448870289,1.031688929789826,0.11457549501118858,0.14417846948152185
1931.0,-0.08835,21.87886,-1.658057,22.261044,0.143112,0.088083,0.068045,0.020038,0.0550289999999999,0.075067,0.764381,0.3641286570961294,0.0244593091237246,393.0,1,1.0321609283907167,1.0467807235209639,1.02306255054519,0.11791619905577555,0.14073511157586327
1932.0,-0.125232,21.87781,-1.654645,22.261175,0.142423,0.086692,0.067525,0.019167,0.0557309999999999,0.0748979999999999,1.056699,0.3439137299935406,0.0324144629618304,394.0,1,1.029837201627983,1.001279874624529,1.0361136674196147,0.10605660041643072,0.14204287839178126
1933.0,-0.123657,21.880435,-1.657138,22.262488,0.142524,0.087327,0.067798,0.019529,0.055197,0.074726,1.250006,0.3537990506902424,0.0046025656720876,395.0,1,1.027472225277748,1.0201906751991667,1.026185894754456,0.12794968481155433,0.14809810200202553
1934.0,-0.101213,21.870196,-1.65832,22.262619,0.142304,0.08802,0.068591,0.019429,0.054284,0.073713,1.641336,0.3579073408860642,0.0069559207410823,396.0,1,1.0135436145638552,1.0149666971398745,1.009212006283872,0.2168346456570021,0.14996428846526122
1935.0,-0.076537,21.871115,-1.657532,22.266295,0.140503,0.085515,0.067373,0.0181419999999999,0.0549879999999999,0.0731299999999999,1.103847,0.3299205295604574,0.071783691855896,397.0,1,1.0055274447255522,0.9477340995167793,1.022300305827453,0.19789185512283286,0.1482563154499206
1936.0,-0.081656,21.87269,-1.656745,22.267213,0.142359,0.087133,0.067562,0.019571,0.055226,0.074797,0.863392,0.3543737664548138,0.0029856291754913,398.0,1,1.0284484655153456,1.0223847459840696,1.0267250434572455,0.1270825620598095,0.15629222683065727
1937.0,-0.129563,21.879779,-1.656613,22.267607,0.141293,0.086739,0.067258,0.019481,0.054554,0.074035,1.108562,0.3570891760608559,0.0046540514560153,399.0,1,1.017971070289298,1.0176831657307064,1.0142316666201894,0.19493267781679668,0.1671780961692991
1938.0,-0.123395,21.879647,-1.650838,22.262225,0.142414,0.087763,0.068071,0.0196919999999999,0.054651,0.074343,1.278295,0.360316182390397,0.0137330860512705,400.0,1,1.0222060279397214,1.0287057594358078,1.0160350260743478,0.16539417128069156,0.17958270859808917
1939.0,-0.11145,21.881354,-1.654907,22.266951,0.142625,0.087421,0.067672,0.019749,0.055204,0.074953,1.231147,0.3577393352051445,0.0064832444481024,401.0,1,1.0305934440655602,1.0316834269296096,1.0263160340965087,0.11392926326712405,0.1811965561037965
1940.0,-0.114863,21.877678,-1.650707,22.270495,0.141459,0.086655,0.067762,0.0188929999999999,0.054804,0.073697,1.113277,0.344731320135024,0.0301142105231181,402.0,1,1.013323616763833,0.9869661747420634,1.0188795002649276,0.19493460881855534,0.17862027869455183
1941.0,-0.108957,21.876235,-1.652807,22.270889,0.141734,0.087154,0.068717,0.0184369999999999,0.05458,0.073017,0.886966,0.3377915391803007,0.0496389665778687,403.0,1,1.003973710262898,0.9631448347916912,1.014715041319242,0.22677489244219406,0.17791244552193308
1942.0,-0.130089,21.871247,-1.648345,22.269445,0.141229,0.086597,0.068455,0.0181419999999999,0.054632,0.0727739999999999,0.934114,0.3320703604048833,0.0657352411814081,404.0,1,1.0006324936750626,0.9477340995167793,1.0156817907173477,0.2301027247043314,0.1767200459218205
1943.0,-0.118669,21.882273,-1.655563,22.269445,0.141844,0.086403,0.067819,0.0185839999999999,0.055441,0.074025,0.934114,0.3351971429602104,0.0569381815872634,405.0,1,1.0178335716642841,0.9708240825388506,1.0307221803917204,0.14408815986862744,0.1759161271768873
1944.0,-0.143214,21.882535,-1.654645,22.267213,0.141697,0.086875,0.067877,0.0189979999999999,0.0548219999999999,0.0738199999999999,1.042555,0.3465333892709262,0.0250441714971259,406.0,1,1.0150148498515008,0.9924513517043202,1.0192141442873468,0.19107187156455557,0.16941458717770747
1945.0,-0.116176,21.877153,-1.65727,22.264851,0.141606,0.086734,0.067998,0.018736,0.054872,0.073608,1.452743,0.3414429683086399,0.0393658378657136,407.0,1,1.0120998790012108,0.9787645291889798,1.0201437110162963,0.1908135233966453,0.17180357832922724
1946.0,-0.085856,21.873741,-1.650182,22.261044,0.143075,0.087962,0.068098,0.0198639999999999,0.055113,0.074977,1.240577,0.3604165910657907,0.0140155812633864,408.0,1,1.0309234407655932,1.0376910016977903,1.024624222649824,0.11515856605868369,0.17624873739632171
1947.0,-0.105281,21.884898,-1.649132,22.266163,0.141321,0.086655,0.067247,0.0194079999999999,0.054666,0.074074,1.051984,0.3550222254742348,0.0011612194068977,409.0,1,1.0185073149268515,1.013869661747418,1.016313896093032,0.1868934903674644,0.16815104768486985
1948.0,-0.157389,21.879516,-1.655301,22.264325,0.143682,0.088209,0.068397,0.0198119999999999,0.055473,0.075285,1.02841,0.3571402819338788,0.0047978354904463,410.0,1,1.0351583984160166,1.0349745331069584,1.0313171030982469,0.10037877128889361,0.16058156115807634
1949.0,-0.165133,21.877678,-1.661338,22.261831,0.143186,0.088477,0.067819,0.0206579999999999,0.054709,0.075367,1.532895,0.3775909340157191,0.0623348090150563,411.0,1,1.0362858871411293,1.07916938748857,1.017113323479927,0.13781917478232164,0.1719743452517438
1950.0,-0.1041,21.872559,-1.653595,22.261963,0.141266,0.086791,0.068749,0.0180419999999999,0.054475,0.072517,1.004836,0.3311917174535572,0.0682072629059832,412.0,1,0.9970987790122106,0.942510121457487,1.0127629511884522,0.23938619948950002,0.1636601286040565
1951.0,-0.079031,21.873872,-1.64257,22.259993,0.142763,0.087862,0.068134,0.0197279999999999,0.054901,0.074629,1.268866,0.3593311719063056,0.0109618041421251,413.0,1,1.0261384886151146,1.030586391537153,1.020682859719086,0.14579799532767534,0.16973935164814127
1952.0,-0.106069,21.87886,-1.649788,22.260912,0.141991,0.087007,0.067777,0.0192299999999999,0.054984,0.074214,0.91997,0.3497317450213694,0.0160457439947117,414.0,1,1.020432295677044,1.004570980801878,1.022225940489139,0.15440785943639634,0.17812755494793595
1953.0,-0.173009,21.875447,-1.657401,22.2596,0.141266,0.087358,0.068145,0.019213,0.053908,0.073121,1.367877,0.356396891057152,0.0027063392867312,415.0,1,1.0054036959630412,1.0036829045318036,1.0022216644821857,0.258016000805302,0.17393115015646965
1954.0,-0.157914,21.871509,-1.651626,22.258024,0.141927,0.085778,0.067636,0.0181419999999999,0.056149,0.074291,1.183999,0.3230988423864646,0.090976196464183,416.0,1,1.0214910350896498,0.9477340995167793,1.043884845273619,0.1079297050876824,0.18705457018599453
1955.0,-0.101344,21.868228,-1.65202,22.260781,0.141146,0.08707,0.068486,0.0185839999999999,0.054076,0.0726599999999999,1.547039,0.3436581171292784,0.0331336180550152,417.0,1,0.9990650093499059,0.9708240825388506,1.00534500869145,0.2516057538374932,0.19880124989971037
1956.0,-0.117488,21.87164,-1.650313,22.261175,0.141183,0.08645,0.067672,0.018778,0.054733,0.073511,1.051984,0.343077429020353,0.0347673574690736,418.0,1,1.0107661423385774,0.9809585999738826,1.0175595155098218,0.19904059905663057,0.20001958394559227
1957.0,-0.139801,21.879254,-1.652151,22.264063,0.143434,0.088834,0.068276,0.0205579999999999,0.0546,0.075158,1.023696,0.3765132506730644,0.059302796260348,419.0,1,1.033412165878342,1.073945409429278,1.0150868680108212,0.14492944245280148,0.2088906042380274
1958.0,-0.14072,21.871247,-1.64992,22.265113,0.141826,0.087883,0.068339,0.019544,0.053943,0.073487,1.372591,0.3623016461515646,0.019319097460746,420.0,1,1.0104361456385442,1.0209742719080606,1.002872361192449,0.23161297158414212,0.2086757942547318
1959.0,-0.131007,21.88096,-1.65307,22.267476,0.141302,0.087012,0.069027,0.017985,0.05429,0.072275,1.188714,0.3312703763054649,0.0679859598266692,421.0,1,0.993771312286878,0.9395324539636958,1.0093235542913457,0.2552859719194802,0.19899419842688298
1960.0,-0.148727,21.871378,-1.65307,22.269051,0.140898,0.086397,0.069074,0.017323,0.0545009999999999,0.071824,1.41974,0.3178415470991891,0.1057673561076268,422.0,1,0.9875701242987578,0.9049497192111817,1.0132463258875029,0.2515695399483191,0.20441705190458098
1961.0,-0.138489,21.873609,-1.648476,22.272202,0.142138,0.087605,0.069416,0.0181889999999999,0.0545329999999999,0.0727219999999999,1.250006,0.3335350423588954,0.0616144255481111,423.0,1,0.9999175008249911,0.9501893692046465,1.0138412485940296,0.2345081982520265,0.20433967917709003
1962.0,-0.127201,21.864158,-1.644801,22.277321,0.143085,0.088114,0.068817,0.0192969999999999,0.0549709999999999,0.0742679999999999,1.240577,0.3510332532925853,0.0123840100488535,424.0,1,1.021174788252117,1.0080710461016038,1.0219842531396108,0.15225975960344051,0.20603853260924848
1963.0,-0.14702,21.872034,-1.646376,22.278897,0.141587,0.086387,0.068035,0.018352,0.0551999999999999,0.0735519999999999,1.245292,0.3324577453307007,0.0646453514247689,425.0,1,1.0113298867011322,0.958704453441298,1.026241668758191,0.1612000425268137,0.21210258436495283
1964.0,-0.159489,21.876497,-1.647951,22.280603,0.141835,0.08666,0.068119,0.018541,0.0551749999999999,0.0737159999999999,0.990692,0.3360337828041178,0.0545843336827618,426.0,1,1.013584864151358,0.9685777719733601,1.025776885393717,0.1621582398646622,0.20280320111376637
1965.0,-0.180621,21.874528,-1.654382,22.277321,0.141973,0.087484,0.070056,0.017428,0.0544889999999999,0.071917,1.306584,0.3198385024775191,0.1001490135592819,427.0,1,0.9888488615113855,0.9104348961734383,1.0130232298725554,0.25083202656258385,0.20202529953602508
1966.0,-0.138358,21.866784,-1.64677,22.276796,0.142396,0.087899,0.068696,0.019203,0.0544969999999999,0.0737,1.226432,0.3523615545524609,0.0086468952558227,428.0,1,1.0133648663513373,1.0031605067258744,1.0131719605491871,0.216029133378215,0.198904330160193
1967.0,-0.131401,21.861927,-1.650182,22.279947,0.142377,0.087621,0.068922,0.018699,0.054756,0.073455,1.061414,0.3414905856785435,0.0392318685751263,429.0,1,1.0099961500385004,0.9768316573070418,1.0179871162051377,0.20556996000984523,0.1971722797240298
1968.0,-0.150433,21.868228,-1.649526,22.280472,0.142671,0.087101,0.068591,0.01851,0.0555699999999999,0.07408,0.882251,0.3330874017023267,0.0628738420450746,430.0,1,1.0185898141018597,0.9669583387749795,1.0331204625524035,0.13861913907227752,0.19293672436161075
1969.0,-0.175109,21.870853,-1.65517,22.282441,0.141357,0.086865,0.069274,0.0175909999999999,0.054492,0.072083,1.113277,0.322812104306975,0.0917829209256851,431.0,1,0.9911313386866138,0.9189499804100794,1.0130790038762942,0.2475069561420672,0.1912653254359508
1970.0,-0.173402,21.865996,-1.654645,22.284148,0.141339,0.086424,0.068875,0.0175489999999999,0.0549149999999999,0.0724639999999999,1.217003,0.3195607837424429,0.1009303625081283,432.0,1,0.9963700362996364,0.9167559096251767,1.0209431384031895,0.22035984618999832,0.1986721021575346
1971.0,-0.128776,21.864421,-1.64782,22.283885,0.142166,0.087511,0.068796,0.018715,0.0546549999999999,0.0733699999999999,1.259436,0.3424143735363,0.0366328337227711,433.0,1,1.008827411725882,0.9776674937965285,1.0161093914126618,0.21718769389039416,0.18579123247237442
1972.0,-0.136389,21.869015,-1.642438,22.283229,0.14336,0.087705,0.068271,0.019434,0.0556549999999999,0.0750889999999999,1.103847,0.3491806813281589,0.0175961364711833,434.0,1,1.0324634253657459,1.0152278960428391,1.0347007259916143,0.10990420597925032,0.17740464844675236
1973.0,-0.16894,21.869803,-1.648082,22.289399,0.141863,0.086424,0.067846,0.0185779999999999,0.0554389999999999,0.0740169999999999,1.217003,0.3351010101010101,0.0572086469862405,435.0,1,1.0177235727642717,0.9705106438552931,1.0306849977225607,0.1444860532702139,0.17406820727451366
1974.0,-0.170909,21.876366,-1.649395,22.291893,0.141321,0.08676,0.068891,0.017869,0.054561,0.07243,1.254721,0.3274989919724352,0.0785965770163943,436.0,1,0.995902540974591,0.9334726394149168,1.014361805962242,0.2362260070805004,0.1709638096376907
1975.0,-0.157521,21.871378,-1.64677,22.296225,0.143241,0.088041,0.068407,0.019634,0.0552,0.074834,0.976548,0.3556819622832918,0.0006949199066077,437.0,1,1.0289572104278966,1.0256758521614235,1.0262416687581928,0.12202332971098229,0.16034241087036474
1976.0,-0.147545,21.876891,-1.647951,22.303051,0.142662,0.087332,0.068208,0.019124,0.05533,0.074454,1.448028,0.3456290325495653,0.0275885377366721,438.0,1,1.0237322626773742,0.9990335640590334,1.0286585422534567,0.13216329312199415,0.16054011058429488
1977.0,-0.150039,21.878466,-1.64992,22.301476,0.142074,0.086644,0.068854,0.01779,0.05543,0.07322,1.250006,0.3209395464631704,0.0970512767048126,439.0,1,1.006764932350677,0.929345696748076,1.0305176757113519,0.17220554828745838,0.15220565724863766
1978.0,-0.168546,21.881485,-1.64362,22.306464,0.142809,0.087138,0.06793,0.0192079999999999,0.055671,0.0748789999999999,1.136851,0.3450208363270582,0.0292996699691368,440.0,1,1.029575954240457,1.0034217056288337,1.0349981873448795,0.1075751627040481,0.15968687377364327
1979.0,-0.171696,21.876497,-1.642832,22.308696,0.142083,0.086513,0.06805,0.018463,0.0555699999999999,0.0740329999999999,1.278295,0.3322416368249629,0.065253362813517,441.0,1,1.0179435705642939,0.9645030690871123,1.0331204625524035,0.14129296846880746,0.15987951817067714
1980.0,-0.170515,21.883716,-1.651757,22.315522,0.142239,0.087469,0.069531,0.017938,0.05477,0.072708,1.349017,0.3275090832739955,0.0785681856013733,442.0,1,0.9997250027499732,0.9370771842758284,1.0182473948892432,0.22233684332929937,0.15603751839170207
1981.0,-0.162246,21.887523,-1.655563,22.321167,0.142322,0.086287,0.068297,0.01799,0.056035,0.074025,1.231147,0.321043614819045,0.0967584851491819,443.0,1,1.0178335716642841,0.9397936528666603,1.0417654331316184,0.13384316053382217,0.15895665143870508
1982.0,-0.163427,21.887786,-1.648345,22.326155,0.142074,0.086833,0.069006,0.0178269999999999,0.055241,0.073068,1.245292,0.3227073603417688,0.0920776132772454,444.0,1,1.0046749532504682,0.9312785686300088,1.02700391347593,0.1847163712293064,0.16085893432131576
1983.0,-0.16159,21.890805,-1.654251,22.325761,0.142506,0.086875,0.068581,0.0182939999999999,0.055631,0.0739249999999999,1.339588,0.3288395168248488,0.0748250717052803,445.0,1,1.0164585854141452,0.9556745461669034,1.0342545339617215,0.1464124972405526,0.16155443853261925
1984.0,-0.149252,21.893561,-1.649526,22.328124,0.141918,0.086865,0.068985,0.0178799999999999,0.0550529999999999,0.0729329999999999,1.221718,0.324772041995132,0.0862687259541954,446.0,1,1.0028187218127813,0.9340472770014338,1.0235087425750848,0.19780600929074998,0.16682016969734642
1985.0,-0.17209,21.89553,-1.645982,22.330093,0.14201,0.086439,0.068245,0.018194,0.0555709999999999,0.073765,0.971833,0.3273950910530483,0.078888897497131,447.0,1,1.0142586074139266,0.9504505681076163,1.0331390538869825,0.15121466018101204,0.17299626092263137
1986.0,-0.194141,21.894742,-1.649263,22.336263,0.141679,0.085841,0.068045,0.017796,0.055838,0.073634,1.259436,0.3187019824853598,0.103346560534184,448.0,1,1.0124573754262465,0.9296591354316335,1.0381029402195647,0.15118612194810133,0.1680861243707002
1987.0,-0.165527,21.898155,-1.649788,22.335082,0.142579,0.087631,0.068922,0.018709,0.054948,0.073657,1.245292,0.3404793535824127,0.042076923789477,449.0,1,1.0127736222637782,0.977354055112971,1.0215566524442967,0.1791605904004931,0.17134883423956812
1988.0,-0.16999,21.900518,-1.647426,22.335607,0.142111,0.086886,0.068476,0.01841,0.0552249999999999,0.0736349999999999,1.589473,0.3333574765509002,0.0621139988210127,450.0,1,1.0124711252887464,0.9617343607156874,1.0267064521226648,0.16023247435131993,0.16964863851369436
1989.0,-0.158308,21.894611,-1.645982,22.331669,0.141716,0.086481,0.069731,0.01675,0.055235,0.071985,0.91054,0.3032442609892099,0.1468361524022364,451.0,1,0.989783852161479,0.8750163249314376,1.026892365468456,0.20305388072165692,0.17555714932587768
1990.0,-0.17314,21.900518,-1.641782,22.328781,0.141945,0.086345,0.068702,0.017643,0.0555999999999999,0.0732429999999999,1.15571,0.3173144367907054,0.1072503568326115,452.0,1,1.0070811791882075,0.9216664490009165,1.033678202589772,0.17323547780998733,0.1681949323838014
1991.0,-0.203985,21.900912,-1.648607,22.327337,0.14235,0.086828,0.069011,0.017817,0.055522,0.073339,1.023696,0.3208940439097311,0.0971792960560814,453.0,1,1.008401165988341,0.9307561708240849,1.0322280784926157,0.1664702592225018,0.1695753436954756
1992.0,-0.193222,21.897893,-1.647951,22.332062,0.142001,0.086145,0.069095,0.0170499999999999,0.0558559999999999,0.0729059999999999,1.542325,0.305243747426464,0.1412106888354654,454.0,1,1.0024474755252442,0.8906882591093087,1.038437584241984,0.16771441397056858,0.17184040082646393
1993.0,-0.157652,21.89763,-1.644013,22.327337,0.141606,0.086497,0.06951,0.016987,0.055109,0.072096,0.990692,0.3082380693159136,0.1327863012615155,455.0,1,0.9913100868991317,0.8873971529319599,1.0245498573115082,0.20549760536238604,0.17142403256317618
1994.0,-0.170909,21.89553,-1.64467,22.3318,0.143397,0.087038,0.069353,0.017685,0.0563589999999999,0.074044,1.217003,0.3137863733144075,0.1171764019296844,456.0,1,1.0180948190518102,0.9238605197858192,1.0477890255351971,0.12418383986998693,0.16694047995359199
1995.0,-0.194534,21.902356,-1.645195,22.333769,0.142487,0.086886,0.069064,0.017822,0.055601,0.073423,1.099133,0.3205280385597641,0.0982090353546935,457.0,1,1.0095561544384564,0.9310173697270496,1.0336967939243529,0.16501877329775422,0.15664716710435156
1996.0,-0.192959,21.896449,-1.646507,22.329043,0.141734,0.085977,0.068838,0.017139,0.055757,0.072896,1.330158,0.307381900355106,0.1351950934424909,458.0,1,1.0023099769002317,0.8953375995820841,1.0365970421186694,0.17383669325798462,0.15348918710974438
1997.0,-0.153058,21.888967,-1.649526,22.329831,0.142515,0.086807,0.069678,0.0171289999999999,0.055708,0.072837,1.212288,0.3074727602362273,0.1349394633259739,459.0,1,1.0014987350126505,0.8948152017761497,1.0356860667243009,0.17499690776761528,0.154132014856618
1998.0,-0.157127,21.893561,-1.638895,22.327862,0.143167,0.08729,0.068439,0.018851,0.0558769999999999,0.0747279999999999,0.896396,0.337359962776048,0.0508531870362658,460.0,1,1.0274997250027496,0.9847721039571659,1.038828002268142,0.11539694825547808,0.14900410216381096
1999.0,-0.202672,21.89448,-1.640207,22.325368,0.142864,0.086025,0.068649,0.017376,0.0568389999999999,0.0742149999999999,0.934114,0.3057002111189304,0.1399264491308689,461.0,1,1.020446045539544,0.9077184275826065,1.0567128661330945,0.10012075222925276,0.1393376812343417
2000.0,-0.194928,21.892905,-1.642438,22.322873,0.14257,0.086229,0.069347,0.0168819999999999,0.056341,0.073223,1.471602,0.2996343757765076,0.1569923992093769,462.0,1,1.0068061819381813,0.881911975969698,1.047454381512778,0.14165567786391542,0.14163110778614177
2001.0,-0.152402,21.886998,-1.642176,22.318016,0.142736,0.087012,0.069836,0.017176,0.0557239999999999,0.0729,1.301869,0.3082279048900854,0.132814898408317,463.0,1,1.0023649763502374,0.8972704714640222,1.0359835280775622,0.17289853669123806,0.14604256354382522
2002.0,-0.163427,21.891723,-1.639945,22.317229,0.142469,0.085484,0.068917,0.016567,0.056985,0.073552,1.089703,0.2907205278489453,0.1820711023313167,464.0,1,1.0113298867011338,0.8654564450829327,1.0594272009816235,0.11643528704249839,0.1424698091786633
2003.0,-0.207135,21.892642,-1.644801,22.32051,0.142919,0.08656,0.068649,0.0179109999999999,0.0563589999999999,0.0742699999999999,1.061414,0.3177963094393186,0.105894630192965,465.0,1,1.0212022879771196,0.9356667101998143,1.0477890255351971,0.10883339606769304,0.14028440205888387
2004.0,-0.202147,21.887392,-1.64782,22.318541,0.142919,0.086928,0.069311,0.017617,0.0559909999999999,0.0736079999999999,1.179284,0.3146342334619233,0.1147909862145784,466.0,1,1.0120998790012092,0.9203082147055006,1.0409474144101427,0.14711810538798753,0.14510553192166192
2005.0,-0.16684,21.88306,-1.649526,22.314078,0.140815,0.085557,0.069515,0.016042,0.055258,0.0713,1.320729,0.2903056515680703,0.1832383377570217,467.0,1,0.9803651963480373,0.838030560271649,1.0273199661637722,0.20913333087458924,0.15115905533634383
2006.0,-0.152402,21.88516,-1.640076,22.307646,0.143066,0.086891,0.069405,0.017486,0.056175,0.073661,1.080273,0.3112717174594133,0.1242512710719151,468.0,1,1.0128286217137836,0.9134648034478279,1.0443682199726718,0.13810914960636533,0.15121950486868943
2007.0,-0.202016,21.890148,-1.639813,22.311584,0.141844,0.085883,0.068523,0.01736,0.055961,0.073321,1.207573,0.3102104999821307,0.1272369578681068,469.0,1,1.008153668463316,0.9068825910931197,1.0403896743727759,0.15314283656982086,0.14550924540755172
2008.0,-0.214223,21.888836,-1.64677,22.305939,0.142203,0.086261,0.06962,0.016641,0.0559419999999999,0.072583,1.193429,0.2974634896233667,0.1631000880311492,470.0,1,0.9980062699373013,0.869322188846809,1.040036439015774,0.16360824688325848,0.15381030375438762
2009.0,-0.183772,21.879516,-1.643882,22.306464,0.142405,0.086476,0.069106,0.0173699999999999,0.055929,0.073299,1.117992,0.3105667799034506,0.1262345806178215,471.0,1,1.0078511714882858,0.9074049888990436,1.0397947516662494,0.16065598637607204,0.16876193384799665
2010.0,-0.156864,21.873084,-1.640995,22.302132,0.141909,0.085662,0.069683,0.015979,0.056247,0.072226,0.971833,0.2840812117764188,0.2007505141934786,472.0,1,0.9930975690243105,0.834739454094295,1.0457067960623563,0.14226017318737127,0.16880126574147333
2011.0,-0.185478,21.885423,-1.642701,22.30292,0.142515,0.085626,0.06898,0.0166459999999999,0.056889,0.073535,1.084988,0.2925997539110562,0.1767839858252153,473.0,1,1.0110961390386104,0.8695833877497685,1.0576424328620442,0.1157959420798611,0.16573012912314578
2012.0,-0.212122,21.882929,-1.64887,22.301607,0.140668,0.085384,0.06878,0.016604,0.0552839999999999,0.071888,1.075559,0.3003346296463781,0.1550222669998999,474.0,1,0.9884501154988456,0.867389316964871,1.027803340862823,0.19944587051085721,0.1687692396441977
2013.0,-0.197947,21.878335,-1.64782,22.294518,0.141716,0.087248,0.070025,0.017223,0.054468,0.071691,1.565899,0.316198204483284,0.1103908253351512,475.0,1,0.985741392586075,0.8997257411518894,1.0126328118463994,0.2583496970037834,0.17361881638094548
2014.0,-0.149514,21.873216,-1.64152,22.289267,0.142763,0.08676,0.069074,0.017686,0.056003,0.073689,1.29244,0.315798871509178,0.1115143303787405,476.0,1,1.0132136178638222,0.9239127595664122,1.041170510425092,0.14751142432275455,0.17236002798003047
2015.0,-0.174846,21.880697,-1.636401,22.288874,0.141835,0.086187,0.068943,0.0172439999999999,0.0556479999999999,0.0728919999999999,1.080273,0.3098707973189095,0.1281926957615382,477.0,1,1.002254977450225,0.9008227765443355,1.0345705866495618,0.1784219646913135,0.17245042095821897
2016.0,-0.203853,21.884373,-1.649001,22.288611,0.141734,0.085998,0.068754,0.017244,0.0557359999999999,0.07298,1.108562,0.3093815598256098,0.1295691430545921,478.0,1,1.0034649653503473,0.9008227765443407,1.0362066240925096,0.16850025481688458,0.17811896099021643
2017.0,-0.208316,21.872559,-1.652282,22.285986,0.142616,0.087621,0.069773,0.017848,0.0549949999999999,0.0728429999999999,1.04727,0.3245326932867846,0.0869421225891888,479.0,1,1.0015812341876573,0.9323756040224654,1.0224304451695057,0.2016386039372986,0.18373925195516902
2018.0,-0.164346,21.874134,-1.647557,22.287167,0.142175,0.08613,0.068875,0.0172549999999999,0.056045,0.0732999999999999,1.254721,0.3078721050565605,0.1338159249535665,480.0,2,1.007864921350786,0.9013974141308576,1.041951346477408,0.15102036287410836,0.17605896017106207
2019.0,-0.192828,21.878991,-1.647032,22.28336,0.142322,0.086539,0.069038,0.017501,0.055783,0.073284,0.868107,0.3137279506668579,0.1173407713743284,481.0,2,1.0076449235507652,0.9142484001567216,1.0370804168177223,0.16155991615795706,0.16478502699740066
2020.0,-0.21921,21.874659,-1.652807,22.282704,0.14122,0.085899,0.069437,0.016462,0.055321,0.071783,1.339588,0.2975669715483894,0.1628089463718769,482.0,2,0.9870063799362013,0.8599712681206761,1.028491220242246,0.19894557350734593,0.17255905461538096
2021.0,-0.16264,21.873478,-1.648476,22.277978,0.142074,0.086313,0.069279,0.017034,0.055761,0.072795,1.03784,0.3054768480327105,0.1405548709497321,483.0,2,1.000921240787593,0.8898524226198273,1.0366714074569854,0.17199885172938695,0.1706686037116915
2022.0,-0.157652,21.87676,-1.64572,22.274171,0.142772,0.086266,0.069164,0.0171019999999999,0.056506,0.073608,1.099133,0.3026527686835257,0.1485002889293246,484.0,2,1.0120998790012108,0.8934047277001407,1.050521951718305,0.12264295266978775,0.16711828578669127
2023.0,-0.186659,21.869015,-1.642307,22.270495,0.142267,0.086098,0.069027,0.0170709999999999,0.056169,0.07324,0.957688,0.3039166815025811,0.1449443280672265,485.0,2,1.0070399296007047,0.89178529450176,1.044256671965198,0.14561036526716908,0.1638641504806443
2024.0,-0.229973,21.866915,-1.653726,22.267476,0.141459,0.086587,0.069153,0.0174339999999999,0.054872,0.072306,1.084988,0.3177154520438101,0.1061221187740639,486.0,2,0.9941975580244204,0.9107483348569907,1.0201437110162963,0.22525170050255777,0.17017909257737443
2025.0,-0.187315,21.865602,-1.651363,22.26787,0.142368,0.086371,0.070103,0.016268,0.0559969999999999,0.072265,1.103847,0.2905103753705491,0.1826623567097701,487.0,2,0.9936338136618641,0.8498367506856493,1.0410589624176163,0.15951745565441888,0.16458171425469464
2026.0,-0.157521,21.867177,-1.645195,22.266688,0.143443,0.0874,0.069452,0.017948,0.0560429999999999,0.0739909999999999,1.264151,0.3202483762757835,0.0989958523894184,488.0,2,1.017366076339236,0.9375995820817575,1.041914163808248,0.13299707556688234,0.1582226948582514
2027.0,-0.172746,21.869409,-1.64467,22.262356,0.14201,0.086208,0.069337,0.016871,0.0558019999999999,0.072673,1.075559,0.3023314158736987,0.1494044003501771,489.0,2,0.9992437575624251,0.8813373383831811,1.0374336521747205,0.1690972508768287,0.1489565512032828
2028.0,-0.205297,21.872559,-1.651495,22.259468,0.140944,0.085893,0.069599,0.016294,0.055051,0.071345,1.169855,0.2959747148150838,0.1672886878071114,490.0,2,0.9809839401605992,0.8511949849810653,1.023471559905929,0.21416978384140994,0.14860199634650656
2029.0,-0.203328,21.866915,-1.65202,22.257368,0.143994,0.087526,0.069694,0.017832,0.056468,0.0743,1.297155,0.3157838814216649,0.1115565043038028,491.0,2,1.0216147838521623,0.9315397675329787,1.0498154810043048,0.10558613293115904,0.14869025841137787
2030.0,-0.165133,21.86639,-1.650051,22.253692,0.142634,0.086172,0.069531,0.016641,0.056462,0.073103,1.183999,0.2947239785346155,0.1708075770810371,492.0,2,1.0051561984380164,0.869322188846809,1.0497039329968312,0.13535537954291366,0.1432658031134735
2031.0,-0.168284,21.869409,-1.643095,22.255661,0.144343,0.087773,0.069242,0.018531,0.0565699999999999,0.075101,1.02841,0.3275706634141169,0.0783949326959096,493.0,2,1.0326284237157637,0.9680553741674309,1.0517117971313563,0.07933741517970094,0.1414669941330964
2032.0,-0.204247,21.872822,-1.64887,22.254611,0.143241,0.086418,0.069568,0.0168499999999999,0.056823,0.073673,1.245292,0.2965296353653383,0.1657274442398902,494.0,2,1.0129936200638001,0.8802403029907244,1.056415404779833,0.1190974041020254,0.14073153278238065
2033.0,-0.226035,21.869803,-1.652676,22.254217,0.14133,0.085148,0.068922,0.016226,0.056182,0.072408,1.113277,0.2888062225228272,0.1874569127409848,495.0,2,0.9956000439995607,0.8476426799007466,1.0444983593147246,0.146492985915882,0.1385198262342353
2034.0,-0.194009,21.864421,-1.65097,22.253167,0.141844,0.085962,0.070009,0.0159529999999999,0.055882,0.071835,1.179284,0.285471431383426,0.1968391949650422,496.0,2,0.9877213727862728,0.8333812197988738,1.0389209589410386,0.17100714752351392,0.1309708959023307
2035.0,-0.168677,21.864946,-1.65307,22.252511,0.142368,0.086151,0.069174,0.016977,0.0562169999999999,0.073194,1.084988,0.3019851293180122,0.1503786617236889,497.0,2,1.0064074359256414,0.8868747551260306,1.0451490560249859,0.14152936585064813,0.13096525066436915
2036.0,-0.183246,21.869015,-1.648345,22.256974,0.143131,0.086492,0.069851,0.016641,0.056639,0.07328,1.141566,0.2938029661016949,0.1733988034026587,498.0,2,1.0075899241007598,0.869322188846809,1.052994599217306,0.12564246205972496,0.1300264087676986
2037.0,-0.198603,21.872297,-1.656613,22.256712,0.143222,0.087175,0.069836,0.017339,0.0560469999999999,0.0733859999999999,1.179284,0.3093598344276336,0.1296302664673401,499.0,2,1.009047409525904,0.9057855557006684,1.041988529146564,0.14698018539537516,0.13361632451329913
2038.0,-0.203066,21.871772,-1.65097,22.258812,0.141872,0.085479,0.069048,0.016431,0.056393,0.072824,1.136851,0.2913607830620279,0.1802697735963353,500.0,2,1.0013199868001328,0.8583518349222956,1.0484211309108835,0.1386804805223637,0.13860761109847994
2039.0,-0.185347,21.872953,-1.650707,22.264851,0.141707,0.085248,0.06972,0.015528,0.0564589999999999,0.071987,1.207573,0.2750265674814028,0.2262253414504399,501.0,2,0.9898113518864818,0.8111793130468873,1.0496481589930924,0.10552968055154355,0.13690068550859263
2040.0,-0.178784,21.868359,-1.651757,22.263013,0.142221,0.085573,0.069148,0.0164249999999999,0.0566479999999999,0.0730729999999999,1.132136,0.2899433352751151,0.1842576980625941,502.0,2,1.0047437025629737,0.8580383962387328,1.0531619212285146,0.1259669605762085,0.1379368289766063
2041.0,-0.188759,21.874003,-1.654513,22.26892,0.141367,0.085258,0.069809,0.015449,0.0561089999999999,0.071558,1.089703,0.275334165032971,0.2253599298190655,503.0,2,0.9839126608733919,0.8070523703800464,1.043141191890459,0.11523657263570586,0.13494867002151262
2042.0,-0.208316,21.868359,-1.657532,22.271545,0.142368,0.08665,0.069384,0.017266,0.0557179999999999,0.072984,0.891681,0.3098763437965506,0.1281770910005792,504.0,2,1.0035199648003525,0.901972051717385,1.0358719800700884,0.16901026995383384,0.13917174616373396
2043.0,-0.195453,21.87164,-1.656088,22.274827,0.142699,0.086182,0.069295,0.016887,0.056517,0.073404,1.150995,0.2987897660922184,0.1593686698949816,505.0,2,1.0092949070509303,0.8821731748726678,1.0507264563986736,0.1294237300170087,0.1376569980901325
2044.0,-0.175371,21.877153,-1.659895,22.280997,0.141367,0.08572,0.068596,0.017124,0.0556469999999999,0.0727709999999999,1.056699,0.3077199539965498,0.1342439949963477,506.0,2,1.0005912440875586,0.8945540028731902,1.0345519953149829,0.18136858220365087,0.13153239494048052
2045.0,-0.166577,21.877547,-1.65412,22.282179,0.143232,0.086019,0.069316,0.0167029999999999,0.057213,0.073916,0.806814,0.291939035900304,0.1786428857047766,507.0,2,1.0163348366516343,0.8725610552435649,1.0636660252656247,0.1116477762997109,0.13348858741073585
2046.0,-0.218423,21.885029,-1.659632,22.283229,0.14178,0.085867,0.069347,0.0165199999999999,0.0559129999999999,0.0724329999999999,1.103847,0.2954537325177951,0.1687544476531024,508.0,2,0.9959437905620937,0.8630011753950603,1.0394972903129842,0.16787322348193845,0.13557756278190508
2047.0,-0.207004,21.887392,-1.658057,22.285592,0.142148,0.085652,0.069279,0.016373,0.0564959999999999,0.072869,1.132136,0.2898029983892953,0.184652529467071,509.0,2,1.0019387306126946,0.855321927647906,1.0503360383725138,0.13183270465936048,0.13840163939432631
2048.0,-0.175109,21.873609,-1.653988,22.286511,0.141743,0.084864,0.069557,0.015307,0.056879,0.072186,1.061414,0.2691104078762306,0.2428701856934468,510.0,2,0.9925475745242555,0.7996343215358516,1.0574565195162544,0.07743444902584407,0.1356375865980696
2049.0,-0.18259,21.873347,-1.649395,22.28953,0.142717,0.086151,0.069946,0.016205,0.056566,0.072771,1.004836,0.2864744462319021,0.1940172586008316,511.0,2,1.00059124408756,0.8465456445082953,1.0516374317930424,0.12509160525409702,0.14035906093878353
2050.0,-0.193484,21.884504,-1.65832,22.286379,0.142745,0.086728,0.06899,0.017738,0.056017,0.073755,1.485747,0.3166482202149309,0.1091247266731719,512.0,2,1.0141211087889128,0.9266292281572441,1.0414307891091972,0.14685671428790048,0.13305685967417966
2051.0,-0.199653,21.875447,-1.660157,22.285986,0.142524,0.086219,0.069788,0.016431,0.056305,0.072736,1.27358,0.2918161474798422,0.1789886266506544,513.0,2,1.0001099989000117,0.8583518349222956,1.0467850934679357,0.14347733875991853,0.13858189211586155
2052.0,-0.18154,21.87991,-1.654513,22.288874,0.141936,0.08561,0.069158,0.016452,0.056326,0.072778,1.254721,0.2920801746941965,0.1782457981686439,514.0,2,1.0006874931250693,0.8594488703147469,1.0471755114940937,0.14136974199126628,0.1316861914831794
2053.0,-0.178784,21.884898,-1.654776,22.292287,0.141826,0.086035,0.069678,0.0163569999999999,0.055791,0.072148,0.877537,0.2931782334384857,0.1751564601541003,515.0,2,0.9920250797492033,0.854486091158414,1.0372291474943538,0.17663847342414807,0.13013616227241614
2054.0,-0.213566,21.88306,-1.659763,22.292287,0.140861,0.084234,0.068386,0.015848,0.0566269999999999,0.0724749999999999,1.113277,0.2798615525888254,0.2126223321671964,516.0,2,0.9965212847871515,0.8278960428366222,1.0527715032023566,0.10834656955761246,0.1298809647243296
2055.0,-0.192959,21.87781,-1.65937,22.295831,0.141321,0.085421,0.069547,0.015874,0.0559,0.071774,1.250006,0.2839662975617609,0.2010738200763381,517.0,2,0.986882631173689,0.8292542771320381,1.0392556029634596,0.16689810071652983,0.13044220549463295
2056.0,-0.167758,21.883585,-1.655957,22.297012,0.142717,0.086082,0.070319,0.015763,0.056635,0.072398,1.122707,0.2783212091249382,0.216956017995199,518.0,2,0.995462545374547,0.8234556614862238,1.05292023387899,0.09891621715511667,0.13303920878810932
2057.0,-0.191909,21.876235,-1.650838,22.297406,0.143149,0.086119,0.069605,0.016514,0.05703,0.073544,0.877537,0.2895618172572811,0.1853310815421736,519.0,2,1.0112198878011227,0.862687736711508,1.0602638110376763,0.11633241255172833,0.12899070246853853
2058.0,-0.219866,21.87781,-1.662651,22.304364,0.142193,0.085326,0.070156,0.01517,0.056867,0.072037,1.231147,0.2667581064922276,0.2494882779631535,520.0,2,0.9904988450115507,0.7924774715946213,1.057233423501307,0.07488247354497846,0.12437213528878399
2059.0,-0.209497,21.874134,-1.66357,22.306464,0.143489,0.087001,0.070838,0.0161629999999999,0.056488,0.072651,1.405595,0.2861265025049123,0.1949961823499498,521.0,2,0.9989412605873947,0.8443515737233873,1.0501873076958839,0.1307040129571303,0.12169589479282114
2060.0,-0.167496,21.875841,-1.654907,22.307646,0.142736,0.087007,0.069977,0.01703,0.055729,0.072759,1.29244,0.3055804773012741,0.1402633147461521,522.0,2,1.0004262457375435,0.8896434634974556,1.0360764847504589,0.1728267472226641,0.12591810236363726
2061.0,-0.147414,21.879254,-1.654513,22.308302,0.141541,0.085589,0.070613,0.014976,0.055952,0.070928,0.924685,0.2676532089432202,0.2469699481896833,523.0,2,0.9752502474975259,0.7823429541595945,1.0402223523615652,0.10299227556421053,0.1218498250589299
2062.0,-0.21186,21.882141,-1.655563,22.313553,0.141762,0.085179,0.069683,0.015496,0.0565829999999999,0.072079,1.094418,0.2738583345115228,0.2295121114365298,524.0,2,0.9910763392366084,0.8095076400679138,1.0519534844808827,0.0951840701937211,0.12129548192885742
2063.0,-0.238111,21.880829,-1.66567,22.314341,0.141872,0.085783,0.069767,0.016016,0.056089,0.072105,1.183999,0.2855410946692815,0.1966432004990531,525.0,2,0.9914338356616441,0.836672325976233,1.0427693651988819,0.14987606846451962,0.11677230839730446
2064.0,-0.18259,21.881879,-1.66462,22.316835,0.14291,0.086802,0.070854,0.015948,0.056108,0.072056,1.325443,0.2842324760733573,0.2003249390180105,526.0,2,0.9907600923990767,0.8331200208959144,1.0431226005558818,0.15056864526577363,0.11779032759098547
2065.0,-0.158046,21.886079,-1.653726,22.317491,0.143268,0.08665,0.069962,0.016688,0.056618,0.073306,1.235862,0.2947420477224961,0.1707567402480337,527.0,2,1.0079474205257954,0.8717774585346765,1.052604181191148,0.1262153276694561,0.11492817476377697
2066.0,-0.179178,21.882404,-1.662126,22.315259,0.142138,0.085038,0.069342,0.015696,0.0570999999999999,0.0727959999999999,0.91997,0.2748813505893068,0.2266339025291975,528.0,2,1.0009349906500928,0.8199555961864982,1.0615652044582011,0.09337278585439213,0.1065660045468017
2067.0,-0.211204,21.887523,-1.665407,22.319329,0.142313,0.085505,0.070534,0.0149709999999999,0.056808,0.071779,0.811529,0.263532186801387,0.2585642553501643,529.0,2,0.9869513804861958,0.7820817552566246,1.0561365347611489,0.07110067723619862,0.10410718049584289
2068.0,-0.21396,21.889623,-1.664751,22.318804,0.141771,0.085347,0.070208,0.015139,0.056424,0.071563,1.509321,0.2683030571555161,0.2451416299905249,530.0,2,0.9839814101858989,0.7908580383962407,1.048997462282831,0.08506266548178842,0.11308142890382585
2069.0,-0.164608,21.88621,-1.663045,22.317097,0.141633,0.085573,0.070502,0.015071,0.05606,0.071131,1.245292,0.2688321649631651,0.2436530093930725,531.0,2,0.9780414695853049,0.787305733315922,1.0422302164960922,0.10208248468504555,0.10566364124344299
2070.0,-0.169859,21.888836,-1.662388,22.312765,0.14201,0.085127,0.069573,0.0155539999999999,0.056883,0.072437,0.806814,0.2734336544546796,0.2307069293371636,532.0,2,0.9959987900121007,0.812537547342298,1.0575308848545704,0.08920504505291127,0.09785538741716941
2071.0,-0.210679,21.895267,-1.671313,22.313815,0.142625,0.085573,0.070114,0.015459,0.057052,0.072511,1.014266,0.270958582370778,0.2376704313513319,533.0,2,0.9970162798372024,0.8075747681859757,1.0606728203984133,0.07840403505462257,0.09630053635162802
2072.0,-0.189022,21.892773,-1.66672,22.314734,0.142938,0.087311,0.071342,0.0159689999999999,0.055627,0.071596,1.41974,0.2870676637664484,0.1923482682213105,534.0,2,0.9844351556484443,0.8342170562883605,1.0341801686234058,0.18492655427355043,0.09370198832149382
2073.0,-0.160933,21.895136,-1.660945,22.312634,0.142469,0.085017,0.069416,0.0156009999999999,0.057452,0.073053,1.198144,0.271543696586775,0.2360242392876281,535.0,2,1.0044687053129477,0.8149928170301654,1.0681093542299944,0.07569819186069127,0.0975757642442054
2074.0,-0.200178,21.895661,-1.663307,22.309877,0.142543,0.085374,0.070166,0.015208,0.057169,0.072377,0.863392,0.2660136435193283,0.2515827904603757,536.0,2,0.9951737982620181,0.7944625832571524,1.0628480065441508,0.07248610700303781,0.09603083292638419
2075.0,-0.22026,21.898943,-1.667113,22.311321,0.141826,0.086403,0.07182,0.0145829999999999,0.055423,0.070006,0.943544,0.2631170612009237,0.259732192225119,537.0,2,0.962572874271258,0.7618127203865711,1.0303875363692994,0.11066681701404235,0.09437346527709096
2076.0,-0.188628,21.895005,-1.66567,22.311846,0.14257,0.085221,0.07014,0.015081,0.057349,0.07243,0.934114,0.262964254577158,0.2601621066665172,538.0,2,0.995902540974591,0.7878281311218513,1.0661944467683622,0.06738730555304984,0.09580811434462291
2077.0,-0.156471,21.89658,-1.665538,22.308565,0.141918,0.085935,0.070807,0.015128,0.0559829999999999,0.071111,0.891681,0.2702200628751072,0.2397482221474283,539.0,2,0.9777664723352772,0.7902834008097187,1.040798683733511,0.10983843646331448,0.0994246791607937
2078.0,-0.16894,21.901437,-1.663963,22.308827,0.143011,0.085731,0.07056,0.015171,0.05728,0.072451,1.132136,0.2648522197587333,0.2548504030478269,540.0,2,0.9961912880871199,0.7925297113752142,1.0649116446824145,0.06961335230357635,0.08976922235088354
2079.0,-0.22761,21.900649,-1.669213,22.306989,0.141376,0.085337,0.070665,0.0146719999999999,0.056039,0.070711,0.915255,0.2618129907209134,0.2634011348281377,541.0,2,0.9722665273347273,0.7664620608593411,1.0418397984699341,0.08550880819211315,0.08766731691169818
2080.0,-0.209497,21.888179,-1.674857,22.307121,0.142497,0.086781,0.072062,0.0147189999999999,0.055716,0.070435,1.367877,0.2641743094567186,0.2567576726518957,542.0,2,0.9684715652843479,0.7689173305472085,1.0358347974009325,0.10355153572823095,0.08760493396587894
2081.0,-0.168546,21.891198,-1.661601,22.31329,0.144509,0.087658,0.071327,0.016331,0.056851,0.073182,1.349017,0.287254626046577,0.1918222584041756,543.0,2,1.006242437575625,0.8531278568630033,1.0569359621480439,0.11456968321633032,0.08313869796677764
2082.0,-0.156077,21.89763,-1.65937,22.314209,0.142791,0.086445,0.071253,0.0151919999999999,0.056346,0.071538,0.825674,0.2696150638010895,0.2414503593489642,544.0,2,0.9836376636233646,0.7936267467676604,1.0475473381856726,0.08837198617444886,0.08156873882870672
2083.0,-0.212647,21.895924,-1.669345,22.309615,0.141817,0.084801,0.070345,0.0144559999999999,0.057016,0.071472,0.886966,0.2535384183664521,0.2866812653873423,545.0,2,0.9827301726982737,0.75517826825127,1.060003532353571,0.05467913746883768,0.07584231184813932
2084.0,-0.210941,21.897105,-1.672495,22.305283,0.141688,0.085841,0.072104,0.013737,0.055847,0.069584,1.532895,0.2459712075633862,0.3079712666004458,546.0,2,0.9567704322956777,0.7176178660049646,1.0382702622307753,0.07186227754484531,0.07602955382925788
2085.0,-0.157521,21.88516,-1.668295,22.308827,0.141642,0.085552,0.071248,0.0143039999999999,0.0560899999999999,0.0703939999999999,1.235862,0.2550141733968016,0.2825292961606284,547.0,2,0.9679078209217902,0.7472378216011459,1.0427879565334588,0.06600445702302948,0.08155548883235375
2086.0,-0.158571,21.894611,-1.662782,22.309352,0.141146,0.085048,0.071001,0.014047,0.0560979999999999,0.070145,1.15571,0.2503966202606107,0.2955205705455372,548.0,2,0.9644841051589491,0.7338121979887703,1.0429366872100905,0.05168771417234064,0.07992475000783321
2087.0,-0.193747,21.900912,-1.664488,22.306464,0.14201,0.085253,0.070959,0.014294,0.056757,0.071051,0.849248,0.2518411501462349,0.2914564518342093,549.0,2,0.9769414805851949,0.7467154237952219,1.0551883766976222,0.052574166657640364,0.07596967358926161
2088.0,-0.224198,21.893824,-1.671182,22.309746,0.141376,0.085011,0.070455,0.014556,0.056365,0.070921,1.349017,0.2582407834510166,0.2734513764678643,550.0,2,0.975153998460016,0.7604022463105674,1.0479005735426727,0.07148577211476226,0.07400973111927074
2089.0,-0.18889,21.894742,-1.668557,22.305808,0.142386,0.086523,0.07109,0.015433,0.055863,0.071296,1.264151,0.2762602033509952,0.2227545633997596,551.0,2,0.9803101968980318,0.8062165338905597,1.0385677235840385,0.14076815822307176,0.08572569112671206
2090.0,-0.171565,21.894742,-1.666588,22.299507,0.14246,0.086166,0.071185,0.014981,0.056294,0.071275,1.108562,0.2661159960920154,0.2512948261822046,552.0,2,0.980021449785503,0.7826041530625591,1.046580588787567,0.08724414748302534,0.08516126449810055
2091.0,-0.183378,21.899337,-1.662782,22.307514,0.142662,0.086145,0.071363,0.014782,0.056517,0.071299,1.311299,0.2615449945150218,0.2641551298861621,553.0,2,0.9803514464855358,0.7722084367245677,1.0507264563986736,0.07501891903061442,0.08462225240026504
2092.0,-0.201622,21.895136,-1.673413,22.298456,0.142928,0.086077,0.071311,0.014766,0.056851,0.071617,1.250006,0.2597270104833603,0.269269944742885,554.0,2,0.9847239027609731,0.7713726002350809,1.0569359621480439,0.06877256147454025,0.08802269023269851
2093.0,-0.176028,21.899205,-1.670395,22.304233,0.14088,0.085867,0.070628,0.015239,0.055013,0.070252,1.117992,0.2770022176173338,0.220666940226359,555.0,2,0.9659553404465961,0.796082016455533,1.0227650891919287,0.17183873754325074,0.09139367925068478
2094.0,-0.156208,21.891198,-1.668163,22.301082,0.142533,0.085673,0.071027,0.0146459999999999,0.0568599999999999,0.0715059999999999,1.084988,0.2575754911098994,0.2753231460165219,556.0,2,0.9831976680233192,0.7651038265639252,1.0571032841592525,0.06621801125873039,0.08909238821348495
2095.0,-0.185478,21.90695,-1.671313,22.309746,0.142524,0.085536,0.070949,0.014587,0.056988,0.071575,0.882251,0.2559616768148239,0.279863538665021,557.0,2,0.9841464085359154,0.762021679508948,1.0594829749853603,0.060614336044674144,0.08015114211478139
2096.0,-0.201228,21.898155,-1.677088,22.306333,0.141872,0.085762,0.071048,0.014714,0.0561099999999999,0.070824,1.372591,0.2622302222380639,0.2622272730529799,558.0,2,0.9738202617973827,0.7686561316442491,1.043159783225038,0.08569209249667542,0.07735256538136628
2097.0,-0.193878,21.90183,-1.673676,22.311321,0.141606,0.085626,0.07109,0.0145359999999999,0.05598,0.070516,1.297155,0.2596595273396329,0.2694598054787903,559.0,2,0.9695853041469592,0.7593574506987038,1.040742909729776,0.08628405683750318,0.07956790800837428
2098.0,-0.167102,21.911413,-1.669607,22.317491,0.141991,0.085384,0.071143,0.014241,0.056607,0.070848,1.136851,0.2515722159412097,0.2922130859098598,560.0,2,0.9741502584974157,0.7439467154237971,1.0523996765107793,0.048472861742763884,0.07905213767197672
2099.0,-0.165265,21.910888,-1.669607,22.314603,0.142313,0.086187,0.072088,0.014099,0.0561259999999999,0.070225,0.745522,0.2511981755661268,0.2932654313838407,561.0,2,0.9655840941590591,0.7365286665796023,1.0434572445783012,0.051355697236035946,0.06741613859349953
2100.0,-0.179703,21.922439,-1.670657,22.316572,0.142129,0.085106,0.070581,0.0145249999999999,0.057023,0.071548,1.089703,0.2547173120089785,0.2833645020867427,562.0,2,0.9837751622483782,0.7587828131121817,1.0601336716956236,0.05925838014887441,0.06282073715024772
2101.0,-0.200047,21.919945,-1.676694,22.319329,0.142543,0.086429,0.071248,0.015181,0.056114,0.071295,1.41031,0.2705337253853693,0.2388657470323859,563.0,2,0.9802964470355303,0.7930521091811434,1.0432341485633556,0.09717234530069441,0.06481575762841918
2102.0,-0.183115,21.919813,-1.673282,22.32458,0.142864,0.085636,0.070812,0.014824,0.0572279999999999,0.0720519999999999,1.523465,0.2590295130091388,0.2712323219593748,564.0,2,0.9907050929490698,0.7744025075094705,1.0639448952843071,0.06361485811056466,0.060229463689382735
2103.0,-0.180621,21.917713,-1.677482,22.321167,0.142506,0.08508,0.070529,0.014551,0.0574259999999999,0.071977,1.066129,0.2533825552440491,0.2871197791477482,565.0,2,0.9896738532614682,0.7601410474076028,1.0676259795309397,0.05547874675847886,0.055796785339314245
2104.0,-0.175896,21.928477,-1.673413,22.326812,0.142037,0.084397,0.070917,0.01348,0.05764,0.07112,0.995407,0.2338613139952465,0.3420418978364353,566.0,2,0.9778902210977898,0.7041922423925838,1.0716045251308375,0.02026399682621227,0.052589510676894234
2105.0,-0.183378,21.940421,-1.676563,22.328649,0.14201,0.085206,0.069888,0.0153179999999999,0.0568039999999999,0.0721219999999999,0.736092,0.2696593609717454,0.2413257312869816,567.0,2,0.991667583324166,0.8002089591223684,1.0560621694228312,0.08056454082638875,0.05080829480099138
2106.0,-0.197816,21.934646,-1.681026,22.330093,0.141348,0.084801,0.07108,0.0137209999999999,0.056547,0.070268,1.202858,0.242643417981184,0.3173338502638129,568.0,2,0.9661753382466182,0.7167820295154727,1.0512841964360422,0.039829153106310855,0.04923736614287701
2107.0,-0.179046,21.935565,-1.678007,22.332325,0.142754,0.085683,0.071615,0.0140679999999999,0.057071,0.071139,1.415025,0.2464956546117185,0.3064957588359895,569.0,2,0.9781514684853158,0.7349092333812165,1.0610260557554134,0.041957273336818424,0.044186176103112304
2108.0,-0.146495,21.938321,-1.675251,22.33075,0.141449,0.084486,0.071216,0.01327,0.0569629999999999,0.0702329999999999,1.009551,0.2329541464784777,0.3445941721202006,570.0,2,0.9656940930590688,0.6932218884680702,1.0590181916208847,0.016400115118563652,0.04093790294703929
2109.0,-0.165658,21.938977,-1.672101,22.338495,0.141762,0.084696,0.071012,0.0136839999999999,0.057066,0.07075,1.146281,0.2397883189934636,0.3253665405765333,571.0,2,0.9728027719722809,0.7148491576335345,1.0609330990825188,0.03354353847700753,0.03958702914303164
2110.0,-0.204116,21.94449,-1.679844,22.33902,0.141606,0.084539,0.070408,0.014131,0.057067,0.071198,1.217003,0.2476168781103245,0.3033412478455183,572.0,2,0.978962710372897,0.7382003395585757,1.0609516904170977,0.043549093567730734,0.039293853687034884
2111.0,-0.165658,21.93924,-1.677219,22.337839,0.141247,0.08457,0.070313,0.014257,0.056677,0.070934,0.91054,0.2515438088852818,0.2922930078614092,573.0,2,0.975332746672534,0.7447825519132839,1.053701069931306,0.04666044490304733,0.03413840834099108
2112.0,-0.166971,21.947116,-1.671051,22.336788,0.141394,0.084334,0.070691,0.013643,0.0570599999999999,0.0707029999999999,1.15571,0.2390950035926465,0.3273171517209298,574.0,2,0.9721565284347151,0.71270732662923,1.0608215510750432,0.03113212654983455,0.031876300759236996
2113.0,-0.195847,21.944753,-1.684176,22.336132,0.141321,0.084948,0.071185,0.0137629999999999,0.056373,0.070136,1.17457,0.2441373682903465,0.3131306894530291,575.0,2,0.9643603563964368,0.7189761003003754,1.0480493042193044,0.041970008718402285,0.02901180451624603
2114.0,-0.180359,21.942128,-1.677876,22.336394,0.14144,0.084497,0.071285,0.013212,0.056943,0.070155,0.957688,0.2320174206237707,0.3472296074347525,576.0,2,0.9646216037839628,0.6901919811936807,1.0586463649293074,0.017332242266244746,0.03110779669064658
2115.0,-0.145314,21.944359,-1.677744,22.336657,0.141495,0.084355,0.070754,0.013601,0.05714,0.070741,0.844533,0.2380252358201641,0.3303268943812854,577.0,2,0.9726790232097686,0.7105132558443272,1.0623088578413613,0.029010087365950676,0.027561899297032066
2116.0,-0.142033,21.949741,-1.673282,22.337051,0.142295,0.084602,0.071337,0.0132649999999999,0.057693,0.070958,1.122707,0.2299199223489443,0.3531308228201417,578.0,2,0.9756627433725669,0.6929606895651004,1.072589865863522,0.01720807728877005,0.0237505292661326
2117.0,-0.189284,21.951185,-1.678926,22.333638,0.142184,0.084182,0.070985,0.013197,0.058002,0.071199,0.938829,0.2275227143423616,0.3598752578169216,579.0,2,0.9789764602353983,0.6894083844847869,1.0783345882484183,0.013312310906908764,0.0202855303781732
2118.0,-0.18574,21.946984,-1.686013,22.33075,0.142414,0.08561,0.071936,0.013674,0.056804,0.070478,1.415025,0.2407182466332189,0.3227502317285665,580.0,3,0.969062809371907,0.7143267598276105,1.0560621694228332,0.03736003686256917,0.01650647191589578
2119.0,-0.13547,21.937665,-1.681419,22.328387,0.142285,0.084765,0.072272,0.0124929999999999,0.05752,0.0700129999999999,1.136851,0.2171902435632202,0.3889451913957716,581.0,3,0.9626691233087662,0.6526315789473649,1.0693735649813632,-0.0019154354591376377,0.012633594447426089
2120.0,-0.126807,21.941734,-1.66987,22.324449,0.141899,0.083484,0.070886,0.0125979999999999,0.0584149999999999,0.0710129999999999,1.188714,0.2156600931251711,0.3932501996121538,582.0,3,0.9764189858101412,0.6581167559096216,1.086012809429524,0.005435393258736099,0.011459086724621093
2121.0,-0.170384,21.947641,-1.675513,22.31946,0.142892,0.084371,0.070959,0.013412,0.0585209999999999,0.071933,0.820959,0.2291787703769524,0.3552160199678689,583.0,3,0.9890688593114075,0.700639937312265,1.087983490894893,0.012010456023453298,0.00988748216790647
2122.0,-0.192566,21.947116,-1.684438,22.318147,0.141697,0.083242,0.071358,0.0118839999999999,0.0584549999999999,0.0703389999999999,0.849248,0.2032982071985765,0.4280297998139639,584.0,3,0.9671515784842145,0.6208175525662756,1.0867564628126822,-0.0066584580729396325,0.008261722116683568
2123.0,-0.16999,21.938977,-1.686538,22.316572,0.142414,0.084355,0.071757,0.0125979999999999,0.058059,0.070657,1.231147,0.2169824319669306,0.3895298598095692,585.0,3,0.9715240347596531,0.6581167559096216,1.0793942943194188,0.0032412340337053536,0.008086151793511432
2124.0,-0.134945,21.939896,-1.677482,22.316047,0.142405,0.083867,0.071421,0.0124459999999999,0.058538,0.070984,1.29244,0.2126103964878115,0.4018303815046261,586.0,3,0.9760202397976029,0.6501763092594975,1.0882995435827372,0.005587165038194786,0.0032702823218733524
2125.0,-0.13022,21.94344,-1.680763,22.312503,0.142148,0.084156,0.071232,0.0129239999999999,0.057992,0.0709159999999999,1.033125,0.2228544824375354,0.3730091145976174,587.0,3,0.9750852491475078,0.6751469243829141,1.078148674902629,0.013294041798804446,0.004517610432223773
2126.0,-0.170121,21.94029,-1.689951,22.30909,0.141835,0.083058,0.07098,0.012078,0.0587769999999999,0.0708549999999999,0.816244,0.2054850454251592,0.4218772305637531,588.0,3,0.974246507534924,0.6309520700013076,1.092742872547105,0.0009504767765410316,0.003408731190445624
2127.0,-0.192697,21.951054,-1.688769,22.308171,0.142625,0.084492,0.071605,0.0128869999999999,0.058133,0.07102,1.146281,0.2216775036983519,0.3763204904053139,589.0,3,0.9765152348476522,0.673214052500976,1.0807700530782611,0.011556607675187403,0.0009307164919687749
2128.0,-0.15017,21.943309,-1.688113,22.310665,0.142616,0.084177,0.072587,0.01159,0.0584389999999999,0.070029,1.334873,0.1983230663928816,0.4420271307388131,590.0,3,0.9628891211087895,0.6054590570719618,1.0864590014594189,-0.010798657853811622,0.00034283350890643713
2129.0,-0.129038,21.950791,-1.678401,22.308565,0.141357,0.083615,0.070718,0.0128969999999999,0.057742,0.070639,1.023696,0.2233517482638586,0.3716100799570907,591.0,3,0.9712765372346283,0.6737364503069052,1.0735008412578908,0.01055784564436657,-0.0012141438139452454
2130.0,-0.147152,21.951054,-1.682338,22.304889,0.14076,0.083132,0.071258,0.0118739999999999,0.057628,0.069502,0.967118,0.2060420968609553,0.4203099918475995,592.0,3,0.9556429435705649,0.6202951547603464,1.07138142911589,-0.005653399159045391,-0.004847058250177783
2131.0,-0.157127,21.954466,-1.681944,22.305414,0.141247,0.083573,0.072188,0.0113849999999999,0.057674,0.069059,1.202858,0.1973992197659295,0.44462633093561,593.0,3,0.9495517544824559,0.5947499020504077,1.072236630506522,-0.012769690961315194,-0.00868104553361676
2132.0,-0.137964,21.955254,-1.687457,22.309877,0.142396,0.083294,0.072214,0.01108,0.0591019999999999,0.070182,1.023696,0.1874693331979765,0.4725636122641611,594.0,3,0.9649928500714999,0.5788167689695718,1.0987850562852646,-0.01253728790356301,-0.009637747995764435
2133.0,-0.144395,21.95276,-1.688901,22.306858,0.1411,0.082601,0.071537,0.0110639999999999,0.058499,0.069563,0.816244,0.1891282051282049,0.4678964520216268,595.0,3,0.9564816851831489,0.5779809324800799,1.0875744815341581,-0.012328539194811472,-0.011808579730540692
2134.0,-0.175634,21.958404,-1.691394,22.30292,0.141523,0.082601,0.072587,0.0100139999999999,0.058922,0.068936,1.240577,0.1699506135125501,0.5218517281976625,596.0,3,0.9478605213947867,0.5231291628575121,1.095438616061055,-0.030741979324130586,-0.013352057184134037
2135.0,-0.140458,21.948166,-1.690869,22.304233,0.141459,0.081945,0.07171,0.010235,0.059514,0.069749,1.438599,0.1719734520709066,0.516160564507089,597.0,3,0.9590391596084047,0.5346741543685529,1.106444686131795,-0.02504583103558533,-0.017769992968021196
2136.0,-0.113157,21.953416,-1.683388,22.30607,0.143544,0.083158,0.071741,0.0114169999999999,0.060386,0.071803,0.91054,0.1890638713630416,0.4680774521251015,598.0,3,0.987281377186229,0.5964215750293811,1.122656329884642,-0.008616547844935707,-0.020067273293475085
2137.0,-0.134945,21.958273,-1.684438,22.312897,0.142671,0.082748,0.071631,0.011117,0.0599229999999999,0.0710399999999999,1.183999,0.1855183232093986,0.4780526895615417,599.0,3,0.9767902320976783,0.5807496408515099,1.114048541974585,-0.010151709672575171,-0.02200251199014207
2138.0,-0.178915,21.959979,-1.689951,22.308696,0.141854,0.08215,0.071757,0.010393,0.059704,0.070097,0.934114,0.1740725232392596,0.5102549238577601,600.0,3,0.9638241117588833,0.5429280397022346,1.109977039701796,-0.02623343238974507,-0.02576764945535944
2139.0,-0.164477,21.957092,-1.692313,22.306333,0.14155,0.082328,0.072592,0.0097359999999999,0.059222,0.068958,1.391451,0.1643955895513566,0.5374805338369496,601.0,3,0.9481630183698171,0.5086065038526798,1.1010160164347407,-0.03362151219450504,-0.028188894834921797
2140.0,-0.112894,21.95696,-1.690082,22.309746,0.141165,0.081394,0.071164,0.0102299999999999,0.059771,0.070001,1.212288,0.1711503714113629,0.5184762642670413,602.0,3,0.962504124958751,0.5344129554655832,1.1112226591185859,-0.028626202413584267,-0.02879374466795258
2141.0,-0.11355,21.958535,-1.681419,22.309483,0.142442,0.082622,0.072513,0.010109,0.05982,0.069929,0.731378,0.1689874793132847,0.5245614621808145,603.0,3,0.9615141348586522,0.5280919420138449,1.1121336345129547,-0.03212207792798505,-0.031013208357425014
2142.0,-0.152533,21.955254,-1.689688,22.307252,0.141018,0.080843,0.072372,0.0084709999999999,0.060175,0.068646,0.943544,0.1407704068067002,0.6039489040705038,604.0,3,0.943873061269388,0.442523181402634,1.1187335582884828,-0.05018866255573673,-0.0343171028622174
2143.0,-0.164215,21.964967,-1.696776,22.307252,0.140834,0.082113,0.07255,0.009563,0.0587209999999999,0.0682839999999999,0.967118,0.1628520826947312,0.5418231197256201,605.0,3,0.9388956110438889,0.4995690218101097,1.0917017578106836,-0.036540992990435006,-0.035917129410818635
2144.0,-0.131139,21.953285,-1.697957,22.310534,0.139419,0.081362,0.072093,0.009269,0.0580569999999999,0.0673259999999999,0.924685,0.1596506941334528,0.5508300799024953,606.0,3,0.9257232427675717,0.4842105263157907,1.079357111650259,-0.036790477654438436,-0.035143559014331874
2145.0,-0.091894,21.964048,-1.695201,22.313684,0.138555,0.079834,0.071164,0.0086699999999999,0.058721,0.067391,1.061414,0.1476448349851843,0.5846080150602457,607.0,3,0.9266169838301624,0.45291889774062544,1.0917017578106856,-0.04724046793030967,-0.03421710747451534
2146.0,-0.096619,21.963655,-1.693363,22.311059,0.135845,0.078821,0.070329,0.008492,0.0570239999999999,0.0655159999999999,0.915255,0.1489171416045594,0.5810284386251661,608.0,3,0.9008359916400828,0.44362021679509056,1.0601522630302007,-0.041655492892859525,-0.03432843668527987
2147.0,-0.147414,21.966936,-1.699926,22.315128,0.13398,0.078018,0.069473,0.008545,0.0559619999999999,0.064507,1.051984,0.1526901702910854,0.5704131951221479,609.0,3,0.8869623803761968,0.44638892516651546,1.040408265707353,-0.02615197515858758,-0.03332662196861208
2148.0,-0.155289,21.962342,-1.700713,22.309877,0.132584,0.077808,0.069872,0.0079359999999999,0.054776,0.062712,1.150995,0.1448783248443689,0.5923914647072626,610.0,3,0.8622813771862289,0.4145748987854209,1.0183589428967168,-0.018497728424877402,-0.031704907855946186
2149.0,-0.114732,21.968511,-1.700319,22.309352,0.130627,0.076196,0.068828,0.0073679999999999,0.0544309999999999,0.0617989999999999,1.136851,0.1353615520282187,0.6191664694049753,611.0,3,0.849727752722472,0.3849027034086414,1.0119449324669763,-0.024356996796339736,-0.031308847466729725
2150.0,-0.118538,21.962605,-1.701369,22.309352,0.128238,0.074584,0.067594,0.0069899999999999,0.0536539999999999,0.0606439999999999,1.04727,0.1302767682415431,0.6334722758380185,612.0,3,0.8338466615333839,0.3651560663445171,0.99749946549913,-0.029739494521229592,-0.03143674834887346
2151.0,-0.120901,21.960767,-1.699532,22.312634,0.126584,0.073854,0.066764,0.0070899999999999,0.05273,0.05982,0.8021,0.1344560125922133,0.6217141631580365,613.0,3,0.8225167748322523,0.3703800444038092,0.9803210723481794,-0.022103930761307122,-0.022103930761307122
2152.0,-0.119063,21.965886,-1.707538,22.312109,0.125289,0.072563,0.06658,0.005983,0.052726,0.058709,0.962403,0.1134712765755685,0.680753757386074,614.0,3,0.8072406775932246,0.31255060728745016,0.9802467070098637,-0.03397152142907778,-0.03397152142907778
2153.0,-0.125495,21.959192,-1.707407,22.310534,0.124131,0.072342,0.065929,0.006413,0.051789,0.058202,1.03784,0.1238269936281135,0.6516184214810773,615.0,3,0.8002694973050275,0.3350137129424065,0.962826626509385,-0.032580389098270435,-0.032580389098270435
2154.0,-0.128776,21.964573,-1.709375,22.311321,0.123167,0.071602,0.065966,0.005636,0.051565,0.057201,0.948259,0.109296823488345,0.6924983900656637,616.0,3,0.7865058849411513,0.2944234034217064,0.9586621675636995,-0.03806948647587571,-0.03806948647587571
