elapsed_runtime_s,Temperature TS inlet (Mean),Temperature TS outlet (Mean),Tank temperature (Mean),Bypass temperature (Mean),Pump outlet pressure (Mean),TS inlet pressure (Mean),TS outlet pressure (Mean),Differential pressure (Mean),Pump to inlet DP,Total system DP,Flow rate (Mean),Pressure_Ratio,Relative_Ratio_Dev,run_specific_time_s,label,rel_tot_dp_change,rel_ts_dp_change,rel_p_ts_dp_change,anomaly_score,smooth_score
3607.964,-1.034588,-0.109976,21.619797,0.800397,0.320228,0.143755,0.002467,0.141288,0.176473,0.317761,405.855054,0.8006165214139193,0.021060126490636,0.0,0,1.019968543365218,1.0329152420940793,1.0107814087045508,0.18300279310488032,0.18300279310488032
3608.964,-1.0289705,-0.111735,21.620322,0.7999510000000001,0.3200305,0.143597,0.0024285,0.1411685,0.1764335,0.317602,405.979525,0.800118457557904,0.0204249245803316,1.0,0,1.0194581755151826,1.032041612547124,1.0105551652245632,0.19256524750234738,0.19256524750234738
3609.964,-1.023353,-0.113494,21.620847,0.799505,0.319833,0.143439,0.00239,0.141049,0.1763939999999999,0.317443,406.103996,0.7996201706397575,0.0197894381894527,2.0,0,1.018947807665147,1.0311679830001683,1.0103289217445754,0.19509187854472926,0.19509187854472926
3610.964,-1.018472,-0.115911,21.619203666666667,0.7993546666666667,0.3196963333333333,0.143333,0.0024013333333333,0.1409316666666666,0.1763633333333333,0.317295,406.17067066666664,0.7990939211064976,0.019118289892329,3.0,0,1.0184727482827243,1.0303101933194752,1.0101532727980875,0.19536370012063092,0.19536370012063092
3611.964,-1.013591,-0.118328,21.617560333333333,0.7992043333333334,0.3195596666666667,0.143227,0.0024126666666666,0.1408143333333333,0.1763326666666666,0.317147,406.23734533333334,0.7985674885302673,0.01844690815276,4.0,0,1.0179976889003017,1.0294524036387827,1.0099776238515992,0.19722229279266468,0.19722229279266468
3612.964,-1.00871,-0.120745,21.615917,0.799054,0.319423,0.143121,0.002424,0.140697,0.176302,0.316999,406.30402,0.7980408728155504,0.01777529284893,5.0,0,1.0175226295178788,1.0285946139580904,1.0098019749051113,0.2022977507741574,0.21946345061304867
3613.964,-1.0218905,-0.112172,21.616119,0.800492,0.316932,0.1414504999999999,0.0023569999999999,0.1390934999999999,0.1754815,0.314575,404.5834495,0.7926345931930533,0.0108804356887981,6.0,0,1.0097419272003594,1.0168718944723736,1.0051024109727134,0.23604415248428323,0.22777388730942155
3614.964,-1.035071,-0.103599,21.616321,0.80193,0.314441,0.13978,0.00229,0.13749,0.174661,0.312151,402.862879,0.7871775200100765,0.0039207993517431,7.0,0,1.00196122488284,1.0051491749866581,1.0004028470403152,0.2624901681508069,0.23516869292152118
3615.964,-1.0332463333333337,-0.1111513333333333,21.616414,0.8022663333333333,0.3143956666666667,0.1398353333333333,0.0023316666666666,0.1375036666666666,0.1745603333333333,0.312064,402.192623,0.7877097639034223,0.0045995925099255,8.0,0,1.001681967002632,1.0052490879892384,0.9998262602811908,0.2652093275684119,0.24229303009361516
3616.964,-1.031421666666667,-0.1187036666666666,21.616507,0.8026026666666667,0.3143503333333333,0.1398906666666666,0.0023733333333333,0.1375173333333333,0.1744596666666666,0.311977,401.522367,0.7882426220236843,0.0052791690176841,9.0,0,1.001402709122424,1.0053490009918193,0.9992496735220664,0.2653471950875744,0.2495513320028695
3617.964,-1.029597,-0.126256,21.6166,0.802939,0.314305,0.139946,0.002415,0.137531,0.174359,0.31189,400.852111,0.7887760954347326,0.0059595302318173,10.0,0,1.001123451242216,1.0054489139944,0.9986730867629425,0.2661071600686094,0.25615333066748047
3618.964,-1.0299155,-0.130954,21.6185375,0.8029445,0.314259,0.139905,0.002415,0.13749,0.174354,0.311844,401.294125,0.7885635628459178,0.0056884784283455,11.0,0,1.000975797650382,1.0051491749866581,0.9986444483477543,0.26651330362334374,0.2623785724858848
3619.964,-1.030234,-0.135652,21.620475,0.80295,0.314213,0.139864,0.002415,0.137449,0.174349,0.311798,401.736139,0.7883510180671062,0.0054174110784548,12.0,0,1.0008281440585478,1.004849435978916,0.998615809932566,0.26633525026566884,0.265602593247027
3620.964,-1.037789,-0.1289683333333333,21.619183333333332,0.804381,0.3141043333333334,0.1396396666666666,0.0024156666666666,0.1372239999999999,0.1744646666666666,0.3116886666666666,401.6130133333333,0.7865387077113546,0.0031060949969232,13.0,0,1.0004771992895505,1.003204526790087,0.9992783119372547,0.26794671921317453,0.2660882828480817
3621.964,-1.045344,-0.1222846666666666,21.617891666666665,0.8058120000000001,0.3139956666666667,0.1394153333333333,0.0024163333333333,0.136999,0.1745803333333333,0.3115793333333334,401.4898876666667,0.7847287988024684,0.0007978415821918,14.0,0,1.0001262545205538,1.0015596176012596,0.999940813941944,0.2632422794387744,0.2662406550339644
3622.964,-1.052899,-0.115601,21.6166,0.807243,0.313887,0.139191,0.002417,0.136774,0.174696,0.31147,401.366762,0.782921286570462,0.001507355249103,15.0,0,0.9997753097515567,0.9999147084124314,1.0006033159466332,0.26455016895820127,0.2663466444888306
3623.964,-1.0540405000000002,-0.1183515,21.617461,0.8075915,0.314126,0.1396235,0.002479,0.1371445,0.1745025,0.311647,401.564657,0.7859126034721367,0.0023075977681086,16.0,0,1.0003434550940489,1.0026233255433685,0.9994950092788465,0.26828436009570444,0.26633157756578263
3624.964,-1.055182,-0.121102,21.618322,0.80794,0.314365,0.1400559999999999,0.002541,0.137515,0.174309,0.311824,401.762552,0.7889105616430496,0.0061310206769937,17.0,0,1.0009116004365408,1.0053319426743057,0.9983867026110597,0.2673470641613544,0.2664631531393188
3625.964,-1.0519193333333334,-0.1265986666666666,21.61843,0.8069026666666667,0.3144526666666666,0.1400463333333333,0.0025923333333333,0.137454,0.1744063333333333,0.3118603333333333,401.6909473333333,0.788120530100034,0.0051234600213401,18.0,0,1.0010282253750185,1.0048859895164457,0.9989441970933916,0.26673304942723836,0.2665057597835335
3626.964,-1.0486566666666666,-0.1320953333333333,21.618537999999997,0.8058653333333333,0.3145403333333333,0.1400366666666666,0.0026436666666666,0.137393,0.1745036666666666,0.3118966666666666,401.6193426666667,0.7873313798675871,0.0041170233383456,19.0,0,1.001144850313496,1.0044400363585855,0.9995016915757234,0.2664070896362368,0.26543720942045945
3627.964,-1.045394,-0.137592,21.618646,0.804828,0.314628,0.140027,0.002695,0.137332,0.174601,0.311933,401.547738,0.7865431094718274,0.0031117087483072,20.0,0,1.001261475251974,1.0039940832007255,1.0000591860580559,0.2659564908381296,0.26448808451948636
3628.964,-1.057116,-0.12525,21.618405,0.806699,0.314156,0.1396275,0.002603,0.1370245,0.1745285,0.311553,401.6674085,0.7851079616912903,0.0012814040579416,21.0,0,1.0000417281889966,1.0017460406426602,0.9996439290378256,0.267829059358705,0.2640591309705247
3629.964,-1.068838,-0.112908,21.618164,0.80857,0.313684,0.139228,0.002511,0.136717,0.174456,0.311173,401.787079,0.7836716210871447,0.0005504218908439,22.0,0,0.9988219811260189,0.9994979980845948,0.9992286720175955,0.2667613167078163,0.26404561173101776
3630.964,-1.0647935,-0.1227304999999999,21.6165885,0.806968,0.314225,0.139466,0.0024565,0.1370095,0.174759,0.3117685,401.794626,0.7839866102082859,0.0001487029364216,23.0,0,1.0007334531681324,1.0016363800300716,1.0009641599780057,0.25726121558243414,0.26428665154677916
3631.964,-1.060749,-0.132553,21.615013,0.805366,0.314766,0.139704,0.002402,0.137302,0.175062,0.312364,401.802173,0.7843005089596318,0.0002516254232634,24.0,0,1.0026449252102456,1.0037747619755484,1.0026996479384158,0.2537510304290431,0.26432462495667863
3632.964,-1.0611936666666666,-0.1307163333333333,21.613705,0.8054843333333334,0.3144206666666667,0.1396376666666666,0.002443,0.1371946666666666,0.174783,0.3119776666666666,401.73369966666667,0.7849383620163553,0.0010651064161741,25.0,0,1.0014048490295517,1.0029900793699142,1.0011016243709094,0.2602606334685849,0.2647652615613507
3633.964,-1.0616383333333337,-0.1288796666666666,21.612397,0.8056026666666667,0.3140753333333333,0.1395713333333333,0.002484,0.1370873333333333,0.174504,0.3115913333333333,401.6652263333333,0.7855782546822919,0.001881188609017,26.0,0,1.000164772848858,1.002205396764281,0.999503600803403,0.2681491677006349,0.2652598675157186
3634.964,-1.062083,-0.127043,21.611089,0.805721,0.31373,0.139505,0.002525,0.13698,0.174225,0.311205,401.596753,0.7862201967559376,0.0026998844982284,27.0,0,0.9989246966681645,1.0014207141586473,0.9979055772358965,0.26975746231896863,0.26535764585543564
3635.964,-1.0645415,-0.1296405,21.6137865,0.805806,0.313481,0.139231,0.002537,0.1366939999999999,0.17425,0.310944,401.4758915,0.7844660862778404,0.0004627931832985,28.0,0,0.9980869230275404,0.9993298518119583,0.9980487693118378,0.2671127835262331,0.2653472540353235
3636.964,-1.067,-0.132238,21.616484,0.805891,0.313232,0.138957,0.002549,0.136408,0.174275,0.310683,401.35503,0.7827124790562097,0.0017736563073651,29.0,0,0.9972491493869164,0.9972389894652707,0.9981919613877794,0.27081345568295745,0.2662534418401154
3637.964,-1.072725666666667,-0.125293,21.616435,0.806499,0.3133896666666667,0.1390269999999999,0.002513,0.136514,0.1743626666666667,0.3108766666666666,401.311183,0.7829268712327299,0.0015002328930072,30.0,0,0.9978707924076091,0.9980139244608964,0.9986940882674142,0.27090255038180916,0.2674881218812263
3638.964,-1.0784513333333332,-0.118348,21.616386,0.807107,0.3135473333333333,0.139097,0.002477,0.13662,0.1744503333333333,0.3110703333333333,401.267336,0.7831410479331389,0.0012270842844515,31.0,0,0.9984924354283021,0.9987888594565222,0.9991962151470485,0.26880684275587474,0.2685051945573468
3639.964,-1.084177,-0.111403,21.616337,0.807715,0.313705,0.1391669999999999,0.002441,0.136726,0.174538,0.311264,401.223489,0.7833550094821212,0.0009542100676139,32.0,0,0.9991140784489951,0.9995637944521478,0.9996983420266833,0.2666573985066945,0.2681947226261826
3640.964,-1.0810505,-0.1270465,21.6150185,0.8094295,0.3137459999999999,0.1391055,0.00245,0.1366554999999999,0.1746405,0.311296,401.696782,0.7824915612841163,0.0020554020898769,33.0,0,0.9992167939911407,0.999048389572981,1.0002854295380432,0.2663230936303537,0.26824685986068053
3641.964,-1.077924,-0.14269,21.6137,0.811144,0.313787,0.139044,0.002459,0.136585,0.1747429999999999,0.311328,402.170075,0.781629126035801,0.0031553022545396,34.0,0,0.9993195095332861,0.9985329846938157,1.0008725170494026,0.2660978308401521,0.2681678908710926
3642.964,-1.0745853333333335,-0.1440696666666666,21.615191333333335,0.8113133333333333,0.313618,0.1390839999999999,0.0024506666666666,0.1366333333333333,0.174534,0.3111673333333333,401.984623,0.7828420278645161,0.0016084372304937,35.0,0,0.9988037919154307,0.9988863355566007,0.9996754312945326,0.2704313602297895,0.2669815851171299
3643.964,-1.071246666666667,-0.1454493333333333,21.616682666666662,0.8114826666666667,0.313449,0.139124,0.0024423333333333,0.1366816666666666,0.174325,0.3110066666666666,401.799171,0.7840578379970096,5.7863123579138254e-05,36.0,0,0.9982880742975752,0.9992396864193857,0.9984783455396623,0.26504444838899305,0.26601519924135225
3644.964,-1.067908,-0.146829,21.618174,0.811652,0.31328,0.1391639999999999,0.002434,0.13673,0.174116,0.310846,401.613719,0.7852765669061607,0.0014964334227098,37.0,0,0.99777235667972,0.9995930372821715,0.9972812597847918,0.2702788346639479,0.2651793581298928
3645.964,-1.072286,-0.136776,21.615911,0.8111615000000001,0.3136575,0.1390259999999999,0.0024,0.136626,0.1746315,0.3112575,402.0654715,0.782362962220663,0.0022194099169504,38.0,0,0.9990932143544969,0.9988327237015576,1.0002338803907043,0.2663230936303537,0.2638774795036101
3646.964,-1.076664,-0.126723,21.613648,0.810671,0.314035,0.138888,0.002366,0.136522,0.175147,0.311669,402.517224,0.7794665083243886,0.0059133801294078,39.0,0,1.0004140720292738,0.9980724101209437,1.0031865009966168,0.25895039814333015,0.2638402434727848
3647.964,-1.0779593333333333,-0.130855,21.613507666666667,0.8102333333333334,0.314189,0.1391076666666666,0.0023626666666666,0.136745,0.1750813333333333,0.3118263333333333,402.358743,0.7810325427846329,0.0039161501181638,40.0,0,1.000919090111489,0.9997026978947602,1.0028103831438104,0.2612386916240327,0.2640104424112608
3648.964,-1.0792546666666667,-0.134987,21.613367333333333,0.8097956666666667,0.314343,0.1393273333333333,0.0023593333333333,0.136968,0.1750156666666666,0.3119836666666666,402.200262,0.7825997524045327,0.001917421376086,41.0,0,1.001424108193704,1.0013329856685766,1.002434265291004,0.26044843164128023,0.26401210102417694
3649.964,-1.08055,-0.139119,21.613227,0.809358,0.314497,0.139547,0.002356,0.137191,0.17495,0.312141,402.041781,0.7841681385073535,8.28077844414743e-05,42.0,0,1.0019291262759196,1.002963273442393,1.0020581474381982,0.2536386122438683,0.26459791122345855
3650.964,-1.076611,-0.145317,21.613909999999997,0.80836,0.3137745,0.1391295,0.002418,0.1367114999999999,0.174645,0.3113565,401.7455725,0.7827920479140663,0.0016721787761192,43.0,0,0.9994109905630094,0.9994577891933116,1.0003112041117126,0.26595073332210006,0.2642128563864731
3651.964,-1.072672,-0.151515,21.614593,0.807362,0.313052,0.138712,0.00248,0.136232,0.17434,0.310572,401.449364,0.7814111425310167,0.0034333058417936,44.0,0,0.9968928548500994,0.9959523049442316,0.9985642607852271,0.2677998202249126,0.2640849918623371
3652.964,-1.0815276666666669,-0.1421506666666666,21.61395,0.8091943333333333,0.313196,0.1388306666666666,0.0024583333333333,0.1363723333333333,0.1743653333333333,0.3107376666666667,401.30055066666665,0.7821024318532438,0.0025516753184212,45.0,0,0.9974246217714151,0.9969782408975598,0.9987093620888475,0.27044794635895053,0.26490123040062735
3653.964,-1.0903833333333337,-0.1327863333333333,21.613307,0.8110266666666667,0.31334,0.1389493333333333,0.0024366666666666,0.1365126666666666,0.1743906666666666,0.3109033333333333,401.15173733333336,0.7827935203325848,0.0016703009384797,46.0,0,0.9979563886927305,0.998004176850888,0.9988544633924681,0.27090255038180916,0.26582434907910685
3654.964,-1.099239,-0.123422,21.612664,0.812859,0.313484,0.139068,0.002415,0.136653,0.174416,0.311069,401.002924,0.7834844080565542,0.0007891825903582,47.0,0,0.9984881556140461,0.9990301128042169,0.9989995646960891,0.26642828629409393,0.26613987038128345
3655.964,-1.094937,-0.1334765,21.6143375,0.8147854999999999,0.3134464999999999,0.1391255,0.0024315,0.1366939999999999,0.174321,0.311015,401.267651,0.7841465793187323,5.531243895240401e-05,48.0,0,0.9983148231366757,0.9993298518119583,0.9984554348075116,0.26504444838899305,0.26672597861072894
3656.964,-1.090635,-0.143531,21.616011,0.816712,0.313409,0.139183,0.002448,0.136735,0.174226,0.310961,401.532378,0.7848094726994094,0.00090072841654,49.0,0,0.9981414906593052,0.999629590819701,0.9979113049189341,0.2671127835262331,0.2662326849850169
3657.964,-1.0899693333333331,-0.1418836666666666,21.615612333333335,0.8162673333333333,0.3134963333333333,0.1389746666666666,0.002435,0.1365396666666666,0.1745216666666666,0.3110613333333333,401.69585233333333,0.7823606484735508,0.0022223607365449,50.0,0,0.9984635466820738,0.9982015659535474,0.9996047898704012,0.2704698784088276,0.26626233804921995
3658.964,-1.089303666666667,-0.1402363333333333,21.615213666666666,0.8158226666666667,0.3135836666666666,0.1387663333333333,0.002422,0.1363443333333333,0.1748173333333333,0.3111616666666666,401.8593266666667,0.7799201075402084,0.0053348858561906,51.0,0,0.9987856027048423,0.9967735410873945,1.0012982748218688,0.26360364466304625,0.26578683498753164
3659.964,-1.088638,-0.138589,21.614815,0.815378,0.313671,0.138558,0.002409,0.136149,0.175113,0.311262,402.022801,0.7774878079422548,0.0084369004520968,52.0,0,0.9991076587276111,0.9953455162212417,1.0029917597733364,0.25949969453832317,0.26524084030069756
3660.964,-1.088665,-0.1415064999999999,21.615912,0.8170170000000001,0.3135639999999999,0.138695,0.0023465,0.1363484999999999,0.174869,0.3112175,401.4577975,0.7797135014582265,0.0055983793347283,53.0,0,0.998964819926815,0.9968040023686687,1.001594205112148,0.26101779706497985,0.2645689832394464
3661.964,-1.088692,-0.144424,21.617009,0.818656,0.313457,0.138832,0.002284,0.136548,0.1746249999999999,0.311173,400.892794,0.7819454147721417,0.0027519258458623,54.0,0,0.9988219811260189,0.9982624885160972,1.000196650450959,0.26809635086694267,0.2646199735687598
3662.964,-1.0918506666666667,-0.14409,21.617045666666662,0.8194486666666667,0.3136453333333333,0.138968,0.0022953333333333,0.1366726666666666,0.1746773333333333,0.31135,401.0966056666667,0.7824248380356275,0.002140497071956,55.0,0,0.9993901264685112,0.9991738900518327,1.0004963991965967,0.2656929157420677,0.26427706100695464
3663.964,-1.0950093333333333,-0.143756,21.617082333333332,0.8202413333333334,0.3138336666666667,0.1391039999999999,0.0023066666666666,0.1367973333333333,0.1747296666666667,0.311527,401.3004173333333,0.7829039741163539,0.0015294345543742,56.0,0,0.9999582718110033,1.0000852915875689,1.0007961479422345,0.2654426035134683,0.26386238252910726
3664.964,-1.098168,-0.143422,21.617119,0.821034,0.314022,0.1392399999999999,0.002318,0.136922,0.174782,0.311704,401.504229,0.7833828232722859,0.0009187379641235,57.0,0,1.0005264171534953,1.000996693123305,1.0010958966878718,0.2597097156815823,0.2641273857530477
3665.964,-1.0955430000000002,-0.1432905,21.6188255,0.8228715,0.3138275,0.1390254999999999,0.002337,0.1366885,0.174802,0.3114905,401.8502955,0.7819574034770566,0.0027366361432028,58.0,0,0.9998411118957437,0.9992896429206766,1.001210450348625,0.2655543516821275,0.26524560240964673
3666.964,-1.092918,-0.143159,21.620532,0.824709,0.313633,0.138811,0.002356,0.136455,0.174822,0.3112769999999999,402.196362,0.7805323098219341,0.0045541183820037,59.0,0,0.9991558066379915,0.9975825927180481,1.0013250040093782,0.26368365790818116,0.2656970276372469
3667.964,-1.092506,-0.1419856666666666,21.618294,0.8221236666666667,0.3135923333333333,0.138952,0.002354,0.136598,0.1746403333333333,0.3112383333333333,402.20448933333336,0.7821630618181263,0.0024743513587522,60.0,0,0.9990316920245659,0.9986280238913923,1.0002844749242035,0.2663230936303537,0.2651517628721342
3668.964,-1.092094,-0.1408123333333333,21.616056,0.8195383333333334,0.3135516666666667,0.139093,0.002352,0.136741,0.1744586666666666,0.3111996666666666,402.2126166666667,0.7837972100523711,0.0003902529694064,61.0,0,0.99890757741114,0.9996734550647365,0.9992439458390288,0.26625367690245094,0.26474382433146215
3669.964,-1.091682,-0.139639,21.613818,0.816953,0.313511,0.139234,0.00235,0.136884,0.174277,0.3111609999999999,402.220744,0.7854347651453426,0.0016981903310289,62.0,0,0.9987834627977141,1.0007188862380807,0.9982034167538546,0.27068186110431347,0.2643859688553862
3670.964,-1.0947035,-0.1354655,21.6153085,0.819118,0.3136974999999999,0.139128,0.002333,0.136795,0.1745695,0.3113645,402.144469,0.7836089144500361,0.0006303943184736,63.0,0,0.9994366694485458,1.0000682332700552,0.9998787640423695,0.2655320493409807,0.2642646255199758
3671.964,-1.097725,-0.131292,21.616799,0.821283,0.313884,0.139022,0.002316,0.136706,0.174862,0.311568,402.068194,0.7817891720947256,0.0029511887435152,64.0,0,1.0000898760993773,0.9994175803020299,1.0015541113308843,0.2626437032158167,0.26407755614258116
3672.964,-1.095615,-0.137663,21.616608333333332,0.82239,0.3140713333333333,0.1391016666666666,0.0023236666666666,0.1367779999999999,0.1749696666666666,0.3117476666666667,402.2341303333333,0.7817196025238519,0.0030399137609691,65.0,0,1.0006665810703814,0.9999439512424542,1.002170791871272,0.2616135303353467,0.2644229847985791
3673.964,-1.093505,-0.144034,21.616417666666667,0.823497,0.3142586666666667,0.1391813333333333,0.0023313333333333,0.13685,0.1750773333333333,0.3119273333333333,402.4000666666667,0.7816501185183774,0.0031285296532486,66.0,0,1.0012432860413856,1.00047032218288,1.0027874724116599,0.2618640487527085,0.2647232690842095
3674.964,-1.091395,-0.150405,21.616227,0.824604,0.314446,0.139261,0.002339,0.136922,0.175185,0.312107,402.566003,0.7815807199205415,0.0032170366215529,67.0,0,1.00181999101239,1.000996693123305,1.0034041529520479,0.25849628232747907,0.26433651410195386
3675.964,-1.092827,-0.149279,21.6156725,0.823232,0.313649,0.1388335,0.0024,0.1364334999999999,0.1748155,0.311249,402.7010375,0.7804383453506961,0.0046739552481208,68.0,0,0.9990659305386145,0.9974254125066705,1.0012877740696333,0.26368365790818116,0.2632098895849936
3676.964,-1.094259,-0.148153,21.615118,0.82186,0.312852,0.138406,0.002461,0.135945,0.174446,0.310391,402.836072,0.7792911314038075,0.0061370457370021,69.0,0,0.996311870064839,0.9938541318900375,0.9991713951872188,0.2671379444681604,0.26230865547864596
3677.964,-1.0942923333333334,-0.14535,21.614929666666665,0.8217990000000001,0.3122573333333333,0.138034,0.0024346666666666,0.1355993333333333,0.1742233333333333,0.3098226666666667,402.038391,0.7783030690316889,0.0073971634883499,70.0,0,0.994487599238193,0.9913270639954965,0.9978960310975002,0.26932593648665715,0.2619106273123897
3678.964,-1.0943256666666668,-0.142547,21.614741333333335,0.821738,0.3116626666666667,0.137662,0.0024083333333333,0.1352536666666666,0.1740006666666667,0.3092543333333333,401.24071,0.7773124778498288,0.0086605063377634,71.0,0,0.9926633284115467,0.9887999961009557,0.9966206670077822,0.2623861270798946,0.26158771786743173
3679.964,-1.094359,-0.139744,21.614553,0.821677,0.311068,0.13729,0.002382,0.134908,0.173778,0.308686,400.443029,0.776319348137577,0.0099270866823991,72.0,0,0.9908390575849008,0.9862729282064155,0.9953453029180634,0.25941561593471085,0.261284665141991
3680.964,-1.092996,-0.142977,21.614993,0.824789,0.3108035,0.1370045,0.002387,0.1346175,0.173799,0.3084165,400.273596,0.774554085155351,0.0121784012577438,73.0,0,0.9899740001283942,0.9841491676759506,0.9954655842618544,0.2565197082775045,0.2610142247379101
3681.964,-1.091633,-0.14621,21.615433,0.827901,0.310539,0.136719,0.002392,0.134327,0.17382,0.308147,400.104163,0.7727892487098798,0.0144291718527169,74.0,0,0.989108942671888,0.9820254071454857,0.9955858656056452,0.2586634215532535,0.26081605635955485
3682.964,-1.087311,-0.147536,21.613163,0.8236916666666667,0.3104816666666666,0.136677,0.0024026666666666,0.1342743333333333,0.1738046666666666,0.308079,400.30446466666666,0.7725544046319934,0.0147286784422746,75.0,0,0.9888906721448287,0.9816403765501746,0.9954980411324007,0.2583844358857678,0.2601824286449629
3683.964,-1.082989,-0.148862,21.610893,0.8194823333333333,0.3104243333333333,0.136635,0.0024133333333333,0.1342216666666666,0.1737893333333333,0.308011,400.50476633333335,0.7723195191140282,0.0150282378821183,76.0,0,0.9886724016177696,0.9812553459548634,0.9954102166591567,0.258833521498301,0.25954240703854076
3684.964,-1.078667,-0.150188,21.608623,0.815273,0.310367,0.136593,0.002424,0.134169,0.1737739999999999,0.307943,400.705068,0.7720845921450152,0.0153278501862371,77.0,0,0.9884541310907106,0.980870315359553,0.9953223921859123,0.25579187828667,0.25945447021006496
3685.964,-1.093921,-0.1436029999999999,21.6119755,0.8188295,0.3107995,0.136712,0.002493,0.134219,0.1740875,0.3083065,400.500836,0.7709814261137296,0.0167347645045371,78.0,0,0.9896209154522692,0.9812358507348482,0.9971180208182187,0.2617019741246285,0.2595594848094319
3686.964,-1.109175,-0.137018,21.615328,0.822386,0.311232,0.136831,0.002562,0.134269,0.174401,0.30867,400.296604,0.7698822261212601,0.0181366207657185,79.0,0,0.990787699813828,0.9816013861101434,0.9989136494505243,0.26080166732224114,0.25989920265191524
3687.964,-1.1025916666666666,-0.1395886666666666,21.6143,0.8238643333333333,0.3112676666666666,0.1369813333333333,0.002525,0.1344563333333333,0.1742863333333333,0.3087426666666666,400.6740603333334,0.7714635984255885,0.016119829752919,80.0,0,0.9910209496907831,0.9829709253162489,0.9982568751288726,0.26292572042243595,0.25975829658681254
3688.964,-1.0960083333333337,-0.1421593333333333,21.613272,0.8253426666666667,0.3113033333333333,0.1371316666666666,0.002488,0.1346436666666666,0.1741716666666666,0.3088153333333333,401.05151666666666,0.7730470529244928,0.0141003832292724,81.0,0,0.9912541995677384,0.9843404645223547,0.9976001008072212,0.26150675879513613,0.2598102568999537
3689.964,-1.089425,-0.14473,21.612244,0.826821,0.311339,0.137282,0.002451,0.134831,0.1740569999999999,0.308888,401.428973,0.7746325937331237,0.0120782759465528,82.0,0,0.9914874494446939,0.9857100037284611,0.9969433264855695,0.26046576192838106,0.2601701538698817
3690.964,-1.0902925,-0.1447345,21.6119215,0.825654,0.3111345,0.137201,0.0024305,0.1347705,0.1739334999999999,0.308704,401.178807,0.7748347797590475,0.0118204195525332,83.0,0,0.9908968350773575,0.9852677059243538,0.9962359576304188,0.25991688670233754,0.26096870252392035
3691.964,-1.09116,-0.144739,21.611599,0.824487,0.31093,0.13712,0.00241,0.13471,0.17381,0.3085199999999999,400.928641,0.7750372531082613,0.0115621967229641,84.0,0,0.9903062207100207,0.9848254081202467,0.9955285887752685,0.2572543609022265,0.2608182686356366
3692.964,-1.0958869999999998,-0.143671,21.61378733333333,0.8262906666666666,0.3111636666666666,0.1372636666666666,0.0024276666666666,0.134836,0.1739,0.3087359999999999,400.7311686666667,0.7753606937280407,0.0111496992147176,85.0,0,0.9909995506195026,0.9857465572659906,0.9960440802486578,0.25890403901717884,0.26095763538566835
3693.964,-1.100614,-0.142603,21.615975666666667,0.8280943333333334,0.3113973333333333,0.1374073333333333,0.0024453333333333,0.134962,0.1739899999999999,0.308952,400.53369633333335,0.775683799736768,0.0107376284501043,86.0,0,0.991692880528985,0.9866677064117344,0.9965595717220463,0.26243249119758105,0.26088459682568066
3694.964,-1.105341,-0.141535,21.618164,0.829898,0.311631,0.137551,0.002463,0.135088,0.1740799999999999,0.309168,400.336224,0.7760065716534258,0.0103259837672441,87.0,0,0.9923862104384669,0.9875888555574783,0.9970750631954356,0.26377736482705666,0.26098778166529274
3695.964,-1.0963335,-0.145494,21.6179855,0.8299865,0.3113085,0.137141,0.0024295,0.1347115,0.1741674999999999,0.308879,400.470689,0.7734550162629868,0.0135800903214136,88.0,0,0.9914585606984656,0.9848363741815057,0.9975762354612305,0.26019763524179096,0.26117752023218516
3696.964,-1.087326,-0.149453,21.617807,0.830075,0.310986,0.136731,0.002396,0.134335,0.1742549999999999,0.30859,400.605154,0.7709060233220092,0.0168309288753595,89.0,0,0.9905309109584642,0.982083892805533,0.9980774077270257,0.2621953348225591,0.26106240329982067
3697.964,-1.0877986666666666,-0.1476363333333333,21.617768666666667,0.8304886666666667,0.3109733333333333,0.136708,0.0024063333333333,0.1343016666666666,0.1742653333333333,0.308567,400.81486366666667,0.7706690334143718,0.0171331721323958,90.0,0,0.9904570841625472,0.9818402025553357,0.9981365937850818,0.2621953348225591,0.2608269109460797
3698.964,-1.0882713333333334,-0.1458196666666666,21.617730333333338,0.8309023333333334,0.3109606666666666,0.136685,0.0024166666666666,0.1342683333333333,0.1742756666666666,0.308544,401.02457333333336,0.7704320716102748,0.0174353795477979,91.0,0,0.9903832573666301,0.9815965123051391,0.9981957798431375,0.2625386071912571,0.26060914887471703
3699.964,-1.088744,-0.144003,21.617692,0.831316,0.310948,0.136662,0.002427,0.134235,0.174286,0.308521,401.234283,0.7701951379047204,0.0177375511279397,92.0,0,0.9903094305707131,0.9813528220549426,0.9982549659011936,0.2623631475973048,0.2605622140669375
3700.964,-1.0896095,-0.146256,21.615545,0.8286485,0.310588,0.136739,0.002458,0.1342809999999999,0.173849,0.30813,400.943283,0.7723957434570033,0.0149310257522182,93.0,0,0.9890543750401232,0.9816891146002135,0.9957519684137373,0.25876571737869275,0.26010098755135796
3701.964,-1.090475,-0.148509,21.613398,0.825981,0.310228,0.136816,0.002489,0.134327,0.173412,0.307739,400.652283,0.7746074400419807,0.0121103555132033,94.0,0,0.9877993195095331,0.9820254071454857,0.993248970926281,0.2548994373648165,0.2602327477688781
3702.964,-1.0962006666666668,-0.147655,21.614006333333332,0.8277416666666666,0.31044,0.1366866666666666,0.002493,0.1341936666666666,0.1737533333333333,0.3079469999999999,400.59787033333333,0.7723183882224519,0.0150296801559973,95.0,0,0.9884669705334784,0.9810506461446981,0.995204020069801,0.25672641830355236,0.2598101890531438
3703.964,-1.1019263333333331,-0.146801,21.614614666666668,0.8295023333333333,0.310652,0.1365573333333333,0.002497,0.1340603333333333,0.1740946666666666,0.308155,400.54345766666665,0.770038312268925,0.0179375574970805,96.0,0,0.9891346215574244,0.9800758851439113,0.9971590692133214,0.26196314311978613,0.2595009929537917
3704.964,-1.107652,-0.145947,21.615223,0.831263,0.310864,0.136428,0.002501,0.133927,0.1744359999999999,0.308363,400.489045,0.7677671594902458,0.0208340547357116,97.0,0,0.9898022725813699,0.9791011241431243,0.9991141183568417,0.2591650996712611,0.259440560115628
3705.964,-1.1004565,-0.149571,21.613595,0.8289519999999999,0.310739,0.136693,0.002483,0.13421,0.1740459999999999,0.308256,400.5796055,0.7711135497882756,0.0165662615917991,98.0,0,0.9894588174873209,0.981170054367295,0.9968803219721551,0.2615152374169924,0.25927630296581006
3706.964,-1.093261,-0.153195,21.611967,0.826641,0.310614,0.136958,0.002465,0.134493,0.173656,0.308149,400.670166,0.7744749707757246,0.0122792991736723,99.0,0,0.989115362393272,0.9832389845914656,0.9946465255874694,0.2579697476652154,0.25936527801814346
3707.964,-1.094414,-0.149761,21.613668666666666,0.8281356666666666,0.3107056666666666,0.1368056666666666,0.002461,0.1343446666666666,0.1739,0.3082446666666666,400.54418266666664,0.7725353314050332,0.0147530033356683,100.0,0,0.9894224390661442,0.9821545629780896,0.9960440802486578,0.25910337382903836,0.25987268776996963
3708.964,-1.095567,-0.1463269999999999,21.615370333333335,0.8296303333333334,0.3107973333333333,0.1366533333333333,0.002457,0.1341963333333333,0.174144,0.3083403333333334,400.41819933333335,0.7706011274129797,0.0172197755292985,101.0,0,0.9897295157390169,0.9810701413647142,0.9974416349098462,0.26193427880961995,0.26028021267183854
3709.964,-1.09672,-0.142893,21.617072,0.831125,0.310889,0.136501,0.002453,0.134048,0.174388,0.308436,400.292216,0.7686723359844944,0.0196796448515869,102.0,0,0.9900365924118891,0.9799857197513386,0.9988391895710346,0.26072057609912574,0.2603250266089255
3710.964,-1.0973015,-0.1443674999999999,21.6161475,0.829592,0.31101,0.136407,0.0024105,0.1339965,0.174603,0.3085995,400.6245785,0.767430872144968,0.0212629362165736,103.0,0,0.9905614046350388,0.9796092183147845,1.0000706414241312,0.25965546790202637,0.26015282221618474
3711.964,-1.097883,-0.145842,21.615223,0.828059,0.311131,0.136313,0.002368,0.133945,0.1748179999999999,0.308763,400.956941,0.7661924619177551,0.0228423331805683,104.0,0,0.9910862168581882,0.9792327168782307,1.0013020932772267,0.2599735348830789,0.2596335009465594
3712.964,-1.0972876666666669,-0.1506916666666666,21.615853333333337,0.8305103333333334,0.311005,0.136521,0.0023836666666666,0.1341373333333333,0.1744839999999999,0.3086213333333333,400.9663743333333,0.7687614026038534,0.0195660544232152,105.0,0,0.9906314865934817,0.9806388096218658,0.9993890471426492,0.26080166732224114,0.25935753184896104
3713.964,-1.0966923333333334,-0.1555413333333333,21.616483666666667,0.8329616666666666,0.310879,0.136729,0.0023993333333333,0.1343296666666666,0.17415,0.3084796666666666,400.97580766666664,0.7713401971086395,0.0162772086739416,106.0,0,0.990176756328775,0.9820449023655009,0.9974760010080722,0.26241128249065526,0.258932951729788
3714.964,-1.096097,-0.160391,21.617114,0.835413,0.310753,0.136937,0.002415,0.134522,0.173816,0.308338,400.985241,0.77392890223626,0.0129757234880164,107.0,0,0.9897220260640687,0.9834509951091369,0.9955629548734946,0.25744305574385357,0.25850779308129096
3715.964,-1.101368,-0.1534265,21.613918,0.8313794999999999,0.3104245,0.136859,0.0023994999999999,0.1344595,0.1735654999999999,0.308025,400.6340155,0.7746857832588663,0.0120104410937487,108.0,0,0.9887173396674583,0.982994075890018,0.9941281702725607,0.25632202472073934,0.258615038010642
3716.964,-1.106639,-0.146462,21.610722,0.827346,0.310096,0.1367809999999999,0.002384,0.134397,0.173315,0.307712,400.28279,0.7754448521775253,0.0110423683830677,109.0,0,0.9877126532708479,0.9825371566708989,0.992693385671628,0.25521005668923136,0.2586483936420932
3717.964,-1.105821333333333,-0.1452223333333333,21.612642666666662,0.8273736666666667,0.310586,0.1370333333333333,0.0023899999999999,0.1346433333333333,0.1735526666666666,0.3081959999999999,400.349655,0.7758022974641848,0.0105865032842992,110.0,0,0.9892662258457979,0.984338027619853,0.994054665006911,0.2548575726373081,0.2584214589993958
3718.964,-1.1050036666666665,-0.1439826666666666,21.614563333333333,0.8274013333333333,0.311076,0.1372856666666666,0.002396,0.1348896666666666,0.1737903333333333,0.30868,400.41652,0.7761587651091154,0.0101318850133949,111.0,0,0.9908197984207484,0.9861388985688069,0.9954159443421945,0.25768269232464946,0.2586056336315661
3719.964,-1.104186,-0.142743,21.616484,0.827429,0.311566,0.137538,0.002402,0.135136,0.174028,0.309164,400.483385,0.7765142591177332,0.009678508462078,112.0,0,0.9923733709956987,0.9879397695177616,0.9967772236774779,0.2617930253926365,0.25851290355836376
3720.964,-1.1000595,-0.15565,21.6136815,0.82597,0.311152,0.137197,0.0023864999999999,0.1348105,0.173955,0.3087655,400.445298,0.7749689576674562,0.0116492967884286,113.0,0,0.9910942415099184,0.98556013422459,0.9963591028157289,0.25998902421653824,0.25849240479129665
3721.964,-1.095933,-0.168557,21.610879,0.824511,0.310738,0.136856,0.002371,0.134485,0.173882,0.308367,400.407211,0.7734223587124675,0.0136217398774399,114.0,0,0.9898151120241381,0.9831804989314185,0.99594098195398,0.2577041884561048,0.25885872004448285
3722.964,-1.0973533333333334,-0.1621933333333333,21.610874,0.8234173333333333,0.310748,0.13662,0.0023933333333333,0.1342266666666666,0.174128,0.3083546666666666,400.21940766666665,0.7708461351450169,0.0169073068015445,115.0,0,0.9897755237422693,0.9812918994923929,0.9973499919812437,0.2626434136439441,0.25961763729590004
3723.964,-1.0987736666666663,-0.1558296666666666,21.610869,0.8223236666666667,0.310758,0.136384,0.0024156666666666,0.1339683333333333,0.174374,0.3083423333333333,400.03160433333335,0.7682771804062127,0.020183603480908,116.0,0,0.9897359354604007,0.9794033000533682,0.9987590020085075,0.2614839817586322,0.26035141351442515
3724.964,-1.100194,-0.149466,21.610864,0.82123,0.310768,0.136148,0.002438,0.13371,0.17462,0.30833,399.843801,0.7657154637758345,0.0234506690943278,117.0,0,0.9896963471785323,0.9775147006143433,1.0001680120357712,0.2572380680731825,0.2608340735370929
3725.964,-1.111,-0.143529,21.6105045,0.8202465,0.310839,0.136386,0.002437,0.1339489999999999,0.174453,0.308402,400.388487,0.7678184507090696,0.0207686408740446,118.0,0,0.9899274571483596,0.9792619597082535,0.9992114889684824,0.2599851772526013,0.2607482723275437
3726.964,-1.121806,-0.137592,21.610145,0.819263,0.31091,0.136624,0.002436,0.134188,0.174286,0.308474,400.933173,0.7699254677629427,0.0180814728703839,119.0,0,0.9901585671181871,0.9810092188021652,0.9982549659011936,0.26279922920340343,0.2609513423194735
3727.964,-1.1155123333333334,-0.1411123333333333,21.608879,0.8169593333333333,0.3110256666666667,0.1367656666666666,0.002438,0.1343276666666666,0.17426,0.3085876666666667,400.8172036666666,0.7708418215588494,0.0169128081005059,120.0,0,0.9905234212835163,0.9820302809504892,0.9981060461422145,0.2621953348225591,0.2611705534277552
3728.964,-1.1092186666666666,-0.1446326666666666,21.607613,0.8146556666666667,0.3111413333333333,0.1369073333333333,0.00244,0.1344673333333333,0.174234,0.3087013333333333,400.70123433333333,0.7717584488382548,0.01574379454555,121.0,0,0.9908882754488454,0.9830513430988139,0.9979571263832354,0.26250929255132716,0.26117082058136465
3729.964,-1.102925,-0.148153,21.606347,0.812352,0.311257,0.137049,0.002442,0.134607,0.174208,0.308815,400.585265,0.7726753497236079,0.0145744320493521,122.0,0,0.9912531296141747,0.9840724052471387,0.9978082066242563,0.2609350132971443,0.2611739461472007
3730.964,-1.113179,-0.1480685,21.610135,0.8153085,0.3110565,0.1367435,0.0024675,0.134276,0.174313,0.308589,400.375587,0.7703110478791148,0.0175897262330604,123.0,0,0.9905277010977722,0.9816525610626847,0.9984096133432103,0.2620197241358359,0.2610800310665195
3731.964,-1.123433,-0.147984,21.613923,0.818265,0.310856,0.136438,0.002493,0.133945,0.174418,0.308363,400.165909,0.76794959264759,0.0206013900108006,124.0,0,0.9898022725813699,0.9792327168782307,0.9990110200621644,0.25989629953892185,0.26101879289859065
3732.964,-1.1270666666666669,-0.1458693333333333,21.61262333333333,0.818518,0.310714,0.1365056666666666,0.0024933333333333,0.1340123333333333,0.1742083333333333,0.3082206666666666,400.167967,0.7692603534445152,0.0189297213038599,125.0,0,0.9893454024095351,0.9797249711836278,0.9978101158519354,0.2626460851800389,0.2607429898574772
3733.964,-1.1307003333333332,-0.1437546666666666,21.611323666666667,0.818771,0.310572,0.1365733333333333,0.0024936666666666,0.1340796666666666,0.1739986666666666,0.3080783333333333,400.170025,0.7705742731307913,0.0172540239316668,126.0,0,0.9888885322377006,0.9802172254890251,0.9966092116417063,0.2615152374169924,0.2604663466447435
3734.964,-1.134334,-0.14164,21.610024,0.819024,0.31043,0.1366409999999999,0.002494,0.134147,0.173789,0.307936,400.172083,0.7718913631394211,0.0155742833132294,127.0,0,0.9884316620658662,0.980709479794423,0.9954083074314778,0.2562989172663707,0.2602210895928033
3735.964,-1.127066,-0.142452,21.6091615,0.8160905,0.3108125,0.1368945,0.0024714999999999,0.134423,0.173918,0.308341,400.4317395,0.7729057779771044,0.0142805571474869,128.0,0,0.9897316556461447,0.9827272350660523,0.9961471785433356,0.2593727955733128,0.2601738710166687
3736.964,-1.119798,-0.143264,21.608299,0.813157,0.311195,0.137148,0.002449,0.134699,0.1740469999999999,0.308746,400.691396,0.7739186890972607,0.0129887487363339,129.0,0,0.9910316492264235,0.9847449903376819,0.9968860496551929,0.2600411987922685,0.2600675479798956
3737.964,-1.1213733333333331,-0.147692,21.609209,0.8141546666666667,0.3112063333333333,0.1371023333333333,0.0024193333333333,0.134683,0.1741039999999999,0.308787,400.4940026666667,0.7735734183395081,0.0134290871432428,130.0,0,0.9911632535147973,0.9846280190175873,0.9972125275883393,0.2594289026952222,0.2602294417677027
3738.964,-1.1229486666666668,-0.15212,21.610118999999997,0.8151523333333334,0.3112176666666666,0.1370566666666666,0.0023896666666666,0.134667,0.1741609999999999,0.308828,400.2966093333333,0.7732283735832155,0.0138691373209269,131.0,0,0.9912948578031712,0.984511047697493,0.9975390055214859,0.2600567220319254,0.2601530449382189
3739.964,-1.124524,-0.156548,21.611029,0.81615,0.311229,0.137011,0.00236,0.134651,0.1742179999999999,0.308869,400.099216,0.7728835546065584,0.0143088995522884,132.0,0,0.9914264620915452,0.9843940763773984,0.9978654834546323,0.2604628275357984,0.26030345346042605
3740.964,-1.1278575000000002,-0.151849,21.609139,0.813262,0.310851,0.1367465,0.0023769999999999,0.1343695,0.1741045,0.308474,399.9785165,0.7717705643991718,0.0157283430580632,133.0,0,0.9901585671181871,0.9823361122144866,0.9972153914298587,0.2609564937681052,0.2609098764935195
3741.964,-1.131191,-0.14715,21.607249,0.810374,0.310473,0.136482,0.002394,0.134088,0.1739909999999999,0.308079,399.857817,0.7706561221205575,0.0171496384517167,134.0,0,0.9888906721448287,0.9802781480515749,0.996565299405084,0.2615152374169924,0.26104345587657846
3742.964,-1.128457,-0.146889,21.607386,0.8109283333333334,0.3106883333333333,0.136597,0.0024513333333333,0.1341456666666666,0.1740913333333333,0.308237,400.058164,0.7705432174880381,0.0172936305069368,135.0,0,0.989397830134172,0.9806997321844148,0.9971399769365293,0.2618821168852015,0.2609686608180988
3743.964,-1.125723,-0.146628,21.607523,0.8114826666666667,0.3109036666666666,0.136712,0.0025086666666666,0.1342033333333333,0.1741916666666666,0.308395,400.258511,0.7704304429195261,0.017437456686025,136.0,0,0.9899049881235152,0.9811213163172555,0.9977146544679742,0.2630193226390634,0.26082478570766776
3744.964,-1.122989,-0.146367,21.60766,0.812037,0.311119,0.136827,0.002566,0.134261,0.1742919999999999,0.3085529999999999,400.458858,0.7703177981904036,0.0175811172754458,137.0,0,0.9904121461128583,0.9815429004500961,0.9982893319994189,0.2623631475973048,0.2607931399840841
3745.964,-1.1231325,-0.1594565,21.6092435,0.81418,0.3112089999999999,0.136666,0.0024655,0.1342005,0.1745429999999999,0.3087434999999999,400.513154,0.7688634384453206,0.0194359237971184,138.0,0,0.991023624574693,0.981100602645989,0.999726980441871,0.2607085894039027,0.2608612162624106
3746.964,-1.123276,-0.172546,21.610827,0.816323,0.311299,0.136505,0.002365,0.13414,0.1747939999999999,0.308934,400.56745,0.7674132555279043,0.0212854034337321,139.0,0,0.991635103036528,0.9806583048418819,1.001164628884323,0.2592932482074716,0.26077699230619084
3747.964,-1.12276,-0.1687046666666666,21.609421333333337,0.8149293333333334,0.3115756666666666,0.136715,0.002373,0.134342,0.1748606666666666,0.3092026666666667,400.7714896666667,0.7682758752156469,0.0201852680456636,140.0,0,0.9924974856091245,0.9821350677580742,1.0015464744201672,0.25799015159091204,0.26059840296255427
3748.964,-1.122244,-0.1648633333333333,21.608015666666667,0.8135356666666667,0.3118523333333333,0.136925,0.002381,0.134544,0.1749273333333333,0.3094713333333333,400.9755293333333,0.7691378374000784,0.019085971199389,141.0,0,0.9933598681817207,0.9836118306742667,1.0019283199560112,0.25974026479608914,0.26022187439278965
3749.964,-1.121728,-0.161022,21.60661,0.812142,0.312129,0.137135,0.002389,0.134746,0.1749939999999999,0.30974,401.179569,0.7699991428326525,0.0179875119365473,142.0,0,0.9942222507543171,0.9850885935904593,1.0023101654918547,0.2611435903190634,0.2594869335621057
3750.964,-1.1256505,-0.159961,21.608246,0.8125005000000001,0.3117419999999999,0.1372265,0.0024419999999999,0.1347845,0.1745155,0.3093,401.151572,0.772330983030258,0.0150136174646742,143.0,0,0.992809912049817,0.9853700558294365,0.999569469158336,0.2601142542059072,0.2588283244127522
3751.964,-1.129573,-0.1589,21.609882,0.812859,0.311355,0.137318,0.002495,0.134823,0.174037,0.3088599999999999,401.123575,0.7746756455486733,0.0120233701445178,144.0,0,0.9913975733453164,0.9856515180684138,0.9968287728248169,0.25972934398062686,0.2583519312755407
3752.964,-1.1326656666666666,-0.1643696666666666,21.609736666666667,0.8146513333333333,0.311127,0.1372716666666666,0.0024263333333333,0.1348453333333333,0.1738553333333333,0.3087006666666666,400.6737146666667,0.7756135813286451,0.0108271809571566,145.0,0,0.9908861355417172,0.9858147905360454,0.9957882437396423,0.2581168311875556,0.2581140697150577
3753.964,-1.1357583333333334,-0.1698393333333333,21.60959133333333,0.8164436666666667,0.310899,0.1372253333333333,0.0023576666666666,0.1348676666666666,0.1736736666666666,0.3085413333333333,400.22385433333335,0.7765534793022971,0.0096284893011681,146.0,0,0.9903746977381178,0.9859780630036771,0.9947477146544675,0.2556699143322239,0.25850326624448666
3754.964,-1.138851,-0.175309,21.609446,0.818236,0.310671,0.137179,0.002289,0.13489,0.1734919999999999,0.308382,399.773994,0.7774953456335417,0.0084272873154539,147.0,0,0.9898632599345187,0.9861413354713094,0.9937071855692929,0.2557770561037698,0.258618328893291
3755.964,-1.135358,-0.173838,21.609052,0.8162134999999999,0.310695,0.137021,0.0023369999999999,0.134684,0.173674,0.308358,399.6004195,0.7754944580394415,0.010979103928378,148.0,0,0.9897862232779097,0.9846353297250933,0.9947496238821472,0.2559446580317873,0.25840211618837383
3756.964,-1.131865,-0.172367,21.608658,0.814191,0.310719,0.1368629999999999,0.002385,0.134478,0.173856,0.308334,399.426845,0.7734977596530479,0.0135255778674546,149.0,0,0.9897091866213005,0.983129323978877,0.9957920621950009,0.2569146326026416,0.25836409079488154
3757.964,-1.134634666666667,-0.166321,21.60708933333333,0.8146743333333333,0.3106496666666666,0.1365666666666666,0.0024266666666666,0.1341399999999999,0.174083,0.3082229999999999,400.01504366666666,0.7705475517566234,0.0172881028308128,150.0,0,0.9893528920844832,0.980658304841881,0.9970922462445491,0.2618821168852015,0.2582567228930029
3758.964,-1.1374043333333332,-0.160275,21.605520666666667,0.8151576666666667,0.3105803333333333,0.1362703333333333,0.0024683333333333,0.133802,0.17431,0.308112,400.60324233333336,0.7676050277951477,0.021040828146798,151.0,0,0.9889965975476663,0.9781872857048864,0.9983924302940974,0.2608908912841332,0.2583784803548675
3759.964,-1.140174,-0.154229,21.603952,0.815641,0.310511,0.135974,0.00251,0.133464,0.1745369999999999,0.3080009999999999,401.191441,0.764670157787989,0.0247837920509789,152.0,0,0.9886403030108489,0.9757162665678911,0.999692614343645,0.2589814632698913,0.2582963272712143
3760.964,-1.1353895,-0.166108,21.607697,0.8146795,0.3104975,0.1358935,0.0024445,0.1334489999999999,0.1746039999999999,0.3080529999999999,401.382663,0.7642908278686179,0.0252675675478556,153.0,0,0.9888072157668353,0.9756066059553018,1.0000763691071681,0.25973400027098464,0.25816684259399014
3761.964,-1.130605,-0.177987,21.611442,0.813718,0.310484,0.135813,0.002379,0.133434,0.174671,0.3081049999999999,401.573885,0.763911788953009,0.025750971915321,154.0,0,0.9889741285228217,0.9754969453427139,1.0004601238706918,0.2586556649618401,0.25823389047850775
3762.964,-1.1323076666666667,-0.1781153333333333,21.609732666666662,0.8143063333333334,0.3104513333333333,0.1356383333333333,0.002335,0.1333033333333333,0.174813,0.3081163333333333,401.5745953333333,0.762543808466904,0.0274956153130271,155.0,0,0.9890105069439985,0.9745416795619424,1.0012734548620392,0.2593344058062013,0.2585339302683281
3763.964,-1.1340103333333331,-0.1782436666666666,21.608023333333335,0.8148946666666667,0.3104186666666667,0.1354636666666666,0.002291,0.1331726666666666,0.174955,0.3081276666666666,401.5753056666667,0.7611780485760228,0.0292374266916833,156.0,0,0.9890468853651747,0.9735864137811708,1.0020867858533866,0.2548483834956919,0.25822370402651995
3764.964,-1.135713,-0.178372,21.606314,0.815483,0.310386,0.135289,0.002247,0.133042,0.175097,0.308139,401.576016,0.7598145038778283,0.0309764129413741,157.0,0,0.9890832637863516,0.9726311480003998,1.002900116844734,0.2544822093315283,0.2580361180082524
3765.964,-1.1453704999999998,-0.1760785,21.6093505,0.8166495,0.3103375,0.135484,0.0022645,0.1332195,0.1748535,0.308073,401.8617255,0.761887740950333,0.0283323259772952,158.0,0,0.9888714129806765,0.9739287985826977,1.0015054260250642,0.256615136876964,0.25765798482935603
3766.964,-1.155028,-0.173785,21.612387,0.817816,0.310289,0.135679,0.002282,0.133397,0.17461,0.308007,402.147435,0.7639667603988294,0.0256808645044427,159.0,0,0.9886595621750014,0.9752264491649955,1.0001107352053946,0.25991503050084463,0.25714284793134884
3767.964,-1.14827,-0.1791253333333333,21.610618666666664,0.8163626666666667,0.3101566666666666,0.1354396666666666,0.0023353333333333,0.1331043333333333,0.1747169999999999,0.3078213333333333,402.13422833333334,0.7618238151382991,0.0284138532702945,160.0,0,0.9880635980398448,0.9730868487682676,1.0007235972904234,0.25877985446711993,0.2568827117314497
3768.964,-1.141512,-0.1844656666666666,21.608850333333333,0.8149093333333333,0.3100243333333333,0.1352003333333333,0.0023886666666666,0.1328116666666666,0.174824,0.3076356666666666,402.12102166666665,0.7596834930168263,0.0311434966359126,161.0,0,0.9874676339046882,0.9709472483715397,1.0013364593754535,0.2590150311014575,0.2564753362733937
3769.964,-1.134754,-0.189806,21.607082,0.813456,0.309892,0.134961,0.002442,0.132519,0.174931,0.30745,402.107815,0.7575457892209544,0.0338698007401018,162.0,0,0.9868716697695319,0.9688076479748123,1.0019493214604829,0.2552001314809278,0.2563816530283322
3770.964,-1.1423185,-0.1828555,21.6071175,0.8165165,0.3098795,0.1348825,0.0024235,0.132459,0.174997,0.307456,402.0059250000001,0.7569172219111076,0.0346714392271101,163.0,0,0.9868909289336841,0.9683690055244581,1.0023273485409683,0.25458263129091313,0.25622672691919984
3771.964,-1.149883,-0.175905,21.607153,0.819577,0.309867,0.1348039999999999,0.002405,0.132399,0.175063,0.307462,401.904035,0.7562891285472739,0.0354724732707135,164.0,0,0.9869101880978365,0.9679303630741038,1.0027053756214535,0.2560543029628485,0.25585850805552385
3772.964,-1.149602,-0.1787353333333333,21.60602666666667,0.8196553333333333,0.3101316666666667,0.1350326666666666,0.002448,0.1325846666666666,0.175099,0.3076836666666667,401.88328766666666,0.7571939843898723,0.0343184723272061,165.0,0,0.9876217072179067,0.9692877177676995,1.0029115722108093,0.2552606512256409,0.25516029982945976
3773.964,-1.149321,-0.1815656666666666,21.604900333333333,0.8197336666666667,0.3103963333333333,0.1352613333333333,0.0024909999999999,0.1327703333333333,0.175135,0.3079053333333333,401.86254033333336,0.7580984682380169,0.033164945803966,166.0,0,0.9883332263379767,0.9706450724612958,1.003117768800165,0.2539115510450778,0.25478216953458627
3774.964,-1.14904,-0.184396,21.603774,0.819812,0.310661,0.13549,0.002534,0.132956,0.175171,0.308127,401.841793,0.7590025803210557,0.0320118934084957,167.0,0,0.989044745458047,0.972002427154892,1.0033239653895205,0.252932948240204,0.2544150803928048
3775.964,-1.153424,-0.1831944999999999,21.6051225,0.8196945,0.3105275,0.135373,0.00242,0.132953,0.1751545,0.3081075,402.0538905,0.759056952251,0.0319425505855817,168.0,0,0.9889821531745521,0.9719804950323744,1.0032294586193993,0.252932948240204,0.2543250632318784
3776.964,-1.157808,-0.181993,21.606471,0.819577,0.310394,0.135256,0.002306,0.13295,0.175138,0.308088,402.265988,0.759111334425799,0.0318731946969709,169.0,0,0.9889195608910571,0.9719585629098568,1.0031349518492778,0.252932948240204,0.2541781846791112
3777.964,-1.1549903333333331,-0.1852976666666666,21.60671,0.820986,0.310473,0.1353913333333333,0.0022923333333333,0.133099,0.1750816666666666,0.3081806666666666,402.30633966666664,0.7602066071646155,0.0304763470285482,170.0,0,0.9892170079818533,0.9730478583282363,1.0028122923714895,0.254998551518385,0.25371381083204775
3778.964,-1.1521726666666663,-0.1886023333333333,21.606949,0.822395,0.310552,0.1355266666666666,0.0022786666666666,0.133248,0.1750253333333333,0.3082733333333333,402.34669133333335,0.7613025849443606,0.0290786001915966,171.0,0,0.9895144550726496,0.974137153746616,1.0024896328937016,0.2553441396836432,0.2532033491052298
3779.964,-1.149355,-0.191907,21.607188,0.823804,0.310631,0.1356619999999999,0.002265,0.133397,0.174969,0.308366,402.387043,0.7623992684460192,0.0276799533176274,172.0,0,0.989811902163446,0.9752264491649955,1.0021669734159138,0.2542999598716633,0.25302941130051565
3780.964,-1.1490399999999998,-0.191513,21.607923,0.8246184999999999,0.310737,0.1354324999999999,0.002326,0.1331065,0.1753045,0.308411,402.595521,0.7592830801087244,0.0316541601604086,173.0,0,0.989956345894588,0.9731026886345305,1.004088611075048,0.25311384576324075,0.25295488036700425
3781.964,-1.148725,-0.191119,21.608658,0.825433,0.310843,0.135203,0.002387,0.132816,0.17564,0.308456,402.803999,0.756178796522452,0.0356131843704815,174.0,0,0.9901007896257301,0.9709789281040656,1.006010248734182,0.25141056449221466,0.25295488036700425
3782.964,-1.1526096666666668,-0.1910686666666666,21.60882133333333,0.8255456666666666,0.3107613333333333,0.1352556666666666,0.0023963333333333,0.1328593333333333,0.1755056666666666,0.308365,402.9382283333333,0.7570044822608827,0.034560152410768,175.0,0,0.9898086923027539,0.9712957254293213,1.0052408299794562,0.25015603395746133,0.2530190600193341
3783.964,-1.1564943333333333,-0.1910183333333333,21.608984666666668,0.8256583333333334,0.3106796666666666,0.1353083333333333,0.0024056666666666,0.1329026666666666,0.1753713333333333,0.308274,403.07245766666665,0.7578314329322187,0.0335055072285969,176.0,0,0.9895165949797777,0.9716125227545769,1.004471411224731,0.2521721729979358,0.2528829424526575
3784.964,-1.160379,-0.190968,21.609148,0.825771,0.310598,0.135361,0.002415,0.132946,0.1752369999999999,0.308183,403.206687,0.7586596514454629,0.0324492451139936,177.0,0,0.9892244976568015,0.9719293200798332,1.0037019924700055,0.2521876389050904,0.2527840208477175
3785.964,-1.158071,-0.2002355,21.609586,0.8271515,0.3106075,0.135406,0.002422,0.132984,0.1752014999999999,0.3081855,403.110997,0.7590302649790956,0.031976585992668,178.0,0,0.9892325223085316,0.9722071269650574,1.0034986597221687,0.252932948240204,0.2527700042647473
3786.964,-1.155763,-0.209503,21.610024,0.828532,0.310617,0.135451,0.002429,0.133022,0.175166,0.3081879999999999,403.015307,0.759401028732581,0.0315037352896082,179.0,0,0.9892405469602615,0.9724849338502818,1.0032953269743323,0.25357474476350267,0.25277225283764915
3787.964,-1.1587886666666667,-0.2084506666666666,21.610326666666666,0.8293963333333334,0.310479,0.1352943333333333,0.0024383333333333,0.132856,0.1751846666666666,0.3080406666666666,402.69703933333335,0.7583725456991344,0.0328154032206794,180.0,0,0.9887676274849667,0.9712713564043018,1.0034022437243681,0.253637375851619,0.25288585108285017
3788.964,-1.1618143333333335,-0.2073983333333333,21.610629333333332,0.8302606666666666,0.310341,0.1351376666666666,0.0024476666666666,0.13269,0.1752033333333333,0.3078933333333333,402.37877166666664,0.7573442818195136,0.0341267916556035,181.0,0,0.9882947080096721,0.9700577789583219,1.0035091604744046,0.2543549236342431,0.25315958043659237
3789.964,-1.16484,-0.206346,21.610932,0.831125,0.310203,0.134981,0.002457,0.132524,0.175222,0.307746,402.060504,0.7563162370236783,0.0354379006837057,182.0,0,0.9878217885343775,0.968844201512342,1.0036160772244411,0.254159794041962,0.2533409169369447
3790.964,-1.1685475,-0.2012275,21.60927,0.831352,0.3104099999999999,0.1352025,0.0024714999999999,0.132731,0.1752075,0.3079385,402.436968,0.757560278182851,0.0338513223539191,183.0,0,0.9884396867175963,0.9703575179660638,1.003533025820395,0.2531363314922588,0.253404860878927
3791.964,-1.172255,-0.196109,21.607608,0.831579,0.310617,0.135424,0.002486,0.132938,0.175193,0.308131,402.813432,0.7588045252691302,0.0322644813965802,184.0,0,0.9890575849008152,0.971870834419786,1.003449974416349,0.25254654694422474,0.25359102523943555
3792.964,-1.1663373333333331,-0.199146,21.607541,0.831372,0.3103203333333333,0.1351083333333333,0.0025106666666666,0.1325976666666666,0.1752119999999999,0.3078096666666666,402.73095566666666,0.7567798432003715,0.0348466441098591,185.0,0,0.9880261496651042,0.9693827569652764,1.0035588003940639,0.2528933274948836,0.25383898105937014
3793.964,-1.1604196666666666,-0.202183,21.607474,0.8311649999999999,0.3100236666666666,0.1347926666666666,0.0025353333333333,0.1322573333333333,0.1752309999999999,0.3074883333333333,402.64847933333334,0.7547556001947895,0.0374282468672906,186.0,0,0.9869947144293936,0.9668946795107675,1.0036676263717794,0.25398553800145884,0.2539033771989164
3794.964,-1.154502,-0.20522,21.607407,0.830958,0.309727,0.134477,0.00256,0.131917,0.1752499999999999,0.3071669999999999,402.566003,0.7527317961095802,0.0400092898509986,187.0,0,0.9859632791936825,0.9644066020562586,1.003776452349495,0.25282707832491325,0.2538782337093518
3795.964,-1.1620625,-0.2072675,21.610268,0.833531,0.309771,0.134616,0.0024895,0.1321265,0.1751549999999999,0.3072815,402.3887265,0.7543361346456873,0.0379632090310345,188.0,0,0.9863308082429221,0.9659381952787454,1.0032323224609174,0.2547945918452896,0.2539211277704928
3796.964,-1.169623,-0.209315,21.613129,0.836104,0.309815,0.134755,0.002419,0.132336,0.17506,0.307396,402.21145,0.7559422144281137,0.0359149075259617,189.0,0,0.9866983372921614,0.9674697885012321,1.0026881925723405,0.2560543029628485,0.2540703711663881
3797.964,-1.1715623333333334,-0.2071706666666666,21.611539333333333,0.8364739999999999,0.30984,0.1346703333333333,0.0024113333333333,0.132259,0.1751696666666666,0.3074286666666667,402.37478733333336,0.7550293808704654,0.0370790827870357,190.0,0,0.9868031927414349,0.9669068640232774,1.0033163284788034,0.2542813372470817,0.2544322427977276
3798.964,-1.1735016666666669,-0.2050263333333333,21.60994966666667,0.836844,0.309865,0.1345856666666667,0.0024036666666666,0.132182,0.1752793333333333,0.3074613333333333,402.53812466666665,0.7541176895677593,0.0382418012820495,191.0,0,0.9869080481907083,0.9663439395453229,1.0039444643852666,0.2541034887385972,0.25471361001445847
3799.964,-1.175441,-0.202882,21.60836,0.837214,0.30989,0.134501,0.002396,0.132105,0.175389,0.307494,402.701462,0.7532071383773306,0.0394030657436339,192.0,0,0.9870129036399818,0.9657810150673684,1.00457260029173,0.25458873465337145,0.25492386541719736
3800.964,-1.176658,-0.210631,21.606802,0.8379945,0.3099265,0.1347865,0.0024305,0.132356,0.17514,0.307496,402.631983,0.7557111127605758,0.0362096412612482,193.0,0,0.987019323361366,0.9676160026513502,1.003146407215353,0.2546287654512122,0.2551232395438092
3801.964,-1.177875,-0.21838,21.605244,0.838775,0.309963,0.135072,0.002465,0.132607,0.174891,0.307498,402.562504,0.7582222171397206,0.033007123593398,194.0,0,0.98702574308275,0.9694509902353319,1.0017202141389765,0.25616526325761935,0.25508630982410224
3802.964,-1.174809,-0.221624,21.605895,0.8400023333333334,0.309925,0.1349376666666666,0.0024566666666666,0.132481,0.1749873333333333,0.3074683333333333,402.5586413333333,0.7570847580314879,0.034457773323782,195.0,0,0.9869305172155526,0.968529841089588,1.0022719809382705,0.2557069996621927,0.2546101866215555
3803.964,-1.171743,-0.224868,21.606546,0.8412296666666667,0.3098869999999999,0.1348033333333333,0.0024483333333333,0.132355,0.1750836666666666,0.3074386666666666,402.55477866666666,0.7559485506059926,0.035906826730208,196.0,0,0.9868352913483551,0.9676086919438442,1.0028237477375648,0.2560880920288481,0.2543113599905854
3804.964,-1.168677,-0.228112,21.607197,0.842457,0.309849,0.134669,0.00244,0.132229,0.1751799999999999,0.307409,402.550916,0.754813592798306,0.0373542864461673,197.0,0,0.986740065481158,0.9666875427981004,1.0033755145368588,0.2548208195910317,0.25380658260974676
3805.964,-1.174668,-0.222563,21.605879,0.8410625,0.3100509999999999,0.1346135,0.0023959999999999,0.1322175,0.1754375,0.307655,402.765188,0.7536401645020906,0.0388508092039607,198.0,0,0.9875296912114013,0.9666034696617825,1.0048503929190564,0.25442529464821984,0.25325328063743063
3806.964,-1.180659,-0.217014,21.604561,0.839668,0.310253,0.1345579999999999,0.002352,0.132206,0.175695,0.307901,402.97946,0.7524701757581276,0.0403429453552279,199.0,0,0.9883193169416445,0.9665193965254646,1.0063252713012532,0.2512930709373808,0.25285426183527954
3807.964,-1.176803,-0.219791,21.606229666666668,0.8405643333333334,0.3102063333333333,0.1344826666666666,0.0023396666666666,0.1321429999999999,0.1757236666666667,0.3078666666666667,403.0508036666667,0.7519889068884277,0.0409567279088329,200.0,0,0.9882091117245511,0.966058821952592,1.0064894648816662,0.2512930709373808,0.2523286545460042
3808.964,-1.172947,-0.222568,21.60789833333333,0.8414606666666666,0.3101596666666666,0.1344073333333333,0.0023273333333333,0.13208,0.1757523333333333,0.3078323333333333,403.1221473333333,0.7515077950157417,0.041570310237503,201.0,0,0.9880989065074574,0.9655982473797208,1.0066536584620787,0.24905571493021045,0.2522142469852887
3809.964,-1.169091,-0.225345,21.609567,0.842357,0.310113,0.134332,0.002315,0.132017,0.175781,0.307798,403.193491,0.75102684006326,0.0421836924391967,202.0,0,0.987988701290364,0.9651376728068488,1.0068178520424917,0.24905571493021045,0.2519208070067551
3810.964,-1.180907,-0.229951,21.608486999999997,0.844816,0.310007,0.1343025,0.0023055,0.131997,0.1757044999999999,0.3077014999999999,403.1020505,0.7512400010244413,0.0419118392458573,203.0,0,0.9876789497335812,0.9649914586567309,1.0063796842901103,0.2506385774297012,0.25154248828311176
3811.964,-1.192723,-0.234557,21.607407,0.847275,0.309901,0.134273,0.002296,0.131977,0.1756279999999999,0.3076049999999999,403.01061,0.7514533476817611,0.0416397492263751,204.0,0,0.9873691981767987,0.9648452445066128,1.0059415165377295,0.25090919036486625,0.2509367753622541
3812.964,-1.171285,-0.236985,21.604782,0.84139,0.309655,0.1345019999999999,0.002295,0.132207,0.175153,0.30736,403.107263,0.7548043436061977,0.0373660823322268,205.0,0,0.9865827823072478,0.9665267072329704,1.0032208670948428,0.2545629240550379,0.2508528044727066
3813.964,-1.1779354999999998,-0.2391289999999999,21.604388,0.8434025,0.3096865,0.134316,0.0023175,0.1319985,0.1753705,0.307369,402.9956795,0.752679312202952,0.040076224797889,206.0,0,0.9866116710534761,0.9650024247179896,1.0044666381555334,0.25315369224351186,0.25106480378444823
3814.964,-1.184586,-0.241273,21.603994,0.845415,0.309718,0.13413,0.00234,0.13179,0.175588,0.307378,402.884096,0.7505595453018127,0.0427796532212565,207.0,0,0.9866405597997046,0.9634781422030088,1.0057124092162237,0.2510376323545979,0.2516521026887659
3815.964,-1.188961,-0.231559,21.604869,0.839552,0.311286,0.135112,0.002501,0.132611,0.176174,0.308785,403.292712,0.7527231446005392,0.0400203234865524,208.0,0,0.9911568337934131,0.9694802330653556,1.0090688314762912,0.2483681654396439,0.25216188180667365
3816.964,-1.182223,-0.2302465,21.6035565,0.839552,0.3102515,0.134547,0.0024995,0.1320474999999999,0.1757045,0.307752,403.6164625,0.7515274137690624,0.0415452896112588,209.0,0,0.9878410476985299,0.9653606493857781,1.006379684290111,0.2504533620419051,0.25231757069748234
3817.964,-1.175485,-0.228934,21.602244,0.839552,0.309217,0.133982,0.002498,0.131484,0.175235,0.306719,403.940213,0.7503252756282953,0.0430784272486175,210.0,0,0.9845252616036464,0.9612410657062023,1.0036905371039306,0.25341306405479735,0.25271469308917416
3818.964,-1.177848,-0.26175,21.611169,0.844365,0.30927,0.134234,0.002284,0.13195,0.1750359999999999,0.306986,403.871062,0.7538406165553571,0.038595164218641,211.0,0,0.9853822944084225,0.9646478554039535,1.0025507281794361,0.2549287039733872,0.2526164886605197
3819.964,-1.181698,-0.251205,21.607888000000003,0.8453714999999999,0.309347,0.1340095,0.0023014999999999,0.131708,0.1753374999999999,0.3070454999999999,403.5253095,0.7511641767210282,0.042008541188377,212.0,0,0.985573281119599,0.9628786641875247,1.00427762461529,0.25415350610928766,0.25254048263194634
3820.964,-1.185548,-0.24066,21.604607,0.846378,0.309424,0.133785,0.002319,0.131466,0.175639,0.3071049999999999,403.179557,0.7484969255294922,0.0454101994931573,213.0,0,0.9857642678307758,0.9611094729710961,1.0060045210511444,0.2521954663377881,0.2518388341425945
3821.964,-1.196661,-0.249673,21.603994,0.842002,0.309539,0.1345039999999999,0.002407,0.132097,0.175035,0.307132,403.503307,0.7546847505655978,0.0375186043972808,214.0,0,0.9858509340694613,0.9657225294073211,1.0025450004963992,0.25488041428178465,0.2520975109685309
3822.964,-1.195217,-0.2505485,21.605788,0.8443215,0.309308,0.1339225,0.0023769999999999,0.1315454999999999,0.1753855,0.306931,403.3445755,0.7500320720237874,0.0434523622118601,215.0,0,0.9852057520703601,0.9616906742178146,1.0045525534010982,0.2535808797684935,0.2520624226805059
3823.964,-1.193773,-0.251424,21.607582,0.846641,0.309077,0.133341,0.002347,0.130994,0.175736,0.30673,403.185844,0.7453979526223846,0.049362450769379,216.0,0,0.9845605700712587,0.9576588190283097,1.0065601063057972,0.2523936319577779,0.25189989577746097
3824.964,-1.202524,-0.256499,21.606532,0.847166,0.310404,0.133837,0.002396,0.131441,0.176567,0.308008,404.097373,0.7444214127135155,0.0506078734357914,217.0,0,0.9886627720356935,0.9609267052834485,1.0113198109100907,0.2440211474610795,0.2511897670955441
3825.964,-1.189787,-0.2621985,21.606537000000003,0.846595,0.3102105,0.1338435,0.0024155,0.131428,0.176367,0.307795,404.100286,0.7451918715413228,0.0496252746920289,218.0,0,0.9879790717082877,0.9608316660858717,1.010174274302559,0.2509549336990078,0.2504701836706091
3826.964,-1.17705,-0.267898,21.606542,0.846024,0.310017,0.13385,0.002435,0.131415,0.176167,0.3075819999999999,404.103199,0.7459640797420645,0.0486404448989415,219.0,0,0.9872953713808816,0.9607366268882951,1.0090287376950275,0.2501024791616553,0.24994814592651604
3827.964,-1.183574,-0.2675695,21.607171,0.847503,0.3100954999999999,0.1340485,0.002426,0.1316225,0.176047,0.3076695,404.4703985,0.7476512087612471,0.0464887778727723,220.0,0,0.9875762341914359,0.96225359869577,1.0083414157305086,0.25178779502434845,0.24963888400077244
3828.964,-1.190098,-0.267241,21.6078,0.848982,0.310174,0.134247,0.002417,0.13183,0.175927,0.307757,404.837598,0.7493406393524624,0.0443341755544027,221.0,0,0.98785709700199,0.963770570503245,1.0076540937659897,0.24782741715421808,0.24938143651952233
3829.964,-1.1945605,-0.255821,21.6068485,0.8483255000000001,0.310417,0.1344095,0.0023935,0.132016,0.1760074999999999,0.3080235,405.1358095,0.7500546848589701,0.0434235231063279,222.0,0,0.9887125248764203,0.9651303620993429,1.0081151722505206,0.24695767185993733,0.24929636159290794
3830.964,-1.199023,-0.244401,21.605897,0.847669,0.31066,0.134572,0.00237,0.132202,0.176088,0.30829,405.434021,0.750768077506261,0.0425137032772368,223.0,0,0.9895679527508505,0.9664901536954409,1.0085762507350526,0.24697508889685815,0.24985431123188456
3831.964,-1.199942,-0.252047,21.605536,0.8480955,0.310094,0.134095,0.002366,0.1317289999999999,0.175999,0.307728,404.916571,0.7484602272727275,0.045457002332834,224.0,0,0.9877640110419207,0.963032189045148,1.0080664869447011,0.25178779502434845,0.24995931632993015
3832.964,-1.200861,-0.259693,21.605175,0.848522,0.309528,0.133618,0.002362,0.131256,0.17591,0.307166,404.399121,0.7461500417824923,0.0484032796401153,225.0,0,0.9859600693329909,0.9595742243948565,1.0075567231543496,0.25100640495599236,0.24988343114956896
3833.964,-1.1913575,-0.265969,21.606648,0.84824,0.309946,0.1338885,0.002395,0.1314934999999999,0.1760574999999999,0.307551,404.742234,0.7468739083884052,0.0474801019284059,226.0,0,0.9871958656994286,0.9613105174275077,1.0084015564024034,0.25154288269163383,0.249067984164355
3834.964,-1.181854,-0.272245,21.608121,0.847958,0.310364,0.134159,0.002428,0.131731,0.1762049999999999,0.307936,405.085347,0.7475965631136284,0.0465584697794184,227.0,0,0.9884316620658662,0.9630468104601604,1.009246389650458,0.24960064385084602,0.24965660826711006
3835.964,-1.207774,-0.26665,21.607582,0.851016,0.30914,0.1330059999999999,0.00241,0.130596,0.176134,0.30673,405.665833,0.7414539983535354,0.0543923425301843,228.0,0,0.9845605700712587,0.9547491574409601,1.0088397241547848,0.25200498467946336,0.25022432724329235
3836.964,-1.2053675,-0.2691,21.6064005,0.8487845,0.3094675,0.1330319999999999,0.0023715,0.1306605,0.1764355,0.307096,405.2210695,0.7405525500675879,0.05554199767251,229.0,0,0.9857353790845476,0.955220698075091,1.0105666205906385,0.2493436273580436,0.25065792549474114
3837.964,-1.202961,-0.27155,21.605219,0.846553,0.309795,0.133058,0.002333,0.130725,0.1767369999999999,0.307462,404.776306,0.7396541773698923,0.0566877303869997,230.0,0,0.9869101880978365,0.9556922387092217,1.0122935170264917,0.24363332517220848,0.2514899193717345
3838.964,-1.197916,-0.258595,21.604415,0.847686,0.309712,0.134476,0.002448,0.132028,0.1752359999999999,0.307264,405.715537,0.75342536108242,0.0391247570941094,231.0,0,0.9862746356808113,0.9652180905894139,1.0036962647869678,0.25371365818176905,0.25249252670902583
3839.964,-1.2040945,-0.266557,21.6074925,0.8526320000000001,0.308859,0.133554,0.002412,0.131142,0.175305,0.306447,405.802504,0.7480747949300082,0.0459485605084204,232.0,0,0.9836521794954098,0.9587408037391835,1.0040914749165666,0.25263486162176035,0.25323048530277387
3840.964,-1.210273,-0.274519,21.61057,0.857578,0.308006,0.132632,0.002376,0.130256,0.175374,0.30563,405.889471,0.742728439059159,0.0527669943725037,233.0,0,0.9810297233100083,0.952263516888953,1.0044866850461651,0.25131107141134595,0.254073688730814
3841.964,-1.183906,-0.281975,21.607829,0.851189,0.303432,0.13016,0.002416,0.127744,0.1732719999999999,0.301016,402.843876,0.7372412320442309,0.0597650616605083,234.0,0,0.9662194260769081,0.9338990196341236,0.9924470953010083,0.260107733794282,0.254920184107454
3842.964,-1.1962959999999998,-0.2766775,21.6081355,0.8526775,0.30342,0.130015,0.0024795,0.1275355,0.173405,0.3009405,401.7414475000001,0.7354733976909679,0.0620196556141396,235.0,0,0.9659770815946587,0.9323747371191428,0.9932088771450173,0.26103247832890564,0.25617266833493
3843.964,-1.208686,-0.27138,21.608442,0.854166,0.303408,0.1298699999999999,0.002543,0.127327,0.173538,0.300865,400.639019,0.7337082730683016,0.0642707937336835,236.0,0,0.9657347371124092,0.9308504546041619,0.9939706589890257,0.258922468629114,0.2579243824105621
3844.964,-1.20459,-0.275656,21.608209,0.849445,0.301206,0.128611,0.002432,0.126179,0.1725949999999999,0.298774,399.736034,0.7310656098634964,0.0676410939385869,237.0,0,0.959022918405341,0.922457762387385,0.988569453884514,0.25803267813124714,0.2588473862577077
3845.964,-1.2085205,-0.273649,21.606312,0.84931,0.301002,0.1282039999999999,0.0023365,0.1258675,0.172798,0.2986655,398.71867,0.7284040995607612,0.0710354306449637,238.0,0,0.958674648520254,0.9201804769992958,0.9897321735411592,0.2604699384458637,0.2597799129700199
3846.964,-1.212451,-0.271642,21.604415,0.849175,0.300798,0.127797,0.002241,0.125556,0.173001,0.298557,397.701306,0.7257488352735806,0.0744218015434142,239.0,0,0.9583263786351671,0.917903191611207,0.9908948931978036,0.26186846963280386,0.25985436263927625
3847.964,-1.202578,-0.285975,21.609171,0.852506,0.301444,0.12839,0.002474,0.125916,0.1730539999999999,0.29897,397.753993,0.7276068301984918,0.072052221997768,240.0,0,0.9596520511009822,0.9205350463133323,0.9911984603987989,0.2611504659285295,0.25930511115319027
3848.964,-1.209003,-0.2806915,21.6081935,0.852373,0.3010334999999999,0.127829,0.0023994999999999,0.1254295,0.1732044999999999,0.2986339999999999,397.916368,0.7241658030489796,0.076440709522774,241.0,0,0.9585735379084543,0.9169783871117102,0.9920604766959663,0.262943696653225,0.25859475276585064
3849.964,-1.215428,-0.275408,21.607216,0.85224,0.300623,0.127268,0.002325,0.124943,0.1733549999999999,0.2982979999999999,398.078743,0.7207307505941531,0.0808215772668381,242.0,0,0.9574950247159268,0.9134217279100882,0.9929224929931338,0.2619601287448822,0.25878861507435513
3850.964,-1.201354,-0.278629,21.603837,0.849532,0.300377,0.1281189999999999,0.00246,0.125659,0.172258,0.297917,397.241992,0.729477124562432,0.0696669564570984,243.0,0,0.9562720677922577,0.918656194484315,0.986639224700824,0.25205556810390944,0.2594082151994264
3851.964,-1.2106675,-0.2789885,21.6063585,0.8499665,0.300535,0.1282594999999999,0.002459,0.1258004999999999,0.1722755,0.298076,397.3080935,0.7302243776719399,0.0687139529477937,244.0,0,0.956782435642293,0.9196906595963996,0.986739459153983,0.2546152189334222,0.2594488314564153
3852.964,-1.219981,-0.279348,21.60888,0.850401,0.300693,0.1284,0.002458,0.125942,0.172293,0.298235,397.374195,0.7309714789835978,0.0677611430327104,245.0,0,0.9572928034923283,0.9207251247084857,0.986839693607142,0.25392889445550965,0.2587820080712929
3853.964,-1.2131055,-0.277993,21.6058985,0.8496885,0.3014155,0.1286089999999999,0.0024465,0.1261625,0.1728065,0.298969,397.7458925,0.7300753728860145,0.0689039850561694,246.0,0,0.95964884124029,0.9223371357135375,0.9897808588469792,0.2608610917141587,0.25836861815450024
3854.964,-1.20623,-0.276638,21.602917,0.848976,0.302138,0.128818,0.002435,0.126383,0.17332,0.299703,398.11759,0.7291845765948729,0.0700400552587979,247.0,0,0.9620048789882518,0.9239491467185891,0.9927220240868164,0.2642286793819599,0.2578520087812441
3855.964,-1.2135859999999998,-0.2739264999999999,21.6027525,0.849367,0.3015165,0.128679,0.002528,0.126151,0.1728375,0.2989885,398.0455235,0.7298778917891555,0.0691558410550716,248.0,0,0.959711433523785,0.9222530625772196,0.9899584170211466,0.2608761010157528,0.2574726559287227
3856.964,-1.220942,-0.271215,21.602588,0.849758,0.300895,0.12854,0.002621,0.125919,0.172355,0.298274,397.973457,0.7305750887697556,0.0682666762450036,249.0,0,0.9574179880593181,0.9205569784358499,0.9871948099554768,0.2552002357815803,0.25806176311135004
3857.964,-1.214114666666667,-0.282825,21.60452366666667,0.8508773333333334,0.3009146666666666,0.128494,0.0025943333333333,0.1258996666666666,0.1724206666666666,0.2983203333333333,397.96109466666667,0.7301847215643819,0.0687645280597435,250.0,0,0.9575667116047161,0.9204156380907353,0.9875709278082826,0.2570165667606021,0.258684990313701
3858.964,-1.2072873333333334,-0.294435,21.606459333333333,0.8519966666666666,0.3009343333333333,0.128448,0.0025676666666666,0.1258803333333333,0.1724863333333333,0.2983666666666666,397.94873233333334,0.7297946515879427,0.0692620008058465,251.0,0,0.9577154351501141,0.9202742977456213,0.9879470456610889,0.2577776029206635,0.25919366635414937
3859.964,-1.20046,-0.306045,21.608395,0.853116,0.300954,0.128402,0.002541,0.125861,0.172552,0.298413,397.93637,0.7294048785010981,0.069759094916087,252.0,0,0.9578641586955124,0.9201329574005076,0.9883231635138954,0.258166600219669,0.25894234864375637
3860.964,-1.207722,-0.2982925,21.6087935,0.8517775,0.300717,0.1280065,0.0025335,0.125473,0.1727105,0.2981835,397.7664825,0.7264889714929231,0.0734778745052767,253.0,0,0.9571274956666879,0.917296402888217,0.989231001275364,0.2579466399301821,0.25823587799780806
3861.964,-1.214984,-0.29054,21.609192,0.850439,0.30048,0.127611,0.002526,0.125085,0.172869,0.297954,397.596595,0.7235784115231098,0.0771898347901929,254.0,0,0.9563908326378634,0.9144598483759265,0.9901388390368328,0.26084749095693216,0.2580002529065379
3862.964,-1.2173466666666668,-0.29075,21.608894333333332,0.850054,0.3005753333333333,0.127775,0.002505,0.12527,0.1728003333333333,0.2980703333333334,397.675804,0.7249365359835185,0.0754577611990984,255.0,0,0.9567642464317049,0.9158123292645186,0.9897455381349135,0.25901565485999334,0.2583476556134531
3863.964,-1.219709333333333,-0.29096,21.608596666666667,0.849669,0.3006706666666666,0.127939,0.002484,0.125455,0.1727316666666666,0.2981866666666666,397.755013,0.7262957402382872,0.0737243105005669,256.0,0,0.9571376602255459,0.9171648101531108,0.989352237232994,0.25834791461022877,0.25847669245029514
3864.964,-1.222072,-0.29117,21.608299,0.849284,0.300766,0.128103,0.002463,0.12564,0.1726629999999999,0.298303,397.834222,0.7276560255756847,0.0719894810516149,257.0,0,0.9575110740193874,0.9185172910417029,0.9889589363310748,0.2571639729224764,0.2582914528379389
3865.964,-1.21039,-0.300253,21.6059365,0.8481285000000001,0.3009199999999999,0.1282424999999999,0.0024535,0.1257889999999999,0.1726774999999999,0.2984664999999999,398.0454455,0.728457798741592,0.0709669458074604,258.0,0,0.9580358862425367,0.9196065864600818,0.9890419877351208,0.25851985010305145,0.25767297356086877
3866.964,-1.198708,-0.309336,21.603574,0.846973,0.301074,0.128382,0.002444,0.125938,0.172692,0.29863,398.256669,0.7292594372672893,0.0699445822756629,259.0,0,0.9585606984656865,0.9206958818784621,0.9891250391391675,0.25867426285073186,0.2575015897793572
3867.964,-1.204299,-0.3045796666666667,21.605654,0.8475323333333333,0.3009193333333333,0.1283096666666666,0.0025273333333333,0.1257823333333333,0.1726096666666666,0.298392,398.2662476666667,0.7287054488714486,0.0706511071179587,260.0,0,0.9577967516209795,0.919557848410043,0.9886534599024,0.2583069351290227,0.2574883407304812
3868.964,-1.20989,-0.2998233333333333,21.607734,0.8480916666666667,0.3007646666666667,0.1282373333333333,0.0026106666666666,0.1256266666666666,0.1725273333333333,0.298154,398.2758263333333,0.72815093173102,0.0713583062906004,261.0,0,0.9570328047762725,0.9184198149416237,0.988181880665633,0.25592520679710185,0.25781157842105945
3869.964,-1.215481,-0.295067,21.609814,0.848651,0.30061,0.128165,0.002694,0.125471,0.172445,0.297916,398.285405,0.7275958850886655,0.0720661807594533,262.0,0,0.9562688579315657,0.9172817814732053,0.9877103014288658,0.25198180744896703,0.25807926089186267
3870.964,-1.2221215,-0.2883635,21.6082215,0.8468690000000001,0.300851,0.1282245,0.002629,0.1255955,0.1726265,0.298222,398.2444265,0.7275520991730753,0.0721220227903323,263.0,0,0.9572510753033316,0.9181919645576901,0.9887498759002008,0.2562328021150664,0.2586789911725925
3871.964,-1.228762,-0.28166,21.606629,0.845087,0.301092,0.128284,0.002564,0.12572,0.172808,0.298528,398.203448,0.7275084052335237,0.0721777475202775,264.0,0,0.9582332926750978,0.9191021476421751,0.9897894503715357,0.2607150004681722,0.2590252869252524
3872.964,-1.219538,-0.2901383333333333,21.606815333333333,0.8468353333333334,0.3009416666666666,0.1280493333333333,0.0025703333333333,0.125479,0.1728923333333333,0.2983713333333333,398.2163023333333,0.7257596205753066,0.0744080465917612,265.0,0,0.9577304145000105,0.9173402671332525,0.9902724849743779,0.2622480317657761,0.25930082618899547
3873.964,-1.210314,-0.2986166666666667,21.60700166666667,0.8485836666666666,0.3007913333333333,0.1278146666666666,0.0025766666666666,0.125238,0.1729766666666666,0.2982146666666667,398.22915666666665,0.7240125411180247,0.0766361709483397,266.0,0,0.9572275363249234,0.9155783866243297,0.9907555195772203,0.2610247393182609,0.25970234178239343
3874.964,-1.20109,-0.307095,21.607188,0.850332,0.300641,0.12758,0.002583,0.124997,0.173061,0.298058,398.242011,0.722267164368839,0.0788621237692358,267.0,0,0.9567246581498361,0.913816506115407,0.991238554180063,0.2631612757297748,0.26020835020368116
3875.964,-1.2083659999999998,-0.309755,21.60843,0.8520135,0.3011395,0.1280295,0.002601,0.1254285,0.1731099999999999,0.2985385,398.294366,0.7245553431035581,0.0759439126084428,268.0,0,0.9582669962123642,0.9169710764042043,0.9915192106489077,0.26198280762964965,0.2610197572017136
3876.964,-1.215642,-0.312415,21.609672,0.853695,0.301638,0.128479,0.002619,0.12586,0.173159,0.299019,398.346721,0.7268422268422268,0.0730273530109082,269.0,0,0.9598093342748922,0.9201256466930017,0.9917998671177536,0.26142965548816327,0.2614332398253915
3877.964,-1.2167439999999998,-0.307928,21.610016666666667,0.853677,0.3015016666666666,0.1284586666666666,0.0026019999999999,0.1258566666666666,0.173043,0.2988996666666667,398.19169933333336,0.7273102024148002,0.072430523961612,270.0,0,0.9594262908989749,0.9201012776679814,0.9911354558853852,0.26232209106300197,0.2616138846572061
3878.964,-1.217846,-0.303441,21.610361333333337,0.853659,0.3013653333333334,0.1284383333333333,0.002585,0.1258533333333333,0.172927,0.2987803333333333,398.03667766666666,0.7277788058228469,0.0718328942071708,271.0,0,0.9590432475230574,0.920076908642962,0.9904710446530169,0.26098529100997914,0.2616668797502158
3879.964,-1.218948,-0.298954,21.610706,0.853641,0.301229,0.1284179999999999,0.002568,0.12585,0.172811,0.298661,397.881656,0.7282480383306712,0.071234462135164,272.0,0,0.9586602041471399,0.9200525396179425,0.9898066334206486,0.26009587742929136,0.26179172307309995
3880.964,-1.2213115,-0.3039965,21.609472,0.8546389999999999,0.301245,0.1283939999999999,0.0025954999999999,0.1257984999999999,0.172851,0.2986495,397.9835365,0.727781570360771,0.0718293684749795,273.0,0,0.9586232907491814,0.9196760381813879,0.990035740742155,0.26036762835184574,0.2616904755948933
3881.964,-1.223675,-0.309039,21.608238,0.855637,0.301261,0.1283699999999999,0.002623,0.125747,0.172891,0.298638,398.085417,0.7273153182333479,0.0724239995417508,274.0,0,0.9585863773512229,0.9192995367448346,0.9902648480636612,0.2625214487863177,0.2615242948144879
3882.964,-1.222729,-0.309587,21.606617,0.8564766666666667,0.3013033333333333,0.1283446666666666,0.002614,0.1257306666666666,0.1729586666666666,0.2986893333333333,398.0732326666667,0.7269363377588995,0.0729073293767315,275.0,0,0.9587511502000811,0.9191801285222376,0.9906524212825424,0.26277798269587344,0.2609992120767639
3883.964,-1.221783,-0.310135,21.604996,0.8573163333333333,0.3013456666666667,0.1283193333333333,0.0026049999999999,0.1257143333333333,0.1730263333333333,0.2987406666666666,398.0610483333333,0.7265576537040388,0.0733902811752694,276.0,0,0.9589159230489394,0.9190607202996414,0.9910399945014241,0.26227317254710236,0.2606331171629726
3884.964,-1.220837,-0.310683,21.603375,0.858156,0.301388,0.128294,0.002596,0.125698,0.173094,0.298792,398.048864,0.7261792657211358,0.073872855380712,277.0,0,0.9590806958977979,0.9189413120770453,0.9914275677203057,0.26214880094770765,0.2608043243781462
3885.964,-1.219026,-0.3099134999999999,21.6055175,0.8568705000000001,0.300901,0.1280859999999999,0.0025399999999999,0.125546,0.172815,0.298361,397.7501785,0.7264720859179705,0.0734994093934983,278.0,0,0.9576972459395261,0.9178300845361479,0.9898295441527992,0.2603209998255966,0.2606467216455222
3886.964,-1.217215,-0.309144,21.60766,0.855585,0.300414,0.127878,0.002484,0.125394,0.172536,0.29793,397.451493,0.7267658531213594,0.0731247556487549,279.0,0,0.9563137959812542,0.9167188569952507,0.9882315205852927,0.2561788281109231,0.26026037315186556
3887.964,-1.227437,-0.304189,21.6065615,0.857237,0.300748,0.1280405,0.0025085,0.125532,0.1727075,0.2982395,397.569282,0.7268432069064348,0.073026103093554,280.0,0,0.9573072478654425,0.9177277346310654,0.9892138182262512,0.258661141925089,0.25946486621845916
3888.964,-1.237659,-0.299234,21.605463,0.858889,0.301082,0.128203,0.002533,0.12567,0.172879,0.298549,397.687071,0.7269204072188802,0.072927646268492,281.0,0,0.9583006997496307,0.9187366122668801,0.9901961158672093,0.26269736316171505,0.25951620904728717
3889.964,-1.231379,-0.305125,21.6029785,0.8603350000000001,0.301056,0.1283815,0.002533,0.1258485,0.1726745,0.298523,397.9784705,0.7288150316634382,0.0705113515465242,282.0,0,0.9582172433716375,0.9200415735566838,0.9890248046860084,0.25851985010305145,0.2594160177483073
3890.964,-1.225099,-0.311016,21.600494,0.861781,0.30103,0.12856,0.002533,0.126027,0.17247,0.298497,398.26987,0.7307141490453467,0.0680893267914423,283.0,0,0.9581337869936444,0.9213465348464875,0.9878534935048074,0.2565041434152793,0.25942845490824673
3891.964,-1.223262,-0.311716,21.599619,0.859155,0.300379,0.128068,0.002372,0.125696,0.172311,0.298007,397.477782,0.7294674775987744,0.0696792596380457,284.0,0,0.9565609552545419,0.9189266906620335,0.9869427919018198,0.2545663794522534,0.2597055987562714
3892.964,-1.2284075,-0.3154535,21.603111,0.8601635000000001,0.30072,0.1278465,0.002417,0.1254295,0.1728735,0.298303,397.5518005,0.7255523515613929,0.0746723855354425,285.0,0,0.9575110740193874,0.9169783871117102,0.9901646136105023,0.2632914109841536,0.2600400578502021
3893.964,-1.233553,-0.319191,21.606603,0.861172,0.301061,0.127625,0.002462,0.125163,0.173436,0.298599,397.625819,0.7216626210093577,0.0796331234958102,286.0,0,0.958461192784233,0.9150300835613869,0.9933864353191847,0.261271259557304,0.26027641758951925
3894.964,-1.23572,-0.312997,21.605411,0.865974,0.301283,0.128197,0.002446,0.125751,0.173086,0.298837,398.322534,0.7265190337806998,0.0734395347976403,287.0,0,0.9592251396289401,0.9193287795748581,0.9913817462560044,0.26227317254710236,0.26031729890363936
3895.964,-1.2441475,-0.316601,21.6052275,0.8653215000000001,0.300852,0.1279,0.002479,0.125421,0.172952,0.298373,398.2514115,0.7251738911727464,0.0751550520829934,288.0,0,0.9577357642678307,0.9169162460979101,0.9906142367289583,0.26309243830584356,0.26064924868424316
3896.964,-1.252575,-0.320205,21.605044,0.864669,0.300421,0.127603,0.002512,0.125091,0.172818,0.297909,398.180289,0.7238266625776102,0.0768732297160658,289.0,0,0.9562463889067213,0.914503712620962,0.9898467272019122,0.2595234190502292,0.26122598669139674
3897.964,-1.2382646666666666,-0.3271836666666667,21.604701,0.8656893333333333,0.300629,0.1276536666666666,0.0024259999999999,0.1252276666666666,0.1729753333333333,0.298203,398.0916353333334,0.7239583835168202,0.0767052404287429,290.0,0,0.9571900879501828,0.9155028426467682,0.9907478826665035,0.2610247393182609,0.26191727494921446
3898.964,-1.2239543333333334,-0.3341623333333333,21.604358,0.8667096666666667,0.300837,0.1277043333333333,0.00234,0.1253643333333333,0.1731326666666666,0.298497,398.0029816666667,0.7240898650560933,0.0765375564582894,291.0,0,0.9581337869936444,0.9165019726725753,0.9916490381310948,0.2631061763029158,0.2618987514810907
3899.964,-1.209644,-0.341141,21.604015,0.86773,0.301045,0.127755,0.002254,0.125501,0.17329,0.298791,397.914328,0.7242211078474935,0.0763701769731004,292.0,0,0.9590774860371057,0.9175011026983824,0.9925501935956866,0.2618393479090893,0.2619584724886407
3900.964,-1.2247395,-0.336251,21.6049285,0.8703704999999999,0.3009225,0.1276115,0.0022855,0.125326,0.173311,0.298637,398.1484335,0.7231236152141804,0.0777698557669056,293.0,0,0.9585831674905307,0.9162217288848492,0.9926704749394775,0.26227152348681504,0.26176791806911504
3901.964,-1.239835,-0.331361,21.605842,0.873011,0.3008,0.127468,0.002317,0.125151,0.1733319999999999,0.298483,398.382539,0.7220263885122857,0.0791691954071206,294.0,0,0.9580888489439557,0.9149423550713163,0.9927907562832677,0.26147926203043115,0.26177588090789594
3902.964,-1.2388603333333337,-0.3307486666666667,21.604539666666668,0.8715973333333333,0.3008456666666667,0.127683,0.002325,0.125358,0.1731626666666666,0.2985206666666666,398.360852,0.7239278447557322,0.0767441878029543,295.0,0,0.9582097536966893,0.9164556715250382,0.9918208686222245,0.2631061763029158,0.26195196908949564
3903.964,-1.2378856666666669,-0.3301363333333333,21.603237333333333,0.8701836666666667,0.3008913333333333,0.127898,0.002333,0.125565,0.1729933333333333,0.2985583333333333,398.339165,0.7258330234323668,0.0743144328222349,296.0,0,0.9583306584494231,0.9179689879787603,0.9908509809611814,0.26186846963280386,0.2621104326027529
3904.964,-1.236911,-0.329524,21.601935,0.86877,0.300937,0.128113,0.002341,0.125772,0.172824,0.298596,398.317478,0.7277419354838709,0.0718799165105729,297.0,0,0.9584515632021569,0.9194823044324821,0.9898810933001382,0.26036762835184574,0.2618859590797229
3905.964,-1.23158,-0.3378489999999999,21.602119,0.8715280000000001,0.3010454999999999,0.1276999999999999,0.0022495,0.1254505,0.1733454999999999,0.298796,398.508976,0.7236979114086526,0.0770374315297249,298.0,0,0.9590935353405661,0.9171319119693342,0.9928680800042761,0.26317206669365223,0.26150991557132075
3906.964,-1.226249,-0.346174,21.602303,0.874286,0.301154,0.1272869999999999,0.002158,0.125129,0.173867,0.298996,398.700474,0.7196781466399798,0.0821640076287482,299.0,0,0.9597355074789753,0.9147815195061862,0.9958550667084151,0.26128430086622667,0.261321970181725
3907.964,-1.2317923333333334,-0.3438433333333333,21.602870333333332,0.8743156666666667,0.3008456666666667,0.1271979999999999,0.0022576666666666,0.1249403333333333,0.1736476666666666,0.298588,398.52977166666665,0.7195006776134184,0.082390341387623,300.0,0,0.9584258843166206,0.9134022326900723,0.9945987948954884,0.26260937445083327,0.26142514052681853
3908.964,-1.2373356666666666,-0.3415126666666666,21.603437666666668,0.8743453333333333,0.3005373333333333,0.127109,0.0023573333333333,0.1247516666666666,0.1734283333333333,0.29818,398.35906933333337,0.7193227597023187,0.0826172476279433,301.0,0,0.9571162611542657,0.9120229458739582,0.9933425230825624,0.26086144107261594,0.2612280047740752
3909.964,-1.242879,-0.339182,21.604005,0.874375,0.300229,0.12702,0.002457,0.124563,0.173209,0.297772,398.188367,0.7191443912014316,0.0828447285244855,302.0,0,0.955806637991911,0.910643659057845,0.9920862512696363,0.25807891282506756,0.26098774832039184
3910.964,-1.2406565,-0.338975,21.6023925,0.874698,0.30031,0.127262,0.002506,0.124756,0.173048,0.297804,398.088782,0.7209287542834687,0.0805690547836633,303.0,0,0.9559093535340566,0.9120546256064843,0.9911640943005735,0.2603920695908574,0.26082410139202467
3911.964,-1.238434,-0.338768,21.60078,0.875021,0.300391,0.127504,0.002555,0.124949,0.172887,0.297836,397.989197,0.7227164407014945,0.0782891426518335,304.0,0,0.956012069076202,0.9134655921551237,0.9902419373315107,0.2625109654813669,0.26066519872172966
3912.964,-1.238009,-0.3406026666666666,21.60182,0.875733,0.3003616666666667,0.1273583333333333,0.002495,0.1248633333333333,0.1730033333333333,0.2978666666666666,398.152359,0.7217352937209663,0.079540440911673,305.0,0,0.9561105048040912,0.9128393082121177,0.9909082577915579,0.2611348187754823,0.26085955415095513
3913.964,-1.237584,-0.3424373333333333,21.60286,0.876445,0.3003323333333333,0.1272126666666666,0.002435,0.1247776666666666,0.1731196666666666,0.2978973333333333,398.315521,0.7207554653594218,0.0807900574809276,306.0,0,0.9562089405319807,0.9122130242691118,0.9915745782516052,0.2594659050959702,0.2609374934833828
3914.964,-1.237159,-0.344272,21.6039,0.877157,0.300303,0.1270669999999999,0.002375,0.124692,0.173236,0.2979279999999999,398.478683,0.7197769529603952,0.0820379957475002,307.0,0,0.95630737625987,0.9115867403261064,0.9922408987116531,0.25873115906817423,0.2611125248940542
3915.964,-1.2379015,-0.343201,21.6026815,0.8791095,0.3005485,0.127104,0.002401,0.124703,0.1734445,0.2981475,398.2669565,0.7189751247510024,0.0830606011909409,308.0,0,0.9570119406817743,0.9116671581086714,0.9934351206250047,0.2615830399907021,0.2615778456365744
3916.964,-1.238644,-0.34213,21.601463,0.881062,0.300794,0.127141,0.002427,0.124714,0.173653,0.298367,398.05523,0.7181752219931589,0.0840807510245486,309.0,0,0.9577165051036783,0.9117475758912363,0.9946293425383563,0.2632278551584813,0.26156401335380625
3917.964,-1.2384636666666666,-0.3441563333333333,21.602450333333337,0.8820873333333333,0.300924,0.1272493333333333,0.0023846666666666,0.1248646666666666,0.1736746666666666,0.2985393333333333,398.39872233333335,0.7189531444627628,0.0830886335825915,310.0,0,0.9582696710962743,0.9128490558221253,0.9947534423375052,0.26338876777510994,0.2614360330960619
3918.964,-1.2382833333333334,-0.3461826666666666,21.603437666666665,0.8831126666666667,0.301054,0.1273576666666666,0.0023423333333333,0.1250153333333333,0.1736963333333333,0.2987116666666666,398.74221466666665,0.7197308728593033,0.0820967636502242,311.0,0,0.95882283708887,0.9139505357530151,0.9948775421366547,0.26261175517933005,0.26141448863352357
3919.964,-1.238103,-0.348209,21.604425,0.884138,0.301184,0.127466,0.0023,0.125166,0.173718,0.298884,399.085707,0.7205084072553951,0.0811051411348379,312.0,0,0.9593760030814661,0.9150520156839047,0.9950016419358042,0.26273212025026965,0.26163432890725263
3920.964,-1.244781,-0.342806,21.603049,0.8830205,0.3008045,0.1272325,0.0022395,0.1249929999999999,0.173572,0.2985649999999999,399.044968,0.72011776025073,0.0816033497894532,313.0,0,0.9583520575207032,0.9137872632853826,0.9941654002123061,0.26025374676317536,0.2619791586591079
3921.964,-1.251459,-0.337403,21.601673,0.881903,0.300425,0.126999,0.002179,0.12482,0.173426,0.298246,399.004229,0.7197264555115409,0.0821023972807382,314.0,0,0.9573281119599408,0.9125225108868621,0.9933291584888081,0.261231162903924,0.26200689018793616
3922.964,-1.2486866666666667,-0.3408473333333333,21.600876,0.8830503333333334,0.300674,0.1271853333333333,0.0022683333333333,0.124917,0.1734886666666666,0.2984056666666667,399.22493233333336,0.7200255923023274,0.0817208954739817,315.0,0,0.9578406197171042,0.9132316495149347,0.9936880932925009,0.2609193741500992,0.2618337636046163
3923.964,-1.2459143333333331,-0.3442916666666666,21.600079,0.8841976666666667,0.300923,0.1273716666666666,0.0023576666666666,0.125014,0.1735513333333333,0.2985653333333333,399.44563566666665,0.720324513067144,0.0813396691742855,316.0,0,0.9583531274742674,0.9139407881430073,0.9940470280961944,0.2616643078332606,0.26180200075343324
3924.964,-1.243142,-0.347736,21.599282,0.885345,0.301172,0.127558,0.002447,0.125111,0.173614,0.298725,399.666339,0.7206232180399159,0.0809587180833146,317.0,0,0.9588656352314309,0.91464992677108,0.9944059628998877,0.2621794565867274,0.26189898552438706
3925.964,-1.2474585,-0.3456945,21.5996895,0.8861715,0.3008855,0.1272905,0.002391,0.1248995,0.173595,0.2984945,399.290004,0.7194837438650659,0.0824119377134198,318.0,0,0.9581257623419143,0.9131037121335814,0.9942971369221723,0.2618603552789843,0.2621905374539071
3926.964,-1.251775,-0.343653,21.600097,0.886998,0.300599,0.127023,0.002335,0.124688,0.173576,0.298264,398.913669,0.7183440202330953,0.0838654754867461,319.0,0,0.9573858894523976,0.9115574974960828,0.9941883109444568,0.2614965893252821,0.26248769210248135
3927.964,-1.252881666666667,-0.3429423333333333,21.600153666666667,0.8867486666666666,0.300532,0.1268723333333333,0.0023336666666666,0.1245386666666666,0.1736596666666666,0.2981983333333333,399.0397926666667,0.7171380201235359,0.0854035384563183,320.0,0,0.9571751086002864,0.9104657651752008,0.9946675270919404,0.2630711392632797,0.26239873185843876
3928.964,-1.2539883333333337,-0.3422316666666666,21.600210333333333,0.8864993333333333,0.300465,0.1267216666666666,0.0023323333333333,0.1243893333333333,0.1737433333333333,0.2981326666666666,399.1659163333333,0.7159331815138337,0.0869401201159757,321.0,0,0.9569643277481754,0.9093740328543194,0.9951467432394246,0.26358160288886784,0.26269165282427986
3929.964,-1.255095,-0.341521,21.600267,0.88625,0.300398,0.126571,0.002331,0.12424,0.1738269999999999,0.2980669999999999,399.29204,0.7147295027268336,0.0884752226046652,322.0,0,0.9567535468960643,0.9082823005334382,0.9956259593869082,0.26564763954547066,0.26298496500121615
3930.964,-1.2492845,-0.3428535,21.5995465,0.8866425,0.3001385,0.126555,0.0023255,0.1242294999999999,0.1735835,0.297813,399.244856,0.7156716181456295,0.0872737029470572,323.0,0,0.9559382422802849,0.9082055381046253,0.9942312685672392,0.2632252932489175,0.2632973082195126
3931.964,-1.243474,-0.344186,21.598826,0.887035,0.299879,0.1265389999999999,0.00232,0.124219,0.17334,0.297559,399.197672,0.716616380429327,0.0860688076306427,324.0,0,0.9551229376645053,0.9081287756758142,0.9928365777475695,0.26034156046349777,0.2636071418720718
3932.964,-1.245137,-0.346142,21.5994415,0.887043,0.300359,0.126685,0.0023214999999999,0.1243634999999999,0.173674,0.2980375,399.271259,0.7160702461494167,0.0867653157865588,325.0,0,0.9566588560056493,0.9091851729104166,0.9947496238821472,0.2638485838085106,0.2639126842998688
3933.964,-1.2468,-0.348098,21.600057,0.887051,0.300839,0.126831,0.002323,0.124508,0.174008,0.298516,399.344846,0.7155262084145072,0.0874591501299238,326.0,0,0.9581947743467932,0.9102415701450202,0.9966626700167248,0.26459742960262383,0.2638560966487714
3934.964,-1.254036,-0.345865,21.5998085,0.8891065,0.30062,0.1266795,0.002295,0.1243845,0.1739405,0.2983249999999999,399.365536,0.7150938677658868,0.0880105324528714,327.0,0,0.9575816909546121,0.9093386977680411,0.9962760514116829,0.2653028887696915,0.2636212368350668
3935.964,-1.261272,-0.343632,21.59956,0.891162,0.300401,0.126528,0.002267,0.124261,0.1738729999999999,0.2981339999999999,399.386226,0.7146611914374777,0.0885623428824571,328.0,0,0.9569686075624313,0.908435825391062,0.9958894328066404,0.2649586918045763,0.26337178148612195
3936.964,-1.259042,-0.34528,21.599747,0.89183,0.3003653333333333,0.1266353333333333,0.0023066666666666,0.1243286666666666,0.1737299999999999,0.2980586666666666,399.4481776666667,0.715638928381617,0.0873153935863143,329.0,0,0.9567267980569639,0.9089305165989611,0.9950703741322555,0.2645520136032525,0.26338559537713774
3937.964,-1.256812,-0.346928,21.599934,0.892498,0.3003296666666666,0.1267426666666666,0.0023463333333333,0.1243963333333333,0.173587,0.2979833333333333,399.51012933333334,0.7166182762249311,0.0860663898422913,330.0,0,0.9564849885514967,0.9094252078068609,0.9942513154578709,0.2625052627523055,0.2638459273188055
3938.964,-1.254582,-0.348576,21.600121,0.893166,0.300294,0.12685,0.002386,0.124464,0.173444,0.297908,399.572081,0.7175992389518293,0.0848153265689025,331.0,0,0.9562431790460293,0.9099198990147606,0.9934322567834858,0.2612330047518217,0.26402583289250153
3939.964,-1.2502635,-0.346272,21.599242500000003,0.8927350000000001,0.3004075,0.1267625,0.00235,0.1244125,0.173645,0.2980575,399.198538,0.7164720177833063,0.0862529194215736,332.0,0,0.95672305321949,0.9095433975782065,0.994583521074055,0.2631530860560223,0.2642044124686356
3940.964,-1.245945,-0.343968,21.598364,0.892304,0.300521,0.126675,0.002314,0.124361,0.1738459999999999,0.298207,398.824995,0.7153474031763564,0.0876871880159783,333.0,0,0.957202927392951,0.9091668961416525,0.9957347853646237,0.2633634321590757,0.2639431056092936
3941.964,-1.2488686666666666,-0.340939,21.598119,0.8927066666666666,0.300491,0.1266623333333333,0.002354,0.1243083333333333,0.1738286666666666,0.298137,398.87907966666666,0.7151157550782472,0.0879826186372936,334.0,0,0.9569782371445078,0.9087818655463413,0.9956355055253046,0.2649448798801754,0.2635499743688657
3942.964,-1.2517923333333334,-0.33791,21.597874,0.8931093333333333,0.300461,0.1266496666666666,0.002394,0.1242556666666666,0.1738113333333333,0.298067,398.93316433333337,0.7148840607781957,0.088278108181901,335.0,0,0.9567535468960646,0.9083968349510301,0.9955362256859852,0.26564763954547066,0.2632741693276236
3943.964,-1.254716,-0.334881,21.597629,0.893512,0.300431,0.126637,0.002434,0.124203,0.173794,0.297997,398.987249,0.714652320262378,0.0885736566674305,336.0,0,0.9565288566476214,0.9080118043557197,0.9954369458466661,0.26638322536396425,0.2634788444127183
3944.964,-1.2509495,-0.346662,21.598875,0.8953599999999999,0.300304,0.126737,0.0025025,0.1242345,0.173567,0.2978015,399.476665,0.7157684596238936,0.0871501969121439,337.0,0,0.9559013288823264,0.9082420916421556,0.9941367617971177,0.2626898201762721,0.2639342322716914
3945.964,-1.247183,-0.358443,21.600121,0.897208,0.300177,0.126837,0.002571,0.124266,0.17334,0.297606,399.966081,0.7168875222826682,0.0857230089521686,338.0,0,0.9552738011170313,0.9084723789285917,0.9928365777475695,0.26102737940029647,0.26405060913100575
3946.964,-1.2470503333333334,-0.3570673333333333,21.600358333333336,0.897937,0.3003183333333333,0.1267893333333333,0.002498,0.1242913333333333,0.173529,0.2978203333333333,399.801429,0.7162527132676386,0.0865326077499035,339.0,0,0.9559617812586931,0.9086575835187409,0.9939191098416867,0.26179396319083165,0.26410427493831395
3947.964,-1.2469176666666666,-0.3556916666666667,21.600595666666667,0.898666,0.3004596666666667,0.1267416666666666,0.002425,0.1243166666666666,0.173718,0.2980346666666666,399.636777,0.715619285551187,0.0873404449191147,340.0,0,0.956649761400355,0.9088427881088903,0.9950016419358042,0.2645520136032525,0.264041472415213
3948.964,-1.246785,-0.354316,21.600833,0.899395,0.300601,0.126694,0.002352,0.124342,0.173907,0.298249,399.472125,0.7149872346298043,0.0881465262033179,341.0,0,0.9573377415420169,0.9090279926990402,0.9960841740299214,0.26578688334155276,0.2639083939255825
3949.964,-1.249398,-0.347221,21.599821,0.900847,0.3006995,0.1268715,0.0023565,0.1245149999999999,0.173828,0.298343,399.331701,0.7163074055537338,0.0864628563632349,342.0,0,0.9576394684470694,0.9102927450975609,0.9956316870699465,0.264316854649166,0.2636064146050937
3950.964,-1.252011,-0.340126,21.598809,0.902299,0.300798,0.127049,0.002361,0.124688,0.173749,0.298437,399.191277,0.7176287769784172,0.0847776554737435,343.0,0,0.9579411953521216,0.9115574974960828,0.9951792001099714,0.2639000902321576,0.2639473856348154
3951.964,-1.250549,-0.3443133333333333,21.59920333333333,0.9011033333333331,0.3007633333333333,0.1269756666666666,0.0023956666666666,0.12458,0.1737876666666666,0.2983676666666667,399.367907,0.716847665555483,0.0857738399228177,344.0,0,0.9577186450108065,0.9107679410854452,0.9954006705207604,0.264316854649166,0.26438810651149347
3952.964,-1.249087,-0.3485006666666667,21.599597666666668,0.8999076666666667,0.3007286666666667,0.1269023333333333,0.0024303333333333,0.124472,0.1738263333333333,0.2982983333333333,399.544537,0.7160669016380238,0.0867695811834556,345.0,0,0.957496094669491,0.9099783846748077,0.9956221409315502,0.264316854649166,0.2648470327288067
3953.964,-1.247625,-0.352688,21.599992,0.898712,0.300694,0.126829,0.002465,0.124364,0.173865,0.298229,399.721167,0.7152864849941909,0.0877648795513436,346.0,0,0.9572735443281761,0.9091888282641701,0.9958436113423397,0.2633634321590757,0.26482351683339805
3954.964,-1.245803,-0.352259,21.600844,0.901398,0.30037,0.1265375,0.0023805,0.124157,0.1738325,0.2979895,399.224346,0.714229420681284,0.0891129983974788,347.0,0,0.9565047826924311,0.9076755118104481,0.9956574616436159,0.2660995304734893,0.26480278112611294
3955.964,-1.243981,-0.35183,21.601696,0.904084,0.300046,0.126246,0.002296,0.12395,0.1737999999999999,0.2977499999999999,398.727525,0.7131719610358974,0.0904616214278535,348.0,0,0.9557360210566858,0.9061621953567262,0.9954713119448915,0.26543458816707705,0.2646463737148807
3956.964,-1.240173,-0.351867,21.602090500000003,0.905577,0.3003099999999999,0.1264974999999999,0.002271,0.1242265,0.1738124999999999,0.2980389999999999,399.058581,0.7147114579707561,0.0884982358456241,349.0,0,0.9566636707966869,0.9081836059821085,0.9955429079828622,0.26638322536396425,0.2646982158797245
3957.964,-1.236365,-0.351904,21.602485,0.90707,0.300574,0.126749,0.002246,0.124503,0.173825,0.298328,399.389637,0.7162507334921128,0.0865351326414025,350.0,0,0.9575913205366885,0.9102050166074908,0.9956145040208335,0.264316854649166,0.26480908363752337
3958.964,-1.2404145,-0.347798,21.599051000000003,0.9048445,0.300168,0.126442,0.002267,0.124175,0.173726,0.2979009999999999,399.5628355,0.7147708761447559,0.0884224573341428,351.0,0,0.9562207100211847,0.9078071045455544,0.9950474634001053,0.2655795262687015,0.264994959698453
3959.964,-1.244464,-0.343692,21.595617,0.902619,0.299762,0.126135,0.002288,0.123847,0.1736269999999999,0.2974739999999999,399.736034,0.7132893312138596,0.090311934273578,352.0,0,0.954850099505681,0.9054091924836181,0.9944804227793766,0.26275278053684387,0.2652020752992531
3960.964,-1.23688,-0.354305,21.593732,0.902332,0.300707,0.126658,0.002175,0.124483,0.174049,0.298532,399.456385,0.7152140189600689,0.0878572985509368,353.0,0,0.958246132117866,0.9100588024573727,0.9968975050212688,0.26441851188059534,0.26439739289914976
3961.964,-1.2489355,-0.345369,21.596992,0.9051865,0.300628,0.1266415,0.0023049999999999,0.1243364999999999,0.1739865,0.298323,399.7516945,0.7146289244917019,0.0886034942837262,354.0,0,0.9575752712332284,0.9089877838077571,0.9965395248314151,0.26542553222715476,0.2630147272550669
3962.964,-1.260991,-0.336433,21.600252,0.908041,0.300549,0.126625,0.002435,0.12419,0.173924,0.298114,400.047004,0.7140434095155956,0.0893502263078286,355.0,0,0.9569044103485908,0.9079167651581429,0.9961815446415615,0.26617561525846173,0.26291913892295365
3963.964,-1.228912,-0.356056,21.597235,0.9082,0.300175,0.126422,0.002515,0.123907,0.173753,0.29766,400.267873,0.7131173958585125,0.0905312107074054,356.0,0,0.9554471335944018,0.9058478349339724,0.9952021108421221,0.26543458816707705,0.26318065100108223
3964.964,-1.2319225,-0.3537215,21.596426,0.905322,0.2992775,0.125976,0.002454,0.1235219999999999,0.1733015,0.2968235,399.9061495,0.7127537109966678,0.0909950334004247,357.0,0,0.9527620851255055,0.9030332125441988,0.9926160619506197,0.2580527064724557,0.2631298786388635
3965.964,-1.234933,-0.351387,21.595617,0.902444,0.29838,0.12553,0.002393,0.123137,0.1728499999999999,0.295987,399.544426,0.7123881261896085,0.0914612791739691,358.0,0,0.950077036656609,0.9002185901544266,0.9900300130591166,0.25160793172624907,0.26327127049401733
3966.964,-1.234954,-0.356581,21.602926,0.907499,0.299951,0.125757,0.002206,0.123551,0.174194,0.297745,398.742401,0.7092683486896868,0.0954400634277177,359.0,0,0.9557199717532258,0.9032452230618706,0.997728019061729,0.26542734204283164,0.2632777904707634
3967.964,-1.2454710000000002,-0.3533895,21.602935,0.908138,0.3003805,0.1262734999999999,0.0023035,0.12397,0.174107,0.298077,399.324155,0.7120293151377303,0.091918886090911,360.0,0,0.956785645502985,0.9063084095068442,0.997229710637453,0.26693197543045166,0.26289530834219355
3968.964,-1.255988,-0.350198,21.602944,0.908777,0.30081,0.1267899999999999,0.002401,0.124389,0.17402,0.298409,399.905909,0.7147930422190423,0.0883941880016855,361.0,0,0.9578513192527442,0.9093715959518177,0.9967314022131767,0.2650718026465137,0.2627434837317481
3969.964,-1.2471953333333334,-0.3572783333333333,21.600769666666668,0.9081363333333332,0.3005793333333333,0.1267256666666666,0.0024146666666666,0.124311,0.1738536666666666,0.2981646666666667,399.856906,0.7150282611529934,0.0880942033423269,362.0,0,0.9570670432903211,0.9088013607663573,0.9957786976012459,0.2641666990883829,0.26283927045224276
3970.964,-1.2384026666666668,-0.3643586666666666,21.598595333333332,0.9074956666666666,0.3003486666666666,0.1266613333333333,0.0024283333333333,0.124233,0.1736873333333333,0.2979203333333333,399.807903,0.7152639306036677,0.0877936441199287,363.0,0,0.9562827673278977,0.9082311255808968,0.9948259929893157,0.2644837116480552,0.26372321493211615
3971.964,-1.22961,-0.371439,21.596421,0.906855,0.300118,0.126597,0.002442,0.124155,0.1735209999999999,0.297676,399.7589,0.7155000518666222,0.0874925086822115,364.0,0,0.9554984913654746,0.9076608903954364,0.993873288377385,0.2616007109414564,0.2652353238757577
3972.964,-1.2334705,-0.3624045,21.596841,0.9080895,0.300161,0.126298,0.0023915,0.1239065,0.173863,0.2977695,399.8711575,0.71266334606359,0.0911102796232178,365.0,0,0.955798613340181,0.9058441795802193,0.9958321559762644,0.2646573691540082,0.2652697756553771
3973.964,-1.237331,-0.35337,21.597261,0.909324,0.300204,0.125999,0.002341,0.123658,0.174205,0.297863,399.983415,0.7098377782625167,0.0947138457990403,366.0,0,0.9560987353148872,0.9040274687650024,0.9977910235751434,0.26639245537202305,0.264938243178215
3974.964,-1.2385856666666666,-0.3529616666666667,21.597934666666667,0.9105516666666666,0.300188,0.1261256666666666,0.0023433333333333,0.1237823333333333,0.1740623333333333,0.2978446666666667,400.049902,0.7111338784733525,0.0930608743578771,367.0,0,0.9560398878688665,0.9049364333982362,0.9969738741284373,0.2668921512711893,0.2645561165365624
3975.964,-1.2398403333333334,-0.3525533333333333,21.59860833333333,0.9117793333333334,0.300172,0.1262523333333333,0.0023456666666666,0.1239066666666666,0.1739196666666666,0.2978263333333333,400.116389,0.7124321050593949,0.0914051910604391,368.0,0,0.9559810404228455,0.9058453980314698,0.9961567246817314,0.266729021162665,0.2645510852553957
3976.964,-1.241095,-0.352145,21.599282,0.913007,0.300156,0.126379,0.002348,0.124031,0.173777,0.2978079999999999,400.182876,0.7137324632577196,0.089746789227662,369.0,0,0.9559221929768243,0.9067543626647043,0.9953395752350258,0.26577185983902607,0.26452953185806327
3977.964,-1.2370855,-0.3534144999999999,21.598298,0.912741,0.3002755,0.126612,0.0023499999999999,0.124262,0.1736635,0.2979254999999999,400.1774795,0.7155290804971653,0.0874554872413826,370.0,0,0.9562993516081397,0.908443136098568,0.9946894832102517,0.26361665065883005,0.26489919806619744
3978.964,-1.233076,-0.354684,21.597314,0.912475,0.300395,0.126845,0.002352,0.124493,0.17355,0.298043,400.172083,0.717328047663223,0.085161188294262,371.0,0,0.9566765102394555,0.9101319095324317,0.9940393911854777,0.26125053622998784,0.26487023585525243
3979.964,-1.2368226666666666,-0.3601113333333333,21.59785666666667,0.9118446666666666,0.3006276666666667,0.1268746666666667,0.002345,0.1245296666666666,0.173753,0.2982826666666666,400.29911933333335,0.7167010064036897,0.0859608805447331,372.0,0,0.9574458068519822,0.9103999688076476,0.9952021108421221,0.2641163862767157,0.2649095062797181
3980.964,-1.2405693333333334,-0.3655386666666667,21.598399333333333,0.9112143333333332,0.3008603333333333,0.1269043333333333,0.002338,0.1245663333333333,0.173956,0.2985223333333333,400.42615566666666,0.7160754286020875,0.0867587063853811,373.0,0,0.9582151034645093,0.9106680280828644,0.9963648304987666,0.26426817767473115,0.264964771389271
3981.964,-1.244316,-0.370966,21.598942,0.910584,0.301093,0.126934,0.002331,0.124603,0.1741589999999999,0.2987619999999999,400.553192,0.71545130914102,0.087554672342638,374.0,0,0.9589844000770362,0.9109360873580811,0.9975275501554105,0.2652973730227978,0.26503092569070985
3982.964,-1.244306,-0.3617915,21.6017095,0.9127665,0.300855,0.1266645,0.0022905,0.124374,0.1741905,0.2985645,400.729044,0.7140072850856674,0.0893962973218601,375.0,0,0.9583504525903574,0.9092619353392292,0.9977079721710973,0.2643677470445584,0.2651593295656899
3983.964,-1.244296,-0.352617,21.604477,0.914949,0.300617,0.126395,0.00225,0.124145,0.174222,0.298367,400.904896,0.7125637831973964,0.0912372563593084,376.0,0,0.9577165051036783,0.9075877833203774,0.9978883941867834,0.2667851596166801,0.26539830855391117
3984.964,-1.2414666666666667,-0.3603616666666667,21.603787333333333,0.915,0.3005276666666667,0.126379,0.0022663333333333,0.1241126666666666,0.1741486666666666,0.2982613333333334,400.626036,0.7126781752860089,0.0910913672883937,377.0,0,0.9573773298238857,0.9073514037776859,0.9974683640973548,0.26744480236671786,0.2658246621456727
3985.964,-1.2386373333333334,-0.3681063333333333,21.603097666666667,0.915051,0.3004383333333333,0.126363,0.0022826666666666,0.1240803333333333,0.1740753333333333,0.2981556666666666,400.347176,0.7127926637547897,0.0909453552997719,378.0,0,0.9570381545440925,0.9071150242349953,0.9970483340079269,0.2673905641770533,0.26584281465816445
3986.964,-1.235808,-0.375851,21.602408,0.915102,0.300349,0.126347,0.002299,0.124048,0.1740019999999999,0.29805,400.068316,0.712907248725597,0.0907992202380325,379.0,0,0.9566989792642997,0.9068786446923047,0.9966283039184983,0.26705589858882617,0.2650353653343183
3987.964,-1.2417505,-0.362283,21.6023085,0.913987,0.300575,0.1265505,0.0023829999999999,0.1241675,0.1740244999999999,0.298192,400.2883885,0.7135017569264277,0.090041018773906,380.0,0,0.9571547794825703,0.9077522742392602,0.9967571767868455,0.2660064405410431,0.26457317757017385
3988.964,-1.247693,-0.348715,21.602209,0.912872,0.300801,0.126754,0.002467,0.124287,0.1740469999999999,0.298334,400.508461,0.7140961114175401,0.0892830133422871,381.0,0,0.9576105797008408,0.9086259037862155,0.9968860496551929,0.26551407214760375,0.26457896567352723
3989.964,-1.2437465,-0.3603245,21.6038955,0.916223,0.3001405,0.126489,0.0024565,0.1240324999999999,0.1736515,0.297684,400.557578,0.7142569211499978,0.0890779258860925,382.0,0,0.955524170251011,0.9067653287259625,0.9946207510137998,0.2642979114016325,0.2644108427072953
3990.964,-1.2398,-0.371934,21.605582,0.919574,0.29948,0.126224,0.002446,0.123778,0.173256,0.297034,400.606695,0.7144184650548029,0.088871902108838,383.0,0,0.9534377608011811,0.9049047536657108,0.9923554523724063,0.2561936844362702,0.26397093406996336
3991.964,-1.2380775000000002,-0.366666,21.6028095,0.919798,0.299836,0.1263615,0.0024609999999999,0.1239005,0.1734745,0.297375,400.9043615,0.7142247752564485,0.0891189229043349,384.0,0,0.9545323232971687,0.9058003153351839,0.9936069511161345,0.2606754953813533,0.26361839971268747
3992.964,-1.236355,-0.361398,21.600037,0.920022,0.300192,0.126499,0.002476,0.124023,0.173693,0.297716,401.202028,0.7140315727658986,0.0893653222155692,385.0,0,0.9556268857931564,0.906695877004657,0.9948584498598626,0.26442562807809206,0.26343207756646186
3993.964,-1.242453,-0.378147,21.597891,0.917049,0.300083,0.126321,0.002498,0.123823,0.173762,0.297585,401.290884,0.7125970430989336,0.0911948385995418,386.0,0,0.9552063940424984,0.9052337355034764,0.995253659989461,0.26510392995436094,0.26341504261431126
3994.964,-1.237703,-0.377889,21.599302,0.918098,0.2999675,0.12613,0.002456,0.123674,0.1738375,0.2975115,400.666761,0.7114304368710037,0.0926826608849864,387.0,0,0.954970469281633,0.9041444400850969,0.9956861000588042,0.26304571599339854,0.26350301642807633
3995.964,-1.232953,-0.377631,21.600713,0.919147,0.299852,0.125939,0.002414,0.123525,0.173913,0.297438,400.042638,0.7102648435433604,0.0941691913758365,388.0,0,0.9547345445207677,0.9030551446667172,0.9961185401281474,0.26386522060429435,0.263745564451447
3996.964,-1.237616,-0.3738513333333333,21.598337,0.918184,0.3000743333333333,0.1260603333333333,0.0024406666666666,0.1236196666666666,0.174014,0.2976336666666666,400.422244,0.7103966133187752,0.0940011398056352,389.0,0,0.9553626072628444,0.9037472249772756,0.9966970361149508,0.2651926771265698,0.2648856012416948
3997.964,-1.242279,-0.3700716666666667,21.595961,0.917221,0.3002966666666666,0.1261816666666666,0.0024673333333333,0.1237143333333333,0.174115,0.2978293333333333,400.80185,0.7105282302219976,0.0938332831998095,390.0,0,0.9559906700049214,0.9044393052878347,0.9972755321017541,0.26583609101953753,0.26537245135477344
3998.964,-1.246942,-0.366292,21.593585,0.916258,0.300519,0.126303,0.002494,0.123809,0.1742159999999999,0.298025,401.181456,0.7106596945189046,0.093665621219275,391.0,0,0.9566187327469986,0.9051313855983938,0.997854028088557,0.2663938102852537,0.26522911409788275
3999.964,-1.242776,-0.3762475,21.5940385,0.9183195,0.3005775,0.126377,0.002509,0.123868,0.1742004999999999,0.2980684999999999,401.0373225,0.7110616154281107,0.0931530344771622,392.0,0,0.9567583616871024,0.9055627173412422,0.9977652490014733,0.26672339163533954,0.26511999404518743
4000.964,-1.23861,-0.386203,21.594492,0.920381,0.300636,0.126451,0.002524,0.123927,0.174185,0.298112,400.893189,0.7114636078674521,0.0926403565096413,393.0,0,0.9568979906272066,0.9059940490840903,0.9976764699143902,0.2675940523387483,0.2647990185239153
4001.964,-1.2415976666666666,-0.386762,21.596658,0.9219306666666668,0.3001516666666666,0.1260573333333333,0.0024673333333333,0.1235899999999999,0.1740943333333333,0.2976843333333333,400.742123,0.7098984081518555,0.0946365219357154,394.0,0,0.9555252402045749,0.9035303406546001,0.9971571599856424,0.2655439965121399,0.2646284025134877
4002.964,-1.2445853333333334,-0.387321,21.598824,0.9234803333333332,0.2996673333333333,0.1256636666666666,0.0024106666666666,0.123253,0.1740036666666666,0.2972566666666666,400.591057,0.7083315773140184,0.0966347676010009,395.0,0,0.9541524897819432,0.9010666322251115,0.9966378500568946,0.26299225550918437,0.26466410818237135
4003.964,-1.247573,-0.38788,21.60099,0.92503,0.299183,0.12527,0.002354,0.122916,0.1739129999999999,0.2968289999999999,400.439991,0.7067631128028796,0.0986350967589743,396.0,0,0.9527797393593114,0.898602923795622,0.9961185401281467,0.26401272942740794,0.26472172104119873
4004.964,-1.2368555,-0.388854,21.5969345,0.9226665,0.2994865,0.125653,0.0023815,0.1232715,0.1738334999999999,0.2971049999999999,400.3972085,0.7091313864624113,0.0956147371514868,397.0,0,0.953665660910316,0.9012018803139707,0.9956631893266529,0.2598359607806774,0.2647082905026198
4005.964,-1.226138,-0.389828,21.592879,0.920303,0.29979,0.126036,0.002409,0.123627,0.173754,0.297381,400.354426,0.7115018272855459,0.0925916136685564,398.0,0,0.9545515824613211,0.9038008368323194,0.9952078385251597,0.26215906050001847,0.2644766989751249
4006.964,-1.2388253333333332,-0.3836933333333333,21.593718,0.9217856666666666,0.299987,0.126059,0.0023753333333333,0.1236836666666666,0.173928,0.2976116666666666,400.6437746666667,0.711115838455155,0.0930838815564172,399.0,0,0.9552919903276195,0.9042151102576533,0.9962044553737122,0.26554973381540614,0.2641609243796653
4007.964,-1.2515126666666667,-0.3775586666666666,21.594557,0.9232683333333334,0.300184,0.126082,0.0023416666666666,0.1237403333333333,0.174102,0.2978423333333334,400.9331233333333,0.7107306211457202,0.0935751654909572,400.0,0,0.9560323981939184,0.9046293836829882,0.9972010722222646,0.2664122196078115,0.2642169794994583
4008.964,-1.2642,-0.371424,21.595396,0.924751,0.300381,0.126105,0.002308,0.123797,0.174276,0.298073,401.222472,0.7103461730463572,0.0940654684193447,401.0,0,0.9567728060602168,0.905043657108323,0.998197689070817,0.2662595048994647,0.26438650820918924
4009.964,-1.257303,-0.381285,21.596831333333338,0.924878,0.3004486666666667,0.1259963333333333,0.002294,0.1237023333333333,0.1744523333333333,0.2981546666666667,400.95763066666666,0.7090855243044938,0.0956732271020583,402.0,0,0.9570349446834007,0.9043515767977639,0.9992076705131238,0.2644074763603903,0.2645327389359816
4010.964,-1.250406,-0.391146,21.598266666666667,0.925005,0.3005163333333333,0.1258876666666666,0.00228,0.1236076666666666,0.1746286666666666,0.2982363333333334,400.69278933333334,0.7078274214575989,0.0972777388971936,403.0,0,0.9572970833065845,0.9036594964872048,1.0002176519554307,0.26443630638415233,0.2650140072869819
4011.964,-1.243509,-0.401007,21.599702,0.925132,0.300584,0.125779,0.002266,0.123513,0.174805,0.298318,400.427948,0.7065718568012539,0.0988790136305212,404.0,0,0.9575592219297682,0.9029674161766463,1.001227633397738,0.26610454771007036,0.26521840171166255
4012.964,-1.249454,-0.397411,21.598114,0.926683,0.3005695,0.1257309999999999,0.00225,0.123481,0.1748385,0.2983195,400.9678995,0.70625344959234,0.0992850918169105,405.0,0,0.9575640367208063,0.9027334735364574,1.0014195107794994,0.26468754260649335,0.2650003482686485
4013.964,-1.255399,-0.393815,21.596526,0.928234,0.300555,0.125683,0.002234,0.123449,0.174872,0.298321,401.507851,0.705935164376433,0.0996910144204564,406.0,0,0.9575688515118442,0.9024995308962686,1.001611388161261,0.26547503669533135,0.26473581520374323
4014.964,-1.2584856666666666,-0.3916986666666667,21.597112333333335,0.928862,0.3006493333333333,0.12577,0.002247,0.123523,0.1748793333333333,0.2984023333333333,401.477788,0.7063287085835838,0.0991891108409207,407.0,0,0.957829920181464,0.9030405232517054,1.0016533911702037,0.2646486442906802,0.26472031948480385
4015.964,-1.2615723333333333,-0.3895823333333333,21.597698666666663,0.92949,0.3007436666666667,0.125857,0.00226,0.123597,0.1748866666666666,0.2984836666666666,401.447725,0.7067222197867964,0.098687249352704,408.0,0,0.9580909888510835,0.9035815156071423,1.0016953941791462,0.26420300474682523,0.26478042512576117
4016.964,-1.264659,-0.387466,21.598285,0.930118,0.300838,0.125944,0.002273,0.123671,0.174894,0.2985649999999999,401.417662,0.7071156979902228,0.0981854299505108,409.0,0,0.9583520575207032,0.9041225079625791,1.0017373971880894,0.26336919938526593,0.2647411213024534
4017.964,-1.2613155,-0.3841799999999999,21.5944115,0.9292815,0.3007395,0.1259045,0.002306,0.1235985,0.174835,0.2984335,401.6165205,0.7069396462971013,0.0984099561240777,410.0,0,0.9579299608396995,0.9035924816684011,1.0013994638888677,0.26376688895875877,0.2644166265735162
4018.964,-1.257972,-0.380894,21.590538,0.928445,0.300641,0.125865,0.002339,0.123526,0.174776,0.298302,401.815379,0.706763475743376,0.0986346338856021,411.0,0,0.9575078641586954,0.9030624553742231,1.0010615305896458,0.26610454771007036,0.26456901821246537
4019.964,-1.257367,-0.3832946666666667,21.589516666666665,0.927918,0.3008003333333333,0.1260006666666666,0.0023763333333333,0.1236243333333333,0.1747996666666666,0.298424,401.69725933333336,0.7072303309293253,0.0980392337127749,412.0,0,0.957899467163125,0.9037813416123033,1.00119708575487,0.26500853276996367,0.26462474377312445
4020.964,-1.256762,-0.3856953333333333,21.588495333333334,0.927391,0.3009596666666667,0.1261363333333333,0.0024136666666666,0.1237226666666666,0.1748233333333333,0.298546,401.57913966666666,0.7076970597151806,0.0974439947433358,413.0,0,0.9582910701675545,0.9045002278503836,1.0013326409200949,0.26404326815107537,0.26474158333910963
4021.964,-1.256157,-0.388096,21.587474,0.926864,0.301119,0.126272,0.002451,0.123821,0.174847,0.298668,401.46102,0.7081636621522692,0.0968489169118252,414.0,0,0.9586826731719842,0.9052191140884647,1.0014681960853196,0.2628596004206978,0.2649147810666703
4022.964,-1.259218,-0.383602,21.5913435,0.926262,0.300673,0.1259839999999999,0.002395,0.123589,0.174689,0.298278,401.2363375,0.7074761005209226,0.097725793353287,415.0,0,0.9574308275020863,0.9035230299470951,1.0005632221653697,0.2662114589959851,0.265171359330387
4023.964,-1.262279,-0.379108,21.595213,0.92566,0.300227,0.125696,0.002339,0.123357,0.174531,0.297888,401.011655,0.7067872940205807,0.0986042574288529,416.0,0,0.9561789818321883,0.9018269458057254,0.9996582482454197,0.2660322923019221,0.2654427687646277
4024.964,-1.259267666666667,-0.382207,21.594582666666668,0.9266583333333334,0.300356,0.125777,0.002404,0.123373,0.174579,0.297952,401.0890086666667,0.7066846145033795,0.0987352089618494,417.0,0,0.9563844129164792,0.9019439171258199,0.9999331770312274,0.26581703995053196,0.26545348089211773
4025.964,-1.2562563333333332,-0.385306,21.593952333333338,0.9276566666666668,0.300485,0.125858,0.002469,0.123389,0.174627,0.298016,401.1663623333333,0.706581991433218,0.0988660885055476,418.0,0,0.9565898440007703,0.9020608884459144,1.000208105817035,0.26593498202243226,0.2656614179897849
4026.964,-1.253245,-0.388405,21.593322,0.928655,0.300614,0.125939,0.002534,0.123405,0.174675,0.29808,401.243716,0.7064794247635623,0.0989968961192944,419.0,0,0.9567952750850612,0.9021778597660088,1.0004830346028424,0.26593498202243226,0.2658129259987423
4027.964,-1.261156,-0.390009,21.592261,0.928993,0.3003325,0.125961,0.002482,0.123479,0.1743715,0.2978505,401.1091815,0.7081334499419345,0.0968874478220436,420.0,0,0.9560586120562367,0.9027188521214456,0.9987446828009134,0.26648098330116615,0.26611306285507647
4028.964,-1.269067,-0.391613,21.5912,0.929331,0.300051,0.1259829999999999,0.00243,0.123553,0.174068,0.297621,400.974647,0.7097932429094208,0.0947706436192814,421.0,0,0.9553219490274122,0.9032598444768825,0.9970063309989843,0.2662116689849706,0.2660879177001986
4029.964,-1.269850666666667,-0.389283,21.591032,0.9295256666666668,0.3002476666666667,0.126083,0.002457,0.123626,0.1741646666666667,0.2977906666666667,400.99327166666666,0.7098184295794999,0.0947385219931983,422.0,0,0.955866555391496,0.9037935261248135,0.9975600070259579,0.26708790374663566,0.26599365903306965
4030.964,-1.2706343333333332,-0.386953,21.590864,0.9297203333333334,0.3004443333333333,0.126183,0.002484,0.1236989999999999,0.1742613333333333,0.2979603333333333,401.01189633333337,0.7098435883065187,0.0947064360040823,423.0,0,0.9564111617555797,0.9043272077727437,0.9981136830529311,0.265558348240649,0.2658527026740555
4031.964,-1.271418,-0.384623,21.590696,0.929915,0.300641,0.126283,0.002511,0.123772,0.1743579999999999,0.29813,401.030521,0.7098687191369532,0.0946743855926607,424.0,0,0.9569557681196635,0.9048608894206753,0.9986673590799044,0.2658609689840397,0.2656769417279753
4032.964,-1.275202,-0.3904269999999999,21.591525500000003,0.930095,0.300541,0.1262005,0.002525,0.1236755,0.1743405,0.298016,401.549283,0.7093864627756443,0.0952894275360987,425.0,0,0.9565898440007703,0.9041554061463556,0.998567124626746,0.26596000744720594,0.2655056790348773
4033.964,-1.278986,-0.396231,21.592355,0.930275,0.300441,0.126118,0.002539,0.123579,0.174323,0.297902,402.068045,0.7089041095890412,0.0959045929649314,426.0,0,0.956223919881877,0.903449922872036,0.998466890173587,0.2650897056306327,0.2652996751172013
4034.964,-1.2820306666666663,-0.3952506666666666,21.59301,0.9294373333333332,0.3005736666666667,0.126109,0.002468,0.123641,0.1744646666666666,0.2981056666666666,401.73666833333334,0.708683848015942,0.0961855018691,427.0,0,0.9568776615094902,0.903903186737402,0.9992783119372547,0.2644074763603903,0.26510967197884894
4035.964,-1.2850753333333331,-0.3942703333333333,21.593665,0.9285996666666666,0.3007063333333333,0.1261,0.002397,0.123703,0.1746063333333333,0.2983093333333333,401.40529166666664,0.7084639438587919,0.0964659549455854,428.0,0,0.9575314031371037,0.9043564506027679,1.0000897337009231,0.26417737256163054,0.2650723608407088
4036.964,-1.28812,-0.39329,21.59432,0.927762,0.300839,0.126091,0.002326,0.123765,0.174748,0.298513,401.073915,0.7082443962483334,0.0967459533029881,429.0,0,0.9581851447647171,0.9048097144681341,1.0009011554645915,0.26422235509145225,0.2650765695823313
4037.964,-1.2859665,-0.393421,21.5939785,0.930362,0.300785,0.1259455,0.002366,0.1235795,0.1748395,0.298419,401.1135355,0.7068127807916356,0.098571753071297,430.0,0,0.9578834178596647,0.9034535782257889,1.001425238462537,0.2644209441244067,0.26499631364476994
4038.964,-1.283813,-0.393552,21.593637,0.932962,0.300731,0.1258,0.002406,0.123394,0.174931,0.298325,401.153156,0.705382662977614,0.1003956428325307,431.0,0,0.9575816909546124,0.9020974419834439,1.0019493214604829,0.2643116376014462,0.2651206416140188
4039.964,-1.2892363333333334,-0.3887593333333333,21.592614666666663,0.9332036666666668,0.3006483333333333,0.125865,0.0023873333333333,0.1234776666666666,0.1747833333333333,0.298261,401.326157,0.7064572911759825,0.0990251240200801,432.0,0,0.9573762598703215,0.9027091045114373,1.0011035335985885,0.26671479236523493,0.26514195992792466
4040.964,-1.2946596666666668,-0.3839666666666667,21.591592333333335,0.9334453333333332,0.3005656666666667,0.12593,0.0023686666666666,0.1235613333333333,0.1746356666666667,0.298197,401.499158,0.7075337367105035,0.0976522874819368,433.0,0,0.9571708287860305,0.9033207670394314,1.0002577457366948,0.2656004356568734,0.26537585806442576
4041.964,-1.300083,-0.379174,21.59057,0.933687,0.300483,0.125995,0.00235,0.123645,0.174488,0.298133,401.672159,0.7086120041951068,0.0962771273337607,434.0,0,0.9569653977017396,0.9039324295674257,0.9994119578748005,0.2650584096084262,0.26562294785254004
4042.964,-1.2924735,-0.3904865,21.590318,0.9321165,0.300566,0.126342,0.0023445,0.1239975,0.174224,0.2982215,401.5909485,0.7117089969866552,0.0923274013826968,435.0,0,0.9572494703729856,0.9065094539632566,0.9978998495528588,0.267203287139695,0.2657619538359641
4043.964,-1.284864,-0.401799,21.590066,0.930546,0.300649,0.126689,0.002339,0.12435,0.17396,0.29831,401.509738,0.7148153896563023,0.0883656873693539,436.0,0,0.9575335430442318,0.9090864783590875,0.9963877412309172,0.2653028887696915,0.26588619445608497
4044.964,-1.2850386666666669,-0.4018673333333333,21.590566333333335,0.9298783333333334,0.3003403333333333,0.1262773333333333,0.0023743333333333,0.123903,0.174063,0.297966,401.3414286666667,0.7118243864325765,0.0921802403398045,437.0,0,0.956429350966168,0.9058185921039487,0.996977692583796,0.26674645772540073,0.26588326827190484
4045.964,-1.285213333333333,-0.4019356666666666,21.591066666666663,0.9292106666666666,0.3000316666666667,0.1258656666666666,0.0024096666666666,0.123456,0.174166,0.297622,401.1731193333334,0.7088369208862756,0.0959902815605444,438.0,0,0.9553251588881041,0.9025507058488098,0.9975676439366746,0.26664827044277345,0.2656525366714204
4046.964,-1.285388,-0.402004,21.591567,0.928543,0.299723,0.1254539999999999,0.002445,0.123009,0.174269,0.297278,401.00481,0.7058529867447062,0.0997958190314048,439.0,0,0.9542209668100403,0.899282819593671,0.9981575952895535,0.26561241492569315,0.2655398261797707
4047.964,-1.2892225,-0.3998265,21.59037,0.932171,0.3000835,0.125736,0.0024205,0.1233155,0.1743475,0.297663,401.112943,0.7072931513606368,0.0979591161585832,440.0,0,0.9554567631764781,0.9015235514442305,0.9986072184080095,0.2656633503256147,0.2654813182929655
4048.964,-1.293057,-0.397649,21.589173,0.935799,0.300444,0.126018,0.002396,0.123622,0.174426,0.298048,401.221076,0.7087320196987852,0.096124066483667,441.0,0,0.9566925595429157,0.9037642832947899,0.9990568415264657,0.26428237575964547,0.2652003555746877
4049.964,-1.292076,-0.3977363333333333,21.588443333333338,0.9339503333333332,0.30051,0.1260876666666666,0.0024043333333333,0.1236833333333333,0.1744223333333333,0.2981056666666666,401.399698,0.7090985533281097,0.0956566106369399,442.0,0,0.9568776615094902,0.9042126733551517,0.9990358400219941,0.2644074763603903,0.2652145140751536
4050.964,-1.291095,-0.3978236666666667,21.587713666666662,0.9321016666666668,0.300576,0.1261573333333333,0.0024126666666666,0.1237446666666666,0.1744186666666666,0.2981633333333333,401.57832,0.7094651023680435,0.0951891351364109,443.0,0,0.9570627634760649,0.9046610634155136,0.9990148385175226,0.26447333074037566,0.2651906693986176
4051.964,-1.290114,-0.397911,21.586984,0.930253,0.300642,0.126227,0.002421,0.123806,0.174415,0.298221,401.756942,0.7098316668195578,0.0947216399808411,444.0,0,0.9572478654426397,0.905109453475876,0.9989938370130513,0.26447333074037566,0.26520784693490207
4052.964,-1.293868,-0.3926604999999999,21.588139,0.9327735,0.30039,0.125909,0.002421,0.123488,0.174481,0.297969,401.5796655,0.7077406265402733,0.0973884321278388,445.0,0,0.956438980548244,0.9027846484889988,0.9993718640935368,0.2643936599569159,0.2651984365588904
4053.964,-1.297622,-0.38741,21.589294,0.935294,0.300138,0.125591,0.002421,0.12317,0.174547,0.297717,401.402389,0.7056511675871393,0.1000532075426855,446.0,0,0.9556300956538485,0.9004598435021215,0.9997498911740224,0.26544447377435093,0.265269707108848
4054.964,-1.298742,-0.389598,21.589049,0.9340513333333332,0.300301,0.1257653333333333,0.0024323333333333,0.123333,0.1745356666666666,0.2978686666666666,401.4539373333334,0.706630889402418,0.0988037268563921,447.0,0,0.9561169245254753,0.9016514888255838,0.9996849774329284,0.2665080109600406,0.2654349677351267
4055.964,-1.299862,-0.3917859999999999,21.588804,0.9328086666666666,0.300464,0.1259396666666666,0.0024436666666666,0.123496,0.1745243333333333,0.2980203333333333,401.5054856666667,0.7076107384601281,0.0975540838924419,448.0,0,0.9566037533971022,0.9028431341490459,0.9996200636918352,0.26682004580561813,0.2654432804509931
4056.964,-1.300982,-0.393974,21.588559,0.931566,0.300627,0.126114,0.002455,0.123659,0.1745129999999999,0.298172,401.557034,0.7085907147850603,0.0963042786192183,449.0,0,0.9570905822687293,0.9040347794725083,0.9995551499507412,0.26551831116557684,0.2652164049901676
4057.964,-1.302373,-0.3952075,21.586564,0.931146,0.3005505,0.1259605,0.002434,0.1235265,0.17459,0.2981165,401.710737,0.7075192879358042,0.0976707146156862,450.0,0,0.9569124350003209,0.903066110727976,0.9999961815446415,0.26637605582519047,0.2646421286459531
4058.964,-1.303764,-0.396441,21.584569,0.930726,0.300474,0.125807,0.002413,0.123394,0.174667,0.298061,401.86444,0.7064488057343074,0.0990359458628955,451.0,0,0.9567342877319124,0.9020974419834439,1.000437213138541,0.26593498202243226,0.26478296418038594
4059.964,-1.3034316666666663,-0.4000463333333333,21.585006666666665,0.931741,0.300632,0.1257803333333333,0.002401,0.1233793333333333,0.1748516666666666,0.298231,401.836151,0.7056188257542539,0.1000944544506541,452.0,0,0.9572799640495602,0.901990218273357,1.0014949252728282,0.26449060351905423,0.2646583609138953
4060.964,-1.3030993333333334,-0.4036516666666666,21.585444333333335,0.932756,0.30079,0.1257536666666666,0.002389,0.1233646666666666,0.1750363333333333,0.2984009999999999,401.807862,0.704790597053581,0.1011507295577163,453.0,0,0.9578256403672076,0.9018829945632701,1.0025526374071159,0.262204576132121,0.2642811857613047
4061.964,-1.302767,-0.407257,21.585882,0.933771,0.300948,0.125727,0.002377,0.12335,0.175221,0.298571,401.779573,0.703964114095262,0.1022047782456864,454.0,0,0.9583713166848556,0.9017757708531842,1.0036103495414035,0.2587305672982305,0.2631460637286911
4062.964,-1.3047665,-0.407023,21.5863985,0.9348375,0.3004175,0.1256065,0.002376,0.1232304999999999,0.174811,0.2980414999999999,401.885207,0.7049315836441434,0.1009709233931634,455.0,0,0.9566716954484171,0.9009021413062279,1.0012619994959637,0.26580201530124414,0.26203849887232833
4063.964,-1.306766,-0.406789,21.586915,0.935904,0.299887,0.125486,0.002375,0.123111,0.174401,0.297512,401.990841,0.7059036020229124,0.0997312672254088,456.0,0,0.954972074211979,0.9000285117592732,0.9989136494505243,0.2641984411094447,0.2605198579148409
4064.964,-1.3052906666666668,-0.4051416666666667,21.586629,0.9359,0.2990066666666667,0.1249033333333333,0.002431,0.1224723333333333,0.1741033333333333,0.2965756666666667,401.2147503333333,0.7034421888790818,0.1028704115582622,457.0,0,0.95196657465066,0.8953594065655026,0.9972087091329813,0.26273625943413503,0.2593493047411294
4065.964,-1.303815333333333,-0.4034943333333333,21.586343,0.935896,0.2981263333333333,0.1243206666666666,0.002487,0.1218336666666666,0.1738056666666666,0.2956393333333333,400.4386596666667,0.7009723447508726,0.1060203082822366,458.0,0,0.9489610750893409,0.8906903013717321,0.9955037688154385,0.25546882547948147,0.25814989769780716
4066.964,-1.30234,-0.401847,21.586057,0.935892,0.297246,0.123738,0.002543,0.121195,0.173508,0.294703,399.662569,0.6984940262464772,0.10918101273674,459.0,0,0.9459555755280219,0.8860211961779623,0.993798828497896,0.2544426626019493,0.2573264059164996
4067.964,-1.306759,-0.400247,21.5855405,0.9380255,0.2974005,0.123957,0.0024565,0.1215005,0.1734435,0.294944,399.1419015,0.7005151503795161,0.1066033876094326,460.0,0,0.946729151954805,0.8882546173210157,0.9934293929419671,0.25118964625031626,0.2570173441364124
4068.964,-1.311178,-0.398647,21.585024,0.940159,0.297555,0.124176,0.00237,0.121806,0.173379,0.295185,398.621234,0.7025377782904603,0.1040238446505328,461.0,0,0.947502728381588,0.8904880384640692,0.9930599573860383,0.2542294502853171,0.25601005164123747
4069.964,-1.3113633333333332,-0.4000286666666666,21.586505333333335,0.939069,0.2973063333333333,0.1239223333333333,0.0023836666666666,0.1215386666666666,0.173384,0.2949226666666666,398.66671866666667,0.7009756707135372,0.106016066541318,462.0,0,0.9466606749267079,0.8885336426574906,0.9930885958012265,0.2524965330858322,0.25550976321732355
4070.964,-1.3115486666666667,-0.4014103333333333,21.587986666666666,0.937979,0.2970576666666666,0.1236686666666666,0.0023973333333333,0.1212713333333333,0.173389,0.2946603333333333,398.7122033333333,0.699413653228752,0.1080081735337875,463.0,0,0.9458186214718279,0.8865792468509127,0.9931172342164146,0.2539696583190452,0.25536764420582825
4071.964,-1.311734,-0.402792,21.589468,0.936889,0.296809,0.123415,0.002411,0.121004,0.173394,0.294398,398.757688,0.6978517258283111,0.110000165637881,464.0,0,0.944976568016948,0.8846248510443347,0.993145872631603,0.25563994949735913,0.2550458897422601
4072.964,-1.314787666666667,-0.4038653333333333,21.58818966666667,0.9372946666666666,0.2969713333333333,0.123413,0.0023883333333333,0.1210246666666666,0.1735583333333333,0.294583,398.6629513333333,0.6973100457480439,0.1106909931645205,465.0,0,0.9455703922449764,0.8847759389994563,0.9940871218774578,0.2557290903494936,0.25480680413509427
4073.964,-1.3178413333333332,-0.4049386666666666,21.586911333333333,0.9377003333333334,0.2971336666666667,0.1234109999999999,0.0023656666666666,0.1210453333333333,0.1737226666666666,0.294768,398.5682146666667,0.6967693904687712,0.111380513719089,466.0,0,0.9461642164730049,0.8849270269545785,0.9950283711233129,0.2591955568703064,0.25493151911226797
4074.964,-1.320895,-0.406012,21.585633,0.938106,0.297296,0.1234089999999999,0.002343,0.121066,0.173887,0.294953,398.473478,0.6962297570850201,0.112068731007059,467.0,0,0.9467580407010335,0.8850781149097007,0.9959696203691684,0.26131506931918186,0.2549032116329176
4075.964,-1.319227,-0.4051105,21.585845,0.938101,0.2972365,0.1237144999999999,0.002336,0.1213785,0.173522,0.2949005,398.6504585,0.6994951677875554,0.1079042145677952,468.0,0,0.9465895230147011,0.8873627110052956,0.9938790160604233,0.25225128084380016,0.25520044087228255
4076.964,-1.317559,-0.404209,21.586057,0.938096,0.297177,0.1240199999999999,0.002329,0.121691,0.173157,0.294848,398.827439,0.7027743448180273,0.1037221413480149,469.0,0,0.9464210053283686,0.8896473071008903,0.9917884117516782,0.2520518065302913,0.25528741051760456
4077.964,-1.314364,-0.4051039999999999,21.586343,0.9384333333333332,0.297377,0.1240336666666666,0.002345,0.1216886666666666,0.1733433333333333,0.295032,398.8247376666667,0.7020054496541565,0.1047027458849952,470.0,0,0.9470116196957051,0.8896302487833762,0.9928556700243615,0.2524367960220528,0.2552661409540525
4078.964,-1.311169,-0.405999,21.586629,0.9387706666666668,0.297577,0.1240473333333333,0.002361,0.1216863333333333,0.1735296666666667,0.295216,398.82203633333336,0.7012382057350093,0.10568124451971,471.0,0,0.9476022340630414,0.8896131904658626,0.9939229282970454,0.2539463754918137,0.25507748879224545
4079.964,-1.307974,-0.406894,21.586915,0.939108,0.297777,0.124061,0.002377,0.121684,0.173716,0.2954,398.819335,0.7004726077470829,0.1066576440286941,472.0,0,0.948192848430378,0.8895961321483491,0.9949901865697288,0.25546882547948147,0.2544422124206511
4080.964,-1.3164565,-0.4054235,21.585995500000003,0.940658,0.2976459999999999,0.123918,0.0024285,0.1214895,0.173728,0.2952175,398.8212215,0.6993046641608484,0.1081471719037727,473.0,0,0.9476070488540796,0.8881741995384509,0.9950589187661807,0.254839354772265,0.253837676538089
4081.964,-1.324939,-0.403953,21.585076,0.942208,0.297515,0.123775,0.00248,0.121295,0.1737399999999999,0.295035,398.823108,0.69813688191043,0.1096364940204585,474.0,0,0.9470212492777812,0.8867522669285527,0.995127650962632,0.25542725386183845,0.2540860238325834
4082.964,-1.3206246666666668,-0.4052453333333333,21.584755666666663,0.9411523333333334,0.2976143333333333,0.123972,0.0025206666666666,0.1214513333333333,0.1736423333333333,0.2950936666666666,398.9049856666667,0.6994298658169045,0.1079874969341085,475.0,0,0.9472095611050476,0.8878951742019753,0.994568247252621,0.25384256873142336,0.2543779503207254
4083.964,-1.3163103333333332,-0.4065376666666667,21.584435333333335,0.9400966666666668,0.2977136666666666,0.124169,0.0025613333333333,0.1216076666666666,0.1735446666666666,0.2951523333333333,398.9868633333333,0.7007243050340257,0.1063366438285117,476.0,0,0.9473978729323145,0.889038081475398,0.9940088435426098,0.2528427931543635,0.25471043505190866
4084.964,-1.311996,-0.40783,21.584115,0.939041,0.297813,0.124366,0.002602,0.121764,0.173447,0.295211,399.068741,0.7020202020202021,0.1046839315683559,477.0,0,0.9475861847595813,0.8901809887488213,0.9934494398325988,0.25526971049356,0.25508342991004895
4085.964,-1.3095035,-0.403054,21.5833805,0.9385685,0.2979765,0.124457,0.0025935,0.1218635,0.1735195,0.295383,398.7265825,0.702300304574964,0.1043267049282031,478.0,0,0.9481382807986133,0.8909084041456587,0.9938646968528291,0.2547347537887444,0.25553442750550603
4086.964,-1.307011,-0.398278,21.582646,0.938096,0.29814,0.124548,0.002585,0.121963,0.173592,0.295555,398.384424,0.7025801731636644,0.1039697766748684,479.0,0,0.9486903768376451,0.8916358195424962,0.9942799538730592,0.2549710714117109,0.255523967407154
4087.964,-1.3079273333333332,-0.39588,21.581407666666667,0.9381006666666668,0.2983033333333333,0.124597,0.0025346666666666,0.1220623333333333,0.1737063333333333,0.2957686666666667,398.9318856666667,0.7026895813264455,0.1038302438154525,480.0,0,0.949376217072179,0.8923620164880822,0.9949348189670312,0.25576164333388623,0.2552414525788789
4088.964,-1.3088436666666667,-0.393482,21.580169333333338,0.9381053333333332,0.2984666666666666,0.124646,0.0024843333333333,0.1221616666666666,0.1738206666666666,0.2959823333333333,399.47934733333335,0.7027988455601047,0.103690894514936,481.0,0,0.9500620573067127,0.8930882134336684,0.9955896840610032,0.25767632407321617,0.25519902290689933
4089.964,-1.30976,-0.391084,21.578931,0.93811,0.29863,0.124695,0.002434,0.122261,0.173935,0.296196,400.026809,0.7029079661484683,0.1035517284113433,482.0,0,0.9507478975412467,0.8938144103792552,0.9962445491549758,0.25997880143405266,0.25539867906868946
4090.964,-1.3137515,-0.3961,21.5827915,0.937401,0.2977005,0.1241905,0.002418,0.1217725,0.17351,0.2952825,399.4381655,0.7018142941946043,0.1049465345309815,483.0,0,0.9478156897990626,0.8902431297626215,0.9938102838639713,0.2547347537887444,0.25562971866677675
4091.964,-1.317743,-0.401116,21.586652,0.936692,0.296771,0.123686,0.002402,0.121284,0.173085,0.294369,398.849522,0.7007152513779278,0.1063481903392236,484.0,0,0.9448834820568786,0.8866718491459877,0.9913760185729668,0.2526021055790878,0.2557869000311479
4092.964,-1.320655666666667,-0.4036513333333333,21.585876333333335,0.9380873333333332,0.2971673333333333,0.1237846666666666,0.0023883333333333,0.1213963333333333,0.1733826666666666,0.294779,398.7667543333333,0.7001601458038146,0.1070561399662418,485.0,0,0.9461995249406175,0.8874930852891506,0.9930809588905092,0.25341827201162714,0.25572210092736747
4093.964,-1.3235683333333337,-0.4061866666666666,21.585100666666666,0.9394826666666668,0.2975636666666666,0.1238833333333333,0.0023746666666666,0.1215086666666666,0.1736803333333333,0.295189,398.6839866666666,0.6996069429837021,0.1077616629305713,486.0,0,0.9475155678243562,0.8883143214323135,0.9947858992080522,0.254839354772265,0.2554117026452609
4094.964,-1.326481,-0.408722,21.584325,0.940878,0.29796,0.123982,0.002361,0.121621,0.173978,0.295599,398.601219,0.6990556331511275,0.108464771687795,487.0,0,0.9488316107080952,0.8891355575754772,0.996490839525595,0.25758010647443313,0.2548993406261544
4095.964,-1.3310935000000002,-0.405733,21.582311,0.940781,0.2976965,0.1240865,0.0023014999999999,0.121785,0.17361,0.2953949999999999,399.097046,0.7014820489485112,0.1053702609517186,488.0,0,0.9481767991269174,0.8903345136064453,0.994383052167737,0.25630656743245556,0.25415673087096413
4096.964,-1.335706,-0.402744,21.580297,0.940684,0.297433,0.124191,0.002242,0.121949,0.173242,0.295191,399.592873,0.7039187730528794,0.1022626035955663,489.0,0,0.9475219875457404,0.8915334696374134,0.9922752648098792,0.25432308037390644,0.25388843614511886
4097.964,-1.3287553333333333,-0.407559,21.581032333333333,0.9419446666666668,0.2973636666666667,0.1242176666666666,0.002282,0.1219356666666666,0.173146,0.2950816666666667,399.2595596666667,0.7042320494531621,0.1018630689465258,490.0,0,0.9471710427767435,0.8914359935373343,0.991725407238264,0.2526576605128211,0.253739911898592
4098.964,-1.3218046666666667,-0.4123739999999999,21.581767666666668,0.9432053333333332,0.2972943333333333,0.1242443333333333,0.002322,0.1219223333333333,0.17305,0.2949723333333333,398.9262463333333,0.704545673433458,0.1014630910139872,491.0,0,0.9468200980077461,0.8913385174372558,0.9911755496666489,0.25255270388215045,0.25351524367651207
4099.964,-1.314854,-0.417189,21.582503,0.944466,0.297225,0.124271,0.002362,0.121909,0.172954,0.294863,398.592933,0.7048596455725478,0.1010626690598069,492.0,0,0.9464691532387493,0.8912410413371773,0.9906256920950337,0.25255270388215045,0.25330632877642895
4100.964,-1.3159965,-0.408888,21.5822595,0.944273,0.2972955,0.1241464999999999,0.00242,0.1217265,0.173149,0.2948755,398.6319515,0.7030118394455671,0.1034192544003306,493.0,0,0.9465092764973999,0.88990683721735,0.9917425902873769,0.2520518065302913,0.2527734462133656
4101.964,-1.317139,-0.400587,21.582016,0.94408,0.297366,0.124022,0.002478,0.121544,0.173344,0.294888,398.67097,0.7011681906025555,0.1057705377807,494.0,0,0.9465493997560505,0.8885726330975225,0.9928594884797202,0.25111686311381975,0.2526267249473466
4102.964,-1.3171653333333333,-0.403845,21.57992,0.9427203333333334,0.297331,0.1239173333333333,0.0024393333333333,0.121478,0.1734136666666667,0.2948916666666667,398.971353,0.7005059164545865,0.1066151640246132,495.0,0,0.9465611692452548,0.888090126402133,0.993258517064677,0.25117158979082727,0.2529415882784113
4103.964,-1.3171916666666668,-0.407103,21.577824,0.9413606666666666,0.297296,0.1238126666666666,0.0024006666666666,0.1214119999999999,0.1734833333333333,0.2948953333333333,399.271736,0.6998441742097751,0.107459111909923,496.0,0,0.9465729387344587,0.8876076197067425,0.9936575456496336,0.2527502057714341,0.25315975770435567
4104.964,-1.317218,-0.410361,21.575728,0.940001,0.297261,0.123708,0.002362,0.121346,0.173553,0.294899,399.572119,0.6991829632275832,0.1083023822535346,497.0,0,0.946584708223663,0.8871251130113537,0.9940565742345907,0.25225128084380016,0.25312278668388394
4105.964,-1.311773,-0.413898,21.5795805,0.941673,0.2975455,0.1238269999999999,0.0023415,0.1214855,0.1737185,0.295204,399.2318269999999,0.6993198806121361,0.1081277657195871,498.0,0,0.9475637157347371,0.8881449567084272,0.9950045057773229,0.254839354772265,0.2531054076568807
4106.964,-1.306328,-0.417435,21.583433,0.943345,0.29783,0.123946,0.002321,0.121625,0.1738839999999999,0.2955089999999999,398.891535,0.6994565373666504,0.1079534815781562,499.0,0,0.9485427232458107,0.8891648004055007,0.9959524373200547,0.2574717136845533,0.25321818614389036
4107.964,-1.3126016666666669,-0.4086863333333333,21.58202,0.9429133333333334,0.2975546666666666,0.1238756666666666,0.0023766666666666,0.121499,0.173679,0.295178,398.8662103333333,0.6995566559189315,0.1078257961520852,500.0,0,0.9474802593567437,0.8882436512597569,0.9947782622973355,0.254839354772265,0.25410000192581306
4108.964,-1.3188753333333332,-0.3999376666666667,21.580607,0.9424816666666668,0.2972793333333333,0.1238053333333333,0.0024323333333333,0.121373,0.173474,0.2948469999999999,398.8408856666667,0.6996570110966998,0.107697808947518,501.0,0,0.9464177954676763,0.8873225021140131,0.9936040872746156,0.25218299367743297,0.2544667784239568
4109.964,-1.325149,-0.391189,21.579194,0.94205,0.297004,0.123735,0.002488,0.121247,0.173269,0.294516,398.815561,0.699757603739828,0.1075695188933293,502.0,0,0.9453553315786094,0.8864013529682693,0.9924299122518959,0.25237891361211884,0.25425668906982946
4110.964,-1.318893,-0.400142,21.5783905,0.9416385,0.29742,0.1238305,0.0024745,0.1213559999999999,0.1735895,0.2949454999999999,398.7690265,0.6990935563870143,0.108416406580411,503.0,0,0.9467339667458429,0.887198220086412,0.9942656346654651,0.25317959140038754,0.2541139116466395
4111.964,-1.312637,-0.409095,21.577587,0.941227,0.297836,0.123926,0.002461,0.121465,0.1739099999999999,0.295375,398.722492,0.6984319565754898,0.1092601728145231,504.0,0,0.9481126019130769,0.8879950872045562,0.9961013570790338,0.2599350209330464,0.2540853185560662
4112.964,-1.3207923333333331,-0.405367,21.578147,0.94303,0.2976393333333333,0.123912,0.002436,0.121476,0.1737273333333333,0.2952033333333333,398.7796983333334,0.699229640146973,0.1082428532031821,505.0,0,0.9475615758276089,0.8880755049871212,0.995055100310822,0.254839354772265,0.2537919560654308
4113.964,-1.3289476666666666,-0.401639,21.578707,0.944833,0.2974426666666667,0.123898,0.002411,0.121487,0.1735446666666666,0.2950316666666667,398.8369046666666,0.7000290029329456,0.1072233920185494,506.0,0,0.9470105497421412,0.888155922769686,0.9940088435426098,0.2506493122301604,0.2539386773314499
4114.964,-1.337103,-0.397911,21.579267,0.946636,0.297246,0.123884,0.002386,0.121498,0.173362,0.29486,398.894111,0.7008300502414009,0.1062017824911168,507.0,0,0.9464595236566732,0.888236340552251,0.992962586774398,0.25082350661190017,0.2541046348368489
4115.964,-1.327705,-0.3982,21.5787945,0.944877,0.2976995,0.1242305,0.002389,0.1218414999999999,0.173469,0.2953105,398.8752515,0.7023779327837666,0.104227702388811,508.0,0,0.9479055658984398,0.8907475685805281,0.9935754488594274,0.2545534238665324,0.2546929355443631
4116.964,-1.318307,-0.398489,21.578322,0.943118,0.298153,0.124577,0.002392,0.122185,0.173576,0.295761,398.856392,0.7039239069692413,0.102256056094797,509.0,0,0.9493516081402066,0.8932587966088067,0.9941883109444568,0.25453808877819945,0.25461286776553627
4117.964,-1.318622,-0.3999416666666666,21.579092,0.9433453333333334,0.297801,0.1241906666666666,0.002373,0.1218176666666666,0.1736103333333333,0.295428,398.9865206666667,0.7016688618638569,0.1051320105361063,510.0,0,0.9482827245297554,0.8905733300516376,0.9943849613954162,0.25630656743245556,0.25364333610781165
4118.964,-1.318937,-0.4013943333333333,21.579862,0.9435726666666666,0.297449,0.1238043333333333,0.0023539999999999,0.1214503333333333,0.1736446666666666,0.295095,399.1166493333333,0.6994147084964208,0.1080068277062776,511.0,0,0.9472138409193039,0.8878878634944694,0.9945816118463756,0.25384256873142336,0.25330776308092356
4119.964,-1.319252,-0.402847,21.580632,0.9438,0.297097,0.123418,0.002335,0.121083,0.173679,0.294762,399.246778,0.6971614463380931,0.1108805082797631,512.0,0,0.9461449573088527,0.8852023969373011,0.9947782622973355,0.25826192068726084,0.25370208694886626
4120.964,-1.3267335,-0.400038,21.578847000000003,0.944903,0.2969175,0.1236285,0.0023655,0.121263,0.173289,0.294552,398.8413045,0.6997691730624964,0.107554764046594,513.0,0,0.945470886563523,0.8865183242883637,0.992544465912649,0.25237891361211884,0.25429850062536236
4121.964,-1.334215,-0.397229,21.577062,0.946006,0.296738,0.1238389999999999,0.002396,0.121443,0.172899,0.294342,398.435831,0.7023886639676112,0.1042140164559821,514.0,0,0.9447968158181933,0.8878342516394263,0.9903106695279625,0.2502397043558004,0.254486843817104
4122.964,-1.3300023333333333,-0.398945,21.577632666666663,0.9461056666666666,0.2971846666666666,0.1240133333333333,0.0023503333333333,0.121663,0.1731713333333333,0.2948343333333333,398.59448133333336,0.7025544881110724,0.1040025339092585,515.0,0,0.9463771372322439,0.889442607290725,0.9918705085418843,0.25148362450338385,0.2545799174872322
4123.964,-1.3257896666666666,-0.400661,21.578203333333335,0.9462053333333332,0.2976313333333333,0.1241876666666666,0.0023046666666666,0.121883,0.1734436666666667,0.2953266666666667,398.75313166666666,0.7027197915185246,0.103791715479201,516.0,0,0.9479574586462947,0.8910509629420239,0.9934303475558068,0.2545925509095873,0.2547072713914299
4124.964,-1.321577,-0.402377,21.578774,0.946305,0.298078,0.124362,0.002259,0.122103,0.173716,0.295819,398.911782,0.7028845766390163,0.1035815580424348,517.0,0,0.9495377800603453,0.8926593185933226,0.9949901865697288,0.25678764337686205,0.25531205814953406
4125.964,-1.3224285,-0.407675,21.5808675,0.9484205,0.2979875,0.1242455,0.0023065,0.1219389999999999,0.173742,0.2956809999999999,398.825309,0.7018354696304311,0.1049195286016689,518.0,0,0.9490948192848426,0.8914603625623536,0.995139106328708,0.2564368557839482,0.2557501567246625
4126.964,-1.32328,-0.412973,21.582961,0.950536,0.297897,0.1241289999999999,0.002354,0.121775,0.173768,0.295543,398.738836,0.7007866765648647,0.1062570987760871,519.0,0,0.9486518585093405,0.8902614065313862,0.995288026087687,0.25546882547948147,0.25653086593820473
4127.964,-1.324113,-0.4091433333333333,21.5809,0.9506313333333334,0.2979426666666667,0.1240276666666666,0.002354,0.1216736666666666,0.173915,0.2955886666666666,398.95622333333336,0.6996116899346043,0.1077556089432264,520.0,0,0.9487984421476104,0.8895205881707875,0.9961299954942225,0.25758010647443313,0.2570744046032466
4128.964,-1.324946,-0.4053136666666667,21.578839,0.9507266666666666,0.2979883333333333,0.1239263333333333,0.002354,0.1215723333333333,0.174062,0.2956343333333333,399.17361066666666,0.6984386879080178,0.1092515880613254,521.0,0,0.9489450257858806,0.8887797698101896,0.9969719649007582,0.25989043631246456,0.25778561515928744
4129.964,-1.325779,-0.401484,21.576778,0.950822,0.298034,0.1238249999999999,0.002354,0.121471,0.174209,0.29568,399.390998,0.6972676654612248,0.1107450425375511,522.0,0,0.9490916094241508,0.8880389514495916,0.997813934307294,0.26264290643854554,0.25846860308551045
4130.964,-1.3216955,-0.4072285,21.5780065,0.9518075,0.297723,0.1237695,0.0023375,0.121432,0.1739535,0.2953854999999999,399.1271275,0.6980675981362942,0.1097248545492394,523.0,0,0.9481463054503431,0.8877538338568614,0.9963505112911726,0.2601860057475411,0.2588442902634562
4131.964,-1.317612,-0.412973,21.579235,0.952793,0.297412,0.123714,0.002321,0.121393,0.173698,0.295091,398.863257,0.6988698841098682,0.1087016652997689,524.0,0,0.9472010014765357,0.8874687162641312,0.9948870882750509,0.25567509100621905,0.2594134848581583
4132.964,-1.320317,-0.4082503333333333,21.578503666666663,0.9521886666666668,0.2974043333333333,0.123599,0.0023613333333333,0.1212376666666666,0.1738053333333333,0.295043,398.81780066666664,0.6975445850649862,0.1103918752494903,525.0,0,0.9470469281633176,0.8863331196982137,0.9955018595877594,0.25859573006379194,0.2594093276963941
4133.964,-1.323022,-0.4035276666666667,21.577772333333336,0.9515843333333334,0.2973966666666667,0.123484,0.0024016666666666,0.1210823333333333,0.1739126666666667,0.294995,398.7723443333333,0.6962209218750299,0.1120799989242065,526.0,0,0.9468928548500994,0.8851975231322969,0.9961166309004682,0.2614224301718173,0.25913525252617725
4134.964,-1.325727,-0.398805,21.577041,0.95098,0.297389,0.123369,0.002442,0.120927,0.17402,0.294947,398.726888,0.6948988915130933,0.1137660401842589,527.0,0,0.9467387815368812,0.8840619265663803,0.9967314022131767,0.2605445151563194,0.2586930914428789
4135.964,-1.3225090000000002,-0.406283,21.5776655,0.951414,0.297414,0.123557,0.0024685,0.1210885,0.173857,0.2949454999999999,398.7931875,0.6964793107018371,0.1117504647200939,528.0,0,0.9467339667458429,0.8852426058285836,0.9957977898780386,0.2621288017309699,0.2580724863774192
4136.964,-1.319291,-0.413761,21.57829,0.951848,0.297439,0.123745,0.002495,0.12125,0.173694,0.294944,398.859487,0.6980626961052419,0.1097311063168615,529.0,0,0.946729151954805,0.8864232850907869,0.9948641775429002,0.25542725386183845,0.2577377407026405
4137.964,-1.319878,-0.4107016666666667,21.578066,0.9516286666666668,0.2976036666666666,0.1238906666666666,0.002415,0.1214756666666666,0.173713,0.2951886666666666,399.09325766666666,0.6992854154913631,0.1081717205464422,530.0,0,0.9475144978707921,0.8880730680846187,0.9949730035206158,0.254839354772265,0.2584101454605346
4138.964,-1.320465,-0.4076423333333333,21.577842,0.9514093333333332,0.2977683333333333,0.1240363333333333,0.002335,0.1217013333333333,0.173732,0.2954333333333333,399.3270283333333,0.7005078674364299,0.1066126758549158,531.0,0,0.9482998437867796,0.8897228510784512,0.9950818294983312,0.25546882547948147,0.25855840373685457
4139.964,-1.321052,-0.404583,21.577618,0.95119,0.297933,0.1241819999999999,0.002255,0.121927,0.173751,0.295678,399.560799,0.701730052028178,0.1050539721303895,532.0,0,0.9490851897027668,0.8913726340722835,0.9951906554760467,0.2564368557839482,0.25804391407970806
4140.964,-1.3216945,-0.4052835,21.578042,0.952956,0.2976625,0.1238119999999999,0.0022849999999999,0.121527,0.1738505,0.2953774999999999,399.1616835,0.6990276183984606,0.1085005000872678,533.0,0,0.9481206265648067,0.8884483510699221,0.9957605599382937,0.2568385489997537,0.25755697166469804
4141.964,-1.322337,-0.405984,21.578466,0.954722,0.297392,0.123442,0.002315,0.121127,0.17395,0.295077,398.762568,0.6963282763536858,0.1119430852150538,534.0,0,0.9471560634268471,0.8855240680675609,0.9963304644005406,0.2623991385851602,0.25684400461730383
4142.964,-1.31101,-0.39415,21.578916,0.954481,0.297911,0.124028,0.002635,0.121393,0.1738829999999999,0.295276,399.428205,0.6981263370982955,0.1096499422655594,535.0,0,0.9477948257045643,0.8874687162641312,0.995946709637017,0.26007831282699206,0.25693193597436553
4143.964,-1.3140375,-0.404869,21.578024,0.953464,0.297605,0.1238265,0.0024685,0.121358,0.1737785,0.2951364999999999,399.68513,0.698344741468355,0.1093714019310116,536.0,0,0.9473470501380236,0.8872128415014245,0.9953481667595824,0.2562775336003522,0.2569948830450872
4144.964,-1.317065,-0.415588,21.577132,0.952447,0.297299,0.123625,0.002302,0.121323,0.173674,0.2949969999999999,399.942055,0.6985634086656111,0.1090925264018192,537.0,0,0.9468992745714832,0.8869569667387179,0.9947496238821472,0.25567509100621905,0.25740833614812086
4145.964,-1.3125205,-0.4041565,21.576276,0.9508185,0.297608,0.123954,0.002392,0.121562,0.1736539999999999,0.295216,399.2394985,0.7000201549048402,0.1072346762831816,538.0,0,0.9476022340630414,0.8887042258326289,0.9946350702213934,0.2549991312570283,0.25753811822752715
4146.964,-1.307976,-0.392725,21.57542,0.94919,0.297917,0.124283,0.002482,0.121801,0.1736339999999999,0.295435,398.536942,0.7014772367322257,0.1053763981747683,539.0,0,0.9483051935545996,0.8904514849265398,0.9945205165606403,0.25630656743245556,0.25740114587549995
4147.964,-1.312124,-0.3986015,21.5757315,0.9517135,0.297923,0.124111,0.0024565,0.1216545,0.1738119999999999,0.2954664999999999,399.0064205,0.6999160016799664,0.1073675072979304,540.0,0,0.9484063041663988,0.8893804662769249,0.9955400441413434,0.25546882547948147,0.25670811456493203
4148.964,-1.316272,-0.404478,21.576043,0.954237,0.297929,0.123939,0.002431,0.121508,0.1739899999999999,0.295498,399.475899,0.6983579610439622,0.1093545424468759,541.0,0,0.9485074147781984,0.8883094476273101,0.9965595717220463,0.2596033565098176,0.25627359258437066
4149.964,-1.309109,-0.4060326666666666,21.57747433333333,0.954333,0.2979083333333333,0.1240096666666666,0.0024433333333333,0.1215663333333333,0.1738986666666666,0.295465,399.5041893333334,0.6990601860459768,0.1084589651883457,542.0,0,0.948401489375361,0.8887359055651542,0.9960364433379405,0.25773467657801136,0.25644027462772045
4150.964,-1.301946,-0.4075873333333333,21.578905666666667,0.954429,0.2978876666666666,0.1240803333333333,0.0024556666666666,0.1216246666666666,0.1738073333333333,0.295432,399.5324796666667,0.6997631490626649,0.1075624467084744,543.0,0,0.9482955639725233,0.8891623635029984,0.9955133149538348,0.25546882547948147,0.25682024234698897
4151.964,-1.294783,-0.409142,21.580337,0.954525,0.297867,0.124151,0.002468,0.121683,0.1737159999999999,0.2953989999999999,399.56077,0.7004668512580807,0.1066649855226946,544.0,0,0.9481896385696856,0.8895888214408432,0.9949901865697282,0.25546882547948147,0.2572082598952497
4152.964,-1.3073543333333333,-0.405472,21.579592333333338,0.9549923333333332,0.2977753333333333,0.1240143333333333,0.002442,0.1215723333333333,0.173761,0.2953333333333333,399.5437983333333,0.6996485614422793,0.1077085851493332,545.0,0,0.9479788577175747,0.8887797698101896,0.9952479323064234,0.2557330930213779,0.2571296985192968
4153.964,-1.3199256666666668,-0.401802,21.578847666666665,0.9554596666666666,0.2976836666666667,0.1238776666666666,0.002416,0.1214616666666666,0.173806,0.2952676666666666,399.5268266666667,0.6988306953498228,0.1087516443836608,546.0,0,0.9477680768654637,0.8879707181795361,0.9955056780431178,0.25794435403385063,0.2568065267892953
4154.964,-1.332497,-0.398132,21.578103,0.955927,0.297592,0.123741,0.00239,0.121351,0.173851,0.295202,399.509855,0.6980132526516806,0.1097941636453042,547.0,0,0.9475572960133529,0.8871616665488832,0.9957634237798126,0.2594747681989041,0.25625489294659837
4155.964,-1.315293,-0.3983885,21.575494,0.9543335,0.2976585,0.123872,0.002476,0.121396,0.1737865,0.2951825,399.624858,0.698531252247716,0.1091335368422051,548.0,0,0.947494703729858,0.8874906483866489,0.9953939882238837,0.2588793067396353,0.25572765081217236
4156.964,-1.298089,-0.398645,21.572885,0.95274,0.297725,0.1240029999999999,0.002562,0.121441,0.173722,0.295163,399.739861,0.6990496364902745,0.1084724194831193,549.0,0,0.9474321114463632,0.8878196302244145,0.9950245526679546,0.2555209536729264,0.2553041187910034
4157.964,-1.301926666666667,-0.4006243333333333,21.573937666666662,0.953064,0.2973593333333333,0.1238393333333333,0.0025646666666666,0.1212746666666666,0.17352,0.2947946666666666,399.590242,0.6989048395679293,0.1086570851250227,550.0,0,0.9462498127581259,0.8866036158759321,0.9938675606943479,0.2522371081794669,0.25494804411132865
4158.964,-1.3057643333333333,-0.4026036666666667,21.574990333333332,0.953388,0.2969936666666666,0.1236756666666666,0.0025673333333333,0.1211083333333333,0.173318,0.2944263333333333,399.440623,0.6987597051294625,0.1088421812155171,551.0,0,0.9450675140698891,0.8853876015274504,0.992710568720741,0.25408701808284845,0.254509175390377
4159.964,-1.309602,-0.404583,21.576043,0.953712,0.296628,0.123512,0.00257,0.120942,0.173116,0.294058,399.291004,0.6986142319933918,0.1090277092613973,552.0,0,0.9438852153816523,0.8841715871789687,0.9915535767471342,0.2524622552337512,0.2539189113668387
4160.964,-1.3144605,-0.4081545,21.578275,0.956417,0.2967785,0.1236585,0.0025164999999999,0.121142,0.17312,0.294262,399.026869,0.6997533517019888,0.1075749416971033,553.0,0,0.9445400269628298,0.8856337286801494,0.9915764874792848,0.2512335052677917,0.2530864537198273
4161.964,-1.319319,-0.411726,21.580507,0.959122,0.296929,0.123805,0.002463,0.121342,0.173124,0.294466,398.762734,0.7008924187725633,0.1061222412643068,554.0,0,0.9451948385440071,0.8870958701813302,0.9915993982114355,0.25190807868273446,0.2524189394071816
4162.964,-1.323648,-0.4063509999999999,21.57857866666667,0.957887,0.2970856666666667,0.1238403333333333,0.0024506666666666,0.1213896666666666,0.1732453333333333,0.294635,398.7717346666667,0.7006766857980639,0.1063973746550611,555.0,0,0.9457373050009628,0.887444347239111,0.9922943570866711,0.2513444058118609,0.25187047731104595
4163.964,-1.327977,-0.400976,21.576650333333333,0.956652,0.2972423333333333,0.1238756666666666,0.0024383333333333,0.1214373333333333,0.1733666666666667,0.294804,398.7807353333333,0.7004612547899166,0.1066721229353494,556.0,0,0.9462797714579186,0.8877928242968927,0.9929893159619072,0.2520417137984676,0.25193104580853565
4164.964,-1.332306,-0.395601,21.574722,0.955417,0.297399,0.123911,0.002426,0.121485,0.173488,0.294973,398.789736,0.7002461251145604,0.1069464869131788,557.0,0,0.9468222379148743,0.8881413013546743,0.9936842748371428,0.25115019172879005,0.2520692265481989
4165.964,-1.3290785,-0.3964145,21.5755615,0.9557585,0.2972765,0.123886,0.002381,0.121505,0.1733905,0.2948955,399.097961,0.7007552273323664,0.1062972073130132,558.0,0,0.9465734737112408,0.8882875155047923,0.9931258257409713,0.2522041636131781,0.25274691200304367
4166.964,-1.325851,-0.397228,21.576401,0.9561,0.297154,0.123861,0.002336,0.121525,0.1732929999999999,0.2948179999999999,399.406186,0.7012649024201646,0.1056471971075064,559.0,0,0.9463247095076069,0.8884337296549104,0.992567376644799,0.25003633271157016,0.25333632201210793
4167.964,-1.324339,-0.3971933333333333,21.575143666666666,0.956197,0.2975009999999999,0.1239776666666666,0.0023396666666666,0.121638,0.1735233333333333,0.2951613333333333,399.39672133333335,0.7009852604725947,0.1060038363158175,560.0,0,0.9474267616785429,0.8892598396030775,0.99388665297114,0.2528427931543635,0.25386206960983787
4168.964,-1.322827,-0.3971586666666666,21.573886333333338,0.956294,0.297848,0.1240943333333333,0.0023433333333333,0.121751,0.1737536666666666,0.2955046666666666,399.38725666666664,0.7007063599251051,0.1063595299852351,561.0,0,0.9485288138494785,0.8900859495512445,0.9952059292974802,0.25546882547948147,0.254587202035031
4169.964,-1.321315,-0.397124,21.572629,0.956391,0.298195,0.124211,0.002347,0.121864,0.1739839999999999,0.295848,399.377792,0.7004281978331467,0.1067142818710672,562.0,0,0.9496308660204146,0.8909120594994117,0.9965252056238204,0.2592391097821988,0.25562294451370027
4170.964,-1.319844,-0.399829,21.57192,0.956811,0.2978159999999999,0.1239585,0.002407,0.1215515,0.1738575,0.295409,399.5938165,0.6991403929057252,0.1083566739862912,563.0,0,0.9482217371766063,0.8886274634038169,0.9958006537195573,0.25712760535843404,0.25668621399318503
4171.964,-1.318373,-0.402534,21.571211,0.957231,0.297437,0.123706,0.002467,0.121239,0.173731,0.29497,399.809841,0.697850712591808,0.1100014578612669,564.0,0,0.9468126083327982,0.8863428673082221,0.9950761018152936,0.2571655546600344,0.2576786778049643
4172.964,-1.320306,-0.3998206666666666,21.572801,0.956994,0.297456,0.1236303333333333,0.002433,0.1211973333333333,0.1738256666666666,0.295023,399.6093083333334,0.6972309580424945,0.11079185706187,565.0,0,0.9469827309494766,0.8860382544954758,0.9956183224761915,0.25859573006379194,0.2585946002208379
4173.964,-1.322239,-0.3971073333333333,21.574391,0.956757,0.297475,0.1235546666666666,0.002399,0.1211556666666666,0.1739203333333333,0.295076,399.40877566666666,0.6966118781671408,0.1115813958222244,566.0,0,0.9471528535661551,0.8857336416827296,0.9961605431370899,0.2623991385851602,0.25925216803416373
4174.964,-1.324172,-0.394394,21.575981,0.95652,0.297494,0.123479,0.002365,0.121114,0.1740149999999999,0.295129,399.208243,0.6959934718646562,0.1123700755465978,567.0,0,0.9473229761828335,0.8854290288699841,0.9967027637979878,0.26178288652363824,0.2594818637742785
4175.964,-1.327654,-0.4012745,21.575828,0.9560615,0.2973785,0.123501,0.002418,0.121083,0.1738775,0.2949604999999999,399.1298195,0.6963655656104694,0.111895528648046,568.0,0,0.9467821146562235,0.8852023969373011,0.9959152073803105,0.2621288017309699,0.2593667884808251
4176.964,-1.331136,-0.408155,21.575675,0.955603,0.297263,0.123523,0.002471,0.121052,0.17374,0.294792,399.051396,0.6967382483121428,0.1114202306291648,569.0,0,0.946241253129614,0.8849757650046182,0.9951276509626326,0.2591955568703064,0.26008370434406497
4177.964,-1.3274023333333334,-0.4056156666666666,21.575332333333332,0.9570246666666666,0.297393,0.1236226666666666,0.0024683333333333,0.1211543333333333,0.1737703333333333,0.2949246666666666,399.22905033333336,0.6972055229669641,0.110824295489936,570.0,0,0.946667094648092,0.8857238940727219,0.9953013906814413,0.25941847128762224,0.26090214560337105
4178.964,-1.3236686666666668,-0.4030763333333333,21.574989666666667,0.9584463333333334,0.297523,0.1237223333333333,0.0024656666666666,0.1212566666666666,0.1738006666666667,0.2950573333333333,399.40670466666666,0.6976726345163548,0.1102285683659645,571.0,0,0.9470929361665701,0.8864720231408258,0.9954751304002506,0.25776578288062885,0.26152090774997455
4179.964,-1.319935,-0.400537,21.574647,0.959868,0.297653,0.1238219999999999,0.002463,0.121359,0.173831,0.29519,399.584359,0.6981395830456992,0.1096330491483557,572.0,0,0.9475187776850483,0.8872201522089305,0.9956488701190594,0.25808835684766496,0.2614232369086403
4180.964,-1.3263925,-0.3959425,21.575828,0.9598155,0.29778,0.1237885,0.0024885,0.1212999999999999,0.1739915,0.2952915,399.3241015,0.6971564866301708,0.110886833605138,573.0,0,0.9478445785452909,0.8867888204660814,0.9965681632466035,0.2642967639908329,0.2611275327494082
4181.964,-1.33285,-0.391348,21.577009,0.959763,0.297907,0.123755,0.002514,0.121241,0.1741519999999999,0.2953929999999999,399.063844,0.6961752022646754,0.1121383070778394,574.0,0,0.9481703794055334,0.8863574887232338,0.9974874563741468,0.26534996725309484,0.2604691083197248
4182.964,-1.32907,-0.3935356666666667,21.57534666666667,0.9590803333333332,0.2976936666666666,0.1236613333333333,0.0024963333333333,0.121165,0.1740323333333333,0.2951973333333333,399.2813536666667,0.6962171997701592,0.1120847458820427,575.0,0,0.9475423166634566,0.8858018749527852,0.9968020436373075,0.26478335152982707,0.259679343279103
4183.964,-1.32529,-0.3957233333333333,21.573684333333333,0.9583976666666668,0.2974803333333333,0.1235676666666666,0.0024786666666666,0.121089,0.1739126666666666,0.2950016666666666,399.4988633333333,0.6962592550710027,0.1120311109773781,576.0,0,0.9469142539213795,0.8852462611823365,0.9961166309004678,0.2614224301718173,0.25905545529037954
4184.964,-1.32151,-0.397911,21.572022,0.957715,0.297267,0.123474,0.002461,0.121013,0.173793,0.294806,399.716373,0.6963013682865922,0.1119774022115875,577.0,0,0.9462861911793028,0.8846906474118879,0.9954312181636285,0.25882584493131766,0.2590785506748924
4185.964,-1.325894,-0.3897205,21.571943,0.95782,0.297397,0.1237824999999999,0.002483,0.1212995,0.1736145,0.294914,399.6296205,0.6986674576866695,0.1089598282826053,578.0,0,0.9466328561340437,0.8867851651123292,0.9944088267414065,0.25554455743413584,0.25929532736470745
4186.964,-1.330278,-0.38153,21.571864,0.957925,0.297527,0.1240909999999999,0.002505,0.121586,0.1734359999999999,0.295022,399.542868,0.7010384174080503,0.1059360430267853,579.0,0,0.9469795210887847,0.8888796828127705,0.993386435319184,0.251297906464088,0.25878520665265475
4187.964,-1.332903,-0.3839803333333333,21.572949,0.9587303333333334,0.2974576666666667,0.1238713333333333,0.0024909999999999,0.1213803333333333,0.1735863333333333,0.2949666666666666,399.33730233333335,0.6992464887991059,0.1082213654041948,580.0,0,0.9468019087971579,0.8873761139690561,0.9942474970025122,0.25317959140038754,0.2576145089045062
4188.964,-1.335528,-0.3864306666666666,21.574034,0.9595356666666668,0.2973883333333333,0.1236516666666666,0.002477,0.1211746666666666,0.1737366666666666,0.2949113333333333,399.13173666666665,0.6974576612632455,0.1105027328518836,581.0,0,0.9466242965055315,0.8858725451253417,0.9951085586858399,0.25799673672575735,0.25668432058467594
4189.964,-1.338153,-0.388881,21.575119,0.960341,0.297319,0.1234319999999999,0.002463,0.120969,0.173887,0.294856,398.926171,0.6956719267574529,0.1127801556274505,582.0,0,0.946446684213905,0.884368976281628,0.9959696203691684,0.2602561237458161,0.2564234605855583
4190.964,-1.332739,-0.392346,21.574463,0.9611745,0.297228,0.1235339999999999,0.002477,0.121057,0.173694,0.294751,398.988171,0.6969515530095857,0.1111481941228891,583.0,0,0.9461096488412402,0.8850123185421476,0.9948641775429002,0.2591955568703064,0.2570707767338395
4191.964,-1.327325,-0.395811,21.573807,0.962008,0.297137,0.123636,0.002491,0.121145,0.173501,0.2946459999999999,399.050171,0.6982340261207364,0.1095126018985621,584.0,0,0.945772613468575,0.8856556608026671,0.9937587347166323,0.25364298977160893,0.25714407435046116
4192.964,-1.3289325,-0.3948265,21.5743975,0.962533,0.297598,0.123842,0.002529,0.121313,0.173756,0.295069,398.7943925,0.698176188585208,0.1095863645549187,585.0,0,0.9471303845413108,0.8868838596636589,0.9952192938912351,0.2554814683315244,0.2571968210335981
4193.964,-1.33054,-0.393842,21.574988,0.963058,0.298059,0.124048,0.002567,0.121481,0.174011,0.295492,398.538614,0.6981185205618002,0.1096599110252953,586.0,0,0.9484881556140462,0.8881120585246507,0.9966798530658377,0.2588138301806408,0.25742574444150745
4194.964,-1.32424,-0.381635,21.570482,0.95796,0.297996,0.123769,0.002403,0.121366,0.1742269999999999,0.295593,399.854046,0.6965929701310928,0.111605510040658,587.0,0,0.9488123515439428,0.8872713271614718,0.9979170326019713,0.26529900641412957,0.25717295331687984
4195.964,-1.3231025,-0.388417,21.5723195,0.960673,0.297567,0.1237969999999999,0.0024555,0.1213414999999999,0.1737699999999999,0.2951114999999999,399.729889,0.6982839484148676,0.1094489338844791,588.0,0,0.9472668036207225,0.8870922148275764,0.9952994814537617,0.2562775336003522,0.2566942234902464
4196.964,-1.321965,-0.395199,21.574157,0.963386,0.297138,0.1238249999999999,0.002508,0.121317,0.173313,0.29463,399.605732,0.6999838443518699,0.1072809846678041,589.0,0,0.9457212556975026,0.8869131024936825,0.9926819303055527,0.2518253732954573,0.2559788391830625
4197.964,-1.320565,-0.398261,21.576344,0.965399,0.29795,0.124206,0.002473,0.121733,0.173744,0.295477,399.212832,0.7006417450861895,0.1064419360233716,590.0,0,0.9484400077036655,0.8899543568161383,0.9951505616947832,0.25546882547948147,0.25641421387847735
4198.964,-1.332839,-0.3938445,21.5762745,0.964969,0.298027,0.124284,0.002568,0.1217159999999999,0.1737429999999999,0.2954589999999999,399.4508745,0.7005479325904781,0.1065615790686691,591.0,0,0.9483822302112085,0.8898300747885372,0.9951448340117449,0.25546882547948147,0.257053262144334
4199.964,-1.345113,-0.389428,21.576205,0.964539,0.298104,0.124362,0.002663,0.121699,0.1737419999999999,0.2954409999999999,399.688917,0.7004541190148669,0.1066812234912085,592.0,0,0.9483244527187515,0.8897057927609376,0.9951391063287073,0.25546882547948147,0.2571349688449355
4200.964,-1.354125,-0.400364,21.569917,0.956891,0.297159,0.123789,0.002487,0.121302,0.17337,0.294672,398.912248,0.6996671877072865,0.1076848302854306,593.0,0,0.9458560698465686,0.886803441881094,0.9930084082386992,0.2520417137984676,0.25632162366952593
4201.964,-1.3458765,-0.394631,21.573918,0.962458,0.297413,0.1236805,0.002515,0.1211655,0.1737325,0.294898,399.1144025,0.697421625650781,0.1105486905932454,594.0,0,0.9465814983629709,0.8858055303065381,0.9950846933398502,0.25799673672575735,0.25598346133975847
4202.964,-1.337628,-0.388898,21.577919,0.968025,0.297667,0.123572,0.002543,0.121029,0.174095,0.295124,399.316557,0.6951854149434794,0.113400624729734,595.0,0,0.9473069268793733,0.8848076187319823,0.997160978441001,0.26187195099009064,0.2567484008301032
4203.964,-1.327828,-0.398874,21.578357,0.967587,0.297299,0.12346,0.00248,0.12098,0.1738389999999999,0.294819,399.615162,0.695927289461574,0.1124544807656449,596.0,0,0.9463279193682993,0.8844493940641931,0.9956946915833601,0.25963089718665594,0.25772315988181604
4204.964,-1.318093,-0.402757,21.5752945,0.9649615,0.2975175,0.1237755,0.002559,0.1212165,0.1737419999999999,0.2949585,399.4434645,0.6976770287148261,0.1102229642587209,597.0,0,0.9467756949348397,0.8861783763893393,0.9951391063287073,0.2571655546600344,0.25865781567518864
4205.964,-1.308358,-0.40664,21.572232,0.962336,0.297736,0.124091,0.002638,0.121453,0.173645,0.295098,399.271767,0.6994287228038654,0.1079889546670019,598.0,0,0.9472234705013802,0.8879073587144855,0.994583521074055,0.25289591030267705,0.2594593344207541
4206.964,-1.316382,-0.39974,21.573002,0.9635086666666668,0.2978393333333333,0.1239903333333333,0.0026043333333333,0.121386,0.173849,0.295235,399.36402,0.6982226056945643,0.1095271668512953,599.0,0,0.9476632214161905,0.8874175413115898,0.9957519684137373,0.2594747681989041,0.26003677131641495
4207.964,-1.324406,-0.39284,21.573772,0.9646813333333332,0.2979426666666666,0.1238896666666666,0.0025706666666666,0.121319,0.1740529999999999,0.2953719999999999,399.456273,0.6970193158445082,0.1110617733122429,600.0,0,0.9481029723310004,0.8869277239086943,0.9969204157534188,0.2652164159966104,0.2600136759319021
4208.964,-1.33243,-0.38594,21.574542,0.965854,0.298046,0.123789,0.002537,0.121252,0.174257,0.2955089999999999,399.548526,0.6958188433242664,0.1125927867132678,601.0,0,0.9485427232458107,0.8864379065057988,0.9980888630931015,0.2648153834132073,0.2600556848377144
4209.964,-1.331284,-0.384415,21.574242,0.967426,0.297832,0.123821,0.002498,0.121323,0.174011,0.295334,399.69805,0.6972105372043308,0.1108179006208534,602.0,0,0.9479809976247029,0.8869569667387179,0.9966798530658377,0.263484012935136,0.26022529483380974
4210.964,-1.330138,-0.38289,21.573942,0.968998,0.297618,0.123853,0.002459,0.121394,0.173765,0.295159,399.847574,0.6986061715180185,0.1090379891267062,603.0,0,0.947419272003595,0.8874760269716371,0.995270843038574,0.2578160827550763,0.2610839241853344
4211.964,-1.32851,-0.386444,21.574397,0.9678423333333334,0.2975556666666666,0.123726,0.0024583333333333,0.1212676666666666,0.1738296666666666,0.2950973333333333,399.724311,0.6976195224471324,0.1102963044351909,604.0,0,0.9472213305942521,0.8865524409233907,0.9956412332083422,0.25776578288062885,0.26175275564960016
4212.964,-1.326882,-0.389998,21.574852,0.9666866666666668,0.2974933333333333,0.123599,0.0024576666666666,0.1211413333333333,0.1738943333333333,0.2950356666666667,399.601048,0.6966336071889988,0.1115536838812222,605.0,0,0.9470233891849094,0.8856288548751452,0.9960116233781108,0.2622920400482138,0.2619002289529123
4213.964,-1.325254,-0.393552,21.575307,0.965531,0.297431,0.123472,0.002457,0.121015,0.173959,0.294974,399.477785,0.6956484249252701,0.1128101285084735,606.0,0,0.9468254477755664,0.8847052688268997,0.9963820135478796,0.2613269971476088,0.2615983231994424
4214.964,-1.3305585,-0.393106,21.575307,0.9669755,0.2977585,0.123729,0.002464,0.121265,0.1740295,0.2952945,399.8758745,0.696803146574882,0.1113374631286335,607.0,0,0.9478542081273672,0.8865329457033755,0.9967858152020345,0.26575184817528114,0.2608933631461845
4215.964,-1.335863,-0.39266,21.575307,0.96842,0.298086,0.123986,0.002471,0.121515,0.1741,0.295615,400.273964,0.6979569330446119,0.1098659904232676,608.0,0,0.948882968479168,0.8883606225798514,0.9971896168561893,0.259584224945335,0.2603446355252466
4216.964,-1.334485,-0.3921183333333333,21.572872666666665,0.9668326666666668,0.297906,0.123915,0.002481,0.121434,0.173991,0.295425,400.293244,0.6979286403972597,0.1099020732335913,609.0,0,0.9482730949476791,0.8877684552718732,0.9965652994050846,0.2609495012320252,0.26038921931846504
4217.964,-1.333107,-0.3915766666666667,21.570438333333332,0.9652453333333332,0.297726,0.123844,0.002491,0.121353,0.1738819999999999,0.295235,400.312524,0.6979003122789463,0.1099382012815326,610.0,0,0.9476632214161905,0.887176287963895,0.9959409819539794,0.26219735846191083,0.26041231470297793
4218.964,-1.331729,-0.391035,21.568004,0.963658,0.297546,0.123773,0.002501,0.121272,0.1737729999999999,0.295045,400.331804,0.6978719486229242,0.1099743746522177,611.0,0,0.9470533478847016,0.8865841206559169,0.9953166645028747,0.25776578288062885,0.25989966616416
4219.964,-1.3318865,-0.3849995,21.5702345,0.9624245,0.2974715,0.12374,0.002558,0.121182,0.1737314999999999,0.2949135,400.2743065,0.6975206135869801,0.1104224470897039,612.0,0,0.9466312512036976,0.8859261569803856,0.9950789656568119,0.25799673672575735,0.259543544737462
4220.964,-1.332044,-0.378964,21.572465,0.961191,0.297397,0.123707,0.002615,0.121092,0.17369,0.294782,400.216809,0.6971691106620377,0.1108707336431337,613.0,0,0.9462091545226936,0.8852681933048543,0.9948412668107498,0.25826192068726084,0.2594986793831466
4221.964,-1.3173676666666667,-0.379835,21.57092666666667,0.9613943333333334,0.2974383333333333,0.1237263333333333,0.0025853333333333,0.121141,0.173712,0.294853,399.95348766666666,0.697362891666139,0.1106235965290884,614.0,0,0.9464370546318288,0.8856264179726435,0.9949672758375782,0.25799673672575735,0.2599654540925067
4222.964,-1.3026913333333332,-0.380706,21.569388333333332,0.9615976666666668,0.2974796666666666,0.1237456666666666,0.0025556666666666,0.12119,0.1737339999999999,0.294924,399.69016633333337,0.6975566235934039,0.1103765220048093,615.0,0,0.9466649547409642,0.8859846426404329,0.995093284864406,0.2571655546600344,0.2602449535695746
4223.964,-1.288015,-0.381577,21.56785,0.961801,0.297521,0.123765,0.002526,0.121239,0.1737559999999999,0.294995,399.426845,0.6977503064624736,0.1101295100465222,616.0,0,0.9468928548500994,0.8863428673082221,0.9952192938912345,0.25776578288062885,0.26055511836479645
4224.964,-1.3167974999999998,-0.3799225,21.569767,0.964244,0.298,0.1238705,0.0025395,0.121331,0.1741295,0.2954605,400.117369,0.6967820111927548,0.1113644179757682,617.0,0,0.9483870450022468,0.8870154523987651,0.9973585835058002,0.2653031946321274,0.2613537248942617
4225.964,-1.34558,-0.378268,21.571684,0.966687,0.298479,0.123976,0.002553,0.121423,0.174503,0.2959259999999999,400.807893,0.6958178609086325,0.1125940396294949,618.0,0,0.9498812351543939,0.8876880374893082,0.9994978731203653,0.2642519720389361,0.2620935486115984
4226.964,-1.336607,-0.3829786666666667,21.569967666666667,0.963228,0.2982456666666667,0.123902,0.0025233333333333,0.1213786666666666,0.1743436666666666,0.2957223333333333,400.517235,0.6961994822516318,0.1121073417831075,619.0,0,0.9492274935267807,0.887363929456546,0.9985852622896981,0.26374449600270405,0.2625072704013883
4227.964,-1.327634,-0.3876893333333333,21.568251333333333,0.959769,0.2980123333333333,0.123828,0.0024936666666666,0.1213343333333333,0.1741843333333333,0.2955186666666666,400.226577,0.6965818017590458,0.1116197535381002,620.0,0,0.9485737518991673,0.8870398214237846,0.9976726514590316,0.26529900641412957,0.2624892050043202
4228.964,-1.318661,-0.3924,21.566535,0.95631,0.297779,0.1237539999999999,0.002464,0.12129,0.174025,0.295315,399.935919,0.6969648213485339,0.1111312724488012,621.0,0,0.947920010271554,0.8867157133910231,0.9967600406283651,0.26575184817528114,0.26227256266401955
4229.964,-1.3188325,-0.3863845,21.5672975,0.9605,0.2976555,0.1236825,0.0024415,0.1212409999999999,0.173973,0.295214,399.686099,0.6968914895329187,0.1112247956161668,622.0,0,0.9475958143416574,0.8863574887232332,0.9964622011104067,0.26539497389912425,0.2620190492376513
4230.964,-1.319004,-0.380369,21.56806,0.96469,0.297532,0.123611,0.002419,0.121192,0.173921,0.295113,399.436279,0.6968181138671358,0.1113183747075067,623.0,0,0.9472716184117609,0.8859992640554445,0.9961643615924486,0.2623991385851602,0.2610225523252607
4231.964,-1.3267246666666668,-0.381822,21.567709666666666,0.9644976666666668,0.2975976666666667,0.123824,0.0024483333333333,0.1213756666666666,0.1737736666666667,0.2951493333333334,399.4199276666667,0.698465829311522,0.1092169734809939,624.0,0,0.9473882433502386,0.8873419973340284,0.9953204829582338,0.2578160827550763,0.2601706644235049
4232.964,-1.3344453333333333,-0.383275,21.567359333333332,0.9643053333333332,0.2976633333333333,0.124037,0.0024776666666666,0.1215593333333333,0.1736263333333333,0.2951856666666667,399.4035763333333,0.7001163411290848,0.1071120059214453,625.0,0,0.9475048682887162,0.8886847306126129,0.9944766043240186,0.2549991312570283,0.259831157569828
4233.964,-1.342166,-0.384728,21.567009,0.964113,0.297729,0.12425,0.002507,0.121743,0.173479,0.295222,399.387225,0.7017696564445468,0.1050034629424006,626.0,0,0.9476214932271938,0.8900274638911974,0.9936327256898039,0.25523064861694594,0.25899210648203463
4234.964,-1.337682,-0.3848375,21.568346499999997,0.964148,0.2978485,0.1242065,0.002565,0.1216415,0.173642,0.2952835,399.753945,0.7005263673168511,0.1065890821746236,627.0,0,0.9478188996597545,0.8892854270793482,0.9945663380249421,0.2553382255082213,0.25808376930514926
4235.964,-1.333198,-0.384947,21.569684,0.964183,0.297968,0.124163,0.002623,0.12154,0.173805,0.295345,400.120665,0.6992854101699595,0.1081717273330533,628.0,0,0.9480163060923156,0.888543390267499,0.9954999503600802,0.2557330930213779,0.25720762215691
4236.964,-1.338924,-0.3792545,21.568661,0.9640145,0.297475,0.1236799999999999,0.0025919999999999,0.121088,0.173795,0.294883,399.550057,0.69672489585491,0.1114372595828604,629.0,0,0.9465333504525902,0.8852389504748306,0.9954426735297037,0.2603494274659351,0.2567120946976673
4237.964,-1.34465,-0.373562,21.567638,0.963846,0.296982,0.1231969999999999,0.002561,0.120636,0.173785,0.294421,398.979449,0.694164086865455,0.1147031676434054,630.0,0,0.945050394812865,0.8819345106821622,0.9953853966993271,0.2569084955361959,0.25670489605207264
4238.964,-1.3340185,-0.378058,21.567343,0.963485,0.296662,0.1230739999999999,0.0025325,0.1205415,0.173588,0.2941295,398.6800585,0.6944074797366192,0.1143927584160529,631.0,0,0.9441147204211335,0.8812436488228544,0.9942570431409086,0.256668476406427,0.25768331807935246
4239.964,-1.323387,-0.382554,21.567048,0.963124,0.296342,0.122951,0.002504,0.120447,0.173391,0.293838,398.380668,0.6946514256713113,0.1140816438433811,632.0,0,0.9431790460294022,0.8805527869635466,0.99312868958249,0.2566335024167324,0.25852658842514936
4240.964,-1.3274233333333334,-0.381843,21.56644,0.962578,0.2967133333333333,0.1231023333333333,0.0024216666666666,0.1206806666666666,0.173611,0.2942916666666667,398.77090066666665,0.6951170810005454,0.1134877738985927,633.0,0,0.944635252830027,0.8822610556174255,0.9943887798507747,0.2574438639927333,0.2588806965482907
4241.964,-1.3314596666666667,-0.381132,21.565832,0.962032,0.2970846666666666,0.1232536666666666,0.0023393333333333,0.1209143333333333,0.173831,0.2947453333333333,399.16113333333334,0.695581557672542,0.1128954071452521,634.0,0,0.9460914596306518,0.8839693242713051,0.9956488701190594,0.25774409629912914,0.25988257206368104
4242.964,-1.335496,-0.380421,21.565224,0.961486,0.297456,0.123405,0.002257,0.121148,0.174051,0.295199,399.551366,0.6960448601567347,0.1123045378833016,635.0,0,0.9475476664312767,0.8856775929251849,0.9969089603873441,0.26478335152982707,0.26031128571939394
4243.964,-1.3371025,-0.381608,21.565512,0.962992,0.2974989999999999,0.1235835,0.002309,0.1212745,0.1739155,0.2951899999999999,399.2874315,0.6973145158739972,0.1106852922237465,636.0,0,0.947518777685048,0.8866023974246816,0.9961328593357415,0.2636633520749142,0.2606619387243969
4244.964,-1.338709,-0.382795,21.5658,0.964498,0.297542,0.123762,0.002361,0.121401,0.17378,0.2951809999999999,399.023497,0.6985861515355534,0.1090635214574557,637.0,0,0.9474898889388197,0.8875272019241783,0.9953567582841388,0.2588793067396353,0.26139589762479565
4245.964,-1.3344866666666666,-0.3823539999999999,21.564294666666665,0.9639843333333332,0.2976476666666666,0.1236086666666666,0.0023523333333333,0.1212563333333333,0.1740389999999999,0.2952953333333333,399.1227283333333,0.6967153144870912,0.1114494791066591,638.0,0,0.9478568830112771,0.8864695862383242,0.9968402281908916,0.26575184817528114,0.2623019240432142
4246.964,-1.3302643333333333,-0.381913,21.562789333333335,0.9634706666666666,0.2977533333333333,0.1234553333333333,0.0023436666666666,0.1211116666666666,0.1742979999999999,0.2954096666666667,399.2219596666667,0.6948500373878604,0.1138283459173479,639.0,0,0.9482238770837345,0.8854119705524699,0.9983236980976449,0.26463656402306424,0.2630720380981336
4247.964,-1.326042,-0.381472,21.561284,0.962957,0.297859,0.123302,0.002335,0.120967,0.1745569999999999,0.295524,399.321191,0.6929902954891786,0.1162001534525639,640.0,0,0.9485908711561918,0.8843543548666164,0.9998071680043983,0.26041502558622553,0.2637759636212034
4248.964,-1.3337135,-0.3834984999999999,21.5639095,0.963386,0.2978085,0.123469,0.0023625,0.1211065,0.1743394999999999,0.295446,399.3731145,0.6946549998422625,0.1140770855519321,641.0,0,0.9483405020222121,0.8853741985636899,0.9985613969437077,0.2640080654104144,0.26347591712058455
4249.964,-1.341385,-0.385525,21.566535,0.963815,0.297758,0.123636,0.00239,0.121246,0.174122,0.295368,399.425038,0.6963238630163735,0.1119487137308711,642.0,0,0.9480901328882326,0.8863940422607635,0.9973156258830178,0.26569376660091715,0.2635010245451508
4250.964,-1.3345546666666668,-0.3858896666666667,21.565257666666664,0.9626886666666666,0.2976566666666667,0.1235766666666666,0.0023806666666666,0.121196,0.1740799999999999,0.295276,399.40614466666665,0.696204640368564,0.1121007634183268,643.0,0,0.9477948257045643,0.8860285068854682,0.9970750631954356,0.2651450045419283,0.26356057069107763
4251.964,-1.3277243333333333,-0.3862543333333333,21.563980333333333,0.9615623333333332,0.2975553333333333,0.1235173333333333,0.0023713333333333,0.121146,0.174038,0.295184,399.3872513333333,0.6960853601778911,0.1122528864926311,644.0,0,0.9474995185208961,0.885662971510173,0.9968345005078545,0.26478335152982707,0.2633337871670632
4252.964,-1.320894,-0.386619,21.562703,0.960436,0.297454,0.123458,0.002362,0.121096,0.1739959999999999,0.295092,399.368358,0.6959660224026851,0.112405083006927,645.0,0,0.9472042113372279,0.8852974361348779,0.9965939378202724,0.26178288652363824,0.2634004502279695
4253.964,-1.323696,-0.383077,21.5599865,0.959417,0.297498,0.12357,0.0023369999999999,0.121233,0.1739279999999999,0.295161,399.602715,0.6970257978830443,0.1110535064942213,646.0,0,0.947425691724979,0.8862990030631865,0.9962044553737116,0.2639144263205765,0.26387538052632065
4254.964,-1.326498,-0.379535,21.55727,0.958398,0.297542,0.123682,0.002312,0.12137,0.1738599999999999,0.29523,399.837072,0.6980864023559052,0.1097008727323006,647.0,0,0.9476471721127302,0.8873005699914954,0.9958149729271509,0.2594747681989041,0.26383023329220145
4255.964,-1.326148,-0.380725,21.55888,0.9586256666666666,0.2976979999999999,0.123699,0.0023266666666666,0.1213723333333333,0.173999,0.2953713333333333,399.9709726666666,0.6975421455938698,0.110394986410227,648.0,0,0.9481008324238727,0.887317628309009,0.9966111208693859,0.263484012935136,0.262575372178657
4256.964,-1.325798,-0.381915,21.56049,0.9588533333333332,0.297854,0.1237159999999999,0.0023413333333333,0.1213746666666666,0.174138,0.2955126666666666,400.1048733333334,0.6969987576973948,0.1110879919871397,649.0,0,0.9485544927350149,0.8873346866265225,0.9974072688116202,0.2653031946321274,0.26177742719046765
4257.964,-1.325448,-0.383105,21.5621,0.959081,0.29801,0.123733,0.002356,0.121377,0.174277,0.295654,400.238774,0.696456236587521,0.1117798921144233,650.0,0,0.9490081530461576,0.8873517449440367,0.9982034167538546,0.2651643285697372,0.26115866504386415
4258.964,-1.331407,-0.3776969999999999,21.5619425,0.9611285,0.297547,0.1236375,0.0023655,0.1212719999999999,0.1739095,0.2951815,399.9049655,0.697324198366401,0.1106729437314857,651.0,0,0.9474914938691659,0.8865841206559161,0.9960984932375155,0.2635565930692223,0.26142795005307856
4259.964,-1.337366,-0.372289,21.561785,0.963176,0.297084,0.123542,0.002375,0.121167,0.173542,0.294709,399.571157,0.6981958361904541,0.1095613071325932,652.0,0,0.9459748346921742,0.885816496367797,0.9939935697211764,0.25314515546547317,0.26095606310805153
4260.964,-1.3358846666666666,-0.3706049999999999,21.561688333333333,0.9611243333333334,0.2972856666666666,0.1236006666666666,0.0023936666666666,0.121207,0.173685,0.294892,399.7092053333334,0.6978512948654468,0.1100007152630574,653.0,0,0.9465622391988187,0.8861089246680331,0.9948126283955614,0.2571655546600344,0.2606388617807407
4261.964,-1.3344033333333334,-0.368921,21.56159166666667,0.9590726666666668,0.2974873333333333,0.1236593333333333,0.0024123333333333,0.121247,0.173828,0.295075,399.8472536666667,0.6975073204125894,0.1104394004374825,654.0,0,0.947149643705463,0.8864013529682693,0.9956316870699465,0.25859573006379194,0.2598293539650681
4262.964,-1.332922,-0.367237,21.561495,0.957021,0.297689,0.123718,0.002431,0.121287,0.173971,0.2952579999999999,399.985302,0.6971639114340239,0.1108773644386161,655.0,0,0.9477370482121071,0.8866937812685054,0.9964507457443313,0.2644757366157824,0.2585726395417803
4263.964,-1.329203,-0.3737565,21.5622305,0.9591585,0.297204,0.123471,0.002397,0.121074,0.173733,0.294807,399.7947155,0.6968929512933564,0.1112229313712287,656.0,0,0.9462894010399947,0.885136600569748,0.995087557181369,0.2591955568703064,0.25733515731785184
4264.964,-1.325484,-0.380276,21.562966,0.961296,0.296719,0.123224,0.002363,0.120861,0.173495,0.294356,399.604129,0.6966212477521095,0.1115694463940557,657.0,0,0.944841753867882,0.8835794198709905,0.9937243686184065,0.2563027549257961,0.25646343348815603
4265.964,-1.3233063333333337,-0.37656,21.561792666666665,0.961377,0.296975,0.1234976666666666,0.0024503333333333,0.1210473333333333,0.1734773333333333,0.2945246666666666,399.417998,0.6977662916598616,0.1101091234479069,658.0,0,0.9453831503712735,0.8849416483695903,0.9936231795514076,0.25538893477840957,0.2569332178178698
4266.964,-1.3211286666666666,-0.372844,21.560619333333335,0.961458,0.297231,0.1237713333333333,0.0025376666666666,0.1212336666666666,0.1734596666666666,0.2946933333333333,399.231867,0.6989115688090671,0.1086485030390631,659.0,0,0.9459245468746654,0.8863038768681901,0.9935219904844088,0.252736050399249,0.2574295425249634
4267.964,-1.318951,-0.369128,21.559446,0.961539,0.297487,0.124045,0.002625,0.12142,0.1734419999999999,0.294862,399.045736,0.7000570792709998,0.1071875850766262,660.0,0,0.9464659433780573,0.8876661053667906,0.9934208014174101,0.25278950633045294,0.2573380803287877
4268.964,-1.322943,-0.3753525,21.56244,0.961539,0.2977674999999999,0.124071,0.0025595,0.1215115,0.1736964999999999,0.295208,399.7173935,0.6995581398696009,0.1078239036070055,661.0,0,0.9475765551775053,0.8883350351035807,0.9948784967504939,0.254839354772265,0.25665861747741303
4269.964,-1.326935,-0.381577,21.565434,0.961539,0.298048,0.124097,0.002494,0.121603,0.1739509999999999,0.295554,400.389051,0.6990606604120678,0.1084583602091977,662.0,0,0.948687166976953,0.8890039648403709,0.9963361920835778,0.2578429987626105,0.256507172600586
4270.964,-1.3351365,-0.3747475,21.5633535,0.961642,0.2975755,0.123709,0.0025275,0.1211815,0.1738664999999999,0.295048,400.416224,0.6969761456281365,0.1111168301158563,663.0,0,0.9470629774667777,0.8859225016266326,0.9958522028668957,0.2621288017309699,0.2568241298972558
4271.964,-1.343338,-0.367918,21.561273,0.961745,0.297103,0.123321,0.002561,0.12076,0.173782,0.294542,400.443397,0.6948896037011676,0.1137778853238057,664.0,0,0.9454387879566026,0.8828410384128944,0.9953682136502141,0.2576811081020354,0.2570692748669247
4272.964,-1.338525,-0.3717275,21.559451,0.960396,0.2970945,0.1233075,0.002502,0.1208055,0.173787,0.2945925,400.208143,0.6951314244942112,0.1134694810342001,665.0,0,0.9456008859215508,0.8831736756044128,0.9953968520654024,0.2576811081020354,0.2575953434995755
4273.964,-1.333712,-0.375537,21.557629,0.959047,0.297086,0.123294,0.002443,0.120851,0.173792,0.294643,399.972889,0.6953732313729551,0.1131610944900897,666.0,0,0.9457629838864992,0.8835063127959315,0.9954254904805908,0.2576811081020354,0.25852927303962725
4274.964,-1.33159,-0.379097,21.56322,0.958048,0.297159,0.123299,0.002484,0.120815,0.17386,0.294675,399.8289,0.6948941970884787,0.1137720271826066,667.0,0,0.9458656994286447,0.8832431273257191,0.9958149729271514,0.2594723278924949,0.2591875805795825
4275.964,-1.3225775,-0.3883729999999999,21.56497,0.9622925,0.297166,0.1233655,0.002379,0.1209865,0.1738005,0.294787,399.4438575,0.696118848226281,0.1122101777675295,668.0,0,0.9462252038261539,0.8844969136629814,0.9954741757864108,0.2578403844750986,0.25995688587495075
4276.964,-1.313565,-0.397649,21.56672,0.966537,0.297173,0.123432,0.002274,0.121158,0.173741,0.294899,399.058815,0.6973443381565768,0.1106472586048934,669.0,0,0.946584708223663,0.8857507000002439,0.9951333786456703,0.25799673672575735,0.26026043855882747
4277.964,-1.3111645,-0.3924944999999999,21.5627315,0.9624935,0.297285,0.1234275,0.002302,0.1211255,0.1738575,0.294983,399.2790295,0.6966901244402774,0.1114816050392348,670.0,0,0.9468543365217948,0.885513102006302,0.9958006537195573,0.2621288017309699,0.2604451549468716
4278.964,-1.308764,-0.38734,21.558743,0.95845,0.297397,0.123423,0.00233,0.121093,0.173974,0.295067,399.499244,0.6960367868946687,0.1123148340560208,671.0,0,0.9471239648199268,0.8852755040123602,0.9964679287934444,0.2614224301718173,0.26021086668749016
4279.964,-1.3249135,-0.377735,21.561169,0.958786,0.2977395,0.123628,0.0023755,0.1212525,0.1741115,0.295364,399.879057,0.6964031875942278,0.1118475477402484,672.0,0,0.9480772934454644,0.8864415618595517,0.9972554852111224,0.26553605171629313,0.25986570090581834
4280.964,-1.341063,-0.36813,21.563595,0.959122,0.298082,0.123833,0.002421,0.121412,0.174249,0.295661,400.25887,0.6967690100430417,0.1113809988921189,673.0,0,0.949030622071002,0.8876076197067434,0.9980430416288002,0.2651643285697372,0.2592602953177316
4281.964,-1.3403626666666666,-0.367202,21.563542666666667,0.9594896666666668,0.2979643333333333,0.1240116666666666,0.0024426666666666,0.121569,0.1739526666666666,0.2955216666666667,399.93499033333336,0.6988585083001031,0.1087161733513104,674.0,0,0.9485833814812437,0.8887554007851701,0.9963457382219739,0.25952827198247663,0.2590402518199576
4282.964,-1.3396623333333333,-0.366274,21.563490333333338,0.9598573333333332,0.2978466666666667,0.1241903333333333,0.0024643333333333,0.121726,0.1736563333333333,0.2953823333333333,399.61111066666666,0.7009551377041376,0.1060422531570247,675.0,0,0.9481361408914851,0.889903181863597,0.9946484348151484,0.2553382255082213,0.2593313274786369
4283.964,-1.338962,-0.365346,21.563438,0.960225,0.297729,0.124369,0.002486,0.121883,0.17336,0.295243,399.287231,0.7030589348238646,0.1033591916716266,676.0,0,0.9476889003017267,0.8910509629420239,0.9929511314083226,0.2542294502853171,0.25892879141155845
4284.964,-1.3321385,-0.3756615,21.5627175,0.9620795,0.2973255,0.1239425,0.002511,0.1214315,0.173383,0.2948145,398.8568935,0.700361625063443,0.1067991849411842,677.0,0,0.946313474995185,0.8877501785031084,0.9930828681181888,0.25341827201162714,0.25887917952488665
4285.964,-1.325315,-0.385977,21.561997,0.963934,0.296922,0.123516,0.002536,0.12098,0.173406,0.294386,398.426556,0.6976650308234384,0.110238265677278,678.0,0,0.9449380496886434,0.8844493940641931,0.9932146048280549,0.25563994949735913,0.2584643083857598
4286.964,-1.318617,-0.392401,21.56545,0.957017,0.2981,0.123415,0.002432,0.120983,0.1746849999999999,0.295668,400.235471,0.6925741043930252,0.1167309395679093,679.0,0,0.9490530910958462,0.8844713261867108,1.0005403114332183,0.26090749331255003,0.25810747645703147
4287.964,-1.3176709999999998,-0.386945,21.562834,0.956051,0.2975645,0.123112,0.002466,0.120646,0.1744524999999999,0.2950985,400.098018,0.6915653741541442,0.118017415924265,680.0,0,0.9472250754317261,0.8820076177572214,0.9992086251269631,0.2581034410601856,0.25828584410743816
4288.964,-1.316725,-0.381489,21.560218,0.955085,0.297029,0.122809,0.0025,0.120309,0.1742199999999999,0.294529,399.960565,0.6905539515902217,0.1193073259166673,681.0,0,0.9453970597676059,0.8795439093277319,0.9978769388207077,0.26092631130509897,0.2589890105275647
4289.964,-1.3265859999999998,-0.3740475,21.559925,0.9552645,0.297292,0.1229244999999999,0.0024085,0.120516,0.1743675,0.2948834999999999,400.1560115,0.691156946352122,0.1185383011821143,682.0,0,0.946534955382936,0.8810572257814538,0.9987217720687628,0.26138734032502486,0.2598580840352097
4290.964,-1.336447,-0.366606,21.559632,0.955444,0.297555,0.12304,0.002317,0.120723,0.174515,0.295238,400.351458,0.6917589218180566,0.1177705763988361,683.0,0,0.9476728509982666,0.8825705422351758,0.9995666053168172,0.26159600928245386,0.26036326125461035
4291.964,-1.338616,-0.3625266666666666,21.558029333333337,0.9570726666666668,0.2975666666666667,0.123131,0.0023216666666666,0.1208093333333333,0.1744356666666666,0.295245,400.2677683333333,0.6925684584663009,0.1167381400571587,684.0,0,0.9476953200231109,0.8832016999831853,0.9991122091291627,0.26131194848654354,0.26050061947089975
4292.964,-1.340785,-0.3584473333333333,21.556426666666667,0.9587013333333332,0.2975783333333333,0.123222,0.0023263333333333,0.1208956666666666,0.1743563333333333,0.295252,400.18407866666666,0.6933787317998287,0.1157047641895676,685.0,0,0.9477177890479552,0.8838328577311947,0.9986578129415087,0.26236988970948666,0.25995855831259634
4293.964,-1.342954,-0.354368,21.554824,0.96033,0.29759,0.123313,0.002331,0.120982,0.174277,0.295259,400.100389,0.6941897428246824,0.1146704475130144,686.0,0,0.9477402580727995,0.884464015479205,0.9982034167538546,0.262920185361767,0.2597813407751233
4294.964,-1.333347,-0.3652216666666666,21.555668333333333,0.9596276666666668,0.2973816666666666,0.1229983333333333,0.0023823333333333,0.120616,0.1743833333333333,0.2949993333333333,400.5830036666667,0.691667638339071,0.1178869940820922,687.0,0,0.9469067642464314,0.8817882965320443,0.9988124603835254,0.25847004420563335,0.2591258802527022
4295.964,-1.32374,-0.3760753333333334,21.556512666666663,0.9589253333333334,0.2971733333333333,0.1226836666666666,0.0024336666666666,0.12025,0.1744896666666666,0.2947396666666666,401.0656183333333,0.689148607757435,0.1210996203713632,688.0,0,0.9460732704200635,0.8791125775848836,0.9994215040131962,0.2570135316602541,0.25848248093940807
4296.964,-1.314133,-0.386929,21.557357,0.958223,0.296965,0.122369,0.002485,0.119884,0.1745959999999999,0.2944799999999999,401.548233,0.6866326454635533,0.1243083335434317,689.0,0,0.9452397765936954,0.876436858637723,1.0000305476428668,0.2554868817295152,0.25788934595046953
4297.964,-1.3181695,-0.379327,21.556493,0.959262,0.2969644999999999,0.122163,0.002443,0.11972,0.1748015,0.2945215,401.4248625,0.6848872298737146,0.126534335899456,690.0,0,0.9453729858124156,0.8752379026067547,1.0012075865071062,0.25633126568545594,0.257450985773599
4298.964,-1.322206,-0.371725,21.555629,0.960301,0.296964,0.121957,0.002401,0.119556,0.175007,0.294563,401.301492,0.6831459133296762,0.1287551105689272,691.0,0,0.9455061950311356,0.8740389465757866,1.0023846253713447,0.25437170608088716,0.2568662510775647
4299.964,-1.335075,-0.3678265,21.555542,0.960237,0.296811,0.12195,0.0024254999999999,0.1195245,0.174861,0.2943854999999999,401.289584,0.6835361599432697,0.1282574125499872,692.0,0,0.9449364447582971,0.8738086592893507,1.0015483836478467,0.2549533471920843,0.2563402413732544
4300.964,-1.347944,-0.363928,21.555455,0.960173,0.296658,0.121943,0.00245,0.119493,0.1747149999999999,0.2942079999999999,401.277676,0.6839270587696605,0.1277588827364695,693.0,0,0.944366694485459,0.8735783720029148,1.000712141924348,0.2556646593930684,0.25607928536262003
4301.964,-1.33579,-0.367205,21.556514999999997,0.9615766666666667,0.2964213333333333,0.121901,0.0024389999999999,0.119462,0.1745203333333333,0.2939823333333333,401.2865576666667,0.6845123041309181,0.1270124945635919,694.0,0,0.9436423359226207,0.8733517400702318,0.9995971529596845,0.2569283467178375,0.2554545004926728
4302.964,-1.323636,-0.370482,21.557575,0.9629803333333332,0.2961846666666666,0.121859,0.002428,0.119431,0.1743256666666666,0.2937566666666666,401.2954393333333,0.685098856552832,0.1262644394409534,695.0,0,0.9429179773597823,0.8731251081375486,0.9984821639950203,0.2565225427491442,0.2549970765908086
4303.964,-1.311482,-0.373759,21.558635,0.964384,0.295948,0.121817,0.002417,0.1194,0.1741309999999999,0.293531,401.304321,0.6856867204189926,0.1255147117779753,696.0,0,0.9421936187969441,0.8728984762048657,0.9973671750303561,0.2576600883186639,0.2543444910210455
4304.964,-1.3232685000000002,-0.371239,21.55601,0.962625,0.2951384999999999,0.121096,0.0024275,0.1186685,0.1740425,0.292711,400.2812075000001,0.6818324154593538,0.130430269981386,697.0,0,0.9395615330294664,0.8675506936642974,0.996860275081524,0.2558604840992899,0.2540605164864117
4305.964,-1.335055,-0.368719,21.553385,0.960866,0.294329,0.120375,0.002438,0.117937,0.173954,0.291891,399.258094,0.6779741887269696,0.1353508297875221,698.0,0,0.9369294472619888,0.862202911123729,0.9963533751326913,0.2507656829607812,0.2533325701128221
4306.964,-1.332699,-0.366153,21.5552945,0.9613055,0.29457,0.1204365,0.0025009999999999,0.1179355,0.1741335,0.292069,399.123486,0.6772667105025139,0.1362531067029126,699.0,0,0.937500802465173,0.8621919450624702,0.9973814942379509,0.25091264271087355,0.25233901897070743
4307.964,-1.330343,-0.363587,21.557204,0.961745,0.294811,0.120498,0.002564,0.117934,0.174313,0.292247,398.988878,0.676560689330748,0.1371535253773552,700.0,0,0.938072157668357,0.8621809790012113,0.9984096133432103,0.24980540998782474,0.2510765008583925
4308.964,-1.329353,-0.3677503333333333,21.558477666666665,0.962505,0.2946416666666666,0.120599,0.0025626666666666,0.1180363333333333,0.1740426666666666,0.292079,399.337863,0.6781995323012808,0.1350634395921714,701.0,0,0.9375329010720933,0.8629291080693152,0.9968612296953632,0.25153196073454903,0.24987553749645866
4309.964,-1.328363,-0.3719136666666666,21.559751333333335,0.963265,0.2944723333333333,0.1207,0.0025613333333333,0.1181386666666666,0.1737723333333333,0.291911,399.686848,0.6798434742576537,0.1329668508545909,702.0,0,0.9369936444758296,0.8636772371374191,0.9953128460475167,0.24767388345618868,0.24869399727216948
4310.964,-1.327373,-0.376077,21.561025,0.964025,0.294303,0.120801,0.00256,0.118241,0.173502,0.291743,400.035833,0.6814925390339073,0.1308637287680529,703.0,0,0.9364543878795658,0.8644253662055237,0.99376446239967,0.24572914797192158,0.24801225802315754
4311.964,-1.3339555,-0.374756,21.558949,0.9630445,0.293895,0.12068,0.00248,0.1182,0.173215,0.291415,399.5124845,0.6823849990762978,0.1297255367130579,704.0,0,0.9354015535725748,0.8641256271977816,0.9921206173678624,0.24430316559468845,0.24779341681178102
4312.964,-1.340538,-0.373435,21.556873,0.962064,0.293487,0.120559,0.0024,0.118159,0.172928,0.291087,398.989136,0.6832804214446392,0.1285835666784319,705.0,0,0.9343487192655837,0.8638258881900396,0.9904767723360546,0.24451290912980583,0.24780928720454937
4313.964,-1.33959,-0.37684,21.558101,0.9629075,0.2937665,0.1205074999999999,0.0025034999999999,0.118004,0.173259,0.2912629999999999,398.9196885,0.6810804571164722,0.131389274273906,706.0,0,0.9349136547473834,0.8626927285266245,0.9923726354215192,0.24584468607577176,0.2474364863130974
4314.964,-1.338642,-0.380245,21.559329,0.963751,0.294046,0.120456,0.002607,0.117849,0.1735899999999999,0.2914389999999999,398.850241,0.6788888824881475,0.1341842821301753,707.0,0,0.9354785902291836,0.8615595688632095,0.9942684985069834,0.24904309160917049,0.24681586041203313
4315.964,-1.337984,-0.3709225,21.556902,0.9631035,0.294465,0.1206204999999999,0.002558,0.1180625,0.1738444999999999,0.2919069999999999,399.119316,0.6791231294453983,0.1338855370738302,708.0,0,0.9369808050330611,0.86312040491572,0.9957261938400672,0.24857727084701592,0.24655524337632223
4316.964,-1.337326,-0.3616,21.554475,0.962456,0.294884,0.120785,0.002509,0.118276,0.1740989999999999,0.292375,399.388391,0.6793566915565769,0.1335876654306593,709.0,0,0.9384830198369389,0.8646812409682303,0.997183889173151,0.2510713466385572,0.2468990190938581
4317.964,-1.3324785,-0.3678165,21.555431499999997,0.965387,0.29425,0.1206935,0.0024855,0.118208,0.1735565,0.2917645,399.2718255,0.6810884000979502,0.1313791442535332,710.0,0,0.9365233998844449,0.8641841128578288,0.9940766211252224,0.24607740107330495,0.24728219990744016
4318.964,-1.327631,-0.374033,21.556388,0.968318,0.293616,0.120602,0.002462,0.11814,0.173014,0.2911539999999999,399.15526,0.6828309684131433,0.129156773147342,711.0,0,0.9345637799319506,0.8636869847474273,0.9909693530772932,0.2453257017239066,0.24749857981541706
4319.964,-1.332099,-0.3724685,21.5562215,0.9646605,0.2940994999999999,0.1207745,0.002393,0.1183815,0.1733249999999999,0.2917065,399.450993,0.682999088422972,0.1289423625850942,712.0,0,0.9363372279643062,0.8654525206101031,0.992750662502004,0.24506771309907938,0.24775751605477653
4320.964,-1.336567,-0.370904,21.556055,0.961003,0.294583,0.120947,0.002324,0.118623,0.1736359999999999,0.292259,399.746726,0.6831666061956843,0.1287287200813235,713.0,0,0.9381106759966616,0.8672180564727788,0.9945319719267156,0.2491669051472808,0.24766198414758747
4321.964,-1.333523,-0.370756,21.555449666666668,0.961572,0.2943473333333333,0.1207526666666666,0.0023786666666666,0.118374,0.1735946666666666,0.2919686666666666,399.61779766666666,0.681894901370426,0.1303505790550102,714.0,0,0.9371787464424041,0.8653976903038088,0.9942952276944925,0.2481349737305088,0.24752903525058204
4322.964,-1.330479,-0.370608,21.55484433333333,0.962141,0.2941116666666666,0.1205583333333333,0.0024333333333333,0.118125,0.1735533333333333,0.2916783333333334,399.48886933333335,0.6806225908120992,0.1319732105457097,715.0,0,0.936246816888147,0.8635773241348388,0.9940584834622697,0.24667670820957432,0.24714833777097392
4323.964,-1.327435,-0.37046,21.554239,0.96271,0.293876,0.120364,0.002488,0.117876,0.173512,0.291388,399.359941,0.6793496740878203,0.1335966151054968,716.0,0,0.9353148873338896,0.8617569579658689,0.9938217392300466,0.24843404846936695,0.24738400251058015
4324.964,-1.3288943333333332,-0.370472,21.555181,0.963176,0.2938396666666666,0.1203643333333333,0.0024913333333333,0.1178729999999999,0.1734753333333333,0.2913483333333334,399.30477033333335,0.6794759707856404,0.1334355435827361,717.0,0,0.9351875628597719,0.8617350258433505,0.9936117241853323,0.24808777253727993,0.24773859786938984
4325.964,-1.3303536666666669,-0.370484,21.556123,0.963642,0.2938033333333333,0.1203646666666666,0.0024946666666666,0.11787,0.1734386666666666,0.2913086666666666,399.24959966666665,0.6796023208839191,0.1332744039561109,718.0,0,0.9350602383856538,0.8617130937208335,0.993401709140618,0.24724778187696134,0.24822999337878143
4326.964,-1.331813,-0.370496,21.557065,0.964108,0.293767,0.120365,0.002498,0.117867,0.173402,0.291269,399.194429,0.6797287244165325,0.1331131961824178,719.0,0,0.9349329139115361,0.8616911615983158,0.9931916940959044,0.24726437184247624,0.24838987116013148
4327.964,-1.3296623333333333,-0.369054,21.554110666666663,0.9623883333333332,0.2939596666666667,0.1204073333333333,0.0025046666666666,0.1179026666666666,0.1735523333333333,0.291455,398.99867033333334,0.6793454461644836,0.1336020071550255,720.0,0,0.9355299480002567,0.8619519101660259,0.994052755779232,0.24843404846936695,0.24850121227900973
4328.964,-1.3275116666666666,-0.367612,21.551156333333335,0.9606686666666668,0.2941523333333333,0.1204496666666666,0.0025113333333333,0.1179383333333333,0.1737026666666667,0.291641,398.80291166666666,0.6789628313353584,0.1340899720363071,721.0,0,0.9361269820889772,0.8622126587337366,0.9949138174625602,0.2488716553120039,0.2483950068629203
4329.964,-1.325361,-0.36617,21.548202,0.958949,0.294345,0.120492,0.002518,0.117974,0.173853,0.291827,398.607153,0.6785808782081515,0.1345770930211334,722.0,0,0.9367240161776977,0.8624734073014474,0.9957748791458879,0.24998166819299494,0.24835393285865354
4330.964,-1.3293903333333337,-0.365781,21.550254666666667,0.9583666666666668,0.2944056666666667,0.120363,0.0024503333333333,0.1179126666666666,0.1740426666666666,0.2919553333333333,398.900518,0.677488982649948,0.1359696336282206,723.0,0,0.9371359482998435,0.8620250172410848,0.9968612296953632,0.2507656829607812,0.2485710192649348
4331.964,-1.333419666666667,-0.365392,21.55230733333333,0.9577843333333332,0.2944663333333333,0.120234,0.0023826666666666,0.1178513333333333,0.1742323333333333,0.2920836666666666,399.193883,0.6763994643198776,0.1373591424556813,724.0,0,0.9375478804219892,0.861576627180723,0.9979475802448391,0.24924838491929163,0.24886122863787263
4332.964,-1.337449,-0.365003,21.55436,0.957202,0.294527,0.120105,0.002315,0.11779,0.1744219999999999,0.2922119999999999,399.487248,0.6753123154629839,0.1387456293937397,725.0,0,0.9379598125441352,0.8611282371203612,0.9990339307943146,0.24561465404868016,0.24888768472328296
4333.964,-1.334446,-0.3678486666666666,21.553477666666662,0.959424,0.2943856666666666,0.120142,0.0023483333333333,0.1177936666666666,0.1742436666666666,0.2920373333333333,399.67133033333334,0.6760245172496911,0.1378373283195401,726.0,0,0.9373991568765914,0.8611550430478824,0.9980124939859324,0.2480233084266989,0.24857685004873692
4334.964,-1.3314430000000002,-0.3706943333333333,21.552595333333333,0.961646,0.2942443333333333,0.120179,0.0023816666666666,0.1177973333333333,0.1740653333333333,0.2918626666666666,399.85541266666667,0.676738178357293,0.136927166111655,727.0,0,0.9368385012090472,0.8611818489754043,0.9969910571775503,0.2502586366000929,0.248150138882623
4335.964,-1.32844,-0.37354,21.551713,0.963868,0.294103,0.120216,0.002415,0.117801,0.173887,0.291688,400.039495,0.6774533032756717,0.1360151370439475,728.0,0,0.9362778455415034,0.8612086549029262,0.9959696203691684,0.2501498756063393,0.24774661768216233
4336.964,-1.3366445,-0.372788,21.5520655,0.9653115,0.2938395,0.1203545,0.0024015,0.117953,0.173485,0.291438,399.3495769999999,0.6798992425901801,0.1328957271403774,729.0,0,0.9354753803684918,0.8623198824438235,0.9936670917880299,0.24752893269657955,0.24763300748149578
4337.964,-1.344849,-0.372036,21.552418,0.966755,0.293576,0.120493,0.002388,0.118105,0.173083,0.291188,398.659659,0.6823565436435488,0.1297618271304861,730.0,0,0.9346729151954805,0.8634311099847208,0.9913645632068915,0.2453257017239066,0.24776769057719453
4338.964,-1.3400156666666667,-0.3700863333333333,21.551574666666667,0.9641406666666666,0.2940176666666667,0.1207,0.0024423333333333,0.1182576666666666,0.1733176666666666,0.2915753333333333,398.95249233333334,0.6823135034502918,0.1298167181101196,731.0,0,0.9359162012368661,0.8645472113306215,0.9927086594930614,0.2446045436508646,0.24830248371269192
4339.964,-1.3351823333333332,-0.3681366666666666,21.55073133333333,0.9615263333333334,0.2944593333333333,0.120907,0.0024966666666666,0.1184103333333333,0.1735523333333333,0.2919626666666666,399.24532566666664,0.682270579648907,0.1298714606502735,732.0,0,0.9371594872782518,0.8656633126765231,0.994052755779232,0.24594645618838834,0.24792756019197731
4340.964,-1.330349,-0.366187,21.549888,0.958912,0.294901,0.121114,0.002551,0.118563,0.173787,0.29235,399.538159,0.6822277717679011,0.1299260553522634,733.0,0,0.9384027733196378,0.8667794140224245,0.9953968520654024,0.2496295809541158,0.24839966627624363
4341.964,-1.333473,-0.367845,21.551135666666667,0.961566,0.2947903333333334,0.1207696666666666,0.002495,0.1182746666666666,0.1740206666666666,0.2922953333333333,399.78926033333335,0.6796548322526886,0.1332074339855896,734.0,0,0.9382273009351392,0.8646714933582219,0.9967352206685348,0.25059521587627903,0.24825877342541586
4342.964,-1.336597,-0.369503,21.55238333333333,0.96422,0.2946796666666667,0.1204253333333333,0.002439,0.1179863333333333,0.1742543333333333,0.2922406666666666,400.0403616666667,0.6770887930737652,0.1364800123280704,735.0,0,0.9380518285506405,0.8625635726940201,0.9980735892716676,0.2509625854036542,0.24854272337976693
4343.964,-1.339721,-0.371161,21.553631,0.966874,0.294569,0.120081,0.002383,0.117698,0.174488,0.292186,400.291463,0.6745296265094073,0.1397438257343927,736.0,0,0.9378763561661423,0.8604556520298181,0.9994119578748005,0.2442740732195528,0.24889731873857665
4344.964,-1.329925,-0.355115,21.546063,0.963257,0.295071,0.121295,0.002422,0.118873,0.173776,0.292649,399.820449,0.6840548519079048,0.1275959027399165,737.0,0,0.9393625216665595,0.8690457333492546,0.9953338475519883,0.25497969744275606,0.2492787739277257
4345.964,-1.337694,-0.36768,21.5473185,0.9628485,0.2944695,0.1207675,0.002425,0.1183425,0.173702,0.2920445,399.4468545,0.6812922056613874,0.1311192223947948,738.0,0,0.9374221608782177,0.8651674030173728,0.9949099990072016,0.24874094709806138,0.24972097642226943
4346.964,-1.345463,-0.380245,21.548574,0.96244,0.293868,0.12024,0.002428,0.117812,0.173628,0.29144,399.07326,0.6785272045568425,0.1346455452997574,739.0,0,0.9354818000898759,0.8612890726854912,0.994486150462415,0.2503684322400905,0.24980259606294192
4347.964,-1.3301085,-0.3798815,21.5508815,0.9649055,0.294207,0.1204695,0.0024575,0.118012,0.1737375,0.2917495,399.0685575,0.6792507129968315,0.1337228243722057,740.0,0,0.9364752519740642,0.8627512141866718,0.9951133317550384,0.2488716553120039,0.249259427463897
4348.964,-1.314754,-0.379518,21.553189,0.967371,0.294546,0.120699,0.002487,0.118212,0.1738469999999999,0.2920589999999999,399.063855,0.6799733100179468,0.1328012658157088,741.0,0,0.9374687038582521,0.8642133556878524,0.9957405130476613,0.2484190955423552,0.24902089600823324
4349.964,-1.329285,-0.360919,21.547875,0.962002,0.29448,0.120463,0.00232,0.118143,0.174017,0.29216,399.268008,0.6789125262903836,0.1341541281887361,742.0,0,0.937792899788149,0.8637089168699451,0.9967142191640638,0.25036848113382554,0.24945121577097953
4350.964,-1.327143,-0.3613564999999999,21.547962,0.9630515,0.2938435,0.120008,0.0023915,0.1176165,0.1738355,0.291452,399.21618,0.6765926603446341,0.1371127513905471,743.0,0,0.9355203184181805,0.859859829368087,0.9956746446927289,0.25044577736084067,0.24881097311140551
4351.964,-1.325001,-0.361794,21.548049,0.964101,0.293207,0.1195529999999999,0.002463,0.11709,0.173654,0.290744,399.164352,0.674267945063488,0.1400775591549805,744.0,0,0.933247737048212,0.8560107418662288,0.9946350702213941,0.24516352988583007,0.24876013114809767
4352.964,-1.351761,-0.364025,21.560636,0.969326,0.294402,0.120533,0.002473,0.11806,0.173869,0.291929,398.912248,0.6790130557312934,0.1340259187390109,745.0,0,0.9370514219682864,0.8631021281469551,0.9958665220744903,0.24857727084701592,0.2485879933914399
4353.964,-1.346068,-0.362114,21.55642,0.9686445,0.2943595,0.1205055,0.0024315,0.118074,0.173854,0.2919279999999999,399.2287475,0.6791521670357481,0.1338485042061807,746.0,0,0.9370482121075941,0.8632044780520378,0.9957806068289256,0.24857727084701592,0.2484074893335956
4354.964,-1.340375,-0.360203,21.552204,0.967963,0.294317,0.120478,0.00239,0.118088,0.173839,0.291927,399.545247,0.6792913023469858,0.1336710590564844,747.0,0,0.9370450022469023,0.8633068279571204,0.9956946915833607,0.24857727084701592,0.24862656319157073
4355.964,-1.3389063333333333,-0.35691,21.551554333333332,0.968238,0.2942083333333333,0.1204546666666666,0.0023933333333333,0.1180613333333333,0.1737536666666666,0.291815,399.2712026666667,0.6794714386568034,0.1334413235984113,748.0,0,0.9366854978493931,0.8631118757569627,0.9952059292974802,0.24823252746498337,0.24849873705387227
4356.964,-1.3374376666666667,-0.353617,21.550904666666668,0.968513,0.2940996666666666,0.1204313333333333,0.0023966666666666,0.1180346666666666,0.1736683333333333,0.291703,398.99715833333335,0.6796517519884532,0.1332113623769052,749.0,0,0.936325993451884,0.862916923556805,0.9947171670116003,0.24864705467351228,0.2483477790186289
4357.964,-1.335969,-0.350324,21.550255,0.968788,0.293991,0.120408,0.0024,0.118008,0.173583,0.291591,398.723114,0.6798322426030049,0.1329811750590129,750.0,0,0.9359664890543749,0.8627219713566482,0.9942284047257203,0.24706661473356134,0.24885728969005516
4358.964,-1.333639,-0.356378,21.5504445,0.9699235,0.2939589999999999,0.1201895,0.0024045,0.117785,0.1737695,0.2915545,398.653683,0.6778193076500328,0.1355483561784698,751.0,0,0.9358493291391152,0.8610916835828317,0.9952966176122434,0.2506098341221062,0.2490761309014317
4359.964,-1.331309,-0.362432,21.550634,0.971059,0.293927,0.119971,0.002409,0.117562,0.173956,0.291518,398.584252,0.6758106888483936,0.1381100327275013,752.0,0,0.9357321692238556,0.8594613958090153,0.9963648304987666,0.2490902197568412,0.2492442674767394
4360.964,-1.332896,-0.3571743333333333,21.54870933333333,0.9700893333333334,0.2940473333333333,0.1200553333333333,0.0023846666666666,0.1176706666666666,0.173992,0.2916626666666667,398.40097433333335,0.6762954065201858,0.1374918517706578,753.0,0,0.9361965290706382,0.8602558260246563,0.9965710270881223,0.2489361970084068,0.24922493488911482
4361.964,-1.334483,-0.3519166666666666,21.546784666666667,0.9691196666666666,0.2941676666666666,0.1201396666666666,0.0023603333333333,0.1177793333333333,0.174028,0.2918073333333333,398.21769666666665,0.6767799236525713,0.1368739265702051,754.0,0,0.9366608889174208,0.8610502562402981,0.9967772236774779,0.2502586366000929,0.2494782504386946
4362.964,-1.33607,-0.346659,21.54486,0.96815,0.294288,0.120224,0.002336,0.117888,0.174064,0.291952,398.034419,0.6772642403699768,0.1362562569674567,755.0,0,0.9371252487642034,0.8618446864559398,0.9969834202668336,0.2507656829607812,0.24967452838355397
4363.964,-1.3333265,-0.353327,21.5476395,0.9711535,0.2942395,0.1201585,0.002365,0.1177935,0.1740809999999999,0.2918745,398.6502105,0.6766552544203307,0.1370329225172488,756.0,0,0.9368764845605699,0.8611538245966318,0.9970807908784732,0.2502586366000929,0.24993784694209106
4364.964,-1.330583,-0.359995,21.550419,0.974157,0.294191,0.1200929999999999,0.002394,0.117699,0.1740979999999999,0.291797,399.266002,0.6760463874002723,0.1378094363911055,757.0,0,0.9366277203569363,0.860462962737324,0.9971781614901134,0.2483839449707697,0.2494300249540776
4365.964,-1.3301373333333333,-0.3554756666666667,21.549034,0.973768,0.294072,0.1201436666666666,0.0024126666666666,0.117731,0.1739283333333333,0.2916593333333333,399.1542176666667,0.6768898479842388,0.1367337354187677,758.0,0,0.9361858295349981,0.860696905377513,0.9962063646013912,0.2507656829607812,0.24907154924712946
4366.964,-1.3296916666666667,-0.3509563333333333,21.547649,0.973379,0.2939529999999999,0.1201943333333333,0.0024313333333333,0.1177629999999999,0.1737586666666666,0.2915216666666666,399.04243333333335,0.6777349557530613,0.1356559337218852,759.0,0,0.9357439387130596,0.860930848017701,0.9952345677126684,0.2506098341221062,0.24861518176795694
4367.964,-1.329246,-0.346437,21.546264,0.97299,0.293834,0.1202449999999999,0.00245,0.117795,0.173589,0.291384,398.930649,0.6785817155366093,0.1345760251407211,760.0,0,0.9353020478911214,0.8611647906578908,0.9942627708239462,0.24969980031893213,0.24817995805539392
4368.964,-1.3233305,-0.3643245,21.5449945,0.975303,0.2937054999999999,0.1203789999999999,0.002548,0.1178309999999999,0.1733265,0.2911574999999999,399.1943255,0.6798171092296376,0.1330004752904113,761.0,0,0.9345750144443726,0.8614279761281025,0.9927592540265611,0.24553161424197173,0.2478909574681702
4369.964,-1.317415,-0.382212,21.543725,0.977616,0.293577,0.120513,0.002646,0.117867,0.173064,0.290931,399.458002,0.681056250541704,0.131420145942968,762.0,0,0.9338479809976246,0.8616911615983158,0.991255737229176,0.24550546268735968,0.24786326062746036
4370.964,-1.3167323333333334,-0.3715186666666666,21.545195,0.9766183333333334,0.2937743333333333,0.1205573333333333,0.0026523333333333,0.117905,0.173217,0.291122,399.5460116666667,0.680674063896362,0.131907564743353,763.0,0,0.9344610643898054,0.8619689684835401,0.9921320727339377,0.24437252221668176,0.24801482992086243
4371.964,-1.3160496666666666,-0.3608253333333333,21.546664999999997,0.9756206666666668,0.2939716666666667,0.1206016666666666,0.0026586666666666,0.117943,0.17337,0.291313,399.63402133333335,0.6802925518108563,0.1323941232490358,764.0,0,0.935074147781986,0.8622467753687645,0.9930084082386992,0.2459063994744624,0.24769465161947357
4372.964,-1.315367,-0.350132,21.548135,0.974623,0.294169,0.120646,0.002665,0.117981,0.173523,0.291504,399.722031,0.6799117125008644,0.1328798237356386,765.0,0,0.9356872311741669,0.8625245822539888,0.9938847437434609,0.2478756770885439,0.2471842663389951
4373.964,-1.320066,-0.35617,21.5491915,0.9761265,0.2944075,0.1205505,0.0026225,0.117928,0.173857,0.291785,399.536975,0.6783006821659053,0.1349344388898307,766.0,0,0.9365892020286319,0.8621371147561759,0.9957977898780386,0.24998166819299494,0.24729085460318
4374.964,-1.324765,-0.362208,21.550248,0.97763,0.294646,0.1204549999999999,0.00258,0.117875,0.174191,0.292066,399.351919,0.6766958298888581,0.1369811749053536,767.0,0,0.9374911728830967,0.861749647258363,0.9977108360126162,0.24989963790479025,0.24757608767605982
4375.964,-1.3152819999999998,-0.3585,21.5487385,0.977728,0.294432,0.1207435,0.002623,0.1181204999999999,0.1736885,0.291809,399.335417,0.680067016140872,0.1326817584321266,768.0,0,0.9366662386852409,0.8635444259510616,0.9948326752861931,0.24756389994689243,0.2477492643964027
4376.964,-1.305799,-0.354792,21.547229,0.977826,0.294218,0.121032,0.002666,0.118366,0.1731859999999999,0.291552,399.318915,0.6834577653057101,0.1283573925484031,769.0,0,0.935841304487385,0.8653392046437616,0.9919545145597697,0.24550598131732188,0.24832699973536848
4377.964,-1.305763,-0.371326,21.549099,0.980456,0.294183,0.120268,0.002505,0.117763,0.173915,0.291678,399.381088,0.6771257388624394,0.1364328938004757,770.0,0,0.9362457469345828,0.8609308480177019,0.9961299954942225,0.2507656829607812,0.24857976463485892
4378.964,-1.2979715,-0.349375,21.547114,0.9793055,0.294353,0.1202505,0.002528,0.1177225,0.1741025,0.291825,399.2792795,0.676163891018848,0.1376595790543695,771.0,0,0.9367175964563137,0.8606347643637127,0.9972039360637834,0.2483839449707697,0.24832911572396216
4379.964,-1.29018,-0.327424,21.545129,0.978155,0.294523,0.1202329999999999,0.002551,0.117682,0.17429,0.2919719999999999,399.177471,0.675204112662157,0.1388836250040523,772.0,0,0.9371894459780441,0.8603386807097236,0.9982778766333442,0.2472372298907886,0.2479787513461575
4380.964,-1.2974806666666667,-0.3399556666666666,21.545180666666667,0.978271,0.2942593333333333,0.1203523333333333,0.0025796666666666,0.1177726666666666,0.173907,0.2916796666666666,399.23950633333334,0.6772124724950358,0.1363222787288388,773.0,0,0.9362510967024028,0.8610015181902584,0.9960841740299214,0.2501498756063393,0.2478452360316123
4381.964,-1.3047813333333331,-0.3524873333333333,21.54523233333333,0.978387,0.2939956666666666,0.1204716666666666,0.0026083333333333,0.1178633333333333,0.1735239999999999,0.2913873333333333,399.3015416666667,0.6792296979301734,0.1337496257759317,774.0,0,0.9353127474267614,0.8616643556707939,0.993890471426498,0.24843404846936695,0.24799525918230292
4382.964,-1.312082,-0.365019,21.545284,0.978503,0.293732,0.120591,0.002637,0.117954,0.173141,0.291095,399.363577,0.6812558478012268,0.1311655911122787,775.0,0,0.9343743981511201,0.8623271931513294,0.9916967688230756,0.24536918797957646,0.24835924708289742
4383.964,-1.3112255,-0.3682125,21.546227,0.97961,0.2941979999999999,0.1208005,0.0025725,0.118228,0.1733974999999999,0.2916255,399.2529195,0.6818282741776891,0.1304355515331243,776.0,0,0.9360772292482504,0.8643303270079469,0.9931659195222342,0.24647802441494832,0.2482825286501953
4384.964,-1.310369,-0.371406,21.54717,0.980717,0.294664,0.1210099999999999,0.002508,0.118502,0.1736539999999999,0.2921559999999999,399.142262,0.6823990095303908,0.1297076685881245,777.0,0,0.9377800603453806,0.8663334608645644,0.9946350702213934,0.24856448475933846,0.24852291720833658
4385.964,-1.312477,-0.3637483333333333,21.547078000000003,0.9809256666666666,0.2946913333333333,0.1209223333333333,0.0025126666666666,0.1184096666666666,0.1737689999999999,0.2921786666666666,398.956008,0.6814160480328404,0.1309612809783007,778.0,0,0.9378528171877337,0.8656584388715188,0.995293753770724,0.24906413145379797,0.2488757625153358
4386.964,-1.314585,-0.3560906666666666,21.546986,0.9811343333333332,0.2947186666666667,0.1208346666666666,0.0025173333333333,0.1183173333333333,0.173884,0.2922013333333333,398.769754,0.6804343867115237,0.1322132351987113,779.0,0,0.9379255740300869,0.864983416878474,0.9959524373200553,0.24914586032326747,0.24885894177400142
4387.964,-1.316693,-0.348433,21.546894,0.981343,0.294746,0.120747,0.002522,0.118225,0.173999,0.292224,398.5835,0.6794540229885057,0.1334635345371059,780.0,0,0.93799833087244,0.8643083948854292,0.9966111208693859,0.2499984986337596,0.24896840064692194
4388.964,-1.3141189999999998,-0.355944,21.549651500000003,0.98326,0.2946094999999999,0.1206105,0.002542,0.1180684999999999,0.173999,0.2920675,399.0683765,0.6785545977011496,0.134610609663728,781.0,0,0.9374959876741348,0.8631642691607546,0.9966111208693859,0.25078783055218257,0.24926703627243244
4389.964,-1.311545,-0.363455,21.552409,0.985177,0.294473,0.120474,0.002562,0.117912,0.173999,0.291911,399.553253,0.6776551724137931,0.1357576847903506,782.0,0,0.9369936444758296,0.8620201434360815,0.9966111208693859,0.2507656829607812,0.24907968819602408
4390.964,-1.3084416666666667,-0.363079,21.550085666666668,0.9846526666666666,0.2943093333333333,0.12045,0.0025566666666666,0.1178933333333333,0.1738593333333333,0.2917526666666666,399.39866133333334,0.6780921851064361,0.1352003440119715,783.0,0,0.9364854165329222,0.861883676895971,0.9958111544717929,0.24998166819299494,0.248814296651997
4391.964,-1.3053383333333333,-0.362703,21.54776233333333,0.9841283333333334,0.2941456666666667,0.120426,0.0025513333333333,0.1178746666666666,0.1737196666666666,0.2915943333333333,399.24406966666663,0.6785299004915937,0.1346421070600952,784.0,0,0.9359771885900149,0.8617472103558605,0.9950111880741999,0.2495286371985726,0.2484584816383494
4392.964,-1.302235,-0.362327,21.545439,0.983604,0.293982,0.120402,0.002546,0.117856,0.17358,0.291436,399.089478,0.6789683202654668,0.1340829717714849,785.0,0,0.9354689606471077,0.8616107438157509,0.9942112216766075,0.24835554423468126,0.24818774484607947
4393.964,-1.3068795,-0.359178,21.5468295,0.983735,0.29411,0.1208395,0.002552,0.1182875,0.1732705,0.291558,399.357172,0.6826714145142163,0.1293602589858965,786.0,0,0.9358605636515374,0.8647653141045482,0.9924385037764523,0.2446045436508646,0.24807506051390388
4394.964,-1.311524,-0.356029,21.54822,0.983866,0.294238,0.121277,0.002558,0.118719,0.1729609999999999,0.29168,399.624866,0.6863877614736186,0.1246206444576465,787.0,0,0.936252166655967,0.8679198843933456,0.9906657858762967,0.2459105693190678,0.2481494735321405
4395.964,-1.3114505,-0.3488475,21.545887,0.983209,0.294072,0.120913,0.0025635,0.1183495,0.1731589999999999,0.2915085,399.6805205,0.683469045969046,0.1283430058411288,788.0,0,0.9357016755472811,0.8652185779699142,0.9917998671177529,0.24550598131732188,0.24782378327952462
4396.964,-1.311377,-0.341666,21.543554,0.982552,0.293906,0.120549,0.002569,0.11798,0.1733569999999999,0.291337,399.736175,0.6805569976580257,0.1320568642705628,789.0,0,0.9351511844385952,0.8625172715464828,0.9929339483592091,0.24643849240056798,0.247699509624023
4397.964,-1.296019,-0.3496055,21.5452215,0.9826825,0.294219,0.120515,0.002498,0.118017,0.173704,0.291721,399.6293055,0.6794104948044098,0.1335190478721046,790.0,0,0.9363837709443409,0.8627877677242013,0.9949214543732768,0.2488716553120039,0.24763381143536617
4398.964,-1.280661,-0.357545,21.546889,0.982813,0.294532,0.120481,0.002427,0.118054,0.174051,0.292105,399.522436,0.6782685634178292,0.1349754012883026,791.0,0,0.9376163574500865,0.8630582639019198,0.9969089603873441,0.25153196073454903,0.2476854225430984
4399.964,-1.265538,-0.367215,21.545076,0.985004,0.294155,0.120563,0.002512,0.118051,0.173592,0.291643,399.86482,0.6800447022633401,0.1327102162643169,792.0,0,0.9361334018103613,0.8630363317794021,0.9942799538730592,0.24750878043462227,0.2481887780038436
4400.964,-1.279623,-0.357126,21.545282,0.9839085,0.294191,0.120554,0.002578,0.117976,0.1736369999999999,0.291613,399.657457,0.6794365288704086,0.133485845526149,793.0,0,0.9360371059896,0.8624880287164592,0.9945376996097532,0.24873893163797894,0.24835411106662608
4401.964,-1.293708,-0.347037,21.545488,0.982813,0.294227,0.120545,0.002644,0.117901,0.173682,0.291583,399.450094,0.678828670624068,0.1342610728681988,794.0,0,0.9359408101688385,0.8619397256535165,0.9947954453464485,0.2488716553120039,0.24841125304222436
4402.964,-1.2956515,-0.3529489999999999,21.5442255,0.984094,0.294229,0.1204955,0.002587,0.1179085,0.1737335,0.291642,399.457584,0.6786706152203505,0.1344626476124063,795.0,0,0.9361301919496693,0.8619945559598108,0.9950904210228879,0.2488716553120039,0.2483404025953599
4403.964,-1.297595,-0.358861,21.542963,0.985375,0.294231,0.120446,0.00253,0.117916,0.173785,0.291701,399.465074,0.6785126534933769,0.1346641028866987,796.0,0,0.9363195737304999,0.862049386266105,0.9953853966993271,0.2496380982583165,0.24783716426249777
4404.964,-1.2946356666666667,-0.3547006666666666,21.544184,0.9866516666666668,0.2942496666666667,0.120576,0.002474,0.118102,0.1736736666666667,0.2917756666666667,399.426531,0.6800185787986733,0.1327435326241766,797.0,0,0.9365592433288396,0.8634091778622031,0.9947477146544681,0.24756389994689243,0.24726807181684468
4405.964,-1.2916763333333332,-0.3505403333333333,21.545405,0.9879283333333332,0.2942683333333333,0.120706,0.002418,0.118288,0.1735623333333333,0.2918503333333334,399.387988,0.6815264360752079,0.1308204984369864,798.0,0,0.936798912927179,0.8647689694583012,0.9941100326096085,0.24607740107330495,0.24730058409840688
4406.964,-1.288717,-0.34638,21.546626,0.989205,0.294287,0.120836,0.002362,0.118474,0.173451,0.291925,399.349445,0.6830362290431934,0.1288949955805834,799.0,0,0.9370385825255182,0.8661287610543992,0.9934723505647495,0.2457299879319232,0.24727009578154574
4407.964,-1.2786035,-0.352044,21.5435135,0.986168,0.2941345,0.1207709999999999,0.002441,0.1183299999999999,0.1733635,0.2916935,399.3137195,0.6825503491199176,0.1295146588059226,800.0,0,0.9362954997753096,0.8650760191735483,0.9929711782989545,0.24383927198338234,0.24743299340319297
4408.964,-1.26849,-0.357708,21.540401,0.983131,0.293982,0.120706,0.00252,0.118186,0.173276,0.291462,399.277994,0.6820639784853153,0.1301349478561803,801.0,0,0.935552417025101,0.864023277292699,0.9924700060331595,0.24584103627801845,0.2475171069388625
4409.964,-1.272741,-0.355189,21.540978,0.9844783333333332,0.293902,0.1204863333333333,0.0024656666666666,0.1180206666666666,0.1734156666666667,0.2914363333333333,399.30878533333333,0.6805612686208553,0.1320514173309477,802.0,0,0.9354700306006717,0.8628145736517224,0.9932699724307524,0.2478339032502445,0.24734086482188525
4410.964,-1.276992,-0.35267,21.541555,0.9858256666666666,0.293822,0.1202666666666666,0.0024113333333333,0.1178553333333333,0.1735553333333333,0.2914106666666666,399.33957666666663,0.6790609773195637,0.133964802309769,803.0,0,0.9353876441762424,0.8616058700107466,0.994069938828345,0.24843404846936695,0.24717057493541042
4411.964,-1.281243,-0.350151,21.542132,0.987173,0.293742,0.120047,0.002357,0.11769,0.173695,0.291385,399.370368,0.6775630987472366,0.1358751102332513,804.0,0,0.9353052577518135,0.8603971663697709,0.9948699052259379,0.25050063152847635,0.24707955477786347
4412.964,-1.281411,-0.3472935,21.544409,0.989033,0.2938865,0.1202655,0.002434,0.1178315,0.173621,0.2914525,399.399993,0.6786668740136618,0.1344674189315994,805.0,0,0.9355219233485266,0.8614316314818563,0.9944460566811513,0.24971279066869911,0.2469785597144906
4413.964,-1.281579,-0.344436,21.546686,0.990893,0.294031,0.120484,0.002511,0.117973,0.173547,0.29152,399.429618,0.6797715905686035,0.1330585271648731,806.0,0,0.9357385889452396,0.8624660965939415,0.9940222081363647,0.2478756770885439,0.2470797683756616
4414.964,-1.2858715,-0.34543,21.546561,0.992471,0.2941089999999999,0.1206795,0.002438,0.1182415,0.1734295,0.291671,399.488596,0.6817803096917787,0.1304967226715417,807.0,0,0.9362232779097387,0.8644290215592766,0.9933492053794398,0.2458610010821446,0.24706857954505193
4415.964,-1.290164,-0.346424,21.546436,0.994049,0.294187,0.120875,0.002365,0.11851,0.1733119999999999,0.2918219999999999,399.547574,0.6837917524940427,0.1279314445550208,808.0,0,0.9367079668742373,0.8663919465246117,0.9926762026225145,0.24516719949783522,0.24703808248968545
4416.964,-1.283985333333333,-0.346726,21.546991333333334,0.9935083333333332,0.2941973333333333,0.1208216666666666,0.002408,0.1184136666666666,0.1733756666666666,0.2917893333333333,399.49475333333334,0.6829850229750256,0.1289603008460158,809.0,0,0.9366031114249639,0.8656876817015424,0.9930408651092456,0.2447200372981947,0.2470034548964767
4417.964,-1.2778066666666668,-0.347028,21.547546666666666,0.9929676666666666,0.2942076666666666,0.1207683333333333,0.002451,0.1183173333333333,0.1734393333333333,0.2917566666666666,399.4419326666667,0.6821788857263115,0.1299884017896326,810.0,0,0.9364982559756904,0.864983416878474,0.9934055275959767,0.24485135859509238,0.246791173615332
4418.964,-1.271628,-0.34733,21.548102,0.992427,0.294218,0.120715,0.002494,0.118221,0.1735029999999999,0.291724,399.389112,0.6813733400959058,0.1310157482173873,811.0,0,0.936393400526417,0.8642791520554056,0.9937701900827072,0.24572914797192158,0.2465629700776429
4419.964,-1.2810535,-0.3395555,21.546954,0.9923195,0.2940545,0.1205525,0.002505,0.1180475,0.173502,0.2915495,399.749233,0.6803772845426305,0.1322860600108822,812.0,0,0.9358332798356551,0.8630107443031313,0.99376446239967,0.24752893269657955,0.24649454152332878
4420.964,-1.290479,-0.331781,21.545806,0.992212,0.293891,0.12039,0.002516,0.117874,0.173501,0.291375,400.109354,0.6793812175075792,0.1335563864475719,813.0,0,0.935273159144893,0.8617423365508572,0.9937587347166323,0.24808777253727993,0.24673169416161272
4421.964,-1.2895703333333333,-0.336071,21.545643333333334,0.9945423333333332,0.2940686666666667,0.1204863333333333,0.0025016666666666,0.1179846666666666,0.1735823333333333,0.291567,399.82839533333333,0.6797004320691311,0.1331492786102015,814.0,0,0.9358894523977659,0.8625513881815099,0.9942245862703618,0.2483778187170293,0.24722996177246306
4422.964,-1.2886616666666666,-0.3403609999999999,21.545480666666663,0.9968726666666666,0.2942463333333333,0.1205826666666666,0.0024873333333333,0.1180953333333333,0.1736636666666667,0.291759,399.5474366666666,0.6800193476316426,0.132742552098959,815.0,0,0.9365057456506386,0.8633604398121635,0.9946904378240915,0.2474307552918083,0.24770849805965608
4423.964,-1.287753,-0.344651,21.545318,0.999203,0.294424,0.120679,0.002473,0.118206,0.173745,0.291951,399.266478,0.6803379646150127,0.1323362063783293,816.0,0,0.9371220389035115,0.8641694914428171,0.995156289377821,0.24719139154540248,0.24820931855789868
4424.964,-1.2818965,-0.3547884999999999,21.5459485,0.9991505,0.294341,0.1205155,0.002405,0.1181105,0.1738255,0.291936,398.8532955,0.6794734979994419,0.1334386972316068,817.0,0,0.9370738909931307,0.8634713188760033,0.9956173678623522,0.24823252746498337,0.24832549862709521
4425.964,-1.27604,-0.364926,21.546579,0.999098,0.294258,0.120352,0.002337,0.118015,0.173906,0.291921,398.440113,0.6786098316916512,0.1345401674185086,818.0,0,0.93702574308275,0.8627731463091894,0.9960784463468838,0.2501498756063393,0.24800423434073587
4426.964,-1.2839265000000002,-0.3523395,21.54629,0.99722,0.2945675,0.1207189999999999,0.002417,0.1183019999999999,0.1738485,0.2921505,398.699455,0.6804851322551977,0.1321485172596521,819.0,0,0.9377624061115746,0.864871319363383,0.9957491045722183,0.2495054001701244,0.2479385326161887
4427.964,-1.291813,-0.339753,21.546001,0.995342,0.294877,0.121086,0.002497,0.118589,0.173791,0.29238,398.958797,0.6823616737249125,0.1297552845206523,820.0,0,0.9384990691403992,0.866969492417578,0.9954197627975531,0.24985956357751854,0.24809891756378527
4428.964,-1.2876495,-0.3497995,21.5454995,0.999252,0.2945355,0.1209565,0.0024765,0.11848,0.1735789999999999,0.2920589999999999,398.881899,0.682567116027192,0.1294932752596124,821.0,0,0.9374687038582521,0.8661726252994346,0.9942054939935692,0.246890948663887,0.24843241033068258
4429.964,-1.283486,-0.359846,21.544998,1.003162,0.294194,0.120827,0.002456,0.118371,0.173367,0.291738,398.805001,0.6827730607724609,0.1292306252117679,822.0,0,0.9364383385761057,0.8653757581812911,0.9929912251895863,0.24431628983298592,0.24878983947222041
4430.964,-1.283551,-0.356083,21.545842,1.0022505000000002,0.2941585,0.120548,0.00247,0.118078,0.1736105,0.2916885,398.935608,0.6801277565138254,0.1326042936643731,823.0,0,0.9362794504718495,0.8632337208820614,0.994385916009256,0.2474307552918083,0.249119782799177
4431.964,-1.283616,-0.35232,21.546686,1.001339,0.294123,0.120269,0.002484,0.117785,0.173854,0.291639,399.066215,0.6774898622415231,0.1359685118478665,824.0,0,0.9361205623675931,0.8610916835828317,0.9957806068289256,0.24998166819299494,0.24900292434573285
4432.964,-1.2874956666666668,-0.351002,21.546305333333333,1.000956,0.2942186666666667,0.1202803333333333,0.00244,0.1178403333333333,0.1739383333333333,0.2917786666666667,399.2706553333333,0.6774795043482593,0.1359817217074225,825.0,0,0.9365688729109156,0.8614962093981581,0.9962636414317678,0.2507656829607812,0.2487968118829662
4433.964,-1.291375333333333,-0.349684,21.545924666666668,1.000573,0.2943143333333333,0.1202916666666666,0.002396,0.1178956666666666,0.1740226666666667,0.2919183333333333,399.4750956666667,0.6774691564940399,0.1359949187637603,826.0,0,0.9370171834542378,0.8619007352134845,0.9967466760346105,0.2507656829607812,0.2483837703224065
4434.964,-1.295255,-0.348366,21.545544,1.00019,0.29441,0.120303,0.002352,0.117951,0.174107,0.292058,399.679536,0.6774588186642773,0.1360081030354845,827.0,0,0.9374654939975603,0.8623052610288117,0.997229710637453,0.25153196073454903,0.24832398626679017
4435.964,-1.29174,-0.3447225,21.5433305,0.9992235,0.29414,0.1203644999999999,0.0023664999999999,0.1179979999999999,0.1737755,0.2917735,399.4805535,0.6790216168469267,0.1340150003859946,828.0,0,0.9365522886306734,0.8626488642815884,0.9953309837104695,0.2489812910718977,0.24827456174676582
4436.964,-1.288225,-0.341079,21.541117,0.998257,0.29387,0.1204259999999999,0.002381,0.118045,0.173444,0.291489,399.281571,0.6805903888840841,0.1320142790270774,829.0,0,0.9356390832637862,0.8629924675343665,0.9934322567834858,0.24744427554245807,0.24815868420955675
4437.964,-1.286282,-0.3417005,21.5405965,0.9989045,0.294094,0.1206085,0.0024005,0.118208,0.1734855,0.2916935,399.2035895,0.6813671380770262,0.1310236579144924,830.0,0,0.9362954997753096,0.8641841128578288,0.9936699556295486,0.24572914797192158,0.24773578395031498
4438.964,-1.284339,-0.342322,21.540076,0.999552,0.294318,0.120791,0.00242,0.118371,0.173527,0.291898,399.125608,0.6821435157438569,0.1300335106248779,831.0,0,0.936951916286833,0.8653757581812911,0.9939076544756115,0.2462931081077236,0.24736752118958444
4439.964,-1.2854875,-0.340517,21.541684,1.0020790000000002,0.294012,0.120783,0.0023959999999999,0.1183869999999999,0.173229,0.291616,399.393173,0.6834093401835708,0.1284191511556944,832.0,0,0.9360467355716761,0.8654927295013848,0.9922008049303895,0.2438220446327427,0.2471648460573042
4440.964,-1.286636,-0.338712,21.543292,1.004606,0.293706,0.120775,0.002372,0.118403,0.172931,0.291334,399.660738,0.6846795272130084,0.1267992278912408,833.0,0,0.9351415548565191,0.8656097008214799,0.9904939553851676,0.24627197991971767,0.24679921769270372
4441.964,-1.2835653333333332,-0.3407336666666666,21.543756333333334,1.0037326666666668,0.293854,0.120681,0.0024253333333333,0.1182556666666666,0.173173,0.2914286666666667,399.37750866666664,0.682871947674978,0.1291045105607562,834.0,0,0.9354454216686996,0.8645325899156098,0.9918800546802806,0.2457526656005769,0.24660939412086158
4442.964,-1.2804946666666666,-0.3427553333333333,21.544220666666668,1.002859333333333,0.294002,0.120587,0.0024786666666666,0.1181083333333333,0.173415,0.2915233333333333,399.09427933333336,0.681069413049161,0.1314033592402589,835.0,0,0.9357492884808797,0.8634554790097403,0.993266153975394,0.24708305535347608,0.2464490701944176
4443.964,-1.277424,-0.344777,21.544685,1.001986,0.29415,0.120493,0.002532,0.117961,0.173657,0.291618,398.81105,0.6792719022446417,0.1336958008278862,836.0,0,0.9360531552930601,0.8623783681038707,0.994652253270507,0.24873893163797894,0.24654832860363646
4444.964,-1.2759853333333333,-0.3465683333333333,21.545198666666668,1.0015796666666668,0.2940573333333333,0.1205196666666666,0.0024846666666666,0.118035,0.1735376666666666,0.2915726666666667,398.879352,0.6801654194262181,0.1325562605585564,837.0,0,0.9359076416083542,0.8629193604593076,0.9939687497613461,0.2478756770885439,0.24735182428047559
4445.964,-1.2745466666666665,-0.3483596666666667,21.545712333333334,1.0011733333333332,0.2939646666666667,0.1205463333333333,0.0024373333333333,0.1181089999999999,0.1734183333333333,0.2915273333333333,398.947654,0.6810601663021039,0.1314151520080414,838.0,0,0.9357621279236479,0.8634603528147436,0.993285246252186,0.24708305535347608,0.24790750434436754
4446.964,-1.273108,-0.350151,21.546226,1.000767,0.293872,0.120573,0.00239,0.118183,0.173299,0.291482,399.015956,0.6819561454125792,0.1302724719366144,839.0,0,0.9356166142389419,0.8640013451701812,0.9926017427430256,0.24584103627801845,0.2481367548283296
4447.964,-1.277568,-0.3505264999999999,21.54656,1.0022175,0.294419,0.120863,0.002398,0.118465,0.173556,0.292021,399.08556,0.6825711437740916,0.1294881385035641,840.0,0,0.9373467291519546,0.8660629646868461,0.9940737572837035,0.24672173206411036,0.24833083600538958
4448.964,-1.282028,-0.350902,21.546894,1.003668,0.294966,0.121153,0.002406,0.118747,0.173813,0.29256,399.155164,0.6831843234722175,0.1287061244888842,841.0,0,0.9390768440649674,0.8681245842035108,0.9955457718243815,0.25432806487611487,0.24869909876612012
4449.964,-1.284705,-0.3425866666666666,21.54368,1.0039606666666667,0.2947146666666667,0.1209806666666666,0.002358,0.1186226666666666,0.173734,0.2923566666666666,399.364516,0.6827793286710603,0.1292226314954687,842.0,0,0.9384241723909179,0.8672156195702763,0.9950932848644066,0.24937884527166182,0.2483944165723618
4450.964,-1.287382,-0.3342713333333333,21.540466,1.0042533333333332,0.2944633333333333,0.1208083333333333,0.00231,0.1184983333333333,0.1736549999999999,0.2921533333333333,399.573868,0.6823739653875096,0.1297396084432414,843.0,0,0.9377715007168688,0.8663066549370426,0.994640797904431,0.24856448475933846,0.24863271252351668
4451.964,-1.290059,-0.325956,21.537252,1.004546,0.294212,0.120636,0.002262,0.118374,0.1735759999999999,0.29195,399.78322,0.6819682331184431,0.1302570559738552,844.0,0,0.9371188290428194,0.8653976903038088,0.9941883109444561,0.24769347737117703,0.24874250426004663
4452.964,-1.2925145,-0.327215,21.5397795,1.0054949999999998,0.294165,0.1202275,0.0023395,0.1178879999999999,0.1739374999999999,0.2918254999999999,399.2328179999999,0.6777567933493734,0.1356280833112875,845.0,0,0.9367192013866594,0.861844686455939,0.9962588683625694,0.2507656829607812,0.248770523639595
4453.964,-1.29497,-0.328474,21.542307,1.006444,0.294118,0.119819,0.002417,0.117402,0.1742989999999999,0.291701,398.682416,0.6735628227194493,0.1409768315163901,846.0,0,0.9363195737304999,0.8582916826080708,0.9983294257806826,0.24569210970039568,0.2486712652303761
4454.964,-1.283223,-0.338253,21.542044500000003,1.005722,0.2940695,0.1201105,0.0023895,0.117721,0.1739589999999999,0.29168,398.8780805,0.6767130374798805,0.1369592293364127,847.0,0,0.936252166655967,0.860623798302454,0.9963820135478789,0.2502586366000929,0.2482753019667737
4455.964,-1.271476,-0.348032,21.541782,1.005,0.294021,0.120402,0.002362,0.11804,0.1736189999999999,0.291659,399.073745,0.6798755903697732,0.132925891817866,848.0,0,0.9361847595814341,0.8629559139968371,0.9944346013150754,0.24818097271877543,0.24812167832744234
4456.964,-1.274538,-0.347419,21.53277,1.003381,0.294229,0.120831,0.002319,0.118512,0.173398,0.29191,399.244264,0.6834641491588764,0.1283492509503383,849.0,0,0.9369904346151376,0.8664065679396236,0.9931687833637537,0.24612123007350212,0.24795678864575757
4457.964,-1.2757285,-0.3442334999999999,21.5362035,1.004655,0.2939825,0.12048,0.002323,0.118157,0.1735025,0.2916594999999999,399.233777,0.6810064350286881,0.1314836777745763,850.0,0,0.9361863645117797,0.8638112667750277,0.9937673262411889,0.24572914797192158,0.24797843808698322
4458.964,-1.276919,-0.341048,21.539637,1.005929,0.293736,0.120129,0.002327,0.117802,0.173607,0.291409,399.22329,0.6785516796460992,0.1346143311828064,851.0,0,0.9353822944084225,0.8612159656104321,0.9943658691186241,0.2503684322400905,0.24748542188460815
4459.964,-1.281143,-0.3365413333333333,21.53999,1.005648,0.2939423333333333,0.1203416666666666,0.0023583333333333,0.1179833333333333,0.1736006666666666,0.2915839999999999,399.1886323333334,0.6796209713808432,0.1332506181882194,852.0,0,0.9359440200295303,0.8625416405715023,0.9943295937927186,0.24784260887834864,0.2471762801639839
4460.964,-1.285367,-0.3320346666666666,21.540343,1.005367,0.2941486666666666,0.1205543333333333,0.0023896666666666,0.1181646666666666,0.1735943333333333,0.291759,399.1539746666666,0.6806903411382028,0.1318868056880895,853.0,0,0.9365057456506386,0.8638673155325726,0.9942933184668136,0.24691558794249052,0.24561207154395412
4461.964,-1.289591,-0.327528,21.540696,1.005086,0.294355,0.120767,0.002421,0.118346,0.1735879999999999,0.2919339999999999,399.119317,0.6817597889267178,0.1305228936715253,854.0,0,0.9370674712717464,0.8651929904936436,0.9942570431409081,0.24790997178343338,0.2424157220924496
4462.964,-1.287621,-0.3295234999999999,21.5409155,1.00563,0.294518,0.1215375,0.002432,0.1191055,0.1729804999999999,0.292086,399.0148515,0.6885447287715739,0.1218697727941479,855.0,0,0.9375553700969377,0.8707454728443772,0.990777475695531,0.24583552093703082,0.2394446708222194
4463.964,-1.285651,-0.331519,21.541135,1.006174,0.294681,0.122308,0.002443,0.119865,0.172373,0.292238,398.910386,0.6953774931254132,0.1131556592968511,856.0,0,0.9380432689221286,0.8762979551951108,0.9872979082501546,0.242600692494153,0.23628373805793662
4464.964,-1.287423,-0.3310465,21.540507,1.007031,0.2958199999999999,0.124545,0.0024365,0.1221085,0.171275,0.2933835,395.068166,0.7129340946775966,0.0907649824595064,857.0,0,0.9417201643448674,0.892699527484605,0.9810089122748066,0.2346165503997953,0.23256925872214299
4465.964,-1.289195,-0.330574,21.539879,1.007888,0.296959,0.126782,0.00243,0.124352,0.1701769999999999,0.294529,391.225946,0.730717248998108,0.0680853732905166,858.0,0,0.9453970597676059,0.9091010997740994,0.974719916299458,0.21621747820373066,0.22914109744724503
4466.964,-1.290245,-0.3223705,21.5382385,1.005755,0.2964025,0.1265315,0.0025009999999999,0.1240305,0.169871,0.2939015,390.689637,0.7301409296411416,0.0688203777524328,859.0,0,0.943382872183347,0.9067507073109514,0.9729672452899353,0.2164107173711997,0.22579262884014697
4467.964,-1.291295,-0.314167,21.536598,1.003622,0.295846,0.126281,0.002572,0.123709,0.169565,0.293274,390.153328,0.7295625302242195,0.0695580350028248,860.0,0,0.9413686845990882,0.9044003148478035,0.971214574280412,0.21411982032909344,0.22249101224012774
4468.964,-1.2854736666666666,-0.3222046666666666,21.539576,1.005618,0.295871,0.1263586666666666,0.0025416666666666,0.123817,0.1695123333333333,0.2933293333333333,390.25687366666665,0.7304263184803557,0.068456409290038,861.0,0,0.9415462968907147,0.905189871258441,0.9709129163070952,0.21322363888215468,0.21953081407198463
4469.964,-1.2796523333333334,-0.3302423333333333,21.542554000000003,1.007614,0.295896,0.1264363333333333,0.0025113333333333,0.123925,0.1694596666666666,0.2933846666666666,390.3604193333333,0.731290643649854,0.0673540988289218,862.0,0,0.9417239091823413,0.9059794276690786,0.9706112583337784,0.21356099612936885,0.2171579992035059
4470.964,-1.273831,-0.33828,21.545532,1.00961,0.295921,0.126514,0.002481,0.124033,0.1694069999999999,0.29344,390.463965,0.732155506233472,0.066251102980839,863.0,0,0.9419015214739679,0.9067689840797162,0.9703096003604615,0.21343090187150993,0.21559738458702365
4471.964,-1.2767213333333334,-0.3449833333333333,21.543017000000003,1.0094616666666667,0.2959819999999999,0.1263323333333333,0.0024703333333333,0.123862,0.1696496666666666,0.2935116666666666,390.42717766666664,0.7301002845062012,0.0688722142128522,864.0,0,0.942131561490231,0.9055188530962066,0.9716995181109332,0.21489380578324097,0.21580462351981575
4472.964,-1.2796116666666666,-0.3516866666666666,21.540502,1.0093133333333333,0.296043,0.1261506666666666,0.0024596666666666,0.123691,0.1698923333333333,0.2935833333333333,390.39039033333336,0.7280509339193219,0.071485837731097,865.0,0,0.9423616015064944,0.9042687221126972,0.9730894358614052,0.21623353925559985,0.21583854182275317
4473.964,-1.282502,-0.35839,21.537987,1.009165,0.296104,0.125969,0.002449,0.12352,0.1701349999999999,0.293655,390.353603,0.7260074293506371,0.0740920055749738,866.0,0,0.9425916415227578,0.9030185911291877,0.9744793536118763,0.2188725438093655,0.216156064972956
4474.964,-1.2824485,-0.3406215,21.5402085,1.0094105,0.2961015,0.1259875,0.0024275,0.12356,0.170114,0.293674,390.694252,0.7263321870499367,0.0736778283394853,867.0,0,0.9426526288759066,0.9033110194294238,0.974359072268086,0.21901040423497298,0.21639680657476595
4475.964,-1.282395,-0.322853,21.54243,1.009656,0.296099,0.126006,0.002406,0.1236,0.170093,0.293693,391.034901,0.7266570249391513,0.0732635488344051,868.0,0,0.9427136162290555,0.90360344772966,0.9742387909242952,0.21828986753165186,0.21681878064288407
4476.964,-1.2761273333333334,-0.32681,21.542184666666667,1.009621,0.2960716666666667,0.1260383333333333,0.00243,0.1236083333333333,0.1700333333333333,0.2936416666666666,390.85189333333335,0.7269610255183757,0.0728758440324508,869.0,0,0.9425488433801968,0.9036643702922089,0.9738970391697148,0.2167499004005734,0.2173097602803471
4477.964,-1.2698596666666666,-0.330767,21.54193933333333,1.009586,0.2960443333333333,0.1260706666666666,0.002454,0.1236166666666666,0.1699736666666666,0.2935903333333333,390.66888566666665,0.7272652395258903,0.0724878670363672,870.0,0,0.9423840705313387,0.9037252928547579,0.9735552874151344,0.2172950518311219,0.21774813968199075
4478.964,-1.263592,-0.334724,21.541694,1.009551,0.296017,0.126103,0.002478,0.123625,0.1699139999999999,0.293539,390.485878,0.7275696671865345,0.072099617559407,871.0,0,0.9422192976824805,0.9037862154173075,0.973213535660554,0.21563105490025442,0.218013661405197
4479.964,-1.2723595,-0.337763,21.5432245,1.0114625,0.2962415,0.126167,0.0024625,0.1237045,0.1700745,0.293779,390.817666,0.7273505002190204,0.0723791304667567,872.0,0,0.9429896642485716,0.9043674166640269,0.9741328287880986,0.2177807368105502,0.21784444177403514
4480.964,-1.281127,-0.340802,21.544755,1.013374,0.296466,0.126231,0.002447,0.123784,0.170235,0.294019,391.149454,0.7271317465166005,0.072658116319645,873.0,0,0.9437600308146624,0.9049486179107462,0.9750521219156426,0.21834069824613994,0.21785586492809558
4481.964,-1.274108,-0.342992,21.541054,1.011853,0.296271,0.126006,0.002348,0.123658,0.170265,0.293923,391.550298,0.7262636110556424,0.0737652862066858,874.0,0,0.9434518841882261,0.9040274687650024,0.9752239524067724,0.21927759979967743,0.21799629141821592
4482.964,-1.2746905000000002,-0.331856,21.541505,1.011918,0.2961995,0.126049,0.002378,0.123671,0.1701504999999999,0.2938214999999999,391.2471025,0.7268287379188548,0.0730445560056454,875.0,0,0.9431260833279831,0.9041225079625791,0.97456813269896,0.21888875648766248,0.21842684272508076
4483.964,-1.275273,-0.32072,21.541956,1.011983,0.296128,0.126092,0.002408,0.123684,0.170036,0.29372,390.943907,0.7273946258755448,0.0723228551498886,876.0,0,0.9428002824677407,0.9042175471601559,0.9739123129911488,0.21718034749774695,0.21896103567738448
4484.964,-1.2740965000000002,-0.313735,21.5395395,1.010198,0.295891,0.125924,0.002432,0.123492,0.1699669999999999,0.2934589999999999,391.179223,0.726560293702344,0.0733869142737239,877.0,0,0.9419625088271165,0.9028138913190225,0.9735171028615498,0.21912463577557745,0.2196447142439902
4485.964,-1.27292,-0.30675,21.537123,1.008413,0.295654,0.125756,0.002456,0.1233,0.1698979999999999,0.2931979999999999,391.414539,0.7257252838451081,0.0744518376766839,878.0,0,0.9411247351864924,0.901410235477889,0.9731218927319515,0.21969413243285474,0.22028850588262414
4486.964,-1.267745,-0.317195,21.538909333333333,1.007917,0.2956893333333333,0.125646,0.0024533333333333,0.1231926666666666,0.1700433333333333,0.293236,391.14963666666665,0.7244738136917237,0.076047890517134,879.0,0,0.9412467098927906,0.9006255528722549,0.9739543160000914,0.2210554134692222,0.2208175042421737
4487.964,-1.26257,-0.32764,21.540695666666668,1.007421,0.2957246666666667,0.125536,0.0024506666666666,0.1230853333333333,0.1701886666666666,0.293274,390.8847343333333,0.7232244809222651,0.0776412174614237,880.0,0,0.9413686845990882,0.8998408702666214,0.9747867392682308,0.22263698135415882,0.22104002550180316
4488.964,-1.257395,-0.338085,21.542482,1.006925,0.29576,0.125426,0.002448,0.122978,0.170334,0.293312,390.619832,0.7219772800657528,0.0792318254869247,881.0,0,0.9414906593053861,0.899056187660988,0.9756191625363708,0.22246784056631208,0.22112378906881713
4489.964,-1.2690565,-0.3277955,21.5408905,1.010302,0.2957975,0.1254465,0.002392,0.1230545,0.170351,0.2934055,391.114479,0.7223543016812247,0.0787509938676825,882.0,0,0.9417907812800923,0.8996154567851896,0.975716533148011,0.22421865319688933,0.22164876900673272
4490.964,-1.280718,-0.317506,21.539299,1.013679,0.295835,0.125467,0.002336,0.123131,0.170368,0.293499,391.609126,0.7227312480556908,0.0782702582064789,883.0,0,0.9420909032547986,0.9001747259093913,0.975813903759651,0.22363068184163537,0.2225639242225272
4491.964,-1.286105,-0.3148845,21.5393265,1.0139995000000002,0.2954255,0.1251495,0.0023474999999999,0.122802,0.170276,0.293078,391.418715,0.7211895910780668,0.0802363985826455,884.0,0,0.9407395519034473,0.897769503139949,0.9752869569201866,0.22150281239597214,0.22353955691575136
4492.964,-1.291492,-0.312263,21.539354,1.01432,0.295016,0.124832,0.002359,0.122473,0.170184,0.292657,391.228304,0.7196462672973528,0.0822046647033206,885.0,0,0.9393882005520959,0.8953642803705069,0.9747600100807221,0.21972639215780249,0.22439023457528276
4493.964,-1.2725915,-0.33146,21.5385665,1.014353,0.295558,0.1251665,0.0023515,0.122815,0.1703914999999999,0.2932065,391.334387,0.7207770295054068,0.0807625558131026,886.0,0,0.9411520190023751,0.8978645423375258,0.9759485043110354,0.22243014687690255,0.2253793824057623
4494.964,-1.253691,-0.350657,21.537779,1.014386,0.2961,0.125501,0.002344,0.123157,0.1705989999999999,0.2937559999999999,391.44047,0.7219050410316531,0.0793239549837844,887.0,0,0.9429158374526542,0.9003648043045448,0.9771369985413494,0.2282761879335224,0.2260443979646108
4495.964,-1.2560986666666667,-0.3379223333333333,21.537823666666668,1.013895,0.2961163333333333,0.1254093333333333,0.002324,0.1230853333333333,0.1707069999999999,0.2937923333333333,391.4574723333333,0.721028500909936,0.0804418436903202,888.0,0,0.943032462391132,0.8998408702666214,0.9777555883094164,0.22945045936509623,0.2263146235815789
4496.964,-1.2585063333333335,-0.3251876666666666,21.537868333333332,1.013404,0.2961326666666666,0.1253176666666666,0.002304,0.1230136666666666,0.170815,0.2938286666666666,391.47447466666665,0.7201530691894592,0.081558318805854,889.0,0,0.9431490873296097,0.8993169362286981,0.9783741780774841,0.22956219006453615,0.22682907278380404
4497.964,-1.260914,-0.312453,21.537913,1.012913,0.296149,0.125226,0.002284,0.122942,0.170923,0.293865,391.491477,0.7192787437691607,0.0826733830099594,890.0,0,0.9432657122680874,0.8987930021907755,0.978992767845551,0.23252845965895386,0.22754721359409086
4498.964,-1.2866445,-0.322052,21.5410815,1.0186575,0.295994,0.125283,0.002302,0.122981,0.170711,0.293692,391.6057675,0.7204004405079902,0.0812428356962332,891.0,0,0.9427104063683636,0.8990781197835057,0.9777784990415677,0.22911799615479722,0.22837251375795878
4499.964,-1.312375,-0.331651,21.54425,1.024402,0.295839,0.12534,0.00232,0.12302,0.170499,0.293519,391.720058,0.7215249266862169,0.0798087308924135,892.0,0,0.9421551004686395,0.899363237376236,0.9765642302375843,0.22692090936657083,0.2289274384499167
4500.964,-1.2861235,-0.324733,21.541529500000003,1.0178125,0.295696,0.1250824999999999,0.0023515,0.122731,0.1706135,0.2933445,391.4202935,0.7193468315998931,0.0825865477184052,893.0,0,0.9415949797778775,0.8972504429070299,0.977220049945396,0.2287751738638868,0.22896824170644847
4501.964,-1.259872,-0.317815,21.538809,1.011223,0.295553,0.1248249999999999,0.002383,0.122442,0.170728,0.29317,391.120529,0.7171716580077198,0.0853606386392885,894.0,0,0.9410348590871155,0.8951376484378238,0.9778758696532078,0.22868422049884002,0.22898695812361325
4502.964,-1.273976,-0.325343,21.541772,1.0135265,0.295446,0.1247355,0.002354,0.1223815,0.1707105,0.293092,391.3712594999999,0.7168907777156197,0.0857188571607774,895.0,0,0.940784489953136,0.8946953506337167,0.9777756352000487,0.2279793937964817,0.22880697650282728
4503.964,-1.28808,-0.332871,21.544735,1.01583,0.295339,0.1246459999999999,0.002325,0.122321,0.170693,0.293014,391.62199,0.7166098398303395,0.0860771491332857,896.0,0,0.9405341208191563,0.8942530528296095,0.9776754007468899,0.2279793937964817,0.22813430058156134
4504.964,-1.2822633333333333,-0.3235263333333333,21.542671,1.0169766666666666,0.295431,0.1247866666666666,0.0023213333333333,0.1224653333333333,0.1706443333333333,0.2931096666666666,391.717471,0.7176600200025003,0.0847378099231347,897.0,0,0.9408411974920285,0.8953082316129614,0.9773966535057236,0.22868422049884002,0.22786747702108054
4505.964,-1.2764466666666665,-0.3141816666666667,21.540607,1.0181233333333333,0.295523,0.1249273333333333,0.0023176666666666,0.1226096666666666,0.1705956666666666,0.2932053333333334,391.812952,0.7187107993512963,0.0833977065576674,898.0,0,0.9411482741649012,0.8963634103963132,0.9771179062645574,0.22963762353674466,0.2281391484380979
4506.964,-1.27063,-0.304837,21.538543,1.01927,0.295615,0.125068,0.002314,0.122754,0.170547,0.293301,391.908433,0.7197621783896616,0.0820568383827178,899.0,0,0.9414553508377734,0.8974185891796657,0.9768391590233918,0.22776237385667653,0.22826265287387554
4507.964,-1.271604,-0.3134135,21.5400575,1.0174515,0.2955485,0.125049,0.0023569999999999,0.122692,0.1704995,0.2931915,391.9962375,0.719599062759347,0.0822648666480194,900.0,0,0.9411038710919944,0.8969653253142996,0.9765670940791031,0.22580170044629433,0.22837745341431376
4508.964,-1.272578,-0.32199,21.541572,1.015633,0.295482,0.12503,0.0024,0.12263,0.170452,0.293082,392.084042,0.7194358562184296,0.0824730108554596,901.0,0,0.9407523913462155,0.8965120614489337,0.9762950291348144,0.2264497605499886,0.22851550243323743
4509.964,-1.274127,-0.3102355,21.539118,1.0166505,0.2956995,0.125055,0.002453,0.122602,0.1706445,0.2932464999999999,392.161836,0.718460199653668,0.0837173069557544,902.0,0,0.9412804134300568,0.8963073616387685,0.9773976081195634,0.22963762353674466,0.2286535514521611
4510.964,-1.275676,-0.298481,21.536664,1.017668,0.295917,0.12508,0.002506,0.122574,0.170837,0.293411,392.23963,0.7174867418255892,0.0849587989141217,903.0,0,0.9418084355138985,0.8961026618286031,0.9785001871043125,0.23001021822166345,0.22875840124995356
4511.964,-1.2756105,-0.305372,21.539223,1.017799,0.295909,0.1251634999999999,0.00253,0.1226335,0.1707455,0.293379,392.3209605,0.7182196999645672,0.0840240263856014,904.0,0,0.9417057199717531,0.8965376489252044,0.9779761041063668,0.22983222590322167,0.22909634907542462
4512.964,-1.275545,-0.312263,21.541782,1.01793,0.295901,0.125247,0.002554,0.122693,0.170654,0.293347,392.402291,0.7189534440830915,0.0830882514641084,905.0,0,0.9416030044296078,0.8969726360218055,0.9774520211084212,0.2293598839857186,0.22930333428007912
4513.964,-1.272873666666667,-0.309455,21.54093,1.0182013333333333,0.2959193333333333,0.1251703333333333,0.0024886666666666,0.1226816666666666,0.170749,0.2934306666666667,392.43262833333335,0.7184870668618837,0.0836830420682765,906.0,0,0.9418715627741755,0.8968897813367382,0.9779961509969988,0.2293598839857186,0.22880766968521588
4514.964,-1.2702023333333332,-0.306647,21.540078,1.0184726666666668,0.2959376666666666,0.1250936666666667,0.0024233333333333,0.1226703333333333,0.170844,0.2935143333333333,392.46296566666666,0.7180212083077255,0.0842771711944098,907.0,0,0.9421401211187433,0.8968069266516715,0.9785402808855761,0.22973271847676452,0.22799021678980536
4515.964,-1.267531,-0.303839,21.539226,1.018744,0.295956,0.125017,0.002358,0.122659,0.1709389999999999,0.2935979999999999,392.493303,0.7175558675558678,0.0848706399453594,908.0,0,0.9424086794633109,0.8967240719666049,0.979084410774153,0.23301710179145518,0.22700997357730884
4516.964,-1.2684813333333331,-0.305094,21.539888333333337,1.0181593333333334,0.295657,0.1250296666666666,0.0024026666666666,0.122627,0.1706273333333333,0.2932543333333333,392.3872666666667,0.718679000166053,0.0834382614041369,909.0,0,0.9413055573388113,0.8964901293264159,0.9772992828940834,0.22983222590322167,0.22636910819165196
4517.964,-1.2694316666666663,-0.306349,21.540550666666665,1.0175746666666667,0.295358,0.1250423333333333,0.0024473333333333,0.122595,0.1703156666666666,0.2929106666666666,392.2812303333333,0.7198062432723359,0.0820006405733124,910.0,0,0.9402024352143113,0.896256186686227,0.9755141550140133,0.22084505449766179,0.22578369525926917
4518.964,-1.270382,-0.307604,21.541213,1.01699,0.295059,0.125055,0.002492,0.122563,0.170004,0.292567,392.175194,0.7209376194817799,0.0805577486211412,911.0,0,0.9390993130898119,0.8960222440460381,0.9737290271339437,0.2182752315958834,0.22528577768960129
4519.964,-1.2652635,-0.2997225,21.538314,1.0173815,0.2952194999999999,0.1250115,0.0024895,0.122522,0.1702079999999999,0.29273,392.003385,0.7198326762979632,0.0819669294172612,912.0,0,0.9396225203826153,0.8957225050382962,0.9748974744736253,0.21983519141177943,0.224789586534463
4520.964,-1.260145,-0.291841,21.535415,1.017773,0.29538,0.124968,0.002487,0.122481,0.1704119999999999,0.2928929999999999,391.831576,0.7187303785509324,0.083372736375911,913.0,0,0.9401457276754185,0.8954227660305542,0.9760659218133074,0.22360156436509465,0.2244015893680867
4521.964,-1.2638853333333333,-0.292111,21.536913,1.01913,0.2953113333333333,0.1248796666666666,0.0024963333333333,0.1223833333333333,0.1704316666666666,0.292815,392.015676,0.718074391059617,0.0842093449805846,914.0,0,0.9398953585414391,0.8947087535974773,0.9761785662463816,0.22397809657939388,0.22338622144844428
4522.964,-1.2676256666666668,-0.292381,21.538411,1.020487,0.2952426666666666,0.1247913333333333,0.0025056666666666,0.1222856666666666,0.1704513333333333,0.2927369999999999,392.199776,0.7174185549430242,0.0850457605306693,915.0,0,0.9396449894074593,0.8939947411644005,0.9762912106794557,0.22438070828904,0.22247295310309365
4523.964,-1.271366,-0.292651,21.539909,1.021844,0.295174,0.124703,0.002515,0.122188,0.1704709999999999,0.292659,392.383876,0.7167628701487635,0.0858819830929811,916.0,0,0.93939462027348,0.8932807287313244,0.9764038551125293,0.22439797243433518,0.22152056677291476
4524.964,-1.271103,-0.2972205,21.540644,1.020688,0.2955965,0.1251665,0.0025575,0.122609,0.1704299999999999,0.293039,392.4716065,0.7194055072140634,0.0825117162248946,917.0,0,0.9406143673364574,0.8963585365913097,0.9761690201079852,0.22585274681300183,0.2220228056891786
4525.964,-1.27084,-0.30179,21.541379,1.019532,0.296019,0.12563,0.0026,0.12303,0.1703889999999999,0.293419,392.559337,0.7220494160455425,0.0791398274195871,918.0,0,0.9418341143994349,0.8994363444512951,0.9759341851034413,0.222863422595031,0.22320776562756284
4526.964,-1.268378,-0.306118,21.5414935,1.0203875,0.2952329999999999,0.1251195,0.0025665,0.122553,0.1701135,0.2926665,392.416075,0.7204147794573655,0.0812245486273666,919.0,0,0.9394186942286703,0.8959491369709791,0.9743562084265672,0.22069954244971535,0.22398281079492993
4527.964,-1.265916,-0.310446,21.541608,1.021243,0.294447,0.124609,0.002533,0.122076,0.169838,0.291914,392.272813,0.7187748397011287,0.0833160331897674,920.0,0,0.9370032740579058,0.8924619294906632,0.9727782317496925,0.21132119119587306,0.22443986130869323
4528.964,-1.2671125,-0.298732,21.538892,1.0192085,0.295281,0.1248645,0.0026075,0.122257,0.1704165,0.2926735,392.1747035,0.7173969809438584,0.0850732747646727,921.0,0,0.9394411632535146,0.8937851675492318,0.9760916963869775,0.22329762075852183,0.22463892717155898
4529.964,-1.268309,-0.287018,21.536176,1.017174,0.296115,0.12512,0.002682,0.122438,0.170995,0.293433,392.076594,0.7160284451098271,0.0868186264210877,922.0,0,0.9418790524491236,0.8951084056078003,0.9794051610242624,0.23168479079562182,0.22497347113431373
4530.964,-1.2735793333333332,-0.2878856666666666,21.536717666666668,1.019038,0.2958733333333333,0.124955,0.002614,0.122341,0.1709183333333333,0.2932593333333333,392.247762,0.7157821038384581,0.087132795867978,923.0,0,0.9413216066422716,0.8943992669797276,0.9789660386580419,0.23135201603876543,0.2249487244200969
4531.964,-1.2788496666666669,-0.2887533333333333,21.537259333333335,1.020902,0.2956316666666667,0.12479,0.002546,0.122244,0.1708416666666666,0.2930856666666667,392.41893,0.715535541472856,0.087447247285699,924.0,0,0.9407641608354197,0.893690128351655,0.9785269162918211,0.2285486017170268,0.2249355585995235
4532.964,-1.28412,-0.289621,21.537801,1.022766,0.29539,0.124625,0.002478,0.122147,0.170765,0.292912,392.590098,0.715288757715236,0.0877619810540284,925.0,0,0.9402067150285677,0.8929809897235824,0.9780877939256012,0.22637136691769738,0.2247596934822144
4533.964,-1.2788356666666667,-0.2913313333333333,21.537593333333337,1.0221783333333334,0.2955476666666666,0.124922,0.0025113333333333,0.1224106666666666,0.1706256666666666,0.2930363333333333,392.4848816666667,0.7174181448777058,0.085046283504321,926.0,0,0.9406058077079452,0.8949085796026384,0.9772897367556871,0.22774341206188264,0.22471488141513615
4534.964,-1.2735513333333333,-0.2930416666666667,21.53738566666667,1.0215906666666668,0.2957053333333333,0.125219,0.0025446666666666,0.1226743333333333,0.1704863333333333,0.2931606666666666,392.3796653333333,0.7195510125874457,0.0823261470654068,927.0,0,0.941004900387323,0.8968361694816952,0.9764916795857738,0.22560527967083344,0.22363803697169987
4535.964,-1.268267,-0.294752,21.537178,1.021003,0.295863,0.125516,0.002578,0.122938,0.1703469999999999,0.2932849999999999,392.274449,0.7216873693850239,0.0796015608451375,928.0,0,0.9414039930667005,0.8987637593607519,0.9756936224158597,0.22273176438929737,0.22212912541835128
4536.964,-1.2572,-0.292877,21.538842,1.0196505,0.295131,0.1249595,0.002568,0.1223915,0.1701715,0.292563,392.30374,0.719220203029279,0.0827480424925827,929.0,0,0.9390864736470437,0.8947684577087757,0.9746884140427514,0.21894089127662392,0.22162507419214483
4537.964,-1.246133,-0.291002,21.540506,1.018298,0.294399,0.124403,0.002558,0.121845,0.169996,0.291841,392.333031,0.7167479426107518,0.0859010208138408,930.0,0,0.9367689542273865,0.8907731560567995,0.9736832056696425,0.21087307052509086,0.2210166912036699
4538.964,-1.2403343333333332,-0.294765,21.538985333333333,1.0196346666666667,0.2946206666666667,0.1244423333333333,0.002522,0.1219203333333333,0.1701783333333333,0.2920986666666667,392.207491,0.7164226756872161,0.0863158474845446,931.0,0,0.9375960283323703,0.8913238960222439,0.9747275532101751,0.2125291763241588,0.21987301503958415
4539.964,-1.2345356666666667,-0.2985279999999999,21.53746466666667,1.0209713333333332,0.2948423333333333,0.1244816666666666,0.002486,0.1219956666666666,0.1703606666666667,0.2923563333333333,392.081951,0.7160981050118864,0.0867297862004506,932.0,0,0.9384231024373539,0.8918746359876885,0.9757719007507084,0.21659567526213608,0.219729824211066
4540.964,-1.228737,-0.302291,21.535944,1.022308,0.295064,0.1245209999999999,0.00245,0.122071,0.170543,0.292614,391.956411,0.7157742283516277,0.0871428398095707,933.0,0,0.9392501765423379,0.8924253759531336,0.9768162482912413,0.22631150377670112,0.2198693292065809
4541.964,-1.2206465,-0.299228,21.538602,1.0234394999999998,0.2949085,0.1244915,0.0024605,0.122031,0.1704169999999999,0.292448,392.21822,0.7160687251346688,0.086767255601026,934.0,0,0.9387173396674583,0.8921329476528975,0.9760945602284958,0.2224647718322777,0.2207998635729505
4542.964,-1.212556,-0.296165,21.54126,1.024571,0.294753,0.124462,0.002471,0.121991,0.1702909999999999,0.292282,392.480029,0.7163636577173327,0.0863911155987823,935.0,0,0.9381845027925786,0.8918405193526614,0.9753728721657509,0.2149346052768396,0.22205678822202923
4543.964,-1.2109744999999998,-0.295748,21.5396835,1.0242369999999998,0.295038,0.124489,0.0024545,0.1220345,0.1705489999999999,0.2925835,392.410514,0.7155350337144533,0.087447894851475,936.0,0,0.9391522757912305,0.8921585351291682,0.9768506143894665,0.22631150377670112,0.22410392200885906
4544.964,-1.209393,-0.295331,21.538107,1.023903,0.295323,0.124516,0.002438,0.122078,0.170807,0.292885,392.340999,0.7147089129314788,0.0885014816419035,937.0,0,0.9401200487898824,0.892476550905675,0.9783283566131827,0.22700032962598227,0.2259024230550571
4545.964,-1.2094435,-0.2881345,21.5377735,1.0242655,0.2952685,0.12438,0.0024619999999999,0.121918,0.1708884999999999,0.2928064999999999,392.5426155,0.7134317790150946,0.0901302645652258,938.0,0,0.9398680747255566,0.8913068377047304,0.9787951627807513,0.2320371080529936,0.2273908061915635
4546.964,-1.209494,-0.280938,21.53744,1.024628,0.295214,0.124244,0.002486,0.121758,0.1709699999999999,0.292728,392.744232,0.7121558626901641,0.091757494642647,939.0,0,0.9396161006612311,0.8901371245037859,0.9792619689483204,0.23151013776741147,0.22800697833158284
4547.964,-1.207415,-0.2829036666666666,21.538634333333334,1.0247743333333337,0.295236,0.1242516666666666,0.0024463333333333,0.1218053333333333,0.1709843333333333,0.2927896666666666,392.74635466666666,0.712372991055763,0.0914805816505798,940.0,0,0.9398140420705738,0.8904831646590651,0.9793440657385272,0.231344408393389,0.2290198284775266
4548.964,-1.205336,-0.2848693333333333,21.539828666666665,1.0249206666666666,0.2952579999999999,0.1242593333333333,0.0024066666666666,0.1218526666666666,0.1709986666666666,0.2928513333333333,392.74847733333337,0.7125900830216044,0.0912037150806636,941.0,0,0.9400119834799168,0.8908292048143442,0.9794261625287335,0.23051418678613922,0.23039335409629783
4549.964,-1.203257,-0.286835,21.541023,1.025067,0.29528,0.1242669999999999,0.002367,0.1219,0.171013,0.292913,392.7506,0.71280713859684,0.0909268949212267,942.0,0,0.9402099248892596,0.8911752449696242,0.9795082593189403,0.2314795066271999,0.2303254155318212
4550.964,-1.195053,-0.2917889999999999,21.540365,1.02486,0.2952265,0.1242025,0.0024095,0.121793,0.171024,0.292817,392.894402,0.7121356526823563,0.0917832693207564,943.0,0,0.9399017782628233,0.8903929992664925,0.9795712638323546,0.23247322517689467,0.22920049959907302
4551.964,-1.186849,-0.296743,21.539707,1.024653,0.295173,0.124138,0.002452,0.121686,0.171035,0.292721,393.038204,0.7114642531396899,0.0926395335666528,944.0,0,0.9395936316363869,0.8896107535633608,0.9796342683457687,0.23259327329171514,0.2288225984506605
4552.964,-1.1841553333333334,-0.296587,21.539511666666662,1.023944,0.29506,0.1242636666666666,0.0024606666666666,0.121803,0.1707963333333333,0.2925993333333333,393.017567,0.7131434526690502,0.0904979793543769,945.0,0,0.9392030985855212,0.8904661063415515,0.9782672613274476,0.22866986146455165,0.22901907476620767
4553.964,-1.1814616666666666,-0.296431,21.539316333333336,1.023235,0.294947,0.1243893333333333,0.0024693333333333,0.12192,0.1705576666666666,0.2924776666666667,392.99693,0.7148273516834872,0.088350431689932,946.0,0,0.9388125655346558,0.8913214591197423,0.9769002543091265,0.22563211813193534,0.22903258458958878
4554.964,-1.178768,-0.296275,21.539121,1.022526,0.294834,0.124515,0.002478,0.122037,0.170319,0.292356,392.976293,0.7165159699389385,0.0861968653777348,947.0,0,0.9384220324837901,0.892176811897933,0.9755332472908059,0.21575117029850066,0.22884815205743006
4555.964,-1.1827595,-0.2888785,21.538778,1.022427,0.2952085,0.1244175,0.0024725,0.121945,0.170791,0.292736,392.757657,0.7139971427233127,0.0894092323057279,948.0,0,0.9396417795467675,0.8915042268073898,0.9782367136845803,0.22825809656886764,0.22833135177238018
4556.964,-1.186751,-0.281482,21.538435,1.022328,0.295583,0.12432,0.002467,0.121853,0.171263,0.293116,392.539021,0.7114921991778774,0.092603892801663,949.0,0,0.940861526609745,0.8908316417168467,0.9809401800783547,0.23347490092288375,0.22699706406163048
4557.964,-1.1880905,-0.2782945,21.5378065,1.0219805,0.2953964999999999,0.124375,0.0025385,0.1218365,0.1710215,0.2928579999999999,392.599176,0.7124004151500536,0.0914456065427269,950.0,0,0.9400333825511968,0.8907110150429993,0.9795569446247603,0.2314795066271999,0.22563010146841758
4558.964,-1.18943,-0.275107,21.537178,1.021633,0.29521,0.12443,0.00261,0.12182,0.17078,0.2925999999999999,392.659331,0.7133111997236227,0.0902840444377484,951.0,0,0.939205238492649,0.8905903883691519,0.978173709171166,0.22866986146455165,0.22539961207180817
4559.964,-1.1892453333333333,-0.279478,21.538444666666667,1.0223936666666666,0.2951656666666666,0.1246276666666666,0.0026033333333333,0.1220243333333333,0.170538,0.2925623333333333,392.8163733333334,0.7155215718007807,0.0874650633995998,952.0,0,0.9390843337399155,0.892084209602858,0.9767876098760528,0.22631150377670112,0.2260362990699977
4560.964,-1.1890606666666668,-0.2838489999999999,21.539711333333333,1.0231543333333333,0.2951213333333333,0.1248253333333333,0.0025966666666666,0.1222286666666666,0.1702959999999999,0.2925246666666666,392.97341566666665,0.7177382259620939,0.0846380705537123,953.0,0,0.9389634289871817,0.893578030836564,0.9754015105809392,0.21913034806939818,0.22754106965832555
4561.964,-1.188876,-0.28822,21.540978,1.023915,0.295077,0.125023,0.00259,0.122433,0.1700539999999999,0.292487,393.130458,0.7199611890270795,0.0818030316960208,954.0,0,0.9388425242344481,0.8950718520702707,0.974015411285826,0.21892364735958592,0.2273523966932085
4562.964,-1.191095,-0.2791415,21.538033499999997,1.0236139999999998,0.29533,0.1247625,0.0025575,0.122205,0.1705674999999999,0.2927725,393.081088,0.716457024597156,0.0862720408662823,955.0,0,0.9397589394620272,0.8934050107589246,0.9769565765256633,0.2263649674984577,0.22589672102747055
4563.964,-1.193314,-0.270063,21.535089,1.023313,0.295583,0.124502,0.002525,0.121977,0.1710809999999999,0.293058,393.031718,0.7129738955588549,0.0907142227115308,956.0,0,0.9406753546896063,0.8917381694475788,0.9798977417655004,0.2319989881138304,0.224134257873904
4564.964,-1.1932155,-0.28122,21.5384355,1.0265945,0.2954989999999999,0.1245925,0.002517,0.1220755,0.1709065,0.2929819999999999,393.127193,0.7142781914193351,0.0890507990115911,957.0,0,0.9404314052770105,0.8924582741369103,0.9788982610754297,0.23079887618177897,0.22381934509545806
4565.964,-1.193117,-0.292377,21.541782,1.029876,0.295415,0.124683,0.002509,0.122174,0.170732,0.292906,393.222668,0.7155851534266955,0.0873839750617219,958.0,0,0.9401874558644153,0.8931783788262417,0.9778987803853585,0.22637136691769738,0.22427425041528987
4566.964,-1.1980849999999998,-0.2884995,21.541116,1.0300975,0.2948095,0.1244085,0.0024635,0.121945,0.170401,0.292346,392.9202795,0.7156312719334281,0.0873251581786592,959.0,0,0.9383899338768696,0.8915042268073898,0.9760029172998937,0.21891814426550404,0.2260949183530705
4567.964,-1.203053,-0.284622,21.54045,1.030319,0.294204,0.124134,0.002418,0.121716,0.17007,0.291786,392.617891,0.7156775699560772,0.0872661123513525,960.0,0,0.9365924118893239,0.889830074788538,0.9741070542144291,0.2138548750915349,0.2276806554295679
4568.964,-1.2046599999999998,-0.2810276666666667,21.541238333333332,1.0287966666666666,0.2949176666666667,0.1243946666666666,0.0024163333333333,0.1219783333333333,0.170523,0.2925013333333334,392.75041466666664,0.7153147553032612,0.087728825229976,961.0,0,0.938888532237701,0.8917479170575864,0.9767016946304881,0.22552073368009212,0.22830225116912922
4569.964,-1.206267,-0.2774333333333333,21.54202666666667,1.0272743333333334,0.2956313333333333,0.1246553333333333,0.0024146666666666,0.1222406666666666,0.170976,0.2932166666666667,392.88293833333336,0.7149538631901756,0.0881890862123322,962.0,0,0.9411846525860776,0.8936657593266347,0.9792963350465469,0.23086055697501906,0.22831150067760758
4570.964,-1.207874,-0.273839,21.542815,1.025752,0.296345,0.124916,0.002413,0.122503,0.171429,0.293932,393.015462,0.7145948783760134,0.0886469147356674,963.0,0,0.9434807729344546,0.895583601595684,0.9818909754626058,0.23733702744720425,0.22847436071522093
4571.964,-1.2038635,-0.275918,21.54114,1.0256385,0.2959605,0.1246545,0.002485,0.1221695,0.171306,0.2934755,393.3427135,0.7131611667941181,0.0904753877811347,964.0,0,0.9420154715285356,0.8931454806424651,0.981186470448974,0.23478101812456015,0.22891616445083107
4572.964,-1.199853,-0.277997,21.539465,1.025525,0.295576,0.124393,0.002557,0.121836,0.171183,0.293019,393.669965,0.7117253948967193,0.0923064884341423,965.0,0,0.9405501701226164,0.8907073596892464,0.980481965435342,0.23258092489407123,0.23024156647778157
4573.964,-1.2006195000000002,-0.2808555,21.536227,1.0257969999999998,0.295305,0.124088,0.002432,0.121656,0.171217,0.292873,393.1539985,0.7105327710871518,0.0938274920423393,966.0,0,0.9400815304615778,0.8893914323381837,0.9806767066586225,0.2320914831986135,0.23204027889757084
4574.964,-1.201386,-0.283714,21.532989,1.026069,0.295034,0.123783,0.002307,0.121476,0.171251,0.292727,392.638032,0.7093406208394646,0.0953478916970325,967.0,0,0.9396128908005392,0.8880755049871212,0.9808714478819027,0.23242747655791257,0.23262340713343818
4575.964,-1.200949,-0.283744,21.535871,1.02808,0.2952545,0.1241454999999999,0.002284,0.1218615,0.171109,0.2929705,392.90527,0.7121822219624804,0.091723877547314,968.0,0,0.9403944918790524,0.8908937827306469,0.9800581168905554,0.23078940427379918,0.23269193596493074
4576.964,-1.200512,-0.283774,21.538753,1.030091,0.295475,0.124508,0.002261,0.122247,0.1709669999999999,0.293214,393.172508,0.7150285433531421,0.0880938434405365,969.0,0,0.9411760929575654,0.8937120604741726,0.9792447858992074,0.23217216453500883,0.23214074326268128
4577.964,-1.2053536666666669,-0.2809886666666666,21.538765333333338,1.028825,0.2955696666666667,0.1246319999999999,0.0023296666666666,0.1223023333333333,0.1709376666666666,0.29324,393.2975113333333,0.7154749461795263,0.0875245270272695,970.0,0,0.9412595493355588,0.8941165862894991,0.9790767738634364,0.2318419992894276,0.231970943538449
4578.964,-1.2101953333333333,-0.2782033333333333,21.538777666666665,1.027559,0.2956643333333333,0.1247559999999999,0.0023983333333333,0.1223576666666666,0.1709083333333333,0.2932659999999999,393.4225146666667,0.7159215022390039,0.0869550151893548,971.0,0,0.9413430057135517,0.8945211121048255,0.9789087618276653,0.23135201603876543,0.2320158893702843
4579.964,-1.215037,-0.275418,21.53879,1.026293,0.295759,0.1248799999999999,0.002467,0.122413,0.170879,0.293292,393.547518,0.7163682116104868,0.0863853078261526,972.0,0,0.9414264620915451,0.8949256379201526,0.9787407497918942,0.23154584528994493,0.23210977937166538
4580.964,-1.2076865,-0.277761,21.5379235,1.02733,0.2956985,0.124674,0.0024055,0.1222685,0.1710245,0.293293,393.5795785,0.7149138578749953,0.0882401066835388,973.0,0,0.9414296719522373,0.8938692406855496,0.9795741276738733,0.23182510042470938,0.2320368688743101
4581.964,-1.200336,-0.280104,21.537057,1.028367,0.295638,0.124468,0.002344,0.122124,0.17117,0.293294,393.611639,0.7134619766198712,0.0900917522820937,974.0,0,0.9414328818129292,0.8928128434509466,0.9804075055558524,0.23308302088223687,0.23173827487594229
4582.964,-1.2081455,-0.279087,21.53814,1.0291545,0.295427,0.124275,0.0022635,0.1220115,0.171152,0.2931635,393.2356335,0.71287970412438,0.0908343490334677,975.0,0,0.9410139949926173,0.8919903888565324,0.9803044072611746,0.23303038321242436,0.23128426643140196
4583.964,-1.215955,-0.27807,21.539223,1.029942,0.295216,0.124082,0.002183,0.121899,0.1711339999999999,0.293033,392.859628,0.7122973091419056,0.0915771019976741,976.0,0,0.9405951081723052,0.8911679342621183,0.9802013089664963,0.23303038321242436,0.23092024094005592
4584.964,-1.2135925,-0.278004,21.537549499999997,1.0287935,0.2951895,0.1242415,0.002283,0.1219585,0.170948,0.2929064999999999,392.5873475,0.7134203768375363,0.0901448062447296,977.0,0,0.9401890607947611,0.8916029213587195,0.9791359599214925,0.23169837158436013,0.23102848814399293
4585.964,-1.21123,-0.277938,21.535876,1.027645,0.295163,0.124401,0.002383,0.122018,0.170762,0.29278,392.315067,0.7145458910888189,0.0887093902958405,978.0,0,0.9397830134172175,0.8920379084553208,0.9780706108764882,0.22780346429012044,0.23116946590980683
4586.964,-1.2160443333333333,-0.2751826666666667,21.53699333333333,1.028289,0.2952083333333333,0.124406,0.002358,0.122048,0.1708023333333333,0.2928503333333333,392.41411366666665,0.7145527995160126,0.0887005796863221,979.0,0,0.9400087736192247,0.8922572296804979,0.9783016274256736,0.22763208008960595,0.2312899941885783
4587.964,-1.2208586666666668,-0.2724273333333333,21.538110666666668,1.028933,0.2952536666666666,0.124411,0.002333,0.1220779999999999,0.1708426666666666,0.2929206666666666,392.51316033333336,0.7145597046812778,0.088691773236879,980.0,0,0.9402345338212319,0.8924765509056742,0.9785326439748588,0.22820174437596696,0.23122044836322125
4588.964,-1.225673,-0.269672,21.539228,1.029577,0.295299,0.124416,0.002308,0.122108,0.1708829999999999,0.292991,392.612207,0.7145666065869245,0.0886829709445654,981.0,0,0.9404602940232393,0.8926958721308521,0.9787636605240442,0.23243448807813577,0.2311173088533618
4589.964,-1.2235276666666666,-0.2728503333333333,21.537498333333335,1.0287213333333334,0.2953666666666666,0.1243606666666666,0.0023153333333333,0.1220453333333333,0.171006,0.2930513333333333,392.5314956666667,0.7136861843862142,0.0898058106307048,982.0,0,0.9406539556183259,0.8922377344604819,0.9794681655376766,0.23295562294808392,0.23103148698562026
4590.964,-1.2213823333333331,-0.2760286666666666,21.535768666666662,1.0278656666666666,0.2954343333333333,0.1243053333333333,0.0023226666666666,0.1219826666666666,0.1711289999999999,0.2931116666666666,392.4507843333334,0.7128070277956331,0.0909270362306943,983.0,0,0.9408476172134126,0.8917795967901118,0.980172670551308,0.23303038321242436,0.23103148698562032
4591.964,-1.219237,-0.279207,21.534039,1.02701,0.295502,0.12425,0.00233,0.12192,0.171252,0.293172,392.370073,0.711929134088162,0.0920466512224167,984.0,0,0.9410412788084995,0.8913214591197423,0.9808771755649404,0.232387562628666,0.23166109878274121
4592.964,-1.221664,-0.281483,21.536196500000003,1.028559,0.2955415,0.124449,0.0023734999999999,0.1220755,0.1710924999999999,0.293168,392.8313275,0.7135016818289415,0.0900411145489078,985.0,0,0.9410284393657313,0.8924582741369103,0.9799636101204334,0.2319989881138304,0.23207199688185978
4593.964,-1.224091,-0.283759,21.538354,1.030108,0.295581,0.124648,0.002417,0.122231,0.1709329999999999,0.293164,393.292582,0.7150771642856308,0.0880318351080213,986.0,0,0.9410155999229631,0.8935950891540783,0.979050044675927,0.23217216453500883,0.23197482357212787
4594.964,-1.2342466666666667,-0.2772683333333333,21.537384,1.0296293333333333,0.2952269999999999,0.1242843333333333,0.002379,0.1219053333333333,0.1709426666666666,0.292848,393.0752093333333,0.7131316164584436,0.0905130745745927,987.0,0,0.9400012839442767,0.8912142354096554,0.9791054122786247,0.23169837158436013,0.23155718442120107
4595.964,-1.2444023333333334,-0.2707776666666666,21.536414,1.0291506666666668,0.294873,0.1239206666666666,0.0023409999999999,0.1215796666666666,0.1709523333333333,0.2925319999999999,392.8578366666667,0.7111862886557736,0.0929940334345874,988.0,0,0.9389869679655899,0.8888333816652326,0.9791607798813221,0.23409958226133015,0.23116487727586565
4596.964,-1.254558,-0.264287,21.535444,1.028672,0.294519,0.123557,0.002303,0.121254,0.1709619999999999,0.292216,392.640464,0.7092411808402989,0.0954747117356036,989.0,0,0.9379726519869036,0.8864525279208106,0.9792161474840191,0.23174106108079134,0.23096571993536083
4597.964,-1.249437,-0.2581155,21.533316999999997,1.027149,0.2947355,0.1239005,0.002319,0.1215815,0.1708349999999999,0.2924164999999999,393.04044,0.7116854761291531,0.0923573985275145,990.0,0,0.9386162290556586,0.8888467846289939,0.9784887317382367,0.22723001127864811,0.23079189515412396
4598.964,-1.244316,-0.251944,21.53119,1.025626,0.294952,0.124244,0.002335,0.121909,0.1707079999999999,0.292617,393.440416,0.7141334083147346,0.08923544703114,991.0,0,0.9392598061244142,0.8912410413371773,0.9777613159924541,0.22825809656886764,0.23093474235885525
4599.964,-1.241994,-0.2614693333333333,21.533933333333337,1.0266853333333332,0.2948743333333333,0.1240746666666666,0.0023803333333333,0.1216943333333333,0.1707996666666666,0.292494,393.2056963333334,0.7124933157950203,0.0913271264192675,992.0,0,0.9388649932592924,0.8896716761259098,0.9782863536042397,0.22903255149472956,0.23092123671065376
4600.964,-1.239672,-0.2709946666666666,21.536676666666665,1.0277446666666668,0.2947966666666666,0.1239053333333333,0.0024256666666666,0.1214796666666666,0.1708913333333333,0.292371,392.9709766666667,0.7108549827669274,0.0934165618532804,993.0,0,0.9384701803941707,0.8881023109146423,0.9788113912160251,0.2310388098073763,0.23055058496281014
4601.964,-1.23735,-0.28052,21.53942,1.028804,0.294719,0.123736,0.002471,0.121265,0.170983,0.292248,392.736257,0.7092184064005989,0.0955037569422149,994.0,0,0.9380753675290492,0.8865329457033755,0.9793364288278105,0.23064931481629675,0.2303440032507674
4602.964,-1.2470773333333334,-0.2733736666666667,21.538268,1.028147666666667,0.2949823333333333,0.1240486666666666,0.0025213333333333,0.1215273333333333,0.1709336666666666,0.292461,392.6974906666667,0.7109577928409294,0.0932854438156715,995.0,0,0.938759067856455,0.888450787972424,0.9790538631312857,0.2334274601611439,0.23047293546393072
4603.964,-1.2568046666666666,-0.2662273333333333,21.537116,1.027491333333333,0.2952456666666667,0.1243613333333333,0.0025716666666666,0.1217896666666666,0.1708843333333333,0.292674,392.65872433333334,0.7126981835772914,0.0910658498679041,996.0,0,0.9394427681838606,0.8903686302414724,0.9787712974347615,0.2320371080529936,0.23122279326011733
4604.964,-1.266532,-0.259081,21.535964,1.026835,0.295509,0.124674,0.002622,0.122052,0.170835,0.292887,392.619958,0.7144395794797348,0.0888449739893012,997.0,0,0.9401264685112665,0.8922864725105215,0.9784887317382371,0.22799185410592426,0.23169655148680152
4605.964,-1.2620803333333332,-0.2707226666666666,21.537572666666662,1.026825,0.2955803333333333,0.1245906666666666,0.0025473333333333,0.1220433333333333,0.1709896666666666,0.293033,393.13458633333335,0.7137426604181124,0.0897337843575374,998.0,0,0.9405951081723052,0.8922231130454701,0.9793746133813945,0.23203376514090268,0.231463870259888
4606.964,-1.2576286666666667,-0.2823643333333333,21.539181333333335,1.026815,0.2956516666666667,0.1245073333333333,0.0024726666666666,0.1220346666666666,0.1711443333333333,0.293179,393.64921466666664,0.7130470009894123,0.0906209882626085,999.0,0,0.941063747833344,0.8921597535804187,0.9802604950245524,0.23303038321242436,0.23079978652258393
4607.964,-1.253177,-0.294006,21.54079,1.026805,0.295723,0.1244239999999999,0.002398,0.122026,0.171299,0.293325,394.163843,0.7123525977816694,0.0915065900559382,1000.0,0,0.9415323874943826,0.892096394115368,0.9811463766677104,0.23472858924051387,0.23001015321014845
4608.964,-1.258174,-0.2855523333333333,21.540210666666667,1.0264066666666667,0.295541,0.1245193333333333,0.00245,0.1220693333333333,0.1710216666666667,0.293091,394.01120733333335,0.7137611388743792,0.0897102180003758,1001.0,0,0.9407812800924439,0.8924131914406236,0.9795578992386003,0.23299567883570982,0.22902474104675052
4609.964,-1.263171,-0.2770986666666666,21.539631333333336,1.0260083333333332,0.295359,0.1246146666666666,0.002502,0.1221126666666666,0.1707443333333333,0.292857,393.85857166666665,0.7151742556165515,0.0879080104254431,1002.0,0,0.940030172690505,0.8927299887658792,0.9779694218094894,0.22670573922559456,0.22833364544101747
4610.964,-1.268168,-0.268645,21.539052,1.02561,0.295177,0.12471,0.002554,0.122156,0.170467,0.292623,393.705936,0.7165919703404743,0.0860999388498281,1003.0,0,0.9392790652885664,0.8930467860911354,0.9763809443803793,0.22439797243433518,0.2280493658457491
4611.964,-1.269956,-0.268432,21.537701666666667,1.024764,0.295045,0.1245416666666666,0.002554,0.1219876666666666,0.1705033333333333,0.292491,393.69860166666666,0.7154520021974026,0.0875537884585078,1004.0,0,0.9388553636772163,0.8918161503276413,0.976589050197414,0.22275298169194202,0.22725957344084372
4612.964,-1.271744,-0.268219,21.536351333333336,1.023918,0.294913,0.1243733333333333,0.002554,0.1218193333333333,0.1705396666666666,0.292359,393.69126733333337,0.7143125197900011,0.089007018587934,1005.0,0,0.9384316620658661,0.8905855145641477,0.9767971560144486,0.2235733385271651,0.22642636271230376
4613.964,-1.273532,-0.268006,21.535001,1.023072,0.294781,0.124205,0.002554,0.121651,0.170576,0.292227,393.683933,0.7131735228078814,0.0904596296339586,1006.0,0,0.9380079604545162,0.8893548788006542,0.977005261831484,0.22512615199566283,0.22587732000018418
4614.964,-1.2717236666666667,-0.2688373333333334,21.535803,1.023393,0.294838,0.124269,0.002565,0.1217039999999999,0.170569,0.292273,393.61844966666666,0.7135135135135137,0.0900260251009351,1007.0,0,0.9381556140463503,0.8897423462984664,0.9769651680502203,0.22514905815324038,0.22565669254399312
4615.964,-1.2699153333333335,-0.2696686666666666,21.536605,1.023714,0.294895,0.124333,0.0025759999999999,0.121757,0.170562,0.292319,393.55296633333336,0.7138535321259593,0.0895923849771719,1008.0,0,0.9383032676381844,0.8901298137962801,0.9769250742689567,0.22413584109184914,0.22602449267281077
4616.964,-1.268107,-0.2705,21.537407,1.024035,0.294952,0.124397,0.002587,0.12181,0.1705549999999999,0.292365,393.487483,0.7141935786486551,0.0891587092582855,1009.0,0,0.9384509212300185,0.8905172812940929,0.9768849804876926,0.2246982759270248,0.22618429819169697
4617.964,-1.271867,-0.2750565,21.538248000000003,1.025602,0.295145,0.1243325,0.0025139999999999,0.1218185,0.1708124999999999,0.292631,393.420195,0.7131666993533885,0.0904683318741963,1010.0,0,0.9393047441741026,0.890579422307893,0.9783598588698893,0.22923816211931808,0.22595907445473357
4618.964,-1.275627,-0.279613,21.539089,1.027169,0.295338,0.124268,0.002441,0.121827,0.17107,0.2928969999999999,393.352907,0.7121429114227427,0.0917740119420004,1011.0,0,0.9401585671181867,0.8906415633216933,0.9798347372520868,0.23078940427379918,0.22590639368472729
4619.964,-1.2812446666666668,-0.2737513333333333,21.538014333333333,1.026812,0.295044,0.124181,0.002437,0.121744,0.170863,0.2926069999999999,393.4311303333334,0.7125198988669352,0.0912932239028367,1012.0,0,0.9392277075174933,0.8900347745987033,0.9786491068632915,0.23038374051377075,0.22594046428999165
4620.964,-1.286862333333333,-0.2678896666666666,21.53693966666667,1.026455,0.29475,0.124094,0.002433,0.121661,0.170656,0.292317,393.5093536666667,0.7128978008520014,0.0908112695109997,1013.0,0,0.9382968479168002,0.8894279858757134,0.9774634764744965,0.2259960276231977,0.22591071290804182
4621.964,-1.29248,-0.262028,21.535865,1.026098,0.294456,0.124007,0.002429,0.121578,0.170449,0.292027,393.587577,0.7132766207098856,0.0903281445171195,1014.0,0,0.937365988316107,0.8888211971527233,0.9762778460857013,0.22050074432230743,0.22600974399842322
4622.964,-1.2810995,-0.2662719999999999,21.5356555,1.0260965,0.29432,0.123842,0.00246,0.121382,0.170478,0.29186,393.1645225,0.7120055842655106,0.0919491510763843,1015.0,0,0.9368299415805353,0.8873882984815663,0.9764439488937934,0.22304653082710252,0.22645983363153102
4623.964,-1.269719,-0.270516,21.535446,1.026095,0.294184,0.123677,0.002491,0.121186,0.170507,0.291693,392.741468,0.7107349801768833,0.0935696062340698,1016.0,0,0.9362938948449635,0.8859553998104092,0.9766100517018855,0.22546685804830624,0.2268356455618469
4624.964,-1.2777185,-0.2722955,21.5365335,1.0275805,0.2945055,0.1239635,0.0025655,0.121398,0.170542,0.29194,392.898682,0.7118322065402862,0.0921702670255477,1017.0,0,0.9370867304358989,0.8875052698016608,0.9768105206082035,0.2248515443337426,0.2263730870532533
4625.964,-1.285718,-0.274075,21.537621,1.029066,0.294827,0.12425,0.00264,0.12161,0.170577,0.292187,393.055896,0.7129289826355097,0.0907715020630871,1018.0,0,0.9378795660268342,0.8890551397929122,0.9770109895145216,0.22512615199566283,0.22540979056345192
4626.964,-1.2906065,-0.267278,21.537634500000003,1.028191,0.29507,0.1242685,0.002631,0.1216375,0.1708015,0.292439,393.327874,0.7121529251621025,0.0917612409964804,1019.0,0,0.9386884509212299,0.8892561842493245,0.9782968543564756,0.22919917225810305,0.22546657080459492
4627.964,-1.295495,-0.260481,21.537648,1.027316,0.295313,0.124287,0.002622,0.121665,0.171026,0.292691,393.599852,0.7113789050851619,0.0927483815519507,1020.0,0,0.9394973358156254,0.8894572287057368,0.9795827191984299,0.23299628142247664,0.22657820939258314
4628.964,-1.2984155,-0.2691115,21.540765,1.0283995,0.294851,0.1241299999999999,0.0025365,0.1215935,0.170721,0.2923145,393.4690165,0.7122309954194539,0.0916616746938695,1021.0,0,0.9382888232650701,0.8889345131190648,0.9778357758719444,0.22616381918786294,0.22734678253722307
4629.964,-1.301336,-0.277742,21.543882,1.029483,0.294389,0.123973,0.002451,0.121522,0.170416,0.291938,393.338181,0.7130861357728395,0.0905710780173818,1022.0,0,0.9370803107145148,0.8884117975323927,0.9760888325454588,0.22075077561575734,0.22780894766513785
4630.964,-1.3015265,-0.2689405,21.5410735,1.0290165,0.294652,0.1239155,0.0025265,0.121389,0.1707365,0.2921255,393.679533,0.7109685921370524,0.0932716710163719,1023.0,0,0.9376821595942735,0.8874394734341076,0.977924554959028,0.22656383003462743,0.22805147863306252
4631.964,-1.301717,-0.260139,21.538265,1.02855,0.294915,0.123858,0.002602,0.121256,0.171057,0.292313,394.020885,0.7088589835026716,0.0959621441723124,1024.0,0,0.938284008474032,0.8864671493358224,0.9797602773725972,0.23161713020218988,0.22888160944961058
4632.964,-1.299512,-0.2665446666666666,21.53781,1.028077666666667,0.2948273333333333,0.123842,0.0025396666666666,0.1213023333333333,0.1709853333333333,0.2922876666666666,393.8643533333333,0.7094270692199571,0.0952376404194736,1025.0,0,0.9382026920031667,0.8868058787835957,0.9793497934215648,0.2307322622735017,0.229261320366048
4633.964,-1.297307,-0.2729503333333333,21.537355,1.0276053333333337,0.2947396666666667,0.123826,0.0024773333333333,0.1213486666666666,0.1709136666666666,0.2922623333333333,393.7078216666667,0.7099956313481971,0.0945125290795861,1026.0,0,0.9381213755323017,0.887144608231369,0.9789393094705325,0.23008850932745434,0.22867316592220224
4634.964,-1.295102,-0.279356,21.5369,1.027133,0.294652,0.12381,0.002415,0.121395,0.170842,0.292237,393.55129,0.7105646704869383,0.0937868093880226,1027.0,0,0.9380400590614367,0.887483337679143,0.9785288255195008,0.2272768540129888,0.22810685843564665
4635.964,-1.306022,-0.2662299999999999,21.539735,1.030336,0.2948905,0.1239605,0.0024254999999999,0.121535,0.17093,0.292465,393.7049925,0.7110178961101263,0.0932087915732966,1028.0,0,0.938771907299223,0.8885068367299694,0.9790328616268147,0.2334274601611439,0.22753083348041198
4636.964,-1.316942,-0.253104,21.54257,1.033539,0.295129,0.124111,0.002436,0.121675,0.1710179999999999,0.292693,393.858695,0.7114706553073051,0.0926313686113963,1029.0,0,0.9395037555370095,0.889530335780796,0.979536897734128,0.23299628142247664,0.2274150385271298
4637.964,-1.31362,-0.2615413333333333,21.542803333333335,1.0327223333333333,0.2948296666666666,0.124085,0.0024436666666666,0.1216413333333333,0.1707446666666666,0.292386,393.7419086666667,0.7124124184703565,0.0914302982004444,1030.0,0,0.9385183283045514,0.8892842086280969,0.9779713310371685,0.22711473698401952,0.22749607316270204
4638.964,-1.310298,-0.2699786666666666,21.543036666666666,1.0319056666666666,0.2945303333333333,0.124059,0.0024513333333333,0.1216076666666666,0.1704713333333333,0.292079,393.6251223333333,0.7133572016573559,0.0902253762251644,1031.0,0,0.9375329010720933,0.889038081475398,0.9764057643402089,0.22050074432230743,0.22728983308180703
4639.964,-1.306976,-0.278416,21.54327,1.031089,0.294231,0.124033,0.002459,0.121574,0.170198,0.291772,393.508336,0.7143050194184454,0.0890165841291446,1032.0,0,0.9365474738396352,0.8887919543226998,0.9748401976432493,0.21499052606341024,0.22633457154009534
4640.964,-1.3052875,-0.269095,21.539841,1.029234,0.294667,0.123949,0.002434,0.121515,0.170718,0.292233,393.7171675,0.711783691329026,0.0922321405273068,1033.0,0,0.9380272196186685,0.8883606225798514,0.9778185928228313,0.22540588050180532,0.22635588453295674
4641.964,-1.303599,-0.259774,21.536412,1.027379,0.295103,0.1238649999999999,0.002409,0.121456,0.171238,0.292694,393.925999,0.7092776762302979,0.0954281676204973,1034.0,0,0.9395069653977016,0.887929290837003,0.9807969880024132,0.23242747655791257,0.22621684932214176
4642.964,-1.312771,-0.256649,21.536538,1.028365,0.2950385,0.124245,0.0023975,0.1218475,0.1707935,0.292641,393.946803,0.7134158301350454,0.0901506048468023,1035.0,0,0.9393368427810231,0.8907914328255643,0.9782510328921743,0.22866986146455165,0.22612636949975543
4643.964,-1.321943,-0.253524,21.536664,1.029351,0.294974,0.124625,0.002386,0.122239,0.170349,0.292588,393.967607,0.7175755796888758,0.0848455002280488,1036.0,0,0.9391667201643448,0.8936535748141254,0.9757050777819356,0.2205358939103373,0.2270359574506852
4644.964,-1.3157085,-0.2667155,21.537647999999997,1.0304669999999998,0.295004,0.124376,0.002353,0.1220229999999999,0.170628,0.292651,394.0147555,0.7151363484519042,0.0879563550364952,1037.0,0,0.9393689413879436,0.8920744619928496,0.9773031013494421,0.22748998394160297,0.2282777494271267
4645.964,-1.309474,-0.279907,21.538632,1.031583,0.295034,0.124127,0.00232,0.121807,0.170907,0.292714,394.061904,0.7127050810962622,0.0910570531701038,1038.0,0,0.9395711626115425,0.8904953491715751,0.9789011249169486,0.2320371080529936,0.22949017051918758
4646.964,-1.3076035,-0.2806945,21.538501,1.0279729999999998,0.2952245,0.1240235,0.002391,0.1216325,0.171201,0.2928334999999999,393.8002320000001,0.7104619104916999,0.0939178635580652,1039.0,0,0.9399547409642418,0.8892196307117951,0.9805850637300199,0.2320914831986135,0.23022217815039586
4647.964,-1.305733,-0.281482,21.53837,1.024363,0.295415,0.12392,0.002462,0.121458,0.1714949999999999,0.2929529999999999,393.53856,0.7082264309371648,0.0967688652244932,1040.0,0,0.9403383193169412,0.8879439122520149,0.9822690025430907,0.23621061649331737,0.23032740714133118
4648.964,-1.30523,-0.278704,21.538851,1.0276554999999998,0.2950565,0.1239175,0.0023645,0.121553,0.1711389999999999,0.2926919999999999,394.0261495,0.7102547621830082,0.0941820485612694,1041.0,0,0.9395005456763172,0.8886384294650757,0.9802299473816846,0.23291866408672213,0.2309804026801628
4649.964,-1.304727,-0.275926,21.539332,1.030948,0.294698,0.123915,0.002267,0.121648,0.170783,0.292431,394.513739,0.7122915495596777,0.0915844474365963,1042.0,0,0.9386627720356935,0.8893329466781366,0.978190892220279,0.22711473698401952,0.23221053566156033
4650.964,-1.316715,-0.267153,21.5391135,1.0285415,0.2948975,0.1239875,0.002338,0.1216495,0.17091,0.2925595,393.881169,0.7117710387277587,0.0922482769250764,1043.0,0,0.9390752391346213,0.8893439127393954,0.9789183079660616,0.23272595681388802,0.23271126620316354
4651.964,-1.328703,-0.25838,21.538895,1.026135,0.295097,0.1240599999999999,0.002409,0.121651,0.171037,0.292688,393.248599,0.711251300880506,0.092911120593504,1044.0,0,0.9394877062335494,0.8893548788006542,0.979645723711844,0.23347976646726543,0.23261506248499803
4652.964,-1.351541,-0.238385,21.540032,1.031036,0.295489,0.124053,0.002277,0.121776,0.171436,0.293212,393.558205,0.7103250756837788,0.09409237477854,1045.0,0,0.9411696732361814,0.8902687172388921,0.9819310692438695,0.2351998168528679,0.2326469913009232
4653.964,-1.332673,-0.252255,21.540054,1.0318675000000002,0.2954785,0.124247,0.0022719999999999,0.121975,0.1712314999999999,0.2932065,393.7864805,0.7123355671382477,0.0915283099561166,1046.0,0,0.9411520190023751,0.8917235480325669,0.9807597580626679,0.23283722372431276,0.2321876426718105
4654.964,-1.313805,-0.266125,21.540076,1.032699,0.295468,0.124441,0.002267,0.122174,0.1710269999999999,0.293201,394.014756,0.7143508665247796,0.0889581133744938,1047.0,0,0.9411343647685689,0.8931783788262417,0.979588446881467,0.2324972893576352,0.23224728141613937
4655.964,-1.315608,-0.2724283333333333,21.539862666666664,1.031251666666667,0.295202,0.12415,0.0022616666666666,0.1218883333333333,0.1710519999999999,0.2929403333333333,394.30755666666664,0.7125764139379803,0.0912211478413934,1048.0,0,0.9402976610815088,0.8910899533820551,0.9797316389574083,0.23107507087133872,0.2329051213766559
4656.964,-1.317411,-0.2787316666666666,21.539649333333333,1.029804333333333,0.294936,0.123859,0.0022563333333333,0.1216026666666666,0.1710769999999999,0.2926796666666666,394.60035733333336,0.710802479960408,0.0934835209040018,1049.0,0,0.9394609573944488,0.8890015279378684,0.9798748310333497,0.23241077135786542,0.23297897003440055
4657.964,-1.319214,-0.285035,21.539436,1.028357,0.29467,0.123568,0.002251,0.121317,0.1711019999999999,0.292419,394.893158,0.7090290643647394,0.0957452328522338,1050.0,0,0.9386242537073889,0.8869131024936825,0.9800180231092912,0.23161713020218988,0.23266936743905106
4658.964,-1.325044,-0.2779175,21.541983,1.029145,0.2947349999999999,0.123574,0.0022665,0.1213075,0.1711609999999999,0.2924685,394.213954,0.7087291571727371,0.096127717184259,1051.0,0,0.9387831418116453,0.8868436507723764,0.980355956408513,0.23351505153001095,0.23249350343874053
4659.964,-1.330874,-0.2708,21.54453,1.029933,0.2948,0.12358,0.002282,0.121298,0.1712199999999999,0.292518,393.53475,0.7084294566671145,0.0965099379203985,1052.0,0,0.9389420299159016,0.8867741990510704,0.9806938897077349,0.23369313658918478,0.2327074169132343
4660.964,-1.32085,-0.263905,21.539562,1.0289975,0.294828,0.123801,0.002295,0.121506,0.1710269999999999,0.292533,393.513739,0.7104450733213276,0.0939393367138774,1053.0,0,0.9389901778262821,0.8882948262122983,0.979588446881467,0.23346444339133438,0.23280180566244707
4661.964,-1.310826,-0.25701,21.534594,1.028062,0.294856,0.124022,0.002308,0.121714,0.1708339999999999,0.292548,393.492728,0.7124652442415197,0.0913629272592471,1054.0,0,0.9390383257366628,0.8898154533735262,0.9784830040551991,0.23038374051377075,0.23261811478724498
4662.964,-1.3137425,-0.262652,21.536862999999997,1.029681,0.295103,0.12397,0.0023425,0.1216275,0.1711329999999999,0.2927605,394.135626,0.7107149952668669,0.0935950938354414,1055.0,0,0.9397204211337226,0.8891830771742655,0.9801955812834586,0.23344117684976262,0.23210003877932323
4663.964,-1.316659,-0.268294,21.539132,1.0313,0.29535,0.123918,0.002377,0.121541,0.171432,0.292973,394.778524,0.708970851586334,0.0958194740717093,1056.0,0,0.9404025165307824,0.8885507009750049,0.9819081585117189,0.2349763584692502,0.231594708762567
4664.964,-1.3169715,-0.2682265,21.5419995,1.031671,0.29517,0.124045,0.0023639999999999,0.121681,0.1711249999999999,0.292806,394.284663,0.7110608557437211,0.0931540033348091,1057.0,0,0.9398664697952108,0.8895742000258313,0.9801497598191573,0.23344117684976262,0.2310065243465008
4665.964,-1.317284,-0.268159,21.544867,1.032042,0.29499,0.124172,0.002351,0.121821,0.1708179999999999,0.292639,393.790802,0.7131583723122136,0.0904789517021513,1058.0,0,0.939330423059639,0.8905976990766579,0.9783913611265964,0.22923816211931808,0.23036738961688408
4666.964,-1.318196,-0.267525,21.543352,1.031672666666667,0.2947116666666666,0.123908,0.0023303333333333,0.1215776666666666,0.1708036666666666,0.2923813333333333,393.697265,0.7117935887778243,0.0922195178920606,1059.0,0,0.9385033489546553,0.8888187602502208,0.9783092643363902,0.22723001127864811,0.22976391870984697
4667.964,-1.319108,-0.266891,21.541837,1.0313033333333332,0.2944333333333333,0.123644,0.0023096666666666,0.1213343333333333,0.1707893333333333,0.2921236666666666,393.603728,0.7104285761684405,0.0939603762310034,1060.0,0,0.9376762748496712,0.8870398214237846,0.978227167546184,0.22656383003462743,0.2295492969018103
4668.964,-1.32002,-0.266257,21.540322,1.030934,0.294155,0.12338,0.002289,0.121091,0.170775,0.291866,393.510191,0.709063334426383,0.0957015267925401,1061.0,0,0.9368492007446876,0.8852608825973484,0.9781450707559778,0.2276332073693489,0.22893535814613583
4669.964,-1.319108,-0.2660233333333333,21.540400333333334,1.0315366666666668,0.2940956666666666,0.123331,0.0023493333333333,0.1209816666666666,0.1707646666666666,0.2917463333333333,393.433471,0.7084659875033429,0.0964633485992161,1062.0,0,0.9364650874152058,0.8844615785767024,0.9780858846979216,0.2273017892930178,0.2282010430361457
4670.964,-1.318196,-0.2657896666666667,21.540478666666665,1.0321393333333333,0.2940363333333333,0.123282,0.0024096666666666,0.1208723333333333,0.1707543333333333,0.2916266666666666,393.356751,0.7078685682828842,0.0972252626098489,1063.0,0,0.9360809740857243,0.8836622745560573,0.978026698639866,0.22742973432096303,0.22761858468651502
4671.964,-1.317284,-0.265556,21.540557,1.032742,0.293977,0.123233,0.00247,0.120763,0.170744,0.2915069999999999,393.280031,0.7072710767518814,0.0979872688411785,1064.0,0,0.9356968607562428,0.882862970535412,0.9779675125818105,0.22823752243340406,0.2278548250345696
4672.964,-1.314104333333333,-0.2645383333333333,21.541554333333337,1.0325463333333331,0.2940583333333333,0.1232926666666666,0.0023943333333333,0.1208983333333333,0.1707656666666666,0.291664,393.09067066666665,0.7079738434511029,0.0970910007332793,1065.0,0,0.9362008088848942,0.8838523529512107,0.9780916123809592,0.2273017892930178,0.2283640098646052
4673.964,-1.3109246666666663,-0.2635206666666667,21.542551666666665,1.0323506666666666,0.2941396666666667,0.1233523333333333,0.0023186666666666,0.1210336666666666,0.1707873333333333,0.291821,392.90131033333336,0.7086764318405824,0.0961949600313391,1066.0,0,0.9367047570135455,0.8848417353670094,0.9782157121801086,0.2276332073693489,0.2288540897340136
4674.964,-1.307745,-0.262503,21.543549,1.032155,0.294221,0.123412,0.002243,0.121169,0.170809,0.291978,392.71195,0.7093788419881739,0.0952991466488204,1067.0,0,0.9372087051421968,0.8858311177828088,0.978339811979258,0.22761659335345646,0.22915570047870842
4675.964,-1.3120349999999998,-0.2630274999999999,21.539943,1.031911,0.294409,0.1234445,0.0022805,0.121164,0.1709645,0.2921285,393.1422165,0.7087043877273483,0.0961593067060404,1068.0,0,0.9376917891763497,0.8857945642452792,0.9792304666916138,0.2316005655998637,0.229545772449959
4676.964,-1.316325,-0.263552,21.536337,1.031667,0.294597,0.123477,0.002318,0.121159,0.17112,0.292279,393.572483,0.7080311592381999,0.0970179034847741,1069.0,0,0.9381748732105026,0.8857580107077498,0.9801211214039696,0.2323218595790037,0.22996682980264455
4677.964,-1.313325,-0.2643393333333333,21.536414666666666,1.032652,0.2945709999999999,0.1235146666666666,0.0023266666666666,0.121188,0.1710563333333333,0.2922443333333333,393.4835813333333,0.7084642186245549,0.0964656045251814,1070.0,0,0.9380635980398447,0.885970021225421,0.9797564589172386,0.2314646287287121,0.2303624693517241
4678.964,-1.310325,-0.2651266666666667,21.536492333333335,1.033637,0.294545,0.1235523333333333,0.0023353333333333,0.121217,0.1709926666666666,0.2922096666666666,393.39467966666666,0.7088976004959248,0.095912894286804,1071.0,0,0.9379523228691871,0.8861820317430922,0.9793917964305076,0.23064931481629675,0.23079623326336254
4679.964,-1.307325,-0.265914,21.53657,1.034622,0.294519,0.12359,0.002344,0.121246,0.1709289999999999,0.2921749999999999,393.305778,0.7093313052126603,0.0953597723100709,1072.0,0,0.9378410476985295,0.8863940422607635,0.9790271339437764,0.23120250900552375,0.23079623326336254
4680.964,-1.3092515,-0.269959,21.536348500000003,1.032514,0.2947309999999999,0.123692,0.0023245,0.1213675,0.171039,0.2924065,393.3042329999999,0.7095854770813845,0.095035616171035,1073.0,0,0.9385841304487385,0.8872822932227307,0.9796571790779194,0.23164030784781814,0.23081608511238763
4681.964,-1.311178,-0.274004,21.536127,1.030406,0.294943,0.123794,0.002305,0.121489,0.171149,0.292638,393.302688,0.7098393222319603,0.0947118767094783,1074.0,0,0.9393272131989471,0.8881705441846979,0.9802872242120617,0.2321939179242002,0.23072399725666562
4682.964,-1.3103343333333333,-0.2724276666666667,21.535772,1.030505,0.2945806666666666,0.123629,0.0023403333333333,0.1212886666666666,0.1709516666666666,0.2922403333333333,393.470422,0.709486836512251,0.0951614166626596,1075.0,0,0.9380507585970768,0.8867059657810148,0.9791569614259636,0.231639428409402,0.23076121142434994
4683.964,-1.3094906666666666,-0.2708513333333333,21.535417,1.030604,0.2942183333333333,0.1234639999999999,0.0023756666666666,0.1210883333333333,0.1707543333333333,0.2918426666666667,393.638156,0.7091335360925767,0.0956119956371788,1076.0,0,0.9367743039952066,0.8852413873773324,0.978026698639866,0.2276332073693489,0.23024226836071104
4684.964,-1.308647,-0.269275,21.535062,1.030703,0.293856,0.1232989999999999,0.002411,0.120888,0.170557,0.291445,393.80589,0.708779418145147,0.0960636172394368,1077.0,0,0.9354978493933362,0.88377680897365,0.9768964358537683,0.22781511184370706,0.22895119190244437
4685.964,-1.302032,-0.2751295,21.537372,1.0317794999999998,0.2941805,0.1232784999999999,0.002328,0.1209504999999999,0.170902,0.2918525,393.60881099999995,0.7077143174783355,0.0974219851877514,1078.0,0,0.936805867625345,0.8842337281927682,0.9788724865017603,0.23067968704264347,0.22875475721382382
4686.964,-1.295417,-0.280984,21.539682,1.032856,0.294505,0.1232579999999999,0.002245,0.121013,0.171247,0.29226,393.411732,0.7066535083621412,0.0987748799399741,1079.0,0,0.9381138858573538,0.8846906474118879,0.9808485371497522,0.23269400125584694,0.22900632703613794
4687.964,-1.301974,-0.2710625,21.536777,1.032492,0.2946475,0.1238525,0.002317,0.1215354999999999,0.170795,0.2923305,394.015087,0.7115828239537226,0.0924883151903939,1080.0,0,0.9383401810361429,0.8885104920837217,0.978259624416731,0.22627519809232316,0.2290899970271954
4688.964,-1.308531,-0.261141,21.533872,1.032128,0.29479,0.124447,0.002389,0.122058,0.170343,0.292401,394.618442,0.716538298971493,0.0861683882177029,1081.0,0,0.9385664762149323,0.892330336755557,0.9756707116837097,0.2177385502336301,0.22912976499155455
4689.964,-1.3138915,-0.2568074999999999,21.5341195,1.0322165,0.2949975,0.124182,0.002415,0.121767,0.1708155,0.2925824999999999,394.7762925,0.712852681093454,0.0908688126482413,1082.0,0,0.9391490659305383,0.890202920871339,0.978377041919003,0.22923816211931808,0.2294978957505016
4690.964,-1.319252,-0.252474,21.534367,1.032305,0.295205,0.123917,0.002441,0.121476,0.171288,0.2927639999999999,394.934143,0.7091873967388449,0.0955433048759709,1083.0,0,0.9397316556461446,0.8880755049871212,0.9810833721542961,0.23415600607095965,0.2299061745778352
4691.964,-1.3184485,-0.25526,21.5352055,1.032985,0.2951384999999999,0.1240425,0.0023775,0.121665,0.171096,0.292761,394.98848,0.711087862440604,0.0931195605515318,1084.0,0,0.9397220260640686,0.8894572287057368,0.9799836570110658,0.23303061783477463,0.23033584172049587
4692.964,-1.317645,-0.258046,21.536044,1.033665,0.295072,0.124168,0.002314,0.121854,0.170904,0.292758,395.042817,0.7129925982270853,0.0906903704073649,1085.0,0,0.9397123964819927,0.8908389524243526,0.9788839418678356,0.2320371080529936,0.23066916120492031
4693.964,-1.312283,-0.2613866666666666,21.535961666666665,1.033588,0.2951163333333333,0.1240416666666666,0.0022916666666666,0.12175,0.1710746666666666,0.2928246666666667,395.0177506666667,0.7116733920857633,0.0923728098193653,1086.0,0,0.9399263871947957,0.8900786388437386,0.9798614664395954,0.23131451495881972,0.231331818762534
4694.964,-1.306921,-0.2647273333333333,21.535879333333337,1.033511,0.2951606666666667,0.1239153333333333,0.0022693333333333,0.121646,0.1712453333333333,0.2928913333333333,394.9926843333334,0.7103568154257317,0.094051895742614,1087.0,0,0.9401403779075985,0.8893183252631247,0.9808389910113559,0.23189790011704287,0.23279716097999548
4695.964,-1.301559,-0.268068,21.535797,1.033434,0.295205,0.123789,0.002247,0.121542,0.171416,0.292958,394.967618,0.7090428603930765,0.09572763819354,1088.0,0,0.9403543686204018,0.8885580116825108,0.9818165155831163,0.2349763584692502,0.23324571737639585
4696.964,-1.3040443333333334,-0.2714163333333333,21.534336,1.0315116666666666,0.294938,0.123629,0.002261,0.121368,0.171309,0.292677,394.52924566666667,0.7084700251006947,0.0964581992804692,1089.0,0,0.9394523977659369,0.8872859485764836,0.9812036534980869,0.23602719610009137,0.23364604701492028
4697.964,-1.3065296666666666,-0.2747646666666666,21.532875,1.0295893333333337,0.294671,0.123469,0.0022749999999999,0.121194,0.171202,0.292396,394.0908733333333,0.7078964737767445,0.0971896735527553,1090.0,0,0.9385504269114718,0.8860138854704563,0.9805907914130575,0.23290177366845982,0.2344782993439188
4698.964,-1.309015,-0.278113,21.531414,1.027667,0.294404,0.123309,0.002289,0.12102,0.171095,0.292115,393.652501,0.707322205077851,0.0979220627236611,1091.0,0,0.9376484560570071,0.8847418223644292,0.9799779293280282,0.23239197240824477,0.23456476590546543
4699.964,-1.306623,-0.2738983333333333,21.530349333333337,1.0278273333333334,0.2945453333333333,0.1233003333333333,0.0022793333333333,0.121021,0.1712449999999999,0.292266,393.77665766666667,0.7067084778622568,0.0987047750105356,1092.0,0,0.938133145021506,0.8847491330719351,0.9808370817836762,0.2337237260833221,0.2344421653423289
4700.964,-1.304231,-0.2696836666666666,21.52928466666667,1.0279876666666667,0.2946866666666666,0.1232916666666666,0.0022696666666666,0.121022,0.171395,0.292417,393.9008143333333,0.7060958248733927,0.0994861172906069,1093.0,0,0.9386178339860048,0.8847564437794411,0.9816962342393254,0.23815930245620376,0.2343021533475081
4701.964,-1.301839,-0.265469,21.52822,1.028148,0.294828,0.123283,0.00226,0.121023,0.1715449999999999,0.292568,394.024971,0.7054842432933441,0.1002660931576812,1094.0,0,0.9391025229505038,0.884763754486947,0.9825553866949736,0.24135314112475997,0.23396623052080204
4702.964,-1.3146935,-0.26963,21.5310375,1.029058,0.2947149999999999,0.123495,0.002308,0.121187,0.1712199999999999,0.292407,394.288843,0.7077811717020693,0.0973367231674005,1095.0,0,0.9385857353790843,0.8859627105179151,0.9806938897077349,0.23290177366845982,0.23365368827763885
4703.964,-1.327548,-0.273791,21.533855,1.029968,0.294602,0.123707,0.002356,0.121351,0.1708949999999999,0.2922459999999999,394.552715,0.7100868364385359,0.0943962113686883,1096.0,0,0.9380689478076647,0.8871616665488832,0.9788323927204962,0.23008850932745434,0.2335332202404654
4704.964,-1.320556,-0.2681426666666667,21.53281133333333,1.0308396666666666,0.294641,0.123665,0.002344,0.121321,0.170976,0.292297,394.47182666666663,0.709574972072267,0.0950490136536642,1097.0,0,0.9382326507029592,0.8869423453237061,0.9792963350465469,0.23049778016883432,0.2333888715427317
4705.964,-1.313564,-0.2624943333333333,21.531767666666667,1.0317113333333334,0.29468,0.123623,0.002332,0.121291,0.171057,0.292348,394.39093833333334,0.7090635924657133,0.0957011977040638,1098.0,0,0.9383963535982537,0.886723024098529,0.9797602773725972,0.23161713020218988,0.23264722298201349
4706.964,-1.306572,-0.256846,21.530724,1.032583,0.294719,0.123581,0.00232,0.121261,0.171138,0.292399,394.31005,0.7085526969305651,0.0963527643977171,1099.0,0,0.9385600564935481,0.8865037028733519,0.9802242196986476,0.23290177366845982,0.23148767573985585
4707.964,-1.3115386666666666,-0.2602543333333333,21.532682666666663,1.0323126666666669,0.2946556666666666,0.123645,0.00232,0.121325,0.1710106666666666,0.2923356666666666,394.31009133333333,0.7094545206467396,0.0952026304533373,1100.0,0,0.9383567653163849,0.8869715881537298,0.9794948947251853,0.23169709329672555,0.2300920653322885
4708.964,-1.3165053333333334,-0.2636626666666666,21.534641333333333,1.0320423333333333,0.2945923333333333,0.123709,0.00232,0.121389,0.1708833333333333,0.2922723333333333,394.3101326666667,0.7103576883388959,0.0940507824795199,1101.0,0,0.9381534741392221,0.8874394734341076,0.9787655697517238,0.23094848543090724,0.2300340739233429
4709.964,-1.321472,-0.267071,21.5366,1.031772,0.294529,0.123773,0.00232,0.121453,0.1707559999999999,0.292209,394.310174,0.7112622030136394,0.0928972166418138,1102.0,0,0.9379501829620593,0.8879073587144855,0.9780362447782618,0.2263072404761402,0.23025740894849783
4710.964,-1.313133,-0.2681055,21.5331385,1.0314255,0.2942869999999999,0.1235815,0.002301,0.1212805,0.1707054999999999,0.2919859999999999,394.4207395,0.7104621089413704,0.0939176104668033,1103.0,0,0.9372343840277328,0.886646261669717,0.97774699678486,0.22656383003462743,0.23049780829846034
4711.964,-1.304794,-0.26914,21.529677,1.031079,0.294045,0.12339,0.002282,0.121108,0.170655,0.291763,394.531305,0.7096615413463341,0.0949386081954144,1104.0,0,0.9365185850934068,0.8853851646249487,0.9774577487914589,0.22739703704908637,0.23109012893087488
4712.964,-1.305602,-0.274526,21.532595,1.032436,0.294705,0.123625,0.002424,0.121201,0.17108,0.292281,394.010827,0.7084421998936176,0.0964936859444312,1105.0,0,0.9381812929318867,0.8860650604229977,0.9798920140824634,0.2323218595790037,0.2318454151301715
4713.964,-1.317065,-0.2607435,21.533251,1.0330485,0.2947925,0.1236715,0.0024555,0.121216,0.171121,0.2923369999999999,393.839522,0.7083601173431819,0.0965983692941857,1106.0,0,0.9383610451306409,0.8861747210355863,0.9801268490870073,0.2323218595790037,0.23222532087068487
4714.964,-1.328528,-0.246961,21.533907,1.033661,0.29488,0.123718,0.002487,0.121231,0.1711619999999999,0.2923929999999999,393.668217,0.7082780741164856,0.0967030024927118,1107.0,0,0.9385407973293954,0.8862843816481749,0.9803616840915507,0.23290177366845982,0.2323696695684186
4715.964,-1.3338985,-0.2409885,21.533448,1.0343285,0.2949874999999999,0.1236765,0.0024745,0.121202,0.171311,0.2925129999999999,394.0430445,0.7074927617446534,0.0977045445896717,1108.0,0,0.938925980612441,0.8860723711305036,0.9812151088641622,0.23754033652633488,0.23309045067380563
4716.964,-1.339269,-0.235016,21.532989,1.034996,0.295095,0.123635,0.002462,0.121173,0.17146,0.292633,394.417872,0.7067088142493045,0.0987043460018999,1109.0,0,0.9393111638954867,0.8858603606128325,0.9820685336367733,0.2404546356614261,0.23369556819131784
4717.964,-1.3350975,-0.2407745,21.5334025,1.035275,0.294849,0.1235685,0.002469,0.1210995,0.1712805,0.29238,394.257426,0.7070203145114912,0.0983070765369276,1110.0,0,0.9384990691403992,0.8853230236111486,0.9810404145315137,0.2354961507018588,0.2343646801576981
4718.964,-1.330926,-0.246533,21.533816,1.035554,0.294603,0.123502,0.002476,0.121026,0.171101,0.292127,394.09698,0.7073324683522109,0.0979089735355969,1111.0,0,0.9376869743853117,0.8847856866094646,0.9800122954262541,0.23239197240824477,0.23445361283027016
4719.964,-1.327127,-0.2525036666666667,21.534131333333335,1.036552,0.2949663333333333,0.1238126666666666,0.002473,0.1213396666666666,0.1711536666666666,0.2924933333333333,394.1686736666667,0.7089474627237743,0.0958493028777918,1112.0,0,0.9388628533521644,0.8870788118638158,0.9803139533995704,0.23351505153001095,0.23497546052500326
4720.964,-1.323328,-0.2584743333333333,21.534446666666668,1.03755,0.2953296666666666,0.1241233333333333,0.00247,0.1216533333333333,0.1712063333333333,0.2928596666666667,394.2403673333333,0.7105614634887135,0.0937908994085573,1113.0,0,0.9400387323190172,0.8893719371181678,0.9806156113728872,0.23261500520974937,0.2349385040632744
4721.964,-1.319529,-0.264445,21.534762,1.038548,0.295693,0.124434,0.002467,0.121967,0.171259,0.293226,394.312061,0.7121744715637044,0.0917337619588181,1114.0,0,0.94121461128587,0.8916650623725197,0.980917269346204,0.23408815671288885,0.23426217403885818
4722.964,-1.3172755,-0.264563,21.532744,1.035961,0.295328,0.1240455,0.0024895,0.121556,0.1712824999999999,0.2928385,394.704289,0.7096772310234203,0.0949185984863443,1115.0,0,0.9399707902677022,0.8886603615875934,0.9810518698975884,0.2332111863047242,0.23344403889732807
4723.964,-1.315022,-0.264681,21.530726,1.033374,0.294963,0.123657,0.002512,0.121145,0.1713059999999999,0.2924509999999999,395.096517,0.7071806756291339,0.0981025612181888,1116.0,0,0.9387269692495341,0.8856556608026671,0.9811864704489734,0.23754033652633488,0.23306584909864841
4724.964,-1.3113946666666667,-0.263162,21.528881333333334,1.033009,0.294776,0.123584,0.0025336666666666,0.1210503333333333,0.1711919999999999,0.2922423333333333,394.781476,0.7070986157923124,0.0982072156003103,1117.0,0,0.9380571783184608,0.884963580492108,0.9805335145826805,0.23253220905117095,0.2329080971764948
4725.964,-1.3077673333333333,-0.261643,21.527036666666667,1.032644,0.294589,0.123511,0.0025553333333333,0.1209556666666666,0.1710779999999999,0.2920336666666666,394.466435,0.7070164465928995,0.0983120094571718,1118.0,0,0.937387387387387,0.884271500181549,0.9798805587163875,0.2307770362821729,0.23273825911485702
4726.964,-1.30414,-0.260124,21.525192,1.032279,0.294402,0.1234379999999999,0.002577,0.120861,0.170964,0.291825,394.151394,0.7069341678121253,0.0984169430677804,1119.0,0,0.9367175964563137,0.8835794198709905,0.979227602850095,0.23227328424612487,0.23263654521822424
4727.964,-1.313185,-0.258348,21.527522,1.034264,0.2944575,0.1235385,0.0025215,0.121017,0.170919,0.291936,394.0255005,0.7080329978937513,0.0970155585695499,1120.0,0,0.9370738909931307,0.8847198902419114,0.9789698571134003,0.23171425271506252,0.23246692678775985
4728.964,-1.32223,-0.256572,21.529852,1.036249,0.294513,0.123639,0.002466,0.121173,0.170874,0.292047,393.899607,0.7091324067300657,0.0956134359609761,1121.0,0,0.9374301855299478,0.8858603606128325,0.9787121113767059,0.2308144531867088,0.2324973133102885
4729.964,-1.3220376666666669,-0.258584,21.529607333333335,1.036249,0.2945576666666666,0.1236083333333333,0.002487,0.1211213333333333,0.1709493333333333,0.2920706666666666,394.107604,0.7085176786240057,0.0963974247258125,1122.0,0,0.9375061522329927,0.8854826407250271,0.9791435968322091,0.23181667091363278,0.2319524279775164
4730.964,-1.321845333333333,-0.260596,21.529362666666668,1.036249,0.2946023333333333,0.1235776666666666,0.002508,0.1210696666666666,0.1710246666666666,0.2920943333333333,394.315601,0.7079034920684419,0.0971807228283864,1123.0,0,0.9375821189360379,0.8851049208372219,0.9795750822877126,0.23159786624342177,0.23141269687120358
4731.964,-1.321653,-0.262608,21.529118,1.036249,0.294647,0.123547,0.002529,0.121018,0.1710999999999999,0.292118,394.523598,0.7072898463480636,0.0979633311809637,1124.0,0,0.9376580856390831,0.8847272009494174,0.9800065677432158,0.23239197240824477,0.23078611715834363
4732.964,-1.319199,-0.2638675,21.5297865,1.0366895,0.2949429999999999,0.123779,0.002472,0.121307,0.1711639999999999,0.292471,394.6093275,0.7087138141559316,0.0961472847828048,1125.0,0,0.9387911664633753,0.8868399954186235,0.9803731394576259,0.23351505153001095,0.23034029991810182
4733.964,-1.316745,-0.265127,21.530455,1.03713,0.295239,0.124011,0.002415,0.121596,0.171228,0.292824,394.695057,0.7101367174952841,0.0943325959463849,1126.0,0,0.9399242472876675,0.8889527898878296,0.9807397111720366,0.2320914831986135,0.229992626889936
4734.964,-1.3248895,-0.2592925,21.5294905,1.0358335,0.2945055,0.1236775,0.002341,0.1213365,0.1708279999999999,0.2921644999999999,394.186352,0.7102804558944911,0.0941492802838294,1127.0,0,0.9378073441612629,0.8870556612900476,0.978448637956973,0.2271348979880431,0.23015037881208955
4735.964,-1.333034,-0.253458,21.528526,1.034537,0.293772,0.123344,0.002267,0.121077,0.1704279999999999,0.2915049999999999,393.677647,0.7104248690070354,0.0939651041308055,1128.0,0,0.9356904410348587,0.8851585326922657,0.9761575647419101,0.22451123915357307,0.23083358070195797
4736.964,-1.3208275,-0.25861,21.5303305,1.038278,0.293772,0.1232245,0.0023225,0.120902,0.1705474999999999,0.2914495,393.7023995,0.7089009871092389,0.0959085751955457,1129.0,0,0.9355122937664503,0.8838791588787326,0.9768420228649102,0.22781511184370706,0.23139334579162285
4737.964,-1.308621,-0.263762,21.532135,1.042019,0.293772,0.123105,0.002378,0.120727,0.1706669999999999,0.291394,393.727152,0.7073792392246937,0.0978493246628893,1130.0,0,0.9353341464980418,0.8825997850651995,0.9775264809879102,0.22823752243340406,0.23137755305708496
4738.964,-1.314593,-0.264123,21.528362,1.039459,0.2945675,0.1234645,0.0024135,0.1210509999999999,0.1711029999999999,0.292154,393.827342,0.7074703104544605,0.0977331776700429,1131.0,0,0.9377736406239969,0.8849684542971115,0.9800237507923288,0.23239197240824477,0.23128727674577365
4739.964,-1.320565,-0.264484,21.524589,1.036899,0.295363,0.1238239999999999,0.002449,0.121375,0.171539,0.292914,393.927532,0.7075609187361548,0.0976176210944623,1132.0,0,0.9402131347499517,0.8873371235290248,0.9825210205967482,0.23864868981231635,0.2313699948345845
4740.964,-1.3226006666666668,-0.261652,21.526474333333333,1.0376236666666667,0.2952889999999999,0.1239,0.002472,0.121428,0.1713889999999999,0.292817,394.461973,0.7084894101172765,0.0964334767485783,1133.0,0,0.9399017782628233,0.8877245910268378,0.981661868141099,0.23719551714007087,0.2319483714444524
4741.964,-1.3246363333333333,-0.25882,21.528359666666667,1.0383483333333332,0.295215,0.123976,0.002495,0.121481,0.171239,0.29272,394.996414,0.7094195281476291,0.0952472578681012,1134.0,0,0.9395904217756947,0.8881120585246507,0.9808027156854509,0.23223404506286577,0.23309996713910425
4742.964,-1.326672,-0.255988,21.530245,1.039073,0.295141,0.124052,0.002518,0.121534,0.171089,0.2926229999999999,395.530855,0.710351277105617,0.0940589589966011,1135.0,0,0.9392790652885661,0.8884995260224636,0.9799435632298023,0.23261228841689796,0.2343212877675449
4743.964,-1.3254480000000002,-0.2597965,21.530521,1.038711,0.2951764999999999,0.124041,0.002491,0.1215499999999999,0.1711355,0.2926854999999999,395.297748,0.7102517580995289,0.0941858797960433,1136.0,0,0.9394796815818188,0.8886164973425572,0.9802099004910533,0.23291866408672213,0.23554299909034712
4744.964,-1.324224,-0.263605,21.530797,1.038349,0.295212,0.1240299999999999,0.002464,0.121566,0.171182,0.2927479999999999,395.064641,0.7101522931599515,0.0943127316421766,1137.0,0,0.9396802978750718,0.8887334686626525,0.9804762377523044,0.23291866408672213,0.2361858777151192
4745.964,-1.317013,-0.2643069999999999,21.5260195,1.0355565,0.2950629999999999,0.1237395,0.002439,0.1213005,0.1713235,0.292624,395.0536125,0.7080160747587183,0.0970371413597313,1138.0,0,0.9392822751492584,0.8867924758198351,0.9812867049021329,0.23602719610009137,0.2363624235395217
4746.964,-1.309802,-0.265009,21.521242,1.032764,0.294914,0.123449,0.002414,0.121035,0.171465,0.2925,395.042584,0.7058833821282353,0.099757054512661,1139.0,0,0.9388842524234446,0.8848514829770178,0.9820971720519616,0.24002831812811387,0.2365442499392063
4747.964,-1.3261105,-0.2506359999999999,21.5218325,1.033683,0.294974,0.1235295,0.0024115,0.121118,0.1714445,0.2925625,395.0956255,0.7064519045410933,0.0990319938234807,1140.0,0,0.9390848687166976,0.8854582717000078,0.9819797545496896,0.2404546356614261,0.23698997555625728
4748.964,-1.342419,-0.236263,21.522423,1.034602,0.295034,0.12361,0.002409,0.121201,0.171424,0.292625,395.148667,0.7070205629283943,0.0983067597203396,1141.0,0,0.9392854850099506,0.8860650604229977,0.9818623370474175,0.23882075865596541,0.23777016152020156
4749.964,-1.3407766666666667,-0.2435206666666666,21.524907666666667,1.0356723333333333,0.294961,0.1235226666666666,0.0024276666666666,0.121095,0.1714383333333333,0.2925333333333333,394.941492,0.7063431573462332,0.099170683722539,1142.0,0,0.9389912477798462,0.885290125427372,0.9819444338376238,0.2404141480563411,0.2383603709771259
4750.964,-1.3391343333333332,-0.2507783333333333,21.52739233333333,1.0367426666666668,0.294888,0.1234353333333333,0.0024463333333333,0.120989,0.1714526666666666,0.2924416666666666,394.734317,0.7056658650247589,0.1000344632785921,1143.0,0,0.9386970105497419,0.8845151904317462,0.98202653062783,0.23901378113691713,0.2390723083115077
4751.964,-1.337492,-0.258036,21.529877,1.037813,0.294815,0.123348,0.002465,0.120883,0.1714669999999999,0.29235,394.527142,0.7049886859355683,0.1008980984247226,1144.0,0,0.9384027733196378,0.8837402554361204,0.9821086274180363,0.23669130123337545,0.23970767223648703
4752.964,-1.332065,-0.2565955,21.5262435,1.0367685,0.2949589999999999,0.123501,0.002418,0.121083,0.171458,0.292541,394.938222,0.7061921508932165,0.0993632686416534,1145.0,0,0.9390158567118185,0.8852023969373011,0.9820570782706979,0.2404141480563411,0.2397899656641218
4753.964,-1.326638,-0.255155,21.52261,1.035724,0.295103,0.123654,0.002371,0.121283,0.171449,0.292732,395.349302,0.7073957421988918,0.097828277721599,1146.0,0,0.9396289401039993,0.8866645384384818,0.9820055291233589,0.23882075865596541,0.23936864497594074
4754.964,-1.333019,-0.246923,21.5213025,1.0338505,0.2955045,0.1238055,0.0024279999999999,0.1213775,0.171699,0.2930764999999999,395.3762845,0.7069161327897496,0.0984399438949376,1147.0,0,0.940734737112409,0.8873554002977897,0.9834374498827734,0.2400380374305398,0.239471173418993
4755.964,-1.3394,-0.238691,21.519995,1.031977,0.295906,0.123957,0.002485,0.121472,0.171949,0.293421,395.403267,0.7064379179994184,0.0990498314518956,1148.0,0,0.941840534120819,0.8880462621570975,0.9848693706421877,0.24238083534988508,0.23959602584597955
4756.964,-1.33077,-0.2499795,21.523145,1.033782,0.295238,0.1235135,0.0024,0.1211135,0.1717245,0.292838,394.960075,0.7052738236313185,0.1005344502562138,1149.0,0,0.9399691853373562,0.8854253735162312,0.9835835058002337,0.24085125240446148,0.23955951671351952
4757.964,-1.32214,-0.261268,21.526295,1.035587,0.29457,0.12307,0.002315,0.120755,0.1714999999999999,0.292255,394.516883,0.7041066815936934,0.1020229558824348,1150.0,0,0.9380978365538934,0.8828044848753648,0.982297640958279,0.23624142877961496,0.23997562466377223
4758.964,-1.3202016666666667,-0.2588603333333333,21.524583,1.0359436666666666,0.2948316666666666,0.123308,0.002335,0.120973,0.1715236666666666,0.2924966666666666,394.6441946666667,0.7052804844395558,0.100525955445628,1151.0,0,0.9388735528878044,0.8843982191116517,0.9824331961235038,0.2398460430864881,0.24009643995578914
4759.964,-1.3182633333333331,-0.2564526666666666,21.522871,1.0363003333333334,0.2950933333333333,0.123546,0.002355,0.121191,0.1715473333333333,0.2927383333333333,394.7715063333333,0.7064539634116722,0.0990293680587137,1152.0,0,0.9396492692217157,0.8859919533479387,0.9825687512887284,0.24166267232620725,0.2403536052397764
4760.964,-1.316325,-0.254045,21.521159,1.036657,0.295355,0.123784,0.002375,0.121409,0.1715709999999999,0.2929799999999999,394.898818,0.7076271186440679,0.0975331935507638,1153.0,0,0.9404249855556265,0.8875856875842256,0.9827043064539526,0.23864868981231635,0.23953093829699473
4761.964,-1.321944,-0.2594433333333333,21.521386,1.037079,0.295302,0.1236983333333333,0.0024193333333333,0.121279,0.1716036666666666,0.2928826666666666,395.046334,0.7067348595803534,0.0986711292891492,1154.0,0,0.9401125591149342,0.8866352956084582,0.9828914107665163,0.2408523807359027,0.2377841907511037
4762.964,-1.327563,-0.2648416666666666,21.521613,1.037501,0.295249,0.1236126666666666,0.0024636666666666,0.121149,0.1716363333333333,0.2927853333333333,395.19385,0.7058429401528804,0.0998086318750648,1155.0,0,0.9398001326742417,0.8856849036326908,0.9830785150790801,0.24162230097650983,0.23695184129929028
4763.964,-1.333182,-0.27024,21.52184,1.037923,0.295196,0.123527,0.002508,0.121019,0.171669,0.292688,395.341366,0.7049513601677637,0.1009457015557804,1156.0,0,0.9394877062335494,0.8847345116569233,0.9832656193916436,0.24139241149583818,0.2371433932299317
4764.964,-1.328701,-0.259753,21.5222895,1.036021,0.2946145,0.1235459999999999,0.0025155,0.1210305,0.1710685,0.292099,395.269083,0.7074931533674909,0.0977040451364962,1157.0,0,0.9375970982859343,0.8848185847932412,0.9798261457275304,0.2318113680027234,0.23681543853074544
4765.964,-1.32422,-0.249266,21.522739,1.034119,0.294033,0.123565,0.002523,0.121042,0.170468,0.29151,395.1968,0.7100528541846317,0.0944395503749937,1158.0,0,0.9357064903383192,0.884902657929559,0.9763866720634169,0.224913359890975,0.23620275263433999
4766.964,-1.3363055,-0.250345,21.523703,1.0370055,0.294263,0.123247,0.0024345,0.1208124999999999,0.171016,0.2918285,395.280231,0.7064356175117092,0.0990527653612122,1159.0,0,0.9367288309687358,0.8832248505569535,0.9795254423680533,0.23252775788632696,0.23583383025268514
4767.964,-1.348391,-0.251424,21.524667,1.039892,0.294493,0.122929,0.002346,0.120583,0.171564,0.292147,395.363662,0.7028414886486172,0.1036365099797861,1160.0,0,0.9377511715991524,0.8815470431843494,0.9826642126726896,0.23815694808602916,0.23526751320575762
4768.964,-1.3464496666666663,-0.250297,21.524515333333333,1.040058666666667,0.294524,0.1230083333333333,0.0023776666666666,0.1206306666666666,0.1715156666666666,0.2921463333333333,395.462443,0.7033174618598775,0.1030294812034658,1161.0,0,0.9377490316920243,0.8818955202421302,0.9823873746592025,0.23656649609462577,0.2345967809865377
4769.964,-1.3445083333333334,-0.24917,21.524363666666662,1.0402253333333331,0.294555,0.1230876666666666,0.0024093333333333,0.1206783333333333,0.1714673333333333,0.2921456666666666,395.561224,0.7037937034049045,0.102422110209739,1162.0,0,0.9377468917848961,0.882243997299912,0.9821105366457159,0.2355358133621524,0.23397583502531344
4770.964,-1.342567,-0.248043,21.524212,1.040392,0.294586,0.123167,0.002441,0.120726,0.171419,0.292145,395.660005,0.7042702135106754,0.1018143967091317,1163.0,0,0.9377447518777684,0.8825924743576936,0.9818336986322292,0.23495946599576822,0.23416557506698207
4771.964,-1.344348,-0.2486303333333333,21.523725,1.0408323333333334,0.2943313333333333,0.1230053333333333,0.0024703333333333,0.120535,0.171326,0.291861,395.588046,0.7035376794083827,0.1027486284457248,1164.0,0,0.9368331514412273,0.8811961292240661,0.9813010241097272,0.23518921026662742,0.234843814913616
4772.964,-1.346129,-0.2492176666666666,21.523238,1.0412726666666663,0.2940766666666667,0.1228436666666666,0.0024996666666666,0.1203439999999999,0.171233,0.291577,395.516087,0.7028043496034665,0.1036838749755425,1165.0,0,0.9359215510046862,0.8797997840904377,0.9807683495872249,0.23491497878431045,0.23513064239180287
4773.964,-1.34791,-0.249805,21.522751,1.041713,0.293822,0.122682,0.002529,0.120153,0.17114,0.291293,395.444128,0.7020702227987448,0.104620137952936,1166.0,0,0.9350099505681453,0.878403438956811,0.9802356750647228,0.23518295188359561,0.23475298638667877
4774.964,-1.343041,-0.249664,21.521357333333334,1.040644,0.2941116666666666,0.1229153333333333,0.0024813333333333,0.120434,0.1711963333333333,0.2916303333333333,395.322031,0.7034805838097167,0.1028214448786072,1167.0,0,0.9360927435749287,0.8804577477659699,0.9805583345425107,0.23370876841941013,0.23440045576999013
4775.964,-1.338172,-0.249523,21.519963666666666,1.039575,0.2944013333333333,0.1231486666666666,0.0024336666666666,0.120715,0.1712526666666666,0.2919676666666667,395.199934,0.7048900169534084,0.1010239351526819,1168.0,0,0.9371755365817123,0.8825120565751287,0.9808809940202986,0.23169575835731376,0.2340164502695063
4776.964,-1.333303,-0.249382,21.51857,1.038506,0.294691,0.123382,0.002386,0.120996,0.171309,0.292305,395.077837,0.7062985231451755,0.0992276076077685,1169.0,0,0.9382583295884956,0.8845663653842876,0.9812036534980869,0.23539603266819598,0.2342021079301498
4777.964,-1.3301303333333332,-0.2572399999999999,21.520596333333337,1.038872,0.2945649999999999,0.1232763333333333,0.0023796666666666,0.1208966666666666,0.1712886666666666,0.2921853333333333,395.2126563333333,0.7058024515975863,0.099860268642836,1170.0,0,0.9378742162590141,0.8838401684387006,0.9810871906096541,0.23438038803478822,0.23478843154511914
4778.964,-1.3269576666666667,-0.265098,21.522622666666667,1.039238,0.294439,0.1231706666666666,0.0023733333333333,0.1207973333333333,0.1712683333333333,0.2920656666666666,395.3474756666667,0.7053062622613894,0.1004930798986989,1171.0,0,0.9374901029295326,0.8831139714931144,0.980970727721222,0.23304118992773926,0.23559226318211723
4779.964,-1.323785,-0.272956,21.524649,1.039604,0.294313,0.123065,0.002367,0.120698,0.171248,0.291946,395.482295,0.7048099550946282,0.1011260414288661,1172.0,0,0.9371059896000512,0.8823877745475283,0.9808542648327899,0.23169575835731376,0.23664007836504966
4780.964,-1.3296826666666666,-0.2611553333333333,21.521508,1.039038,0.2945733333333333,0.123043,0.0023593333333333,0.1206836666666666,0.1715303333333333,0.292214,395.64664,0.7035663066417408,0.1027121189237104,1173.0,0,0.9379662322655195,0.8822829877399433,0.9824713806770884,0.23681604260220362,0.23739875763032017
4781.964,-1.3355803333333334,-0.2493546666666666,21.518367,1.038472,0.2948336666666666,0.1230209999999999,0.0023516666666666,0.1206693333333333,0.1718126666666667,0.292482,395.810985,0.7023267454471025,0.1042929837651641,1174.0,0,0.9388264749309879,0.8821782009323588,0.9840884965213873,0.24105244641632106,0.23870439233712332
4782.964,-1.341478,-0.237554,21.515226,1.037906,0.295094,0.122999,0.002344,0.120655,0.172095,0.29275,395.97533,0.7010912513945704,0.1058686616081956,1175.0,0,0.9396867175964563,0.8820734141247745,0.9857056123656858,0.24295329515429098,0.239676712526716
4783.964,-1.3457615,-0.2465119999999999,21.52065,1.0434290000000002,0.2947195,0.1225315,0.002365,0.1201665,0.172188,0.2923545,395.9554595,0.6978755901944955,0.1099697304019059,1176.0,0,0.9384172176927521,0.8785021335081407,0.986238286888188,0.2456611037129196,0.24060075316767765
4784.964,-1.350045,-0.25547,21.526074,1.048952,0.294345,0.122064,0.002386,0.119678,0.172281,0.291959,395.935589,0.6946634007034977,0.1140663715781307,1177.0,0,0.9371477177890479,0.8749308528915068,0.9867709614106901,0.24129556107211547,0.24173067445893973
4785.964,-1.3434673333333331,-0.2592839999999999,21.523485,1.0454526666666668,0.2939643333333333,0.1212663333333333,0.0024713333333333,0.118795,0.172698,0.291493,397.497766,0.6878731202844255,0.1227263035157834,1178.0,0,0.9356519227065544,0.8684754981637941,0.9891594052373933,0.24475210542534503,0.24326836754577
4786.964,-1.3368896666666663,-0.263098,21.520896,1.0419533333333333,0.2935836666666667,0.1204686666666666,0.0025566666666666,0.117912,0.173115,0.291027,399.059943,0.6811155525774625,0.1313445155475001,1179.0,0,0.934156127624061,0.8620201434360815,0.9915478490640965,0.24511923456412255,0.24436121984028175
4787.964,-1.330312,-0.266912,21.518307,1.038454,0.293203,0.119671,0.002642,0.117029,0.173532,0.290561,400.62212,0.6743904617565535,0.1399213084322278,1180.0,0,0.9326603325415677,0.8555647887083687,0.9939362928907998,0.243620794444405,0.24480070207496452
4788.964,-1.3400735,-0.2530985,21.521177,1.040891,0.293527,0.1197215,0.0025285,0.1171929999999999,0.1738055,0.2909985,400.7018,0.6742728263902674,0.1400713337923936,1181.0,0,0.9340646465943376,0.8567637447393361,0.9955028142015991,0.24434040284035985,0.24508305953652929
4789.964,-1.349835,-0.239285,21.524047,1.043328,0.293851,0.119772,0.002415,0.117357,0.1740789999999999,0.291436,400.78148,0.6741555606617647,0.1402208877378538,1182.0,0,0.9354689606471077,0.8579627007703051,0.997069335512398,0.24707268922561698,0.24503728025563148
4790.964,-1.3471036666666667,-0.2459206666666666,21.523347,1.0434156666666667,0.2936093333333333,0.1198833333333333,0.002459,0.1174243333333333,0.173726,0.2911503333333333,400.816069,0.6759129745712142,0.1379795834171411,1183.0,0,0.9345520104427465,0.8584549550757022,0.9950474634001053,0.24774456554732105,0.24526418126371494
4791.964,-1.3443723333333333,-0.2525563333333333,21.522647,1.0435033333333332,0.2933676666666666,0.1199946666666666,0.002503,0.1174916666666666,0.173373,0.2908646666666666,400.850658,0.6776775448837005,0.1357291522328247,1184.0,0,0.9336350602383854,0.8589472093810996,0.9930255912878122,0.24544726876314832,0.2451365827130479
4792.964,-1.341641,-0.259192,21.521947,1.043591,0.293126,0.1201059999999999,0.002547,0.117559,0.17302,0.290579,400.885247,0.6794493154010206,0.1334695383226192,1185.0,0,0.9327181100340244,0.8594394636864975,0.9910037191755191,0.24577686976993934,0.2446130382829727
4793.964,-1.337833,-0.253414,21.5215005,1.045456,0.2932005,0.120086,0.002525,0.117561,0.1731145,0.2906755,400.9107175,0.6790899717240803,0.13392782451884,1186.0,0,0.9330278615908068,0.8594540851015093,0.9915449852225777,0.24520331090394165,0.24472622465191457
4794.964,-1.334025,-0.247636,21.521054,1.047321,0.293275,0.120066,0.002503,0.117563,0.173209,0.290772,400.936188,0.6787310201489521,0.1343856106510285,1187.0,0,0.9333376131475892,0.8594687065165212,0.9920862512696363,0.24356457115294994,0.2450892829290458
4795.964,-1.343274,-0.243111,21.522153,1.0482815,0.2929155,0.1199655,0.0025364999999999,0.117429,0.17295,0.290379,400.979004,0.678972656995334,0.1340774409563839,1188.0,0,0.9320761378956152,0.8584890717107302,0.990602781362883,0.24347611991867402,0.2449609275392663
4796.964,-1.352523,-0.238586,21.523252,1.049242,0.292556,0.119865,0.00257,0.117295,0.1726909999999999,0.2899859999999999,401.02182,0.679215018645913,0.133768346888278,1189.0,0,0.9308146626436409,0.857509436904939,0.9891193114561292,0.23988379026337137,0.24452550958143188
4797.964,-1.343894,-0.242445,21.5233625,1.0490765,0.2930629999999999,0.1199005,0.0025225,0.117378,0.1731625,0.2905405,400.868159,0.677844926904342,0.135515682859414,1190.0,0,0.9325945303973806,0.858116225627929,0.9918199140083853,0.24475265813382346,0.24419425479201756
4798.964,-1.335265,-0.246304,21.523473,1.048911,0.29357,0.119936,0.002475,0.117461,0.173634,0.291095,400.714498,0.6764822760388169,0.1372535291664804,1191.0,0,0.9343743981511201,0.858723014350919,0.9945205165606409,0.2479709856116718,0.2441116098716604
4799.964,-1.3364273333333332,-0.2516856666666666,21.522018666666668,1.049992,0.293268,0.1198623333333333,0.0024703333333333,0.117392,0.1734056666666666,0.2907976666666667,400.692174,0.6769751259082697,0.1366249768738603,1192.0,0,0.9334199995720185,0.8582185755330116,0.9932126956003753,0.24578913532782215,0.24437672888279133
4800.964,-1.337589666666667,-0.2570673333333333,21.520564333333333,1.051073,0.292966,0.1197886666666666,0.0024656666666666,0.117323,0.1731773333333333,0.2905003333333333,400.66985,0.6774692754097413,0.1359947671055347,1193.0,0,0.9324656009929168,0.8577141367151043,0.9919048746401103,0.24339038596897633,0.24437547850774002
4801.964,-1.338752,-0.262449,21.51911,1.052154,0.292664,0.119715,0.002461,0.117254,0.1729489999999999,0.290203,400.647526,0.6779647296906621,0.1353628932967681,1194.0,0,0.9315112024138151,0.857209697897197,0.9905970536798449,0.24213472086900573,0.24408091178756944
4802.964,-1.340433,-0.2592185,21.5192155,1.0518125,0.2931955,0.119832,0.002466,0.117366,0.1733635,0.2907295,400.634319,0.6769898104859992,0.1366062490105288,1195.0,0,0.9332011940681773,0.8580284971378582,0.9929711782989545,0.24495042056636762,0.24430561017534483
4803.964,-1.342114,-0.255988,21.519321,1.051471,0.293727,0.119949,0.002471,0.117478,0.173778,0.291256,400.621112,0.6760195420620443,0.1378436733868627,1196.0,0,0.9348911857225396,0.8588472963785193,0.9953453029180634,0.24785450101525086,0.24434669735054548
4804.964,-1.349482,-0.257417,21.518992,1.053143,0.29324,0.1197565,0.002526,0.1172305,0.1734835,0.290714,400.814401,0.6757404840201862,0.1381995679155127,1197.0,0,0.9331514412274505,0.8570378962708083,0.9936585002634735,0.2435520674024369,0.24397611117386936
4805.964,-1.35685,-0.258846,21.518663,1.054815,0.292753,0.119564,0.002581,0.116983,0.1731889999999999,0.290172,401.00769,0.6754604769328484,0.1385566728020199,1198.0,0,0.9314116967323617,0.8552284961630973,0.9919716976088826,0.24053045271696788,0.24373720218087036
4806.964,-1.35413,-0.2620915,21.521035,1.055506,0.292958,0.11956,0.002524,0.117036,0.173398,0.2904339999999999,400.8045165,0.6749519893424991,0.1392051685417831,1199.0,0,0.9322526802336775,0.8556159636609101,0.9931687833637537,0.24213077414112538,0.2434827810233013
4807.964,-1.35141,-0.265337,21.523407,1.056197,0.293163,0.119556,0.002467,0.117089,0.173607,0.290696,400.601343,0.6744447260494908,0.1398521028833432,1200.0,0,0.9330936637349938,0.8560034311587229,0.9943658691186241,0.24516352988583007,0.24245825219598977
4808.964,-1.3535553333333334,-0.2595433333333333,21.52370433333333,1.0557746666666668,0.2932656666666666,0.1200736666666666,0.0024903333333333,0.1175833333333333,0.173192,0.2907753333333333,400.6883403333333,0.6789150446804048,0.1341509163793808,1201.0,0,0.9333483126832293,0.8596173575691409,0.9919888806579963,0.24426512384491084,0.2398882322667019
4809.964,-1.3557006666666669,-0.2537496666666666,21.524001666666667,1.0553523333333332,0.2933683333333333,0.1205913333333333,0.0025136666666666,0.1180776666666666,0.172777,0.2908546666666666,400.77533766666664,0.6834068380619446,0.1284223422172774,1202.0,0,0.9336029616314648,0.863231283979559,0.9896118921973682,0.24340004539783178,0.2359548846076919
4810.964,-1.357846,-0.247956,21.524299,1.05493,0.293471,0.121109,0.002537,0.118572,0.172362,0.2909339999999999,400.862335,0.6879202613089817,0.1226661825724743,1203.0,0,0.9338576105797004,0.8668452103899776,0.9872349037367403,0.2408461743932861,0.23484242552323947
4811.964,-1.3574323333333334,-0.2483963333333333,21.523019,1.056139,0.2944576666666667,0.1233123333333333,0.0025546666666666,0.1207576666666666,0.1711453333333333,0.2919029999999999,397.8615076666666,0.7055813835723426,0.1001422060495481,1204.0,0,0.9369679655902929,0.88282398009538,0.98026622270759,0.2318894325958899,0.2358394434043903
4812.964,-1.3570186666666668,-0.2488366666666666,21.521739,1.057348,0.2954443333333333,0.1255156666666666,0.0025723333333333,0.1229433333333333,0.1699286666666666,0.292872,394.86068033333333,0.7234954069232565,0.0772956940685847,1205.0,0,0.9400783206008859,0.8988027498007831,0.9732975416784397,0.21925022127348898,0.23662613339936261
4813.964,-1.356605,-0.249277,21.520459,1.058557,0.296431,0.127719,0.00259,0.125129,0.168712,0.293841,391.859853,0.7416678027182255,0.0541196687771257,1206.0,0,0.9431886756114785,0.9147815195061862,0.9663288606492901,0.20852102442515136,0.23683962556551275
4814.964,-1.364381,-0.2513455,21.5177365,1.0599255,0.295187,0.123981,0.002519,0.1214619999999999,0.171206,0.292668,393.5104595,0.7094452913724324,0.0952144009373824,1207.0,0,0.9394235090197084,0.8879731550820378,0.9806137021452082,0.23242747655791257,0.23683543641539934
4815.964,-1.372157,-0.253414,21.515014,1.061294,0.293943,0.120243,0.002448,0.117795,0.1737,0.291495,395.161066,0.6781480820490382,0.1351290562758866,1208.0,0,0.9356583424279385,0.8611647906578908,0.9948985436411262,0.25050063152847635,0.2368575113200566
4816.964,-1.3661683333333334,-0.2580706666666666,21.515622,1.0620436666666666,0.2936876666666667,0.120044,0.0024406666666666,0.1176033333333333,0.1736436666666667,0.291247,397.14731233333333,0.6772642983564136,0.1362561830149002,1209.0,0,0.9348622969763111,0.859763571719259,0.9945758841633384,0.24999767409084844,0.2371885305913377
4817.964,-1.3601796666666666,-0.2627273333333333,21.51623,1.0627933333333333,0.2934323333333333,0.119845,0.0024333333333333,0.1174116666666666,0.1735873333333333,0.290999,399.13355866666666,0.6763799410482656,0.1373840413100623,1210.0,0,0.9340662515246837,0.8583623527806272,0.9942532246855499,0.24729845154733104,0.23851513559633292
4818.964,-1.354191,-0.267384,21.516838,1.063543,0.293177,0.119646,0.002426,0.11722,0.173531,0.290751,401.119805,0.675495009565959,0.1385126318738241,1211.0,0,0.9332702060730562,0.8569611338419963,0.9939305652077621,0.24422323234377674,0.2410447530364576
4819.964,-1.359063,-0.260297,21.518797,1.0655376666666665,0.2930566666666667,0.11951,0.0024463333333333,0.1170636666666666,0.1735466666666666,0.2906103333333333,401.0131333333333,0.6745332214204359,0.1397392409922453,1212.0,0,0.9328186856690418,0.8558182265685729,0.994020298908685,0.243620794444405,0.2448749717025084
4820.964,-1.363935,-0.25321,21.520756,1.0675323333333333,0.2929363333333333,0.119374,0.0024666666666666,0.1169073333333333,0.1735623333333333,0.2904696666666667,400.90646166666664,0.6735716069062203,0.1409656286713132,1213.0,0,0.9323671652650274,0.8546753192951502,0.9941100326096085,0.24415636710609667,0.24611810088101033
4821.964,-1.368807,-0.246123,21.522715,1.069527,0.292816,0.119238,0.002487,0.116751,0.173578,0.290329,400.79979,0.6726101659762989,0.1421917949709858,1214.0,0,0.931915644861013,0.8535324120217276,0.9941997663105321,0.2451554826458422,0.24580297856577343
4822.964,-1.3670515,-0.2522125,21.519675,1.0704365,0.293205,0.119491,0.002408,0.1170829999999999,0.173714,0.2907969999999999,400.738049,0.6739947615346975,0.1404259616685451,1215.0,0,0.9334178596648901,0.8559595669136868,0.9949787312036535,0.24454639567473552,0.24508957295698072
4823.964,-1.365296,-0.258302,21.516635,1.071346,0.293594,0.119744,0.002329,0.117415,0.17385,0.291265,400.676308,0.6753771908128224,0.138662891115,1216.0,0,0.9349200744687679,0.8583867218056475,0.9957576960967749,0.24682321108565936,0.2445318761478627
4824.964,-1.365572,-0.261918,21.516937,1.070729,0.293373,0.1194795,0.0023585,0.117121,0.1738935,0.2910145,400.869851,0.6735175638102414,0.1410345521183571,1217.0,0,0.9341160043654104,0.8562373737989118,0.996006850308913,0.24485876834293185,0.24423653083034141
4825.964,-1.365848,-0.265534,21.517239,1.070112,0.293152,0.119215,0.002388,0.116827,0.173937,0.290764,401.063394,0.6716588669525922,0.143405026868525,1218.0,0,0.933311934262053,0.8540880257921762,0.9962560045210511,0.2473494083761073,0.24389590241813464
4826.964,-1.369523,-0.2469605,21.5168125,1.0698165,0.292795,0.1193589999999999,0.002426,0.116933,0.1734359999999999,0.290369,400.6885665,0.6742102319574252,0.1401511631211747,1219.0,0,0.9320440392886947,0.854862960787802,0.993386435319184,0.2428636180029216,0.24374246551056208
4827.964,-1.373198,-0.228387,21.516386,1.069521,0.292438,0.119503,0.002464,0.117039,0.1729349999999999,0.2899739999999999,400.313739,0.6767763797011612,0.1368784463213946,1220.0,0,0.9307761443153363,0.8556378957834279,0.9905168661173176,0.24172148345615113,0.24342587216243056
4828.964,-1.3764026666666669,-0.2367353333333333,21.517328666666668,1.0722806666666669,0.2926793333333333,0.1195596666666666,0.0024746666666666,0.117085,0.1731196666666666,0.2902046666666666,400.49357333333336,0.676320177448485,0.1374602603576579,1221.0,0,0.931516552181635,0.8559741883286993,0.9915745782516052,0.24126977916856346,0.2411134221617255
4829.964,-1.3796073333333332,-0.2450836666666666,21.518271333333335,1.0750403333333334,0.2929206666666666,0.1196163333333333,0.0024853333333333,0.117131,0.1733043333333333,0.2904353333333333,400.67340766666666,0.6758649474145824,0.1380408344821815,1222.0,0,0.9322569600479338,0.8563104808739709,0.992632290385893,0.24021451032233698,0.23728906015531154
4830.964,-1.382812,-0.253432,21.519214,1.0778,0.293162,0.119673,0.002496,0.117177,0.1734889999999999,0.290666,400.853242,0.675410686494899,0.1386201726543348,1223.0,0,0.9329973679142324,0.8566467734192424,0.9936900025201799,0.2426219980303716,0.23406977215253985
4831.964,-1.3766466666666666,-0.2558983333333333,21.51838066666667,1.0771916666666668,0.293919,0.1219386666666666,0.0024843333333333,0.1194543333333333,0.1719803333333333,0.2914346666666667,398.572437,0.6945773184686711,0.1141761558946289,1224.0,0,0.9354646808328517,0.8732956913126863,0.9850488380440342,0.24198954916452647,0.23080745990971013
4832.964,-1.3704813333333334,-0.2583646666666666,21.517547333333333,1.0765833333333332,0.294676,0.1242043333333333,0.0024726666666666,0.1217316666666666,0.1704716666666666,0.2922033333333333,396.291632,0.7140831961331044,0.0892994847510163,1225.0,0,0.937931993751471,0.8899446092061299,0.9764076735678879,0.221421895667685,0.22788085906928215
4833.964,-1.364316,-0.260831,21.516714,1.075975,0.295433,0.12647,0.002461,0.124009,0.168963,0.292972,394.010827,0.7339374067848772,0.0639785698095296,1226.0,0,0.9403993066700904,0.9065935270995744,0.9677665090917422,0.20857959102151974,0.2250689973456383
4834.964,-1.372054,-0.2540583333333333,21.515944333333337,1.077075,0.2955956666666666,0.1264486666666666,0.0024543333333333,0.1239943333333333,0.169147,0.2931413333333333,392.6413943333333,0.7330523171029711,0.0651073621319345,1227.0,0,0.9409428430806102,0.9064863033894877,0.9688204027706712,0.21266588831521516,0.22228510961593298
4835.964,-1.379792,-0.2472856666666666,21.515174666666667,1.078175,0.2957583333333333,0.1264273333333333,0.0024476666666666,0.1239796666666666,0.1693309999999999,0.2933106666666666,391.2719616666667,0.7321691509381963,0.0662337013115516,1228.0,0,0.9414863794911298,0.9063790796794008,0.9698742964495995,0.21472628594781007,0.21973628717848026
4836.964,-1.38753,-0.240513,21.514405,1.079275,0.295921,0.126406,0.002441,0.123965,0.1695149999999999,0.2934799999999999,389.902529,0.7312879020269475,0.0673575953366216,1229.0,0,0.9420299159016494,0.9062718559693147,0.9709281901285285,0.2135976095986416,0.2167321258928469
4837.964,-1.3862656666666666,-0.2435916666666666,21.514271333333333,1.079262333333333,0.2958253333333333,0.1263706666666667,0.002429,0.1239416666666666,0.1694546666666666,0.2933963333333333,389.9071006666667,0.7314105754307422,0.067201144754045,1230.0,0,0.9417613575570818,0.9061012727941765,0.9705826199185901,0.21360286621971303,0.2138037779614852
4838.964,-1.3850013333333333,-0.2466703333333333,21.514137666666667,1.0792496666666669,0.2957296666666666,0.1263353333333333,0.002417,0.1239183333333333,0.1693943333333333,0.2933126666666666,389.91167233333334,0.7315333362194156,0.067044582725835,1231.0,0,0.9414927992125138,0.905930689619039,0.9702370497086518,0.21343090187150993,0.21293219537980762
4839.964,-1.383737,-0.249749,21.514004,1.079237,0.295634,0.1263,0.002405,0.123895,0.169334,0.293229,389.916244,0.731656184486373,0.066887909132868,1232.0,0,0.9412242408679463,0.9057601064439015,0.9698914794987132,0.21472628594781007,0.21334484326274658
4840.964,-1.374391,-0.257051,21.5121375,1.0791895,0.2955545,0.1261135,0.00235,0.1237635,0.169441,0.2932045,389.8910985,0.730418078162439,0.0684669185161522,1233.0,0,0.9411455992809911,0.9047987484068751,0.9705043415837425,0.21258038517403782,0.21343435404416197
4841.964,-1.365045,-0.264353,21.510271,1.079142,0.295475,0.125927,0.002295,0.123632,0.1695479999999999,0.29318,389.865953,0.729181534541637,0.0700439349180089,1234.0,0,0.9410669576940359,0.9038373903698489,0.9711172036687713,0.21270606985090945,0.2133997684374865
4842.964,-1.372862,-0.265731,21.510539,1.0806325,0.295512,0.125973,0.002335,0.123638,0.169539,0.293177,390.066218,0.7292556328889938,0.0699494341602789,1235.0,0,0.9410573281119599,0.9038812546148843,0.9710656545214329,0.21270606985090945,0.21346111525855777
4843.964,-1.380679,-0.267109,21.510807,1.082123,0.295549,0.126019,0.002375,0.123644,0.16953,0.293174,390.266483,0.7293297391037626,0.0698549233689053,1236.0,0,0.9410476985298837,0.9039251188599198,0.9710141053740939,0.21270606985090945,0.21373090038742362
4844.964,-1.3838295,-0.2549019999999999,21.5128415,1.0831404999999998,0.2956735,0.1262235,0.0023014999999999,0.123922,0.16945,0.2933719999999999,390.120324,0.7313146573345685,0.067323473160707,1237.0,0,0.9416832509469085,0.9059574955465609,0.9705558907310814,0.21356099612936885,0.2139485655211395
4845.964,-1.38698,-0.242695,21.514876,1.084158,0.295798,0.126428,0.002228,0.1242,0.16937,0.29357,389.974165,0.7333014506615656,0.0647896315629946,1238.0,0,0.9423188033639339,0.907989872233202,0.9700976760880687,0.21438042988105527,0.21393113988056775
4846.964,-1.390992,-0.246295,21.511846,1.08205,0.296251,0.1265835,0.002314,0.1242695,0.1696675,0.293937,390.136631,0.7324252881353934,0.0659070387059547,1239.0,0,0.9434968222379148,0.9084979664048624,0.971801661791772,0.21421107780935422,0.2139194554827783
4847.964,-1.395004,-0.249895,21.508816,1.079942,0.296704,0.126739,0.0024,0.124339,0.169965,0.294304,390.299097,0.7315521927914995,0.0670205341415726,1240.0,0,0.9446748411118957,0.9090060605765227,0.9735056474954751,0.21630071750837176,0.21412326643465834
4848.964,-1.390732,-0.2522696666666666,21.510708333333337,1.082201,0.296298,0.126584,0.0023633333333333,0.1242206666666666,0.169714,0.2939346666666667,390.430589,0.7319368745642204,0.0665299331996642,1241.0,0,0.9434893325629666,0.9081409601883236,0.9720679990530231,0.21560755320866892,0.2141957496367184
4849.964,-1.38646,-0.2546443333333333,21.512600666666668,1.08446,0.295892,0.126429,0.0023266666666666,0.1241023333333333,0.169463,0.2935653333333333,390.562081,0.7323226958724762,0.0660378789598707,1242.0,0,0.9423038240140376,0.9072758598001252,0.970630350610571,0.21455202954209224,0.21420915672764146
4850.964,-1.382188,-0.257019,21.514493,1.086719,0.295486,0.126274,0.00229,0.123984,0.169212,0.293196,390.693573,0.7327096617872147,0.0655443649549977,1243.0,0,0.9411183154651087,0.9064107594119268,0.9691927021681189,0.21246354119614358,0.21426105102373816
4851.964,-1.3870956666666667,-0.2538266666666666,21.513425,1.0851066666666669,0.2956226666666667,0.1263063333333333,0.0023323333333333,0.123974,0.1693163333333333,0.2932903333333333,390.526326,0.7321991054272842,0.0661954990841444,1244.0,0,0.9414211123237249,0.9063376523368678,0.9697902904317143,0.21474417936970963,0.21390824601806227
4852.964,-1.3920033333333333,-0.2506343333333333,21.512357,1.0834943333333331,0.2957593333333333,0.1263386666666666,0.0023746666666666,0.1239639999999999,0.1694206666666667,0.2933846666666667,390.359079,0.7316891778894867,0.0668458312498172,1245.0,0,0.9417239091823414,0.906264545261808,0.9703878786953103,0.21343090187150993,0.213376251374151
4853.964,-1.396911,-0.247442,21.511289,1.081882,0.295896,0.1263709999999999,0.002417,0.123954,0.169525,0.293479,390.191832,0.731179878012812,0.0674953629327017,1246.0,0,0.9420267060409576,0.9061914381867497,0.9709854669589058,0.2128401407601399,0.21314297164278112
4854.964,-1.3951903333333333,-0.249338,21.510545,1.0833846666666669,0.2955866666666666,0.1262349999999999,0.0023973333333333,0.1238376666666666,0.1693516666666666,0.2931893333333333,389.986476,0.731241314967976,0.0674170097841805,1247.0,0,0.9410969163938283,0.9053409592135625,0.9699926685657113,0.21407993909033635,0.21294704662627634
4855.964,-1.3934696666666666,-0.251234,21.509801,1.084887333333333,0.2952773333333333,0.126099,0.0023776666666666,0.1237213333333333,0.1691783333333333,0.2928996666666666,389.78112,0.7313028778140751,0.0673384960816227,1248.0,0,0.9401671267466989,0.9044904802403759,0.9689998701725175,0.210852379824296,0.2130479550932769
4856.964,-1.391749,-0.25313,21.509057,1.08639,0.294968,0.125963,0.002358,0.123605,0.169005,0.29261,389.575764,0.7313645669384521,0.067259821331034,1249.0,0,0.9392373370995697,0.9036400012671896,0.9680070717793238,0.20889113137024168,0.21336740191484496
4857.964,-1.388248666666667,-0.2553613333333333,21.509392666666667,1.0867106666666666,0.2953896666666666,0.1260996666666667,0.00231,0.1237896666666666,0.16929,0.2930796666666667,389.69572966666664,0.7312241446188321,0.0674389078569779,1250.0,0,0.9407449016712675,0.9049900452532792,0.9696394614450562,0.2139679201946726,0.2134967392904537
4858.964,-1.3847483333333332,-0.2575926666666667,21.50972833333333,1.0870313333333337,0.2958113333333333,0.1262363333333333,0.0022619999999999,0.1239743333333333,0.169575,0.2935493333333333,389.81569533333334,0.7310841943042253,0.0676173924149563,1251.0,0,0.9422524662429648,0.9063400892393696,0.9712718511107886,0.21364830304362176,0.21363259733305445
4859.964,-1.381248,-0.259824,21.510064,1.087352,0.296233,0.126373,0.002214,0.124159,0.16986,0.294019,389.935661,0.7309447136187824,0.0677952780349905,1252.0,0,0.9437600308146624,0.90769013322546,0.9729042407765212,0.21556111421209734,0.21348997224912866
4860.964,-1.390578,-0.2502286666666666,21.510768666666667,1.0878936666666668,0.296053,0.1262413333333333,0.0023103333333333,0.123931,0.1698116666666666,0.2937426666666667,389.911532,0.7298101044680609,0.0692422930939692,1253.0,0,0.9428730393100939,0.906023291914114,0.9726274027630339,0.21565800941182445,0.21303225132387132
4861.964,-1.399908,-0.2406333333333333,21.51147333333333,1.0884353333333334,0.295873,0.1261096666666666,0.0024066666666666,0.123703,0.1697633333333333,0.2934663333333333,389.887403,0.728674849251806,0.0706901321076599,1254.0,0,0.941986047805525,0.9043564506027679,0.9723505647495473,0.21603755312579725,0.21332118153967367
4862.964,-1.409238,-0.231038,21.512178,1.088977,0.295693,0.125978,0.002503,0.123475,0.1697149999999999,0.29319,389.863274,0.7275389474180397,0.0721387957800234,1255.0,0,0.9410990563009565,0.9026896092914221,0.9720737267360601,0.21478948229751738,0.21374777655527238
4863.964,-1.388125,-0.2453024999999999,21.510995,1.088879,0.2953595,0.125996,0.0024355,0.1235605,0.1693635,0.292924,389.6985825,0.7295537140309805,0.0695692786671049,1256.0,0,0.9402452333568723,0.9033146747831768,0.9700604461483241,0.21141388992088206,0.21380753778833475
4864.964,-1.367012,-0.259567,21.509812,1.088781,0.295026,0.126014,0.002368,0.123646,0.169012,0.292658,389.533891,0.7315768609515245,0.0669890737933013,1257.0,0,0.9393914104127878,0.9039397402749315,0.9680471655605873,0.2095027298377629,0.21387911172880741
4865.964,-1.375493,-0.2573575,21.510181,1.088669,0.295662,0.1263925,0.0023525,0.12404,0.1692695,0.2933095,389.7702765,0.7327915968819142,0.0654398696617828,1258.0,0,0.9414826346536559,0.9068201590322574,0.9695220439427842,0.2137416819823192,0.2136926978381224
4866.964,-1.383974,-0.255148,21.51055,1.088557,0.296298,0.126771,0.002337,0.124434,0.169527,0.293961,390.006662,0.7340026426313057,0.0638953717742351,1259.0,0,0.9435738588945237,0.9097005777895835,0.9709969223249811,0.21315708152622936,0.21341091097295392
4867.964,-1.3902683333333334,-0.251279,21.510199333333333,1.088619,0.296149,0.126586,0.0023243333333333,0.1242616666666666,0.169563,0.2938246666666667,390.28037133333333,0.7328304750222139,0.065390286724396,1260.0,0,0.9431362478868416,0.9084406991960656,0.9712031189143367,0.21456553252529598,0.21304795845723037
4868.964,-1.3965626666666666,-0.24741,21.509848666666667,1.088681,0.296,0.1264009999999999,0.0023116666666666,0.1240893333333333,0.169599,0.2936883333333333,390.55408066666666,0.7316588050314464,0.066884567040852,1261.0,0,0.9426986368791591,0.9071808206025485,0.9714093155036924,0.21436404244834828,0.2129658022469459
4869.964,-1.402857,-0.243541,21.509498,1.088743,0.295851,0.126216,0.002299,0.123917,0.1696349999999999,0.293552,390.82779,0.7304876323421916,0.0683782131276464,1262.0,0,0.942261025871477,0.9059209420090314,0.9716155120930475,0.21369697530524717,0.21324576580960689
4870.964,-1.3983083333333333,-0.2451476666666666,21.509905333333332,1.0887753333333334,0.2956966666666666,0.126169,0.0023296666666666,0.1238393333333333,0.1695276666666666,0.293367,390.6844306666667,0.7304919915215913,0.0683726536817067,1263.0,0,0.9416672016434485,0.9053531437260726,0.9710007407803392,0.2128401407601399,0.21353511545885184
4871.964,-1.3937596666666667,-0.2467543333333333,21.510312666666668,1.0888076666666666,0.2955423333333333,0.1261219999999999,0.0023603333333333,0.1237616666666666,0.1694203333333333,0.293182,390.5410713333333,0.7304963562243243,0.0683670871916264,1264.0,0,0.9410733774154201,0.9047853454431138,0.9703859694676308,0.21240802796856134,0.21357292929352925
4872.964,-1.389211,-0.248361,21.51072,1.08884,0.295388,0.126075,0.002391,0.123684,0.169313,0.292997,390.397712,0.7305007264608951,0.0683615136440084,1265.0,0,0.9404795531873916,0.9042175471601559,0.9697711981549223,0.2139679201946726,0.21367107420249512
4873.964,-1.3917486666666667,-0.2416956666666666,21.508736666666668,1.0885773333333333,0.295448,0.1260443333333333,0.0023693333333333,0.123675,0.1694036666666666,0.2930786666666666,390.2264073333333,0.730056629687494,0.0689278890503294,1266.0,0,0.9407416918105751,0.9041517507926027,0.9702905080836696,0.2142135255474923,0.21367640714708047
4874.964,-1.3942863333333333,-0.2350303333333333,21.506753333333332,1.0883146666666668,0.295508,0.1260136666666666,0.0023476666666666,0.123666,0.1694943333333333,0.2931603333333333,390.0551026666667,0.729613008027753,0.0694936585240959,1267.0,0,0.9410038304337589,0.9040859544250496,0.9708098180124174,0.21239622633021216,0.21382037576840923
4875.964,-1.396824,-0.228365,21.50477,1.088052,0.295568,0.125983,0.002326,0.123657,0.1695849999999999,0.293242,389.883798,0.7291698607196351,0.070058823037166,1268.0,0,0.9412659690569428,0.9040201580574965,0.9713291279411647,0.21411982032909344,0.2138685638672176
4876.964,-1.398040333333333,-0.2310106666666666,21.506117333333332,1.0893443333333332,0.295839,0.1261673333333333,0.0023233333333333,0.123844,0.1696716666666666,0.2935156666666667,390.11492833333335,0.7298995320401241,0.0691282423273408,1269.0,0,0.9421444009329994,0.9053872603611004,0.9718255271377618,0.21413853061588806,0.21344250889335553
4877.964,-1.3992566666666668,-0.2336563333333333,21.507464666666667,1.0906366666666667,0.29611,0.1263516666666666,0.0023206666666666,0.124031,0.1697583333333333,0.2937893333333333,390.34605866666664,0.7306284583272791,0.0681986117900514,1270.0,0,0.9430228328090559,0.9067543626647043,0.972321926334359,0.21461886197114938,0.21343082000619135
4878.964,-1.400473,-0.236302,21.508812,1.091929,0.296381,0.1265359999999999,0.002318,0.124218,0.169845,0.294063,390.577189,0.7313566407215947,0.0672699299707767,1271.0,0,0.9439012646851126,0.9081214649683083,0.9728183255309562,0.21580372866163577,0.2134523897738596
4879.964,-1.4027555,-0.2321005,21.5092795,1.09265,0.2957825,0.126387,0.0023245,0.1240624999999999,0.1693955,0.293458,390.592491,0.7323793584873358,0.0659656147295577,1272.0,0,0.9419592989664247,0.9069846499511395,0.9702437320055292,0.2141788562933309,0.21311627520154
4880.964,-1.405038,-0.227899,21.509747,1.093371,0.295184,0.126238,0.002331,0.123907,0.1689459999999999,0.292853,390.607793,0.7334075183341523,0.0646543589720709,1273.0,0,0.9400173332477368,0.9058478349339724,0.9676691384801014,0.20857959102151974,0.21276576570554293
4881.964,-1.3953045,-0.2333805,21.5078855,1.0934125,0.295351,0.126156,0.0023445,0.1238115,0.1691949999999999,0.2930064999999999,390.1634915,0.7317637532802195,0.0667507220984844,1274.0,0,0.9405100468639657,0.9051496623671585,0.9690953315564782,0.21229113909691893,0.21166943845856764
4882.964,-1.385571,-0.238862,21.506024,1.093454,0.295518,0.126074,0.002358,0.123716,0.1694439999999999,0.29316,389.71919,0.7301248192628879,0.0688409239995032,1275.0,0,0.9410027604801949,0.9044514898003448,0.9705215246328549,0.21418361787135537,0.2109934239324056
4883.964,-1.385877,-0.2299756666666666,21.506409,1.0942619999999998,0.2953266666666667,0.1260956666666667,0.002425,0.1236706666666666,0.169231,0.2929016666666666,389.89744766666666,0.7307758973874131,0.0680105765180285,1276.0,0,0.940173546468083,0.9041200710600766,0.9693015281458344,0.210852379824296,0.2106730168925107
4884.964,-1.3861830000000002,-0.2210893333333333,21.506794,1.09507,0.2951353333333333,0.1261173333333333,0.002492,0.1236253333333333,0.1690179999999999,0.2926433333333333,390.07570533333336,0.7314286165066256,0.0671781362065934,1277.0,0,0.9393443324559713,0.9037886523198092,0.9680815316588127,0.20889113137024168,0.21048746263806298
4885.964,-1.386489,-0.212203,21.507179,1.095878,0.294944,0.126139,0.002559,0.12358,0.1688049999999999,0.292385,390.253963,0.7320829828323638,0.0663435951429771,1278.0,0,0.9385151184438595,0.9034572335795419,0.9668615351717917,0.2031565478593405,0.21038037749209648
4886.964,-1.383488,-0.2178236666666666,21.507965666666667,1.095253,0.2949606666666666,0.1259696666666666,0.0025316666666666,0.1234379999999999,0.1689909999999999,0.292429,390.25368333333336,0.7304369437606515,0.068442858420486,1279.0,0,0.9386563523143094,0.9024191131137028,0.967926884216796,0.2073783853542679,0.21060765637237414
4887.964,-1.380487,-0.2234443333333333,21.508752333333337,1.094628,0.2949773333333333,0.1258003333333333,0.0025043333333333,0.123296,0.169177,0.292473,390.25340366666666,0.7287945241106999,0.0705375056962737,1280.0,0,0.9387975861847594,0.9013809926478653,0.9689922332618008,0.21141479157220006,0.21067769546225446
4888.964,-1.377486,-0.229065,21.509539,1.094003,0.294994,0.125631,0.002477,0.123154,0.1693629999999999,0.2925169999999999,390.253124,0.7271557119576769,0.0726275521785831,1281.0,0,0.9389388200552092,0.900342872182027,0.9700575823068046,0.21394818611715855,0.21066552474342864
4889.964,-1.384049,-0.2336605,21.509961,1.0951235,0.2951605,0.125885,0.00246,0.123425,0.1692755,0.2927005,390.9000195,0.7291325139638402,0.0701064529350959,1282.0,0,0.9395278294921998,0.9023240739161269,0.9695564100410101,0.2131080048336662,0.21117128305141328
4890.964,-1.390612,-0.238256,21.510383,1.096244,0.295327,0.126139,0.002443,0.123696,0.169188,0.292884,391.546915,0.7311113606676557,0.0675827460021749,1283.0,0,0.9401168389291903,0.9043052756502267,0.9690552377752152,0.210852379824296,0.21168836098269886
4891.964,-1.394879,-0.2309543333333333,21.509439333333333,1.0947183333333332,0.2952503333333333,0.1259453333333333,0.002444,0.1235013333333333,0.169305,0.2928063333333333,391.27585,0.7294563295650084,0.0696934771972177,1284.0,0,0.9398675397487746,0.9028821245890772,0.9697253766906212,0.21299152999572213,0.2125712158818896
4892.964,-1.399146,-0.2236526666666666,21.50849566666667,1.0931926666666667,0.2951736666666666,0.1257516666666666,0.0024449999999999,0.1233066666666666,0.169422,0.2927286666666667,391.004785,0.727803584322475,0.0718012931381348,1285.0,0,0.9396182405683593,0.9014589735279278,0.970395515606027,0.21406191068309727,0.21304596327523756
4893.964,-1.403413,-0.216351,21.507552,1.091667,0.295097,0.125558,0.002446,0.123112,0.169539,0.292651,390.73372,0.7261531202076207,0.0739061998604009,1286.0,0,0.9393689413879436,0.9000358224667792,0.9710656545214329,0.21590996290414283,0.21311106921514816
4894.964,-1.4011355,-0.2201374999999999,21.507047,1.092835,0.295155,0.1257464999999999,0.0024235,0.123323,0.1694085,0.2927315,390.470634,0.7279579952718116,0.0716043663208082,1287.0,0,0.9396273351736533,0.9015783817505247,0.9703181918850186,0.21406191068309727,0.21306196051141085
4895.964,-1.398858,-0.223924,21.506542,1.094003,0.295213,0.125935,0.002401,0.123534,0.169278,0.292812,390.207548,0.7297656531524878,0.0692989837376018,1288.0,0,0.9398857289593631,0.9031209410342704,0.9695707292486044,0.2119850968512474,0.21316952181517976
4896.964,-1.3850435,-0.2311105,21.506509,1.092592,0.2952315,0.1259155,0.0023815,0.123534,0.169316,0.29285,390.290057,0.729601871046617,0.0695078619873811,1289.0,0,0.9400077036656608,0.9031209410342704,0.9697883812040353,0.21212585928774763,0.21316952181517976
4897.964,-1.371229,-0.238297,21.506476,1.091181,0.29525,0.125896,0.002362,0.123534,0.169354,0.292888,390.372566,0.7294381624398453,0.0697166465006493,1290.0,0,0.9401296783719585,0.9031209410342704,0.9700060331594663,0.21206585097130637,0.21277783518897309
4898.964,-1.3707695,-0.245418,21.5076245,1.0932815,0.295422,0.1260224999999999,0.0023829999999999,0.1236395,0.1693995,0.293039,390.709675,0.729865024011145,0.0691722518768468,1291.0,0,0.9406143673364574,0.9038922206761432,0.9702666427376798,0.21345709907978533,0.21245688210309294
4899.964,-1.37031,-0.252539,21.508773,1.095382,0.295594,0.1261489999999999,0.002404,0.123745,0.169445,0.29319,391.046784,0.7302916563388924,0.0686281496170465,1292.0,0,0.9410990563009565,0.9046635003180159,0.9705272523158932,0.21418361787135537,0.21212692582484333
4900.964,-1.3801869999999998,-0.2288465,21.5093635,1.0960055,0.295385,0.1261844999999999,0.0024184999999999,0.1237659999999999,0.1692005,0.2929665,390.915948,0.7314710566986696,0.0671240104338948,1293.0,0,0.9403816524362842,0.9048170251756392,0.9691268338131859,0.210852379824296,0.21207218213764212
4901.964,-1.390064,-0.205154,21.509954,1.096629,0.295176,0.12622,0.002433,0.123787,0.168956,0.292743,390.785112,0.7326538705114319,0.0656155179297168,1294.0,0,0.9396642485716118,0.9049705500332639,0.9677264153104785,0.20907466373365519,0.212220048973167
4902.964,-1.3856393333333332,-0.2117693333333333,21.508753333333335,1.0963883333333333,0.2953866666666667,0.1262296666666666,0.0024619999999999,0.1237676666666666,0.169157,0.2929246666666666,390.8042206666667,0.7316690116143879,0.0668715501537524,1295.0,0,0.9402473732640001,0.9048292096881493,0.9688776796010478,0.210852379824296,0.21232997675591297
4903.964,-1.3812146666666667,-0.2183846666666666,21.507552666666665,1.0961476666666667,0.2955973333333333,0.1262393333333333,0.002491,0.1237483333333333,0.169358,0.2931063333333333,390.82332933333333,0.7306864904335368,0.0681246009894107,1296.0,0,0.9408304979563885,0.9046878693430354,0.970028943891617,0.21261040012164661,0.21219966640784774
4904.964,-1.37679,-0.225,21.506352,1.095907,0.295808,0.126249,0.00252,0.123729,0.169559,0.293288,390.842438,0.7297062986553432,0.0693746810392952,1297.0,0,0.9414136226487769,0.9045465289979215,0.9711802081821861,0.2135144738110854,0.2121881302311451
4905.964,-1.3786843333333334,-0.2326266666666666,21.506656,1.0955496666666666,0.2956423333333333,0.1261296666666666,0.0024686666666666,0.123661,0.1695126666666666,0.2931736666666666,390.6019953333333,0.7295046023821088,0.0696319128309871,1298.0,0,0.9410466285763195,0.9040494008875201,0.9709148255347742,0.2134637652064963,0.2122487166737613
4906.964,-1.3805786666666666,-0.2402533333333333,21.50696,1.095192333333333,0.2954766666666666,0.1260103333333333,0.0024173333333333,0.123593,0.1694663333333333,0.2930593333333333,390.3615526666667,0.7293027958190567,0.0698892852799503,1299.0,0,0.9406796345038623,0.9035522727771186,0.970649442887363,0.21322513711520752,0.2130360466322388
4907.964,-1.382473,-0.24788,21.507264,1.094835,0.295311,0.125891,0.002366,0.123525,0.16942,0.292945,390.12111,0.7291008788757002,0.0701467985015861,1300.0,0,0.9403126404314052,0.9030551446667172,0.9703840602399516,0.2107627474906535,0.21340699113453826
4908.964,-1.3832313333333337,-0.2337326666666666,21.507118,1.0957536666666667,0.2954883333333333,0.125906,0.0023923333333333,0.1235136666666666,0.1695823333333333,0.293096,390.3688993333334,0.7283361179361177,0.0711221304873989,1301.0,0,0.9407973293959042,0.9029722899816499,0.9713138541197313,0.21334173731275907,0.21346314214419687
4909.964,-1.383989666666667,-0.2195853333333333,21.506972,1.0966723333333332,0.2956656666666666,0.125921,0.0024186666666666,0.1235023333333333,0.1697446666666666,0.293247,390.6166886666667,0.7275728197283388,0.0720955969894496,1302.0,0,0.9412820183604029,0.9028894352965832,0.9722436479995108,0.21478948229751738,0.21337415268720483
4910.964,-1.384748,-0.205438,21.506826,1.097591,0.295843,0.125936,0.002445,0.123491,0.169907,0.293398,390.864478,0.7268109800597968,0.0730672033546958,1303.0,0,0.941766707324902,0.9028065806115165,0.973173441879291,0.21872567940907084,0.21329331229118723
4911.964,-1.3792353333333334,-0.2164203333333333,21.508517666666663,1.097824666666667,0.2956346666666666,0.1259916666666666,0.0024486666666666,0.123543,0.169643,0.293186,390.7832783333333,0.7282485675885974,0.0712337871501361,1304.0,0,0.9410862168581883,0.9031867374018234,0.9716613335573493,0.21278410875664983,0.21362313179946973
4912.964,-1.3737226666666666,-0.2274026666666666,21.510209333333336,1.0980583333333334,0.2954263333333333,0.1260473333333333,0.0024523333333333,0.123595,0.1693789999999999,0.292974,390.7020786666667,0.7296906364387767,0.0693946557268025,1305.0,0,0.9404057263914746,0.9035668941921304,0.9701492252354071,0.21141388992088206,0.21380693361212022
4913.964,-1.36821,-0.238385,21.511901,1.098292,0.295218,0.126103,0.002456,0.123647,0.1691149999999999,0.2927619999999999,390.620879,0.7311372075971525,0.0675497823193186,1306.0,0,0.9397252359247604,0.9039470509824374,0.9686371169134655,0.21172050555172645,0.21406755891562482
4914.964,-1.37272,-0.227876,21.510355,1.0972415,0.2956695,0.1261385,0.002463,0.1236755,0.169531,0.2932065,390.8520215,0.7295112427152397,0.0696234441331707,1307.0,0,0.9411520190023751,0.9041554061463556,0.9710198330571316,0.21270606985090945,0.21439960970235314
4915.964,-1.37723,-0.217367,21.508809,1.096191,0.296121,0.126174,0.00247,0.123704,0.169947,0.293651,391.083164,0.7278932379316025,0.0716869540968739,1308.0,0,0.9425788020799896,0.9043637613102739,0.9734025492007972,0.216761960289321,0.2145321134580885
4916.964,-1.3770845,-0.220252,21.5076755,1.09769,0.295427,0.12575,0.0024435,0.1233065,0.169677,0.2929835,390.8881685,0.7267088249507891,0.0731974860877336,1309.0,0,0.940436220068049,0.9014577550766774,0.9718560747806296,0.2150631552417126,0.21416586104135268
4917.964,-1.376939,-0.223137,21.506542,1.099189,0.294733,0.125326,0.002417,0.122909,0.169407,0.292316,390.693173,0.7255206365697013,0.0747128330063129,1310.0,0,0.9382936380561083,0.8985517488430808,0.9703096003604622,0.21336900052569974,0.21475263234296946
4918.964,-1.3773583333333332,-0.2235296666666666,21.508508,1.0990946666666666,0.2949346666666667,0.1254356666666666,0.0024093333333333,0.1230263333333333,0.169499,0.2925253333333333,390.53162733333335,0.725819075712881,0.0743322209390693,1311.0,0,0.9389655688943098,0.8994095385237731,0.9708365471999267,0.21666224518004212,0.21564989911174087
4919.964,-1.3777776666666666,-0.2239223333333333,21.510474,1.0990003333333334,0.2951363333333333,0.1255453333333333,0.0024016666666666,0.1231436666666666,0.169591,0.2927346666666666,390.37008166666664,0.7261171910624713,0.0739520218194909,1312.0,0,0.9396374997325112,0.9002673282044655,0.9713634940393912,0.21611451985487112,0.21664420744405652
4920.964,-1.378197,-0.224315,21.51244,1.098906,0.295338,0.125655,0.002394,0.123261,0.169683,0.292944,390.208536,0.7264149831451403,0.0735722349758957,1313.0,0,0.940309430570713,0.9011251178851587,0.9718904408788557,0.2150631552417126,0.21807505405183097
4921.964,-1.3715885,-0.2285984999999999,21.508176,1.0975155,0.2952935,0.125423,0.0024285,0.1229945,0.1698704999999999,0.292865,390.7649545,0.7240443511713267,0.0765956022413751,1314.0,0,0.9400558515760414,0.8991768143348355,0.9729643814484159,0.2186518217728174,0.2186421528665763
4922.964,-1.36498,-0.232882,21.503912,1.096125,0.295249,0.125191,0.002463,0.122728,0.170058,0.292786,391.321373,0.7216789467184919,0.0796123026281566,1315.0,0,0.9398022725813698,0.8972285107845123,0.9740383220179771,0.22038655760859605,0.2193008936119034
4923.964,-1.362592,-0.2262375,21.5024705,1.0973285000000002,0.295604,0.125326,0.0023835,0.1229425,0.170278,0.2932205,390.9306575,0.7220062368230963,0.0791948957090284,1316.0,0,0.9411969570520639,0.8987966575445284,0.975298412286262,0.2216635888748832,0.21990935728809288
4924.964,-1.360204,-0.219593,21.501029,1.098532,0.295959,0.125461,0.002304,0.123157,0.170498,0.293655,390.539942,0.7223326823031218,0.0787785659753647,1317.0,0,0.9425916415227578,0.9003648043045448,0.9765585025545467,0.227014535928654,0.2200326613735016
4925.964,-1.367572,-0.215756,21.505369,1.0991655,0.295737,0.1254615,0.002287,0.1231744999999999,0.1702755,0.29345,390.712898,0.723379327153189,0.0774437355110706,1318.0,0,0.9419336200808883,0.9004927416858973,0.9752840930786678,0.22243294843677414,0.2200814908243824
4926.964,-1.37494,-0.211919,21.509709,1.099799,0.295515,0.125462,0.00227,0.123192,0.170053,0.293245,390.885854,0.7244287108800732,0.0761054120412809,1319.0,0,0.9412755986390189,0.9006206790672514,0.9740096836027891,0.22165056269498368,0.22006455587853524
4927.964,-1.364820666666667,-0.2195703333333333,21.511354666666666,1.1012873333333333,0.2957103333333333,0.1256953333333333,0.0022853333333333,0.1234099999999999,0.170015,0.293425,391.1820623333333,0.7258728590250327,0.0742636288053324,1320.0,0,0.9418533735635872,0.9022144133035376,0.973792031647358,0.21945363728759476,0.21947764166141712
4928.964,-1.354701333333333,-0.2272216666666666,21.513000333333338,1.1027756666666666,0.2959056666666667,0.1259286666666666,0.0023006666666666,0.123628,0.169977,0.293605,391.4782706666667,0.7273176528727245,0.0724210220773675,1321.0,0,0.9424311484881555,0.9038081475398253,0.973574379691927,0.21789528603412944,0.21923247033217916
4929.964,-1.344582,-0.234873,21.514646,1.104264,0.296101,0.126162,0.002316,0.123846,0.169939,0.293785,391.774479,0.7287630928563021,0.0705775913049674,1322.0,0,0.9430089234127238,0.9054018817761121,0.9733567277364961,0.21660281436367884,0.21903107679316366
4930.964,-1.334162,-0.2295829999999999,21.5106555,1.1017355,0.295881,0.1262329999999999,0.0023905,0.1238425,0.169648,0.2934905,391.60798,0.729992513955284,0.0690096585565653,1323.0,0,0.9420636194389161,0.9053762942998415,0.9716899719725376,0.21489380578324097,0.21859332133571413
4931.964,-1.323742,-0.224293,21.506665,1.099207,0.295661,0.126304,0.002465,0.123839,0.169357,0.293196,391.441481,0.7312261599688235,0.0674363375958577,1324.0,0,0.9411183154651087,0.9053507068235709,0.9700232162085793,0.21278267960163605,0.21835512174475863
4932.964,-1.3321895,-0.212493,21.5063115,1.0994515,0.295407,0.1256355,0.0023935,0.123242,0.1697715,0.2930135,391.252868,0.7259243988278434,0.0741978979139885,1325.0,0,0.9405325158888103,0.9009862144425466,0.9723973408276884,0.21793484431621668,0.2181354292040197
4933.964,-1.340637,-0.200693,21.505958,1.099696,0.295153,0.124967,0.002322,0.122645,0.170186,0.292831,391.064255,0.720648463161111,0.08092652191205,1326.0,0,0.9399467163125119,0.8966217220615222,0.9747714654467975,0.21964965348472804,0.2182329195480917
4934.964,-1.337725,-0.2001605,21.504735,1.097751,0.295488,0.1253555,0.0023105,0.123045,0.1701325,0.2931775,391.2514525,0.7232261723881542,0.0776390602634038,1327.0,0,0.9410589330423058,0.8995460050638836,0.9744650344042827,0.22263698135415882,0.21842656462233498
4935.964,-1.334813,-0.199628,21.503512,1.095806,0.295823,0.125744,0.002299,0.123445,0.170079,0.293524,391.43865,0.7258055032925682,0.0743495304209881,1328.0,0,0.9421711497720998,0.902470288066245,0.9741586033617681,0.2200509525272189,0.21875560507343086
4936.964,-1.3242073333333333,-0.2097476666666666,21.502763666666667,1.0966576666666668,0.2957486666666666,0.1257416666666666,0.002301,0.1234406666666666,0.170007,0.2934476666666666,391.51635,0.7260873998086365,0.0739900158660729,1329.0,0,0.9419261304059401,0.9024386083337189,0.9737462101830566,0.21945363728759476,0.21901514091180102
4937.964,-1.3136016666666668,-0.2198673333333333,21.502015333333333,1.0975093333333332,0.2956743333333333,0.1257393333333333,0.002303,0.1234363333333333,0.169935,0.2933713333333333,391.59405,0.7263695351975644,0.0736301966664921,1330.0,0,0.9416811110397807,0.9024069286011935,0.9733338170043454,0.22042854072831464,0.21949182786359483
4938.964,-1.302996,-0.229987,21.501267,1.098361,0.2956,0.125737,0.002305,0.123432,0.169863,0.293295,391.67175,0.7266519097631046,0.0732700724348575,1331.0,0,0.9414360916736212,0.9023752488686682,0.972921423825634,0.21983173677656204,0.21957175937871581
4939.964,-1.306853,-0.221471,21.504408666666667,1.0997313333333332,0.295383,0.1255573333333333,0.002315,0.1232423333333333,0.1698256666666666,0.293068,391.2813023333333,0.725694826097197,0.0744906817313629,1332.0,0,0.9407074532965268,0.9009886513450482,0.9727075903255611,0.2198932188746377,0.21961057681374402
4940.964,-1.31071,-0.212955,21.50755033333333,1.1011016666666666,0.295166,0.1253776666666666,0.002325,0.1230526666666666,0.1697883333333333,0.292841,390.89085466666666,0.72473732154356,0.075711827803799,1333.0,0,0.9399788149194325,0.8996020538214283,0.9724937568254887,0.21748916416694264,0.21974736858759697
4941.964,-1.314567,-0.204439,21.510692,1.102472,0.294949,0.125198,0.002335,0.122863,0.169751,0.292614,390.500407,0.7237793958244969,0.0769335110063237,1334.0,0,0.9392501765423379,0.8982154562978092,0.9722799233254165,0.21754954911957403,0.21998528802256537
4942.964,-1.3102806666666666,-0.210037,21.509855333333338,1.102901666666667,0.295048,0.1250726666666666,0.0023226666666666,0.12275,0.1699753333333333,0.2927253333333333,390.71082133333334,0.7221593594402357,0.0789996119562664,1335.0,0,0.9396075410327189,0.8973893463496421,0.9735648335535307,0.21873415946742636,0.22029045092217991
4943.964,-1.3059943333333337,-0.215635,21.509018666666663,1.1033313333333332,0.295147,0.1249473333333333,0.0023103333333333,0.122637,0.1701996666666667,0.2928366666666667,390.92123566666663,0.720543593640448,0.0810602664491277,1336.0,0,0.9399649055231003,0.896563236401475,0.9748497437816456,0.2200378278350102,0.22064974867084475
4944.964,-1.301708,-0.221233,21.508182,1.103761,0.295246,0.1248219999999999,0.002298,0.122524,0.170424,0.292948,391.13165,0.7189320815608038,0.0831154959927008,1337.0,0,0.9403222700134812,0.8957371264533078,0.9761346540097599,0.22400489909268867,0.22091335904981974
4945.964,-1.304511,-0.217683,21.508052,1.102534,0.29538,0.1249889999999999,0.0022786666666666,0.1227103333333333,0.170391,0.2931013333333333,391.290288,0.7201648747202527,0.0815432627129021,1338.0,0,0.9408144486529283,0.8970993549519076,0.9759456404695172,0.22243014687690255,0.22117743302072396
4946.964,-1.307314,-0.214133,21.507922,1.101307,0.295514,0.125156,0.0022593333333333,0.1228966666666666,0.170358,0.2932546666666666,391.448926,0.7213981454849268,0.0799704203229506,1339.0,0,0.9413066272923752,0.8984615834505074,0.9757566269292746,0.22250526628374023,0.22165925243316958
4947.964,-1.310117,-0.210583,21.507792,1.10008,0.295648,0.125323,0.00224,0.123083,0.170325,0.293408,391.607564,0.7226318941324281,0.0783969684688087,1340.0,0,0.9417988059318224,0.8998238119491079,0.9755676133890319,0.22402151821496308,0.22210123694665684
4948.964,-1.3121996666666669,-0.2140603333333333,21.508957666666667,1.1025176666666667,0.2955723333333333,0.12525,0.0022513333333333,0.1229986666666666,0.1703223333333333,0.293321,391.710336,0.7221480713153414,0.079014008179582,1341.0,0,0.9415195480516144,0.8992072756161096,0.9755523395675979,0.22246784056631208,0.22249062094961572
4949.964,-1.314282333333333,-0.2175376666666666,21.510123333333333,1.1049553333333333,0.2954966666666667,0.1251769999999999,0.0022626666666666,0.1229143333333333,0.1703196666666666,0.293234,391.813108,0.7216642333480765,0.0796310672120187,1342.0,0,0.9412402901714064,0.8985907392831121,0.975537065746164,0.22253395858367964,0.22302687801989968
4950.964,-1.316365,-0.221015,21.511289,1.107393,0.295421,0.125104,0.002274,0.12283,0.170317,0.293147,391.91588,0.7211803802299228,0.0802481455670249,1343.0,0,0.9409610322911984,0.8979742029501143,0.9755217919247305,0.22230735829139914,0.2228233275360755
4951.964,-1.3150233333333334,-0.2202126666666666,21.510136666666668,1.106226333333333,0.2954343333333333,0.1250806666666666,0.0022896666666666,0.122791,0.1703536666666666,0.2931446666666666,392.06727766666666,0.7207962212169124,0.0807380798113547,1344.0,0,0.9409535426162502,0.8976890853573841,0.9757318069694443,0.22196939425444673,0.2228308394767593
4952.964,-1.3136816666666666,-0.2194103333333333,21.508984333333338,1.1050596666666668,0.2954476666666666,0.1250573333333333,0.0023053333333333,0.122752,0.1703903333333333,0.2931423333333333,392.21867533333335,0.7204122275389593,0.0812278031968902,1345.0,0,0.9409460529413021,0.8974039677646539,0.9759418220141587,0.2226279994970149,0.2227672999689562
4953.964,-1.31234,-0.218608,21.507832,1.103893,0.295461,0.125034,0.002321,0.122713,0.1704269999999999,0.2931399999999999,392.370073,0.7200283990893517,0.0817173158597253,1346.0,0,0.9409385632663538,0.8971188501719237,0.9761518370588724,0.22540039853785004,0.22233569347750026
4954.964,-1.3118003333333337,-0.2184766666666666,21.508488333333332,1.1050306666666667,0.295524,0.1251363333333333,0.002363,0.1227733333333333,0.1703876666666666,0.293161,392.145334,0.7205487062911071,0.0810537460694089,1347.0,0,0.9410059703408871,0.8975599295247796,0.9759265481927247,0.22196939425444673,0.2221389913996991
4955.964,-1.3112606666666666,-0.2183453333333333,21.509144666666668,1.1061683333333332,0.295587,0.1252386666666666,0.002405,0.1228336666666666,0.1703483333333333,0.293182,391.920595,0.7210692537687262,0.0803898698451168,1348.0,0,0.9410733774154201,0.8980010088776356,0.9757012593265769,0.22250526628374023,0.22142188843539193
4956.964,-1.310721,-0.218214,21.509801,1.107306,0.29565,0.125341,0.002447,0.122894,0.170309,0.293203,391.695856,0.7215900416886852,0.0797256869745347,1349.0,0,0.941140784489953,0.8984420882304922,0.9754759704604292,0.2218698712057094,0.22124123458508205
4957.964,-1.309525,-0.2172806666666666,21.508284333333332,1.1056723333333334,0.295391,0.1251983333333333,0.002444,0.1227543333333333,0.1701926666666667,0.292947,391.544982,0.7212626400120645,0.0801432361861763,1350.0,0,0.9403190601527893,0.8974210260821675,0.9748096500003819,0.21970545330040364,0.2211945763992346
4958.964,-1.308329,-0.2163473333333333,21.50676766666667,1.1040386666666666,0.295132,0.1250556666666666,0.002441,0.1226146666666666,0.1700763333333333,0.292691,391.394108,0.7209347904482667,0.0805613566072864,1351.0,0,0.9394973358156254,0.8963999639338426,0.9741433295403341,0.2205008197883001,0.22149654835106505
4959.964,-1.307133,-0.215414,21.505251,1.102405,0.294873,0.124913,0.002438,0.122475,0.16996,0.292435,391.243234,0.7206064920775943,0.0809800494107941,1352.0,0,0.9386756114784617,0.8953789017855186,0.9734770090802868,0.21536292894060843,0.22108983079530348
4960.964,-1.3068356666666667,-0.21136,21.505966666666662,1.1033223333333333,0.2951176666666666,0.1250073333333333,0.0023866666666666,0.1226206666666666,0.1701103333333333,0.292731,391.5800543333333,0.7208259688752856,0.0807001413639096,1353.0,0,0.9396257302433074,0.8964438281788781,0.9743380707636146,0.2205008197883001,0.2208784139967194
4961.964,-1.3065383333333334,-0.207306,21.506682333333337,1.1042396666666667,0.2953623333333333,0.1251016666666666,0.0023353333333333,0.1227663333333333,0.1702606666666666,0.293027,391.9168746666667,0.7210450580968509,0.0804207276092582,1354.0,0,0.9405758490081528,0.8975087545722382,0.9751991324469421,0.22150281239597214,0.22059829571562953
4962.964,-1.306241,-0.203252,21.507398,1.105157,0.295607,0.125196,0.002284,0.122912,0.170411,0.293323,392.253695,0.721263760768021,0.0801418068386821,1355.0,0,0.9415259677729986,0.8985736809655984,0.9760601941302705,0.22564771901531971,0.22034338586914481
4963.964,-1.309119666666667,-0.2004803333333333,21.506405333333333,1.1050126666666666,0.295398,0.1251726666666666,0.0023096666666666,0.122863,0.1702253333333333,0.2930883333333333,392.0708916666667,0.7217625945065295,0.0795056230646579,1356.0,0,0.9407727204639316,0.8982154562978092,0.9749967543129452,0.22133322298023422,0.22018887977300103
4964.964,-1.3119983333333334,-0.1977086666666666,21.505412666666665,1.1048683333333331,0.295189,0.1251493333333333,0.0023353333333333,0.1228139999999999,0.1700396666666667,0.2928536666666667,391.8880883333333,0.7222625175938304,0.0788680499980246,1357.0,0,0.940019473154865,0.8978572316300192,0.9739333144956204,0.21985522626860587,0.22019444899745494
4965.964,-1.314877,-0.194937,21.50442,1.104724,0.29498,0.125126,0.002361,0.122765,0.169854,0.292619,391.705285,0.7227635336021899,0.0782290830829204,1358.0,0,0.9392662258457982,0.8974990069622306,0.9728698746782951,0.21970408347284187,0.22060501615979589
4966.964,-1.3145706666666668,-0.1963373333333333,21.505703333333333,1.10592,0.2950396666666667,0.1251156666666666,0.002381,0.1227346666666666,0.169924,0.2926586666666667,391.764482,0.722287283605512,0.0788364648553954,1359.0,0,0.939393550319916,0.8972772488345511,0.9732708124909311,0.21932077274086215,0.22081863231638174
4967.964,-1.3142643333333333,-0.1977376666666666,21.506986666666663,1.107116,0.2950993333333333,0.1251053333333333,0.002401,0.1227043333333333,0.169994,0.2926983333333333,391.823679,0.7218114258262499,0.0794433464164039,1360.0,0,0.9395208747940337,0.8970554907068723,0.9736717503035672,0.21816039233896556,0.22093204921220044
4968.964,-1.313958,-0.199138,21.50827,1.108312,0.295159,0.125095,0.002421,0.122674,0.170064,0.292738,391.882876,0.7213359597800841,0.0800497283836191,1361.0,0,0.9396481992681517,0.8968337325791934,0.9740726881162032,0.22055651203283932,0.22063097544608432
4969.964,-1.3063016666666667,-0.2034696666666666,21.506826333333333,1.1082683333333334,0.295278,0.1252053333333333,0.002414,0.1227913333333333,0.1700726666666666,0.292864,391.8807806666667,0.7219890988414825,0.0792167525021451,1362.0,0,0.9400526417153495,0.8976915222598858,0.9741223280358625,0.21946860056401785,0.2207613512834768
4970.964,-1.2986453333333332,-0.2078013333333333,21.505382666666662,1.1082246666666666,0.295397,0.1253156666666667,0.002407,0.1229086666666666,0.1700813333333333,0.29299,391.87868533333335,0.7226421713405469,0.0783838615104322,1363.0,0,0.9404570841625471,0.8985493119405782,0.9741719679555224,0.22263698135415882,0.2210978401367965
4971.964,-1.290989,-0.212133,21.503939,1.108181,0.295516,0.125426,0.0024,0.123026,0.17009,0.293116,391.87659,0.7232951772874521,0.0775510553955038,1364.0,0,0.940861526609745,0.8994071016212714,0.9742216078751823,0.22263698135415882,0.22127771302910954
4972.964,-1.292214,-0.207145,21.504974333333333,1.1087353333333334,0.2955363333333333,0.125399,0.002365,0.123034,0.1701373333333333,0.2931713333333333,391.877114,0.7231409735215462,0.0777477179830348,1365.0,0,0.9410391389013714,0.8994655872813186,0.9744927182056313,0.22263698135415882,0.22135708565915832
4973.964,-1.293439,-0.202157,21.506009666666667,1.1092896666666667,0.2955566666666666,0.125372,0.00233,0.123042,0.1701846666666666,0.2932266666666666,391.877638,0.7229868555322915,0.0779442711759728,1366.0,0,0.9412167511929979,0.8995240729413658,0.9747638285360801,0.22263698135415882,0.22111553287095975
4974.964,-1.294664,-0.197169,21.507045,1.109844,0.295577,0.125345,0.002295,0.12305,0.1702319999999999,0.293282,391.878162,0.7228328232481366,0.0781407150655706,1367.0,0,0.9413943634846246,0.8995825586014131,0.9750349388665291,0.22322011480180304,0.22099285054297857
4975.964,-1.2893116666666666,-0.2039506666666666,21.506738666666667,1.109523,0.2953429999999999,0.1251253333333333,0.002355,0.1227703333333333,0.1702176666666666,0.2929879999999999,391.8786856666666,0.7212507049755611,0.08015845744324,1368.0,0,0.9404506644411629,0.8975379974022619,0.9749528420763228,0.22150281239597214,0.2213791086972245
4976.964,-1.2839593333333337,-0.2107323333333333,21.506432333333333,1.109202,0.295109,0.1249056666666666,0.002415,0.1224906666666666,0.1702033333333333,0.292694,391.87920933333334,0.7196683202346984,0.0821765396591911,1369.0,0,0.9395069653977016,0.8954934362031106,0.9748707452861166,0.22011449904135005,0.22189177105227237
4977.964,-1.278607,-0.217514,21.506126,1.108881,0.294875,0.124686,0.002475,0.122211,0.1701889999999999,0.2924,391.879733,0.7180856689582232,0.0841949617992868,1370.0,0,0.93856326635424,0.8934488750039602,0.9747886484959098,0.21574486445697966,0.22220836662318938
4978.964,-1.27693,-0.2171056666666666,21.505265666666663,1.109552,0.2950703333333333,0.124758,0.002447,0.122311,0.1703123333333333,0.2926233333333333,392.0196056666667,0.7181528163776569,0.0841093258540538,1371.0,0,0.9392801352421303,0.8941799457545505,0.9754950627372212,0.21932968875302783,0.22234515839704233
4979.964,-1.275253,-0.2166973333333333,21.50440533333333,1.110223,0.2952656666666666,0.12483,0.002419,0.1224109999999999,0.1704356666666666,0.2928466666666666,392.1594783333333,0.7182198666171208,0.0840238138465483,1372.0,0,0.9399970041300204,0.89491101650514,0.9762014769785322,0.2233311821064769,0.22218336296640379
4980.964,-1.273576,-0.216289,21.503545,1.110894,0.295461,0.124902,0.002391,0.122511,0.1705589999999999,0.29307,392.299351,0.7182868198874298,0.083938425507909,1373.0,0,0.9407138730179109,0.8956420872557311,0.9769078912198432,0.22776360490463737,0.22205829091166818
4981.964,-1.2718113333333334,-0.210149,21.504697,1.1101353333333337,0.29544,0.1249446666666666,0.0024173333333333,0.1225273333333333,0.1704953333333333,0.2930226666666666,392.1385236666667,0.7186508409760523,0.0834741740106532,1374.0,0,0.9405619396118206,0.8957614954783273,0.9765432287331127,0.22580293706332882,0.22205829091166818
4982.964,-1.2700466666666663,-0.204009,21.505849,1.109376666666667,0.295419,0.1249873333333333,0.0024436666666666,0.1225436666666666,0.1704316666666666,0.2929753333333333,391.9776963333333,0.719015134031426,0.0830095756626917,1375.0,0,0.9404100062057305,0.8958809037009235,0.9761785662463816,0.22400489909268867,0.2223110509959029
4983.964,-1.268282,-0.197869,21.507001,1.108618,0.295398,0.12503,0.00247,0.12256,0.170368,0.2929279999999999,391.816869,0.7193796993584514,0.0825446300751723,1376.0,0,0.9402580727996401,0.8960003119235205,0.975813903759651,0.22101902704777343,0.22288684578980217
4984.964,-1.2676216666666666,-0.1967156666666666,21.50644833333333,1.1085723333333335,0.2954743333333333,0.1251573333333333,0.0024733333333333,0.122684,0.170317,0.2930009999999999,391.9965343333334,0.7203231602062026,0.0813413945350881,1377.0,0,0.9404923926301594,0.8969068396542524,0.9755217919247305,0.22196939425444673,0.222997437017138
4985.964,-1.2669613333333332,-0.1955623333333333,21.505895666666667,1.1085266666666669,0.2955506666666666,0.1252846666666666,0.0024766666666666,0.122808,0.1702659999999999,0.293074,392.17619966666666,0.7212671862427834,0.0801374381857744,1378.0,0,0.9407267124606791,0.8978133673849845,0.9752296800898094,0.22150281239597214,0.22269319482986263
4986.964,-1.266301,-0.194409,21.505343,1.108481,0.295627,0.125412,0.00248,0.122932,0.1702149999999999,0.293147,392.355865,0.7222117779762185,0.0789327603793261,1379.0,0,0.9409610322911984,0.8987198951157165,0.9749375682548889,0.22264209988369754,0.22181092346706127
4987.964,-1.262017333333333,-0.195825,21.505443666666668,1.1080163333333333,0.2955053333333333,0.1252599999999999,0.0024713333333333,0.1227886666666666,0.1702453333333333,0.293034,392.30821433333335,0.7212411818952534,0.0801706026305093,1380.0,0,0.9405983180329973,0.8976720270398699,0.9751113079736983,0.22150281239597214,0.22041803665347665
4988.964,-1.2577336666666663,-0.197241,21.505544333333333,1.1075516666666667,0.2953836666666666,0.125108,0.0024626666666666,0.1226453333333333,0.1702756666666666,0.292921,392.26056366666666,0.7202709316210872,0.0814080038596497,1381.0,0,0.940235603774796,0.8966241589640239,0.975285047692507,0.2204356010263861,0.21909429041225686
4989.964,-1.25345,-0.198657,21.505645,1.107087,0.295262,0.124956,0.002454,0.122502,0.170306,0.292808,392.212913,0.7193010269689443,0.0826449643023995,1382.0,0,0.9398728895165949,0.895576290888178,0.9754587874113164,0.22028876023372312,0.2184520728156411
4990.964,-1.253669,-0.199313,21.505266,1.1080933333333334,0.294982,0.124819,0.0024456666666666,0.1223733333333333,0.170163,0.2925363333333333,392.16838433333334,0.7191493696277317,0.0828383793267714,1383.0,0,0.9390008773619223,0.8946356465224182,0.9746397287369314,0.21894089127662392,0.21869493063362994
4991.964,-1.253888,-0.199969,21.504887,1.1090996666666666,0.294702,0.124682,0.0024373333333333,0.1222446666666666,0.17002,0.2922646666666667,392.12385566666666,0.7189974571768585,0.0830321197032879,1384.0,0,0.9381288652072499,0.8936950021566584,0.9738206700625462,0.21187406892748273,0.2192037412823064
4992.964,-1.254107,-0.200625,21.504508,1.110106,0.294422,0.124545,0.002429,0.122116,0.169877,0.291993,392.079327,0.7188452889720859,0.0832261862535741,1385.0,0,0.9372568530525774,0.8927543577908993,0.9730016113881612,0.21076743668049058,0.21969677766365478
4993.964,-1.254807,-0.1977226666666666,21.504537,1.111054,0.2946983333333333,0.124537,0.002382,0.122155,0.1701613333333333,0.2923163333333333,392.0463233333333,0.7178733248838854,0.0844657731822695,1386.0,0,0.9382947080096721,0.8930394753836296,0.9746301825985351,0.2145968510816159,0.22042919025180724
4994.964,-1.2555070000000002,-0.1948203333333333,21.504566,1.1120020000000002,0.2949746666666666,0.124529,0.002335,0.122194,0.1704456666666666,0.2926396666666666,392.0133196666667,0.716904603590566,0.08570122443744,1387.0,0,0.9393325629667668,0.8933245929763598,0.9762587538089088,0.22439797243433518,0.22070028434320582
4995.964,-1.256207,-0.191918,21.504595,1.11295,0.295251,0.1245209999999999,0.002288,0.122233,0.17073,0.292963,391.980316,0.715939108890594,0.0869325606815863,1388.0,0,0.9403704179238619,0.89360971056909,0.9778873250192831,0.2265909188827368,0.22000144242700054
4996.964,-1.2583075,-0.192624,21.505521,1.1113155,0.295228,0.1244575,0.002354,0.1221035,0.1707705,0.2928739999999999,392.463956,0.715010994223275,0.0881162245884178,1389.0,0,0.9400847403222696,0.8926629739470756,0.9781192961823083,0.22757246369718148,0.2190279982346588
4997.964,-1.260408,-0.19333,21.506447,1.109681,0.295205,0.124394,0.00242,0.121974,0.170811,0.292785,392.947596,0.7140833196730909,0.0892993271952442,1390.0,0,0.9397990627206778,0.891716237325061,0.9783512673453334,0.2288269382774965,0.21898318408998038
4998.964,-1.258698,-0.1946313333333333,21.506443,1.110858,0.2949516666666666,0.1245276666666666,0.0024433333333333,0.1220843333333333,0.170424,0.2925083333333333,392.5947223333333,0.7163522566133685,0.0864056559090862,1391.0,0,0.938911001262545,0.8925228520532121,0.9761346540097599,0.2231465419403718,0.21934839135327663
4999.964,-1.256988,-0.1959326666666666,21.506439,1.112035,0.2946983333333333,0.1246613333333333,0.0024666666666666,0.1221946666666666,0.170037,0.2922316666666666,392.2418486666666,0.7186315215814504,0.0834988128520565,1392.0,0,0.9380229398044122,0.8933294667813633,0.9739180406741864,0.2133003410716705,0.2195023534251898
5000.964,-1.255278,-0.197234,21.506435,1.113212,0.294445,0.124795,0.00249,0.122305,0.16965,0.291955,391.888975,0.7209211852567917,0.080578707883655,1393.0,0,0.9371348783462797,0.8941360815095151,0.971701427338613,0.20920644935320631,0.2192552392917911
5001.964,-1.2577196666666666,-0.1963079999999999,21.506755,1.1129963333333337,0.2945783333333333,0.1247356666666666,0.0024656666666666,0.12227,0.1698426666666667,0.2921126666666667,392.062752,0.7198973173369236,0.081884489965099,1394.0,0,0.937640966382059,0.8938802067468085,0.9728049609372018,0.211425927480699,0.21934514579767775
5002.964,-1.2601613333333332,-0.195382,21.507075,1.1127806666666666,0.2947116666666667,0.1246763333333333,0.0024413333333333,0.122235,0.1700353333333333,0.2922703333333333,392.236529,0.7188757696884389,0.0831873129062692,1395.0,0,0.9381470544178381,0.8936243319841018,0.9739084945357901,0.21441950931345305,0.2194693571465743
5003.964,-1.262603,-0.194456,21.507395,1.112565,0.294845,0.124617,0.002417,0.1222,0.170228,0.292428,392.410306,0.7178565344330284,0.084487186754707,1396.0,0,0.9386531424536174,0.8933684572213952,0.975012028134379,0.21613647180074747,0.21943344910233967
5004.964,-1.2629063333333332,-0.1943686666666666,21.506636666666665,1.1124893333333334,0.294918,0.124502,0.0024013333333333,0.1221006666666666,0.170416,0.2925166666666667,392.34450833333335,0.7164817281530989,0.0862405353760993,1397.0,0,0.9389377501016456,0.8926422602758083,0.9760888325454588,0.22192683110034833,0.21983975241548084
5005.964,-1.2632096666666668,-0.1942813333333333,21.505878333333335,1.1124136666666666,0.294991,0.124387,0.0023856666666666,0.1220013333333333,0.170604,0.2926053333333333,392.27871066666665,0.7151099518380665,0.0879900197550503,1398.0,0,0.9392223577496733,0.8919160633302221,0.9771656369565384,0.22748998394160297,0.22116881019658746
5006.964,-1.263513,-0.194194,21.50512,1.112338,0.295064,0.124272,0.00237,0.121902,0.170792,0.292694,392.212913,0.7137411954822505,0.0897356526522284,1399.0,0,0.9395069653977016,0.8911898663846359,0.978242441367618,0.22881457718614712,0.22290725714954052
5007.964,-1.259294666666667,-0.196316,21.504537000000003,1.1125563333333333,0.295127,0.124392,0.0023863333333333,0.1220056666666666,0.170735,0.2927406666666666,392.207646,0.7145866522975043,0.0886574058016627,1400.0,0,0.9396567588966636,0.8919477430627475,0.9779159634344714,0.22846785783515028,0.2244237562897443
5008.964,-1.2550763333333337,-0.198438,21.503954,1.1127746666666667,0.29519,0.124512,0.0024026666666666,0.1221093333333333,0.1706779999999999,0.2927873333333333,392.202379,0.7154326738106817,0.0875784387679409,1401.0,0,0.9398065523956257,0.8927056197408598,0.9775894855013245,0.22720957507178313,0.22564089724667263
5009.964,-1.250858,-0.20056,21.503371,1.112993,0.295253,0.124632,0.002419,0.122213,0.1706209999999999,0.292834,392.197112,0.7162792605877321,0.0864987508292836,1402.0,0,0.939956345894588,0.8934634964189719,0.977263007568178,0.2265909188827368,0.226658400444268
5010.964,-1.254843,-0.1988606666666666,21.505689333333333,1.1148019999999998,0.295239,0.1246306666666666,0.0023896666666666,0.122241,0.1706083333333333,0.2928493333333333,392.29981833333335,0.7164965574372643,0.0862216229625271,1403.0,0,0.9400055637585326,0.8936681962291373,0.977190456916368,0.2265909188827368,0.2265915833190098
5011.964,-1.258828,-0.1971613333333333,21.508007666666668,1.116611,0.295225,0.1246293333333333,0.0023603333333333,0.122269,0.1705956666666666,0.2928646666666666,392.40252466666664,0.7167138865550323,0.0859444539427242,1404.0,0,0.9400547816224772,0.8938728960393025,0.9771179062645574,0.2265909188827368,0.22591035178313676
5012.964,-1.262813,-0.195462,21.510326,1.11842,0.295211,0.124628,0.002331,0.122297,0.1705829999999999,0.29288,392.505231,0.716931247948225,0.0856672437607064,1405.0,0,0.9401039994864221,0.8940775958494679,0.977045355612747,0.2265909188827368,0.2253379283406049
5013.964,-1.2642423333333332,-0.191539,21.50873633333333,1.1174426666666666,0.2950016666666666,0.124461,0.002362,0.122099,0.1705406666666666,0.2926396666666666,392.577001,0.7159482042511605,0.0869209609834011,1406.0,0,0.9393325629667668,0.892630075763299,0.9768028836974862,0.22631150377670112,0.22514959482657831
5014.964,-1.2656716666666668,-0.187616,21.507146666666667,1.1164653333333334,0.2947923333333333,0.124294,0.002393,0.121901,0.1704983333333333,0.2923993333333333,392.648771,0.714964672393636,0.0881753007777861,1407.0,0,0.938561126447112,0.8911825556771301,0.9765604117822256,0.22125865984776633,0.22539239967307445
5015.964,-1.267101,-0.183693,21.505557,1.115488,0.294583,0.124127,0.002424,0.121703,0.170456,0.292159,392.720541,0.7139806520119444,0.0894302636077124,1408.0,0,0.937789689927457,0.8897350355909612,0.9763179398669649,0.2206776685828724,0.22518200528517923
5016.964,-1.2624193333333331,-0.1853846666666666,21.506651,1.115809,0.2948949999999999,0.1243993333333333,0.0024106666666666,0.1219886666666666,0.1704956666666666,0.2924843333333333,392.6938236666667,0.7154900389059415,0.0875052786346491,1409.0,0,0.9388339646059358,0.8918234610351472,0.9765451379607917,0.22309034276082856,0.2248526754727577
5017.964,-1.2577376666666666,-0.1870763333333333,21.507745,1.11613,0.295207,0.1246716666666666,0.0023973333333333,0.1222743333333333,0.1705353333333333,0.2928096666666666,392.6671063333334,0.7169987236346508,0.0855811891626884,1410.0,0,0.9398782392844146,0.8939118864793338,0.9767723360546189,0.22658452269488422,0.2240849395630459
5018.964,-1.253056,-0.188768,21.508839,1.116451,0.295519,0.124944,0.002384,0.12256,0.1705749999999999,0.293135,392.640389,0.718506706687928,0.0836579945670963,1411.0,0,0.9409225139628938,0.8960003119235205,0.9769995341484456,0.22963762353674466,0.22279076457673197
5019.964,-1.2570376666666667,-0.1861866666666666,21.506826333333333,1.1170053333333334,0.2953176666666666,0.124828,0.0023943333333333,0.1224336666666666,0.1704896666666666,0.2929233333333333,392.727351,0.7181253323740108,0.0841443773668428,1412.0,0,0.9402430934497441,0.8950767258752741,0.9765107718625657,0.22448697500378445,0.221246921251571
5020.964,-1.2610193333333333,-0.1836053333333333,21.504813666666667,1.1175596666666667,0.2951163333333333,0.124712,0.0024046666666666,0.1223073333333333,0.1704043333333333,0.2927116666666666,392.814313,0.7177435761009046,0.084631247295305,1413.0,0,0.9395636729365942,0.8941531398270286,0.9760220095766858,0.22329762075852183,0.22030284619928803
5021.964,-1.265001,-0.181024,21.502801,1.118114,0.294915,0.124596,0.002415,0.122181,0.170319,0.2925,392.901275,0.7173614372945044,0.0851186050846631,1414.0,0,0.9388842524234446,0.893229553778783,0.9755332472908059,0.2189135597856186,0.2194879969734167
5022.964,-1.2692886666666667,-0.186216,21.503428,1.1185223333333334,0.2945866666666666,0.1244286666666666,0.002396,0.1220326666666666,0.170158,0.2921906666666666,392.604766,0.7171684522515216,0.0853647270758142,1415.0,0,0.9378913355160383,0.8921451321654068,0.9746110903217431,0.21364916901959768,0.21858322458200577
5023.964,-1.2735763333333334,-0.191408,21.504055,1.1189306666666667,0.2942583333333333,0.1242613333333333,0.0023769999999999,0.1218843333333333,0.169997,0.2918813333333333,392.308257,0.7169751016678627,0.0856113152564567,1416.0,0,0.9368984186086322,0.8910607105520315,0.9736889333526803,0.21087307052509086,0.2182562650838075
5024.964,-1.277864,-0.1966,21.504682,1.119339,0.29393,0.124094,0.002358,0.121736,0.169836,0.291572,392.011748,0.7167813845039653,0.0858583709523885,1417.0,0,0.935905501701226,0.889976288938656,0.9727667763836172,0.211817909324937,0.21800397642853495
5025.964,-1.274145,-0.1965126666666666,21.504040666666665,1.118113666666667,0.2942503333333333,0.12422,0.0023583333333333,0.1218616666666666,0.1700303333333333,0.291892,392.181481,0.7167012354585625,0.0859605884213619,1418.0,0,0.9369326571226807,0.8908950011818975,0.9738798561206019,0.2125291763241588,0.21858356976459198
5026.964,-1.270426,-0.1964253333333333,21.503399333333338,1.1168883333333337,0.2945706666666667,0.124346,0.0023586666666666,0.1219873333333333,0.1702246666666667,0.292212,392.351214,0.7166212694129557,0.086062572502952,1419.0,0,0.9379598125441355,0.8918137134251395,0.974992935857587,0.21404261884671943,0.2194484927972047
5027.964,-1.266707,-0.196338,21.502758,1.115663,0.294891,0.124472,0.002359,0.122113,0.170419,0.292532,392.520947,0.7165414857411101,0.0861643239955675,1420.0,0,0.9389869679655902,0.8927324256683816,0.9761060155945716,0.22331492771290146,0.22076084762394216
5028.964,-1.2654990000000002,-0.1927605,21.5026085,1.11464,0.2947415,0.1240925,0.002343,0.1217495,0.170649,0.2923985,392.456209,0.7134456489891591,0.0901125756004169,1421.0,0,0.9385584515632021,0.8900749834899857,0.9774233826932329,0.22711473698401952,0.22253113980143077
5029.964,-1.264291,-0.189183,21.502459,1.113617,0.294592,0.1237129999999999,0.002327,0.121386,0.170879,0.292265,392.391471,0.7103581460674155,0.0940501987189708,1422.0,0,0.9381299351608139,0.8874175413115898,0.9787407497918942,0.2302829083643544,0.22464754355422106
5030.964,-1.2653113333333337,-0.1907936666666666,21.501771333333338,1.113875333333333,0.2948033333333333,0.1239106666666666,0.0023176666666666,0.1215929999999999,0.1708926666666667,0.2924856666666666,392.57775633333335,0.7115126170074567,0.0925778530796547,1423.0,0,0.9388382444201918,0.8889308577653111,0.9788190281267423,0.23194685108464907,0.22660780634847383
5031.964,-1.2663316666666666,-0.1924043333333333,21.501083666666663,1.1141336666666668,0.2950146666666666,0.1241083333333333,0.0023083333333333,0.1218,0.1709063333333333,0.2927063333333333,392.7640416666667,0.7126669033121263,0.0911057429136404,1424.0,0,0.9395465536795701,0.8904441742190339,0.9788973064615899,0.2320371080529936,0.2284691383817148
5032.964,-1.267352,-0.194015,21.500396,1.114392,0.295226,0.124306,0.002299,0.122007,0.17092,0.292927,392.950327,0.7138210050257137,0.0896338681644441,1425.0,0,0.9402548629389483,0.8919574906727559,0.9789755847964381,0.23135209079448366,0.2296644792593626
5033.964,-1.2676786666666666,-0.194049,21.501643333333337,1.115061,0.294989,0.1240823333333333,0.0022676666666666,0.1218146666666666,0.1709066666666666,0.2927213333333333,392.788549,0.7127513296653359,0.0909980704130342,1426.0,0,0.9395947015899507,0.89055139792912,0.978899215689269,0.2320371080529936,0.22970290774941962
5034.964,-1.2680053333333334,-0.194083,21.502890666666666,1.11573,0.294752,0.1238586666666666,0.0022363333333333,0.1216223333333333,0.1708933333333333,0.2925156666666667,392.626771,0.7116814873908438,0.092362485534257,1427.0,0,0.9389345402409535,0.8891453051854848,0.9788228465821005,0.23142053726746503,0.22896664094435243
5035.964,-1.268332,-0.194117,21.504138,1.116399,0.294515,0.123635,0.002205,0.12143,0.17088,0.29231,392.464993,0.710611478163166,0.0937271135779418,1428.0,0,0.938274378891956,0.8877392124418496,0.9787464774749318,0.23114249665656783,0.22858616503399426
5036.964,-1.270778,-0.1893253333333333,21.503416,1.11573,0.2946146666666667,0.1239143333333333,0.0022533333333333,0.1216609999999999,0.1707003333333333,0.2923613333333333,392.6299163333333,0.7127126521175386,0.091047397526315,1429.0,0,0.9384391517408143,0.8894279858757125,0.9777174037558324,0.2259960276231977,0.22829859837719116
5037.964,-1.273224,-0.1845336666666666,21.502694,1.115061,0.2947143333333333,0.1241936666666666,0.0023016666666666,0.121892,0.1705206666666666,0.2924126666666666,392.7948396666667,0.7148182537898408,0.0883620346186613,1430.0,0,0.9386039245896725,0.891116759309577,0.9766883300367332,0.22369921261347164,0.22835611641358158
5038.964,-1.27567,-0.179742,21.501972,1.114392,0.294814,0.124473,0.00235,0.122123,0.170341,0.292464,392.959763,0.7169282971903581,0.0856710069870705,1431.0,0,0.9387686974385311,0.8928055327434407,0.9756592563176343,0.21975206893334764,0.22794390846199802
5039.964,-1.2760366666666667,-0.177267,21.501154666666665,1.1135176666666666,0.2948466666666667,0.124265,0.0023566666666666,0.1219083333333333,0.1705816666666667,0.29249,393.03770633333335,0.7146583865496299,0.0885659200746136,1432.0,0,0.9388521538165243,0.8912361675321732,0.9770377187020307,0.22647814926077275,0.22716794660758124
5040.964,-1.2764033333333331,-0.174792,21.500337333333334,1.1126433333333334,0.2948793333333333,0.124057,0.0023633333333333,0.1216936666666666,0.1708223333333333,0.292516,393.1156496666667,0.7123948718949402,0.0914526760905264,1433.0,0,0.9389356101945174,0.8896668023209057,0.9784161810864267,0.22907118451661812,0.2254591757408718
5041.964,-1.27677,-0.172317,21.49952,1.111769,0.294912,0.123849,0.00237,0.121479,0.171063,0.292542,393.193593,0.7101377262311181,0.0943313094628928,1434.0,0,0.9390190665725107,0.8880974371096388,0.9797946434708231,0.23261228841689796,0.22505841587401929
5042.964,-1.2761426666666666,-0.175409,21.499082666666663,1.111025,0.2947753333333333,0.123962,0.0024043333333333,0.1215576666666666,0.1708133333333333,0.292371,393.335561,0.7116362210040923,0.0924202156726516,1435.0,0,0.9384701803941707,0.8886725461001028,0.9783646319390877,0.22723001127864811,0.22582387971951556
5043.964,-1.2755153333333331,-0.178501,21.498645333333336,1.110281,0.2946386666666666,0.124075,0.0024386666666666,0.1216363333333333,0.1705636666666666,0.2922,393.477529,0.7131391026668282,0.0905035270962736,1436.0,0,0.9379212942158309,0.8892476550905675,0.9769346204073525,0.2242774895088258,0.22753310222703535
5044.964,-1.274888,-0.181593,21.498208,1.109537,0.294502,0.124188,0.002473,0.121715,0.1703139999999999,0.292029,393.619497,0.7146463905116991,0.0885812191293787,1437.0,0,0.937372408037491,0.8898227640810321,0.9755046088756171,0.21433282860037006,0.22952410136184911
5045.964,-1.27903,-0.1765026666666666,21.49912666666667,1.110135,0.294568,0.1237443333333333,0.0024643333333333,0.12128,0.1708236666666666,0.2921036666666666,393.592256,0.7099677251919123,0.0945481189814979,1438.0,0,0.9376120776358302,0.886642606315964,0.9784238179971434,0.2271348979880431,0.23087227652330364
5046.964,-1.283172,-0.1714123333333333,21.500045333333333,1.110733,0.294634,0.1233006666666666,0.0024556666666666,0.120845,0.1713333333333333,0.2921783333333334,393.565015,0.7053168950375777,0.1004795194693181,1439.0,0,0.9378517472341701,0.8834624485508961,0.9813430271186698,0.2336506660781607,0.23193136409979043
5047.964,-1.287314,-0.166322,21.500964,1.111331,0.2947,0.122857,0.002447,0.12041,0.171843,0.292253,393.537774,0.7006936523823932,0.1063757364521537,1440.0,0,0.9380914168325093,0.8802822907858282,0.984262236240196,0.24079143768866934,0.23268962058105241
5048.964,-1.284566,-0.1729165,21.499533,1.108874,0.2944035,0.1226155,0.0024215,0.120194,0.171788,0.291982,394.268293,0.6996606301916884,0.107693193362543,1441.0,0,0.937221544584965,0.878703177964553,0.9839472136731249,0.2396620602814853,0.23407070980089423
5049.964,-1.281818,-0.179511,21.498102,1.106417,0.294107,0.122374,0.002396,0.119978,0.171733,0.291711,394.998812,0.698626946323966,0.1090114941376306,1442.0,0,0.9363516723374204,0.8771240651432779,0.9836321911060537,0.23995990087531827,0.2351100364387008
5050.964,-1.2798766666666666,-0.179726,21.496510333333333,1.106507666666667,0.2943996666666666,0.122625,0.002403,0.120222,0.1717746666666667,0.2919966666666667,394.9007326666666,0.6998779415788421,0.1074160469553429,1443.0,0,0.9372686225417817,0.8789078777747182,0.9838708445659563,0.2396620602814853,0.23640693250796554
5051.964,-1.2779353333333334,-0.179941,21.494918666666667,1.1065983333333334,0.2946923333333333,0.122876,0.00241,0.120466,0.1718163333333333,0.2922823333333333,394.8026533333333,0.7011283300869916,0.1058213735828288,1444.0,0,0.9381855727461427,0.8806916904061588,0.9841094980258583,0.24019485322951828,0.23681279689821047
5052.964,-1.275994,-0.180156,21.493327,1.106689,0.294985,0.123127,0.002417,0.12071,0.171858,0.292568,394.704574,0.7023781122897258,0.1042274734572658,1445.0,0,0.9391025229505038,0.8824755030375991,0.984348151485761,0.24104090347706603,0.23701375821805354
5053.964,-1.281281,-0.1762605,21.496095500000003,1.1077345,0.2945625,0.1232325,0.002374,0.1208585,0.17133,0.2921884999999999,394.942936,0.7054094121904383,0.1003615284295683,1446.0,0,0.9378843808178721,0.8835611431022258,0.9813239348418777,0.23467075588689146,0.2363726532526654
5054.964,-1.286568,-0.172365,21.498864,1.10878,0.29414,0.123338,0.002331,0.121007,0.170802,0.291809,395.181298,0.7084594532882912,0.0964716819601557,1447.0,0,0.9366662386852409,0.8846467831668525,0.9782997181979946,0.2273017892930178,0.23571056621729083
5055.964,-1.288736,-0.170344,21.4993495,1.107546,0.2944124999999999,0.1233635,0.00231,0.1210535,0.171049,0.2921025,394.677816,0.7077082724349607,0.097429694687353,1448.0,0,0.9376083327983564,0.8849867310658769,0.979714455908296,0.2311935418904923,0.23519784016446374
5056.964,-1.290904,-0.168323,21.499835,1.106312,0.294685,0.123389,0.002289,0.1211,0.1712959999999999,0.292396,394.174334,0.7069592578971028,0.0983849446207641,1449.0,0,0.9385504269114718,0.8853266789649015,0.9811291936185967,0.23566027927659117,0.23526975019847365
5057.964,-1.29353,-0.1689006666666666,21.4991,1.1073276666666667,0.2945573333333333,0.123271,0.002356,0.120915,0.1712863333333333,0.2922013333333333,394.215212,0.70591909890204,0.0997115033997332,1450.0,0,0.9379255740300869,0.8839741980763093,0.9810738260158998,0.23438038803478822,0.23568050841343915
5058.964,-1.296156,-0.1694783333333333,21.498365,1.1083433333333332,0.2944296666666666,0.123153,0.002423,0.12073,0.1712766666666666,0.2920066666666667,394.25609,0.7048788224968036,0.1010382119168645,1451.0,0,0.9373007211487021,0.8826217171877172,0.9810184584132023,0.23304118992773926,0.23556196787656164
5059.964,-1.298782,-0.170056,21.49763,1.109359,0.294302,0.123035,0.00249,0.120545,0.171267,0.291812,394.296968,0.7038384286615129,0.1023650701975128,1452.0,0,0.9366758682673171,0.8812692362991251,0.9809630908105054,0.23483264034704743,0.23572869649279155
5060.964,-1.298546,-0.1723935,21.4963165,1.1088075,0.2950625,0.12335,0.002366,0.120984,0.1717125,0.2926965,394.4573355,0.7045689476948522,0.1014334083636202,1453.0,0,0.9395149900494318,0.8844786368942167,0.9835147736037817,0.2403811606215845,0.23682525299712492
5061.964,-1.29831,-0.174731,21.495003,1.108256,0.295823,0.123665,0.002242,0.121423,0.172158,0.293581,394.617703,0.7052956859647187,0.100506568297361,1454.0,0,0.9423541118315464,0.8876880374893082,0.9860664563970583,0.24430243537917296,0.23786812890572667
5062.964,-1.3000440000000002,-0.1754494999999999,21.4981465,1.110059,0.2955755,0.1237689999999999,0.002267,0.121502,0.1718064999999999,0.2933084999999999,394.6004095,0.7071984633965338,0.0980798757257644,1455.0,0,0.9414794247929636,0.8882655833822747,0.984053175809321,0.2398554981082917,0.23830357577071665
5063.964,-1.301778,-0.176168,21.50129,1.111862,0.295328,0.123873,0.002292,0.121581,0.1714549999999999,0.2930359999999999,394.583116,0.7091090425531916,0.0956432332843592,1456.0,0,0.940604737754381,0.888843129275241,0.9820398952215844,0.23633804204919007,0.23811875787235492
5064.964,-1.29926,-0.1826539999999999,21.500733,1.110284,0.2950515,0.123551,0.0021995,0.1213515,0.1715005,0.292852,393.953576,0.7075827325125436,0.0975898010624207,1457.0,0,0.9400141233870449,0.8871653219026362,0.9823005047997984,0.23826735433635154,0.23804081845085792
5065.964,-1.296742,-0.18914,21.500176,1.108706,0.294775,0.1232289999999999,0.002107,0.121122,0.171546,0.292668,393.324036,0.7060572321288042,0.0995353362507672,1458.0,0,0.9394235090197084,0.8854875145300313,0.9825611143780117,0.24162230097650983,0.23773505259175423
5066.964,-1.3002983333333331,-0.1816583333333333,21.499286333333337,1.108777,0.2946413333333333,0.1232663333333333,0.0021803333333333,0.121086,0.171375,0.2924609999999999,393.5470223333333,0.7065516758472595,0.0989047512550731,1459.0,0,0.9387590678564547,0.8852243290598188,0.9815816805785723,0.2400147479264909,0.23685864954981478
5067.964,-1.3038546666666668,-0.1741766666666666,21.498396666666665,1.108848,0.2945076666666666,0.1233036666666666,0.0022536666666666,0.1210499999999999,0.171204,0.292254,393.7700086666667,0.7070471072690633,0.0982729065995057,1460.0,0,0.9380946266932014,0.8849611435896055,0.9806022467791329,0.23253220905117095,0.23559011903211644
5068.964,-1.307411,-0.166695,21.497507,1.108919,0.294374,0.1233409999999999,0.002327,0.121014,0.171033,0.292047,393.992995,0.7075435293567359,0.0976397985058373,1461.0,0,0.9374301855299478,0.8846979581193938,0.9796228129796933,0.2322617957127695,0.23477383549035738
5069.964,-1.3055976666666669,-0.1750006666666666,21.496049,1.108571,0.2944773333333333,0.1234323333333333,0.0023133333333333,0.121119,0.171045,0.292164,393.82920566666667,0.7081077604854832,0.0969202106728618,1462.0,0,0.9378057392309171,0.8854655824075137,0.9796915451761453,0.23177498175601058,0.23396031830288622
5070.964,-1.3037843333333334,-0.1833063333333333,21.494591,1.108223,0.2945806666666666,0.1235236666666666,0.0022996666666666,0.121224,0.171057,0.292281,393.6654163333333,0.7086719124507478,0.0962007238004254,1463.0,0,0.9381812929318867,0.8862332066956334,0.9797602773725972,0.23161713020218988,0.23279246391032737
5071.964,-1.301971,-0.191612,21.493133,1.107875,0.294684,0.123615,0.002286,0.121329,0.171069,0.292398,393.501627,0.7092359852691881,0.095481337867283,1464.0,0,0.938556846632856,0.8870008309837534,0.9798290095690491,0.23161713020218988,0.23183700998079115
5072.964,-1.3117916666666667,-0.1910023333333333,21.494177,1.1081783333333333,0.294469,0.1235256666666666,0.002313,0.1212126666666666,0.1709433333333333,0.2921559999999999,393.58356,0.7090768339790927,0.0956843102417588,1465.0,0,0.9377800603453806,0.886150352010566,0.9791092307339834,0.23169266269070066,0.2312578619215635
5073.964,-1.3216123333333334,-0.1903926666666666,21.495221,1.1084816666666666,0.294254,0.1234363333333333,0.00234,0.1210963333333333,0.1708176666666666,0.291914,393.665493,0.7089174485224096,0.0958875812587923,1466.0,0,0.9370032740579058,0.8852998730373797,0.9783894518989174,0.22820287017447854,0.2316915428481384
5074.964,-1.331433,-0.189783,21.496265,1.108785,0.294039,0.123347,0.002367,0.12098,0.170692,0.291672,393.747426,0.7087578283819489,0.0960911515779776,1467.0,0,0.9362264877704306,0.8844493940641931,0.9776696730638522,0.22658881041076323,0.2321960015486233
5075.964,-1.326777,-0.1886605,21.4938915,1.108518,0.2946475,0.123619,0.0023305,0.1212885,0.1710285,0.292317,393.8630285,0.7091671319860025,0.0955691493727396,1468.0,0,0.9382968479168002,0.8867047473297642,0.979597038406024,0.23206776168114746,0.23286805451443532
5076.964,-1.322121,-0.187538,21.491518,1.108251,0.295256,0.123891,0.002294,0.121597,0.171365,0.292962,393.978631,0.7095748281456064,0.0950491972094246,1469.0,0,0.94036720806317,0.8889601005953355,0.9815244037481957,0.23422326733421456,0.23358841735981292
5077.964,-1.3153100000000002,-0.1881205,21.4933135,1.1084375,0.2949895,0.1236475,0.002323,0.1213245,0.171342,0.2926665,394.2406235,0.7080796997834753,0.0969559976734735,1470.0,0,0.9394186942286703,0.8869679327999768,0.9813926670383296,0.2368690183169198,0.23412669423508312
5078.964,-1.308499,-0.188703,21.495109,1.108624,0.294723,0.123404,0.002352,0.121052,0.171319,0.292371,394.502616,0.7065841699743172,0.0988633101199025,1471.0,0,0.9384701803941707,0.8849757650046182,0.9812609303284635,0.23730638271761822,0.23477335821163345
5079.964,-1.309651,-0.1804876666666666,21.494785,1.1095113333333333,0.2948773333333333,0.123507,0.0023466666666666,0.1211603333333333,0.1713703333333333,0.2925306666666666,394.54061566666667,0.7070046721155231,0.098327025946387,1472.0,0,0.9389826881513339,0.8857677583177574,0.981554951391063,0.23849551141413128,0.23527369770106535
5080.964,-1.310803,-0.1722723333333333,21.494461,1.1103986666666668,0.2950316666666667,0.12361,0.0023413333333333,0.1212686666666666,0.1714216666666666,0.2926903333333333,394.57861533333335,0.7074249224139942,0.0977910629585676,1473.0,0,0.9394951959084973,0.8865597516308966,0.9818489724536626,0.23882075865596541,0.23619522529157844
5081.964,-1.311955,-0.164057,21.494137,1.111286,0.295186,0.123713,0.002336,0.121377,0.171473,0.29285,394.616615,0.7078449210959096,0.0972554208679884,1474.0,0,0.9400077036656608,0.8873517449440367,0.9821429935162627,0.23699989895489193,0.23663050673341104
5082.964,-1.3022073333333333,-0.1689336666666666,21.493832,1.1092986666666669,0.294793,0.1233916666666666,0.002378,0.1210136666666666,0.1714013333333333,0.292415,394.472499,0.7060211160097003,0.0995813966656529,1475.0,0,0.9386114142646207,0.8846955212168913,0.9817325095652304,0.23815930245620376,0.23686821219284987
5083.964,-1.2924596666666668,-0.1738103333333333,21.493527,1.107311333333333,0.2944,0.1230703333333333,0.00242,0.1206503333333333,0.1713296666666666,0.29198,394.328383,0.704195785148407,0.1019093183488426,1476.0,0,0.9372151248635808,0.8820392974897467,0.9813220256141981,0.23320626506879777,0.23692846317803956
5084.964,-1.282712,-0.178687,21.493222,1.105324,0.294007,0.122749,0.002462,0.120287,0.171258,0.291545,394.184267,0.7023689265965584,0.1042391883604392,1477.0,0,0.9358188354625409,0.879383073762602,0.9809115416631663,0.2358040863158945,0.23733706605586152
5085.964,-1.3025575,-0.1684245,21.492531999999997,1.106818,0.2942895,0.1229225,0.002475,0.1204475,0.171367,0.2918145,393.8779155,0.7028587600952338,0.1036144829731039,1478.0,0,0.9366838929190471,0.8805564423172995,0.981535859114271,0.23642057609947342,0.23776887913753417
5086.964,-1.322403,-0.158162,21.491842,1.108312,0.294572,0.123096,0.002488,0.120608,0.171476,0.292084,393.571564,0.7033479708648974,0.1029905717784271,1479.0,0,0.9375489503755536,0.8817298108719971,0.9821601765653757,0.2366003219286023,0.23802211738441362
5087.964,-1.31815,-0.160977,21.491906,1.1082806666666667,0.2948446666666666,0.1232593333333333,0.0024466666666666,0.1208126666666666,0.1715853333333333,0.292398,393.7911976666667,0.7040925947870753,0.1020409213829742,1480.0,0,0.938556846632856,0.8832260690082047,0.9827864032441596,0.23747152816881673,0.23770062581035373
5088.964,-1.313897,-0.163792,21.49197,1.1082493333333332,0.2951173333333333,0.1234226666666666,0.0024053333333333,0.1210173333333333,0.1716946666666666,0.292712,394.0108313333334,0.7048362703776255,0.1010924804349731,1481.0,0,0.9395647428901586,0.8847223271444132,0.9834126299229432,0.24139241149583818,0.23712477276851668
5089.964,-1.309644,-0.166607,21.492034,1.108218,0.29539,0.123586,0.002364,0.121222,0.1718039999999999,0.293026,394.230465,0.7055789994470476,0.1001452466254171,1482.0,0,0.9405726391474609,0.8862185852806217,0.9840388566017269,0.2428136422308575,0.23688184988985417
5090.964,-1.3084060000000002,-0.173408,21.4940975,1.108293,0.2950015,0.123454,0.00242,0.121034,0.1715475,0.2925815,394.577802,0.7055380839820808,0.1001974278491577,1483.0,0,0.9391458560698465,0.8848441722695118,0.9825697059025682,0.24135314112475997,0.2364612278826069
5091.964,-1.307168,-0.180209,21.496161,1.108368,0.294613,0.123322,0.002476,0.120846,0.171291,0.292137,394.925139,0.7054970459799639,0.100249765349711,1484.0,0,0.937719072992232,0.883469759258402,0.9811005552034091,0.23378498321429297,0.23588245150289383
5092.964,-1.3043203333333333,-0.1662496666666666,21.494392,1.1075776666666666,0.2945856666666667,0.123384,0.0024743333333333,0.1209096666666666,0.1712016666666666,0.2921113333333333,394.735873,0.7062370523823616,0.0993060038726163,1485.0,0,0.9376366865678026,0.8839352076362773,0.980588882185378,0.2324007720378331,0.23540408640139693
5093.964,-1.3014726666666667,-0.1522903333333333,21.492623,1.1067873333333331,0.2945583333333333,0.123446,0.0024726666666666,0.1209733333333333,0.1711123333333333,0.2920856666666667,394.546607,0.7069778314567344,0.0983612569742573,1486.0,0,0.9375543001433737,0.8844006560141534,0.9800772091673474,0.2307770362821729,0.23486523553410912
5094.964,-1.298625,-0.138331,21.490854,1.105997,0.294531,0.123508,0.002471,0.121037,0.1710229999999999,0.29206,394.357341,0.7077193844138835,0.0974155231104483,1487.0,0,0.9374719137189444,0.8848661043920296,0.9795655361493163,0.23159786624342177,0.2340968712264663
5095.964,-1.307436,-0.1504525,21.4941635,1.1094659999999998,0.294358,0.12337,0.002311,0.121059,0.1709879999999999,0.2920469999999999,394.325474,0.7079929118247373,0.0970666820295375,1488.0,0,0.9374301855299475,0.8850269399571594,0.9793650672429982,0.23063281230234334,0.2333179970024201
5096.964,-1.316247,-0.162574,21.497473,1.112935,0.294185,0.123232,0.002151,0.121081,0.1709529999999999,0.2920339999999999,394.293607,0.7082665512360051,0.0967176981097596,1489.0,0,0.937388457340951,0.8851877755222892,0.9791645983366803,0.23181667091363278,0.23278032618247985
5097.964,-1.31128,-0.167184,21.4940035,1.1115445,0.2939739999999999,0.122923,0.0021625,0.1207604999999999,0.1710509999999999,0.2918115,393.905209,0.7059870682599446,0.0996248192015891,1490.0,0,0.936674263336971,0.8828446937666465,0.9797259112743707,0.23208301949593868,0.23321752266965348
5098.964,-1.306313,-0.171794,21.490534,1.110154,0.293763,0.122614,0.002174,0.12044,0.171149,0.291589,393.516811,0.7037101957347357,0.1025286110749909,1491.0,0,0.9359600693329908,0.8805016120110053,0.9802872242120617,0.23370876841941013,0.23391557453193074
5099.964,-1.3142595,-0.170688,21.491549,1.111071,0.293963,0.122679,0.002171,0.120508,0.171284,0.291792,393.7917145,0.703552558601162,0.1027296523815857,1492.0,0,0.9366116710534762,0.8809987401214067,0.9810604614221454,0.23502489999039533,0.23469168800243043
5100.964,-1.322206,-0.169582,21.492564,1.111988,0.294163,0.122744,0.002168,0.120576,0.171419,0.291995,394.066618,0.703395169758488,0.1029303770322899,1493.0,0,0.9372632727739615,0.8814958682318081,0.9818336986322292,0.23597643292535786,0.23538571847680526
5101.964,-1.3183085,-0.170773,21.491873,1.1098195,0.2943814999999999,0.122821,0.002237,0.120584,0.1715604999999999,0.2921445,394.111835,0.7028616560242248,0.1036107896723254,1494.0,0,0.9377431469474223,0.8815543538918553,0.9826441657820572,0.23815694808602916,0.23606959006345263
5102.964,-1.314411,-0.171964,21.491182,1.107651,0.2946,0.122898,0.002306,0.120592,0.1717019999999999,0.292294,394.157052,0.7023290216245496,0.1042900808597533,1495.0,0,0.9382230211208832,0.8816128395519026,0.9834546329318858,0.23938129066060548,0.23691775570914916
5103.964,-1.3172255000000002,-0.170937,21.490691499999997,1.1074895,0.294552,0.1228415,0.0022919999999999,0.1205495,0.1717105,0.2922599999999999,394.547955,0.7020467470146147,0.1046500776137751,1496.0,0,0.9381138858573533,0.8813021344829017,0.9835033182377064,0.23853817098717,0.2373333642240647
5104.964,-1.32004,-0.16991,21.490201,1.107328,0.294504,0.122785,0.002278,0.120507,0.1717189999999999,0.292226,394.938858,0.7017645003494061,0.105010038728705,1497.0,0,0.938004750593824,0.8809914294139007,0.983552003543526,0.23853817098717,0.23741698206385956
5105.964,-1.3134775,-0.174865,21.4908245,1.107328,0.294608,0.1230465,0.0022595,0.120787,0.1715614999999999,0.2923485,394.7974135,0.704040801457195,0.1021069756081175,1498.0,0,0.9383979585285998,0.8830384275155537,0.9826498934650949,0.23747152816881673,0.23737852146121768
5106.964,-1.306915,-0.17982,21.491448,1.107328,0.294712,0.123308,0.002241,0.121067,0.1714039999999999,0.292471,394.655969,0.7063212858434703,0.0991985773754681,1499.0,0,0.9387911664633753,0.8850854256172066,0.9817477833866638,0.24029832737059825,0.2374109155555931
5107.964,-1.311765,-0.175299,21.491556,1.108734,0.2946006666666666,0.1232406666666666,0.0022383333333333,0.1210023333333333,0.1713599999999999,0.2923623333333333,394.510989,0.7061252754905338,0.099448557672414,1500.0,0,0.9384423616015062,0.8846126665318246,0.9814957653330069,0.23623910464509368,0.23736544208502944
5108.964,-1.316615,-0.1707779999999999,21.491664,1.11014,0.2944893333333333,0.1231733333333333,0.0022356666666666,0.1209376666666666,0.1713159999999999,0.2922536666666666,394.366009,0.7059291644534207,0.0996986663761506,1501.0,0,0.9380935567396371,0.8841399074464427,0.98124374727935,0.2345449468173592,0.23768693865316542
5109.964,-1.321465,-0.166257,21.491772,1.111546,0.294378,0.123106,0.002233,0.120873,0.1712719999999999,0.292145,394.221029,0.7057329526545341,0.0999489035856405,1502.0,0,0.9377447518777684,0.8836671483610614,0.980991729225693,0.23464029396397623,0.2378166775930263
5110.964,-1.3198816666666666,-0.1687873333333333,21.490417333333333,1.1101616666666667,0.294573,0.123086,0.0022843333333333,0.1208016666666666,0.1714869999999999,0.2922886666666666,394.71988166666665,0.7044321857311688,0.1016078266827563,1503.0,0,0.9382059018638588,0.8831456512256398,0.9822231810787894,0.23630037386911207,0.23801699441419283
5111.964,-1.3182983333333331,-0.1713176666666666,21.48906266666667,1.1087773333333333,0.294768,0.123066,0.0023356666666666,0.1207303333333333,0.171702,0.2924323333333333,395.2187343333333,0.7031346763500542,0.1032625952984027,1504.0,0,0.9386670518499495,0.882624154090219,0.9834546329318863,0.23770221338039277,0.2380361013763422
5112.964,-1.316715,-0.173848,21.487708,1.107393,0.294963,0.123046,0.002387,0.120659,0.171917,0.292576,395.717587,0.7018404122895799,0.1049132250193162,1505.0,0,0.9391282018360402,0.8821026569547981,0.9846860847849827,0.24259625634196552,0.23777252841831348
5113.964,-1.3167186666666668,-0.1709346666666666,21.489822,1.1092743333333337,0.2949356666666666,0.1231103333333333,0.0024173333333333,0.120693,0.1718253333333333,0.2925183333333333,395.66607,0.7024127074041814,0.1041833528439669,1506.0,0,0.9389430998694656,0.8823512210099987,0.9841610471731973,0.23983556038577852,0.23780526756326664
5114.964,-1.316722333333333,-0.1680213333333333,21.491936000000003,1.1111556666666669,0.2949083333333333,0.1231746666666666,0.0024476666666666,0.120727,0.1717336666666666,0.2924606666666667,395.614553,0.7029856134657338,0.1034527015021198,1507.0,0,0.938757997902891,0.8825997850651995,0.9836360095614117,0.24054133919883514,0.2378659397261657
5115.964,-1.316726,-0.165108,21.49405,1.113037,0.294881,0.1232389999999999,0.002478,0.120761,0.171642,0.292403,395.563036,0.703559131453074,0.102721269745423,1508.0,0,0.9385728959363163,0.8828483491204002,0.9831109719496268,0.23766259779031074,0.23821179537672615
5116.964,-1.321194,-0.1635466666666666,21.493630333333336,1.1130976666666668,0.2947256666666666,0.1231543333333333,0.002444,0.1207103333333333,0.1715713333333333,0.2922816666666666,395.4713243333333,0.7035536032421699,0.102728320106706,1509.0,0,0.9381834328390145,0.8824779399401008,0.9827062156816322,0.23766259779031074,0.23843207251090046
5117.964,-1.325662,-0.1619853333333333,21.493210666666663,1.1131583333333332,0.2945703333333333,0.1230696666666666,0.00241,0.1206596666666666,0.1715006666666666,0.2921603333333333,395.3796126666667,0.7035480704755056,0.1027353762781426,1510.0,0,0.937793969741713,0.8821075307598015,0.9823014594136377,0.23656649609462577,0.23868551989591658
5118.964,-1.33013,-0.160424,21.492791,1.113219,0.294415,0.122985,0.002376,0.120609,0.1714299999999999,0.292039,395.287901,0.7035425331474472,0.1027424382669182,1511.0,0,0.9374045066444114,0.8817371215795029,0.9818967031456428,0.23515166844635016,0.23823577930867806
5119.964,-1.3276106666666667,-0.163861,21.49156,1.1140476666666663,0.2943776666666666,0.1228146666666666,0.0023233333333333,0.1204913333333333,0.1715629999999999,0.2920543333333333,395.278048,0.7023112851958065,0.1043127008778161,1512.0,0,0.9374537245083562,0.8808768949963081,0.9826584849896515,0.23809885046958001,0.23757284977698
5120.964,-1.3250913333333334,-0.167298,21.490329,1.1148763333333334,0.2943403333333333,0.1226443333333333,0.0022706666666666,0.1203736666666666,0.171696,0.2920696666666666,395.268195,0.7010819447437443,0.1058805307737893,1513.0,0,0.9375029423723008,0.8800166684131132,0.9834202668336604,0.2385031452108552,0.23659641948531376
5121.964,-1.322572,-0.170735,21.489098,1.115705,0.294303,0.122474,0.002218,0.120256,0.1718289999999999,0.292085,395.258342,0.6998545073619276,0.1074459336037532,1514.0,0,0.9375521602362455,0.879156441829919,0.9841820486776683,0.24023668723055425,0.23646614312070077
5122.964,-1.325204,-0.17026,21.489669,1.1154866666666667,0.294383,0.1228063333333333,0.0022993333333333,0.120507,0.1715766666666666,0.2920836666666666,395.1890686666667,0.702346653507741,0.104267594173056,1515.0,0,0.9375478804219892,0.8809914294139007,0.9827367633244996,0.23809885046958001,0.23651028007801234
5123.964,-1.327836,-0.169785,21.49024,1.1152683333333333,0.294463,0.1231386666666666,0.0023806666666666,0.120758,0.1713243333333333,0.2920823333333333,395.11979533333334,0.7048461406758294,0.1010798924260287,1516.0,0,0.9375436006077333,0.8828264169978826,0.9812914779713309,0.23320626506879777,0.23695147307294623
5124.964,-1.330468,-0.16931,21.490811,1.11505,0.294543,0.123471,0.002462,0.121009,0.171072,0.292081,395.050522,0.7073530013503008,0.0978827869343138,1517.0,0,0.9375393207934773,0.8846614045818643,0.9798461926181621,0.2307770362821729,0.2376901870414611
5125.964,-1.3289316666666666,-0.1660536666666666,21.488391,1.111958,0.2943526666666666,0.1229546666666666,0.0024166666666666,0.120538,0.171398,0.291936,395.1770093333334,0.7032596456222032,0.1031032166977681,1518.0,0,0.9370738909931307,0.8812180613465838,0.9817134172884384,0.2363598341441811,0.23763692205226353
5126.964,-1.3273953333333333,-0.1627973333333333,21.485971,1.108866,0.2941623333333333,0.1224383333333333,0.0023713333333333,0.120067,0.171724,0.291791,395.30349666666666,0.6991818314165087,0.1083038257000886,1519.0,0,0.9366084611927842,0.8777747181113033,0.9835806419587148,0.2381039673634262,0.2374706934097491
5127.964,-1.325859,-0.159541,21.483551,1.105774,0.293972,0.1219219999999999,0.002326,0.119596,0.17205,0.291646,395.429984,0.6951194703895937,0.1134847266096366,1520.0,0,0.9361430313924375,0.8743313748760227,0.9854478666289913,0.2409784260439649,0.23730904003754522
5128.964,-1.3278423333333331,-0.163464,21.486147,1.108326666666667,0.293971,0.1221293333333333,0.0023283333333333,0.1198009999999999,0.1718416666666667,0.2916426666666666,395.21781766666663,0.6971551496717927,0.1108885386847288,1521.0,0,0.9361323318567971,0.8758300699147322,0.9842545993294793,0.2425388081314988,0.23762081161311638
5129.964,-1.3298256666666666,-0.1673869999999999,21.488743,1.110879333333333,0.29397,0.1223366666666666,0.0023306666666666,0.120006,0.1716333333333333,0.2916393333333333,395.00565133333333,0.6991957708539277,0.1082860481457245,1522.0,0,0.9361216323211571,0.8773287649534431,0.983061332029967,0.2375662005776043,0.23873747627640332
5130.964,-1.331809,-0.17131,21.491339,1.113432,0.293969,0.122544,0.002333,0.120211,0.171425,0.291636,394.793485,0.7012413519536127,0.1056772320139982,1523.0,0,0.936110932785517,0.8788274599921534,0.9818680647304552,0.23684085878571082,0.2401101586632476
5131.964,-1.3296186666666667,-0.1733549999999999,21.490461,1.1133706666666667,0.2941603333333333,0.1224713333333333,0.002342,0.1201293333333333,0.171689,0.2918183333333333,395.0200053333333,0.6996874211272255,0.1076590257488395,1524.0,0,0.9366961973850332,0.878230418879171,0.9833801730523969,0.23862015350851523,0.24086814088022795
5132.964,-1.3274283333333332,-0.1754,21.489583,1.1133093333333333,0.2943516666666667,0.1223986666666666,0.002351,0.1200476666666666,0.171953,0.2920006666666667,395.2465256666667,0.6981382617831899,0.1096347342103407,1525.0,0,0.9372814619845499,0.8776333777661885,0.9848922813743384,0.24121656622529197,0.24102395017203385
5133.964,-1.325238,-0.177445,21.488705,1.113248,0.294543,0.122326,0.00236,0.119966,0.172217,0.292183,395.473046,0.6965938519783066,0.1116043853835924,1526.0,0,0.9378667265840662,0.877036336653207,0.9864043896962801,0.24437291170166686,0.24060084956738725
5134.964,-1.3258155,-0.1713805,21.4872875,1.111305,0.2945315,0.122346,0.0023855,0.1199605,0.1721855,0.292146,395.570171,0.6966893455642574,0.1114825983727799,1527.0,0,0.9377479617384605,0.8769961277619245,0.9862239676805937,0.24450386015061576,0.24009468510357063
5135.964,-1.326393,-0.165316,21.48587,1.109362,0.29452,0.122366,0.002411,0.119955,0.172154,0.292109,395.667296,0.6967848740960182,0.1113607667940975,1528.0,0,0.9376291968928547,0.8769559188706422,0.9860435456649076,0.24393965631398462,0.24016498589384527
5136.964,-1.3366215,-0.1613065,21.486922999999997,1.1121525,0.2943185,0.1225435,0.002316,0.1202275,0.171775,0.2920025,395.61819,0.6999086019001489,0.1073769445502407,1529.0,0,0.9372873467291518,0.8789480866660008,0.9838727537936355,0.2396620602814853,0.24029306785304105
5137.964,-1.34685,-0.157297,21.487976,1.114943,0.294117,0.122721,0.002221,0.1205,0.171396,0.291896,395.569084,0.703046144331581,0.103375503927644,1530.0,0,0.9369454965654489,0.8809402544613594,0.9817019619223631,0.23674741999749882,0.24067659657330842
5138.964,-1.328884,-0.1666885,21.4884325,1.1141875,0.294019,0.122622,0.0023415,0.1202805,0.171397,0.2916775,395.2669365,0.7017613974492117,0.1050139959886168,1531.0,0,0.9362441420042368,0.8793355541638136,0.9817076896054008,0.23747716349333248,0.24072913484178565
5139.964,-1.310918,-0.17608,21.488889,1.113432,0.293921,0.122523,0.002462,0.120061,0.171398,0.2914589999999999,394.964789,0.7004766655581421,0.1066524689305509,1532.0,0,0.9355427874430245,0.8777308538662678,0.9817134172884384,0.23826920848035077,0.24052682493975075
5140.964,-1.3241420000000002,-0.1736845,21.4914155,1.1142195,0.2944409999999999,0.1227385,0.0024015,0.120337,0.1717024999999999,0.2920395,395.2252825,0.7008418582032401,0.1061867232977494,1533.0,0,0.9374061115747576,0.8797486091378972,0.9834574967734045,0.23812167837766884,0.24004264495283767
5141.964,-1.337366,-0.171289,21.493942,1.115007,0.294961,0.122954,0.002341,0.120613,0.1720069999999999,0.29262,395.485776,0.701205757871727,0.1057226266527302,1534.0,0,0.9392694357064902,0.8817663644095265,0.9852015762583715,0.24245544071118885,0.23951157473825324
5142.964,-1.336741,-0.1649873333333333,21.492210333333333,1.1137213333333331,0.2947639999999999,0.122822,0.0023526666666666,0.1204693333333333,0.1719419999999999,0.2924113333333333,395.499636,0.7006352880508852,0.1064501709537136,1535.0,0,0.9385996447754166,0.8807160594311781,0.9848292768609236,0.241741948910064,0.2393575365478716
5143.964,-1.336116,-0.1586856666666666,21.490478666666668,1.1124356666666668,0.294567,0.12269,0.0023643333333333,0.1203256666666666,0.171877,0.2922026666666666,395.513496,0.7000643867549462,0.1071782655331455,1536.0,0,0.9379298538443429,0.8796657544528298,0.9844569774634765,0.24234981268131794,0.23951404002913518
5144.964,-1.335491,-0.152384,21.488747,1.11115,0.29437,0.122558,0.002376,0.120182,0.171812,0.291994,395.527356,0.6994930534942058,0.1079069110155667,1537.0,0,0.9372600629132694,0.8786154494744821,0.9840846780660286,0.2396620602814853,0.2395496335182829
5145.964,-1.337268,-0.1511963333333333,21.486650666666662,1.110598,0.2943603333333333,0.122613,0.0023466666666666,0.1202663333333333,0.1717473333333333,0.2920136666666666,395.5823843333333,0.7002474550941785,0.106944790733896,1538.0,0,0.9373231901735462,0.8792319858074797,0.98371428789626,0.23862895416814012,0.2394889724492789
5146.964,-1.339045,-0.1500086666666666,21.484554333333335,1.110046,0.2943506666666667,0.122668,0.0023173333333333,0.1203506666666666,0.1716826666666666,0.2920333333333333,395.63741266666665,0.7010024250025724,0.1059819456644489,1539.0,0,0.9373863174338232,0.8798485221404774,0.9833438977264912,0.23812167837766884,0.23971181349392529
5147.964,-1.340822,-0.148821,21.482458,1.109494,0.294341,0.122723,0.002288,0.120435,0.171618,0.292053,395.692441,0.7017579638618101,0.1050183749879165,1540.0,0,0.9374494446941002,0.8804650584734757,0.9829735075567231,0.2383124548101344,0.23914787368302676
5148.964,-1.3367676666666666,-0.153065,21.484135,1.110164666666667,0.2944786666666666,0.1228623333333333,0.0022873333333333,0.120575,0.1716163333333333,0.2921913333333333,395.63114866666666,0.7025805474194526,0.1039692993706256,1541.0,0,0.9378934754231664,0.8814885575243022,0.9829639614183268,0.23783309838480982,0.23878356383897836
5149.964,-1.3327133333333334,-0.157309,21.485812,1.1108353333333334,0.2946163333333333,0.1230016666666666,0.0022866666666666,0.120715,0.1716146666666667,0.2923296666666666,395.5698563333333,0.7034031469543377,0.1029202033768813,1542.0,0,0.9383375061522327,0.8825120565751287,0.9829544152799311,0.23766259779031074,0.23839889709193213
5150.964,-1.328659,-0.161553,21.487489,1.111506,0.294754,0.123141,0.002286,0.120855,0.171613,0.292468,395.508564,0.7042257624669316,0.1018710870060888,1543.0,0,0.9387815368812993,0.8835355556259552,0.9829448691415348,0.2403500888241331,0.23826393654479702
5151.964,-1.3259316666666667,-0.167941,21.488407666666667,1.1117103333333334,0.294543,0.122942,0.002276,0.120666,0.171601,0.292267,395.263394,0.7031736226850502,0.1032129253894341,1544.0,0,0.938136354882198,0.8821538319073393,0.9828761369450829,0.23681604260220362,0.23833917019404355
5152.964,-1.3232043333333332,-0.1743289999999999,21.489326333333334,1.1119146666666668,0.294332,0.122743,0.002266,0.120477,0.171589,0.292066,395.018224,0.702121335742176,0.1045549514534206,1545.0,0,0.9374911728830967,0.8807721081887236,0.982807404748631,0.23809885046958001,0.2385927116572451
5153.964,-1.320477,-0.180717,21.490245,1.112119,0.294121,0.122544,0.002256,0.120288,0.171577,0.291865,394.773054,0.7010689016074321,0.1058971652374265,1546.0,0,0.9368459908839954,0.879390384470108,0.9827386725521792,0.2385031452108552,0.23970003205918106
5154.964,-1.323175,-0.1743289999999999,21.486701333333336,1.1105146666666668,0.294348,0.1226946666666666,0.0022576666666666,0.120437,0.1716533333333333,0.2920903333333333,394.88149466666664,0.7016251653031382,0.1051877386089368,1547.0,0,0.9375692794932697,0.8804796798884875,0.9831758856907201,0.2383124548101344,0.24162240903764207
5155.964,-1.325873,-0.167941,21.483157666666667,1.1089103333333332,0.294575,0.1228453333333333,0.0022593333333333,0.120586,0.1717296666666667,0.2923156666666667,394.98993533333334,0.7021809344865602,0.1044789426528876,1548.0,0,0.9382925681025444,0.8815689753068671,0.9836130988292617,0.23938129066060548,0.2427343302625306
5156.964,-1.328571,-0.161553,21.479614,1.107306,0.294802,0.122996,0.002261,0.120735,0.171806,0.292541,395.098376,0.7027362098168293,0.1037707765286606,1549.0,0,0.9390158567118185,0.8826582707252467,0.9840503119678027,0.24065709300968408,0.24439415486540067
5157.964,-1.332888,-0.160955,21.481480666666663,1.108575,0.295065,0.122206,0.0023283333333333,0.1198776666666666,0.172859,0.2927366666666666,394.34714966666667,0.6934956997955954,0.1155555899552637,1550.0,0,0.9396439194538954,0.8763905574901851,0.9900815622064563,0.2493856588294942,0.24534123093210808
5158.964,-1.337205,-0.160357,21.483347333333334,1.109844,0.295328,0.121416,0.0023956666666666,0.1190203333333333,0.1739119999999999,0.2929323333333333,393.5959233333333,0.6843670877584388,0.1271976951479996,1551.0,0,0.9402719821959724,0.8701228442551241,0.9961128124451091,0.25705686816941986,0.2455318384910079
5159.964,-1.341522,-0.159759,21.485214,1.111113,0.295591,0.120626,0.002463,0.118163,0.1749649999999999,0.293128,392.844697,0.6753483533943739,0.1386996686949539,1552.0,0,0.9409000449380496,0.8638551310200632,1.0021440626837625,0.24878181003919642,0.24593011504183265
5160.964,-1.339392666666667,-0.1671096666666666,21.485724333333337,1.1103543333333334,0.295256,0.121361,0.0024,0.118961,0.173895,0.292856,393.39999666666665,0.6840927910935272,0.1275475172911599,1553.0,0,0.9400269628298131,0.869689075609774,0.9960154418334695,0.2569483348528335,0.24638447651407375
5161.964,-1.3372633333333337,-0.1744603333333333,21.486234666666665,1.1095956666666666,0.294921,0.122096,0.002337,0.119759,0.172825,0.292584,393.95529633333337,0.6929455058845312,0.1162572755305669,1554.0,0,0.9391538807215766,0.875523020199485,0.9898868209831759,0.24628680326927765,0.24694000116720166
5162.964,-1.335134,-0.181811,21.486745,1.108837,0.294586,0.122831,0.002274,0.120557,0.171755,0.292312,394.510596,0.7019085213908102,0.104826362600596,1555.0,0,0.9382807986133401,0.8813569647891959,0.9837582001328822,0.24000492605857787,0.24745142409850387
5163.964,-1.3370883333333334,-0.1741396666666666,21.486147,1.108487,0.2946123333333333,0.1227246666666666,0.002285,0.1204396666666666,0.1718876666666667,0.2923273333333333,394.8573963333333,0.7006841637804313,0.1063878376677298,1556.0,0,0.9383300164772845,0.8804991751085027,0.9845180727492115,0.24248591071910341,0.2469126579322814
5164.964,-1.3390426666666666,-0.1664683333333333,21.485549,1.108137,0.2946386666666666,0.1226183333333333,0.002296,0.1203223333333333,0.1720203333333333,0.2923426666666667,395.2041966666667,0.6994616946735289,0.1079469042464712,1557.0,0,0.9383792343412296,0.8796413854278103,0.9852779453655405,0.24285606953254485,0.24596053805659865
5165.964,-1.340997,-0.158797,21.484951,1.107787,0.294665,0.122512,0.002307,0.120205,0.172153,0.292358,395.550997,0.6982411097041021,0.1095035679049659,1558.0,0,0.9384284522051742,0.878783595747118,0.98603781798187,0.24493653719188468,0.2456786080769316
5166.964,-1.3394825,-0.1622374999999999,21.483057,1.1073985,0.294649,0.1223685,0.002306,0.1200625,0.1722805,0.292343,395.871306,0.6968972292439989,0.11121747551976,1559.0,0,0.9383803042947936,0.8777418199275268,0.9867680975691713,0.24577132232270638,0.24443216189644296
5167.964,-1.337968,-0.165678,21.481163,1.10701,0.294633,0.122225,0.002305,0.11992,0.1724079999999999,0.292328,396.191615,0.6955553364383531,0.1129288481947203,1560.0,0,0.9383321563844127,0.8767000441079355,0.987498377156472,0.24399799716726928,0.24406888363276152
5168.964,-1.342814333333333,-0.1600656666666666,21.481470333333338,1.108258,0.2947973333333333,0.122501,0.0023543333333333,0.1201466666666666,0.1722963333333333,0.292443,396.1289566666667,0.6973216842203015,0.1106761501283882,1561.0,0,0.9387012903639981,0.878357137809273,0.986858785883934,0.24753566941259275,0.24404787839812583
5169.964,-1.3476606666666666,-0.1544533333333333,21.481777666666662,1.109506,0.2949616666666667,0.122777,0.0024036666666666,0.1203733333333333,0.1721846666666666,0.292558,396.06629833333335,0.6990903230427619,0.1084205302011497,1562.0,0,0.9390704243435833,0.8800142315106114,0.9862191946113954,0.24596251024252552,0.2437329072069086
5170.964,-1.352507,-0.148841,21.482085,1.110754,0.295126,0.123053,0.002453,0.1206,0.172073,0.292673,396.00364,0.7008612573660169,0.1061619827246175,1563.0,0,0.9394395583231687,0.8816713252119498,0.9855796033388574,0.24448387304794666,0.24346366326324081
5171.964,-1.3488453333333332,-0.153866,21.481786333333336,1.1101443333333334,0.2947476666666667,0.122803,0.0024346666666666,0.1203683333333333,0.1719446666666666,0.292313,395.7479856666667,0.7000370272004527,0.1072131583306643,1564.0,0,0.938284008474032,0.8799776779730819,0.9848445506823577,0.24265402063246383,0.2430437668714139
5172.964,-1.3451836666666668,-0.158891,21.481487666666663,1.1095346666666666,0.2943693333333333,0.122553,0.0024163333333333,0.1201366666666666,0.1718163333333333,0.291953,395.4923313333333,0.6992115657714006,0.108265904219136,1565.0,0,0.9371284586248956,0.878284030734214,0.9841094980258583,0.23979487371222052,0.24280591491648199
5173.964,-1.341522,-0.163916,21.481189,1.108925,0.293991,0.122303,0.002398,0.119905,0.171688,0.291593,395.236677,0.6983848703178421,0.1093202239112764,1566.0,0,0.935972908775759,0.8765903834953469,0.9833744453693593,0.2393361988069313,0.24284340636992172
5174.964,-1.340399,-0.1638576666666666,21.481816,1.1098876666666666,0.2940786666666666,0.12232,0.0023996666666666,0.1199203333333333,0.1717586666666666,0.291679,395.094185,0.6981868075353352,0.1095728217584985,1567.0,0,0.9362489567952751,0.8767024810104371,0.9837792016373532,0.24016363009586678,0.2428577615486836
5175.964,-1.339276,-0.1637993333333333,21.482443,1.1108503333333333,0.2941663333333333,0.122337,0.0024013333333333,0.1199356666666666,0.1718293333333333,0.291765,394.951693,0.6979889076627912,0.1098252118397518,1568.0,0,0.936525004814791,0.8768145785255275,0.984183957905348,0.24073757327361622,0.24319774831145113
5176.964,-1.338153,-0.163741,21.48307,1.111813,0.294254,0.122354,0.002403,0.119951,0.1719,0.291851,394.809201,0.6977911704992991,0.1100773944112663,1569.0,0,0.9368010528343069,0.8769266760406185,0.9845887141733426,0.24339280277338693,0.2434267592076706
5177.964,-1.3405303333333334,-0.1623263333333333,21.481918,1.11174,0.294527,0.122301,0.0023406666666666,0.1199603333333333,0.172226,0.2921863333333333,395.17014566666666,0.6965245480286676,0.1116927716430462,1570.0,0,0.9378774261197063,0.8769949093106733,0.9864559388436189,0.24437291170166686,0.24368568730763
5178.964,-1.3429076666666666,-0.1609116666666666,21.480766000000003,1.111667,0.2948,0.122248,0.0022783333333333,0.1199696666666666,0.1725519999999999,0.2925216666666667,395.53109033333334,0.6952627115533585,0.1133020450924802,1571.0,0,0.9389537994051057,0.8770631425807282,0.9883231635138947,0.24767922120021113,0.24392291539104796
5179.964,-1.345285,-0.159497,21.479614,1.111594,0.295073,0.122195,0.002216,0.119979,0.1728779999999999,0.292857,395.892035,0.6940056339983458,0.1149052492894945,1572.0,0,0.940030172690505,0.8771313758507838,0.990190388184171,0.24936237787020088,0.24396878288157692
5180.964,-1.3477203333333334,-0.1574843333333333,21.479818,1.112002333333333,0.2948453333333333,0.1222573333333333,0.0022773333333333,0.11998,0.172588,0.292568,395.66834366666666,0.695177560562956,0.1134106417535603,1573.0,0,0.9391025229505038,0.8771386865582896,0.988529360103251,0.2467739820101416,0.24382179483385297
5181.964,-1.3501556666666668,-0.1554716666666666,21.480022,1.1124106666666669,0.2946176666666666,0.1223196666666666,0.0023386666666666,0.119981,0.1722979999999999,0.2922789999999999,395.44465233333335,0.6963534321151023,0.1119110030080959,1574.0,0,0.9381748732105022,0.8771459972657956,0.9868683320223297,0.24524330163205776,0.24333716886921267
5182.964,-1.352591,-0.153459,21.480226,1.112819,0.29439,0.122382,0.0024,0.119982,0.172008,0.2919899999999999,395.220961,0.697533268608038,0.1104063076058731,1575.0,0,0.937247223470501,0.8771533079733015,0.9852073039414095,0.24216715454640036,0.24280777363883194
5183.964,-1.352839,-0.1586073333333333,21.481349,1.114336,0.2943713333333333,0.122587,0.0024173333333333,0.1201696666666666,0.1717843333333333,0.291954,395.26287033333335,0.6995339144203232,0.1078547993475282,1576.0,0,0.9371316684855876,0.8785252840819089,0.9839262121686533,0.23979487371222052,0.24230232262648393
5184.964,-1.353087,-0.1637556666666666,21.482472,1.115853,0.2943526666666666,0.122792,0.0024346666666666,0.1203573333333333,0.1715606666666666,0.2919179999999999,395.30477966666666,0.701539776756657,0.1052966382353359,1577.0,0,0.9370161135006736,0.879897260190517,0.9826451203958971,0.23869374961862755,0.24171614479207162
5185.964,-1.353335,-0.168904,21.483595,1.11737,0.294334,0.122997,0.002452,0.120545,0.171337,0.291882,395.346689,0.7035508760461777,0.1027317982151515,1578.0,0,0.9369005585157603,0.8812692362991251,0.9813640286231413,0.2358913136272126,0.24111601880187933
5186.964,-1.3501703333333333,-0.16466,21.482603333333333,1.117895,0.294462,0.1229203333333333,0.002465,0.1204553333333333,0.1715416666666666,0.2919969999999999,395.492324,0.702188765477199,0.1044689554591707,1579.0,0,0.9372696924953452,0.8806137095260955,0.9825362944181815,0.23809885046958001,0.24093832346420502
5187.964,-1.3470056666666668,-0.160416,21.481611666666662,1.11842,0.2945899999999999,0.1228436666666666,0.002478,0.1203656666666666,0.1717463333333333,0.292112,395.637959,0.700829901289103,0.106201972456285,1580.0,0,0.9376388264749308,0.8799581827530659,0.9837085602132224,0.23931840157818707,0.24079105516722749
5188.964,-1.343841,-0.156172,21.48062,1.118945,0.294718,0.1227669999999999,0.002491,0.120276,0.171951,0.2922269999999999,395.783594,0.6994742718898297,0.1079308639903392,1581.0,0,0.9380079604545158,0.879302655980037,0.9848808260082631,0.24181744285608786,0.24117059073684
5189.964,-1.3486536666666666,-0.1581846666666666,21.481043,1.119193,0.2947773333333333,0.1228129999999999,0.002432,0.120381,0.1719643333333333,0.2923453333333333,395.72282566666667,0.7000306263277869,0.1072213216344171,1582.0,0,0.9383877939697415,0.8800702802681569,0.9849571951154317,0.24336111796827797,0.24239356682632002
5190.964,-1.3534663333333334,-0.1601973333333333,21.481466,1.119441,0.2948366666666666,0.122859,0.002373,0.120486,0.1719776666666666,0.2924636666666667,395.66205733333334,0.7005868944985425,0.1065118892987074,1583.0,0,0.9387676274849671,0.8808379045562768,0.9850335642226004,0.24499702863339873,0.2435113796092619
5191.964,-1.358279,-0.16221,21.481889,1.119689,0.294896,0.122905,0.002314,0.120591,0.171991,0.292582,395.601289,0.7011430764221591,0.1058025669576235,1584.0,0,0.9391474610001925,0.8816055288443967,0.9851099333297695,0.24377061866228195,0.24440129528041138
5192.964,-1.3579726666666667,-0.162166,21.481845333333332,1.1204766666666666,0.2949793333333333,0.1227206666666666,0.0023296666666666,0.120391,0.1722586666666666,0.2926496666666667,395.77206966666665,0.6988925633588053,0.1086727414939654,1585.0,0,0.9393646615736877,0.880143387343216,0.986643043156182,0.24596251024252552,0.24435915068809466
5193.964,-1.3576663333333332,-0.162122,21.481801666666662,1.1212643333333334,0.2950626666666667,0.1225363333333333,0.0023453333333333,0.120191,0.1725263333333333,0.2927173333333333,395.94285033333335,0.6966490333898782,0.1115340101945072,1586.0,0,0.9395818621471825,0.8786812458420353,0.9881761529825953,0.2520246346070208,0.24466101834461904
5194.964,-1.35736,-0.162078,21.481758,1.122052,0.295146,0.122352,0.002361,0.119991,0.172794,0.292785,396.113631,0.6944124540640644,0.1143864144457819,1587.0,0,0.9397990627206778,0.8772191043408546,0.9897092628090085,0.24987187744804623,0.2455445282300009
5195.964,-1.345361,-0.1632374999999999,21.481353,1.120236,0.29461,0.1224639999999999,0.0023575,0.1201065,0.172146,0.2922525,395.9564705,0.6976973168280595,0.1101970899694572,1588.0,0,0.9380898119021635,0.8780634910577865,0.9859977242006063,0.24479047033870754,0.24606849928643232
5196.964,-1.333362,-0.164397,21.480948,1.11842,0.294074,0.1225759999999999,0.002354,0.120222,0.171498,0.29172,395.79931,0.7010070029562854,0.1059761072063704,1589.0,0,0.9363805610836488,0.8789078777747182,0.9822861855922043,0.23767740454641317,0.2463424066299121
5197.964,-1.3551505,-0.1567839999999999,21.4808495,1.12075,0.2947115,0.1227115,0.0023355,0.120376,0.172,0.2923759999999999,396.025621,0.6998563961837431,0.1074435247093695,1590.0,0,0.9384862296976307,0.8800337267306274,0.9851614824771082,0.24233707814343036,0.2463771621893088
5198.964,-1.376939,-0.149171,21.480751,1.12308,0.295349,0.122847,0.002317,0.12053,0.172502,0.2930319999999999,396.251932,0.698712486159661,0.1089024015656957,1591.0,0,0.9405918983116128,0.8811595756865366,0.9880367793620124,0.2506525417099066,0.2462095521732141
5199.964,-1.370377,-0.1560736666666666,21.479290333333335,1.1220666666666668,0.2951376666666666,0.1227449999999999,0.0023246666666666,0.1204203333333333,0.1723926666666666,0.292813,395.9955736666667,0.698519473839913,0.1091485583440596,1592.0,0,0.9398889388200551,0.8803578347633888,0.9874105526832282,0.2486008285325924,0.24530267229611705
5200.964,-1.363815,-0.1629763333333333,21.477829666666665,1.1210533333333332,0.2949263333333333,0.122643,0.0023323333333333,0.1203106666666666,0.1722833333333333,0.2925939999999999,395.73921533333333,0.6983262165451298,0.1093950275494515,1593.0,0,0.9391859793284968,0.8795560938402411,0.9867843260044444,0.24773610206819646,0.24448182736658652
5201.964,-1.357253,-0.169879,21.476369,1.12004,0.294715,0.122541,0.00234,0.120201,0.172174,0.292375,395.482857,0.698132713808625,0.1096418097770566,1594.0,0,0.9384830198369389,0.8787543529170944,0.9861580993256607,0.24411817425624915,0.24425798091888154
5202.964,-1.3595636666666666,-0.1650766666666666,21.476707,1.119675,0.294604,0.1225133333333333,0.002312,0.1202013333333333,0.1720906666666666,0.292292,395.37512733333335,0.6984727131858023,0.1092081941848448,1595.0,0,0.9382166013994991,0.878756789819596,0.9856807924058555,0.24428641008157842,0.244682849682866
5203.964,-1.3618743333333334,-0.1602743333333333,21.477045,1.11931,0.294493,0.1224856666666666,0.002284,0.1202016666666666,0.1720073333333333,0.292209,395.2673976666667,0.6988130420037788,0.1087741584428421,1596.0,0,0.9379501829620593,0.8787592267220977,0.9852034854860509,0.24295583583604996,0.24480599237501507
5204.964,-1.364185,-0.155472,21.477383,1.118945,0.294382,0.122458,0.002256,0.120202,0.1719239999999999,0.292126,395.159668,0.6991537007416025,0.1083397019400982,1597.0,0,0.9376837645246195,0.8787616636246003,0.9847261785662459,0.2416634281527414,0.24404838018039476
5205.964,-1.3599703333333333,-0.1575573333333333,21.477776666666667,1.1201266666666667,0.2943573333333333,0.1224096666666666,0.0022853333333333,0.1201243333333333,0.1719476666666666,0.292072,395.05960933333336,0.6986057854475949,0.1090384814986534,1598.0,0,0.937510432047249,0.8781938653416416,0.9848617337314706,0.24255200586165726,0.24342690451245366
5206.964,-1.3557556666666668,-0.1596426666666666,21.47817033333333,1.1213083333333334,0.2943326666666667,0.1223613333333333,0.0023146666666666,0.1200466666666666,0.1719713333333333,0.292018,394.95955066666664,0.6980580209607358,0.1097370687264709,1599.0,0,0.9373370995698785,0.8776260670586827,0.9849972888966954,0.2419260921862581,0.24314694802482245
5207.964,-1.351541,-0.161728,21.478564,1.12249,0.294308,0.122313,0.002344,0.119969,0.171995,0.291964,394.859492,0.6975104072187726,0.1104354637029442,1600.0,0,0.937163767092508,0.8770582687757248,0.9851328440619201,0.24356850506492095,0.24329724231441735
5208.964,-1.3508116666666667,-0.1616696666666666,21.476784666666667,1.1211916666666666,0.294444,0.122401,0.002337,0.120064,0.172043,0.292107,395.013509,0.6978679872590734,0.1099794267471551,1601.0,0,0.9376227771714707,0.8777527859887856,0.9854077728477276,0.24307641976370326,0.24324097591302468
5209.964,-1.3500823333333334,-0.1616113333333333,21.475005333333332,1.1198933333333334,0.29458,0.122489,0.00233,0.120159,0.172091,0.2922499999999999,395.167526,0.6982253678265115,0.1095236441875482,1602.0,0,0.9380817872504329,0.8784473032018464,0.9856827016335351,0.24238607185318167,0.2434340469313403
5210.964,-1.349353,-0.161553,21.473226,1.118595,0.294716,0.122577,0.002323,0.120254,0.172139,0.2923929999999999,395.321543,0.6985825490879517,0.1090681158113135,1603.0,0,0.9385407973293954,0.8791418204149072,0.9859576304193427,0.24493653719188468,0.2438448363483368
5211.964,-1.349003,-0.1623843333333333,21.474422,1.1197326666666667,0.2947083333333333,0.1224523333333333,0.002337,0.1201153333333333,0.172256,0.2923713333333333,395.47136933333337,0.6973030607367675,0.1106999014449603,1604.0,0,0.9384712503477347,0.8781280689740883,0.9866277693347486,0.24562111715219775,0.24418572191239002
5212.964,-1.348653,-0.1632156666666666,21.475618,1.1208703333333332,0.2947006666666666,0.1223276666666666,0.002351,0.1199766666666666,0.1723729999999999,0.2923496666666666,395.62119566666667,0.696025309308055,0.112329471907884,1605.0,0,0.9384017033660736,0.8771143175332695,0.987297908250154,0.2437237460676519,0.24452667115851448
5213.964,-1.348303,-0.164047,21.476814,1.122008,0.294693,0.122203,0.002365,0.119838,0.1724899999999999,0.292328,395.771022,0.6947492912673706,0.1139568317077098,1606.0,0,0.9383321563844127,0.8761005660924513,0.98796804716556,0.2448865460192059,0.24451280091030667
5214.964,-1.3477196666666666,-0.1582276666666666,21.475180666666667,1.1230289999999998,0.2947713333333333,0.1224023333333333,0.0023573333333333,0.120045,0.172369,0.292414,395.88365333333337,0.6964378952253872,0.1118032836296362,1607.0,0,0.9386082044039288,0.8776138825461733,0.987274997518004,0.24577132232270638,0.24432526147764233
5215.964,-1.3471363333333335,-0.1524083333333333,21.473547333333336,1.12405,0.2948496666666667,0.1226016666666666,0.0023496666666666,0.120252,0.172248,0.2925,395.99628466666667,0.6981288715754518,0.1096467099395999,1608.0,0,0.9388842524234446,0.8791271989998953,0.9865819478704475,0.24596086150218965,0.24434185487848992
5216.964,-1.346553,-0.146589,21.471914,1.125071,0.294928,0.122801,0.002342,0.120459,0.172127,0.292586,396.108916,0.6998222253206914,0.1074871042569015,1609.0,0,0.9391603004429607,0.8806405154536173,0.9858888982228908,0.24533558464750255,0.24416736214240378
5217.964,-1.3404133333333337,-0.151154,21.473853666666667,1.1240063333333332,0.2947483333333333,0.1226846666666666,0.0023356666666666,0.120349,0.1720636666666667,0.2924126666666666,395.87474733333335,0.6994405204244916,0.107973908662221,1610.0,0,0.9386039245896725,0.879836337627968,0.9855261449638394,0.2434298025828433,0.2438974956123185
5218.964,-1.3342736666666666,-0.155719,21.475793333333336,1.1229416666666667,0.2945686666666667,0.1225683333333333,0.0023293333333333,0.120239,0.1720003333333333,0.2922393333333333,395.6405786666666,0.6990585344299655,0.1084610715641303,1611.0,0,0.9380475487363846,0.8790321598023186,0.9851633917047874,0.24120102543705968,0.24365398984691922
5219.964,-1.328134,-0.160284,21.477733,1.121877,0.294389,0.122452,0.002323,0.120129,0.171937,0.292066,395.40641,0.6986762670264862,0.1089485933587848,1612.0,0,0.9374911728830967,0.8782279819766693,0.984800638445736,0.24255200586165726,0.24322409962583008
5220.964,-1.3348276666666663,-0.154569,21.476692,1.1218486666666667,0.294311,0.12232,0.002332,0.119988,0.171991,0.291979,395.55804133333334,0.6976370993999722,0.1102738878034953,1613.0,0,0.9372119150028887,0.8771971722183369,0.9851099333297695,0.24319160983102317,0.24288850119275107
5221.964,-1.3415213333333331,-0.148854,21.475651,1.1218203333333332,0.294233,0.122188,0.002341,0.119847,0.172045,0.291892,395.7096726666667,0.6965985840996013,0.1115983503090736,1614.0,0,0.9369326571226807,0.8761663624600045,0.9854192282138029,0.24292245185134503,0.2427428010575937
5222.964,-1.348215,-0.143139,21.47461,1.121792,0.294155,0.122056,0.00235,0.119706,0.172099,0.291805,395.861304,0.6955607205113307,0.1129219816586342,1615.0,0,0.9366533992424727,0.8751355527016722,0.9857285230978364,0.2412886884136593,0.2425613075778768
5223.964,-1.344029666666667,-0.1499626666666666,21.474965333333333,1.1235706666666665,0.2942516666666667,0.1221166666666666,0.0023433333333333,0.1197733333333333,0.172135,0.2919083333333333,395.8788816666667,0.6958064166318105,0.1126086349999712,1616.0,0,0.9369850848473175,0.8756278070070694,0.9859347196871922,0.24058764380831477,0.24247282467360592
5224.964,-1.3398443333333332,-0.1567863333333333,21.475320666666665,1.125349333333333,0.2943483333333333,0.1221773333333333,0.0023366666666666,0.1198406666666666,0.172171,0.2920116666666666,395.8964593333333,0.6960520100054984,0.1122954193786395,1617.0,0,0.9373167704521621,0.8761200613124666,0.9861409162765478,0.24241533799191628,0.24269200240723862
5225.964,-1.335659,-0.16361,21.475676,1.127128,0.294445,0.122238,0.00233,0.119908,0.172207,0.292115,395.914037,0.6962975006968317,0.1119823347124595,1618.0,0,0.9376484560570071,0.8766123156178647,0.9863471128659035,0.24450386015061576,0.24253577710614774
5226.964,-1.3331943333333334,-0.164367,21.476137,1.126246,0.2943836666666666,0.1222756666666666,0.00235,0.1199256666666666,0.172108,0.2920336666666667,395.81188133333336,0.6968006708926708,0.1113406204709117,1619.0,0,0.9373873873873874,0.8767414714504684,0.9857800722451754,0.24352064985033317,0.2420786314738969
5227.964,-1.3307296666666666,-0.165124,21.476598,1.125364,0.2943223333333333,0.1223133333333333,0.00237,0.1199433333333333,0.172009,0.2919523333333333,395.70972566666666,0.6973044202856422,0.1106981675547533,1620.0,0,0.9371263187177674,0.876870627283073,0.9852130316244472,0.2425449735401346,0.24176262145332333
5228.964,-1.328265,-0.165881,21.477059,1.124482,0.294261,0.122351,0.00239,0.119961,0.17191,0.291871,395.60757,0.6978087498763895,0.1100549746878213,1621.0,0,0.9368652500481478,0.8769997831156775,0.9846459910037192,0.24339280277338693,0.2417554092344866
5229.964,-1.336556,-0.1591995,21.4758865,1.12598,0.2941725,0.122399,0.0023695,0.1200295,0.1717735,0.291803,395.7729835,0.698762039767253,0.1088392037531567,1622.0,0,0.9366469795210886,0.8775005665798319,0.9838641622690789,0.24098975285074836,0.24207283022818693
5230.964,-1.344847,-0.152518,21.474714,1.127478,0.294084,0.122447,0.002349,0.120098,0.171637,0.291735,395.938397,0.6997168459199011,0.10762149906568,1623.0,0,0.9364287089940296,0.8780013500439863,0.9830823335344386,0.23862015350851523,0.24218336141402866
5231.964,-1.3412156666666666,-0.1529483333333333,21.475968,1.1284406666666666,0.29416,0.1223666666666666,0.00229,0.1200766666666666,0.1717933333333333,0.29187,395.9040836666667,0.6989559221006513,0.1085919374095715,1624.0,0,0.9368620401874558,0.8778453882838598,0.9839777613159922,0.23976235164560877,0.24212694103036553
5232.964,-1.3375843333333333,-0.1533786666666666,21.477222,1.129403333333333,0.294236,0.1222863333333333,0.002231,0.1200553333333333,0.1719496666666667,0.292005,395.86977033333335,0.6981963819079892,0.1095606111559297,1625.0,0,0.937295371380882,0.8776894265237342,0.9848731890975464,0.24121656622529197,0.24216884167673064
5233.964,-1.333953,-0.153809,21.478476,1.130366,0.294312,0.122206,0.002172,0.120034,0.172106,0.29214,395.835457,0.6974382215714641,0.11052752511337,1626.0,0,0.9377287025743082,0.8775334647636085,0.9857686168791001,0.24376185374531845,0.24220643382533574
5234.964,-1.3343433333333332,-0.153288,21.476122,1.128559,0.2943253333333333,0.1221993333333333,0.0022136666666666,0.1199856666666666,0.172126,0.2921116666666666,395.900164,0.6970763835230188,0.1109889924871162,1627.0,0,0.9376377565213666,0.8771801139008226,0.9858831705398532,0.24352064985033317,0.24205853606048114
5235.964,-1.3347336666666667,-0.152767,21.473768,1.126752,0.2943386666666667,0.1221926666666666,0.0022553333333333,0.1199373333333333,0.172146,0.2920833333333333,395.964871,0.6967146295511005,0.1114503526345099,1628.0,0,0.9375468104684255,0.8768267630380375,0.9859977242006063,0.24393965631398462,0.24228092630083928
5236.964,-1.335124,-0.152246,21.471414,1.124945,0.294352,0.1221859999999999,0.002297,0.119889,0.172166,0.292055,396.029578,0.6963529596264092,0.1119116055929188,1629.0,0,0.9374558644154842,0.8764734121752524,0.9861122778613596,0.24393965631398462,0.2425589425764539
5237.964,-1.3396046666666666,-0.1544586666666666,21.472616,1.126839666666667,0.29444,0.1221493333333333,0.0023153333333333,0.119834,0.1722906666666666,0.2921246666666666,396.290193,0.6955298669891172,0.1129613304610275,1630.0,0,0.9376794847103632,0.8760713232624278,0.9868263290133871,0.24292089502618552,0.24263186471469486
5238.964,-1.3440853333333334,-0.1566713333333333,21.473818,1.1287343333333335,0.294528,0.1221126666666666,0.0023336666666666,0.119779,0.1724153333333333,0.2921943333333333,396.550808,0.6947079646359875,0.1140095373093792,1631.0,0,0.9379031050052424,0.8756692343496031,0.9875403801654153,0.2419138251248405,0.24263583625623114
5239.964,-1.348566,-0.158884,21.47502,1.130629,0.294616,0.1220759999999999,0.002352,0.119724,0.17254,0.2922639999999999,396.811423,0.6938872499869596,0.1150562294284341,1632.0,0,0.9381267253001215,0.8752671454367784,0.9882544313174434,0.24321365525432986,0.2424111635147997
5240.964,-1.3419886666666667,-0.1522043333333333,21.473649333333334,1.1282076666666667,0.294438,0.1220213333333333,0.0023543333333333,0.119667,0.1724166666666666,0.2920836666666666,396.70717333333334,0.694053006942444,0.1148448325693801,1633.0,0,0.9375478804219892,0.8748504351089419,0.987548017076132,0.24140031626466174,0.24244291193646433
5241.964,-1.3354113333333333,-0.1455246666666666,21.472278666666668,1.1257863333333331,0.29426,0.1219666666666666,0.0023566666666666,0.11961,0.1722933333333333,0.2919033333333333,396.60292366666664,0.6942190012053017,0.1146331330621918,1634.0,0,0.9369690355438571,0.8744337247811054,0.986841602834821,0.24049157302801827,0.24226566175970593
5242.964,-1.328834,-0.138845,21.470908,1.123365,0.294082,0.121912,0.002359,0.119553,0.17217,0.291723,396.498674,0.6943852332855127,0.1144211302564699,1635.0,0,0.936390190665725,0.874017014453269,0.98613518859351,0.24125628164065466,0.24222854663479954
5243.964,-1.3284185000000002,-0.1449625,21.471307000000003,1.1255769999999998,0.2942625,0.122146,0.002345,0.119801,0.1721165,0.2919175,396.4810555,0.696041948087789,0.1123082517680474,1636.0,0,0.9370145085703279,0.875830069914733,0.9858287575509955,0.24151512633100375,0.2422483704591186
5244.964,-1.328003,-0.15108,21.471706,1.127789,0.294443,0.12238,0.002331,0.120049,0.172063,0.292112,396.463437,0.6976996931374372,0.1101940593615583,1637.0,0,0.9376388264749308,0.877643125376197,0.9855223265084807,0.24383813406697985,0.2422885246817918
5245.964,-1.3337345,-0.148813,21.470979,1.1276005,0.294362,0.122345,0.0023725,0.1199725,0.172017,0.2919895,396.1761645,0.6974415468148683,0.1105232842897546,1638.0,0,0.9372456185401553,0.8770838562519954,0.9852588530887485,0.24216715454640036,0.24203249631054252
5246.964,-1.339466,-0.146546,21.470252,1.127412,0.294281,0.12231,0.002414,0.119896,0.171971,0.291867,395.888892,0.697183262391552,0.1108526853436775,1639.0,0,0.9368524106053796,0.8765245871277938,0.9849953796690163,0.24356850506492095,0.24202133352544228
5247.964,-1.3361166666666666,-0.1500926666666666,21.46979633333333,1.1285003333333334,0.294348,0.1222716666666666,0.0024283333333333,0.1198433333333333,0.1720763333333333,0.2919196666666667,395.9112836666667,0.6964504331385888,0.1117872934984096,1640.0,0,0.9370214632684941,0.8761395565324827,0.9855986956156494,0.2431191332693759,0.24216385294867648
5248.964,-1.3327673333333334,-0.1536393333333333,21.469340666666668,1.1295886666666666,0.294415,0.1222333333333333,0.0024426666666666,0.1197906666666666,0.1721816666666666,0.2919723333333333,395.9336753333333,0.6957185005072132,0.112720758153692,1641.0,0,0.9371905159316083,0.8757545259371715,0.9862020115622824,0.24231536735157277,0.2423213631769877
5249.964,-1.329418,-0.157186,21.468885,1.130677,0.294482,0.122195,0.002457,0.119738,0.172287,0.292025,395.956067,0.6949874628528974,0.1136530814068605,1642.0,0,0.9373595685947228,0.875369495341861,0.986805327508916,0.24065337154183675,0.2422990989763507
5250.964,-1.3313086666666667,-0.1547329999999999,21.469923666666663,1.13069,0.294239,0.1221146666666666,0.0023963333333333,0.1197183333333333,0.1721243333333333,0.2918426666666667,396.05573633333336,0.6955300013943326,0.1129611590483691,1643.0,0,0.9367743039952066,0.8752257180942448,0.9858736244014569,0.2412886884136593,0.2422545658469914
5251.964,-1.3331993333333334,-0.15228,21.470962333333333,1.130703,0.293996,0.1220343333333333,0.0023356666666666,0.1196986666666666,0.1719616666666666,0.2916603333333333,396.15540566666664,0.696073566355488,0.1122679276533774,1644.0,0,0.93618903939569,0.8750819408466284,0.9849419212939977,0.2419167672603606,0.2423240262632739
5252.964,-1.33509,-0.149827,21.472001,1.130716,0.293753,0.1219539999999999,0.002275,0.119679,0.1717989999999999,0.2914779999999999,396.255075,0.6966181606519208,0.1115733835035518,1645.0,0,0.9356037747961734,0.8749381635990127,0.9840102181865386,0.24283138392376663,0.24233024296692846
5253.964,-1.331517,-0.1515043333333333,21.47140333333333,1.1308036666666668,0.29391,0.1220649999999999,0.002285,0.11978,0.1718449999999999,0.2916249999999999,395.9816163333333,0.6970194243683296,0.1110616349072214,1646.0,0,0.9360756243179043,0.875676545057109,0.9842736916062708,0.24129248432463374,0.24285643104470545
5254.964,-1.327944,-0.1531816666666666,21.470805666666667,1.1308913333333332,0.2940669999999999,0.122176,0.002295,0.119881,0.171891,0.291772,395.7081576666667,0.6974204733204572,0.1105501602088663,1647.0,0,0.9365474738396352,0.8764149265152053,0.9845371650260036,0.24339280277338693,0.24382735777025025
5255.964,-1.324371,-0.154859,21.470208,1.130979,0.294224,0.122287,0.002305,0.119982,0.1719369999999999,0.291919,395.434699,0.6978213076806757,0.1100389591886529,1648.0,0,0.937019323361366,0.8771533079733015,0.9848006384457353,0.24286175870922527,0.24459614953976141
5256.964,-1.321629333333333,-0.15359,21.467422666666668,1.1297683333333333,0.2945233333333333,0.1223936666666666,0.002333,0.1200606666666666,0.1721296666666666,0.2921903333333333,395.5997173333334,0.6974972501510482,0.1104522434681321,1649.0,0,0.9378902655624742,0.8777284169637654,0.9859041720443242,0.2436306721014666,0.24491766671345702
5257.964,-1.318887666666667,-0.1523209999999999,21.464637333333332,1.1285576666666668,0.2948226666666667,0.1225003333333333,0.002361,0.1201393333333333,0.1723223333333333,0.2924616666666667,395.7647356666667,0.697173917248583,0.1108646035999298,1650.0,0,0.938761207763583,0.8783035259542301,0.9870077056429131,0.2483810140471459,0.24508284049391307
5258.964,-1.316146,-0.151052,21.461852,1.127347,0.295122,0.122607,0.002389,0.120218,0.1725149999999999,0.292733,395.929754,0.69685130654548,0.1112760426803224,1651.0,0,0.9396321499646915,0.8788786349446948,0.9881112392415013,0.2520246346070208,0.24505419945554988
5259.964,-1.3166273333333334,-0.150921,21.464302,1.1289513333333334,0.2948256666666666,0.122486,0.0023773333333333,0.1201086666666666,0.1723396666666666,0.2924483333333333,396.028241,0.6969258561531231,0.1111809664112548,1652.0,0,0.9387184096210223,0.8780793309240488,0.9871069854822324,0.2483412892369482,0.24514166647772653
5260.964,-1.3171086666666667,-0.1507899999999999,21.466752,1.1305556666666667,0.2945293333333333,0.122365,0.0023656666666666,0.1199993333333333,0.1721643333333333,0.2921636666666666,396.126728,0.6970005576035437,0.1110856964906681,1653.0,0,0.9378046692773531,0.8772800269034036,0.9861027317229633,0.24450386015061576,0.24505688355440128
5261.964,-1.31759,-0.150659,21.469202,1.13216,0.294233,0.1222439999999999,0.002354,0.11989,0.171989,0.291879,396.225215,0.6970754113611255,0.1109902323263141,1654.0,0,0.9368909289336842,0.8764807228827584,0.9850984779636941,0.24356850506492095,0.24517566450203376
5262.964,-1.3178963333333331,-0.1494046666666666,21.468808,1.1324956666666668,0.2943256666666667,0.1223203333333333,0.0023996666666666,0.1199206666666666,0.1720053333333333,0.291926,396.0486716666667,0.6971875066615761,0.1108472724465267,1655.0,0,0.9370417923862103,0.8767049179129389,0.9851920301199756,0.2425449735401346,0.24538972952415775
5263.964,-1.3182026666666666,-0.1481503333333333,21.468414,1.1328313333333333,0.2944183333333333,0.1223966666666666,0.0024453333333333,0.1199513333333333,0.1720216666666666,0.291973,395.8721283333333,0.6972995806754149,0.1107043397144562,1656.0,0,0.9371926558387365,0.8769291129431201,0.9852855822762572,0.24216715454640036,0.245483440081602
5264.964,-1.318509,-0.146896,21.46802,1.133167,0.294511,0.122473,0.002491,0.119982,0.172038,0.29202,395.695585,0.6974116334087038,0.1105614341223713,1657.0,0,0.9373435192912627,0.8771533079733015,0.9853791344325393,0.2425449735401346,0.24456599424504302
5265.964,-1.315942,-0.147173,21.46682433333333,1.132496,0.294626,0.1224686666666666,0.0024366666666666,0.120032,0.1721573333333333,0.2921893333333333,395.8977976666667,0.6972186456266034,0.1108075596068349,1658.0,0,0.9378870557017823,0.8775188433485966,0.9860626379416996,0.24404956818554985,0.2437483924282166
5266.964,-1.313375,-0.14745,21.465628666666667,1.131825,0.294741,0.1224643333333333,0.0023823333333333,0.120082,0.1722766666666666,0.2923586666666666,396.1000103333334,0.6970259252021445,0.1110533441187856,1659.0,0,0.938430592112302,0.8778843787238918,0.9867461414508599,0.24577132232270638,0.2435598197274548
5267.964,-1.310808,-0.147727,21.464433,1.131154,0.294856,0.12246,0.002328,0.120132,0.172396,0.292528,396.302223,0.696833471580132,0.111298788366287,1660.0,0,0.938974128522822,0.878249914099187,0.9874296449600207,0.24931811962158817,0.24334914698475346
5268.964,-1.3103996666666666,-0.1506586666666666,21.465949666666667,1.132029,0.2945753333333333,0.1223216666666666,0.0023826666666666,0.119939,0.1722536666666666,0.2921926666666666,396.23778733333336,0.6962888281691447,0.1119933951539821,1661.0,0,0.9378977552374224,0.8768389475505477,0.9866144047409938,0.2428501762414313,0.2430852359646615
5269.964,-1.3099913333333333,-0.1535903333333333,21.467466333333338,1.132904,0.2942946666666666,0.1221833333333333,0.0024373333333333,0.119746,0.1721113333333333,0.2918573333333333,396.1733516666667,0.6957432839405273,0.1126891507925175,1662.0,0,0.936821381952023,0.8754279810019083,0.9857991645219674,0.2401652710686843,0.2429023927065151
5270.964,-1.309583,-0.156522,21.468983,1.133779,0.294014,0.122045,0.002492,0.119553,0.1719689999999999,0.291522,396.108916,0.6951968366575566,0.1133860581344808,1663.0,0,0.9357450086666238,0.874017014453269,0.9849839243029404,0.24261813314299735,0.24264242226158622
5271.964,-1.3125583333333333,-0.150761,21.468268333333334,1.1336476666666668,0.2940646666666666,0.1219763333333333,0.0024916666666666,0.1194846666666666,0.1720883333333333,0.2915729999999999,395.994189,0.6943176799646698,0.1145072838649452,1664.0,0,0.9359087115619178,0.873517449440365,0.9856674278121011,0.24146177763790772,0.24228268728135766
5272.964,-1.3155336666666666,-0.145,21.467553666666667,1.1335163333333331,0.2941153333333333,0.1219076666666666,0.0024913333333333,0.1194163333333333,0.1722076666666666,0.291624,395.879462,0.6934397417087022,0.1156269556712503,1665.0,0,0.9360724144572125,0.8730178844274619,0.9863509313212615,0.239905863339215,0.2418311832131525
5273.964,-1.318509,-0.139239,21.466839,1.133385,0.294166,0.121839,0.002491,0.119348,0.1723269999999999,0.2916749999999999,395.764735,0.6925630193584329,0.1167450767815694,1666.0,0,0.9362361173525064,0.8725183194145587,0.9870344348304217,0.24033872196493639,0.2411409050501853
5274.964,-1.3139733333333332,-0.139414,21.46657666666667,1.1344643333333333,0.294271,0.1219856666666666,0.0025306666666666,0.1194549999999999,0.1722853333333333,0.2917403333333333,395.812931,0.6933515717052426,0.1157394026074265,1667.0,0,0.9364458282510537,0.8733005651176896,0.9867957813705197,0.23994526909084557,0.24134405673027018
5275.964,-1.3094376666666667,-0.139589,21.466314333333333,1.1355436666666667,0.2943759999999999,0.1221323333333333,0.0025703333333333,0.119562,0.1722436666666666,0.2918056666666666,395.8611269999999,0.6941405055599207,0.1147332418801564,1668.0,0,0.9366555391496005,0.8740828108208221,0.9865571279106172,0.24045221838326464,0.2420972721385056
5276.964,-1.304902,-0.139764,21.466052,1.136623,0.294481,0.122279,0.00261,0.119669,0.172202,0.291871,395.909323,0.6949298211993984,0.1137265942465767,1669.0,0,0.9368652500481478,0.8748650565239537,0.9863184744507152,0.24125628164065466,0.24251211866479339
5277.964,-1.306223666666667,-0.1467273333333333,21.467334333333337,1.1367103333333333,0.2946533333333333,0.122436,0.0025583333333333,0.1198776666666666,0.1722173333333333,0.292095,395.99573266666664,0.6960795888939428,0.1122602468552524,1670.0,0,0.9375842588431661,0.8763905574901851,0.9864062989239591,0.24241533799191628,0.2430806628747125
5278.964,-1.3075453333333331,-0.1536906666666666,21.46861666666667,1.1367976666666666,0.2948256666666666,0.122593,0.0025066666666666,0.1200863333333333,0.1722326666666666,0.292319,396.0821423333333,0.6972291518692629,0.1107941605510174,1671.0,0,0.9383032676381844,0.8779160584564171,0.9864941233972029,0.2448816930422798,0.24332106948252719
5279.964,-1.308867,-0.160654,21.469899,1.136885,0.294998,0.12275,0.002455,0.120295,0.1722479999999999,0.292543,396.168552,0.6983785101800302,0.1093283352641466,1672.0,0,0.9390222764332027,0.8794415594226492,0.9865819478704468,0.24769742515103893,0.24343574503087922
5280.964,-1.3099515,-0.14028,21.4700825,1.1380835,0.2950129999999999,0.122446,0.0024205,0.1200255,0.172567,0.2925925,396.786568,0.695525821705067,0.1129664895829459,1673.0,0,0.9391811645374589,0.8774713237498082,0.9884090787594602,0.24676659840587495,0.24348643996012115
5281.964,-1.311036,-0.119906,21.470266,1.139282,0.295028,0.122142,0.002386,0.119756,0.172886,0.292642,397.404584,0.6926836604255958,0.1165912181238941,1674.0,0,0.9393400526417153,0.8755010880769674,0.990236209648473,0.24714721973709886,0.24334411914620402
5282.964,-1.3122390000000002,-0.1277683333333333,21.469915666666665,1.1385043333333331,0.294713,0.122049,0.0023656666666666,0.1196833333333333,0.172664,0.2923473333333333,397.16846433333336,0.6931534088166875,0.1159921281241277,1675.0,0,0.9383942136911255,0.874969843331538,0.9889646640141131,0.24230992941736162,0.24345751063856874
5283.964,-1.313442,-0.1356306666666666,21.469565333333332,1.1377266666666666,0.294398,0.121956,0.0023453333333333,0.1196106666666666,0.1724419999999999,0.2920526666666666,396.93234466666667,0.6936243666989479,0.1153914956090963,1676.0,0,0.937448374740536,0.8744385985861088,0.9876931183797524,0.24148547744845678,0.24344212521045988
5284.964,-1.314645,-0.143493,21.469215,1.136949,0.294083,0.121863,0.002325,0.119538,0.1722199999999999,0.2917579999999999,396.696225,0.69409653874963,0.1147893146137013,1677.0,0,0.9365025357899462,0.8739073538406804,0.9864215727453924,0.24045221838326464,0.24303068252387452
5285.964,-1.3115316666666668,-0.138956,21.467247,1.1355776666666666,0.2941336666666667,0.1217843333333333,0.0023136666666666,0.1194706666666666,0.1723493333333333,0.2918199999999999,396.7039643333334,0.6931850049608258,0.1159518322245709,1678.0,0,0.9367015471528531,0.8734150995352824,0.9871623530849298,0.2390290102440935,0.24231469720007182
5286.964,-1.3084183333333332,-0.134419,21.465279,1.1342063333333334,0.2941843333333333,0.1217056666666666,0.0023023333333333,0.1194033333333333,0.1724786666666667,0.291882,396.71170366666666,0.6922748381934876,0.1171126064151218,1679.0,0,0.9369005585157603,0.8729228452298852,0.9879031334244672,0.24239019656430216,0.24174796283314617
5287.964,-1.305305,-0.129882,21.463311,1.132835,0.294235,0.121627,0.002291,0.119336,0.172608,0.291944,396.719443,0.6913660353747485,0.1182716411043111,1680.0,0,0.937099569878667,0.8724305909244878,0.9886439137640042,0.24226148371082762,0.24115886902350175
5288.964,-1.308141,-0.1309736666666666,21.46452,1.1343816666666666,0.2941976666666667,0.1217633333333333,0.0023436666666666,0.1194196666666666,0.1724343333333333,0.291854,396.8281186666667,0.6925475443934537,0.1167648126592043,1681.0,0,0.936810682416383,0.8730422534524813,0.9876492061431308,0.24076726617642608,0.24115941281692285
5289.964,-1.3109769999999998,-0.1320653333333333,21.465729,1.1359283333333334,0.2941603333333333,0.1218996666666666,0.0023963333333333,0.1195033333333333,0.1722606666666667,0.291764,396.93679433333335,0.6937314357034357,0.1152549459772296,1682.0,0,0.9365217949540989,0.8736539159804755,0.986654498522258,0.24053757191301184,0.24107620222626086
5290.964,-1.313813,-0.133157,21.466938,1.137475,0.294123,0.122036,0.002449,0.119587,0.172087,0.291674,397.04547,0.6949177165171306,0.1137420318600619,1683.0,0,0.9362329074918146,0.8742655785084696,0.9856597909013844,0.24109925473661864,0.2412460855097925
5291.964,-1.3101845,-0.131568,21.465109499999997,1.13542,0.2943305,0.122163,0.0024665,0.1196965,0.1721675,0.291864,397.0343435,0.6952288020166288,0.1133452913594961,1684.0,0,0.9368427810233035,0.8750661009803661,0.986120869385916,0.24125628164065466,0.24188718995233702
5292.964,-1.306556,-0.129979,21.463281,1.133365,0.294538,0.12229,0.002484,0.119806,0.172248,0.292054,397.023217,0.6955395967465703,0.1129489216896494,1685.0,0,0.9374526545547921,0.8758666234522624,0.9865819478704475,0.24231536735157277,0.2422955737502434
5293.964,-1.310494,-0.129765,21.46288,1.1327444999999998,0.2944715,0.122157,0.002409,0.119748,0.1723144999999999,0.2920625,396.859406,0.6949345822053153,0.1137205223342769,1686.0,0,0.9374799383706746,0.8754426024169201,0.9869628387924511,0.24065337154183675,0.24246108302281527
5294.964,-1.314432,-0.129551,21.462479,1.132124,0.294405,0.122024,0.002334,0.11969,0.1723809999999999,0.2920709999999999,396.695595,0.6943300344583544,0.1144915276563897,1687.0,0,0.9375072221865567,0.8750185813815777,0.9873437297144553,0.24215105121858133,0.24247441435999448
5295.964,-1.3103125,-0.1300085,21.4645935,1.1318359999999998,0.2945554999999999,0.121798,0.0023245,0.1194735,0.1727574999999999,0.292231,396.7307205,0.691563656780998,0.1180196061629061,1688.0,0,0.9380207998972844,0.8734358132065496,0.9895002023781334,0.24544005466953844,0.2422843224098934
5296.964,-1.306193,-0.130466,21.466708,1.131548,0.294706,0.121572,0.002315,0.119257,0.173134,0.292391,396.765846,0.6888093106535362,0.1215323403247473,1689.0,0,0.9385343776080117,0.8718530450315215,0.9916566750418121,0.24647403454336636,0.24204494377202276
5297.964,-1.3063996666666666,-0.128296,21.465656666666668,1.132007,0.2943583333333333,0.121715,0.0023813333333333,0.1193336666666666,0.1726433333333333,0.291977,396.72003033333334,0.6912110253642847,0.1184693319296414,1690.0,0,0.9372054952815047,0.8724135326069736,0.9888462918980011,0.2439165764365458,0.2420119376734909
5298.964,-1.306606333333333,-0.126126,21.46460533333333,1.132466,0.2940106666666667,0.121858,0.0024476666666666,0.1194103333333333,0.1721526666666666,0.291563,396.6742146666666,0.6936264306501361,0.1153888633648134,1691.0,0,0.9358766129549977,0.8729740201824264,0.9860359087541903,0.24090057954821847,0.2419823776535452
5299.964,-1.306813,-0.123956,21.463554,1.132925,0.293663,0.122001,0.002514,0.119487,0.171662,0.291149,396.628399,0.6960556439069572,0.1122907849103468,1692.0,0,0.9345477306284906,0.8735345077578792,0.9832255256103801,0.23863665241200083,0.24190763009896013
5300.964,-1.3016696666666667,-0.131515,21.463511666666665,1.133195,0.2935833333333333,0.1217719999999999,0.0024793333333333,0.1192926666666666,0.1718113333333333,0.291104,396.5196736666667,0.6943195773683299,0.1145048640257719,1693.0,0,0.9344032868973484,0.8721137935992316,0.98408085961067,0.23870546835791218,0.2418517522053829
5301.964,-1.2965263333333332,-0.139074,21.463469333333332,1.133465,0.2935036666666666,0.121543,0.0024446666666666,0.1190983333333333,0.1719606666666667,0.291059,396.41094833333335,0.692586526066856,0.1167150976816708,1694.0,0,0.9342588431662066,0.8706930794405846,0.9849361936109607,0.24092622065533648,0.24166459724492118
5302.964,-1.291383,-0.146633,21.463427,1.133735,0.293424,0.1213139999999999,0.00241,0.118904,0.17211,0.291014,396.302223,0.6908564821539586,0.1189214958876656,1695.0,0,0.9341143994350644,0.8692723652819376,0.9857915276112508,0.24201976715211548,0.24115373586053246
5303.964,-1.297082,-0.135117,21.464577333333335,1.1351473333333333,0.293705,0.1216373333333333,0.0024263333333333,0.119211,0.1720676666666667,0.2912786666666667,396.628682,0.6928106221159769,0.1164292985079824,1696.0,0,0.9349639425648927,0.8715167524862499,0.98554905569599,0.23990589599598616,0.24088770638094337
5304.964,-1.302781,-0.123601,21.465727666666663,1.1365596666666666,0.293986,0.1219606666666666,0.0024426666666666,0.119518,0.1720253333333333,0.2915433333333333,396.955141,0.6947657238523558,0.1139358745367613,1697.0,0,0.9358134856947207,0.8737611396905622,0.9853065837807289,0.24159227228280894,0.24110382775035383
5305.964,-1.30848,-0.112085,21.466878,1.137972,0.294267,0.122284,0.002459,0.119825,0.171983,0.291808,397.2816,0.6967217880733092,0.1114412230682364,1698.0,0,0.9366630288245489,0.8760055268948747,0.9850641118654682,0.24356850506492095,0.24192240043576058
5306.964,-1.303785,-0.1170155,21.465203,1.1349165,0.294298,0.122235,0.0025095,0.1197255,0.172063,0.2917885,397.4866905,0.6958195787613912,0.1125918487791837,1699.0,0,0.9366004365410541,0.8752781114980372,0.9855223265084807,0.2413654206994797,0.24240131051442937
5307.964,-1.29909,-0.121946,21.463528,1.131861,0.294329,0.122186,0.00256,0.119626,0.172143,0.291769,397.691781,0.6949182080118971,0.1137414050359895,1700.0,0,0.9365378442575591,0.8745506961011998,0.9859805411514934,0.24125628164065466,0.24248623709210398
5308.964,-1.2905975,-0.126106,21.464248,1.13204,0.294498,0.121978,0.00253,0.119448,0.17252,0.291968,397.5460015,0.6923678856487034,0.1169939390583396,1701.0,0,0.9371766065352762,0.873249390165149,0.9881398776566903,0.24306179324232285,0.24263632536192575
5309.964,-1.282105,-0.130266,21.464968,1.132219,0.294667,0.12177,0.0025,0.11927,0.172897,0.292167,397.400222,0.6898286851207069,0.1202322889336612,1702.0,0,0.9378153688129934,0.8719480842290983,0.9902992141618872,0.24682237926606831,0.2427110729165108
5310.964,-1.282004666666667,-0.1334006666666666,21.464131,1.1325296666666669,0.294609,0.1219783333333333,0.0024806666666666,0.1194976666666666,0.1726306666666666,0.2921283333333333,397.4620826666667,0.6922117417623264,0.1171930759636002,1703.0,0,0.9376912541995676,0.8736124886379417,0.9887737412461907,0.24349456914460038,0.2427714707778556
5311.964,-1.281904333333333,-0.1365353333333333,21.463294,1.1328403333333334,0.294551,0.1221866666666666,0.0024613333333333,0.1197253333333333,0.1723643333333333,0.2920896666666667,397.5239433333333,0.6946021628479044,0.1141444708065448,1704.0,0,0.9375671395861419,0.875276893046786,0.9872482683304948,0.2417754864320822,0.2426886507716326
5312.964,-1.281804,-0.13967,21.462457,1.133151,0.294493,0.122395,0.002442,0.119953,0.172098,0.292051,397.585804,0.696999982568173,0.111086429857608,1705.0,0,0.937443024972716,0.8769412974556303,0.9857227954147988,0.24352064985033317,0.24268222392792413
5313.964,-1.2860793333333334,-0.133747,21.463512666666663,1.1334533333333334,0.2944963333333333,0.1222096666666666,0.002441,0.1197686666666666,0.1722866666666666,0.2920553333333333,397.438205,0.69516680435628,0.1134243595990649,1706.0,0,0.9374569343690481,0.8755936903720416,0.9868034182812364,0.24065337154183675,0.2427392315995725
5314.964,-1.2903546666666663,-0.127824,21.464568333333332,1.1337556666666666,0.2944996666666666,0.1220243333333333,0.00244,0.1195843333333333,0.1724753333333333,0.2920596666666666,397.290606,0.6933376366612618,0.115757174558653,1707.0,0,0.9374708437653803,0.8742460832884537,0.9878840411476748,0.24219625089625701,0.24266884937252847
5315.964,-1.29463,-0.121901,21.465624,1.134058,0.294503,0.121839,0.002439,0.1194,0.172664,0.292064,397.143007,0.6915124663365476,0.1180848915027507,1708.0,0,0.9374847531617126,0.8728984762048657,0.9889646640141131,0.24274030500269067,0.24207392667344613
5316.964,-1.2896823333333334,-0.126003,21.464274999999997,1.13261,0.294119,0.1216863333333333,0.002427,0.1192593333333333,0.1724326666666666,0.291692,397.16764233333333,0.6916244120927661,0.1179421223430502,1709.0,0,0.9362906849842716,0.871870103349035,0.9876396600047345,0.24130115226239496,0.24224582822504384
5317.964,-1.2847346666666666,-0.130105,21.462926,1.131162,0.2937349999999999,0.1215336666666666,0.002415,0.1191186666666666,0.1722013333333333,0.2913199999999999,397.19227766666666,0.6917366586205762,0.1177989695966124,1710.0,0,0.9350966168068302,0.8708417304932043,0.9863146559953565,0.24182635835713856,0.24239889264894895
5318.964,-1.279787,-0.134207,21.461577,1.129714,0.293351,0.121381,0.002403,0.118978,0.1719699999999999,0.290948,397.216913,0.6918492071337611,0.1176554317154481,1711.0,0,0.9339025486293893,0.8698133576373744,0.984989651985978,0.24235797097188255,0.2423208581641847
5319.964,-1.2868185,-0.1316485,21.464708,1.13335,0.2940175,0.121671,0.002414,0.119257,0.1723464999999999,0.2916035,397.1776215,0.6919566573347453,0.1175183959275597,1712.0,0,0.9360066123130255,0.8718530450315215,0.9871461246496561,0.2408731522752448,0.24251040451390887
5320.964,-1.29385,-0.12909,21.467839,1.136986,0.294684,0.121961,0.002425,0.119536,0.172723,0.292259,397.13833,0.6920636391005303,0.1173819575549021,1713.0,0,0.9381106759966616,0.8738927324256686,0.9893025973133347,0.24521358466057752,0.2424208946505227
5321.964,-1.287222,-0.1270463333333333,21.465547333333333,1.1355103333333334,0.2945583333333333,0.1218903333333333,0.0024136666666666,0.1194766666666666,0.172668,0.2921446666666666,397.3898623333333,0.6919404564030989,0.1175390576612034,1714.0,0,0.9377436819242042,0.8734589637803178,0.9889875747462635,0.24330613067113338,0.24233342259652974
5322.964,-1.280594,-0.1250026666666666,21.46325566666667,1.1340346666666667,0.2944326666666667,0.1218196666666666,0.0024023333333333,0.1194173333333333,0.172613,0.2920303333333333,397.64139466666666,0.6918171952062597,0.117696257881121,1715.0,0,0.937376687851747,0.8730251951349678,0.9886725521791924,0.24274030500269067,0.24240204905071536
5323.964,-1.273966,-0.122959,21.460964,1.132559,0.294307,0.121749,0.002391,0.119358,0.172558,0.291916,397.892927,0.6916938554349528,0.1178535583103822,1716.0,0,0.9370096937792899,0.8725914264896178,0.9883575296121212,0.24254883503907865,0.24220999954892303
5324.964,-1.2758046666666667,-0.123806,21.462251666666667,1.1343806666666667,0.2940473333333333,0.1216283333333333,0.0023616666666666,0.1192666666666666,0.172419,0.2916856666666667,397.689062,0.6917217646831382,0.1178179644652388,1717.0,0,0.9362703558665553,0.8719237152040781,0.9875613816698868,0.24130115226239496,0.24228489303115036
5325.964,-1.2776433333333332,-0.124653,21.463539333333333,1.136202333333333,0.2937876666666666,0.1215076666666666,0.0023323333333333,0.1191753333333333,0.17228,0.2914553333333333,397.485197,0.6917497189668816,0.1177823131843426,1718.0,0,0.9355310179538205,0.8712560039185392,0.9867652337276523,0.2418655844627613,0.24251948450632352
5326.964,-1.279482,-0.1255,21.464827,1.138024,0.293528,0.121387,0.002303,0.119084,0.172141,0.291225,397.281332,0.6917777183952782,0.1177466043285601,1719.0,0,0.9347916800410861,0.8705882926330002,0.985969085785418,0.24198741680425162,0.2426711452483592
5327.964,-1.2810965,-0.1209669999999999,21.4624075,1.1383169999999998,0.2940595,0.121796,0.002361,0.119435,0.1722635,0.2916984999999999,397.163619,0.6933233486876286,0.115775396615999,1720.0,0,0.9363115490787696,0.8731543509675723,0.9866707269575312,0.239905863339215,0.24347421646502418
5328.964,-1.282711,-0.116434,21.459988,1.13861,0.294591,0.122205,0.002419,0.119786,0.1723859999999999,0.292172,397.045906,0.6948667822979692,0.1138069904249536,1721.0,0,0.9378314181164535,0.8757204093021445,0.9873723681296436,0.24310690579415584,0.24354964287921516
5329.964,-1.2836736666666666,-0.116189,21.461160333333332,1.137945,0.2947303333333333,0.1221223333333333,0.0024343333333333,0.119688,0.172608,0.292296,397.1779206666667,0.6934053264893488,0.1156708468567133,1722.0,0,0.9382294408422673,0.8750039599665659,0.9886439137640042,0.2432190670269765,0.24335245123267404
5330.964,-1.2846363333333333,-0.1159439999999999,21.46233266666667,1.1372799999999998,0.2948696666666667,0.1220396666666666,0.0024496666666666,0.11959,0.17283,0.29242,397.3099353333333,0.6919476251366941,0.1175299150719166,1723.0,0,0.938627463568081,0.8742875106309873,0.9899154593983642,0.24673019208093422,0.24312523703084388
5331.964,-1.285599,-0.115699,21.463505,1.136615,0.295009,0.121957,0.002465,0.119492,0.173052,0.292544,397.44195,0.6904936637908616,0.1193842134981674,1724.0,0,0.9390254862938948,0.8735710612954088,0.9911870050327242,0.25133684283778324,0.2430449473760187
5332.964,-1.2833405,-0.1157479999999999,21.463393,1.1382995,0.2946285,0.121951,0.002442,0.119509,0.1726775,0.2921865,397.6551995,0.6920896347837165,0.1173488041601713,1725.0,0,0.9378779610964884,0.8736953433230092,0.9890419877351214,0.24349456914460038,0.24297115820500745
5333.964,-1.281082,-0.115797,21.463281,1.139984,0.294248,0.121945,0.002419,0.119526,0.172303,0.291829,397.868449,0.6936925434116444,0.1153045469626123,1726.0,0,0.9367304358990819,0.8738196253506095,0.9868969704375187,0.24057691857366725,0.24307062982590782
5334.964,-1.2753423333333334,-0.1142476666666666,21.462688,1.139068,0.294166,0.121836,0.0024183333333333,0.1194176666666666,0.17233,0.2917476666666667,397.88543366666664,0.6929552237651188,0.116244881906258,1727.0,0,0.9364693672294622,0.8730276320374695,0.9870516178795354,0.2390290102440935,0.24302175256079198
5335.964,-1.2696026666666669,-0.1126983333333333,21.462095,1.138152,0.294084,0.121727,0.0024176666666666,0.1193093333333333,0.1723569999999999,0.2916663333333333,397.90241833333334,0.6922181351218587,0.1171849222416645,1728.0,0,0.9362082985598423,0.8722356387243302,0.9872062653215515,0.24106268791450913,0.242982984250471
5336.964,-1.263863,-0.111149,21.461502,1.137236,0.294002,0.121618,0.002417,0.119201,0.1723839999999999,0.291585,397.919403,0.6914812773733214,0.1181246681072611,1729.0,0,0.9359472298902226,0.8714436454111909,0.9873609127635683,0.2412495250941395,0.24264924531971627
5337.964,-1.272875,-0.1132453333333333,21.461404666666667,1.1389683333333334,0.2940146666666666,0.1218373333333333,0.0024676666666666,0.1193696666666666,0.1721773333333333,0.291547,397.522684,0.6932908708993585,0.1158168169136223,1730.0,0,0.9358252551839249,0.8726767180771862,0.9861771916024528,0.24090057954821847,0.24187525846107216
5338.964,-1.281887,-0.1153416666666666,21.461307333333338,1.1407006666666666,0.2940273333333333,0.1220566666666666,0.0025183333333333,0.1195383333333333,0.1719706666666667,0.291509,397.125965,0.6951048137774631,0.1135034188072563,1731.0,0,0.9357032804776272,0.8739097907431821,0.9849934704413371,0.24261813314299735,0.24201600528201977
5339.964,-1.290899,-0.117438,21.46121,1.142433,0.29404,0.122276,0.002569,0.119707,0.171764,0.291471,396.729246,0.6969231217069832,0.1111844537661204,1732.0,0,0.9355813057713294,0.875142863409178,0.9838097492802211,0.24283138392376663,0.24210982605775344
5340.964,-1.286406333333333,-0.119204,21.460890333333335,1.1434343333333334,0.2942653333333333,0.1223559999999999,0.0025403333333333,0.1198156666666666,0.1719093333333333,0.291725,397.19165933333335,0.6969660540087759,0.1111297003850366,1733.0,0,0.9363966103871091,0.8759372936248191,0.9846421725483605,0.24339280277338693,0.24230476763774056
5341.964,-1.2819136666666666,-0.12097,21.460570666666666,1.1444356666666666,0.2944906666666667,0.122436,0.0025116666666666,0.1199243333333333,0.1720546666666666,0.291979,397.65407266666665,0.6970089137817799,0.111075039502986,1734.0,0,0.9372119150028887,0.8767317238404608,0.9854745958164999,0.2435969742513427,0.24231718784500558
5342.964,-1.277421,-0.122736,21.460251,1.145437,0.294716,0.122516,0.002483,0.120033,0.1721999999999999,0.2922329999999999,398.116486,0.6970517012096331,0.1110204708857672,1735.0,0,0.9380272196186682,0.8775261540561026,0.9863070190846394,0.24490203735407634,0.24231944478258613
5343.964,-1.2797706666666666,-0.1136523333333333,21.459865666666666,1.1449056666666666,0.2944183333333333,0.1222946666666666,0.0024766666666666,0.119818,0.1721236666666666,0.2919416666666666,398.029837,0.6961117329687396,0.112219252156542,1736.0,0,0.9370920802037188,0.8759543519423333,0.9858698059460982,0.24151512633100375,0.2423186994952342
5344.964,-1.2821203333333333,-0.1045686666666666,21.459480333333335,1.1443743333333334,0.2941206666666666,0.1220733333333333,0.0024703333333333,0.119603,0.1720473333333333,0.2916503333333333,397.943188,0.695170930649333,0.1134190971629373,1737.0,0,0.9361569407887695,0.8743825498285641,0.9854325928075572,0.2409784260439649,0.24205477914379164
5345.964,-1.28447,-0.095485,21.459095,1.143843,0.293823,0.1218519999999999,0.002464,0.119388,0.171971,0.291359,397.856539,0.6942292931407438,0.1146200073214367,1738.0,0,0.9352218013738202,0.8728107477147948,0.9849953796690163,0.2411868899871596,0.24183525168547876
5346.964,-1.277178,-0.0996853333333333,21.459795,1.1440326666666667,0.2937776666666666,0.1218013333333333,0.002487,0.1193143333333333,0.1719763333333333,0.2912906666666666,397.82196366666665,0.6937794127908328,0.1151937587676029,1739.0,0,0.9350024608931968,0.8722721922618597,0.9850259273118835,0.2412720944699444,0.24164399968643346
5347.964,-1.269886,-0.1038856666666666,21.460495,1.1442223333333332,0.2937323333333333,0.1217506666666666,0.00251,0.1192406666666666,0.1719816666666666,0.2912223333333333,397.78738833333335,0.6933295603432905,0.1157674746286976,1740.0,0,0.9347831204125739,0.8717336368089247,0.9850564749547508,0.2408931266746997,0.24146693809701306
5348.964,-1.262594,-0.108086,21.461195,1.144412,0.293687,0.1216999999999999,0.002533,0.119167,0.171987,0.2911539999999999,397.752813,0.6928797357955205,0.1163411549080322,1741.0,0,0.9345637799319506,0.8711950813559902,0.9850870225976188,0.23997892962857142,0.2412744561538623
5349.964,-1.2610336666666666,-0.109632,21.459474333333333,1.1432013333333333,0.293709,0.1216636666666666,0.00251,0.1191536666666666,0.1720453333333333,0.291199,397.807295,0.6925673122937813,0.1167396018194713,1742.0,0,0.9347082236630928,0.8710976052559111,0.985421137441482,0.2406361093406379,0.2414434340740562
5350.964,-1.2594733333333334,-0.111178,21.45775366666667,1.1419906666666666,0.2937309999999999,0.1216273333333333,0.002487,0.1191403333333333,0.1721036666666666,0.2912439999999999,397.861777,0.6922551005783302,0.1171377786308958,1743.0,0,0.9348526673942347,0.8710001291558326,0.9857552522853451,0.24148028278293393,0.241636296607005
5351.964,-1.257913,-0.112724,21.456033,1.14078,0.293753,0.1215909999999999,0.002464,0.119127,0.1721619999999999,0.2912889999999999,397.916259,0.6919431004338912,0.1175356856168563,1744.0,0,0.9349971111253768,0.8709026530557541,0.9860893671292082,0.24182635835713856,0.24188344930227146
5352.964,-1.2570816666666669,-0.1140803333333333,21.455187,1.1426763333333332,0.293697,0.121469,0.0024356666666666,0.1190333333333333,0.172228,0.2912613333333333,397.83244033333335,0.6911340908519084,0.1185674497686285,1745.0,0,0.9349083049795637,0.8702178834527009,0.9864673942096942,0.24297721792256877,0.24217187134053683
5353.964,-1.2562503333333337,-0.1154366666666666,21.454341,1.144572666666667,0.293641,0.121347,0.0024073333333333,0.1189396666666666,0.1722939999999999,0.2912336666666666,397.7486216666667,0.6903257010747071,0.1195984234571369,1746.0,0,0.9348194988337504,0.8695331138496476,0.986845421290179,0.2432049055329426,0.242587588832603
5354.964,-1.255419,-0.116793,21.453495,1.146469,0.293585,0.121225,0.002379,0.118846,0.1723599999999999,0.2912059999999999,397.664803,0.6895179303902855,0.1206286075904276,1747.0,0,0.934730692687937,0.8688483442465952,0.9872234483706646,0.2429070513734532,0.2429903989187329
5355.964,-1.256571,-0.112199,21.454122333333338,1.1456083333333331,0.2936663333333333,0.1212616666666666,0.00238,0.1188816666666666,0.1724046666666666,0.2912863333333333,397.71509433333335,0.6895461672760177,0.1205925958952573,1748.0,0,0.9349885514968649,0.8691090928143053,0.9874792848796801,0.2436584169398237,0.24330353854693915
5356.964,-1.257723,-0.107605,21.454749666666665,1.1447476666666667,0.2937476666666667,0.1212983333333333,0.002381,0.1189173333333333,0.1724493333333333,0.2913666666666666,397.76538566666665,0.689574389534378,0.1205566028549933,1749.0,0,0.9352464103057925,0.8693698413820161,0.9877351213886956,0.24415631485259853,0.2434599417555337
5357.964,-1.258875,-0.103011,21.455377,1.143887,0.293829,0.121335,0.002382,0.118953,0.172494,0.291447,397.815677,0.6896025971767298,0.1205206284551435,1750.0,0,0.9355042691147203,0.8696305899497269,0.9879909578977112,0.2450503015953615,0.24338357471127078
5358.964,-1.2629003333333333,-0.10743,21.45451633333333,1.1441203333333334,0.293858,0.121407,0.002396,0.119011,0.172451,0.291462,397.8575863333333,0.6901108714308909,0.119872404792048,1751.0,0,0.935552417025101,0.8700546109850693,0.9877446675270919,0.2440070304898702,0.24298875394342323
5359.964,-1.2669256666666666,-0.111849,21.453655666666663,1.1443536666666667,0.293887,0.1214789999999999,0.00241,0.119069,0.172408,0.291477,397.89949566666667,0.6906193992192983,0.1192238577860005,1752.0,0,0.9356005649354816,0.8704786320204116,0.9874983771564727,0.2437675056227001,0.24271742069293084
5360.964,-1.270951,-0.116268,21.452795,1.144587,0.293916,0.1215509999999999,0.002424,0.119127,0.172365,0.291492,397.941405,0.6911281807316987,0.1185749871950087,1753.0,0,0.9356487128458623,0.8709026530557541,0.9872520867858533,0.24304431486887984,0.24232961657999486
5361.964,-1.2648656666666669,-0.112369,21.45231533333333,1.1451463333333334,0.2940633333333333,0.1217236666666666,0.0024376666666666,0.119286,0.1723396666666667,0.2916256666666666,398.01650866666665,0.6921523648896951,0.1172688018016987,1754.0,0,0.9360777642250323,0.8720650555491928,0.9871069854822329,0.24106268791450913,0.24216499867410488
5362.964,-1.2587803333333332,-0.10847,21.451835666666668,1.1457056666666667,0.2942106666666667,0.1218963333333333,0.0024513333333333,0.119445,0.1723143333333333,0.2917593333333333,398.0916123333334,0.6931768501932503,0.1159622323447151,1755.0,0,0.9365068156042026,0.8732274580426314,0.9869618841786117,0.2390290102440935,0.2421801039143315
5363.964,-1.252695,-0.104571,21.451356,1.146265,0.294358,0.122069,0.002465,0.119604,0.172289,0.291893,398.166716,0.6942016367752045,0.1146552786546412,1756.0,0,0.9369358669833728,0.87438986053607,0.9868167828749914,0.24049157302801827,0.2418822056175743
5364.964,-1.254987,-0.106082,21.453791,1.1472805,0.2942275,0.1218539999999999,0.002426,0.119428,0.1723735,0.2918015,398.3263185,0.6928402983039835,0.1163914512097199,1757.0,0,0.9366421647300506,0.8731031760150311,0.9873007720916736,0.2390290102440935,0.24193792599869202
5365.964,-1.257279,-0.107593,21.456226,1.148296,0.294097,0.121639,0.002387,0.119252,0.172458,0.29171,398.485921,0.6914802938669481,0.1181259224145544,1758.0,0,0.9363484624767284,0.871816491493992,0.9877847613083555,0.2420122378809243,0.24186740141088717
5366.964,-1.2569285,-0.1054769999999999,21.4542155,1.1475355,0.293765,0.1211995,0.0024454999999999,0.118754,0.1725654999999999,0.2913195,398.0254635,0.6881636934167409,0.1223557233050318,1759.0,0,0.9350950118764845,0.868175759156052,0.9884004872349031,0.24430736725486507,0.2417068590245878
5367.964,-1.256578,-0.103361,21.452205,1.146775,0.293433,0.12076,0.002504,0.118256,0.172673,0.290929,397.565006,0.6848512225349502,0.1265802575821718,1760.0,0,0.9338415612762405,0.8645350268181122,0.9890162131614518,0.24207131862778897,0.24172621839720235
5368.964,-1.2576285,-0.097454,21.455519,1.1494005,0.2937045,0.121077,0.0024305,0.1186465,0.1726275,0.291274,397.6298345,0.6872938130146526,0.1234651185893301,1761.0,0,0.9349489632149963,0.8673898580991675,0.9887556035832384,0.2445642343010475,0.24213523069973056
5369.964,-1.258679,-0.091547,21.458833,1.152026,0.293976,0.121394,0.002357,0.119037,0.172582,0.291619,397.694663,0.6897376914296309,0.1203483370381344,1762.0,0,0.9360563651537522,0.8702446893802228,0.9884949940050252,0.24306225974465162,0.24219291123005798
5370.964,-1.258987,-0.0929533333333333,21.457277,1.1519753333333334,0.2941,0.1216933333333333,0.002367,0.1193263333333333,0.1724066666666666,0.291733,397.761356,0.6921173265690039,0.1173134876546633,1763.0,0,0.9364222892726455,0.8723599207519306,0.9874907402457553,0.241438891005886,0.24242488033461002
5371.964,-1.259295,-0.0943596666666666,21.455721,1.1519246666666667,0.294224,0.1219926666666666,0.0023769999999999,0.1196156666666666,0.1722313333333333,0.291847,397.828049,0.6945018066681247,0.1142724592890197,1764.0,0,0.9367882133915387,0.8744751521236385,0.9864864864864862,0.24125628164065466,0.24240589821940958
5372.964,-1.259603,-0.095766,21.454165,1.151874,0.294348,0.122292,0.002387,0.119905,0.172056,0.291961,397.894742,0.6968911465386471,0.1112252330512745,1765.0,0,0.937154137510432,0.8765903834953469,0.9854822327272171,0.2431191332693759,0.2420724032300972
5373.964,-1.2573006666666666,-0.1027146666666666,21.453572,1.1516513333333334,0.2944073333333333,0.1221893333333333,0.0024073333333333,0.119782,0.1722179999999999,0.292,398.0581623333333,0.6955214000778077,0.1129721286712834,1766.0,0,0.9372793220774217,0.8756911664721208,0.9864101173793172,0.24106837833129285,0.24199089953138375
5374.964,-1.2549983333333334,-0.1096633333333333,21.452979,1.1514286666666669,0.2944666666666666,0.1220866666666666,0.0024276666666666,0.119659,0.17238,0.292039,398.2215826666667,0.6941542281341913,0.1147157409005417,1767.0,0,0.9374045066444114,0.8747919494488947,0.9873380020314183,0.2413487012896134,0.24151094621526353
5375.964,-1.252696,-0.116612,21.452386,1.151206,0.294526,0.121984,0.002448,0.119536,0.172542,0.292078,398.385003,0.692789623456182,0.1164560789873415,1768.0,0,0.9375296912114013,0.8738927324256686,0.9882658866835188,0.24182241672892002,0.24149696542593285
5376.964,-1.2591163333333333,-0.1088843333333333,21.453558,1.1529963333333333,0.2944486666666667,0.1220833333333333,0.0024693333333333,0.119614,0.1723653333333333,0.2919793333333333,398.37334266666664,0.6939522219149523,0.1149733679794879,1769.0,0,0.9372129849564527,0.874462967611129,0.9872539960135324,0.24097241736174102,0.24166498965228186
5377.964,-1.2655366666666668,-0.1011566666666666,21.45473,1.1547866666666666,0.2943713333333333,0.1221826666666666,0.0024906666666666,0.119692,0.1721886666666666,0.2918806666666667,398.36168233333336,0.6951172060266877,0.1134876144474632,1770.0,0,0.9368962787015043,0.8750332027965896,0.9862421053435461,0.24125628164065466,0.24189142647324974
5378.964,-1.271957,-0.093429,21.455902,1.156577,0.294294,0.122282,0.002512,0.11977,0.172012,0.291782,398.350022,0.6962845831419718,0.1119988090167568,1771.0,0,0.9365795724465557,0.87560343798205,0.9852302146735602,0.23976470113984522,0.2417051413103776
5379.964,-1.265511,-0.102938,21.454939333333332,1.1561833333333331,0.2943413333333333,0.1223003333333333,0.0024803333333333,0.11982,0.172041,0.291861,398.385645,0.69645784168982,0.1117778450595442,1772.0,0,0.9368331514412273,0.8759689733573451,0.9853963174816522,0.24292245185134503,0.2417473529665052
5380.964,-1.259065,-0.1124469999999999,21.453976666666662,1.1557896666666667,0.2943886666666666,0.1223186666666666,0.0024486666666666,0.11987,0.1720699999999999,0.29194,398.421268,0.6966310418373813,0.1115569555826885,1773.0,0,0.9370867304358989,0.8763345087326403,0.9855624202897437,0.2431191332693759,0.24204146835597862
5381.964,-1.252619,-0.121956,21.453014,1.155396,0.294436,0.122337,0.002417,0.11992,0.1720989999999999,0.292019,398.456891,0.696804183614178,0.1113361405485389,1774.0,0,0.9373403094305706,0.8767000441079355,0.9857285230978358,0.24352064985033317,0.24220623707353361
5382.964,-1.2590796666666666,-0.1132926666666666,21.453043333333333,1.156373,0.2943226666666667,0.1220686666666666,0.0024536666666666,0.119615,0.172254,0.291869,398.4422226666667,0.6944065484311049,0.1143939461493819,1775.0,0,0.9368588303267636,0.8744702783186349,0.9866163139686733,0.24125628164065466,0.24231054175161565
5383.964,-1.2655403333333333,-0.1046293333333333,21.453072666666667,1.15735,0.2942093333333333,0.1218003333333333,0.0024903333333333,0.11931,0.172409,0.291719,398.4275543333333,0.6920132242909345,0.1174462536947967,1776.0,0,0.9363773512229568,0.8722405125293344,0.9875041048395103,0.24149049489256885,0.24225925555049715
5384.964,-1.272001,-0.095966,21.453102,1.158327,0.294096,0.121532,0.002527,0.119005,0.172564,0.291569,398.412886,0.6896241995769709,0.1204930780000471,1777.0,0,0.9358958721191499,0.8700107467400339,0.9883918957103472,0.24428985518434781,0.24218173731413328
5385.964,-1.262711,-0.097162,21.45482266666667,1.159567,0.2940756666666667,0.1216653333333333,0.002537,0.1191283333333333,0.1724103333333333,0.2915386666666666,398.25153466666666,0.6909541909464575,0.1187968837302096,1778.0,0,0.9357985063448243,0.8709124006657617,0.987511741750227,0.24347010390447005,0.2420385416182557
5386.964,-1.253421,-0.098358,21.456543333333332,1.160807,0.2940553333333333,0.1217986666666666,0.002547,0.1192516666666666,0.1722566666666666,0.2915083333333333,398.09018333333336,0.6922865552186357,0.1170976631971644,1779.0,0,0.935701140570499,0.8718140545914895,0.9866315877901068,0.24201546414256092,0.24195277666240084
5387.964,-1.244131,-0.099554,21.458264,1.162047,0.294035,0.121932,0.002557,0.119375,0.172103,0.291478,397.928832,0.6936212987495932,0.1153954082947235,1780.0,0,0.9356037747961737,0.872715708517218,0.9857514338299871,0.24074341962946977,0.24185559518127545
5388.964,-1.243043,-0.0977776666666666,21.456616,1.161568333333333,0.2941876666666667,0.1219213333333333,0.002548,0.1193733333333333,0.1722663333333333,0.2916396666666667,398.023652,0.692953974636321,0.1162464749730685,1781.0,0,0.9361227022747213,0.8727035240047081,0.9866869553928043,0.2389895187762069,0.2420678716786644
5389.964,-1.241955,-0.0960013333333333,21.454968,1.1610896666666668,0.2943403333333333,0.1219106666666666,0.002539,0.1193716666666666,0.1724296666666666,0.2918013333333333,398.118472,0.692287914756076,0.1170959293215402,1782.0,0,0.9366416297532685,0.8726913394921979,0.9876224769556214,0.24149049489256885,0.24230070451121724
5390.964,-1.240867,-0.094225,21.45332,1.160611,0.294493,0.1219,0.00253,0.11937,0.172593,0.291963,398.213292,0.6916231155196589,0.117943775917596,1783.0,0,0.9371605572318159,0.8726791549796886,0.9885579985184393,0.24226148371082762,0.24224428346519003
5391.964,-1.2451746666666663,-0.0901033333333333,21.452746,1.1611236666666669,0.2942776666666666,0.1217406666666666,0.0024706666666666,0.11927,0.172537,0.291807,398.2532356666667,0.6912680105252177,0.1183966563426731,1784.0,0,0.9366598189638567,0.8719480842290983,0.9882372482683305,0.24254883503907865,0.2421713035750121
5392.964,-1.2494823333333334,-0.0859816666666666,21.452172,1.1616363333333335,0.2940623333333333,0.1215813333333333,0.0024113333333333,0.11917,0.172481,0.291651,398.29317933333334,0.6909126749457912,0.1188498308425386,1785.0,0,0.9361590806958977,0.8712170134785079,0.9879164980182216,0.24337904661454424,0.24218988314504514
5393.964,-1.25379,-0.08186,21.451598,1.162149,0.293847,0.121422,0.002352,0.11907,0.172425,0.291495,398.333123,0.6905571085567141,0.1193032997037178,1786.0,0,0.9356583424279385,0.8704859427279176,0.9875957477681128,0.2438188232180974,0.24222180997354906
5394.964,-1.2535565,-0.0856885,21.4511825,1.1642845,0.294187,0.1216425,0.0024045,0.119238,0.1725445,0.2917825,398.393649,0.6910525049914371,0.1186714996686549,1787.0,0,0.9365811773769017,0.8717141415889094,0.9882802058911129,0.24372564472407604,0.24245297332216792
5395.964,-1.253323,-0.089517,21.450767,1.16642,0.294527,0.121863,0.002457,0.119406,0.1726639999999999,0.29207,398.454175,0.6915472157067154,0.1180405741606149,1788.0,0,0.9375040123258649,0.8729423404499012,0.9889646640141124,0.24274030500269067,0.24278058787897402
5396.964,-1.250268,-0.0914939999999999,21.452841999999997,1.166234,0.2943274999999999,0.121827,0.002487,0.11934,0.1725005,0.2918405,398.402981,0.6918200711298165,0.1176925900941192,1789.0,0,0.9367673492970404,0.8724598337545115,0.9880281878374559,0.24220125984289131,0.24287950327646035
5397.964,-1.247213,-0.093471,21.454917,1.166048,0.294128,0.121791,0.002517,0.119274,0.172337,0.291611,398.351787,0.6920934442781047,0.1173439457507857,1790.0,0,0.9360306862682158,0.8719773270591219,0.9870917116607989,0.24106268791450913,0.24284872662927812
5398.964,-1.2468776666666666,-0.0958356666666666,21.454746333333333,1.1672533333333333,0.2941763333333333,0.1217453333333333,0.0025123333333333,0.119233,0.172431,0.291664,398.20199433333335,0.6914783798830845,0.1181283633991627,1791.0,0,0.9362008088848942,0.8716775880513798,0.9876301138663388,0.24130115226239496,0.24264013597763895
5399.964,-1.2465423333333334,-0.0982003333333333,21.454575666666667,1.1684586666666668,0.2942246666666667,0.1216996666666666,0.0025076666666666,0.119192,0.1725249999999999,0.291717,398.05220166666663,0.6908639857180946,0.1189119262748222,1792.0,0,0.9363709315015727,0.8713778490436378,0.9881685160718781,0.2447666404606304,0.24245980007008527
5400.964,-1.246207,-0.100565,21.454405,1.169664,0.294273,0.121654,0.002503,0.119151,0.172619,0.29177,397.902409,0.6902502606882169,0.1196946357741599,1793.0,0,0.9365410541182511,0.8710781100358957,0.9887069182774184,0.24325063768569039,0.24225095232316624
5401.964,-1.2367905,-0.097999,21.4508175,1.1674745,0.2941265,0.1217305,0.0025505,0.11918,0.172396,0.291576,398.0154175,0.6913113337239047,0.1183414044342398,1794.0,0,0.9359183411439942,0.8712901205535669,0.9874296449600207,0.24224106856725697,0.24215998815370074
5402.964,-1.227374,-0.095433,21.44723,1.165285,0.29398,0.121807,0.002598,0.119209,0.172173,0.291382,398.128426,0.6923751553660831,0.1169846676801595,1795.0,0,0.9352956281697372,0.8715021310712381,0.986152371642623,0.24129314009815217,0.24193850204078604
5403.964,-1.2323616666666666,-0.0946626666666666,21.448805,1.1667553333333334,0.2938826666666667,0.1217273333333333,0.0025613333333333,0.119166,0.1721553333333333,0.2913213333333334,398.07562,0.6921964338614709,0.1172125987772891,1796.0,0,0.9351008966210866,0.8711877706484843,0.9860511825756243,0.24201546414256092,0.2418774550876616
5404.964,-1.2373493333333334,-0.0938923333333333,21.450380000000003,1.1682256666666666,0.2937853333333333,0.1216476666666666,0.0025246666666666,0.119123,0.1721376666666666,0.2912606666666666,398.022814,0.6920176756723261,0.1174405766597553,1797.0,0,0.9349061650724355,0.8708734102257305,0.9859499935086256,0.24163716725488527,0.24173792619534357
5405.964,-1.242337,-0.093122,21.451955,1.169696,0.293688,0.121568,0.002488,0.11908,0.17212,0.2912,397.970008,0.6918388807873531,0.117668601341964,1798.0,0,0.934711433523785,0.8705590498029766,0.9858488044416273,0.24183066330803582,0.24139057615909576
5406.964,-1.242895,-0.084262,21.4507675,1.171494,0.2939819999999999,0.121803,0.002501,0.119302,0.1721789999999999,0.291481,397.9289895,0.6928911604135208,0.116326584609283,1799.0,0,0.9356134043782498,0.8721820268692873,0.9861867377408484,0.23998639871374428,0.24121354066882011
5407.964,-1.243453,-0.075402,21.44958,1.173292,0.294276,0.122038,0.002514,0.119524,0.1722379999999999,0.2917619999999999,397.887971,0.6939427191286528,0.11498548728495,1800.0,0,0.9365153752327144,0.8738050039355978,0.9865246710400702,0.24045221838326464,0.24096678597082316
5408.964,-1.2416613333333333,-0.0786343333333333,21.448750333333333,1.173634,0.2941596666666666,0.121961,0.002576,0.119385,0.1721986666666666,0.2915836666666666,398.084567,0.693294024959398,0.1158127944073953,1801.0,0,0.9359429500759663,0.8727888155922772,0.9862993821739227,0.239905863339215,0.24047195122423742
5409.964,-1.2398696666666666,-0.0818666666666666,21.44792066666667,1.173976,0.2940433333333333,0.121884,0.002638,0.119246,0.1721593333333333,0.2914053333333333,398.281163,0.6926450343768696,0.1166404795582305,1802.0,0,0.9353705249192182,0.8717726272489567,0.986074093307775,0.24129314009815217,0.24032807539275108
5410.964,-1.238078,-0.085099,21.447091,1.174318,0.293927,0.121807,0.0027,0.119107,0.17212,0.291227,398.477759,0.6919957471778575,0.1174685429966182,1803.0,0,0.9347980997624702,0.870756438905636,0.9858488044416273,0.24148028278293393,0.2404261719815623
5411.964,-1.2424485,-0.0764604999999999,21.449069,1.175497,0.293652,0.1217565,0.0026625,0.119094,0.1718954999999999,0.2909895,397.9117185,0.6928238794856206,0.1164123908235126,1804.0,0,0.9340357578481093,0.8706613997080593,0.9845629395996726,0.2397735215872871,0.2402026541069889
5412.964,-1.246819,-0.067822,21.451047,1.176676,0.293377,0.121706,0.002625,0.119081,0.171671,0.290752,397.345678,0.6936541777342841,0.1153534763343286,1805.0,0,0.9332734159337484,0.8705663605104825,0.983277074757719,0.23634479263229513,0.24040275591603963
5413.964,-1.2317155,-0.0795205,21.449165,1.1778395000000002,0.2937174999999999,0.121888,0.002558,0.11933,0.1718294999999999,0.2911595,397.3669395,0.6944634392613653,0.1143213908663117,1806.0,0,0.9345814341657571,0.8723867266794525,0.9841849125191872,0.2405767058276974,0.24067411454982895
5414.964,-1.216612,-0.091219,21.447283,1.179003,0.294058,0.12207,0.002491,0.119579,0.1719879999999999,0.2915669999999999,397.388201,0.6952712092052401,0.1132912076774718,1807.0,0,0.9358894523977656,0.8742070928484225,0.9850927502806558,0.24261813314299735,0.24100401876920174
5415.964,-1.2286169999999998,-0.0821705,21.446054,1.17952,0.2938455,0.12173,0.0025115,0.1192185,0.1721154999999999,0.291334,397.710569,0.6926616564942932,0.1166192806685434,1808.0,0,0.9351415548565191,0.8715715827925443,0.9858230298679572,0.23959548456230212,0.24123288363718612
5416.964,-1.240622,-0.073122,21.444825,1.180037,0.293633,0.12139,0.002532,0.118858,0.1722429999999999,0.291101,398.032937,0.6900559671164164,0.1199424265874805,1809.0,0,0.9343936573152724,0.8689360727366661,0.9865533094552585,0.24198741680425162,0.2412646851953939
5417.964,-1.2444023333333332,-0.0792636666666666,21.446096333333333,1.1802246666666667,0.293662,0.121396,0.002486,0.11891,0.1722659999999999,0.291176,397.9264656666667,0.690265692210348,0.1196749553010275,1810.0,0,0.9346343968671759,0.8693162295269731,0.9866850461651246,0.243165804721158,0.24145148045146528
5418.964,-1.2481826666666669,-0.0854053333333333,21.44736766666667,1.1804123333333334,0.293691,0.121402,0.00244,0.118962,0.172289,0.291251,397.81999433333334,0.6904753613094202,0.119407555427188,1811.0,0,0.9348751364190793,0.86969638631728,0.9868167828749914,0.2432049055329426,0.2419806249046778
5419.964,-1.251963,-0.091547,21.448639,1.1806,0.29372,0.1214079999999999,0.002394,0.119014,0.172312,0.291326,397.713523,0.6906849744360554,0.119140226937366,1812.0,0,0.9351158759709827,0.870076543107587,0.9869485195848574,0.24358178877799547,0.24181761433723487
5420.964,-1.241010333333333,-0.0887613333333333,21.447472333333337,1.181694,0.2936716666666666,0.1214669999999999,0.0024296666666666,0.1190373333333333,0.1722046666666666,0.291242,397.63965766666666,0.691250965415385,0.1184183946924777,1813.0,0,0.9348462476728508,0.8702471262827245,0.9863337482721485,0.24179829836501215,0.24161804988143193
5421.964,-1.2300576666666667,-0.0859756666666666,21.446305666666667,1.1827880000000002,0.2936233333333333,0.121526,0.0024653333333333,0.1190606666666666,0.1720973333333333,0.291158,397.5657923333333,0.6918176623829401,0.1176956620709328,1814.0,0,0.9345766193747189,0.870417709457862,0.9857189769594401,0.24164147414800108,0.24181234925441655
5422.964,-1.219105,-0.08319,21.445139,1.183882,0.293575,0.121585,0.002501,0.119084,0.1719899999999999,0.291074,397.491927,0.6923850666604648,0.1169720273870549,1815.0,0,0.9343069910765872,0.8705882926330002,0.9851042056467312,0.2416362371644205,0.24160419717359
5423.964,-1.2259886666666668,-0.0795,21.446699333333335,1.1835173333333333,0.293716,0.1216983333333333,0.0024846666666666,0.1192136666666666,0.1720176666666666,0.2912313333333333,397.66166,0.6930275008913762,0.1161527038288577,1816.0,0,0.9348120091588022,0.8715362477062653,0.9852626715441065,0.23894660015326757,0.24148959341668577
5424.964,-1.2328723333333331,-0.07581,21.448259666666665,1.1831526666666667,0.293857,0.1218116666666666,0.0024683333333333,0.1193433333333333,0.1720453333333333,0.2913886666666666,397.831393,0.6936697285033683,0.1153336437805111,1817.0,0,0.9353170272410173,0.872484202779531,0.985421137441482,0.24062248858496782,0.2413033534477381
5425.964,-1.239756,-0.07212,21.44982,1.182788,0.293998,0.1219249999999999,0.002452,0.119473,0.1720729999999999,0.2915459999999999,398.001126,0.6943117495961041,0.1145148471149105,1818.0,0,0.9358220453232325,0.8734321578527966,0.9855796033388567,0.2415384782921487,0.2410783218160764
5426.964,-1.232814,-0.075288,21.44818933333333,1.1834593333333332,0.293761,0.121677,0.0024513333333333,0.1192256666666666,0.172084,0.2913096666666666,397.85190966666664,0.6928300936552672,0.1164044656300203,1819.0,0,0.9350634482463457,0.8716239761963361,0.9856426078522715,0.23990589599598616,0.2408406342008556
5427.964,-1.225872,-0.078456,21.446558666666668,1.1841306666666669,0.293524,0.121429,0.0024506666666666,0.1189783333333333,0.172095,0.2910733333333333,397.70269333333334,0.6913486271228462,0.1182938425845627,1820.0,0,0.934304851169459,0.8698157945398761,0.9857056123656858,0.24201976715211548,0.24067674109065687
5428.964,-1.21893,-0.081624,21.444928,1.184802,0.293287,0.121181,0.00245,0.118731,0.172106,0.290837,397.553477,0.6898673499625232,0.1201829780248557,1821.0,0,0.9335462540925723,0.8680076128834163,0.9857686168791001,0.24134250584346595,0.24057078795698456
5429.964,-1.220053,-0.077377,21.445261,1.186202,0.2933816666666667,0.121379,0.0024403333333333,0.1189386666666666,0.1720026666666667,0.2909413333333333,397.83627966666666,0.6914891349215423,0.1181146470435362,1822.0,0,0.9338811495581089,0.8695258031421418,0.9851767562985422,0.24133147246137898,0.24085744619583954
5430.964,-1.221176,-0.07313,21.445594,1.1876019999999998,0.2934763333333333,0.121577,0.0024306666666666,0.1191463333333333,0.1718993333333333,0.2910456666666667,398.1190823333333,0.6931128696667255,0.1160438294174197,1823.0,0,0.934216045023646,0.8710439934008679,0.9845848957179839,0.23942142221280394,0.24099415225379542
5431.964,-1.222299,-0.068883,21.445927,1.189002,0.293571,0.121775,0.002421,0.119354,0.171796,0.29115,398.401885,0.6947385577163745,0.1139705206594673,1824.0,0,0.9345509404891827,0.8725621836595941,0.9839930351374262,0.24000254304601343,0.24088791572526264
5432.964,-1.2279283333333333,-0.0706476666666666,21.445052,1.1886226666666666,0.2936966666666666,0.1218376666666666,0.002457,0.1193806666666666,0.171859,0.2912396666666667,398.02731966666664,0.6946390472865512,0.1140974305212361,1825.0,0,0.9348387579979028,0.872757135859751,0.9843538791687987,0.2405767058276974,0.24096042427358788
5433.964,-1.2335576666666668,-0.0724123333333333,21.444177,1.188243333333333,0.2938223333333333,0.1219003333333333,0.002493,0.1194073333333333,0.171922,0.2913293333333333,397.65275433333335,0.6945396097865517,0.1142242473725148,1826.0,0,0.9351265755066227,0.8729520880599088,0.984714723200171,0.24181318254181738,0.24083007743260737
5434.964,-1.239187,-0.074177,21.443302,1.187864,0.293948,0.121963,0.002529,0.119434,0.171985,0.291419,397.278189,0.694440245136232,0.1143509713155143,1827.0,0,0.935414393015343,0.8731470402600664,0.9850755672315434,0.24198954916452647,0.24067871654198977
5435.964,-1.230991,-0.0795003333333333,21.444060333333333,1.1884473333333334,0.293833,0.1218833333333333,0.0025116666666666,0.1193716666666666,0.1719496666666666,0.2913213333333333,397.41858533333334,0.6942204353186573,0.1146313040767473,1828.0,0,0.9351008966210865,0.8726913394921979,0.984873189097546,0.2404761130068211,0.24057944149234559
5436.964,-1.222795,-0.0848236666666666,21.444818666666663,1.1890306666666666,0.293718,0.1218036666666666,0.0024943333333333,0.1193093333333333,0.1719143333333333,0.2912236666666666,397.5589816666667,0.6940005351471462,0.1149117520701785,1829.0,0,0.9347874002268298,0.8722356387243302,0.9846708109635488,0.24063098147923856,0.24099657581331124
5437.964,-1.214599,-0.090147,21.445577,1.189614,0.293603,0.121724,0.002477,0.119247,0.171879,0.291126,397.699378,0.6937805445659762,0.1151923153668734,1830.0,0,0.9344739038325736,0.8717799379564625,0.9844684328295518,0.24071629874231049,0.24106787884486286
5438.964,-1.2200386666666667,-0.085057,21.444527,1.1891326666666666,0.2938503333333333,0.1217563333333333,0.0024716666666666,0.1192846666666666,0.172094,0.2913786666666667,397.78529233333336,0.6931326689715951,0.1160185785261455,1831.0,0,0.9352849286340972,0.8720553079391843,0.9856998846826481,0.23982889693729037,0.2410007945960146
5439.964,-1.2254783333333332,-0.079967,21.443477,1.1886513333333333,0.2940976666666667,0.1217886666666666,0.0024663333333333,0.1193223333333333,0.172309,0.2916313333333333,397.87120666666664,0.6924864101522448,0.1168427797438098,1832.0,0,0.9360959534356207,0.8723306779219069,0.9869313365357445,0.24033872196493639,0.24088528712880097
5440.964,-1.230918,-0.074877,21.442427,1.18817,0.294345,0.121821,0.002461,0.11936,0.172524,0.291884,397.957121,0.691841762063469,0.117664926728617,1833.0,0,0.9369069782371443,0.8726060479046295,0.988162788388841,0.24359276542246078,0.2408135416593428
5441.964,-1.223145,-0.070808,21.441902,1.187674,0.2942813333333333,0.121899,0.0024993333333333,0.1193996666666666,0.1723823333333333,0.291782,398.1724306666666,0.6926404331431885,0.1166463477062375,1834.0,0,0.9365795724465557,0.8728960393023633,0.9873513666251726,0.2407155733615295,0.2406027948056145
5442.964,-1.215372,-0.066739,21.441377,1.187178,0.2942176666666667,0.121977,0.0025376666666666,0.1194393333333333,0.1722406666666666,0.29168,398.38774033333334,0.6934404180173205,0.1156260931462526,1835.0,0,0.936252166655967,0.8731860307000977,0.9865399448615042,0.239905863339215,0.2401933336938657
5443.964,-1.207599,-0.06267,21.440852,1.186682,0.294154,0.122055,0.002576,0.119479,0.172099,0.291578,398.60305,0.694241719930273,0.1146041589109316,1836.0,0,0.9359247608653783,0.873476022097832,0.9857285230978364,0.24065810786968123,0.2397888733041807
5444.964,-1.208513,-0.0657233333333333,21.443702333333334,1.1883263333333334,0.293869,0.121898,0.002589,0.119309,0.171971,0.29128,398.42774733333334,0.6937699160328427,0.1152058703849069,1837.0,0,0.9349682223791486,0.8722332018218285,0.9849953796690163,0.2412720944699444,0.23945359728064702
5445.964,-1.209427,-0.0687766666666666,21.446552666666665,1.1899706666666667,0.293584,0.121741,0.002602,0.119139,0.1718429999999999,0.290982,398.25244466666663,0.6932974092781824,0.1158084782424477,1838.0,0,0.934011683892919,0.8709903815458249,0.9842622362401956,0.2383686444695381,0.23941761804701053
5446.964,-1.210341,-0.07183,21.449403,1.191615,0.293299,0.121584,0.002615,0.118969,0.1717149999999999,0.290684,398.077142,0.6928241980945284,0.116411984488091,1839.0,0,0.9330551454066892,0.8697475612698213,0.9835290928113753,0.23653637036175085,0.2392948812916645
5447.964,-1.2085255,-0.0678395,21.447046,1.189596,0.2933835,0.121655,0.0025545,0.1191005,0.1717284999999999,0.290829,397.6218735,0.6935354729385458,0.115504865583126,1840.0,0,0.9335205752070359,0.8707089193068476,0.9836064165323837,0.23667169484545986,0.23970958045601504
5448.964,-1.20671,-0.063849,21.444689,1.187577,0.293468,0.121726,0.002494,0.119232,0.171742,0.290974,397.166605,0.6942466359618733,0.1145978892878181,1841.0,0,0.9339860050073826,0.8716702773438739,0.9836837402533927,0.23647613670195433,0.24000969925943885
5449.964,-1.211358,-0.0591156666666666,21.443978666666663,1.188005,0.2936056666666666,0.1216223333333333,0.0024726666666666,0.1191496666666666,0.1719833333333333,0.291133,397.140202,0.6927937234593073,0.1164508500798711,1842.0,0,0.9344963728574178,0.8710683624258874,0.9850660210931471,0.23997892962857142,0.24007489879488336
5450.964,-1.216006,-0.0543823333333333,21.443268333333332,1.188433,0.2937433333333333,0.1215186666666666,0.0024513333333333,0.1190673333333333,0.1722246666666666,0.291292,397.113799,0.6913448827797636,0.1182986179037315,1843.0,0,0.9350067407074532,0.8704664475079016,0.9864483019329018,0.2423653978690003,0.2402383944852342
5451.964,-1.220654,-0.049649,21.442558,1.188861,0.293881,0.121415,0.00243,0.118985,0.172466,0.291451,397.087396,0.6899000968301181,0.1201412145589837,1844.0,0,0.9355171085574885,0.8698645325899157,0.9878305827726568,0.2448625650050349,0.2408022330872674
5452.964,-1.202646,-0.0617775,21.4433455,1.1893075,0.293608,0.121288,0.0024665,0.1188215,0.17232,0.2911415,397.707865,0.6895358081719584,0.1206058072989921,1845.0,0,0.9345236566733003,0.8686692319127005,0.9869943410491587,0.2429070513734532,0.2414992084534539
5453.964,-1.184638,-0.073906,21.444133,1.189754,0.293335,0.121161,0.002503,0.118658,0.172174,0.290832,398.328334,0.689170901698853,0.1210711879645425,1846.0,0,0.933530204789112,0.8674739312354853,0.9861580993256607,0.2413101032241261,0.24213647045579592
5454.964,-1.1912813333333334,-0.0711673333333333,21.444175333333337,1.1907593333333333,0.29361,0.121302,0.002462,0.11884,0.172308,0.291148,398.38159233333334,0.6896911943079005,0.120407636784924,1847.0,0,0.9345445207677986,0.8688044800015599,0.9869256088527069,0.2429070513734532,0.24266868662210167
5455.964,-1.1979246666666667,-0.0684286666666666,21.444217666666667,1.1917646666666668,0.293885,0.121443,0.002421,0.119022,0.1724419999999999,0.291464,398.43485066666665,0.690210678311094,0.1197451168545661,1848.0,0,0.9355588367464851,0.8701350287676343,0.9876931183797524,0.2440070304898702,0.2430062243067876
5456.964,-1.204568,-0.06569,21.44426,1.19277,0.29416,0.121584,0.00238,0.119204,0.1725759999999999,0.29178,398.488109,0.6907293555919968,0.1190836257712805,1849.0,0,0.9365731527251716,0.8714655775337087,0.9884606279067986,0.2435061240236155,0.24312786339768708
5457.964,-1.2058755,-0.061881,21.4424,1.19062,0.2938435,0.12148,0.002352,0.119128,0.1723634999999999,0.2914915,398.90465,0.6911399969251211,0.1185599175035549,1850.0,0,0.9356471079155164,0.8709099637632599,0.9872434952612963,0.24304431486887984,0.24304230994617065
5458.964,-1.207183,-0.058072,21.44054,1.18847,0.293527,0.121376,0.002324,0.119052,0.1721509999999999,0.291203,399.321191,0.6915516520284402,0.1180349163318039,1851.0,0,0.934721063105861,0.8703543499928114,0.986026362615794,0.24179829836501215,0.24310978368662486
5459.964,-1.2028196666666666,-0.060443,21.442329666666662,1.189939,0.2936686666666666,0.121418,0.0023813333333333,0.1190366666666666,0.1722506666666666,0.2912873333333333,399.176822,0.6910624957668531,0.1186587580100243,1852.0,0,0.9349917613575568,0.8702422524777202,0.9865972216918808,0.2433543064754305,0.24316140919992613
5460.964,-1.1984563333333331,-0.062814,21.444119333333333,1.191408,0.2938103333333333,0.12146,0.0024386666666666,0.1190213333333333,0.1723503333333333,0.2913716666666666,399.032453,0.6905739052400716,0.1192818781827089,1853.0,0,0.9352624596092526,0.87013015496263,0.9871680807679675,0.24358178877799547,0.24285359375630983
5461.964,-1.194093,-0.065185,21.445909,1.192877,0.293952,0.121502,0.002496,0.119006,0.17245,0.291456,398.888084,0.690085879467211,0.1199042781008217,1854.0,0,0.9355331578609487,0.8700180574475398,0.9877389398440543,0.2440070304898702,0.242957920866859
5462.964,-1.196605,-0.064146,21.445324333333332,1.1933836666666666,0.2939049999999999,0.1215736666666666,0.0024893333333333,0.1190843333333333,0.1723313333333333,0.2914156666666667,398.78994866666665,0.691015615177651,0.1187185468091064,1855.0,0,0.9354036934797029,0.870590729535502,0.987059254790252,0.24358178877799547,0.24316693103390427
5463.964,-1.199117,-0.063107,21.444739666666667,1.1938903333333333,0.293858,0.1216453333333333,0.0024826666666666,0.1191626666666666,0.1722126666666666,0.2913753333333333,398.69181333333336,0.6919466321875345,0.1175311814219948,1856.0,0,0.9352742290984569,0.8711634016234642,0.9863795697364498,0.24182635835713856,0.24333771008955085
5464.964,-1.201629,-0.062068,21.444155,1.194397,0.293811,0.121717,0.002476,0.119241,0.1720939999999999,0.291335,398.593678,0.6928789331473897,0.1163421785591561,1857.0,0,0.9351447647172112,0.871736073711427,0.9856998846826477,0.23982889693729037,0.24360831440151465
5465.964,-1.1961495,-0.063764,21.4417965,1.1933105,0.2939665,0.1214695,0.0024875,0.118982,0.1724969999999999,0.291479,398.936909,0.6897587218402532,0.1203215160656016,1858.0,0,0.9356069846568658,0.8698426004673981,0.9880081409468235,0.2450503015953615,0.24377791391350775
5466.964,-1.19067,-0.06546,21.439438,1.192224,0.294122,0.121222,0.002499,0.118723,0.1729,0.291623,399.28014,0.6866530557949346,0.1242823033841925,1859.0,0,0.9360692045965204,0.867949127223369,0.9903163972110002,0.24559622569406903,0.24402940454966723
5467.964,-1.195679,-0.0547555,21.4397365,1.1930165,0.293871,0.121186,0.00248,0.118706,0.1726849999999999,0.291391,399.244639,0.6874095178532135,0.1233175553128593,1860.0,0,0.9353245169159657,0.8678248451957687,0.9890849453579031,0.24475210542534503,0.24397571189112716
5468.964,-1.200688,-0.044051,21.440035,1.193809,0.29362,0.12115,0.002461,0.118689,0.1724699999999999,0.291159,399.209138,0.6881678659020938,0.1223504019579095,1861.0,0,0.934579829235411,0.8677005631681683,0.9878534935048069,0.24450434148465056,0.2438040914596038
5469.964,-1.2019885,-0.052868,21.440115,1.1939215,0.293868,0.121379,0.002502,0.118877,0.172489,0.291366,399.1520495,0.6891819815641487,0.1210570573435052,1862.0,0,0.9352442703986646,0.8690749761792782,0.9879623194825229,0.2450503015953615,0.24385799541078995
5470.964,-1.203289,-0.061685,21.440195,1.194034,0.294116,0.121608,0.002543,0.119065,0.172508,0.2915729999999999,399.094961,0.6901958738384665,0.1197639976249341,1863.0,0,0.9359087115619178,0.8704493891903881,0.9880711454602383,0.24609669513958987,0.24407708243227244
5471.964,-1.1940355,-0.060307,21.4425905,1.1959045,0.294049,0.121621,0.002492,0.119129,0.172428,0.2915569999999999,398.972376,0.6908872637433379,0.1188822388242594,1864.0,0,0.935857353790845,0.8709172744707658,0.9876129308172258,0.24347010390447005,0.24374092177555168
5472.964,-1.184782,-0.058929,21.444986,1.197775,0.293982,0.1216339999999999,0.002441,0.119193,0.172348,0.291541,398.849791,0.6915792954992485,0.1179996614437954,1865.0,0,0.9358059960197727,0.8713851597511436,0.9871547161742131,0.2418655844627613,0.24331800052747415
5473.964,-1.191706,-0.0540065,21.4437065,1.198267,0.293768,0.1215455,0.0024605,0.119085,0.1722225,0.2913075,399.0265965,0.6914561601639728,0.1181567011471356,1866.0,0,0.9350564935481799,0.8705956033405061,0.9864358919529872,0.2423653978690003,0.24301165948775508
5474.964,-1.19863,-0.049084,21.442427,1.198759,0.293554,0.121457,0.00248,0.118977,0.172097,0.291074,399.203402,0.6913328452393404,0.1183139698883815,1867.0,0,0.9343069910765872,0.8698060469298685,0.9857170677317612,0.24201976715211548,0.2427599670197152
5475.964,-1.2018295,-0.059198,21.441010499999997,1.1983685,0.2936185,0.1213825,0.002583,0.1187995,0.172236,0.2910355,399.4962445,0.689744363870713,0.1203398273916893,1868.0,0,0.9341834114399434,0.8685083963475707,0.9865132156739955,0.24168869502815404,0.24242675105649894
5476.964,-1.205029,-0.069312,21.439594,1.197978,0.293683,0.121308,0.002686,0.118622,0.172375,0.290997,399.789087,0.6881584443309973,0.1223624176861868,1869.0,0,0.9340598318032997,0.8672107457652729,0.9873093636162299,0.24136701321329357,0.2419691616843882
5477.964,-1.1975436666666666,-0.0662666666666666,21.438671666666668,1.197436333333333,0.2936993333333333,0.121427,0.002663,0.118764,0.1722723333333333,0.2910363333333333,399.5624266666667,0.6893928253550557,0.1207881593354636,1870.0,0,0.9341860863238532,0.8682488662311111,0.9867213214910303,0.24168869502815404,0.24185794839112945
5478.964,-1.1900583333333334,-0.0632213333333333,21.437749333333333,1.1968946666666669,0.2937156666666666,0.121546,0.00264,0.118906,0.1721696666666666,0.2910756666666667,399.3357663333333,0.6906286785205378,0.1192120235004918,1871.0,0,0.9343123408444073,0.8692869866969494,0.9861332793658306,0.24198741680425162,0.2418173804327594
5479.964,-1.182573,-0.060176,21.436827,1.196353,0.293732,0.121665,0.002617,0.119048,0.172067,0.291115,399.109106,0.6918660064625614,0.117634006820594,1872.0,0,0.9344385953649611,0.8703251071627877,0.9855452372406314,0.2417181419631993,0.2417518451455182
5480.964,-1.188081333333333,-0.048674,21.435835333333333,1.1958886666666666,0.2936056666666666,0.1215816666666666,0.0025853333333333,0.1189963333333333,0.1720239999999999,0.2910203333333333,398.8846486666667,0.6917386038850941,0.1177964887184621,1873.0,0,0.9341347285527807,0.8699473872749824,0.9852989468700115,0.2415208014184823,0.24174861011073187
5481.964,-1.1935896666666668,-0.037172,21.43484366666667,1.1954243333333334,0.2934793333333333,0.1214983333333333,0.0025536666666666,0.1189446666666666,0.171981,0.2909256666666666,398.6601913333334,0.6916111375996713,0.1179590518657817,1874.0,0,0.9338308617406,0.8695696673871772,0.9850526564993928,0.24235797097188255,0.24189632108003228
5482.964,-1.199098,-0.02567,21.433852,1.19496,0.293353,0.121415,0.002522,0.118893,0.1719379999999999,0.2908309999999999,398.435734,0.6914836075584947,0.1181216963235118,1875.0,0,0.9335269949284196,0.8691919474993727,0.9848063661287729,0.24145990487906122,0.2418927670048408
5483.964,-1.192087,-0.0312773333333333,21.434802333333337,1.1957696666666666,0.2934506666666666,0.1214016666666666,0.0025053333333333,0.1188963333333333,0.1720489999999999,0.2909453333333333,398.72654166666666,0.6910568633149279,0.1186659413142922,1876.0,0,0.9338939890008771,0.8692163165243921,0.985442138945953,0.2417100449965882,0.24164458485072463
5484.964,-1.185076,-0.0368846666666666,21.43575266666667,1.1965793333333334,0.2935483333333333,0.1213883333333333,0.0024886666666666,0.1188996666666666,0.17216,0.2910596666666666,399.01734933333336,0.6906306693540735,0.119209484506245,1877.0,0,0.9342609830733343,0.8692406855494115,0.9860779117631336,0.24198741680425162,0.2416627451414591
5485.964,-1.178065,-0.042492,21.436703,1.197389,0.293646,0.121375,0.002472,0.118903,0.172271,0.291174,399.308157,0.6902050246122411,0.1197523272559398,1878.0,0,0.9346279771457917,0.8692650545744317,0.9867136845803136,0.243165804721158,0.2416202449549544
5486.964,-1.1806215,-0.053862,21.438118000000003,1.198919,0.293383,0.1213819999999999,0.0025234999999999,0.1188585,0.172001,0.2908595,398.982754,0.6910297554679595,0.1187005130985535,1879.0,0,0.9336184759581433,0.8689397280904191,0.985167210160146,0.24133147246137898,0.2418263436909057
5487.964,-1.183178,-0.065232,21.439533,1.200449,0.29312,0.121389,0.002575,0.118814,0.171731,0.290545,398.657351,0.6918570796357115,0.1176453915805991,1880.0,0,0.9326089747704949,0.8686144016064063,0.9836207357399784,0.23920687348699238,0.24188125173106276
5488.964,-1.1956565,-0.0477869999999999,21.437667,1.2005645,0.293553,0.121573,0.002531,0.119042,0.17198,0.291022,398.6057485,0.6921811130299276,0.1172321380820313,1881.0,0,0.9341400783206008,0.8702812429177522,0.9850469288163551,0.2421690197115965,0.2417601624338337
5489.964,-1.208135,-0.030342,21.435801,1.20068,0.293986,0.121757,0.002487,0.11927,0.172229,0.291499,398.554146,0.6925042094873134,0.1168200794986481,1882.0,0,0.9356711818707067,0.8719480842290983,0.9864731218927318,0.24129314009815217,0.24171141507123886
5490.964,-1.2019476666666666,-0.034613,21.436041,1.200842,0.2938496666666667,0.121574,0.0025056666666666,0.1190683333333333,0.1722756666666666,0.291344,398.555255,0.6911460248050616,0.1185522298932072,1883.0,0,0.9351736534634395,0.8704737582154075,0.9867404137678223,0.24358178877799547,0.24163723930783956
5491.964,-1.195760333333333,-0.038884,21.436281,1.201004,0.2937133333333333,0.121391,0.0025243333333333,0.1188666666666666,0.1723223333333333,0.291189,398.556364,0.6897885757394048,0.1202834421247964,1884.0,0,0.9346761250561724,0.8689994322017168,0.9870077056429131,0.2429070513734532,0.24144327738471386
5492.964,-1.189573,-0.043155,21.436521,1.201166,0.293577,0.121208,0.002543,0.118665,0.1723689999999999,0.2910339999999999,398.557473,0.6884318616928702,0.1220137169553979,1885.0,0,0.934178596648905,0.8675251061880267,0.9872749975180035,0.24024901190677028,0.2416960243982386
5493.964,-1.183375,-0.0443656666666666,21.435864666666667,1.2001743333333332,0.293437,0.1210396666666666,0.002536,0.1185036666666666,0.1723973333333333,0.2909009999999999,398.60986,0.6873829020002127,0.123351499636396,1886.0,0,0.9337516851768629,0.8663456453770738,0.9874372818707374,0.24122257137063957,0.24214242696252403
5494.964,-1.177177,-0.0455763333333333,21.435208333333332,1.1991826666666667,0.293297,0.1208713333333333,0.002529,0.1183423333333333,0.1724256666666666,0.2907679999999999,398.662247,0.6863342870399011,0.1246888426656465,1887.0,0,0.9333247737048208,0.8651661845661216,0.9875995662234708,0.24124565917025936,0.2424007355338989
5495.964,-1.170979,-0.046787,21.434552,1.198191,0.293157,0.1207029999999999,0.002522,0.118181,0.172454,0.290635,398.714634,0.6852860166420225,0.1260257462598467,1888.0,0,0.9328978622327789,0.8639867237551694,0.9877618505762049,0.2412261854899007,0.24270904936577847
5496.964,-1.176762,-0.0416596666666666,21.435121333333335,1.199902,0.2934336666666666,0.1209119999999999,0.0025313333333333,0.1183806666666666,0.1725216666666666,0.2909023333333333,398.8093373333333,0.6861745702980092,0.1248925361847245,1889.0,0,0.9337559649911192,0.8654464283538478,0.988149423795086,0.24385894259662583,0.24277439409708168
5497.964,-1.182545,-0.0365323333333333,21.435690666666662,1.201613,0.2937103333333333,0.1211209999999999,0.0025406666666666,0.1185803333333333,0.1725893333333333,0.2911696666666666,398.9040406666667,0.6870624272120298,0.1237602146941132,1890.0,0,0.9346140677494593,0.8669061329525266,0.9885369970139676,0.24367089912984724,0.24279533294060265
5498.964,-1.188328,-0.031405,21.43626,1.203324,0.293987,0.12133,0.00255,0.11878,0.172657,0.291437,398.998744,0.6879495882032689,0.1226287807432719,1891.0,0,0.9354721705077998,0.8683658375512056,0.9889245702328494,0.24475210542534503,0.24332484693908424
5499.964,-1.18195,-0.03573,21.435471,1.2021160000000002,0.2937475,0.121158,0.002547,0.118611,0.1725895,0.2912005,398.873971,0.6872394482894482,0.1235344522237347,1892.0,0,0.9347130384541309,0.8671303279827078,0.9885379516278076,0.2443762784169478,0.24385207386281743
5500.964,-1.175572,-0.040055,21.434682,1.200908,0.293508,0.120986,0.002544,0.118442,0.1725219999999999,0.290964,398.749198,0.6865287526880475,0.124440832396081,1893.0,0,0.933953906400462,0.8658948184142102,0.988151333022765,0.24423523609102776,0.24427978108473464
5501.964,-1.1764673333333333,-0.0426006666666666,21.434639,1.2024283333333334,0.293628,0.1209453333333333,0.0025266666666666,0.1184186666666666,0.1726826666666666,0.2911013333333333,398.73225433333334,0.6857548774155441,0.1254277882763255,1894.0,0,0.9343947272688364,0.865724235239072,0.9890715807641488,0.24311643980866315,0.24453473296539735
5502.964,-1.1773626666666668,-0.0451463333333333,21.434596,1.2039486666666666,0.293748,0.1209046666666666,0.0025093333333333,0.1183953333333333,0.1728433333333333,0.2912386666666667,398.71531066666665,0.6849824408475449,0.1264129093158393,1895.0,0,0.9348355481372108,0.8655536520639345,0.9899918285055327,0.2455441518915859,0.2444038744339337
5503.964,-1.178258,-0.047692,21.434553,1.205469,0.293868,0.120864,0.002492,0.118372,0.173004,0.291376,398.698367,0.6842114389757521,0.1273962006265744,1896.0,0,0.9352763690055851,0.865383068888797,0.9909120762469165,0.24649484060797133,0.24411121312647452
5504.964,-1.1843923333333333,-0.0438753333333333,21.434859,1.205508,0.293741,0.1208569999999999,0.0024966666666666,0.1183603333333333,0.172884,0.2912443333333333,398.80489566666665,0.6846188699617277,0.1268765866504079,1897.0,0,0.934853737347799,0.8652977773012279,0.9902247542823978,0.24552273138943104,0.24366858449673737
5505.964,-1.1905266666666667,-0.0400586666666666,21.435165,1.205547,0.293614,0.12085,0.0025013333333333,0.1183486666666666,0.172764,0.2911126666666667,398.91142433333334,0.6850268669387126,0.1263562508419583,1898.0,0,0.934431105690013,0.8652124857136588,0.9895374323178787,0.24377570429652817,0.24311055434197323
5506.964,-1.196661,-0.036242,21.435471,1.205586,0.293487,0.1208429999999999,0.002506,0.118337,0.172644,0.290981,399.017953,0.6854354310869124,0.1258351916960595,1899.0,0,0.9340084740322269,0.8651271941260904,0.9888501103533598,0.2425503572819896,0.24263043704502238
5507.964,-1.1920233333333332,-0.0352356666666666,21.435908333333337,1.2056733333333334,0.293276,0.1208956666666666,0.0025166666666666,0.118379,0.1723803333333333,0.2907593333333333,398.930467,0.6867274878950544,0.1241873769774415,1900.0,0,0.9332969549121566,0.8654342438413383,0.9873399112590973,0.24074428605525533,0.24240065290946475
5508.964,-1.187385666666667,-0.0342293333333333,21.436345666666664,1.2057606666666667,0.293065,0.1209483333333333,0.0025273333333333,0.118421,0.1721166666666666,0.2905376666666667,398.842981,0.6880235033010361,0.1225345136914972,1901.0,0,0.9325854357920866,0.8657412935565862,0.9858297121648347,0.24032581912797352,0.24202930405110973
5509.964,-1.182748,-0.033223,21.436783,1.205848,0.292854,0.121001,0.002538,0.118463,0.171853,0.290316,398.755495,0.6893234955252714,0.1208765786009619,1902.0,0,0.9318739166720164,0.8660483432718342,0.9843195130705727,0.2387959768693066,0.24166661226004593
5510.964,-1.179175,-0.038984,21.437074666666664,1.2071606666666668,0.293058,0.121126,0.0025273333333333,0.1185986666666666,0.171932,0.2905306666666666,398.62662366666666,0.6897958313218909,0.1202741887734442,1903.0,0,0.9325629667672419,0.8670401625901346,0.9847720000305477,0.23943406312151938,0.24152997060636272
5511.964,-1.175602,-0.044745,21.437366333333333,1.2084733333333333,0.293262,0.121251,0.0025166666666666,0.1187343333333333,0.172011,0.2907453333333333,398.4977523333333,0.6902677332589198,0.1196723522654205,1904.0,0,0.933252016862468,0.8680319819084358,0.9852244869905226,0.2408185984530864,0.24147902930097903
5512.964,-1.172029,-0.050506,21.437658,1.209786,0.293466,0.121376,0.002506,0.11887,0.17209,0.29096,398.368881,0.6907392019338605,0.1190710683148704,1905.0,0,0.9339410669576939,0.869023801226737,0.9856769739504975,0.24183066330803582,0.24157617037389567
5513.964,-1.180896,-0.0471516666666666,21.436112333333337,1.2083566666666667,0.293637,0.121368,0.0025073333333333,0.1188606666666666,0.172269,0.2911296666666667,398.7429223333333,0.6899672993943616,0.1200555082852413,1906.0,0,0.9344856733217778,0.8689555679566813,0.9867022292142382,0.24286792269733376,0.24199874277327452
5514.964,-1.189763,-0.0437973333333333,21.434566666666665,1.2069273333333332,0.293808,0.12136,0.0025086666666666,0.1188513333333333,0.172448,0.2912993333333333,399.11696366666666,0.6891969993060749,0.1210379045817763,1907.0,0,0.9350302796858614,0.8688873346866264,0.9877274844779789,0.24415631485259853,0.2422679251865651
5515.964,-1.19863,-0.040443,21.433021,1.205498,0.293979,0.121352,0.00251,0.118842,0.1726269999999999,0.291469,399.491005,0.6884282966841997,0.1220182635618026,1908.0,0,0.9355748860499452,0.8688191014165716,0.9887527397417191,0.24326629124269156,0.2428903856006377
5516.964,-1.1855336666666667,-0.03703,21.433560333333332,1.20649,0.293898,0.1213243333333333,0.0025036666666666,0.1188206666666666,0.1725736666666666,0.2913943333333333,399.41032966666666,0.6885174339995827,0.1219045829718004,1909.0,0,0.9353352164516058,0.8686631396564451,0.9884472633130442,0.24352176801115555,0.24358327574078614
5517.964,-1.172437333333333,-0.033617,21.43409966666667,1.207482,0.293817,0.1212966666666666,0.0024973333333333,0.1187993333333333,0.1725203333333333,0.2913196666666666,399.32965433333334,0.6886066264268766,0.1217908320952458,1910.0,0,0.9350955468532662,0.8685071778963195,0.9881417868843694,0.24497001004904384,0.24403885578537068
5518.964,-1.159341,-0.030204,21.434639,1.208474,0.293736,0.1212689999999999,0.002491,0.118778,0.172467,0.291245,399.248979,0.6886958740172089,0.1216770108669346,1911.0,0,0.9348558772549269,0.8683512161361937,0.9878363104556945,0.24301764326087966,0.2442118541254817
5519.964,-1.165007,-0.032103,21.4338475,1.2095635,0.294085,0.12125,0.0024385,0.1188115,0.172835,0.2916465,399.2780535,0.6874233377305654,0.1232999302385077,1912.0,0,0.9361446363227834,0.8685961248376416,0.9899440978135524,0.24502058101003232,0.24416551921095353
5520.964,-1.170673,-0.034002,21.433056,1.210653,0.294434,0.121231,0.002386,0.118845,0.1732029999999999,0.292048,399.307128,0.6861562088635368,0.1249159532990402,1913.0,0,0.9374333953906399,0.8688410335390894,0.99205188517141,0.24636296452300388,0.24398642751259367
5521.964,-1.1714896666666668,-0.0325756666666666,21.431921333333335,1.2099996666666666,0.294224,0.1213256666666666,0.0023946666666666,0.118931,0.1728983333333333,0.2918293333333333,399.3055563333333,0.6878626869585,0.1227396095778047,1914.0,0,0.9367315058526456,0.869469754384597,0.9903068510726039,0.2453743988989322,0.24389633817522455
5522.964,-1.1723063333333332,-0.0311493333333333,21.430786666666663,1.2093463333333334,0.294014,0.1214203333333333,0.0024033333333333,0.119017,0.1725936666666666,0.2916106666666666,399.3039846666667,0.6895751896543734,0.1205555824281076,1915.0,0,0.9360296163146515,0.8700984752301046,0.9885618169737973,0.2435606467091454,0.24372722770491256
5523.964,-1.173123,-0.029723,21.429652,1.208693,0.293804,0.121515,0.002412,0.119103,0.172289,0.291392,399.302413,0.6912937489117185,0.1183638310892924,1916.0,0,0.9353277267766578,0.8707271960756124,0.9868167828749914,0.24240457355205208,0.24358840557780775
5524.964,-1.171868666666667,-0.0319399999999999,21.43071666666667,1.209991,0.2937503333333333,0.121515,0.002412,0.119103,0.1722353333333333,0.2913383333333333,399.10596266666664,0.6915091473150263,0.1180891243913355,1917.0,0,0.9351554642528512,0.8707271960756124,0.9865093972186368,0.2423653978690003,0.24373920574591584
5525.964,-1.1706143333333332,-0.034157,21.431781333333333,1.211289,0.2936966666666666,0.121515,0.002412,0.119103,0.1721816666666666,0.2912846666666666,398.90951233333334,0.6917246799910173,0.1178142464497443,1918.0,0,0.9349832017290446,0.8707271960756124,0.9862020115622824,0.2423653978690003,0.24355552208320336
5526.964,-1.16936,-0.036374,21.432846,1.212587,0.293643,0.121515,0.002412,0.119103,0.172128,0.2912309999999999,398.713062,0.6919403470652824,0.1175391971043472,1919.0,0,0.9348109392052381,0.8707271960756124,0.9858946259059286,0.24183066330803582,0.24327279810782917
5527.964,-1.1744393333333334,-0.0329386666666666,21.433815,1.2122783333333331,0.2938256666666666,0.12152,0.0024396666666666,0.1190803333333333,0.1723056666666666,0.291386,398.82297266666666,0.6910953339007971,0.1186168781483154,1920.0,0,0.9353084676125054,0.8705614867054784,0.986912244258952,0.24358178877799547,0.24330424924947214
5528.964,-1.1795186666666666,-0.0295033333333333,21.434784,1.2119696666666668,0.2940083333333333,0.121525,0.0024673333333333,0.1190576666666666,0.1724833333333333,0.2915409999999999,398.93288333333334,0.6902520615398886,0.119692339071823,1921.0,0,0.9358059960197722,0.8703957773353443,0.9879298626119759,0.2445256449419605,0.24350688633157164
5529.964,-1.184598,-0.026068,21.435753,1.211661,0.294191,0.12153,0.002495,0.119035,0.1726609999999999,0.2916959999999999,399.042794,0.6894105246087733,0.1207655867282837,1922.0,0,0.9363035244270395,0.870230067965211,0.9889474809649994,0.24318374438290774,0.24380386886625968
5530.964,-1.1723843333333333,-0.033452,21.43425033333333,1.2108830000000002,0.2942843333333333,0.121459,0.002499,0.11896,0.1728253333333333,0.2917853333333333,399.29634066666665,0.6883210313243159,0.1221550636140145,1923.0,0,0.9365902719821957,0.8696817649022682,0.9898887302108549,0.24353572476926189,0.24402295173843536
5531.964,-1.160170666666667,-0.040836,21.432747666666668,1.210105,0.2943776666666666,0.121388,0.002503,0.118885,0.1729896666666666,0.2918746666666666,399.54988733333334,0.6872336079788505,0.1235419006189627,1924.0,0,0.9368770195373518,0.8691334618393255,0.9908299794567097,0.24568891031536172,0.24414568849378138
5532.964,-1.147957,-0.04822,21.431245,1.209327,0.294471,0.121317,0.002507,0.11881,0.1731539999999999,0.291964,399.803434,0.6861482486789294,0.1249261052592917,1925.0,0,0.937163767092508,0.8685851587763826,0.9917712287025646,0.24558701753014095,0.24408757467239175
5533.964,-1.1515913333333332,-0.0447086666666666,21.431705666666662,1.2114783333333334,0.2944576666666667,0.121517,0.0025266666666666,0.1189903333333333,0.1729406666666666,0.291931,399.7773473333333,0.6880373921842624,0.1225168006110342,1926.0,0,0.9370578416896705,0.869903523029947,0.9905493229878646,0.2453743988989322,0.24393094220884826
5534.964,-1.1552256666666667,-0.0411973333333333,21.432166333333335,1.2136296666666666,0.2944443333333333,0.1217169999999999,0.0025463333333333,0.1191706666666666,0.1727273333333333,0.291898,399.75126066666667,0.6899312021768288,0.1201015445941535,1927.0,0,0.936951916286833,0.8712218872835114,0.9893274172731644,0.2445562265907566,0.2436264059929456
5535.964,-1.15886,-0.037686,21.432627,1.215781,0.294431,0.121917,0.002566,0.119351,0.172514,0.291865,399.725174,0.6918296959684666,0.1176803151301301,1928.0,0,0.9368459908839954,0.8725402515370764,0.9881055115584644,0.24359276542246078,0.24349459000093096
5536.964,-1.1613246666666666,-0.0328146666666666,21.432262333333338,1.215693666666667,0.2942126666666667,0.1218366666666666,0.002553,0.1192836666666666,0.172376,0.2916596666666666,399.4438573333333,0.6919929379596271,0.1174721257114947,1929.0,0,0.9361868994885618,0.8720479972316784,0.9873150912992676,0.2412495250941395,0.24350029406625087
5537.964,-1.1637893333333331,-0.0279433333333333,21.431897666666668,1.2156063333333331,0.2939943333333333,0.1217563333333333,0.00254,0.1192163333333333,0.1722379999999999,0.2914543333333333,399.16254066666664,0.6921564415337605,0.1172636026850257,1930.0,0,0.9355278080931286,0.8715557429262812,0.9865246710400702,0.24201546414256092,0.2434947885458622
5538.964,-1.166254,-0.023072,21.431533,1.215519,0.293776,0.121676,0.002527,0.119149,0.1720999999999999,0.291249,398.881224,0.6923202073201203,0.1170547452482093,1931.0,0,0.9348687166976951,0.871063488620884,0.9857342507808735,0.24148028278293393,0.24320157620339183
5539.964,-1.1719579999999998,-0.0222326666666666,21.432434,1.2160016666666666,0.2940383333333333,0.12173,0.0025136666666666,0.1192163333333333,0.1723083333333333,0.2915246666666666,398.7998283333333,0.6918739166769841,0.1176239185894334,1932.0,0,0.9357535682951357,0.8715557429262812,0.9869275180803859,0.2418655844627613,0.24309330170054486
5540.964,-1.177662,-0.0213933333333333,21.433335,1.2164843333333333,0.2943006666666666,0.121784,0.0025003333333333,0.1192836666666666,0.1725166666666666,0.2918003333333333,398.7184326666667,0.6914287039201783,0.1181917172566111,1933.0,0,0.9366384198925763,0.8720479972316784,0.9881207853798977,0.24359276542246078,0.24313468004637356
5541.964,-1.183366,-0.020554,21.434236,1.216967,0.294563,0.121838,0.002487,0.119351,0.172725,0.292076,398.637037,0.6909845651494273,0.1187581462239294,1934.0,0,0.9375232714900172,0.8725402515370764,0.9893140526794101,0.24563385511147534,0.2430958940574218
5542.964,-1.1688815,-0.0247,21.4330815,1.2182529999999998,0.294058,0.121348,0.0024324999999999,0.1189155,0.17271,0.2916255,398.8170705,0.6885230240112094,0.1218974537934409,1935.0,0,0.9360772292482504,0.8693564384182555,0.9892281374338453,0.2426548941054369,0.24296958141938227
5543.964,-1.154397,-0.028846,21.431927,1.219539,0.293553,0.120858,0.002378,0.11848,0.172695,0.291175,398.997104,0.6860610552647427,0.1250373067098455,1936.0,0,0.9346311870064838,0.8661726252994346,0.9891422221882803,0.24429165387046287,0.24296958141938227
5544.964,-1.1582646666666665,-0.026576,21.430525666666668,1.2186586666666666,0.2937163333333333,0.1211913333333333,0.0024346666666666,0.1187566666666666,0.1725249999999999,0.2912816666666666,398.96934266666665,0.6883406945426581,0.1221299862796468,1937.0,0,0.9349735721469685,0.8681952543760673,0.9881685160718781,0.24497001004904384,0.24300811158736502
5545.964,-1.162132333333333,-0.024306,21.429124333333338,1.2177783333333334,0.2938796666666666,0.1215246666666666,0.0024913333333333,0.1190333333333333,0.172355,0.2913883333333333,398.9415813333333,0.6906248307766097,0.119216930691134,1938.0,0,0.9353159572874535,0.8702178834527009,0.9871948099554768,0.2432049055329426,0.24316089210653652
5546.964,-1.166,-0.022036,21.427723,1.216898,0.294043,0.121858,0.002548,0.11931,0.172185,0.291495,398.91382,0.6929134772861905,0.1162981229572668,1939.0,0,0.9356583424279385,0.8722405125293344,0.986221103839075,0.23998639871374428,0.24321724704955025
5547.964,-1.1702846666666666,-0.0233586666666666,21.428978333333333,1.2172403333333333,0.293974,0.1217433333333333,0.0025166666666666,0.1192266666666666,0.1722306666666666,0.2914573333333333,398.77198766666663,0.6922459090953075,0.1171495009181167,1940.0,0,0.9355374376752046,0.871631286903842,0.9864826680311276,0.24201546414256092,0.24305739167759896
5548.964,-1.1745693333333334,-0.0246813333333333,21.430233666666663,1.2175826666666667,0.2939049999999999,0.1216286666666666,0.0024853333333333,0.1191433333333333,0.1722763333333333,0.2914196666666666,398.63015533333333,0.6915786948176584,0.118000427518444,1941.0,0,0.9354165329224707,0.8710220612783502,0.9867442322231809,0.2418655844627613,0.24326711280958974
5549.964,-1.178854,-0.026004,21.431489,1.217925,0.293836,0.121514,0.002454,0.11906,0.1723219999999999,0.291382,398.488323,0.690911834171875,0.11885090311709,1942.0,0,0.9352956281697372,0.8704128356528585,0.9870057964152334,0.24339338965447593,0.2433774987464646
5550.964,-1.1660483333333334,-0.0259016666666666,21.429920666666668,1.218463,0.293839,0.1213993333333333,0.002437,0.1189623333333333,0.1724396666666666,0.291402,398.4957923333333,0.6898740049717583,0.1201744906099827,1943.0,0,0.9353598253835782,0.8696988232197816,0.987679753785998,0.24415631485259853,0.2432812007905473
5551.964,-1.1532426666666666,-0.0257993333333333,21.428352333333333,1.219001,0.293842,0.1212846666666666,0.00242,0.1188646666666666,0.1725573333333333,0.291422,398.5032616666667,0.6888375911527502,0.1214962730074583,1944.0,0,0.9354240225974192,0.868984810786705,0.9883537111567627,0.2440353013919625,0.2432955993684726
5552.964,-1.140437,-0.025697,21.426784,1.219539,0.293845,0.12117,0.002403,0.118767,0.172675,0.291442,398.510731,0.6878025898213995,0.1228162539996574,1945.0,0,0.93548821981126,0.8682707983536289,0.9890276685275272,0.24475210542534503,0.2435804089398716
5553.964,-1.1576875,-0.0256755,21.4298475,1.222375,0.293844,0.121289,0.0024075,0.1188815,0.172555,0.2914365,398.206423,0.6889444586105381,0.1213599804166261,1946.0,0,0.9354705655774538,0.8691078743630548,0.9883403465630082,0.24539551323921127,0.24379449401087538
5554.964,-1.174938,-0.025654,21.432911,1.225211,0.293843,0.121408,0.002412,0.118996,0.172435,0.291431,397.902115,0.6900879166763321,0.1199016799618285,1947.0,0,0.9354529113436476,0.8699449503724808,0.9876530245984895,0.2440070304898702,0.24375787974638036
5555.964,-1.1665705000000002,-0.021913,21.432058,1.2270815000000002,0.2940225,0.121487,0.002434,0.1190529999999999,0.1725355,0.2915885,398.1661445,0.6900163153883381,0.1199929961140944,1948.0,0,0.9359584644026447,0.8703616607003164,0.988228656743774,0.24334889131219584,0.24350227697973104
5556.964,-1.158203,-0.018172,21.431205,1.228952,0.294202,0.121566,0.002456,0.11911,0.172636,0.291746,398.430174,0.6899447974652014,0.1200842059476303,1949.0,0,0.9364640174616421,0.8707783710281537,0.9888042888890587,0.24283449442773442,0.2432555149972866
5557.964,-1.1566136666666669,-0.0211383333333333,21.430963666666667,1.2287726666666667,0.293825,0.1214026666666666,0.002471,0.1189316666666666,0.1724223333333333,0.291354,398.48602166666666,0.689765499642353,0.1203128720477925,1950.0,0,0.93520575207036,0.8694746281896004,0.9875804739466788,0.24415631485259853,0.2432099038867963
5558.964,-1.1550243333333334,-0.0241046666666666,21.430722333333332,1.2285933333333332,0.293448,0.1212393333333333,0.002486,0.1187533333333333,0.1722086666666666,0.290962,398.54186933333335,0.6895857568971155,0.1205421055763035,1951.0,0,0.933947486679078,0.8681708853510479,0.9863566590042991,0.24149944181781163,0.24307860346266605
5559.964,-1.153435,-0.027071,21.430481,1.228414,0.293071,0.121076,0.002501,0.118575,0.171995,0.29057,398.597717,0.6894055675713389,0.1207719086478724,1952.0,0,0.932689221287796,0.8668671425124954,0.9851328440619201,0.24083736198798228,0.24266916736498442
5560.964,-1.154893333333333,-0.0217856666666666,21.42879,1.2269013333333332,0.2934893333333333,0.1212923333333333,0.0024853333333333,0.118807,0.172197,0.291004,398.57592066666666,0.6899441340782123,0.1200850519931276,1953.0,0,0.9340823008281439,0.868563226653865,0.9862898360355268,0.24168869502815404,0.24247393157189165
5561.964,-1.1563516666666669,-0.0165003333333333,21.427099,1.225388666666667,0.2939076666666667,0.1215086666666666,0.0024696666666666,0.119039,0.172399,0.291438,398.55412433333333,0.6904814385150811,0.119399804909662,1954.0,0,0.9354753803684918,0.8702593107952347,0.9874468280091337,0.2435791902870595,0.24212193213440109
5562.964,-1.15781,-0.011215,21.425408,1.223876,0.294326,0.121725,0.002454,0.119271,0.1726009999999999,0.2918719999999999,398.532328,0.6910174853130324,0.1187161617463228,1955.0,0,0.9368684599088396,0.8719553949366041,0.9886038199827399,0.24343910118404272,0.2417331427069544
5563.964,-1.1561473333333334,-0.0135776666666666,21.426458,1.224722,0.2941746666666666,0.1217336666666666,0.0024626666666666,0.119271,0.1724409999999999,0.2917119999999999,398.8199313333334,0.6916586446457361,0.1178984641197551,1956.0,0,0.9363548821981122,0.8719553949366041,0.9876873906967147,0.24130115226239496,0.24140665082363907
5564.964,-1.1544846666666666,-0.0159403333333333,21.427508,1.225568,0.2940233333333333,0.1217423333333333,0.0024713333333333,0.119271,0.172281,0.291552,399.10753466666665,0.6923009948804865,0.1170792476854162,1957.0,0,0.935841304487385,0.8719553949366041,0.9867709614106901,0.24205467255894259,0.24128056330178124
5565.964,-1.152822,-0.018303,21.428558,1.226414,0.293872,0.121751,0.00248,0.119271,0.172121,0.291392,399.395138,0.6929445393383762,0.1162585082077762,1958.0,0,0.9353277267766578,0.8719553949366041,0.9858545321246649,0.23982889693729037,0.24131041430461875
5566.964,-1.1511156666666666,-0.0189303333333333,21.42749333333333,1.2265306666666669,0.2936913333333333,0.12168,0.0025203333333333,0.1191596666666666,0.1720113333333333,0.291171,399.12691766666666,0.6927390865383682,0.1165205308570135,1959.0,0,0.9346183475637156,0.8711414695009464,0.9852263962182015,0.23894660015326757,0.24134081766175025
5567.964,-1.1494093333333333,-0.0195576666666666,21.426428666666663,1.2266473333333332,0.2935106666666666,0.121609,0.0025606666666666,0.1190483333333333,0.1719016666666666,0.29095,398.85869733333334,0.6925333715978812,0.1167828878250957,1960.0,0,0.9339089683507734,0.8703275440652894,0.9845982603117382,0.24089139601944515,0.24114652234948633
5568.964,-1.147703,-0.020185,21.425364,1.226764,0.29333,0.121538,0.002601,0.118937,0.1717919999999999,0.2907289999999999,398.590477,0.6923273940148901,0.1170455797522767,1961.0,0,0.933199589137831,0.8695136186296324,0.9839701244052749,0.24023856659923298,0.24100458894629365
5569.964,-1.153173,-0.0158246666666666,21.426435333333337,1.228644,0.2933896666666666,0.1215406666666666,0.0025613333333333,0.1189793333333333,0.171849,0.2908283333333333,398.463817,0.6923440985355447,0.1170242757702624,1962.0,0,0.9335184352999077,0.869823105247382,0.9842966023384221,0.24113587201635728,0.24113725326042895
5570.964,-1.158643,-0.0114643333333333,21.427506666666662,1.230524,0.2934493333333333,0.1215433333333333,0.0025216666666666,0.1190216666666666,0.171906,0.2909276666666667,398.337157,0.6923607919786086,0.1170029859159682,1963.0,0,0.9338372814619845,0.8701325918651317,0.9846230802715685,0.24199272859946952,0.24117323130007548
5571.964,-1.164113,-0.007104,21.428578,1.232404,0.293509,0.121546,0.002482,0.119064,0.171963,0.291027,398.210497,0.6923774743550974,0.1169817101753455,1964.0,0,0.934156127624061,0.8704420784828821,0.9849495582047151,0.2416362371644205,0.2414810467436917
5572.964,-1.1573743333333333,-0.0089266666666666,21.427171333333337,1.231793,0.2935303333333333,0.121416,0.0024503333333333,0.1189656666666666,0.1721143333333333,0.29108,398.3203933333333,0.6911973754033148,0.1184867403024413,1965.0,0,0.9343262502407395,0.8697231922448011,0.9858163475710804,0.24201976715211548,0.24187709186571027
5573.964,-1.1506356666666666,-0.0107493333333333,21.42576466666667,1.231182,0.2935516666666666,0.121286,0.0024186666666666,0.1188673333333333,0.1722656666666666,0.291133,398.4302896666667,0.6900193498452013,0.1199891261428588,1966.0,0,0.9344963728574178,0.8690043060067209,0.9866831369374456,0.24262779540374807,0.24210453273588156
5574.964,-1.143897,-0.012572,21.424358,1.230571,0.293573,0.121156,0.002387,0.118769,0.172417,0.291186,398.540186,0.6888433922212298,0.1214888746593639,1967.0,0,0.9346664954740963,0.8682854197686406,0.9875499263038114,0.24241445295540748,0.24227941775638345
5575.964,-1.145676,-0.0118426666666666,21.425991333333336,1.230396,0.29358,0.121224,0.002401,0.118823,0.172356,0.291179,398.56428366666665,0.6894004885209187,0.1207783861757847,1968.0,0,0.934644026449252,0.8686801979739595,0.9872005376385145,0.2429070513734532,0.24233470005756308
5576.964,-1.147455,-0.0111133333333333,21.427624666666667,1.230221,0.293587,0.121292,0.002415,0.118877,0.172295,0.291172,398.58838133333336,0.689957979291452,0.1200673946068463,1969.0,0,0.9346215574244077,0.8690749761792782,0.9868511489732174,0.2429070513734532,0.24228537137939732
5577.964,-1.149234,-0.010384,21.429258,1.230046,0.293594,0.12136,0.002429,0.118931,0.172234,0.291165,398.612479,0.690515864951955,0.1193558994180203,1970.0,0,0.9345990883995634,0.869469754384597,0.9865017603079203,0.243165804721158,0.24233138424648612
5578.964,-1.1519613333333334,-0.0078316666666666,21.42901,1.2312713333333334,0.2935503333333333,0.1213236666666666,0.002456,0.1188676666666666,0.1722266666666666,0.2910943333333333,398.5606163333333,0.6901775363230451,0.1197873842342719,1971.0,0,0.934372258243992,0.8690067429092226,0.9864597572989771,0.24198741680425162,0.2422574205910344
5579.964,-1.1546886666666667,-0.0052793333333333,21.428762,1.2324966666666666,0.2935066666666666,0.1212873333333333,0.002483,0.1188043333333333,0.1722193333333333,0.2910236666666666,398.5087536666667,0.6898391788813169,0.1202189057967297,1972.0,0,0.9341454280884207,0.868543731433849,0.9864177542900344,0.24168869502815404,0.24208195627818405
5580.964,-1.157416,-0.002727,21.428514,1.233722,0.293463,0.121251,0.00251,0.118741,0.1722119999999999,0.2909529999999999,398.456891,0.6895007926230889,0.1206504641100889,1973.0,0,0.9339185979328493,0.8680807199584754,0.9863757512810911,0.24149944181781163,0.242434035365015
5581.964,-1.156694,-0.01104,21.427845,1.2336605,0.293685,0.1216144999999999,0.0025295,0.119085,0.1720705,0.2911554999999999,398.967819,0.6920669605367535,0.1173777215867455,1974.0,0,0.9345685947229886,0.8705956033405061,0.9855652841312631,0.24209636583530814,0.24246839399623873
5582.964,-1.155972,-0.019353,21.427176,1.233599,0.293907,0.1219779999999999,0.002549,0.119429,0.171929,0.2913579999999999,399.478747,0.6946373524108649,0.1140995920679147,1975.0,0,0.9352185915131279,0.8731104867225369,0.9847548169814346,0.24128013059759845,0.24230264136830737
5583.964,-1.139073,-0.018992,21.425908999999997,1.231965,0.294089,0.1217359999999999,0.002487,0.119249,0.172353,0.291602,399.5721,0.6918841454216321,0.1176108734385716,1976.0,0,0.9360017975219873,0.8717945593714742,0.9871833545894015,0.2408731522752448,0.24211617612243108
5584.964,-1.122174,-0.018631,21.424642,1.230331,0.294271,0.1214939999999999,0.002425,0.119069,0.172777,0.291846,399.665453,0.6891444512611559,0.121104921326943,1977.0,0,0.9367850035308466,0.8704786320204116,0.9896118921973682,0.24593524382371695,0.24211865823009834
5585.964,-1.1378915,-0.0068215,21.423368,1.2318155000000002,0.294178,0.1215884999999999,0.002427,0.1191615,0.1725895,0.291751,399.0683775,0.6904290792366903,0.119466580912888,1978.0,0,0.9364800667651022,0.8711548724647078,0.9885379516278076,0.24325063768569039,0.2422967991177299
5586.964,-1.153609,0.004988,21.422094,1.2333,0.294085,0.121683,0.002429,0.119254,0.172402,0.2916559999999999,398.471302,0.6917165014529909,0.1178246768853503,1979.0,0,0.9361751299993576,0.8718311129090038,0.9874640110582467,0.2412495250941395,0.2425047739646547
5587.964,-1.1510145,3.549999999999994e-05,21.4232655,1.2341055,0.2942025,0.1217729999999999,0.00252,0.119253,0.1724295,0.2916825,398.7876365,0.6916003839227977,0.1179727664849222,1980.0,0,0.9362601913076971,0.8718238022014979,0.9876215223417824,0.24130115226239496,0.24256697216471274
5588.964,-1.14842,-0.004917,21.424437,1.234911,0.29432,0.121863,0.002611,0.119252,0.172457,0.291709,399.103971,0.6914843034246018,0.118120808856021,1981.0,0,0.9363452526160363,0.871816491493992,0.9877790336253178,0.2420122378809243,0.24277618290967143
5589.964,-1.144672,-0.0058963333333333,21.425542333333333,1.2348940000000002,0.2941576666666667,0.1217306666666666,0.002585,0.1191456666666666,0.172427,0.2915726666666667,398.93972133333335,0.6909879292612953,0.1187538558297175,1982.0,0,0.9359076416083542,0.8710391195958638,0.9876072031341881,0.24347010390447005,0.24337110560875375
5590.964,-1.140924,-0.0068756666666666,21.426647666666668,1.234877,0.2939953333333333,0.1215983333333333,0.002559,0.1190393333333333,0.172397,0.2914363333333333,398.77547166666665,0.6904913823439558,0.1193871231239419,1983.0,0,0.9354700306006717,0.8702617476977363,0.9874353726430584,0.2435791902870595,0.24323337060118044
5591.964,-1.137176,-0.007855,21.427753,1.23486,0.293833,0.1214659999999999,0.002533,0.118933,0.172367,0.2913,398.611222,0.6899946625823817,0.1200206108537323,1984.0,0,0.9350324195929895,0.8694843757996088,0.9872635421519286,0.24271834783588858,0.24313534555985097
5592.964,-1.1434565,-0.0060564999999999,21.425082,1.235713,0.294191,0.1215469999999999,0.002454,0.119093,0.172644,0.291737,398.7835485,0.6898143589446551,0.120250559712168,1985.0,0,0.9364351287154137,0.8706540890005534,0.9888501103533598,0.24337223804718516,0.2432699608928945
5593.964,-1.149737,-0.004258,21.422411,1.236566,0.294549,0.121628,0.002375,0.119253,0.172921,0.292174,398.955875,0.6896346329558992,0.1204797718704291,1986.0,0,0.9378378378378377,0.8718238022014979,0.9904366785547909,0.24682237926606831,0.24350693557963976
5594.964,-1.147309,-0.00183,21.422116000000003,1.237157,0.294025,0.1212834999999999,0.002421,0.1188625,0.1727415,0.291604,399.1703985,0.688090655165926,0.1224488720767857,1987.0,0,0.9360082172433715,0.8689689709204426,0.9894085594495314,0.2445578937479837,0.24374333963324207
5595.964,-1.144881,0.000598,21.421821,1.237748,0.293501,0.1209389999999999,0.002467,0.118472,0.172562,0.291034,399.384922,0.6865434652851421,0.1244220687984677,1988.0,0,0.9341785966489053,0.8661141396393873,0.9883804403442719,0.24227038727239547,0.24378569271678413
5596.964,-1.139565333333333,-0.0014583333333333,21.421164666666662,1.2363913333333334,0.2935676666666666,0.1209893333333333,0.0024703333333333,0.118519,0.1725783333333333,0.2910973333333333,399.0116663333333,0.6867508276386898,0.1241576108148017,1989.0,0,0.9343818878260682,0.8664577428921648,0.9884739925005535,0.24259567842457497,0.2438171371620672
5597.964,-1.1342496666666668,-0.0035146666666666,21.420508333333338,1.2350346666666667,0.2936343333333333,0.1210396666666666,0.0024736666666666,0.1185659999999999,0.1725946666666666,0.2911606666666667,398.6384106666667,0.6869581507453837,0.123893202884309,1990.0,0,0.9345851790032311,0.8668013461449415,0.9885675446568349,0.24367089912984724,0.2440535070534943
5598.964,-1.128934,-0.005571,21.419852,1.233678,0.293701,0.12109,0.002477,0.118613,0.172611,0.291224,398.265155,0.687165434616365,0.1236288449927807,1991.0,0,0.934788470180394,0.8671449493977197,0.9886610968131171,0.2443762784169478,0.24417270667888052
5599.964,-1.127636,-0.0057313333333333,21.420085333333333,1.234597,0.2937236666666666,0.12107,0.002502,0.1185679999999999,0.1726536666666666,0.2912216666666666,398.3384966666667,0.6867349854430038,0.1241778150372956,1992.0,0,0.9347809805054458,0.8668159675599533,0.9889054779560568,0.2438936347398904,0.24377246537343744
5600.964,-1.126338,-0.0058916666666666,21.420318666666667,1.235516,0.2937463333333333,0.12105,0.002527,0.118523,0.1726963333333333,0.2912193333333333,398.4118383333333,0.6863047489635046,0.1247265138243286,1993.0,0,0.9347734908304977,0.8664869857221884,0.9891498590989971,0.2438936347398904,0.2438217061581752
5601.964,-1.12504,-0.006052,21.420552,1.236435,0.293769,0.12103,0.002552,0.118478,0.172739,0.291217,398.48518,0.6858747250202617,0.1252749415548807,1994.0,0,0.9347660011555498,0.8661580038844228,0.9893942402419373,0.24508204675015954,0.24398761970387542
5602.964,-1.1298786666666667,-0.0017036666666666,21.421585333333333,1.2366366666666666,0.2937846666666667,0.121132,0.0025033333333333,0.1186286666666666,0.1726526666666666,0.2912813333333333,398.72084666666666,0.6870903407785528,0.1237246153416111,1995.0,0,0.9349725021934046,0.8672594838153117,0.9888997502730191,0.2445642343010475,0.24418447529152268
5603.964,-1.1347173333333334,0.0026446666666666,21.42261866666667,1.2368383333333333,0.2938003333333333,0.121234,0.0024546666666666,0.1187793333333333,0.1725663333333333,0.2913456666666666,398.95651333333336,0.6883071728523359,0.1221727379097282,1996.0,0,0.9351790032312595,0.8683609637462014,0.9884052603041016,0.24281996621163732,0.2442841410970896
5604.964,-1.139556,0.006993,21.423652,1.23704,0.293816,0.121336,0.002406,0.11893,0.17248,0.29141,399.19218,0.689525223068048,0.1206193069298997,1997.0,0,0.9353855042691146,0.869462443677091,0.9879107703351839,0.2450503015953615,0.24435028808623813
5605.964,-1.1375466666666667,0.0023966666666666,21.423639333333337,1.238399,0.2938253333333333,0.1212643333333333,0.0024756666666666,0.1187886666666666,0.172561,0.2913496666666667,399.1639646666667,0.6883825330412644,0.122076627872049,1998.0,0,0.9351918426740279,0.8684291970162562,0.9883747126612342,0.24392952272939766,0.2442516297495944
5606.964,-1.1355373333333334,-0.0021996666666666,21.423626666666667,1.239758,0.2938346666666667,0.1211926666666666,0.0025453333333333,0.1186473333333333,0.172642,0.2912893333333333,399.1357493333333,0.6872409152605858,0.1235325813333704,1999.0,0,0.934998181078941,0.8673959503554222,0.9888386549872844,0.2445642343010475,0.2440420961121066
5607.964,-1.133528,-0.006796,21.423614,1.241117,0.293844,0.121121,0.002615,0.118506,0.172723,0.291229,399.107534,0.6861003682175031,0.1249871692377293,2000.0,0,0.9348045194838543,0.866362703694588,0.9893025973133347,0.2446675571855163,0.24373586815230217
5608.964,-1.136853,0.0017943333333333,21.422491333333333,1.2406793333333332,0.293818,0.12128,0.0025986666666666,0.1186813333333333,0.172538,0.2912193333333333,399.231167,0.6878522150547605,0.1227529648397445,2001.0,0,0.9347734908304977,0.867644514410623,0.9882429759513681,0.24503774830843306,0.2434693650456173
5609.964,-1.140178,0.0103846666666666,21.421368666666663,1.240241666666667,0.293792,0.121439,0.0025823333333333,0.1188566666666666,0.172353,0.2912096666666667,399.3548,0.6896078226595651,0.1205139641757762,2002.0,0,0.9347424621771415,0.8689263251266577,0.9871833545894015,0.2429070513734532,0.24342316552164184
5610.964,-1.143503,0.018975,21.420246,1.239804,0.293766,0.121598,0.002566,0.119032,0.172168,0.2912,399.478433,0.6913672031550393,0.1182701517846935,2003.0,0,0.934711433523785,0.8702081358426932,0.9861237332274347,0.24179829836501215,0.2430899495584256
5611.964,-1.1359923333333333,0.013637,21.420727,1.2411166666666666,0.2936673333333333,0.1215649999999999,0.0025483333333333,0.1190166666666666,0.1721023333333333,0.291119,399.2254046666667,0.6915419031202183,0.1180473495269677,2004.0,0,0.9344514348077293,0.8700960383276023,0.9857476153746284,0.24201976715211548,0.242846941467267
5612.964,-1.1284816666666666,0.0082989999999999,21.421208,1.2424293333333332,0.2935686666666667,0.121532,0.0025306666666666,0.1190013333333333,0.1720366666666667,0.291038,398.9723763333334,0.6917167364511259,0.1178243771822852,2005.0,0,0.9341914360916735,0.869983940812512,0.9853714975218226,0.2418992032341989,0.24228872693191153
5613.964,-1.120971,0.002961,21.421689,1.243742,0.29347,0.121499,0.002513,0.118986,0.171971,0.290957,398.719348,0.6918917033005372,0.1176012345558052,2006.0,0,0.9339314373756179,0.8698718432974216,0.9849953796690163,0.24235797097188255,0.24197191539514104
5614.964,-1.1241356666666666,0.0059799999999999,21.421164,1.244252666666667,0.2933783333333333,0.1213206666666666,0.0024856666666666,0.118835,0.1720576666666666,0.2908926666666667,398.715681,0.6906655869315891,0.1191649526421613,2007.0,0,0.9337249363377629,0.8687679264640302,0.9854917788656129,0.2417181419631993,0.24175884570164302
5615.964,-1.1273003333333331,0.008999,21.420639,1.2447633333333332,0.2932866666666666,0.1211423333333333,0.0024583333333333,0.118684,0.1721443333333333,0.2908283333333333,398.712014,0.6894407051406178,0.1207270962189843,2008.0,0,0.9335184352999077,0.8676640096306388,0.98598817806221,0.24149944181781163,0.24182631944209726
5616.964,-1.130465,0.012018,21.420114,1.245274,0.293195,0.120964,0.002431,0.118533,0.1722309999999999,0.2907639999999999,398.708347,0.6882170560639139,0.122287667663142,2009.0,0,0.9333119342620526,0.8665600927972474,0.9864845772588068,0.2389820889474925,0.24200466848339564
5617.964,-1.132317,0.0131846666666666,21.419851666666663,1.2444573333333333,0.293373,0.1211106666666666,0.0024233333333333,0.1186873333333333,0.1722623333333333,0.2909496666666666,398.708871,0.6889877900114167,0.1213047180475906,2010.0,0,0.9339078983972092,0.8676883786556583,0.9866640446606536,0.24149944181781163,0.2421308520535222
5618.964,-1.134169,0.0143513333333333,21.419589333333334,1.2436406666666666,0.293551,0.1212573333333333,0.0024156666666666,0.1188416666666666,0.1722936666666666,0.2911353333333333,398.709395,0.6897582436291314,0.1203221259484799,2011.0,0,0.9345038625323658,0.8688166645140691,0.9868435120625,0.2429070513734532,0.24226909201544045
5619.964,-1.136021,0.015518,21.419327,1.242824,0.293729,0.121404,0.002408,0.118996,0.172325,0.291321,398.709919,0.690528417069972,0.1193398911707918,2012.0,0,0.9350998266675224,0.8699449503724808,0.9870229794643471,0.24358178877799547,0.24235378547154646
5620.964,-1.1321206666666666,0.007831,21.420272333333333,1.244968,0.2937556666666667,0.121405,0.0024626666666666,0.1189423333333333,0.1723506666666666,0.2912929999999999,398.676188,0.6901142044850159,0.1198681540070899,2013.0,0,0.935009950568145,0.8695526090696637,0.9871699899956465,0.24358178877799547,0.2425174019227696
5621.964,-1.1282203333333334,0.000144,21.421217666666667,1.247112,0.2937823333333333,0.121406,0.0025173333333333,0.1188886666666666,0.1723763333333333,0.291265,398.642457,0.6897001152510386,0.1203962595286655,2014.0,0,0.9349200744687679,0.8691602677668466,0.9873170005269466,0.2432816028533814,0.242550524071792
5622.964,-1.12432,-0.007543,21.422163,1.249256,0.293809,0.121407,0.002572,0.118835,0.172402,0.2912369999999999,398.608726,0.689286149312947,0.1209242078057809,2015.0,0,0.9348301983693904,0.8687679264640302,0.9874640110582467,0.2432816028533814,0.24283214501354394
5623.964,-1.1233203333333333,0.0046069999999999,21.42212166666667,1.2497226666666663,0.2937986666666666,0.121497,0.00258,0.118917,0.1723016666666666,0.2912186666666666,398.7231326666667,0.6901634333382345,0.1198053703675448,2016.0,0,0.9347713509233697,0.8693674044795143,0.9868893335268013,0.2432049055329426,0.24301763147930583
5624.964,-1.1223206666666667,0.0167569999999999,21.422080333333337,1.2501893333333334,0.2937883333333333,0.121587,0.002588,0.118999,0.1722013333333333,0.2912003333333333,398.8375393333333,0.6910417396589671,0.1186852291526708,2017.0,0,0.9347125034773488,0.8699668824949984,0.9863146559953565,0.2433543064754305,0.24304350681407633
5625.964,-1.121321,0.028907,21.422039,1.250656,0.293778,0.121677,0.002596,0.119081,0.1721009999999999,0.291182,398.951946,0.6919210700631022,0.1175637818809012,2018.0,0,0.9346536560313281,0.8705663605104825,0.9857399784639111,0.24183066330803582,0.24288406961670192
5626.964,-1.1242925,0.02496,21.421132,1.2533635,0.293818,0.121648,0.0025865,0.1190615,0.17217,0.2912315,398.9716975,0.691530513268785,0.1180618754864429,2019.0,0,0.9348125441355843,0.8704238017141174,0.98613518859351,0.24179829836501215,0.24267583492068354
5627.964,-1.127264,0.021013,21.420225,1.256071,0.293858,0.1216189999999999,0.002577,0.119042,0.172239,0.291281,398.991449,0.6911402693915465,0.1185595700155937,2020.0,0,0.9349714322398407,0.8702812429177522,0.9865303987231085,0.2433543064754305,0.2426681651886397
5628.964,-1.129883,0.0198166666666666,21.42008333333333,1.255067,0.2936886666666666,0.1214659999999999,0.0025046666666666,0.1189613333333333,0.1722226666666667,0.291184,398.998097,0.6907374325247594,0.1190733249171666,2021.0,0,0.9346600757527123,0.8696915125122758,0.9864368465668268,0.243165804721158,0.24277377206809286
5629.964,-1.132502,0.0186203333333333,21.419941666666663,1.254063,0.2935193333333333,0.121313,0.0024323333333333,0.1188806666666666,0.1722063333333333,0.291087,399.004745,0.6903345192423087,0.1195871772748687,2022.0,0,0.9343487192655837,0.8691017821067994,0.9863432944105448,0.24198741680425162,0.2427783452833676
5630.964,-1.135121,0.017424,21.4198,1.253059,0.29335,0.12116,0.00236,0.1188,0.17219,0.29099,399.011393,0.6899315295224488,0.1201011271164331,2023.0,0,0.9340373627784554,0.8685120517013237,0.9862497422542633,0.24149944181781163,0.24278478897887865
5631.964,-1.1262913333333333,0.0216563333333333,21.418579333333337,1.252901,0.2935913333333333,0.1212626666666666,0.002332,0.1189306666666666,0.1723286666666666,0.2912593333333333,399.049856,0.6901346063455898,0.11984213465103,2024.0,0,0.9349018852581796,0.8694673174820946,0.9870439809688181,0.2432049055329426,0.24278155248457628
5632.964,-1.1174616666666668,0.0258886666666666,21.417358666666665,1.252743,0.2938326666666667,0.1213653333333333,0.002304,0.1190613333333333,0.1724673333333333,0.2915286666666666,399.088319,0.6903373566161903,0.1195835586518989,2025.0,0,0.9357664077379039,0.8704225832628661,0.9878382196833735,0.24433767164791315,0.24283751974526332
5633.964,-1.108632,0.030121,21.416138,1.252585,0.294074,0.121468,0.002276,0.119192,0.1726059999999999,0.291798,399.126782,0.6905397811212756,0.1193253981153138,2026.0,0,0.9366309302176284,0.8713778490436378,0.9886324583979282,0.24325063768569039,0.24271899106887992
5634.964,-1.1159386666666666,0.0291396666666666,21.417041666666663,1.2551496666666666,0.2938286666666667,0.121432,0.002316,0.119116,0.1723966666666666,0.2915126666666666,398.88217,0.6909374256805485,0.1188182651832172,2027.0,0,0.9357150499668311,0.8708222352731891,0.9874334634153787,0.24341874343054076,0.24230998680914345
5635.964,-1.1232453333333334,0.0281583333333333,21.417945333333336,1.2577143333333334,0.2935833333333333,0.121396,0.002356,0.11904,0.1721873333333333,0.2912273333333333,398.637558,0.6913360370911698,0.1183098991846856,2028.0,0,0.934799169716034,0.8702666215027405,0.9862344684328294,0.24179829836501215,0.24243940541405634
5636.964,-1.130552,0.027177,21.418849,1.260279,0.293338,0.12136,0.002396,0.118964,0.171978,0.290942,398.392946,0.6917356188837009,0.117800295617044,2029.0,0,0.933883289465237,0.8697110077322918,0.9850354734502799,0.24235797097188255,0.24283655526012984
5637.964,-1.124969,0.0171315,21.4191275,1.260494,0.293432,0.1214695,0.00242,0.1190495,0.1719625,0.291012,398.900779,0.6922951672884071,0.1170866798601797,2030.0,0,0.9341079797136803,0.8703360732240466,0.9849466943631962,0.2421690197115965,0.24302882406157633
5638.964,-1.119386,0.007086,21.419406,1.260709,0.293526,0.121579,0.002444,0.119135,0.171947,0.291082,399.408612,0.6928548165724521,0.116372935447626,2031.0,0,0.9343326699621235,0.8709611387158014,0.9848579152761124,0.23907576212379283,0.2429511215676996
5639.964,-1.1146660000000002,0.0133015,21.419452999999997,1.2617310000000002,0.2936674999999999,0.1212905,0.002408,0.1188825,0.172377,0.2912595,399.2662425,0.6896616737634734,0.1204452855843437,2032.0,0,0.9349024202349617,0.8691151850705607,0.9873208189823053,0.2432816028533814,0.24299862227153818
5640.964,-1.109946,0.019517,21.4195,1.262753,0.293809,0.121002,0.002372,0.11863,0.172807,0.291437,399.123873,0.6864844220174993,0.1244973691760084,2033.0,0,0.9354721705077998,0.8672692314253201,0.9897837226884979,0.24547094027854577,0.24274406315600858
5641.964,-1.1193203333333337,0.022399,21.418331,1.264027,0.2939543333333333,0.1212323333333333,0.0024046666666666,0.1188276666666666,0.172722,0.2915496666666666,399.0453996666667,0.6879666672456284,0.1226069991178802,2034.0,0,0.9358338148124368,0.8687143146089865,0.9892968696302971,0.24512759354740815,0.24256287319088177
5642.964,-1.1286946666666666,0.025281,21.417162,1.265301,0.2940996666666666,0.1214626666666666,0.0024373333333333,0.1190253333333333,0.1726369999999999,0.2916623333333333,398.96692633333333,0.6894503720694942,0.1207147675755485,2035.0,0,0.9361954591170741,0.8701593977926536,0.9888100165720957,0.2435606467091454,0.24237468739437565
5643.964,-1.138069,0.028163,21.415993,1.266575,0.294245,0.121693,0.00247,0.119223,0.1725519999999999,0.291775,398.888453,0.6909355386460971,0.1188206717980997,2036.0,0,0.9365571034217114,0.8716044809763208,0.9883231635138947,0.24372564472407604,0.24223981057938201
5644.964,-1.1273766666666667,0.0252193333333333,21.416380666666665,1.2666383333333333,0.2941076666666666,0.1217579999999999,0.002496,0.1192619999999999,0.1723496666666666,0.2916116666666666,399.014624,0.6919729543643578,0.1174976116361137,2037.0,0,0.9360328261753437,0.8718895985690502,0.9871642623126089,0.2408731522752448,0.24233087423837713
5645.964,-1.1166843333333334,0.0222756666666666,21.416768333333337,1.2667016666666666,0.2939703333333333,0.121823,0.002522,0.119301,0.1721473333333333,0.2914483333333333,399.140795,0.6930128087211611,0.1161714413752074,2038.0,0,0.9355085489289763,0.8721747161617813,0.986005361111323,0.23998639871374428,0.24213595556122067
5646.964,-1.105992,0.019332,21.417156,1.266765,0.293833,0.121888,0.002548,0.11934,0.171945,0.291285,399.266966,0.6940551103253346,0.1148421500361787,2039.0,0,0.9349842716826089,0.8724598337545115,0.984846459910037,0.2404761130068211,0.24179040794762222
5647.964,-1.1100663333333334,0.0221883333333333,21.417077666666664,1.268382,0.293932,0.121877,0.0025486666666666,0.1193283333333333,0.172055,0.2913833333333333,399.035707,0.6935435749600904,0.1154945327322267,2040.0,0,0.9352999079839933,0.8723745421669423,0.9854765050441796,0.2408202515616601,0.24147962530809294
5648.964,-1.114140666666667,0.0250446666666666,21.416999333333333,1.269999,0.294031,0.1218659999999999,0.0025493333333333,0.1193166666666666,0.172165,0.2914816666666667,398.804448,0.6930326932534103,0.1161460817898496,2041.0,0,0.935615544285378,0.8722892505793732,0.9861065501783219,0.23998639871374428,0.24125670788331632
5649.964,-1.118215,0.027901,21.416921,1.271616,0.29413,0.1218549999999999,0.00255,0.119305,0.172275,0.29158,398.573189,0.6925224639531913,0.1167967988059073,2042.0,0,0.9359311805867624,0.8722039589918048,0.9867365953124643,0.2413324160818171,0.2411017884068515
5650.964,-1.117865,0.025786,21.41613333333333,1.271835,0.2938406666666667,0.121653,0.002497,0.119156,0.1721876666666666,0.2913436666666666,398.64233966666666,0.6920083784066314,0.1174524338560938,2043.0,0,0.9351725835098754,0.8711146635734253,0.9862363776605083,0.24201546414256092,0.24134990382687005
5651.964,-1.117515,0.0236709999999999,21.415345666666667,1.272054,0.2935513333333333,0.121451,0.002444,0.119007,0.1721003333333333,0.2911073333333334,398.71149033333336,0.6914937711115932,0.1181087343141918,2044.0,0,0.9344139864329889,0.8700253681550457,0.9857361600085531,0.24201976715211548,0.2415753708122213
5652.964,-1.117165,0.021556,21.414558,1.272273,0.293262,0.121249,0.002391,0.118858,0.172013,0.290871,398.780641,0.6909786412733846,0.1187657011937054,2045.0,0,0.9336553893561018,0.8689360727366661,0.9852359423565978,0.24133147246137898,0.24217099398882258
5653.964,-1.1160856666666663,0.0177203333333333,21.414237333333332,1.272375,0.2934956666666666,0.1213616666666666,0.0024036666666666,0.118958,0.172134,0.291092,399.017953,0.6910738664420369,0.1186442565068314,2046.0,0,0.934364768569044,0.8696671434872564,0.9859289920041545,0.2421764499594279,0.24256417937519106
5654.964,-1.115006333333333,0.0138846666666666,21.413916666666665,1.272477,0.2937293333333333,0.1214743333333333,0.0024163333333333,0.119058,0.172255,0.291313,399.255265,0.6911689578302063,0.1185229824358681,2047.0,0,0.935074147781986,0.8703982142378467,0.986622041651711,0.2433543064754305,0.24315743208569401
5655.964,-1.113927,0.010049,21.413596,1.272579,0.293963,0.121587,0.002429,0.119158,0.1723759999999999,0.2915339999999999,399.492577,0.6912639157196147,0.1184018786215235,2048.0,0,0.935783526994928,0.8711292849884371,0.987315091299267,0.24224106856725697,0.24345118017272221
5656.964,-1.116202,0.0146286666666666,21.414821,1.2738333333333334,0.2938673333333333,0.121334,0.0024076666666666,0.1189263333333333,0.1725333333333333,0.2914596666666666,399.420807,0.6892908271397191,0.1209182419753641,2049.0,0,0.9355449273501527,0.8694356377495692,0.9882162467638588,0.2464323447728336,0.24368726160016085
5657.964,-1.118477,0.0192083333333333,21.416046,1.2750876666666666,0.2937716666666666,0.121081,0.0023863333333333,0.1186946666666666,0.1726906666666666,0.2913853333333333,399.349037,0.6873213337837186,0.1234300201880456,2050.0,0,0.9353063277053772,0.8677419905107013,0.9891174022284501,0.24475210542534503,0.24393571903341443
5658.964,-1.120752,0.023788,21.417271,1.276342,0.293676,0.120828,0.002365,0.118463,0.172848,0.291311,399.277267,0.6853554258341096,0.1259372257802457,2051.0,0,0.935067728060602,0.8660483432718342,0.990018557693042,0.24591892581877378,0.24391531757531498
5659.964,-1.120329,0.021965,21.418014666666668,1.2772173333333334,0.293612,0.1208893333333333,0.002358,0.1185313333333333,0.1727226666666666,0.291254,399.00538,0.6862483620272074,0.124798426470106,2052.0,0,0.9348847660011554,0.8665479082847374,0.9893006880856552,0.24426989695209878,0.2437332449443288
5660.964,-1.119906,0.020142,21.418758333333333,1.2780926666666668,0.293548,0.1209506666666666,0.002351,0.1185996666666666,0.1725973333333333,0.291197,398.733493,0.6871425950424394,0.123657973267826,2053.0,0,0.9347018039417088,0.8670474732976405,0.9885828184782689,0.2443762784169478,0.24357060769788702
5661.964,-1.119483,0.018319,21.419502,1.278968,0.293484,0.121012,0.002344,0.118668,0.172472,0.29114,398.461606,0.6880381277069454,0.1225158625678342,2054.0,0,0.9345188418822622,0.8675470383105444,0.9878649488708826,0.24450434148465056,0.2436746611264995
5662.964,-1.1144516666666666,0.017502,21.417504,1.2789970000000002,0.2934926666666667,0.1210766666666666,0.0023883333333333,0.1186883333333333,0.172416,0.2911043333333333,398.4867516666667,0.688379529474085,0.1220804584483639,2055.0,0,0.9344043568509124,0.8676956893631642,0.987544198620774,0.24112745788038503,0.24353645680875227
5663.964,-1.1094203333333337,0.016685,21.415506,1.279026,0.2935013333333333,0.1211413333333333,0.0024326666666666,0.1187086666666666,0.1723599999999999,0.2910686666666666,398.5118973333333,0.6887211530837408,0.1216447714037456,2056.0,0,0.9342898718195627,0.867844340415784,0.9872234483706646,0.2403557236495661,0.24342789999818687
5664.964,-1.104389,0.015868,21.413508,1.279055,0.29351,0.121206,0.002477,0.118729,0.1723039999999999,0.291033,398.537043,0.6890629987522127,0.1212088011581232,2057.0,0,0.9341753867882132,0.8679929914684045,0.9869026981205556,0.24172793401101272,0.24323158101995368
5665.964,-1.1096246666666667,0.0169183333333333,21.415681,1.2801343333333333,0.2937053333333333,0.1213076666666666,0.002457,0.1188506666666666,0.1723976666666666,0.2912483333333333,398.7093953333333,0.6893943495309323,0.1207862154894754,2058.0,0,0.934866576790567,0.8688824608816224,0.9874391910984164,0.2432816028533814,0.24300333300516894
5666.964,-1.1148603333333331,0.0179686666666666,21.417854,1.2812136666666667,0.2939006666666667,0.1214093333333333,0.002437,0.1189723333333333,0.1724913333333333,0.2914636666666667,398.8817476666667,0.6897253404499137,0.1203640887651784,2059.0,0,0.9355577667929211,0.8697719302948408,0.9879756840762772,0.2450503015953615,0.24264756500878285
5667.964,-1.120096,0.019019,21.420027,1.282293,0.294096,0.121511,0.002417,0.119094,0.172585,0.291679,399.0541,0.6900559720950714,0.119942420237991,2060.0,0,0.9362489567952751,0.8706613997080593,0.988512177054138,0.24366653731969096,0.2423168942054225
5668.964,-1.118979333333333,0.0261603333333333,21.417280666666667,1.2819793333333334,0.2938223333333333,0.1214266666666666,0.0024313333333333,0.1189953333333333,0.1723956666666666,0.291391,398.859511,0.6902414973220674,0.1197058120658174,2061.0,0,0.9353245169159657,0.8699400765674765,0.9874277357323412,0.24395573603644188,0.2422750223244668
5669.964,-1.117862666666667,0.0333016666666666,21.414534333333336,1.2816656666666666,0.2935486666666667,0.1213423333333333,0.0024456666666666,0.1188966666666666,0.1722063333333333,0.291103,398.664922,0.6904274305004433,0.1194686836159872,2062.0,0,0.9344000770366565,0.8692187534268938,0.9863432944105448,0.24198741680425162,0.24227795508695316
5670.964,-1.116746,0.040443,21.411788,1.281352,0.293275,0.121258,0.00246,0.118798,0.172017,0.290815,398.470333,0.6906137729772466,0.1192310331705539,2063.0,0,0.9334756371573473,0.8684974302863119,0.9852588530887485,0.2408185984530864,0.2422361720082645
5671.964,-1.1166813333333334,0.038975,21.412915666666667,1.2815926666666666,0.2931683333333333,0.1211386666666666,0.0024259999999999,0.1187126666666666,0.1720296666666666,0.2907423333333333,398.399845,0.6900668872991637,0.1199284996163538,2064.0,0,0.9332423872803919,0.8678735832458077,0.9853314037405585,0.2411976334510474,0.2421494570184671
5672.964,-1.1166166666666666,0.037507,21.414043333333336,1.2818333333333334,0.2930616666666666,0.1210193333333333,0.002392,0.1186273333333333,0.1720423333333333,0.2906696666666666,398.329357,0.6895200821498458,0.1206258633604122,2065.0,0,0.9330091374034364,0.8672497362053041,0.9854039543923689,0.24070873907082802,0.24193513199627628
5673.964,-1.116552,0.036039,21.415171,1.282074,0.292955,0.1209,0.002358,0.118542,0.172055,0.290597,398.258869,0.6889733575115078,0.1213231244254113,2066.0,0,0.9327758875264812,0.8666258891648005,0.9854765050441796,0.2403850512744296,0.24174127166540843
5674.964,-1.120526,0.040675,21.41424,1.2838824999999998,0.293289,0.1210505,0.0023935,0.118657,0.1722385,0.2908955,398.116628,0.6889070161025781,0.1214077324313437,2067.0,0,0.9337340309430568,0.8674666205279795,0.9865275348815896,0.2413101032241261,0.2415444397421894
5675.964,-1.1245,0.045311,21.413309,1.285691,0.293623,0.121201,0.002429,0.118772,0.172422,0.291194,397.974387,0.6888408159004309,0.1214921603502914,2068.0,0,0.9346921743596327,0.8683073518911584,0.9875785647189997,0.24241445295540748,0.24149564224354542
5676.964,-1.1126193333333334,0.0365516666666666,21.413414666666668,1.285821,0.2935926666666666,0.1212413333333333,0.002436,0.1188053333333333,0.1723513333333333,0.2911566666666667,398.4107223333333,0.6893166517424579,0.120885306766767,2069.0,0,0.934572339560463,0.8685510421413549,0.9871738084510052,0.2429070513734532,0.2414445963778415
5677.964,-1.1007386666666668,0.0277923333333333,21.413520333333334,1.285951,0.2935623333333333,0.1212816666666666,0.002443,0.1188386666666666,0.1722806666666667,0.2911193333333333,398.8470576666667,0.6897928779421295,0.1202779553436211,2070.0,0,0.934452504761293,0.8687947323915515,0.986769052183011,0.24172793401101272,0.24107317838773418
5678.964,-1.088858,0.019033,21.413626,1.286081,0.293532,0.121322,0.00245,0.118872,0.17221,0.291082,399.283393,0.6902694949799953,0.1196701054679885,2071.0,0,0.9343326699621235,0.8690384226417488,0.9863642959150164,0.24198741680425162,0.24105455317092214
5679.964,-1.1000726666666667,0.0230536666666666,21.413309666666667,1.285854,0.2933463333333333,0.121192,0.0024646666666666,0.1187273333333333,0.1721543333333333,0.2908816666666666,399.1467173333333,0.6896523682101048,0.1204571533503034,2072.0,0,0.9336896278701501,0.8679808069558944,0.9860454548925867,0.24149944181781163,0.24143612831065847
5680.964,-1.1112873333333335,0.0270743333333333,21.412993333333333,1.285627,0.2931606666666667,0.121062,0.0024793333333333,0.1185826666666666,0.1720986666666666,0.2906813333333333,399.01004166666667,0.6890348422135235,0.1212447103833097,2073.0,0,0.933046585778177,0.8669231912700401,0.9857266138701568,0.24030813979604743,0.24183538524495046
5681.964,-1.122502,0.031095,21.412677,1.2854,0.292975,0.120932,0.002494,0.118438,0.172043,0.290481,398.873366,0.6884169166027295,0.1220327770612305,2074.0,0,0.9324035436862038,0.8658655755841866,0.9854077728477276,0.23748345354997408,0.24198330342339874
5682.964,-1.118127,0.0316783333333333,21.412370666666664,1.2856626666666668,0.293225,0.120937,0.002452,0.118485,0.172288,0.290773,398.98966433333334,0.6877107650517446,0.1229333620138078,2075.0,0,0.9333408230082814,0.866209178836964,0.9868110551919537,0.24052248690270805,0.24211267855323268
5683.964,-1.113752,0.0322616666666666,21.412064333333333,1.2859253333333334,0.293475,0.120942,0.00241,0.118532,0.172533,0.291065,399.10596266666664,0.6870066189852435,0.1238313892871643,2076.0,0,0.9342781023303588,0.8665527820897415,0.9882143375361798,0.24420080267179262,0.24241509569466593
5684.964,-1.109377,0.032845,21.411758,1.286188,0.293725,0.120947,0.002368,0.118579,0.172778,0.291357,399.222261,0.6863044698719173,0.1247268697616391,2077.0,0,0.9352153816524361,0.866896385342519,0.9896176198804059,0.24530267256704574,0.2427291133689816
5685.964,-1.107563,0.037701,21.414304,1.2898740000000002,0.293594,0.1209425,0.0023629999999999,0.1185795,0.1726515,0.291231,398.9610015,0.6868102112625071,0.12408187636663,2078.0,0,0.9348109392052384,0.866900040696272,0.9888930679761423,0.2438936347398904,0.24308122728820364
5686.964,-1.105749,0.042557,21.41685,1.29356,0.293463,0.120938,0.002358,0.11858,0.1725249999999999,0.2911049999999999,398.699742,0.6873166942953527,0.1234359371238708,2079.0,0,0.9344064967580402,0.8669036960500249,0.9881685160718781,0.24420080267179262,0.24353046609366666
5687.964,-1.1033876666666669,0.039736,21.415702333333332,1.2927456666666668,0.2936856666666666,0.12106,0.0023723333333333,0.1186876666666666,0.1726256666666666,0.2913133333333333,398.780013,0.6875395844597205,0.1231516758660328,2080.0,0,0.9350752177355501,0.86769081555816,0.9887451028310024,0.24475210542534503,0.24429488009341008
5688.964,-1.1010263333333334,0.0369149999999999,21.414554666666668,1.291931333333333,0.2939083333333333,0.121182,0.0023866666666666,0.1187953333333333,0.1727263333333333,0.2915216666666666,398.860284,0.6877622148202756,0.1228677459469905,2081.0,0,0.9357439387130596,0.8684779350662958,0.9893216895901267,0.24512759354740815,0.24471784194567378
5689.964,-1.098665,0.034094,21.413407,1.291117,0.294131,0.121304,0.002401,0.118903,0.1728269999999999,0.29173,398.940555,0.6879845858309996,0.1225841467877616,2082.0,0,0.9364126596905693,0.8692650545744317,0.9898982763492505,0.24502058101003232,0.24467575669149788
5690.964,-1.0997563333333331,0.0376593333333333,21.412551,1.291764,0.2940646666666666,0.1213006666666666,0.0024413333333333,0.1188593333333333,0.172764,0.2916233333333333,399.0286946666667,0.6879827125478734,0.1225865358649973,2083.0,0,0.9360702745500843,0.8689458203466737,0.9895374323178787,0.24480052785067757,0.24448092008233635
5691.964,-1.100847666666667,0.0412246666666666,21.411695,1.292411,0.2939983333333333,0.1212973333333333,0.0024816666666666,0.1188156666666666,0.172701,0.2915166666666666,399.1168343333333,0.687980837898036,0.1225889266852575,2084.0,0,0.9357278894095993,0.8686265861189156,0.9891765882865062,0.24512759354740815,0.24432735370553557
5692.964,-1.101939,0.04479,21.410839,1.293058,0.293932,0.121294,0.002522,0.118772,0.172638,0.29141,399.204974,0.6879789618799923,0.1225913192504492,2085.0,0,0.9353855042691146,0.8683073518911584,0.988815744255134,0.24475210542534503,0.24405721762013743
5693.964,-1.096514,0.0412166666666666,21.412035,1.2928973333333331,0.2937453333333333,0.1213313333333333,0.0024746666666666,0.1188566666666666,0.172414,0.2912706666666667,399.24583566666666,0.6893638411197788,0.1208251241571312,2086.0,0,0.9349382636793563,0.8689263251266577,0.9875327432546986,0.24377995013003356,0.2437543444889833
5694.964,-1.091089,0.0376433333333333,21.413231,1.2927366666666666,0.2935586666666667,0.1213686666666666,0.0024273333333333,0.1189413333333333,0.17219,0.2911313333333333,399.28669733333334,0.6907523234857417,0.1190543338445401,2087.0,0,0.9344910230895976,0.8695452983621578,0.9862497422542633,0.2433543064754305,0.24329383382451333
5695.964,-1.085664,0.03407,21.414427,1.292576,0.293372,0.121406,0.00238,0.119026,0.171966,0.290992,399.327559,0.6921444230579124,0.1172789303558163,2088.0,0,0.9340437824998393,0.8701642715976579,0.984966741253828,0.24235797097188255,0.24280212125365774
5696.964,-1.0898715,0.0389035,21.413442,1.293789,0.293356,0.1211625,0.0023805,0.118782,0.1721935,0.2909755,398.670991,0.689812973120512,0.1202523271123364,2089.0,0,0.9339908197984206,0.8683804589662174,0.986269789144895,0.24149944181781163,0.24219509951758939
5697.964,-1.094079,0.043737,21.412457,1.295002,0.29334,0.120919,0.002381,0.118538,0.172421,0.2909589999999999,398.014423,0.6874876755866421,0.1232178774483057,2090.0,0,0.9339378570970016,0.866596646334777,0.9875728370359621,0.24172337411380385,0.24173065367784413
5698.964,-1.0932803333333334,0.0443373333333333,21.413786,1.2955513333333333,0.293209,0.120899,0.0024393333333333,0.1184596666666666,0.17231,0.2907696666666666,398.1455623333334,0.6874759398219886,0.1232328445655474,2091.0,0,0.9333301234726409,0.8660239742468141,0.9869370642187821,0.24052248690270805,0.24134006057463825
5699.964,-1.0924816666666666,0.0449376666666666,21.415115,1.2961006666666668,0.293078,0.120879,0.0024976666666666,0.1183813333333333,0.172199,0.2905803333333333,398.27670166666667,0.6874641889276036,0.1232478309783756,2092.0,0,0.9327223898482803,0.8654513021588518,0.9863012914016022,0.2401034553014766,0.24122415320710333
5700.964,-1.091683,0.045538,21.416444,1.29665,0.292947,0.120859,0.002556,0.118303,0.172088,0.290391,398.407841,0.6874524228742104,0.1232628367241287,2093.0,0,0.9321146562239198,0.8648786300708897,0.9856655185844222,0.23873031048999416,0.24121688284489845
5701.964,-1.0949266666666666,0.0444716666666666,21.415115333333333,1.2971883333333334,0.293141,0.1209316666666666,0.0025273333333333,0.1184043333333333,0.1722093333333333,0.2906136666666666,398.729082,0.687556495835519,0.1231301080729008,2094.0,0,0.9328293852046818,0.8656194484314876,0.9863604774596578,0.2404831351499555,0.24133926462550975
5702.964,-1.0981703333333332,0.0434053333333333,21.413786666666667,1.2977266666666667,0.293335,0.1210043333333333,0.0024986666666666,0.1185056666666666,0.1723306666666666,0.2908363333333333,399.050323,0.6876604222477973,0.1229975663218522,2095.0,0,0.9335441141854441,0.8663602667920857,0.9870554363348935,0.2408461743932861,0.24137587889000472
5703.964,-1.101414,0.042339,21.412458,1.298265,0.293529,0.121077,0.00247,0.118607,0.172452,0.2910589999999999,399.371564,0.6877642024203696,0.1228652110764886,2096.0,0,0.9342588431662061,0.8671010851526844,0.9877503952101295,0.2426208764546846,0.24170857163816048
5704.964,-1.0943553333333331,0.038941,21.412574666666668,1.297623,0.293657,0.1212563333333333,0.0024616666666666,0.1187946666666666,0.1724006666666666,0.2911953333333333,399.5119603333333,0.6890575303796368,0.1212157752050542,2097.0,0,0.9346964541738887,0.8684730612612918,0.9874563741475294,0.2432816028533814,0.24213153349042416
5705.964,-1.0872966666666666,0.035543,21.41269133333333,1.296981,0.2937849999999999,0.1214356666666666,0.0024533333333333,0.1189823333333333,0.1723493333333333,0.2913316666666666,399.65235666666666,0.6903516287561576,0.1195653567878971,2098.0,0,0.9351340651815708,0.8698450373698998,0.9871623530849298,0.24358178877799547,0.24274838595224826
5706.964,-1.080238,0.032145,21.412808,1.296339,0.293913,0.121615,0.002445,0.11917,0.1722979999999999,0.291468,399.792753,0.6916464982385273,0.1179139549468231,2099.0,0,0.9355716761892533,0.8712170134785079,0.9868683320223297,0.2418655844627613,0.24350255289522066
5707.964,-1.0808943333333334,0.0347263333333333,21.412647666666665,1.2976373333333333,0.293857,0.121364,0.002435,0.1189289999999999,0.1724929999999999,0.291422,399.595255,0.68946745973773,0.1206929749492117,2100.0,0,0.9354240225974192,0.8694551329695844,0.9879852302146729,0.2450503015953615,0.24404613196210248
5708.964,-1.0815506666666663,0.0373076666666666,21.412487333333335,1.2989356666666665,0.293801,0.121113,0.002425,0.118688,0.1726879999999999,0.2913759999999999,399.397757,0.687293342366914,0.1234657188263059,2101.0,0,0.9352763690055848,0.8676932524606625,0.9891021284070162,0.24475210542534503,0.2445534071046512
5709.964,-1.082207,0.039889,21.412327,1.300234,0.293745,0.120862,0.002415,0.118447,0.1728829999999999,0.29133,399.200259,0.6851241294740983,0.1262322078150816,2102.0,0,0.9351287154137509,0.8659313719517397,0.9902190265993595,0.24627197991971767,0.2447862259657571
5710.964,-1.0790276666666667,0.0357323333333333,21.412064333333333,1.3003943333333332,0.2937513333333333,0.1208763333333333,0.0024403333333333,0.118436,0.172875,0.291311,399.15415866666666,0.6850922048173258,0.1262729226807013,2103.0,0,0.935067728060602,0.8658509541691748,0.9901732051350587,0.24627197991971767,0.24468409707511385
5711.964,-1.0758483333333333,0.0315756666666666,21.41180166666667,1.3005546666666667,0.2937576666666667,0.1208906666666666,0.0024656666666666,0.118425,0.172867,0.291292,399.10805833333336,0.6850602772057292,0.1263136413147333,2104.0,0,0.9350067407074532,0.86577053638661,0.9901273836707575,0.24591892581877378,0.2445330500600932
5712.964,-1.072669,0.027419,21.411539,1.300715,0.293764,0.120905,0.002491,0.118414,0.172859,0.291273,399.061958,0.6850283466388986,0.1263543637177002,2105.0,0,0.9349457533543043,0.865690118604045,0.9900815622064563,0.24591892581877378,0.24455362347659598
5713.964,-1.084423666666667,0.0375553333333333,21.411320333333332,1.3024506666666666,0.2936443333333333,0.1208703333333333,0.0024983333333333,0.118372,0.172774,0.291146,399.1677793333333,0.6851222688467661,0.1262345807518476,2106.0,0,0.9345381010464145,0.865383068888797,0.9895947091482554,0.24494906506574365,0.24425572517983868
5714.964,-1.0961783333333337,0.0476916666666666,21.411101666666667,1.3041863333333334,0.2935246666666667,0.1208356666666666,0.0025056666666666,0.11833,0.172689,0.291019,399.27360066666665,0.6852162835138107,0.1261146798688943,2107.0,0,0.9341304487385247,0.8650760191735491,0.9891078560900545,0.24226031394694858,0.24414760455028892
5715.964,-1.107933,0.057828,21.410883,1.305922,0.293405,0.120801,0.002513,0.118288,0.172604,0.290892,399.379422,0.6853103907766286,0.1259946608946334,2108.0,0,0.9337227964306347,0.8647689694583012,0.9886210030318535,0.24207131862778897,0.24402795905112473
5716.964,-1.0943615,0.0477999999999999,21.411758,1.305677,0.293387,0.1207435,0.0024619999999999,0.1182815,0.1726435,0.290925,399.215975,0.6851159463521861,0.1262426440967111,2109.0,0,0.9338287218334723,0.8647214498595127,0.9888472465118411,0.24207131862778897,0.24382974657758769
5717.964,-1.08079,0.037772,21.412633,1.305432,0.293369,0.120686,0.002411,0.118275,0.1726829999999999,0.290958,399.052528,0.6849215908827686,0.1264905138506816,2110.0,0,0.9339346472363098,0.8646739302607244,0.9890734899918279,0.24207131862778897,0.24357507780042886
5718.964,-1.0788734999999998,0.043009,21.4115175,1.30513,0.2935609999999999,0.1209585,0.002406,0.1185525,0.1726025,0.291155,399.1385735,0.6868487603090321,0.1240327131364591,2111.0,0,0.9345669897926429,0.8667026515936126,0.988612411507297,0.24367089912984724,0.2433082489871205
5719.964,-1.076957,0.048246,21.410402,1.304828,0.293753,0.121231,0.002401,0.11883,0.1725219999999999,0.291352,399.224619,0.6887777281869665,0.1215726187807223,2112.0,0,0.9351993323489759,0.8687313729265008,0.988151333022765,0.2450755249280755,0.24335289380446729
5720.964,-1.0765836666666666,0.0455963333333333,21.408948,1.306235,0.293895,0.121333,0.002381,0.118952,0.172562,0.291514,399.3356826666667,0.6893250580947248,0.1208745857900205,2113.0,0,0.9357193297810874,0.8696232792422209,0.9883804403442719,0.24428985518434781,0.2433700667904372
5721.964,-1.0762103333333333,0.0429466666666666,21.407494,1.307642,0.294037,0.121435,0.002361,0.119074,0.172602,0.291676,399.44674633333335,0.6898721343197975,0.1201768763315818,2114.0,0,0.9362393272131988,0.8705151855579412,0.9886095476657782,0.24337223804718516,0.2431996809670259
5722.964,-1.075837,0.040297,21.40604,1.309049,0.294179,0.1215369999999999,0.002341,0.119196,0.172642,0.291838,399.55781,0.6904189570385129,0.1194794901805273,2115.0,0,0.9367593246453102,0.8714070918736614,0.9888386549872844,0.24325063768569039,0.24323592357053866
5723.964,-1.0704496666666663,0.0387756666666666,21.407523,1.3092173333333332,0.293861,0.121317,0.002399,0.118918,0.172544,0.291462,399.530303,0.689199918861746,0.1210341811488929,2116.0,0,0.935552417025101,0.8693747151870203,0.988277342049594,0.24539551323921127,0.24340308144270456
5724.964,-1.0650623333333331,0.0372543333333333,21.409006,1.3093856666666668,0.293543,0.121097,0.002457,0.11864,0.172446,0.291086,399.502796,0.6879794951492343,0.1225906391496205,2117.0,0,0.9343455094048917,0.8673423385003791,0.9877160291119036,0.24243204380664823,0.24351120207225435
5725.964,-1.059675,0.035733,21.410489,1.309554,0.293225,0.120877,0.002515,0.118362,0.172348,0.29071,399.475289,0.6867576835374734,0.1241488671969872,2118.0,0,0.9331386017846826,0.865309961813738,0.9871547161742131,0.24036746039367546,0.2435164089341876
5726.964,-1.0618946666666669,0.0379116666666666,21.410340666666663,1.3095196666666666,0.29348,0.1210226666666666,0.0025196666666666,0.118503,0.1724573333333333,0.2909603333333333,399.6853873333333,0.6871398888620439,0.1236614245741918,2119.0,0,0.9339421369112579,0.8663407715720703,0.9877809428529969,0.242433744662917,0.24359345652399278
5727.964,-1.0641143333333332,0.0400903333333333,21.41019233333333,1.3094853333333334,0.2937349999999999,0.1211683333333333,0.0025243333333333,0.118644,0.1725666666666666,0.2912106666666667,399.8954856666667,0.6875216098805687,0.123174599607389,2120.0,0,0.9347456720378334,0.8673715813304027,0.9884071695317805,0.24374289734944754,0.2437229884378259
5728.964,-1.066334,0.042269,21.410044,1.309451,0.29399,0.121314,0.002529,0.118785,0.1726759999999999,0.2914609999999999,400.105584,0.6879028475129868,0.1226883911233418,2121.0,0,0.9355492071644087,0.8684023910887351,0.9890333962105644,0.24475210542534503,0.2436050565320358
5729.964,-1.082605,0.0500484999999999,21.4111415,1.3141954999999998,0.2938229999999999,0.12111,0.00244,0.11867,0.1727129999999999,0.2913829999999999,400.050537,0.6870896395196685,0.1237255096867389,2122.0,0,0.935298838030429,0.8675616597255562,0.9892453204829575,0.24512759354740815,0.2432547478921087
5730.964,-1.098876,0.057828,21.412239,1.31894,0.293656,0.120906,0.002351,0.118555,0.1727499999999999,0.291305,399.99549,0.6862767798739227,0.124762183987737,2123.0,0,0.9350484688964498,0.8667209283623772,0.989457244755351,0.24506033108239966,0.2432186753742228
5731.964,-1.095566,0.0553166666666666,21.411359,1.3177076666666667,0.2935143333333333,0.1207903333333333,0.0023716666666666,0.1184186666666666,0.172724,0.2911426666666666,399.6889276666667,0.6855907753172191,0.1256370746260214,2124.0,0,0.9345274015107741,0.865724235239072,0.9893083249963723,0.2446675571855163,0.24349357331572158
5732.964,-1.092256,0.0528053333333333,21.410479,1.3164753333333332,0.2933726666666666,0.1206746666666666,0.0023923333333333,0.1182823333333333,0.172698,0.2909803333333333,399.3823653333333,0.6849045642032283,0.1265122286955544,2125.0,0,0.9340063341250987,0.8647275421157674,0.9891594052373933,0.24207131862778897,0.24368782669112465
5733.964,-1.088946,0.050294,21.409599,1.315243,0.293231,0.120559,0.002413,0.118146,0.172672,0.290818,399.075803,0.6842181464386441,0.1273876463153332,2126.0,0,0.9334852667394234,0.8637308489924629,0.9890104854784142,0.24189242683994072,0.2437029004301689
5734.964,-1.086933,0.04299,21.409852,1.3145283333333333,0.2933723333333333,0.1207083333333333,0.002416,0.1182923333333333,0.172664,0.2909563333333334,399.1314326666667,0.6850973464994835,0.126266365275884,2127.0,0,0.9339292974684898,0.8648006491908264,0.9889646640141131,0.24207131862778897,0.24361705336162345
5735.964,-1.08492,0.035686,21.410105,1.3138136666666669,0.2935136666666667,0.1208576666666666,0.002419,0.1184386666666666,0.172656,0.2910946666666666,399.1870623333333,0.68597662803516,0.1251449803281276,2128.0,0,0.9343733281975559,0.86587044938919,0.9889188425498118,0.24311643980866315,0.24337602387004592
5736.964,-1.082907,0.028382,21.410358,1.313099,0.293655,0.1210069999999999,0.002422,0.118585,0.172648,0.291233,399.242692,0.6868559910569999,0.1240234914576189,2129.0,0,0.9348173589266225,0.8669402495875544,0.9888730210855105,0.2443762784169478,0.24342415329178096
5737.964,-1.086626,0.0336323333333333,21.409949666666662,1.3142366666666667,0.293662,0.121029,0.0024663333333333,0.1185626666666666,0.172633,0.2911956666666667,399.23011933333333,0.6867863032002194,0.1241123673300946,2130.0,0,0.9346975241274528,0.8667769771199221,0.9887871058399457,0.2438936347398904,0.24349483746312256
5738.964,-1.090345,0.0388826666666666,21.409541333333333,1.3153743333333332,0.293669,0.1210509999999999,0.0025106666666666,0.1185403333333333,0.172618,0.2911583333333333,399.21754666666664,0.6867166032321663,0.1242012586485888,2131.0,0,0.9345776893282829,0.8666137046522905,0.9887011905943807,0.2438936347398904,0.24389145606153423
5739.964,-1.094064,0.044133,21.409133,1.316512,0.293676,0.121073,0.002555,0.118518,0.172603,0.291121,399.204974,0.6866468911496836,0.1242901654171276,2132.0,0,0.9344578545291133,0.8664504321846589,0.9886152753488159,0.24271729863163277,0.2442104180525561
5740.964,-1.0847384999999998,0.0491314999999999,21.4089585,1.3204875,0.293941,0.12119,0.0025295,0.1186605,0.172751,0.2914115,399.5044655,0.6868835093081412,0.1239883962675502,2133.0,0,0.9353903190601527,0.8674922080042502,0.9894629724383891,0.24554162529974993,0.24427719984736465
5741.964,-1.075413,0.05413,21.408784,1.324463,0.294206,0.121307,0.002504,0.118803,0.172899,0.291702,399.803957,0.6871197223828802,0.1236871437383796,2134.0,0,0.936322783591192,0.8685339838238414,0.9903106695279625,0.2453743988989322,0.24417268772927722
5742.964,-1.0742323333333332,0.0567626666666666,21.40764,1.3243233333333333,0.293986,0.1211663333333333,0.002515,0.1186513333333333,0.1728196666666666,0.291471,399.613661,0.6865575490585615,0.1244041071662949,2135.0,0,0.9355813057713294,0.8674251931854458,0.9898562733403079,0.2460375046119061,0.24401721208709995
5743.964,-1.0730516666666667,0.0593953333333333,21.406496,1.3241836666666666,0.2937659999999999,0.1210256666666666,0.002526,0.1184996666666666,0.1727403333333333,0.29124,399.423365,0.6859948593658343,0.1251217291406908,2136.0,0,0.9348398279514668,0.8663164025470502,0.989401877152654,0.24508204675015954,0.24391550212847846
5744.964,-1.071871,0.062028,21.405352,1.324044,0.293546,0.1208849999999999,0.002537,0.118348,0.1726609999999999,0.2910089999999999,399.233069,0.6854316525929273,0.1258400105693193,2137.0,0,0.9340983501316039,0.8652076119086552,0.9889474809649994,0.24273913657587426,0.24404304262675347
5745.964,-1.0780436666666666,0.0627866666666666,21.405781,1.3255006666666669,0.2934663333333333,0.1207693333333333,0.002479,0.1182903333333333,0.172697,0.2909873333333333,399.22841866666664,0.6849548537524078,0.1264480923055687,2138.0,0,0.9340288031499432,0.8647860277758147,0.9891536775543556,0.24207131862778897,0.24446860922336136
5746.964,-1.0842163333333334,0.0635453333333333,21.40621,1.326957333333333,0.2933866666666666,0.1206536666666666,0.002421,0.1182326666666666,0.1727329999999999,0.2909656666666666,399.22376833333334,0.6844782536539806,0.1270559205776186,2139.0,0,0.933959256168282,0.8643644436429739,0.9893598741437107,0.24282152199517487,0.2444962456118427
5747.964,-1.090389,0.064304,21.406639,1.328414,0.293307,0.120538,0.002363,0.118175,0.1727689999999999,0.290944,399.219118,0.6840018521734098,0.127663495543912,2140.0,0,0.9338897091866212,0.863942859510134,0.9895660707330665,0.24287653515367558,0.24441522915205421
5748.964,-1.0842355,0.067724,21.4058115,1.3272155,0.293603,0.1207705,0.0023864999999999,0.118384,0.1728325,0.2912165,399.1195735,0.6849598023531318,0.1264417811456738,2141.0,0,0.9347643962252037,0.8654707973788679,0.9899297786059583,0.24516903972264054,0.2444190258920201
5749.964,-1.078082,0.071144,21.404984,1.326017,0.293899,0.121003,0.00241,0.118593,0.172896,0.291489,399.020029,0.6859170488788122,0.1252209641472089,2142.0,0,0.9356390832637862,0.8669987352476017,0.9902934864788495,0.2469729645977115,0.2441825510801674
5750.964,-1.0718233333333334,0.0638436666666666,21.405092,1.3271256666666666,0.2938036666666667,0.1210333333333333,0.0024116666666666,0.1186216666666666,0.1727703333333333,0.291392,399.0244666666667,0.6865818789382497,0.1243730782412508,2143.0,0,0.9353277267766578,0.8672083088627703,0.9895737076437837,0.24581798918456355,0.24411132092982363
5751.964,-1.0655646666666667,0.0565433333333333,21.4052,1.3282343333333333,0.2937083333333333,0.1210636666666666,0.0024133333333333,0.1186503333333333,0.1726446666666666,0.291295,399.02890433333334,0.6872476768410057,0.123523958003756,2144.0,0,0.9350163702895294,0.8674178824779399,0.9888539288087179,0.2445642343010475,0.2443414780486885
5752.964,-1.059306,0.049243,21.405308,1.329343,0.293613,0.121094,0.002415,0.118679,0.172519,0.291198,399.033342,0.6879144447020635,0.1226736007373968,2145.0,0,0.9347050138024009,0.8676274560931094,0.9881341499736527,0.2460754720115646,0.24431720483572272
5753.964,-1.0647666666666666,0.0567426666666666,21.404702,1.330769,0.2935273333333333,0.1209226666666666,0.002477,0.1184456666666666,0.1726046666666666,0.2910503333333333,399.104697,0.6862211939739328,0.1248330750380173,2146.0,0,0.934231024373542,0.8659216243417314,0.9886248214872115,0.24271729863163277,0.24426051913220254
5754.964,-1.0702273333333334,0.0642423333333333,21.404096000000003,1.332195,0.2934416666666666,0.1207513333333333,0.002539,0.1182123333333333,0.1726903333333333,0.2909026666666666,399.176052,0.6845296231812444,0.1269904068458845,2147.0,0,0.933757034944683,0.8642157925903542,0.9891154930007712,0.242026835072436,0.24398952336532212
5755.964,-1.075688,0.071742,21.40349,1.333621,0.293356,0.12058,0.002601,0.117979,0.1727759999999999,0.290755,399.247407,0.6828397298251504,0.1291455993478851,2148.0,0,0.9332830455158244,0.862509960838977,0.98960616451433,0.24437288981643834,0.2434670843663349
5756.964,-1.076038,0.0661853333333333,21.403592,1.3350943333333334,0.2932853333333333,0.1206053333333333,0.0025996666666666,0.1180056666666666,0.17268,0.2906856666666667,399.16725533333334,0.6833737739917343,0.1284645102250667,2149.0,0,0.9330604951745093,0.862704913039134,0.9890563069427155,0.24257878986551668,0.24323853274705423
5757.964,-1.076388,0.0606286666666666,21.403694,1.3365676666666666,0.2932146666666667,0.1206306666666666,0.0025983333333333,0.1180323333333333,0.172584,0.2906163333333333,399.0871036666667,0.6839084122799393,0.1277826633938057,2150.0,0,0.932837944833194,0.8628998652392915,0.9885064493711003,0.24230967811847354,0.24337400189882685
5758.964,-1.076738,0.055072,21.403796,1.338041,0.293144,0.120656,0.002597,0.118059,0.172488,0.290547,399.006952,0.6844436456817535,0.1271000575889774,2151.0,0,0.9326153944918789,0.8630948174394493,0.9879565917994853,0.24245908205383626,0.24342503593759193
5759.964,-1.079297333333333,0.0582443333333333,21.403712333333335,1.3394953333333333,0.2934506666666667,0.1208346666666666,0.0026296666666666,0.118205,0.172616,0.290821,399.1837586666667,0.6847819160337626,0.1266686470957235,2152.0,0,0.9334948963214995,0.8641621807353111,0.9886897352283054,0.24174857460783944,0.24384018180355366
5760.964,-1.081856666666667,0.0614166666666666,21.403628666666663,1.3409496666666667,0.2937573333333333,0.1210133333333333,0.0026623333333333,0.118351,0.1727439999999999,0.291095,399.36056533333334,0.6851196850849519,0.1262378759326168,2153.0,0,0.9343743981511201,0.865229544031173,0.989422878657125,0.24353247299175695,0.2442546727019712
5761.964,-1.084416,0.064589,21.403545,1.342404,0.294064,0.121192,0.002695,0.118497,0.1728719999999999,0.291369,399.537372,0.6854569539488528,0.1258077426795235,2154.0,0,0.9352538999807407,0.866296907327035,0.9901560220859451,0.24591892581877378,0.24444458171229919
5762.964,-1.076032,0.0655906666666666,21.403512,1.3423496666666666,0.2940506666666667,0.1210826666666666,0.0026226666666666,0.11846,0.1729679999999999,0.291428,399.514687,0.6848626054379686,0.1265657404843042,2155.0,0,0.9354432817615715,0.8660264111493164,0.9907058796575603,0.24658581239921556,0.24457606619973654
5763.964,-1.067648,0.0665923333333333,21.403479,1.3422953333333334,0.2940373333333333,0.1209733333333333,0.0025503333333333,0.118423,0.173064,0.291487,399.492002,0.6842689163031231,0.1273228973589224,2156.0,0,0.9356326635424022,0.8657559149715981,0.991255737229176,0.24686875729124985,0.24460013411608816
5764.964,-1.059264,0.067594,21.403446,1.342241,0.294024,0.120864,0.002478,0.118386,0.17316,0.291546,399.469317,0.683675885447647,0.1280792147020069,2157.0,0,0.935822045323233,0.8654854187938796,0.9918055948007912,0.24617174405661202,0.24454917697787515
5765.964,-1.067329,0.070254,21.40569,1.345768,0.2938365,0.1209389999999999,0.0024885,0.1184505,0.1728974999999999,0.291348,399.6980195,0.6850869151554234,0.1262796688103485,2158.0,0,0.9351864929062077,0.8659569594280104,0.9903020780034054,0.24627197991971767,0.24465496385327787
5766.964,-1.075394,0.072914,21.407934,1.349295,0.293649,0.121014,0.002499,0.118515,0.1726349999999999,0.29115,399.926722,0.6865022359183485,0.1244746503544903,2159.0,0,0.9345509404891827,0.8664285000621411,0.9887985612060204,0.2438936347398904,0.244506126800069
5767.964,-1.074818,0.0689643333333333,21.407803,1.349227,0.2935129999999999,0.1209033333333333,0.0025206666666666,0.1183826666666666,0.1726096666666666,0.2909923333333333,399.8669233333333,0.6858363330192032,0.1253239044983231,2160.0,0,0.9340448524534033,0.8654610497688594,0.9886534599024,0.2425503572819896,0.24409019603852983
5768.964,-1.074242,0.0650146666666666,21.407672,1.349159,0.293377,0.1207926666666666,0.0025423333333333,0.1182503333333333,0.1725843333333333,0.2908346666666666,399.80712466666665,0.6851702346278942,0.1261734079615842,2161.0,0,0.9335387644176238,0.8644935994755786,0.9885083585987795,0.24194951067170611,0.24362545272093308
5769.964,-1.073666,0.061065,21.407541,1.349091,0.293241,0.120682,0.002564,0.118118,0.1725589999999999,0.2906769999999999,399.747326,0.6845039406583219,0.1270231608540801,2162.0,0,0.9330326763818446,0.8635261491822975,0.9883632572951584,0.2428064433618668,0.24318037285536143
5770.964,-1.068933666666667,0.0634213333333333,21.406646666666667,1.3496926666666669,0.2932019999999999,0.1206296666666666,0.0025803333333333,0.1180493333333333,0.1725723333333333,0.2906216666666666,399.3901663333333,0.6840531561461795,0.1275980654165981,2163.0,0,0.9328550640902182,0.8630241472668919,0.9884396264023275,0.2420441024596683,0.24283478028202743
5771.964,-1.064201333333333,0.0657776666666666,21.405752333333332,1.3502943333333337,0.293163,0.1205773333333333,0.0025966666666666,0.1179806666666666,0.1725856666666666,0.2905663333333333,399.03300666666667,0.6836024412855378,0.12817288114961,2164.0,0,0.9326774517985917,0.8625221453514863,0.9885159955094961,0.241759618203382,0.24280695356725604
5772.964,-1.059469,0.068134,21.404858,1.350896,0.293124,0.120525,0.002613,0.117912,0.172599,0.290511,398.675847,0.6831517960602549,0.1287476080737024,2165.0,0,0.9324998395069654,0.8620201434360815,0.9885923646166652,0.24193837922324796,0.24307617133318854
5773.964,-1.057977333333333,0.0674553333333333,21.404416333333337,1.3518763333333337,0.2933313333333333,0.12063,0.0025723333333333,0.1180576666666666,0.1727013333333333,0.290759,399.07277066666666,0.6835904552534516,0.1281881674434981,2166.0,0,0.9332958849585926,0.8630850698294409,0.9891784975141853,0.2424179586355334,0.2434121925368964
5774.964,-1.0564856666666669,0.0667766666666666,21.403974666666667,1.3528566666666666,0.2935386666666666,0.120735,0.0025316666666666,0.1182033333333333,0.1728036666666666,0.291007,399.46969433333334,0.6840285949067734,0.12762938940448,2167.0,0,0.9340919304102201,0.8641499962228011,0.9897646304117055,0.24271581832327227,0.24387582270964736
5775.964,-1.054994,0.066098,21.403533,1.353837,0.293746,0.12084,0.002491,0.118349,0.172906,0.291255,399.866618,0.6844662159426744,0.1270712727802027,2168.0,0,0.9348879758618475,0.8652149226161612,0.9903507633092261,0.24599371277200371,0.24411167030075834
5776.964,-1.0562865,0.06408,21.405809,1.3562165,0.2940525,0.121063,0.002495,0.118568,0.1729895,0.2915575,400.0069245,0.685401799520783,0.1258780834554071,2169.0,0,0.9358589587211915,0.8668159675599542,0.9908290248428705,0.24658581239921556,0.24430647675612432
5777.964,-1.057579,0.062062,21.408085,1.358596,0.294359,0.121286,0.002499,0.118787,0.1730729999999999,0.29186,400.147231,0.686336480349446,0.1246860454451777,2170.0,0,0.9368299415805353,0.8684170125037469,0.9913072863765143,0.2459105693190678,0.24445588638508875
5778.964,-1.073765,0.0739575,21.4055355,1.3603625,0.294017,0.121051,0.002495,0.118556,0.172966,0.291522,399.5244425,0.6854255436008027,0.1258478016254675,2171.0,0,0.9357450086666238,0.8667282390698832,0.9906944242914856,0.24658581239921556,0.244709325594567
5779.964,-1.089951,0.085853,21.402986,1.362129,0.293675,0.120816,0.002491,0.118325,0.172859,0.291184,398.901654,0.6845134791160477,0.1270109960553387,2172.0,0,0.9346600757527123,0.8650394656360195,0.9900815622064563,0.24516491927297696,0.24499996728978007
5780.964,-1.0860789999999998,0.086673,21.403052,1.3634745,0.293588,0.1207615,0.0024735,0.118288,0.1728265,0.2911145,399.28709,0.6844281147386844,0.1271198648578391,2173.0,0,0.934436990434615,0.8647689694583012,0.9898954125077323,0.2439921670133281,0.24529832022634981
5781.964,-1.082207,0.087493,21.403118,1.36482,0.293501,0.120707,0.002456,0.118251,0.172794,0.291045,399.672526,0.6843427182499493,0.1272287746133307,2174.0,0,0.9342139051165178,0.8644984732805826,0.9897092628090085,0.24325371449302613,0.24533575708179076
5782.964,-1.0735043333333332,0.0817403333333333,21.402720666666667,1.36565,0.2935603333333333,0.1207653333333333,0.0024323333333333,0.118333,0.172795,0.291128,399.6631096666667,0.6848133058635616,0.1266286143175734,2175.0,0,0.9344803235539576,0.8650979512960667,0.9897149904920461,0.24447277131803097,0.24528478468432505
5783.964,-1.0648016666666666,0.0759876666666666,21.40232333333333,1.36648,0.2936196666666666,0.1208236666666666,0.0024086666666666,0.118415,0.172796,0.291211,399.6536933333333,0.6852838880304635,0.1260284609682365,2176.0,0,0.9347467419913974,0.8656974293115509,0.9897207181750838,0.24532437558766368,0.24535484346958625
5784.964,-1.056099,0.070235,21.401926,1.36731,0.293679,0.120882,0.002385,0.118497,0.172797,0.291294,399.644277,0.6857544647507493,0.1254283145651994,2177.0,0,0.9350131604288373,0.866296907327035,0.9897264458581215,0.24569934768896978,0.2451965101558616
5785.964,-1.0605576666666665,0.0711166666666666,21.403234666666663,1.3687993333333333,0.293719,0.1207923333333333,0.0024283333333333,0.118364,0.1729266666666666,0.2912906666666666,399.7980186666667,0.6844711565336566,0.1270649718354703,2178.0,0,0.9350024608931968,0.8653245832287497,0.9904691354253373,0.24636808132641297,0.24523031249931
5786.964,-1.0650163333333331,0.0719983333333333,21.404543333333333,1.3702886666666667,0.293759,0.1207026666666666,0.0024716666666666,0.118231,0.1730563333333333,0.2912873333333333,399.9517603333333,0.6831897714052376,0.1286991765093835,2179.0,0,0.9349917613575568,0.8643522591304647,0.9912118249925539,0.24607608842455825,0.24536652680445722
5787.964,-1.069475,0.07288,21.405852,1.371778,0.293799,0.120613,0.002515,0.118098,0.1731859999999999,0.291284,400.105502,0.6819103050459908,0.130330934095782,2180.0,0,0.9349810618219168,0.8633799350321795,0.9919545145597697,0.24661115717168014,0.24561130098916437
5788.964,-1.0644876666666667,0.0740173333333333,21.405035333333338,1.37223,0.2938053333333333,0.12066,0.0024956666666666,0.1181643333333333,0.1731453333333333,0.2913096666666667,400.04316166666666,0.6824535701015905,0.1296380851830354,2181.0,0,0.935063448246346,0.8638648786300709,0.9917215887829053,0.24500247926196944,0.24569659402975197
5789.964,-1.0595003333333333,0.0751546666666666,21.404218666666665,1.372682,0.2938116666666667,0.120707,0.0024763333333333,0.1182306666666666,0.1731046666666666,0.2913353333333333,399.9808213333333,0.6829970904091335,0.128944910736685,2182.0,0,0.935145834670775,0.8643498222279621,0.9914886630060404,0.24550294270746076,0.24560930923796512
5790.964,-1.054513,0.076292,21.403402,1.373134,0.293818,0.120754,0.002457,0.118297,0.173064,0.291361,399.918481,0.6835408661485568,0.1282514105272495,2183.0,0,0.9352282210952043,0.8648347658258543,0.991255737229176,0.24535431006480019,0.2457449333868146
5791.964,-1.0573566666666667,0.0796173333333333,21.40225,1.3738926666666669,0.2937153333333333,0.1206663333333333,0.0024476666666666,0.1182186666666666,0.173049,0.2912676666666667,399.752939,0.6831474525666955,0.1287531475148262,2184.0,0,0.9349286340972802,0.8642620937378913,0.9911698219836113,0.24570145634009766,0.24569918218608006
5792.964,-1.0602003333333334,0.0829426666666666,21.401098,1.3746513333333334,0.2936126666666667,0.1205786666666666,0.0024383333333333,0.1181403333333333,0.173034,0.2911743333333333,399.587397,0.682753970776625,0.1292549714912183,2185.0,0,0.9346290470993557,0.8636894216499292,0.9910839067380462,0.2453257017239066,0.24558947599956502
5793.964,-1.063044,0.086268,21.399946,1.37541,0.29351,0.120491,0.002429,0.118062,0.1730189999999999,0.291081,399.421855,0.6823604207606058,0.1297568824790498,2186.0,0,0.9343294601014314,0.8631167495619669,0.9909979914924808,0.24445152766979528,0.24547170186338868
5794.964,-1.0715345,0.0896035,21.4006,1.376626,0.2938,0.120778,0.0023535,0.1184245,0.173022,0.2914465,399.2668125,0.6844436866774937,0.1271000053053754,2187.0,0,0.9355026641843742,0.8657668810328569,0.9910151745415945,0.2470555891774645,0.24555442347465223
5795.964,-1.080025,0.092939,21.401254,1.377842,0.29409,0.121065,0.002278,0.118787,0.173025,0.291812,399.11177,0.6865268803532417,0.1244432202638835,2188.0,0,0.9366758682673171,0.8684170125037469,0.9910323575907074,0.2459105693190678,0.24540703781185505
5796.964,-1.0726615000000002,0.0910235,21.401250500000003,1.3783875,0.2935235,0.120565,0.002327,0.118238,0.1729585,0.2911965,399.34144,0.6836166848308418,0.1281547157535923,2189.0,0,0.9347001990113629,0.8644034340830059,0.9906514666687031,0.2449790265594079,0.24519689942188633
5797.964,-1.065298,0.089108,21.401247,1.378933,0.292957,0.120065,0.002376,0.117689,0.172892,0.290581,399.57111,0.680704250605866,0.131869066355423,2190.0,0,0.9327245297554084,0.860389855662265,0.9902705757466989,0.24543341580991684,0.24506131639329998
5798.964,-1.059842,0.0813656666666666,21.401827333333333,1.380487,0.293106,0.1202463333333333,0.002403,0.1178433333333333,0.1728596666666667,0.290703,399.490931,0.6817243945991183,0.1305680335551641,2191.0,0,0.9331161327598381,0.8615181415206759,0.9900853806618147,0.24582969537460497,0.24499919254263736
5799.964,-1.054386,0.0736233333333333,21.40240766666667,1.382041,0.293255,0.1204276666666666,0.00243,0.1179976666666666,0.1728273333333333,0.290825,399.410752,0.6827449202966335,0.1292665139513072,2192.0,0,0.9335077357642677,0.8626464273790867,0.9899001855769303,0.2440290860794887,0.24517951401028482
5800.964,-1.04893,0.065881,21.402988,1.383595,0.293404,0.120609,0.002457,0.118152,0.172795,0.290947,399.330573,0.6837658279126831,0.1279645072705832,2193.0,0,0.9338993387686974,0.8637747132374982,0.9897149904920461,0.2432529261651128,0.24502837561654806
5801.964,-1.050149,0.0727059999999999,21.402892666666663,1.3842796666666666,0.293325,0.1204716666666666,0.0023906666666666,0.1180809999999999,0.1728533333333333,0.2909343333333333,399.38876533333337,0.683124326263154,0.1287826414682831,2194.0,0,0.9338586805332646,0.8632556530045783,0.9900491053359093,0.24434562605423438,0.24519021195429924
5802.964,-1.051368,0.079531,21.402797333333336,1.3849643333333332,0.293246,0.1203343333333333,0.0023243333333333,0.11801,0.1729116666666666,0.2909216666666667,399.44695766666666,0.6824832574440276,0.1296002236590557,2195.0,0,0.9338180222978323,0.86273659277166,0.9903832201797724,0.2447044632172804,0.24549306716440605
5803.964,-1.052587,0.086356,21.402702,1.385649,0.293167,0.120197,0.002258,0.117939,0.17297,0.290909,399.50515,0.6818426210173959,0.130417254401384,2196.0,0,0.9337773640623995,0.8622175325387409,0.9907173350236362,0.24625474234626965,0.24557386928429015
5804.964,-1.054906,0.084562,21.403431,1.387968,0.2935116666666666,0.1202816666666666,0.0022906666666666,0.117991,0.17323,0.291221,399.393566,0.6811194301250931,0.1313395703469349,2197.0,0,0.934778840598318,0.8625976893290478,0.9922065326134272,0.2455442052400973,0.24514596417637122
5805.964,-1.057225,0.082768,21.40416,1.390287,0.2938563333333333,0.1203663333333333,0.0023233333333333,0.118043,0.17349,0.291533,399.281982,0.680398406833784,0.1322591218592201,2198.0,0,0.9357803171342363,0.8629778461193548,0.9936957302032182,0.24752893269657955,0.2452135018901504
5806.964,-1.059544,0.080974,21.404889,1.392606,0.294201,0.120451,0.002356,0.118095,0.17375,0.2918449999999999,399.170398,0.6796795414127114,0.1331759213482863,2199.0,0,0.9367817936701544,0.8633580029096618,0.995184927793009,0.2480075786604759,0.24543475006357304
5807.964,-1.043113,0.085402,21.4038545,1.3914745000000002,0.293549,0.1203885,0.0023885,0.118,0.1731605,0.2911605,399.3059899999999,0.6814447784293853,0.1309246398879089,2200.0,0,0.9345846440264491,0.8626634856966009,0.9918084586423099,0.24624143700875784,0.24553275763054025
5808.964,-1.026682,0.08983,21.40282,1.390343,0.292897,0.120326,0.002421,0.117905,0.172571,0.290476,399.441582,0.6832220754235911,0.1286579778278875,2201.0,0,0.9323874943827437,0.8619689684835401,0.9884319894916108,0.24155064429541573,0.24543998657717703
5809.964,-1.0456175,0.0845269999999999,21.401689,1.39363,0.293303,0.1203694999999999,0.00236,0.1180094999999999,0.1729335,0.290943,399.377891,0.6823942012727362,0.1297138007625646,2202.0,0,0.9338864993259292,0.8627329374179064,0.9905082745927617,0.2447044632172804,0.2452303928747849
5810.964,-1.064553,0.079224,21.400558,1.396917,0.293709,0.1204129999999999,0.002299,0.118114,0.173296,0.29141,399.3142,0.68156979059072,0.130765206588881,2203.0,0,0.9353855042691146,0.8634969063522739,0.9925845596939126,0.24546540789933918,0.24532545641157227
5811.964,-1.06129,0.0806445,21.402578,1.397024,0.293527,0.120478,0.002384,0.118094,0.173049,0.291143,399.4592205,0.6824270442068767,0.1296719147789622,2204.0,0,0.9345284714643383,0.8633506922021559,0.9911698219836113,0.2453257017239066,0.2451427087759241
5812.964,-1.058027,0.082065,21.404598,1.397131,0.293345,0.120543,0.002469,0.118074,0.172802,0.290876,399.604241,0.6832867484939497,0.1285754975247279,2205.0,0,0.9336714386595621,0.8632044780520378,0.9897550842733098,0.24377675268364823,0.24484389904767861
5813.964,-1.0544980000000002,0.0745079999999999,21.4040545,1.4003055,0.2935885,0.120682,0.0024665,0.1182155,0.1729065,0.291122,399.302453,0.683692147535532,0.1280584749732245,2206.0,0,0.9344610643898054,0.8642389431641231,0.9903536271507449,0.24415880532234818,0.24476309692779452
5814.964,-1.050969,0.066951,21.403511,1.40348,0.293832,0.120821,0.002464,0.118357,0.1730109999999999,0.2913679999999999,399.000665,0.684097056851548,0.1275420769894577,2207.0,0,0.9352506901200484,0.8652734082762085,0.9909521700281795,0.24649484060797133,0.24515857876698893
5815.964,-1.0427006666666667,0.0744166666666666,21.404022666666663,1.4054776666666666,0.2935976666666666,0.1206096666666666,0.0024406666666666,0.118169,0.1729879999999999,0.2911569999999999,399.28415033333334,0.683101237650949,0.1288120873523837,2208.0,0,0.9345734095140266,0.8638989952650986,0.9908204333183134,0.24570145634009766,0.24517170476104785
5816.964,-1.0344323333333334,0.0818823333333333,21.404534333333338,1.4074753333333334,0.2933633333333333,0.1203983333333333,0.0024173333333333,0.117981,0.1729649999999999,0.290946,399.56763566666666,0.6821051536140051,0.1300824354723063,2209.0,0,0.9338961289080052,0.8625245822539888,0.9906886966084474,0.2450194813780212,0.2451783253953111
5817.964,-1.026164,0.089348,21.405046,1.409473,0.293129,0.1201869999999999,0.002394,0.117793,0.1729419999999999,0.2907349999999999,399.851121,0.6811088046350532,0.1313531214839824,2210.0,0,0.9332188483019833,0.8611501692428789,0.9905569598985813,0.24543341580991684,0.24519630149165642
5818.964,-1.0358906666666667,0.088657,21.403652333333337,1.4092623333333334,0.2932903333333333,0.1202159999999999,0.0023986666666666,0.1178173333333333,0.1730743333333333,0.2908916666666666,399.79027966666666,0.6807286229888334,0.1318379832241487,2211.0,0,0.9337217264770705,0.8613280631255223,0.9913149232872317,0.24550546268735968,0.24513349785937089
5819.964,-1.0456173333333334,0.087966,21.402258666666665,1.4090516666666666,0.2934516666666666,0.1202449999999999,0.0024033333333333,0.1178416666666666,0.1732066666666666,0.2910483333333333,399.7294383333333,0.6803490222719163,0.1323221040805942,2212.0,0,0.9342246046521578,0.8615059570081657,0.9920728866758814,0.2448357231578695,0.24496689497984417
5820.964,-1.055344,0.087275,21.400865,1.408841,0.293613,0.1202739999999999,0.002408,0.117866,0.173339,0.291205,399.668597,0.6799700011538017,0.1328054857501621,2213.0,0,0.9347274828272452,0.8616838508908099,0.9928308500645319,0.24553161424197173,0.24458376765194081
5821.964,-1.052252,0.084285,21.400996,1.4105766666666666,0.293242,0.12017,0.0023796666666666,0.1177903333333333,0.173072,0.2908623333333333,399.6549763333333,0.6805817968910999,0.1320252367592858,2214.0,0,0.9336275705634373,0.8611306740228629,0.9913015586934774,0.24550546268735968,0.2442284963669789
5822.964,-1.04916,0.081295,21.401127,1.4123123333333334,0.292871,0.1200659999999999,0.0023513333333333,0.1177146666666666,0.172805,0.2905196666666666,399.64135566666664,0.6811954831815253,0.1312425766660107,2215.0,0,0.9325276582996296,0.860577497154916,0.9897722673224226,0.24314871636079322,0.24393368009195568
5823.964,-1.046068,0.078305,21.401258,1.414048,0.2925,0.119962,0.002323,0.117639,0.1725379999999999,0.2901769999999999,399.627735,0.6818110688018362,0.1304574942769658,2216.0,0,0.9314277460358217,0.8600243202869697,0.9882429759513677,0.2424927765270808,0.2435974703737429
5824.964,-1.046893,0.0799386666666666,21.40357433333333,1.4177263333333334,0.2927663333333333,0.1202103333333333,0.002351,0.1178593333333333,0.1725559999999999,0.2904153333333333,399.47785,0.6830168195630044,0.1289197493119477,2217.0,0,0.9321927628340928,0.8616351128407703,0.9883460742460454,0.2426635673289378,0.24326843012161198
5825.964,-1.047718,0.0815723333333333,21.405890666666668,1.4214046666666666,0.2930326666666666,0.1204586666666666,0.002379,0.1180796666666666,0.1725739999999999,0.2906536666666666,399.327965,0.68422231879859,0.127382325128148,2218.0,0,0.9329577796323636,0.8632459053945707,0.9884491725407232,0.2421487434904785,0.24294470502898285
5826.964,-1.048543,0.083206,21.408207,1.425083,0.293299,0.120707,0.002407,0.1183,0.1725919999999999,0.290892,399.17808,0.6854275665872893,0.1258452216252018,2219.0,0,0.9337227964306347,0.8648566979483719,0.9885522708354011,0.24207131862778897,0.24272208220493682
5827.964,-1.0481993333333333,0.0885293333333333,21.406488666666668,1.425095,0.293303,0.120667,0.0024413333333333,0.1182256666666666,0.1726359999999999,0.2908616666666666,399.44740666666667,0.6848222957226243,0.1266171491699201,2220.0,0,0.9336254306563091,0.8643132686904327,0.988804288889058,0.24207131862778897,0.24249250044675782
5828.964,-1.0478556666666667,0.0938526666666666,21.40477033333333,1.425107,0.293307,0.120627,0.0024756666666666,0.1181513333333333,0.1726799999999999,0.2908313333333333,399.71673333333337,0.6842173333101692,0.1273886833324835,2221.0,0,0.9335280648819838,0.8637698394324941,0.9890563069427148,0.2422150601660506,0.2421419124384588
5829.964,-1.047512,0.099176,21.403052,1.425119,0.293311,0.120587,0.00251,0.118077,0.172724,0.290801,399.98606,0.6836126791141989,0.1281598244135222,2222.0,0,0.9334306991076585,0.8632264101745555,0.9893083249963723,0.24159847223157832,0.2419283078256144
5830.964,-1.0456913333333333,0.0910463333333333,21.402487,1.426933,0.2930746666666666,0.120448,0.0025046666666666,0.1179433333333333,0.1726266666666666,0.29057,399.92820466666666,0.6832238169625187,0.1286557567696029,2223.0,0,0.932689221287796,0.8622492122712662,0.98875083051404,0.24330538600151158,0.24175171699474926
5831.964,-1.0438706666666666,0.0829166666666666,21.401922,1.428747,0.2928383333333333,0.120309,0.0024993333333333,0.1178096666666666,0.1725293333333333,0.2903389999999999,399.87034933333337,0.6828345160561139,0.1291522486881492,2224.0,0,0.9319477434679331,0.8612720143679768,0.9881933360317083,0.2432096451055697,0.24189052731623278
5832.964,-1.04205,0.074787,21.401357,1.430561,0.292602,0.12017,0.002494,0.117676,0.1724319999999999,0.290108,399.812494,0.6824447756519925,0.12964930111673,2225.0,0,0.9312062656480706,0.8602948164646883,0.9876358415493758,0.2396428362778027,0.24195185488080026
5833.964,-1.0499666666666667,0.0809623333333333,21.403540666666668,1.433502,0.29263,0.1201656666666666,0.002498,0.1176676666666666,0.1724643333333333,0.290132,399.70375966666666,0.6822685138655885,0.1298740952311498,2226.0,0,0.9312833023046798,0.8602338939021386,0.9878210366342605,0.24035673039863675,0.242123428967323
5834.964,-1.0578833333333333,0.0871376666666666,21.405724333333332,1.436443,0.292658,0.1201613333333333,0.002502,0.1176593333333333,0.1724966666666666,0.2901559999999999,399.59502533333335,0.6820923181569607,0.1300988050737856,2227.0,0,0.9313603389612887,0.8601729713395896,0.9880062317191446,0.24089765902028637,0.24240988776480704
5835.964,-1.0658,0.093313,21.407908,1.439384,0.292686,0.120157,0.002506,0.117651,0.172529,0.29018,399.486291,0.6819161884889585,0.1303234306920173,2228.0,0,0.9314373756178981,0.8601120487770407,0.9881914268040292,0.24353684670531378,0.23153553352282522
5836.964,-1.049962,0.0933273333333333,21.406639333333334,1.4403466666666669,0.2928316666666666,0.1202023333333333,0.002495,0.1177073333333333,0.1726293333333333,0.2903366666666667,399.628259,0.6818461799876808,0.1304127154959878,2229.0,0,0.9319402537929853,0.860523885299873,0.988766104335474,0.242684594273464,0.2124560489499387
5837.964,-1.034124,0.0933416666666666,21.405370666666663,1.441309333333333,0.2929773333333333,0.1202476666666666,0.002484,0.1177636666666666,0.1727296666666667,0.2904933333333333,399.770227,0.6817762528174884,0.1305018965749839,2230.0,0,0.9324431319680725,0.8609357218227053,0.9893407818669193,0.24378705949301638,0.19052067795440725
5838.964,-1.018286,0.093356,21.404102,1.442272,0.293123,0.120293,0.002473,0.11782,0.17283,0.29065,399.912195,0.6817064068367362,0.1305909741096516,2231.0,0,0.9329460101431597,0.8613475583455383,0.9899154593983642,0.245079648140891,0.16576429422212854
5839.964,-1.029413666666667,0.0918246666666666,21.403329,1.444605666666667,0.297986,0.1344303333333333,0.002463,0.1319673333333333,0.1635556666666666,0.295523,392.5282813333333,0.8068600077445124,0.0290227087905858,2232.0,0,0.9485876612954995,0.9647745743340554,0.936795017679448,0.13285492981175984,0.13802755244477816
5840.964,-1.040541333333333,0.0902933333333333,21.402556,1.4469393333333334,0.302849,0.1485676666666666,0.002453,0.1461146666666666,0.1542813333333333,0.300396,385.14436766666665,0.947060259653838,0.2078260223866401,2233.0,0,0.9642293124478396,1.0682015903225723,0.8836745759605322,0.052510540272646566,0.10861079096416928
5841.964,-1.051669,0.088762,21.401783,1.449273,0.307712,0.162705,0.002443,0.160262,0.145007,0.305269,377.760454,1.1051941961822795,0.409500922810929,2234.0,0,0.9798709636001797,1.1716286063110903,0.8305541342416165,0.02385593515025486,0.07893011071505766
5842.964,-1.045354,0.0884413333333333,21.401797666666667,1.451169,0.3130219999999999,0.1763373333333333,0.0024413333333333,0.173896,0.1366846666666666,0.3105806666666666,334.030607,1.272232884696518,0.6225324302321957,2235.0,1,0.9969206736427636,1.2713027924465772,0.7828864467745503,-0.007921001044984277,0.04933465570913102
5843.964,-1.039039,0.0881206666666666,21.401812333333332,1.453065,0.318332,0.1899696666666666,0.0024396666666666,0.18753,0.1283623333333333,0.3158923333333333,290.30075999999997,1.460931210885767,0.8631873900712699,2236.0,1,1.0139703836853478,1.3709769785820642,0.7352187593074847,-0.0370106873748669,0.019661172300184337
5844.964,-1.032724,0.0878,21.401827,1.454961,0.323642,0.203602,0.002438,0.201164,0.1200399999999999,0.321204,246.570913,1.6757941036812425,1.1372111288125648,2237.0,1,1.0310200937279321,1.470651164717551,0.6875510718404185,-0.0532699557858024,-0.010173788092485004
5845.964,-1.03357,0.087275,21.401914666666663,1.4575866666666666,0.3237049999999999,0.2035793333333333,0.002442,0.2011373333333333,0.1201256666666666,0.3212629999999999,245.016074,1.6743770464509689,1.1354038957664212,2238.0,1,1.0312094755087624,1.4704562125173934,0.688041743353978,-0.0532699557858024,-0.02868966587572965
5846.964,-1.034416,0.08675,21.402002333333336,1.4602123333333334,0.323768,0.2035566666666667,0.002446,0.2011106666666667,0.1202113333333333,0.321322,243.461235,1.672962008889826,1.1335992384897793,2239.0,1,1.0313988572895936,1.4702612603172365,0.6885324148675376,-0.0532699557858024,-0.0392032937726528
5847.964,-1.035262,0.086225,21.40209,1.462838,0.323831,0.203534,0.00245,0.201084,0.1202969999999999,0.321381,241.906396,1.671548986683071,1.1317971514798644,2240.0,1,1.031588239070424,1.4700663081170788,0.6890230863810966,-0.0529477745964505,-0.046819272089746955
5848.964,-1.0254323333333333,0.0874353333333333,21.40241066666667,1.4641796666666669,0.3239889999999999,0.2037166666666666,0.00241,0.2013066666666666,0.1202723333333333,0.321579,242.02321833333335,1.6737431406241348,1.1345954488428087,2241.0,1,1.0322237914874492,1.471694158988393,0.6888818035328347,-0.0532699557858024,-0.05135416756382877
5849.964,-1.0156026666666669,0.0886456666666666,21.40273133333333,1.4655213333333337,0.324147,0.2038993333333333,0.00237,0.2015293333333333,0.1202476666666666,0.321777,242.14004066666664,1.6759381947408971,1.1373948942379115,2242.0,1,1.0328593439044744,1.4733220098597077,0.6887405206845723,-0.05230384802068666,-0.052980094404922316
5850.964,-1.005773,0.089856,21.403052,1.466863,0.324305,0.2040819999999999,0.00233,0.201752,0.120223,0.321975,242.256863,1.6781341495874362,1.1401954883718108,2243.0,1,1.0334948963214996,1.4749498607310223,0.6885992378363104,-0.052625738696584934,-0.052776494404210596
5851.964,-1.0076825,0.110018,21.40084,1.4678435,0.324099,0.203675,0.0023125,0.2013625,0.120424,0.3217865,242.2758655,1.672098816690886,1.1324983729539555,2244.0,1,1.0328898375810487,1.4721023401574729,0.6897505021268796,-0.05230384802068666,-0.052776494404210596
5852.964,-1.009592,0.13018,21.398628,1.468824,0.323893,0.203268,0.002295,0.200973,0.1206249999999999,0.321598,242.294868,1.6660835972344274,1.1248269090573155,2245.0,1,1.0322847788405982,1.4692548195839237,0.6909017664174482,-0.0532699557858024,-0.05274427628527541
5853.964,-0.9899655,0.1189165,21.3982405,1.4687185,0.3236725,0.2033455,0.0023865,0.200959,0.1203269999999999,0.321286,242.660939,1.6700934113423307,1.129940794657614,2246.0,1,1.03128330230468,1.469152469678841,0.6891949168722263,-0.0532699557858024,-0.05267988362769902
5854.964,-0.970339,0.107653,21.397853,1.468613,0.323452,0.203423,0.002478,0.200945,0.120029,0.320974,243.02701,1.6741231358826962,1.1350800728749078,2247.0,1,1.0302818257687614,1.4690501197737584,0.6874880673270048,-0.05123395577868517,-0.05250842442539523
5855.964,-0.9677995,0.1243835,21.4004195,1.4727375,0.3236005,0.2034095,0.0024385,0.200971,0.1201909999999999,0.321162,242.889464,1.6720830005324816,1.132478201937909,2248.0,1,1.030885279578866,1.4692401981689118,0.6884159519791048,-0.0532699557858024,-0.052327686682856166
5856.964,-0.96526,0.141114,21.402986,1.476862,0.323749,0.203396,0.002399,0.200997,0.1203529999999999,0.32135,242.751918,1.67004835734583,1.129883335389493,2249.0,1,1.0314887333889708,1.4694302765640652,0.6893438366312054,-0.0529477745964505,-0.052114759872727276
5857.964,-0.9644286666666668,0.1412496666666666,21.401896666666666,1.477024,0.323521,0.2031053333333333,0.0024216666666666,0.2006836666666666,0.1204156666666666,0.3210993333333333,242.68056733333333,1.6665771626297583,1.125456373890365,2250.0,1,1.030684128308831,1.467139588212215,0.6897027714348988,-0.05230384802068666,-0.051724538459091765
5858.964,-0.9635973333333332,0.1413853333333333,21.400807333333333,1.477186,0.323293,0.2028146666666666,0.0024443333333333,0.2003703333333333,0.1204783333333333,0.3208486666666666,242.60921666666667,1.6631095789596004,1.121034017710885,2251.0,1,1.0298795232286915,1.4648488998603655,0.6900617062385922,-0.05155536376276448,-0.05123770626894467
5859.964,-0.962766,0.141521,21.399718,1.477348,0.323065,0.202524,0.002467,0.200057,0.1205409999999999,0.320598,242.537866,1.6596456007034897,1.1166162596684963,2252.0,1,1.0290749181485521,1.462558211508516,0.690420641042285,-0.05049647059529605,-0.05075087407879758
5860.964,-0.9560106666666668,0.1522533333333333,21.399494666666666,1.4784263333333334,0.3230126666666666,0.2023393333333333,0.002491,0.1998483333333333,0.1206733333333333,0.3205216666666666,242.740532,1.65609643586181,1.1120898595690063,2253.0,1,1.0288298987823925,1.461032710542284,0.6911786044309354,-0.05049647059529605,-0.05067712556045867
5861.964,-0.9492553333333332,0.1629856666666666,21.399271333333335,1.4795046666666667,0.3229603333333333,0.2021546666666666,0.002515,0.1996396666666666,0.1208056666666666,0.3204453333333333,242.943198,1.6525550466309815,1.107573376035046,2254.0,1,1.028584879416233,1.459507209576052,0.6919365678195852,-0.048401633884331496,-0.050399777041408036
5862.964,-0.9425,0.173718,21.399048,1.480583,0.322908,0.20197,0.002539,0.199431,0.1209379999999999,0.3203689999999999,243.145864,1.6490214074864191,1.1030667765140336,2255.0,1,1.0283398600500735,1.4579817086098206,0.6926945312082351,-0.048401633884331496,-0.050218876179059325
5863.964,-0.9299316666666668,0.1725706666666666,21.400339,1.480721,0.322974,0.202035,0.0025216666666666,0.1995133333333333,0.1209389999999999,0.3204523333333333,243.37916033333332,1.6496885507965382,1.103917612606467,2256.0,1,1.0286073484410774,1.4585836235278062,0.6927002588912726,-0.048401633884331496,-0.050177172650187805
5864.964,-0.9173633333333332,0.1714233333333333,21.40163,1.480859,0.32304,0.2021,0.0025043333333333,0.1995956666666666,0.12094,0.3205356666666666,243.61245666666667,1.6503556830741162,1.104768434628634,2257.0,1,1.0288748368320813,1.4591855384457921,0.6927059865743109,-0.05049647059529605,-0.05030687185334783
5865.964,-0.904795,0.170276,21.402921,1.480997,0.323106,0.2021649999999999,0.002487,0.199678,0.120941,0.320619,243.845753,1.6510228043194255,1.105619242580882,2258.0,1,1.0291423252230851,1.4597874533637787,0.6927117142573487,-0.05049647059529605,-0.0505424603732547
5866.964,-0.9044743333333334,0.186071,21.401316666666663,1.48177,0.3233616666666666,0.2022636666666666,0.0025213333333333,0.1997423333333333,0.121098,0.3208403333333333,243.91176033333335,1.6494135652097317,1.1035669118520637,2259.0,1,1.029852774389591,1.4602577755466581,0.6936109604942609,-0.05113876597296341,-0.05077804889316158
5867.964,-0.9041536666666666,0.201866,21.399712333333333,1.482543,0.3236173333333333,0.2023623333333333,0.0025556666666666,0.1998066666666666,0.121255,0.3210616666666667,243.9777676666667,1.6478084933254158,1.1015198957620984,2260.0,1,1.0305632235560975,1.4607280977295378,0.6945102067311731,-0.05188681273197149,-0.0512231210841649
5868.964,-0.903833,0.217661,21.398108,1.483316,0.323873,0.202461,0.00259,0.199871,0.121412,0.321283,244.043775,1.6462075725004732,1.099478173693797,2261.0,1,1.0312736727226037,1.461198419912418,0.6954094529680853,-0.05285235579436476,-0.05166819327516823
5869.964,-0.8948246666666667,0.2253973333333333,21.397282,1.483005,0.323797,0.2022773333333333,0.0025443333333333,0.199733,0.1215196666666666,0.3212526666666667,244.15180966666668,1.6436134320088216,1.0961697565581343,2262.0,1,1.0311763069482784,1.4601895422766034,0.6960261335084728,-0.05285235579436476,-0.052081066179151536
5870.964,-0.8858163333333333,0.2331336666666666,21.396456,1.482694,0.323721,0.2020936666666666,0.0024986666666666,0.199595,0.1216273333333333,0.3212223333333334,244.25984433333332,1.641023884237499,1.0928671967130406,2263.0,1,1.0310789411739532,1.4591806646407885,0.6966428140488607,-0.05285235579436476,-0.05228445541203839
5871.964,-0.876808,0.24087,21.39563,1.482383,0.323645,0.20191,0.002453,0.199457,0.121735,0.321192,244.367879,1.6384389170007227,1.0895704786174716,2264.0,1,1.0309815753996274,1.458171787004974,0.6972594945892487,-0.05285235579436476,-0.052487844644925244
5872.964,-0.874974,0.246142,21.396101333333338,1.4826116666666669,0.3237123333333333,0.2018753333333333,0.0024259999999999,0.1994493333333333,0.121837,0.3212863333333333,244.447875,1.6370043281515896,1.087740886755976,2265.0,1,1.0312843722582437,1.4581157382474286,0.6978437182590899,-0.05285235579436476,-0.052659203627065373
5873.964,-0.87314,0.251414,21.396572666666668,1.482840333333333,0.3237796666666667,0.2018406666666666,0.002399,0.1994416666666666,0.1219389999999999,0.3213806666666667,244.527871,1.6355721393034823,1.0859143557173403,2266.0,1,1.0315871691168603,1.458059689489883,0.6984279419289303,-0.052530362924164575,-0.052755757933304705
5874.964,-0.871306,0.256686,21.397044,1.483069,0.323847,0.201806,0.002372,0.199434,0.1220409999999999,0.321475,244.607867,1.6341423444388,1.084090877827064,2267.0,1,1.0318899659754766,1.4580036407323382,0.6990121655987714,-0.052530362924164575,-0.052755757933304705
5875.964,-0.8654123333333333,0.2590653333333333,21.397201333333335,1.48405,0.3237886666666666,0.2017536666666666,0.0023913333333333,0.1993623333333333,0.1220349999999999,0.3213973333333333,244.727576,1.6336354299824094,1.083444388371603,2268.0,1,1.0316406667950608,1.457479706694415,0.6989777995005454,-0.052530362924164575,-0.05272355864628468
5876.964,-0.8595186666666667,0.2614446666666666,21.397358666666666,1.485031,0.3237303333333333,0.2017013333333333,0.0024106666666666,0.1992906666666666,0.122029,0.3213196666666666,244.847285,1.6331284656778389,1.0827978353426486,2269.0,1,1.0313913676146453,1.4569557726564915,0.69894343340232,-0.05285235579436476,-0.05272355864628468
5877.964,-0.853625,0.263824,21.397516,1.486012,0.323672,0.201649,0.00243,0.199219,0.122023,0.321242,244.966994,1.632621451517734,1.082151218730822,2270.0,1,1.0311420684342298,1.456431838618569,0.6989090673040942,-0.05285235579436476,-0.052757873135351255
5878.964,-0.8462536666666667,0.2695403333333333,21.395540666666665,1.4844863333333334,0.3237443333333333,0.2014766666666666,0.0024086666666666,0.199068,0.1222676666666666,0.3213356666666667,245.31251733333335,1.6281194964095458,1.0764096848887474,2271.0,1,1.0314427253857181,1.4553279217851776,0.7003104404206406,-0.05285235579436476,-0.05387632913205966
5879.964,-0.8388823333333333,0.2752566666666666,21.393565333333335,1.4829606666666668,0.3238166666666666,0.2013043333333333,0.0023873333333333,0.198917,0.1225123333333333,0.3214293333333333,245.65804066666664,1.6236355226642003,1.0706910834395575,2272.0,1,1.0317433823372062,1.4542240049517863,0.7017118135371878,-0.052530362924164575,-0.05525632354538731
5880.964,-0.831511,0.280973,21.39159,1.481435,0.323889,0.201132,0.002366,0.198766,0.1227569999999999,0.321523,246.003564,1.6191694227667446,1.0649952772648827,2273.0,1,1.0320440392886947,1.4531200881183948,0.7031131866537342,-0.05285235579436476,-0.056669139843027974
5881.964,-0.8295983333333333,0.2874583333333333,21.393405666666663,1.4834546666666668,0.326057,0.2074536666666666,0.002398,0.2050556666666666,0.1186033333333333,0.323659,235.599281,1.7289053519685906,1.2049461510658943,2274.0,1,1.0389003017269047,1.4991020014280247,0.6793223005429841,-0.05319550068503043,-0.058081956140668634
5882.964,-0.8276856666666667,0.2939436666666666,21.395221333333335,1.4854743333333331,0.328225,0.2137753333333333,0.00243,0.2113453333333333,0.1144496666666666,0.325795,225.194998,1.846606398098744,1.3550552755160026,2275.0,1,1.0457565641651152,1.5450839147376554,0.6555314144322335,-0.06403691576144888,-0.05946257315128928
5883.964,-0.825773,0.300429,21.397037,1.487494,0.330393,0.220097,0.002462,0.217635,0.110296,0.327931,214.790715,1.973172434427047,1.5164702970728494,2276.0,1,1.0526128266033252,1.591065828047286,0.6317405283214834,-0.06633030705744103,-0.06084319016190992
5884.964,-0.816294,0.3070166666666666,21.396689,1.485946,0.3303793333333333,0.2199386666666666,0.0024286666666666,0.21751,0.1104406666666666,0.3279506666666666,208.233443,1.9694559722327027,1.511730535580602,2277.0,1,1.052675953863602,1.5901519896090481,0.6325691331342641,-0.0666585259005712,-0.06209260841590362
5885.964,-0.8068150000000001,0.3136043333333333,21.396341,1.484398,0.3303656666666666,0.2197803333333333,0.0023953333333333,0.217385,0.1105853333333333,0.3279703333333333,201.676171,1.9657492336304363,1.5070031749967687,2278.0,1,1.052739081123879,1.58923815117081,0.6333977379470455,-0.0666585259005712,-0.06337422595691733
5886.964,-0.797336,0.320192,21.395993,1.48285,0.330352,0.219622,0.002362,0.21726,0.1107299999999999,0.32799,195.118899,1.9620521805095237,1.5022881667171304,2279.0,1,1.052802208384156,1.5883243127325724,0.6342263427598261,-0.0666585259005712,-0.06462364421091102
5887.964,-0.7941293333333334,0.3226953333333333,21.396114666666666,1.4823636666666666,0.3302663333333333,0.2195396666666667,0.0023726666666666,0.217167,0.1107266666666666,0.3278936666666667,195.396843,1.961271347419947,1.5012923372383642,2280.0,1,1.0524929918041557,1.5876444169345232,0.6342072504830342,-0.0666585259005712,-0.06583874797583815
5888.964,-0.7909226666666667,0.3251986666666666,21.396236333333334,1.4818773333333333,0.3301806666666667,0.2194573333333333,0.0023833333333333,0.217074,0.1107233333333333,0.3277973333333333,195.674787,1.9604904673167296,1.5002964478011127,2281.0,1,1.052183775224155,1.586964521136474,0.6341881582062422,-0.06534653833430171,-0.06610090898975038
5889.964,-0.787716,0.327702,21.396358,1.481391,0.330095,0.219375,0.002394,0.216981,0.11072,0.327701,195.952731,1.9597095401956264,1.4993004983999625,2282.0,1,1.0518745586441547,1.5862846253384253,0.6341690659294502,-0.06534653833430171,-0.06600253211743645
5890.964,-0.7860243333333333,0.3371526666666666,21.397233,1.4810263333333331,0.330072,0.2194913333333333,0.0024593333333333,0.217032,0.1105806666666666,0.3276126666666666,196.09207966666668,1.962639979502328,1.5030378116443726,2283.0,1,1.0515910209496904,1.5866574714212263,0.6333710087595362,-0.06534653833430171,-0.06593690315003056
5891.964,-0.7843326666666667,0.3466033333333333,21.398108,1.4806616666666663,0.330049,0.2196076666666666,0.0025246666666666,0.217083,0.1104413333333333,0.3275243333333333,196.23142833333333,1.965577812855578,1.5067845548292125,2284.0,1,1.0513074832552265,1.5870303175040272,0.6325729515896227,-0.06534653833430171,-0.06590408126571753
5892.964,-0.782641,0.356054,21.398983,1.480297,0.330026,0.219724,0.00259,0.217134,0.1103019999999999,0.327436,196.370777,1.9685230682755683,1.5105407636898185,2285.0,1,1.0510239455607626,1.5874031635868284,0.6317748944197088,-0.0666585259005712,-0.06583845229831164
5893.964,-0.771921,0.3587493333333333,21.39760066666667,1.479053333333333,0.32985,0.219487,0.0025766666666666,0.2169103333333333,0.110363,0.3272733333333333,196.525061,1.9654084061227697,1.5065685032547025,2286.0,1,1.050501808221523,1.5857680020080076,0.6321242830850065,-0.06534653833430171,-0.06577282333090576
5894.964,-0.761201,0.3614446666666667,21.396218333333337,1.477809666666667,0.329674,0.21925,0.0025633333333333,0.2166866666666666,0.110424,0.3271106666666666,196.679345,1.962297185118104,1.5026006314614078,2287.0,1,1.0499796708822833,1.5841328404291872,0.6324736717503036,-0.06600223622651225,-0.0658383931201268
5895.964,-0.750481,0.36414,21.394836,1.476566,0.329498,0.2190129999999999,0.00255,0.216463,0.110485,0.326948,196.833629,1.959189399561935,1.498637141040946,2288.0,1,1.049457533543044,1.582497678850367,0.6328230604156007,-0.06633030705744103,-0.06590396290934786
5896.964,-0.7468506666666667,0.371683,21.395416333333333,1.4762343333333334,0.3297626666666666,0.2191076666666666,0.0025843333333333,0.2165233333333333,0.110655,0.3271783333333333,197.071198,1.9567247445536915,1.4954938622212328,2289.0,1,1.0501968714557786,1.582938758203223,0.6337967665320025,-0.06600223622651225,-0.06596953269856891
5897.964,-0.7432203333333333,0.379226,21.39599666666667,1.4759026666666666,0.3300273333333333,0.2192023333333333,0.0026186666666666,0.2165836666666666,0.1108249999999999,0.3274086666666666,197.308767,1.954267650791932,1.4923602265791018,2290.0,1,1.050936209368513,1.583379837556079,0.6347704726484037,-0.06600223622651225,-0.06603510248778996
5898.964,-0.73959,0.386769,21.396577,1.475571,0.330292,0.219297,0.002653,0.216644,0.1109949999999999,0.3276389999999999,197.546336,1.951818083534542,1.4892361898064648,2291.0,1,1.0516755472812476,1.5838209169089357,0.6357441787648055,-0.06600223622651225,-0.06600228060347695
5899.964,-0.7365126666666666,0.3936823333333333,21.396533333333338,1.4748856666666663,0.3302219999999999,0.2192076666666666,0.0026053333333333,0.2166023333333333,0.1110143333333333,0.3276166666666666,197.79307766666668,1.9511028506572672,1.4883240230542087,2292.0,1,1.0516038603924587,1.5835163040961895,0.6358549139702006,-0.06600223622651225,-0.06610065747579089
5900.964,-0.7334353333333333,0.4005956666666667,21.396489666666668,1.4742003333333331,0.330152,0.2191183333333333,0.0025576666666666,0.2165606666666666,0.1110336666666666,0.3275943333333333,198.03981933333333,1.9503878668523944,1.487412173954526,2293.0,1,1.0515321735036698,1.5832116912834433,0.6359656491755951,-0.06600223622651225,-0.06613346455888376
5901.964,-0.730358,0.407509,21.396446,1.473515,0.330082,0.219029,0.00251,0.216519,0.1110529999999999,0.327572,198.286561,1.9496731319898428,1.48650064234152,2294.0,1,1.0514604866148807,1.5829070784706978,0.6360763843809896,-0.06600223622651225,-0.06613346455888376
5902.964,-0.7186473333333333,0.405263,21.395964666666668,1.4733106666666669,0.3300383333333333,0.218918,0.0024983333333333,0.2164196666666666,0.1111203333333333,0.32754,198.64855333333333,1.9475978210004683,1.4838539104235022,2295.0,1,1.0513577710727353,1.5821808815251108,0.6364620483721922,-0.06633030705744103,-0.06616627164197664
5903.964,-0.7069366666666667,0.403017,21.395483333333335,1.4731063333333332,0.3299946666666666,0.218807,0.0024866666666666,0.2163203333333333,0.1111876666666666,0.3275079999999999,199.01054566666667,1.9455250235335737,1.4812103841070594,2296.0,1,1.0512550555305895,1.5814546845795248,0.6368477123633943,-0.06633030705744103,-0.06619907872506951
5904.964,-0.695226,0.400771,21.395002,1.472902,0.329951,0.218696,0.002475,0.216221,0.1112549999999999,0.327476,199.372538,1.943454735025527,1.4785700575719969,2297.0,1,1.0511523399884444,1.5807284876339385,0.6372333763545964,-0.06633030705744103,-0.06623188580816239
5905.964,-0.698828,0.408005,21.395891666666667,1.4714726666666669,0.330084,0.2186836666666666,0.002486,0.2161976666666666,0.1114003333333333,0.327598,199.48674133333333,1.9407098658304511,1.475069409743028,2298.0,1,1.051543942992874,1.5805579044588003,0.6380657996227364,-0.06633030705744103,-0.06629751477556829
5906.964,-0.70243,0.4152389999999999,21.396781333333333,1.4700433333333334,0.330217,0.2186713333333333,0.002497,0.2161743333333333,0.1115456666666666,0.3277199999999999,199.60094466666663,1.937972149175234,1.4715778838507885,2299.0,1,1.0519355459973032,1.5803873212836628,0.6388982228908757,-0.06633030705744103,-0.06636314374297418
5907.964,-0.706032,0.422473,21.397671,1.468614,0.33035,0.218659,0.002508,0.216151,0.1116909999999999,0.3278419999999999,199.715148,1.9352415571392767,1.468095444286957,2300.0,1,1.052327149001733,1.5802167381085255,0.6397306461590152,-0.06633030705744103,-0.06642877271038009
5908.964,-0.6997463333333334,0.4274316666666666,21.398108333333333,1.467841,0.3299783333333333,0.218397,0.0025429999999999,0.215854,0.1115813333333333,0.3274353333333333,199.58575266666668,1.934481862421471,1.467126573468145,2301.0,1,1.0510218056536345,1.578045457979272,0.6391025102525524,-0.06633030705744103,-0.06636317333873978
5909.964,-0.6934606666666666,0.4323903333333333,21.398545666666667,1.467068,0.3296066666666666,0.218135,0.002578,0.215557,0.1114716666666666,0.3270286666666667,199.45635733333333,1.9337206729302856,1.4661557963015928,2302.0,1,1.049716462305536,1.5758741778500187,0.6384743743460891,-0.0666585259005712,-0.06633036625564691
5910.964,-0.687175,0.437349,21.398983,1.466295,0.329235,0.217873,0.002613,0.21526,0.1113619999999999,0.326622,199.326962,1.9329579842497064,1.4651831071553705,2303.0,1,1.0484111189574372,1.5737028977207654,0.6378462384396258,-0.0666585259005712,-0.06629755917255403
5911.964,-0.6810063333333333,0.4400326666666667,21.398224666666668,1.4643403333333334,0.3291743333333333,0.2175156666666666,0.0025546666666666,0.214961,0.1116586666666666,0.3266196666666667,200.026325,1.925144561300857,1.4552183182569514,2304.0,1,1.0484036292824892,1.5715169961765003,0.6395454510741311,-0.0666585259005712,-0.06626475208946116
5912.964,-0.6748376666666667,0.4427163333333333,21.397466333333337,1.4623856666666666,0.3291136666666666,0.2171583333333333,0.0024963333333333,0.214662,0.1119553333333333,0.3266173333333333,200.725688,1.917372547034708,1.445306339603717,2305.0,1,1.0483961396075407,1.5693310946322352,0.6412446637086363,-0.06567431334103813,-0.06623194500636828
5913.964,-0.668669,0.4454,21.396708,1.460431,0.329053,0.216801,0.002438,0.214363,0.1122519999999999,0.326615,201.425051,1.9096416131417424,1.4354467524886505,2306.0,1,1.0483886499325927,1.56714519308797,0.6429438763431411,-0.06600223622651225,-0.06619913792327539
5914.964,-0.6632936666666667,0.4467786666666666,21.396840333333333,1.4600943333333334,0.3292356666666666,0.216799,0.0024413333333333,0.2143576666666666,0.1124366666666666,0.3267943333333333,201.74032566666668,1.9064578003219563,1.4313863012819326,2307.0,1,1.048964284950033,1.567106202647938,0.6440015884774287,-0.06600223622651225,-0.06616633084018252
5915.964,-0.6579183333333333,0.4481573333333333,21.396972666666667,1.4597576666666667,0.3294183333333333,0.216797,0.0024446666666666,0.2143523333333333,0.1126213333333333,0.3269736666666666,202.05560033333333,1.9032844284881336,1.4273391659064067,2308.0,1,1.049539919967473,1.567067212207907,0.6450593006117163,-0.06600223622651225,-0.06610070187277663
5916.964,-0.652543,0.449536,21.397105,1.459421,0.329601,0.216795,0.002448,0.214347,0.1128059999999999,0.3271529999999999,202.370875,1.9001214463641447,1.423305280967455,2309.0,1,1.0501155549849133,1.5670282217678757,0.6461170127460034,-0.06600223622651225,-0.06606787998846361
5917.964,-0.646996,0.454036,21.398725,1.4567025,0.3294825,0.216686,0.0024815,0.2142045,0.1127964999999999,0.327001,202.80886,1.8990181519980491,1.4218982029783414,2310.0,1,1.0496276561597224,1.5659864459482844,0.6460625997571456,-0.06600223622651225,-0.06603505810415058
5918.964,-0.641449,0.458536,21.400345,1.453984,0.329364,0.216577,0.002515,0.214062,0.112787,0.326849,203.246845,1.897914671773593,1.4204908879561966,2311.0,1,1.0491397573345316,1.564944670128693,0.6460081867682884,-0.06600223622651225,-0.06610065747579089
5919.964,-0.636005,0.4644925,21.396809500000003,1.4546915,0.3291015,0.2164809999999999,0.0025275,0.2139535,0.1126205,0.326574,203.258479,1.8997571511656297,1.4228406798862543,2312.0,1,1.0482570456442188,1.5641514583643026,0.6450545275425185,-0.06600223622651225,-0.06613346455888376
5920.964,-0.630561,0.470449,21.393274,1.455399,0.328839,0.216385,0.00254,0.213845,0.112454,0.326299,203.270113,1.901605086479036,1.425197429983693,2313.0,1,1.0473743339539063,1.563358246599912,0.6441008683167485,-0.06633030705744103,-0.06613346455888376
5921.964,-0.6369965,0.4693525,21.396957,1.454761,0.3291395,0.2162414999999999,0.002489,0.2137525,0.112898,0.3266505,203.4551145,1.893307292358656,1.4146149020348746,2314.0,1,1.0485025999871604,1.5626820061556161,0.6466439595854685,-0.06633030705744103,-0.06613346455888376
5922.964,-0.643432,0.468256,21.40064,1.454123,0.32944,0.2160979999999999,0.002438,0.21366,0.113342,0.327002,203.640116,1.8850745083507576,1.4041152842332971,2315.0,1,1.0496308660204146,1.56200576571132,0.6491870508541885,-0.06633030705744103,-0.06616627164197664
5923.964,-0.640616,0.4767176666666666,21.400299,1.451792,0.329696,0.2163753333333333,0.0025073333333333,0.213868,0.1133206666666666,0.3271886666666667,203.778759,1.8872648655008608,1.4069087393880744,2316.0,1,1.0502300400162632,1.5635263928725478,0.649064860282718,-0.06633030705744103,-0.06616627164197664
5924.964,-0.6378,0.4851793333333333,21.399958,1.449461,0.329952,0.2166526666666666,0.0025766666666666,0.214076,0.1132993333333333,0.3273753333333333,203.917402,1.889456047496182,1.4097032465028612,2317.0,1,1.0508292140121116,1.5650470200337756,0.6489426697112481,-0.06600223622651225,-0.06616627164197664
5925.964,-0.634984,0.493641,21.399617,1.44713,0.330208,0.21693,0.002646,0.214284,0.1132779999999999,0.327562,204.056045,1.891648054802744,1.4124988061719943,2318.0,1,1.0514283880079605,1.5665676471950036,0.6488204791397778,-0.06600223622651225,-0.06616627164197664
5926.964,-0.6249655000000001,0.496521,21.397772,1.4441635000000002,0.3297825,0.216155,0.002562,0.213593,0.1136274999999999,0.3272205,204.532731,1.8797484785947192,1.3973227731234972,2319.0,1,1.0503322205816268,1.5615159483084244,0.6508223043614391,-0.06633030705744103,-0.06613346455888376
5927.964,-0.614947,0.499401,21.395927,1.441197,0.329357,0.21538,0.002478,0.212902,0.113977,0.326879,205.009417,1.867921879660987,1.3822398110808147,2320.0,1,1.049236053155293,1.5564642494218452,0.652824129583101,-0.06600223622651225,-0.06610065747579089
5928.964,-0.6211139999999999,0.4999325,21.395473000000003,1.439933,0.3293865,0.2154615,0.002419,0.2130425,0.1139249999999999,0.3269675,204.9054505,1.870007724312273,1.3848999770235817,2321.0,1,1.049520125826539,1.5574914038264247,0.6525262900651423,-0.06600223622651225,-0.066067850392698
5929.964,-0.627281,0.500464,21.395019,1.438669,0.329416,0.215543,0.00236,0.213183,0.1138729999999999,0.327056,204.801484,1.872095473944887,1.387562572469642,2322.0,1,1.049804198497785,1.5585185582310042,0.652228450547184,-0.06600223622651225,-0.06603504330960512
5930.964,-0.6204653333333333,0.505151,21.394479333333333,1.4377673333333334,0.3292216666666666,0.215338,0.002405,0.212933,0.1138836666666666,0.3268166666666666,205.184686,1.8697249263875155,1.384539312864023,2323.0,1,1.0490359718388218,1.5566908813545284,0.6522895458329193,-0.06600223622651225,-0.06603504330960512
5931.964,-0.6136496666666666,0.509838,21.393939666666668,1.4368656666666666,0.3290273333333333,0.215133,0.00245,0.212683,0.1138943333333333,0.3265773333333333,205.567888,1.8673548228490489,1.3815166195345014,2324.0,1,1.0482677451798588,1.5548632044780524,0.6523506411186545,-0.06600223622651225,-0.06603504330960512
5932.964,-0.606834,0.514525,21.3934,1.435964,0.328833,0.214928,0.002495,0.212433,0.1139049999999999,0.3263379999999999,205.95109,1.8649851632047485,1.3784944923219928,2325.0,1,1.0474995185208957,1.5530355276015766,0.6524117364043891,-0.06600223622651225,-0.06600223622651225
5933.964,-0.6041406666666667,0.5170206666666667,21.394444333333333,1.4355576666666667,0.3288656666666666,0.2148936666666666,0.0024493333333333,0.2124443333333333,0.1139719999999999,0.3264163333333333,206.13083566666663,1.8639882545281192,1.3772230925041864,2326.0,1,1.0477509576084396,1.553118382286643,0.6527954911679122,-0.06600223622651225,-0.06600223622651225
5934.964,-0.6014473333333333,0.5195163333333334,21.39548866666667,1.4351513333333332,0.3288983333333333,0.2148593333333333,0.0024036666666666,0.2124556666666666,0.1140389999999999,0.3264946666666666,206.31058133333335,1.8629925172454112,1.375953186614613,2327.0,1,1.048002396695983,1.5532012369717099,0.6531792459314353,-0.06600223622651225,-0.0658057041800059
5935.964,-0.598754,0.522012,21.396533,1.434745,0.328931,0.214825,0.002358,0.212467,0.1141059999999999,0.3265729999999999,206.490327,1.8619979492932073,1.3746847720217097,2328.0,1,1.0482538357835265,1.5532840916567772,0.6535630006949583,-0.06600223622651225,-0.06560917213349957
5936.964,-0.598608,0.522756,21.395497666666667,1.43457,0.32882,0.2144946666666666,0.0023963333333333,0.2120983333333333,0.1143253333333333,0.3264236666666666,206.90732566666668,1.855201047294441,1.3660163953032916,2329.0,1,1.0477744965868478,1.5505888774896006,0.654819272507885,-0.06600223622651225,-0.06560917213349957
5937.964,-0.5984619999999999,0.5235000000000001,21.394462333333333,1.434395,0.328709,0.2141643333333333,0.0024346666666666,0.2117296666666666,0.1145446666666666,0.3262743333333333,207.32432433333332,1.8484301748647556,1.3573812151957203,2330.0,1,1.047295157390169,1.5478936633224238,0.6560755443208109,-0.06600223622651225,-0.06560917213349957
5938.964,-0.598316,0.524244,21.393427,1.43422,0.328598,0.213834,0.002473,0.211361,0.114764,0.326125,207.741323,1.84168518276478,1.3487790413677103,2331.0,1,1.0468158181934903,1.545198449155248,0.6573318161337376,-0.06403691576144888,-0.06541264008699324
5939.964,-0.5959679999999999,0.5293633333333334,21.394316666666665,1.4317986666666669,0.328646,0.213847,0.0024613333333333,0.2113856666666666,0.114799,0.3261846666666667,208.21489933333336,1.8413385598141696,1.3483369784520345,2332.0,1,1.047007339881449,1.5453787799403933,0.6575322850400556,-0.06403691576144888,-0.0652161080404869
5940.964,-0.59362,0.5344826666666667,21.395206333333338,1.4293773333333333,0.328694,0.21386,0.0024496666666666,0.2114103333333333,0.1148339999999999,0.3262443333333333,208.68847566666665,1.8409921481545988,1.3478951850047611,2333.0,1,1.0471988615694077,1.545559110725539,0.657732753946373,-0.06600223622651225,-0.06498009168997922
5941.964,-0.591272,0.539602,21.396096,1.426956,0.328742,0.213873,0.002438,0.211435,0.1148689999999999,0.326304,209.162052,1.840645947592932,1.347453660779577,2334.0,1,1.0473903832573666,1.545739441510685,0.6579332228526911,-0.06600223622651225,-0.06474407533947153
5942.964,-0.5842006666666667,0.5392846666666666,21.395504,1.4263243333333333,0.3284716666666666,0.2135653333333333,0.002442,0.2111233333333333,0.1149063333333333,0.3260296666666666,209.262308,1.8373355921583188,1.3432318244217345,2335.0,1,1.0465098114741818,1.5434609376713448,0.658147056352764,-0.06403691576144888,-0.06450805898896385
5943.964,-0.5771293333333333,0.5389673333333334,21.394912,1.4256926666666665,0.3282013333333333,0.2132576666666666,0.002446,0.2108116666666666,0.1149436666666666,0.3257553333333333,209.362564,1.834027387090601,1.339012730517782,2336.0,1,1.0456292396909972,1.5411824338320046,0.6583608898528364,-0.06403691576144888,-0.06427204263845616
5944.964,-0.570058,0.53865,21.39432,1.425061,0.327931,0.21295,0.00245,0.2105,0.1149809999999999,0.3254809999999999,209.46282,1.830721330295177,1.3347963763963868,2337.0,1,1.0447486679078124,1.5389039299926652,0.6585747233529087,-0.0636420727214354,-0.06427204263845616
5945.964,-0.5703186666666666,0.538763,21.394897333333333,1.4251093333333331,0.327947,0.212953,0.002425,0.210528,0.114994,0.325522,210.12112433333337,1.8307578590373497,1.3348429630469312,2338.0,1,1.0448802721961865,1.5391086298028305,0.6586491832323988,-0.0636420727214354,-0.06427204263845616
5946.964,-0.5705793333333333,0.538876,21.39547466666667,1.4251576666666663,0.327963,0.2129559999999999,0.0024,0.210556,0.115007,0.325563,210.77942866666663,1.830794379521424,1.3348895391655735,2339.0,1,1.0450118764845604,1.5393133296129957,0.6587236431118884,-0.0636420727214354,-0.06407551059194982
5947.964,-0.57084,0.538989,21.396052,1.425206,0.327979,0.2129589999999999,0.002375,0.210584,0.11502,0.325604,211.437733,1.8308308917502016,1.3349361047558863,2340.0,1,1.0451434807729343,1.5395180294231612,0.6587981029913779,-0.0636420727214354,-0.06407551059194982
5948.964,-0.567311,0.5414246666666667,21.395264666666662,1.4241266666666663,0.3281836666666667,0.213133,0.0024113333333333,0.2107216666666666,0.1150506666666667,0.3257723333333333,211.4995493333333,1.8315394532891012,1.335839763268026,2341.0,1,1.045683807322762,1.5405244701564735,0.6589737519378663,-0.06403691576144888,-0.06427204263845616
5949.964,-0.563782,0.5438603333333334,21.394477333333334,1.423047333333333,0.3283883333333333,0.2133069999999999,0.0024476666666666,0.2108593333333333,0.1150813333333333,0.3259406666666667,211.5613656666667,1.8322476371988743,1.336742940173762,2342.0,1,1.04622413387259,1.541530910889786,0.659149400884354,-0.06403691576144888,-0.0644685746849625
5950.964,-0.560253,0.546296,21.39369,1.421968,0.328593,0.2134809999999999,0.002484,0.210997,0.115112,0.326109,211.623182,1.8329554437813271,1.3376456358580002,2343.0,1,1.0467644604224176,1.5425373516230991,0.6593250498308424,-0.06403691576144888,-0.06470459103547019
5951.964,-0.5600286666666666,0.5466893333333334,21.394838,1.421799,0.3286873333333333,0.213445,0.0024423333333333,0.2110026666666666,0.1152423333333333,0.326245,211.69587833333335,1.830931651867064,1.335064608396415,2344.0,1,1.0472010014765358,1.542578778965632,0.6600715578534169,-0.06600223622651225,-0.06474407533947153
5952.964,-0.5598043333333333,0.5470826666666666,21.395986,1.42163,0.3287816666666667,0.213409,0.0024006666666666,0.2110083333333333,0.1153726666666666,0.326381,211.76857466666667,1.8289124323574697,1.3324894123159776,2345.0,1,1.0476375425306539,1.5426202063081658,0.6608180658759915,-0.06600223622651225,-0.06478355964347288
5953.964,-0.55958,0.547476,21.397134,1.421461,0.328876,0.213373,0.002359,0.211014,0.115503,0.326517,211.841271,1.826897769774207,1.329920027876509,2346.0,1,1.0480740835847724,1.5426616336506995,0.6615645738985665,-0.06600223622651225,-0.06478355964347288
5954.964,-0.5650645,0.5521735,21.397895,1.421645,0.328681,0.213153,0.0024289999999999,0.210724,0.1155279999999999,0.326252,211.58206,1.8239922443715433,1.326214488388108,2347.0,1,1.04722347050138,1.5405415284739876,0.6617077659745074,-0.06600223622651225,-0.06474407533947153
5955.964,-0.570549,0.556871,21.398656,1.421829,0.328486,0.212933,0.002499,0.210434,0.1155529999999999,0.325987,211.322849,1.821087976184295,1.3225105522797231,2348.0,1,1.046372857417988,1.5384214232972757,0.6618509580504489,-0.06403691576144888,-0.06470459103547019
5956.964,-0.5571636666666666,0.5580506666666667,21.397210666666663,1.4190383333333334,0.3282503333333333,0.2127546666666666,0.0024386666666666,0.210316,0.1154956666666666,0.3258116666666666,211.542111,1.8209703021732233,1.322360477634227,2349.0,1,1.0458100618433157,1.537558759811579,0.6615225708896233,-0.06403691576144888,-0.06466510673146883
5957.964,-0.5437783333333334,0.5592303333333333,21.395765333333333,1.4162476666666666,0.3280146666666667,0.2125763333333333,0.0023783333333333,0.210198,0.1154383333333333,0.3256363333333333,211.761373,1.8208525112757632,1.3222102539185738,2350.0,1,1.0452472662686436,1.5366960963258824,0.6611941837287978,-0.0636420727214354,-0.06416801588071777
5958.964,-0.530393,0.56041,21.39432,1.413457,0.327779,0.2123979999999999,0.002318,0.21008,0.115381,0.325461,211.980635,1.820734603317675,1.3220598809105488,2351.0,1,1.0446844706939717,1.5358334328401857,0.6608657965679723,-0.0636420727214354,-0.06393199953021009
5959.964,-0.5337496666666667,0.560516,21.395088666666663,1.414877,0.3276693333333333,0.2121499999999999,0.002358,0.209792,0.1155193333333333,0.3253113333333333,212.00034033333333,1.8160612417438775,1.3160997451501086,2352.0,1,1.0442040615437287,1.5337279490784856,0.6616581260548481,-0.0636420727214354,-0.0636959831797024
5960.964,-0.5371063333333334,0.560622,21.395857333333336,1.416297,0.3275596666666667,0.211902,0.002398,0.209504,0.1156576666666666,0.3251616666666667,212.02004566666668,1.811399059300931,1.3101538666082693,2353.0,1,1.043723652393486,1.5316224653167854,0.6624504555417239,-0.0636420727214354,-0.06349945113319608
5961.964,-0.540463,0.560728,21.396626,1.417717,0.32745,0.211654,0.002438,0.209216,0.115796,0.325012,212.039751,1.8067480159244191,1.3042221941891845,2354.0,1,1.0432432432432432,1.5295169815550853,0.6632427850286002,-0.06103132771900166,-0.06345996682919472
5962.964,-0.5392456666666667,0.564252,21.396651666666667,1.4174583333333333,0.3277176666666667,0.21201,0.002472,0.209538,0.1157076666666666,0.3252456666666667,212.25476033333337,1.8109101594233792,1.3095303519074577,2355.0,1,1.043993280691618,1.5318710293719862,0.6627368396936067,-0.0636420727214354,-0.06342048252519338
5963.964,-0.5380283333333333,0.5677760000000001,21.396677333333333,1.4171996666666666,0.3279853333333333,0.212366,0.002506,0.20986,0.1156193333333333,0.3254793333333333,212.46976966666665,1.8150786626343112,1.314846620435509,2356.0,1,1.0447433181399925,1.534225077188887,0.6622308943586138,-0.0636420727214354,-0.06345318312731828
5964.964,-0.536811,0.5713,21.396703,1.416941,0.328253,0.212722,0.00254,0.210182,0.115531,0.325713,212.684779,1.8192535401447216,1.3201710183774025,2357.0,1,1.0454933555883672,1.536579125005788,0.6617249490236209,-0.06403691576144888,-0.06345318312731828
5965.964,-0.5381613333333334,0.5765406666666667,21.396990666666667,1.4154076666666666,0.3280736666666666,0.2124183333333333,0.002478,0.2099403333333333,0.1156553333333333,0.3255956666666666,212.98868133333332,1.815208275090858,1.3150119206856743,2358.0,1,1.0451167319338337,1.534812370691861,0.6624370909479695,-0.0636420727214354,-0.06345318312731828
5966.964,-0.5395116666666666,0.5817813333333334,21.397278333333333,1.4138743333333337,0.3278943333333333,0.2121146666666666,0.002416,0.2096986666666666,0.1157796666666666,0.3254783333333333,213.29258366666667,1.8111716982109851,1.3098639033898616,2359.0,1,1.0447401082793004,1.533045616377934,0.6631492328723181,-0.0636420727214354,-0.062376311162338785
5967.964,-0.540862,0.587022,21.397566,1.412341,0.327715,0.211811,0.002354,0.209457,0.1159039999999999,0.3253609999999999,213.596486,1.8071437815452311,1.3047269308315577,2360.0,1,1.044363484624767,1.531278862064008,0.6638613747966666,-0.06396907874268443,-0.061494029916291326
5968.964,-0.5311035,0.576471,21.3980045,1.4132845,0.327823,0.211907,0.002344,0.209563,0.1159159999999999,0.3254789999999999,213.5087575,1.807871149184331,1.30565457355903,2361.0,1,1.0447422481864284,1.5320537970596337,0.6639301069931185,-0.0636420727214354,-0.06041515136871931
5969.964,-0.521345,0.56592,21.398443,1.414228,0.327931,0.212003,0.002334,0.209669,0.1159279999999999,0.3255969999999999,213.421029,1.808598366241407,1.3065820242428767,2362.0,1,1.0451210117480898,1.5328287320552594,0.6639988391895705,-0.0636420727214354,-0.05859746827228821
5970.964,-0.5181914999999999,0.572492,21.398299,1.413475,0.3261705,0.2061974999999999,0.0024005,0.203797,0.1199729999999999,0.32377,219.249037,1.6986763798823077,1.166393863876527,2363.0,1,1.0392565962637221,1.4899002575805949,0.6871673170768955,-0.05287335307164043,-0.055723177713654225
5971.964,-0.515038,0.579064,21.398155,1.412722,0.32441,0.200392,0.002467,0.197925,0.1240179999999999,0.321943,225.077045,1.5959248179714398,1.0353504492133667,2364.0,1,1.033392180779354,1.4469717831059299,0.7103357949642205,-0.0522085152585271,-0.05233226389596988
5972.964,-0.513923,0.5809826666666666,21.398463666666665,1.41273,0.324032,0.196044,0.002486,0.1935579999999999,0.127988,0.321546,233.61888166666665,1.512301838439241,0.928702525051273,2365.0,1,1.0321178660846118,1.4150459234276491,0.7330746966237217,-0.05285328724571525,-0.048816807541786314
5973.964,-0.5128079999999999,0.5829013333333334,21.398772333333337,1.412738,0.323654,0.1916959999999999,0.002505,0.189191,0.131958,0.3211489999999999,242.16071833333336,1.4337104706764976,0.8284716282828921,2366.0,1,1.0308435513898693,1.3831200637493697,0.7558135982832224,-0.04546524175712441,-0.04526865058547784
5974.964,-0.511693,0.58482,21.399081,1.412746,0.323276,0.187348,0.002524,0.184824,0.135928,0.320752,250.702555,1.3597098485238617,0.7340955036407022,2367.0,1,1.0295692366951272,1.3511942040710896,0.7785524999427231,-0.035294010175109025,-0.04159964992632401
5975.964,-0.5076373333333333,0.58439,21.398188,1.411386,0.3231096666666667,0.186526,0.0025006666666666,0.1840253333333333,0.1365836666666666,0.320609,250.202819,1.3473352304065362,0.7183136295446806,2368.0,1,1.0291102266161647,1.3453553856763745,0.782307950787747,-0.029732934544591916,-0.03793064926717018
5976.964,-0.5035816666666667,0.58396,21.397295,1.410026,0.3229433333333333,0.185704,0.0024773333333333,0.1832266666666666,0.1372393333333333,0.320466,249.703083,1.3350788519409993,0.7026825514796948,2369.0,1,1.0286512165372022,1.3395165672816594,0.7860634016327713,-0.028487509179599746,-0.03546278583016441
5977.964,-0.499526,0.58353,21.396402,1.408666,0.322777,0.184882,0.002454,0.182428,0.1378949999999999,0.3203229999999999,249.203347,1.3229390265127343,0.6872001184348866,2370.0,1,1.0281922064582394,1.3336777488869451,0.7898188524777952,-0.028487509179599746,-0.03321522775877089
5978.964,-0.5036970000000001,0.593506,21.395906333333333,1.4084033333333332,0.322968,0.184826,0.0024726666666666,0.1823533333333333,0.138142,0.3204953333333333,249.19444133333337,1.320033105791342,0.6834940747797837,2371.0,1,1.0287453724508353,1.3331318827265042,0.791233590188097,-0.02695206612989709,-0.03084089313248557
5979.964,-0.507868,0.603482,21.395410666666667,1.4081406666666667,0.323159,0.18477,0.0024913333333333,0.1822786666666666,0.1383889999999999,0.3206676666666667,249.18553566666665,1.3171375581087266,0.6798012602999504,2372.0,1,1.0292985384434314,1.332586016566063,0.7926483278983979,-0.02695206612989709,-0.029112019334681292
5980.964,-0.512039,0.613458,21.394915,1.407878,0.32335,0.184714,0.00251,0.182204,0.138636,0.32084,249.17663,1.3142523280221008,0.6761216042868543,2373.0,1,1.0298517044360274,1.3320401504056227,0.7940630656087,-0.028194718701582744,-0.028555911771629583
5981.964,-0.5086700000000001,0.608995,21.395746,1.4076593333333334,0.3230796666666667,0.18494,0.0024603333333333,0.1824796666666666,0.1381396666666667,0.3206193333333333,249.299215,1.3209699292026,0.6846888453162561,2374.0,1,1.029143395176649,1.3340554687747495,0.7912202255943427,-0.029732934544591916,-0.028649466246520337
5982.964,-0.505301,0.604532,21.396577,1.4074406666666666,0.3228093333333333,0.185166,0.0024106666666666,0.1827553333333333,0.1376433333333333,0.3203986666666666,249.4218,1.3277359765385666,0.6933178717776423,2375.0,1,1.0284350859172708,1.3360707871438773,0.788377385579985,-0.029109940982862015,-0.029065285797157246
5983.964,-0.501932,0.600069,21.397408,1.407222,0.322539,0.185392,0.002361,0.183031,0.137147,0.320178,249.544385,1.3345509960043165,0.7020093544683135,2376.0,1,1.027726776657893,1.3380861055130049,0.7855345455656277,-0.028176503779081652,-0.029387283501115802
5984.964,-0.5015236666666667,0.5959563333333333,21.39729133333333,1.4081846666666666,0.3228983333333333,0.1855366666666666,0.0023556666666666,0.183181,0.1373616666666667,0.3205426666666667,249.615631,1.333557395507755,0.7007421737125279,2377.0,1,1.0288973058569257,1.3391827116388904,0.786764088191045,-0.029732934544591916,-0.02963421363935027
5985.964,-0.5011153333333334,0.5918436666666667,21.39717466666667,1.4091473333333333,0.3232576666666666,0.1856813333333333,0.0023503333333333,0.183331,0.1375763333333333,0.3209073333333333,249.686877,1.3325668957095649,0.6994789474085747,2378.0,1,1.0300678350559584,1.3402793177647758,0.7879936308164619,-0.030668479293499473,-0.029912300480819755
5986.964,-0.500707,0.587731,21.397058,1.41011,0.323617,0.185826,0.002345,0.183481,0.137791,0.321272,249.758123,1.331579482117975,0.6982196570744874,2379.0,1,1.0312383642549912,1.3413759238906613,0.7892231734418792,-0.032645704685968835,-0.030034965361885657
5987.964,-0.4996423333333333,0.5929083333333334,21.397306,1.4099786666666667,0.3234823333333333,0.1857096666666666,0.0023766666666666,0.183333,0.1377726666666666,0.3211056666666667,249.87756466666667,1.3306824477827162,0.697075631230244,2380.0,1,1.0307044574265476,1.3402939391797877,0.7891181659195218,-0.03170748621918529,-0.030232420529344994
5988.964,-0.4985776666666666,0.5980856666666666,21.397554,1.4098473333333332,0.3233476666666666,0.1855933333333333,0.0024083333333333,0.183185,0.1377543333333333,0.3209393333333333,249.99700633333333,1.3297851746816822,0.6959313008779047,2381.0,1,1.0301705505981038,1.3392119544689138,0.789013158397165,-0.02942136751224178,-0.030585996899655677
5989.964,-0.497513,0.603263,21.397802,1.409716,0.323213,0.185477,0.00244,0.183037,0.1377359999999999,0.320773,250.116448,1.328887662719531,0.6947866658958752,2382.0,1,1.0296366437696602,1.3381299697580402,0.7889081508748075,-0.029732934544591916,-0.030803995558926378
5990.964,-0.496463,0.603234,21.398239666666665,1.4106933333333334,0.323308,0.18558,0.0024103333333333,0.1831696666666666,0.137728,0.3208976666666666,250.232223,1.3299280955112336,0.6961135738592843,2383.0,1,1.0300368064026018,1.3390998569538228,0.7888623294105068,-0.02942136751224178,-0.03067945302242716
5991.964,-0.495413,0.603205,21.39867733333333,1.4116706666666663,0.323403,0.185683,0.0023806666666666,0.1833023333333333,0.13772,0.3210223333333333,250.347998,1.330968649177201,0.6974406359787577,2384.0,1,1.0304369690355437,1.3400697441496063,0.7888165079462056,-0.03170748621918529,-0.030152795088665363
5992.964,-0.494363,0.603176,21.399115,1.412648,0.323498,0.1857859999999999,0.002351,0.183435,0.137712,0.321147,250.463773,1.3320093237384991,0.698767852281162,2385.0,1,1.0308371316684855,1.3410396313453896,0.7887706864819043,-0.032645704685968835,-0.02932915869842142
5993.964,-0.4950483333333333,0.61041,21.399071,1.4135666666666666,0.3231153333333333,0.185244,0.0023253333333333,0.1829186666666666,0.1378713333333333,0.32079,250.35166533333333,1.32672496536651,0.692028486450694,2386.0,1,1.0296912114014252,1.337264869369841,0.7896832973125708,-0.03035649037178867,-0.02830882236669856
5994.964,-0.4957336666666667,0.6176440000000001,21.399027,1.4144853333333334,0.3227326666666666,0.1847019999999999,0.0022996666666666,0.1824023333333333,0.1380306666666667,0.320433,250.23955766666668,1.3214528067230944,0.6853046794502866,2387.0,1,1.0285452911343647,1.3334901073942933,0.790595908143238,-0.028487509179599746,-0.027342635614800236
5995.964,-0.496419,0.624878,21.398983,1.415404,0.32235,0.18416,0.002274,0.181886,0.13819,0.320076,250.12745,1.3161928056096268,0.6785963774622472,2388.0,1,1.0273993708673044,1.3297153454187454,0.7915085189739047,-0.02540189995588149,-0.026273857861481675
5996.964,-0.49571,0.6234733333333333,21.399985,1.4164536666666667,0.3227803333333333,0.1838076666666666,0.0022956666666666,0.181512,0.1389726666666667,0.3204846666666667,249.80072766666663,1.3060891631747982,0.6657107747466011,2389.0,1,1.0287111339367871,1.3269811408115375,0.7959913855647115,-0.02440934078352941,-0.02511362085744844
5997.964,-0.495001,0.6220686666666667,21.400987,1.4175033333333331,0.3232106666666667,0.1834553333333333,0.0023173333333333,0.181138,0.1397553333333333,0.3208933333333333,249.47400533333337,1.296098686046428,0.65296949653468,2390.0,1,1.0300228970062697,1.3242469362043296,0.8004742521555177,-0.02150412290195669,-0.023694152545426606
5998.964,-0.494292,0.620664,21.401989,1.418553,0.323641,0.183103,0.002339,0.180764,0.140538,0.321302,249.147283,1.2862194835597238,0.640370131581673,2391.0,1,1.0313346600757525,1.3215127315971218,0.8049571187463247,-0.019759499993258545,-0.022364786348834164
5999.964,-0.4858165,0.623146,21.400569,1.4177915,0.3230455,0.1826715,0.0023745,0.1802969999999999,0.140374,0.320671,249.136573,1.2843953695458592,0.6380437617954979,2392.0,1,1.0293092379790716,1.318098631191864,0.8040177787281488,-0.0190451570114063,-0.021295043999957252
6000.964,-0.477341,0.625628,21.399149,1.41703,0.32245,0.1822399999999999,0.00241,0.17983,0.14021,0.32004,249.125863,1.2825669883247388,0.63571194985935,2393.0,1,1.0272838158823905,1.314684530786608,0.803078438709973,-0.017818997471909404,-0.020381497354001722
6001.964,-0.4814985,0.6244655,21.399230000000003,1.4189850000000002,0.3229115,0.182541,0.002445,0.1800959999999999,0.1403705,0.3204665,249.3370885,1.2829954798516792,0.6362584232345498,2394.0,1,1.028652821467548,1.3166291789831777,0.8039977318375171,-0.017512803098966967,-0.019807214046715527
6002.964,-0.485656,0.623303,21.399311,1.42094,0.323373,0.182842,0.00248,0.180362,0.140531,0.320893,249.548314,1.2834229926280134,0.6368036483676875,2395.0,1,1.0300218270527057,1.3185738271797487,0.804917024965061,-0.019352042720044427,-0.019148179715553527
6003.964,-0.479591,0.6239675,21.400559,1.4253870000000002,0.3232,0.1829675,0.0024615,0.180506,0.1402325,0.3207385,249.435798,1.2871817361757352,0.6415973330589613,2396.0,1,1.0295259035757847,1.3196265690605988,0.8032073115783204,-0.01965906688301955,-0.018779667172548798
6004.964,-0.473526,0.624632,21.401807,1.429834,0.323027,0.183093,0.002443,0.18065,0.139934,0.320584,249.323282,1.2909565155250653,0.6464114688865537,2397.0,1,1.0290299800988636,1.3206793109414487,0.8014975981915795,-0.019352042720044427,-0.022066384158454022
6005.964,-0.4765826666666666,0.6281816666666666,21.39954966666667,1.4285303333333337,0.322813,0.182782,0.0024126666666666,0.1803693333333333,0.140031,0.3204003333333333,249.31538266666664,1.28805796770262,0.6427148282014499,2398.0,1,1.028440435685091,1.3186274390347916,0.8020531834462322,-0.01965906688301955,-0.026705360761483887
6006.964,-0.4796393333333333,0.6317313333333333,21.397292333333333,1.4272266666666666,0.3225989999999999,0.182471,0.0023823333333333,0.1800886666666666,0.140128,0.3202166666666666,249.30748333333335,1.2851634327417358,0.6390233052884919,2399.0,1,1.0278508912713185,1.3165755671281345,0.8026087687008852,-0.017818997471909404,-0.03155649172003705
6007.964,-0.482696,0.635281,21.395035,1.425923,0.322385,0.18216,0.002352,0.179808,0.140225,0.3200329999999999,249.299584,1.2822729023148347,0.635336889527168,2400.0,1,1.027261346857546,1.314523695221478,0.8031643539555379,-0.017818997471909404,-0.037973402694510536
6008.964,-0.4734646666666667,0.629924,21.395336666666665,1.4260443333333337,0.32626,0.1949769999999999,0.002352,0.192625,0.1312829999999999,0.323908,241.981535,1.467238962859145,0.8712319330647551,2401.0,1,1.0396995570392242,1.408225033324642,0.751947412232803,-0.05262666985231079,-0.04471149606170867
6009.964,-0.4642333333333333,0.624567,21.395638333333338,1.4261656666666669,0.3301349999999999,0.207794,0.002352,0.205442,0.1223409999999999,0.3277829999999999,234.663486,1.6792434323453933,1.1416102036104538,2402.0,1,1.052137767220902,1.501926371427806,0.7007304705100686,-0.06543492304170495,-0.051960595561333436
6010.964,-0.455002,0.61921,21.39594,1.426287,0.33401,0.220611,0.002352,0.218259,0.1133989999999999,0.3316579999999999,227.345437,1.92468253968254,1.4546290825374495,2403.0,1,1.0645759774025803,1.5956277095309697,0.6495135287873344,-0.06633030705744103,-0.059240397477255714
6011.964,-0.4608013333333333,0.6297186666666666,21.394781666666667,1.427487333333333,0.337393,0.2319936666666666,0.0024163333333333,0.2295773333333333,0.1053993333333333,0.3349766666666666,171.178993,2.1781461791708443,1.7778819868612965,2404.0,1,1.075228435085917,1.678372733985286,0.6036939737137531,-0.08168191284370185,-0.06648949697688047
6012.964,-0.4666006666666666,0.6402273333333334,21.393623333333338,1.4286876666666668,0.3407759999999999,0.2433763333333333,0.0024806666666666,0.2408956666666666,0.0973996666666666,0.3382953333333333,115.012549,2.4732445363139206,2.1542334083128023,2405.0,2,1.0858808927692536,1.7611177584396025,0.5578744186401713,-0.0867329763920257,-0.07392260341761626
6013.964,-0.4724,0.650736,21.392465,1.429888,0.344159,0.254759,0.002545,0.252214,0.0893999999999999,0.341614,58.846105,2.821154125792777,2.5979372289799363,2406.0,2,1.09653335045259,1.8438627828939196,0.5120548635665895,-0.09215006187926722,-0.08135570985835204
6014.964,-0.4506263333333333,0.6443773333333334,21.394360666666667,1.431653,0.3440626666666667,0.254589,0.0025483333333333,0.2520406666666666,0.0894736666666666,0.3415143333333333,54.769367333333335,2.816894167436593,2.5925043238353753,2407.0,2,1.0962134343369496,1.8425955935928957,0.5124768028836971,-0.09215006187926722,-0.08534203582757348
6015.964,-0.4288526666666666,0.6380186666666666,21.396256333333337,1.433418,0.3439663333333333,0.2544189999999999,0.0025516666666666,0.2518673333333333,0.0895473333333333,0.3414146666666667,50.69262966666667,2.812641217964226,2.587080357416915,2408.0,2,1.0958935182213092,1.8413284042918727,0.5128987422008047,-0.09215006187926722,-0.0880475364778555
6016.964,-0.407079,0.63166,21.398152,1.435183,0.34387,0.2542489999999999,0.002555,0.251694,0.089621,0.341315,46.615892,2.808395260092386,2.581665307682445,2409.0,2,1.0955736021056683,1.8400612149908495,0.5133206815179124,-0.09215006187926722,-0.09066349872656392
6017.964,-0.3938806666666666,0.635933,21.397437333333333,1.436058,0.3437323333333333,0.2539333333333333,0.0025386666666666,0.2513946666666666,0.089799,0.3411936666666667,46.38800966666667,2.799495174461764,2.5703146518856705,2410.0,2,1.095184139008367,1.8378728765440822,0.5143402090986154,-0.09215006187926722,-0.09174430039664624
6018.964,-0.3806823333333333,0.640206,21.396722666666665,1.436933,0.3435946666666666,0.2536176666666667,0.0025223333333333,0.2510953333333333,0.089977,0.3410723333333333,46.160127333333335,2.7906303022220253,2.5590089052162845,2411.0,2,1.0947946759110652,1.8356845380973152,0.5153597366793184,-0.09248992954452517,-0.09225203750537518
6019.964,-0.367484,0.644479,21.396008,1.437808,0.343457,0.253302,0.002506,0.250796,0.0901549999999999,0.340951,45.932245,2.781800434801899,2.5477478016745203,2412.0,2,1.0944052128137638,1.8334961996505488,0.516379264260021,-0.09248992954452517,-0.09221806606537997
6020.964,-0.3486416666666666,0.641329,21.395979,1.438945666666667,0.3430113333333333,0.2524456666666667,0.0024753333333333,0.2499703333333333,0.0905656666666666,0.340536,45.791848333333334,2.7600699300699305,2.520033969500355,2413.0,2,1.0930731206265647,1.827459992153174,0.5187314327608192,-0.09248992954452517,-0.09218409462538475
6021.964,-0.3297993333333333,0.6381789999999999,21.39595,1.4400833333333334,0.3425656666666666,0.2515893333333334,0.0024446666666666,0.2491446666666666,0.0909763333333332,0.3401209999999999,45.65145166666667,2.738535605938478,2.4925703347470773,2414.0,2,1.0917410284393652,1.8214237846557997,0.5210836012616169,-0.09248992954452517,-0.09208222625734763
6022.964,-0.310957,0.635029,21.395921,1.441221,0.34212,0.250733,0.002414,0.248319,0.0913869999999999,0.3397059999999999,45.511055,2.717194817700357,2.465353524507709,2415.0,2,1.0904089362521663,1.815387577158426,0.5234357697624151,-0.09181034747931505,-0.09181088330006139
6023.964,-0.299392,0.6362829999999999,21.397889666666668,1.442986,0.3414333333333333,0.2496133333333333,0.002408,0.2472053333333333,0.0918199999999999,0.3390253333333333,45.305175,2.6922526800332545,2.4335437609565624,2416.0,2,1.0882240910744472,1.8072458858993512,0.5259158565177209,-0.09181034747931505,-0.09137044753680809
6024.964,-0.287827,0.637537,21.399858333333334,1.444751,0.3407466666666666,0.2484936666666667,0.002402,0.2460916666666666,0.0922529999999999,0.3383446666666666,45.099295,2.6675446773762315,2.402032599690796,2417.0,2,1.0860392458967278,1.7991041946402766,0.5283959432730266,-0.09181034747931505,-0.090896025007029
6025.964,-0.276262,0.638791,21.401827,1.446516,0.34006,0.247374,0.002396,0.244978,0.0926859999999999,0.3376639999999999,44.893415,2.643067528348097,2.3708158558261316,2418.0,2,1.0838544007190083,1.7909625033812027,0.5308760300283323,-0.09113137819889605,-0.0904216024772499
6026.964,-0.2716713333333333,0.6467843333333333,21.399438333333332,1.4465233333333334,0.3393166666666666,0.2468166666666666,0.002385,0.2444316666666666,0.0924999999999999,0.3369316666666666,45.143008,2.6424759371970765,2.3700613745990577,2419.0,2,1.0815037127388667,1.786968420180477,0.5298106809833281,-0.08943663230640475,-0.08984590716199994
6027.964,-0.2670806666666667,0.6547776666666667,21.397049666666668,1.4465306666666666,0.3385733333333333,0.2462593333333333,0.002374,0.2438853333333333,0.092314,0.3361993333333333,45.392601,2.6418819621224428,2.369303853053329,2420.0,2,1.0791530247587253,1.7829743369797517,0.5287453319383243,-0.08774570424673422,-0.08920277274947493
6028.964,-0.26249,0.662771,21.394661,1.446538,0.33783,0.245702,0.002363,0.243339,0.092128,0.335467,45.642194,2.6412855886854296,2.3685432727745743,2421.0,2,1.0768023367785837,1.778980253779027,0.52767998289332,-0.08774570424673422,-0.08862759654347091
6029.964,-0.2469113333333333,0.6692893333333333,21.395212333333333,1.4467640000000002,0.3360576666666667,0.2439173333333333,0.0024013333333333,0.241516,0.0921403333333333,0.3336563333333333,45.502613333333336,2.6211472231065316,2.3428599630309903,2422.0,2,1.0709903490188524,1.7656528339957651,0.5277506243174509,-0.08774570424673422,-0.0880524203374669
6030.964,-0.2313326666666666,0.6758076666666667,21.395763666666667,1.44699,0.3342853333333333,0.2421326666666666,0.0024396666666666,0.239693,0.0921526666666666,0.3318456666666667,45.36303266666667,2.601014247940939,2.317183527909582,2423.0,2,1.0651783612591212,1.752325414212503,0.5278212657415818,-0.0867329763920257,-0.08747724413146288
6031.964,-0.215754,0.682326,21.396315,1.447216,0.332513,0.240348,0.002478,0.23787,0.092165,0.330035,45.223452,2.580886661024673,2.2915139646505325,2424.0,2,1.0593663734993901,1.7389979944292413,0.5278919071657133,-0.08605858541927491,-0.08696996485350077
6032.964,-0.205385,0.68008,21.396694,1.448149666666667,0.3321503333333333,0.2399143333333333,0.0024333333333333,0.237481,0.092236,0.329717,44.964137666666666,2.5746826110996675,2.2836016772673133,2425.0,2,1.0583456377993192,1.736154129209445,0.528298572661387,-0.08605858541927491,-0.08612830148430366
6033.964,-0.195016,0.6778339999999999,21.397073,1.4490833333333333,0.3317876666666667,0.2394806666666666,0.0023886666666666,0.237092,0.092307,0.329399,44.70482333333334,2.568488105039649,2.2757015615789444,2426.0,2,1.0573249020992488,1.7333102639896483,0.5287052381570607,-0.08605858541927491,-0.08475524673854641
6034.964,-0.184647,0.675588,21.397452,1.450017,0.331425,0.239047,0.002344,0.236703,0.092378,0.329081,44.445509,2.562303120839151,2.2678135895209235,2427.0,2,1.0563041663991781,1.7304663987698519,0.5291119036527344,-0.08605858541927491,-0.08328277593090287
6035.964,-0.1799216666666666,0.675486,21.396504,1.4503376666666663,0.3293796666666667,0.2371343333333333,0.002328,0.2348063333333333,0.0922453333333333,0.3270516666666667,44.403075666666666,2.5454272798557485,2.246291115442175,2428.0,2,1.049790289101453,1.716600423533655,0.5283520310364049,-0.08605858541927491,-0.08204327153613569
6036.964,-0.1751963333333333,0.675384,21.395556000000003,1.4506583333333334,0.3273343333333333,0.2352216666666666,0.002312,0.2329096666666666,0.0921126666666666,0.3250223333333333,44.36064233333334,2.52850282802769,2.2247066458963514,2429.0,2,1.0432764118037274,1.702734448297458,0.5275921584200756,-0.08101999861443365,-0.08107133413913911
6037.964,-0.170471,0.675282,21.394608,1.450979,0.325289,0.233309,0.002296,0.231013,0.09198,0.322993,44.318209,2.511529555016797,2.203059912630273,2430.0,2,1.0367625345060023,1.6888684730612615,0.5268322858037466,-0.0740151567891617,-0.07990094497076719
6038.964,-0.1656146666666667,0.6793803333333334,21.39619766666667,1.450556,0.3256793333333333,0.2340706666666666,0.0023563333333333,0.2317143333333333,0.0916086666666666,0.3233229999999999,44.39626533333333,2.529365532749455,2.2258068897319068,2431.0,2,1.0378217885343772,1.6939957159254015,0.5247054061690961,-0.07302099617029889,-0.07859718604586959
6039.964,-0.1607583333333333,0.6834786666666667,21.397787333333333,1.450133,0.3260696666666666,0.2348323333333333,0.0024166666666666,0.2324156666666666,0.0912373333333333,0.3236529999999999,44.47432166666667,2.547346692727838,2.248739023894654,2432.0,2,1.0388810425627524,1.6991229587895418,0.522578526534446,-0.07535066029906246,-0.07729342712097198
6040.964,-0.155902,0.687577,21.399377,1.44971,0.32646,0.235594,0.002477,0.233117,0.0908659999999999,0.3239829999999999,44.552378,2.565474814839271,2.271858585084134,2433.0,2,1.0399402965911275,1.7042502016536822,0.5204516468997955,-0.0770136024220599,-0.07605593062208715
6041.964,-0.1421203333333333,0.6876353333333334,21.397291666666668,1.448397333333333,0.3257009999999999,0.23458,0.0024186666666666,0.2321613333333333,0.0911209999999999,0.3232823333333333,44.513087666666664,2.5478077010308535,2.249326967290275,2434.0,2,1.0376912541995675,1.6972636021805405,0.5219122060743981,-0.07435469373555559,-0.07518473619346863
6042.964,-0.1283386666666666,0.6876936666666666,21.395206333333338,1.4470846666666668,0.324942,0.233566,0.0023603333333333,0.2312056666666666,0.0913759999999999,0.3225816666666666,44.47379733333334,2.530239192211023,2.226921104610664,2435.0,2,1.035442211808007,1.6902770027073983,0.5233727652490009,-0.07302099617029889,-0.0755202630563045
6043.964,-0.114557,0.687752,21.393121,1.445772,0.324183,0.232552,0.002302,0.23025,0.0916309999999999,0.321881,44.434507,2.512768465165008,2.2046399471646705,2436.0,2,1.0331931694164471,1.6832904032342575,0.5248333244236035,-0.07302099617029889,-0.07542084699441823
6044.964,-0.1195006666666666,0.6954673333333333,21.394025,1.4457573333333331,0.3254786666666666,0.233854,0.0023279999999999,0.231526,0.0916246666666666,0.3231506666666666,44.34178266666667,2.52686838113047,2.222622166609476,2437.0,2,1.0372686225417813,1.6926188660117902,0.5247970490976986,-0.07368362043042664,-0.07440337677963854
6045.964,-0.1244443333333333,0.7031826666666667,21.394929,1.4457426666666666,0.3267743333333333,0.235156,0.002354,0.232802,0.0916183333333333,0.3244203333333333,44.24905833333334,2.540970246454533,2.240606872153789,2438.0,2,1.041344075667116,1.701947328789323,0.5247607737717936,-0.07734664113308964,-0.0741373015631416
6046.964,-0.129388,0.710898,21.395833,1.445728,0.32807,0.236458,0.00238,0.234078,0.0916119999999999,0.32569,44.156334,2.555074061541485,2.2585940643132156,2439.0,2,1.0454195287924501,1.7112757915668557,0.5247244984458881,-0.08437526724279243,-0.0750417998628631
6047.964,-0.099123,0.6981765,21.394783,1.4451155,0.3243055,0.2332165,0.0023395,0.230877,0.091089,0.321966,44.214483,2.534603139751893,2.232486631562581,2440.0,2,1.033466007575271,1.6878742168404588,0.5217289202171937,-0.07302099617029889,-0.07621218903123504
6048.964,-0.068858,0.685455,21.393733,1.444503,0.320541,0.2299749999999999,0.002299,0.227676,0.090566,0.318242,44.272632,2.513895789857232,2.2060776720454975,2441.0,2,1.021512486358092,1.6644726421140619,0.5187333419884987,-0.06284629402250208,-0.07758338705340773
6049.964,-0.0812315,0.694598,21.395432,1.4460945,0.3246705,0.2334235,0.002366,0.2310575,0.091247,0.3223045,44.232397000000006,2.5321924864106617,2.2294122233537976,2442.0,2,1.0345525454195286,1.6891937995452744,0.5226338941371436,-0.07268990813409315,-0.07888714597830533
6050.964,-0.093605,0.703741,21.397131,1.447686,0.3288,0.236872,0.002433,0.234439,0.0919279999999999,0.3263669999999999,44.192162,2.550218103101307,2.2524010550428035,2443.0,2,1.0475926044809651,1.7139149569764867,0.5265344462857878,-0.08605858541927491,-0.08012464247719016
6051.964,-0.088213,0.7156095,21.396835000000003,1.447395,0.332036,0.2398655,0.0024184999999999,0.237447,0.0921705,0.3296175,44.494093500000005,2.576143384885784,2.285464663886916,2444.0,2,1.0580262566604608,1.735905565154244,0.5279234094224204,-0.08605858541927491,-0.08012464247719016
6052.964,-0.082821,0.727478,21.396539,1.447104,0.335272,0.242859,0.002404,0.240455,0.092413,0.332868,44.796025,2.6019326076135645,2.318354750858914,2445.0,2,1.0684599088399562,1.7578961733320015,0.5293123725590524,-0.0867329763920257,-0.08005741597650673
6053.964,-0.068855,0.724839,21.396289333333335,1.445814,0.3324476666666667,0.2402196666666666,0.0023933333333333,0.2378263333333333,0.092228,0.3300543333333333,44.82377366666667,2.578650243777264,2.288661767104706,2446.0,2,1.0594284308061028,1.7386787602014833,0.5282527511970858,-0.08605858541927491,-0.0812601302578431
6054.964,-0.054889,0.7222,21.396039666666667,1.444524,0.3296233333333333,0.2375803333333333,0.0023826666666666,0.2351976666666666,0.092043,0.3272406666666667,44.851522333333335,2.555274289108108,2.25884942300122,2447.0,2,1.0503969527722496,1.719461347070965,0.5271931298351191,-0.08605858541927491,-0.08358135939752037
6055.964,-0.040923,0.719561,21.39579,1.443234,0.326799,0.234941,0.002372,0.232569,0.091858,0.324427,44.879271,2.531804178142588,2.2289169973889167,2448.0,2,1.0413654747383962,1.7002439339404474,0.5261335084731524,-0.07734664113308964,-0.08391390729736975
6056.964,-0.036329,0.7180443333333333,21.397802333333335,1.4452906666666665,0.3276093333333333,0.2358416666666666,0.0023846666666666,0.233457,0.0917676666666666,0.3252246666666666,44.863555000000005,2.54397288834969,2.2444362684143866,2449.0,2,1.0439258736170847,1.7067358422056895,0.5256161077720836,-0.08370300223595817,-0.08270956443435842
6057.964,-0.031735,0.7165276666666667,21.399814666666668,1.447347333333333,0.3284196666666666,0.2367423333333333,0.0023973333333333,0.234345,0.0916773333333333,0.3260223333333333,44.847839,2.5561655789263185,2.259986122619802,2450.0,2,1.0464862724957735,1.7132277504709317,0.5250987070710155,-0.08504813898366248,-0.08032227795913674
6058.964,-0.027141,0.715011,21.401827,1.449404,0.32923,0.237643,0.00241,0.235233,0.091587,0.32682,44.832123,2.5683823208280554,2.2755666504978196,2451.0,2,1.0490466713744622,1.719719658736174,0.5245813063699473,-0.08605858541927491,-0.0771734628759683
6059.964,-0.0248076666666666,0.7225073333333333,21.398648,1.4465013333333332,0.3264986666666666,0.2350446666666666,0.00248,0.2325646666666666,0.091454,0.3240186666666667,44.673391,2.54294097279172,2.243120222839549,2452.0,2,1.0400547816224774,1.7002122542079212,0.5238195245259387,-0.07601538713258693,-0.07328978217343765
6060.964,-0.0224743333333333,0.7300036666666667,21.395469,1.4435986666666667,0.3237673333333333,0.2324463333333333,0.0025499999999999,0.2298963333333333,0.0913209999999999,0.3212173333333333,44.514659,2.517425519955031,2.2105792861937683,2453.0,2,1.0310628918704925,1.6807048496796693,0.5230577426819297,-0.0740151567891617,-0.0689648851269664
6061.964,-0.020141,0.7375,21.39229,1.440696,0.321036,0.229848,0.00262,0.227228,0.0911879999999999,0.318416,44.355927,2.4918356380703823,2.177943427033786,2454.0,2,1.0220710021185078,1.6611974451514173,0.5222959608379212,-0.062185720667058075,-0.0656701294974896
6062.964,-0.0183473333333333,0.7354143333333334,21.394594,1.4430883333333333,0.3174856666666666,0.2264406666666666,0.0025723333333333,0.2238683333333333,0.0910449999999999,0.3149133333333333,44.16523933333333,2.4588486406139025,2.1358737133886363,2455.0,2,1.010827930067835,1.6366359048340837,0.5214769021635363,-0.05524482556034116,-0.06205396689859051
6063.964,-0.0165536666666666,0.7333286666666666,21.396898,1.4454806666666666,0.3139353333333333,0.2230333333333333,0.0025246666666666,0.2205086666666667,0.090902,0.3114106666666666,43.97455166666667,2.4257578591098943,2.093671639556227,2456.0,2,0.9995848580171618,1.6120743645167506,0.5206578434891518,-0.04722177839396857,-0.05830329062492098
6064.964,-0.01476,0.731243,21.399202,1.447873,0.310385,0.219626,0.002477,0.217149,0.090759,0.307908,43.783864,2.392562802996915,2.0513365799027943,2457.0,2,0.988341785966489,1.587512824199417,0.5198387848147668,-0.04280961495456237,-0.055254236391549874
6065.964,-0.0040073333333333,0.733475,21.39881,1.4471523333333334,0.3111486666666667,0.2203323333333333,0.002472,0.2178603333333333,0.0908163333333333,0.3086766666666666,43.559603,2.398884941200652,2.059399470264585,2458.0,2,0.990809098885108,1.592713174138616,0.5201671719755923,-0.04439908483832167,-0.05327928023289121
6066.964,0.0067453333333333,0.735707,21.398418,1.4464316666666666,0.3119123333333333,0.2210386666666666,0.002467,0.2185716666666666,0.0908736666666666,0.3094453333333333,43.335342,2.4051991020599797,2.067452186781503,2459.0,2,0.9932764118037275,1.597913524077815,0.5204955591364178,-0.04754137624696719,-0.05311366149437187
6067.964,0.017498,0.737939,21.398026,1.445711,0.312676,0.221745,0.002462,0.219283,0.090931,0.310214,43.111081,2.411505300664232,2.0754947486976145,2460.0,2,0.9957437247223468,1.6031138740170148,0.5208239462972438,-0.04754137624696719,-0.054629753540975025
6068.964,0.0211106666666666,0.734542,21.399140000000003,1.4456146666666667,0.316605,0.2252053333333333,0.002428,0.2227773333333333,0.0913996666666666,0.314177,43.57129033333333,2.437370989270683,2.1084823558402057,2461.0,2,1.008464402644925,1.628659922945143,0.5235083204142257,-0.055568043085563845,-0.05767743278555683
6069.964,0.0247233333333333,0.7311449999999999,21.400254,1.4455183333333332,0.320534,0.2286656666666666,0.002394,0.2262716666666666,0.0918683333333333,0.31814,44.03149966666667,2.462972772923863,2.141133393829199,2462.0,2,1.0211850805675031,1.6542059718732711,0.5261926945312081,-0.05626582554600035,-0.06156111348808746
6070.964,0.028336,0.727748,21.401368,1.445422,0.324463,0.232126,0.00236,0.229766,0.092337,0.322103,44.491709,2.4883146700166776,2.1734529874910997,2463.0,2,1.0339057584900813,1.6797520208014,0.5288770686481904,-0.07235896940396824,-0.06588601053455871
6071.964,0.0354236666666666,0.728738,21.401389666666667,1.4458013333333333,0.3269896666666667,0.234708,0.0023806666666666,0.2323273333333333,0.0922816666666666,0.324609,44.560651666666665,2.517561983471074,2.210753323890001,2464.0,2,1.0419496693843486,1.6984771796265203,0.5285601368534396,-0.07734664113308964,-0.07011939968992911
6072.964,0.0425113333333333,0.7297279999999999,21.401411333333336,1.4461806666666668,0.3295163333333333,0.23729,0.0024013333333333,0.2348886666666666,0.0922263333333333,0.327115,44.62959433333334,2.5468443917566024,2.248098418212023,2465.0,2,1.0499935802786158,1.7172023384516408,0.5282432050586895,-0.08572161800615918,-0.07413983248990583
6073.964,0.049599,0.730718,21.401433,1.44656,0.332043,0.239872,0.002422,0.23745,0.0921709999999999,0.329621,44.698537,2.5761619580783757,2.2854883510653208,2466.0,2,1.058037491172883,1.7359274972767618,0.5279262732639387,-0.08605858541927491,-0.07805899250441167
6074.964,0.046917,0.7386193333333333,21.40097,1.446334,0.3331163333333333,0.241085,0.002435,0.23865,0.0920313333333333,0.3306813333333333,44.89570366666667,2.5931103923621057,2.3071034064516396,2467.0,2,1.0614410134600156,1.744700346283846,0.5271263068663462,-0.08605858541927491,-0.08117548583505786
6075.964,0.044235,0.7465206666666667,21.400507,1.446108,0.3341896666666666,0.2422979999999999,0.002448,0.2398499999999999,0.0918916666666666,0.3317416666666666,45.09287033333333,2.6101103461284536,2.3287841668141,2468.0,2,1.0648445357471483,1.7534731952909293,0.5263263404687532,-0.0867329763920257,-0.08415476182238532
6076.964,0.041553,0.754422,21.400044,1.445882,0.335263,0.2435109999999999,0.002461,0.24105,0.091752,0.332802,45.290037,2.6271620546467145,2.35053093220159,2469.0,2,1.0682480580342812,1.762246044298014,0.5255263740711608,-0.08774570424673422,-0.08552472342391598
6077.964,0.0464973333333333,0.755517,21.399647333333338,1.445015,0.3345003333333333,0.242718,0.002451,0.2402669999999999,0.0917823333333333,0.3320493333333333,45.25088366666667,2.6177628472852725,2.338543725342011,2470.0,2,1.0658321028867346,1.756521760320891,0.5257001137899695,-0.0867329763920257,-0.0863959178525345
6078.964,0.0514416666666666,0.7566120000000001,21.399250666666667,1.444148,0.3337376666666666,0.2419249999999999,0.002441,0.239484,0.0918126666666667,0.3312966666666667,45.21173033333333,2.608369850530603,2.3265644391320395,2471.0,2,1.0634161477391881,1.7507974763437693,0.5258738535087788,-0.0867329763920257,-0.08649705369112116
6079.964,0.056386,0.757707,21.398854,1.443281,0.332975,0.2411319999999999,0.002431,0.238701,0.091843,0.330544,45.172577,2.59898305822917,2.3145930657238116,2472.0,2,1.0610001925916415,1.745073192366647,0.5260475932275875,-0.08605858541927491,-0.0866657655738671
6080.964,0.0604025,0.753746,21.398942,1.4424285,0.3319665,0.240136,0.002371,0.237765,0.0918305,0.3295955,44.928545,2.5891442478887967,2.3020452145841457,2473.0,2,1.0579556397252357,1.7382303701411215,0.5259759971896169,-0.08605858541927491,-0.08683447745661302
6081.964,0.064419,0.749785,21.39903,1.441576,0.330958,0.23914,0.002311,0.236829,0.0918179999999999,0.3286469999999999,44.684513,2.57930275868829,2.2894939469808007,2474.0,2,1.0549110868588298,1.7313875479155958,0.5259044011516455,-0.08605858541927491,-0.08710484304805093
6082.964,0.0725205,0.7448675,21.400037,1.442829,0.3340845,0.2421225,0.002323,0.2397995,0.0919619999999999,0.3317615,44.890955000000005,2.607564998966976,2.325537977877016,2475.0,2,1.0649081979842072,1.7531040045618818,0.5267291875090683,-0.0867329763920257,-0.08710484304805093
6083.964,0.080622,0.73995,21.401044,1.444082,0.337211,0.245105,0.002335,0.24277,0.0921059999999999,0.334876,45.097397,2.635738868924187,2.361469306363014,2476.0,2,1.0749053091095846,1.774820461208168,0.5275539738664909,-0.08774570424673422,-0.08720611583352178
6084.964,0.075196,0.7498294999999999,21.4009485,1.445408,0.3379355,0.245826,0.002366,0.24346,0.0921094999999999,0.3355695,45.262821,2.6431297191959664,2.3708951704459196,2477.0,2,1.0771313474995186,1.7798648493872413,0.5275740207571228,-0.08774570424673422,-0.08730738861899263
6085.964,0.06977,0.759709,21.400853,1.446734,0.33866,0.246547,0.002397,0.24415,0.092113,0.336263,45.428245,2.6505200078164015,2.380320318231101,2478.0,2,1.0793573858894523,1.7849092375663147,0.5275940676477551,-0.08943663230640475,-0.08747610050173857
6086.964,0.082818,0.7570049999999999,21.3989995,1.446439,0.3381035,0.246035,0.0024505,0.2435845,0.0920684999999999,0.335653,45.4916525,2.6456589858748014,2.3741208512630716,2479.0,2,1.0773993708673042,1.7807750324717262,0.5273391857525788,-0.08774570424673422,-0.08754353959901365
6087.964,0.095866,0.754301,21.397146,1.446144,0.337547,0.245523,0.002504,0.243019,0.0920239999999999,0.335043,45.55506,2.6407932627003543,2.3679153886138677,2480.0,2,1.075441355845156,1.776640827377138,0.527084303857403,-0.08774570424673422,-0.08761097869628873
6088.964,0.1003285,0.7545965,21.3966865,1.4442735,0.3365795,0.2446105,0.0024735,0.242137,0.091969,0.334106,45.415972999999994,2.6327824290529516,2.3576988334984836,2481.0,2,1.0724337163767093,1.7701927833569309,0.5267692812903324,-0.08774570424673422,-0.08761097869628873
6089.964,0.104791,0.754892,21.396227,1.442403,0.335612,0.243698,0.002443,0.241255,0.091914,0.333169,45.276886,2.624762008377304,2.3474700516403204,2482.0,2,1.069426076908262,1.7637447393367243,0.5264542587232612,-0.08774570424673422,-0.0874422668135428
6090.964,0.1061034999999999,0.7559750000000001,21.3991475,1.4441425,0.335243,0.243412,0.002451,0.2409609999999999,0.091831,0.332792,45.1896625,2.6239328338705454,2.3464125703067364,2483.0,2,1.0682159594273606,1.761595391329988,0.5259788610311357,-0.0867329763920257,-0.08727355493079686
6091.964,0.107416,0.757058,21.402068,1.445882,0.334874,0.2431259999999999,0.002459,0.240667,0.091748,0.332415,45.102439,2.6231021591515975,2.3453531756890693,2484.0,2,1.0670058419464594,1.759446043323253,0.5255034633390101,-0.0867329763920257,-0.08676741842443562
6092.964,0.101445,0.758128,21.403596,1.4488055,0.333788,0.242062,0.002443,0.239619,0.091726,0.331345,45.0737155,2.6123060821786397,2.3315844819077527,2485.0,2,1.0635712910059703,1.7517844218570662,0.5253774543121816,-0.0867329763920257,-0.08569420824196819
6093.964,0.095474,0.759198,21.405124,1.451729,0.332702,0.240998,0.002427,0.238571,0.0917039999999999,0.330275,45.044992,2.601504825254894,2.317809181916016,2486.0,2,1.060136740065481,1.7441228003908795,0.5252514452853526,-0.08605858541927491,-0.08448793269312606
6094.964,0.100953,0.769646,21.4045475,1.4531045,0.330206,0.238731,0.0024835,0.2362475,0.091475,0.3277225,44.901625,2.5826172985263893,2.2937211198854652,2487.0,2,1.0519435706490339,1.727136371500913,0.5239398058697295,-0.08605858541927491,-0.08431922081038012
6095.964,0.106432,0.780094,21.403971,1.45448,0.32771,0.2364639999999999,0.00254,0.233924,0.091246,0.32517,44.758258,2.563634968820892,2.269512151606928,2488.0,2,1.0437504012325864,1.7101499426109463,0.5226281664541059,-0.08437526724279243,-0.08431922081038012
6096.964,0.113421,0.770545,21.404791,1.453922,0.3264935,0.2355689999999999,0.0025755,0.2329935,0.0909245,0.323918,44.6969655,2.562465974891531,2.268021284184817,2489.0,2,1.0397316556461447,1.7033473292767032,0.5207867163574991,-0.0770136024220599,-0.08442049359585098
6097.964,0.12041,0.760996,21.405611,1.453364,0.325277,0.234674,0.002611,0.232063,0.0906029999999999,0.322666,44.635673,2.5612886848262773,2.2665198363495644,2490.0,2,1.0357129100597033,1.69654471594246,0.5189452662608915,-0.07568294875831283,-0.08469085918728889
6098.964,0.1227399999999999,0.7673295,21.4038395,1.4532655,0.3312254999999999,0.2401595,0.0025585,0.237601,0.0910659999999999,0.328667,44.595597,2.6090790297253683,2.3274688853668395,2491.0,2,1.0549752840726712,1.7370314141101533,0.521597183507327,-0.08605858541927491,-0.08479213197275973
6099.964,0.12507,0.773663,21.402068,1.453167,0.337174,0.245645,0.002506,0.243139,0.0915289999999999,0.3346679999999999,44.555521,2.656385884409484,2.387801318854887,2492.0,2,1.0742376580856388,1.7775181122778463,0.5242491007537625,-0.08774570424673422,-0.08496084385550566
6100.964,0.121723,0.778421,21.402921,1.4541515,0.337859,0.2463825,0.0025545,0.243828,0.0914764999999999,0.3353045,44.8183715,2.6654423218824297,2.39935137677194,2493.0,2,1.0762807344161263,1.7825551897494136,0.5239483973942856,-0.08774570424673422,-0.0851295557382516
6101.964,0.118376,0.783179,21.403774,1.455136,0.338544,0.24712,0.002603,0.244517,0.091424,0.335941,45.081222,2.6745091605140825,2.4109146997268,2494.0,2,1.0783238107466133,1.7875922672209812,0.523647694034809,-0.08943663230640475,-0.08546659943864578
6102.964,0.1182445,0.78902,21.4050865,1.4556615,0.3376555,0.246273,0.002505,0.243768,0.0913824999999999,0.3351505,45.089473,2.6675275077010627,2.402010702477547,2495.0,2,1.0757864158695511,1.7821165472990597,0.5234099951887456,-0.08774570424673422,-0.08653980962111321
6103.964,0.118113,0.794861,21.406399,1.456187,0.336767,0.245426,0.002407,0.243019,0.0913409999999999,0.33436,45.097724,2.660539510849336,2.393098614407295,2496.0,2,1.0732490209924888,1.776640827377138,0.5231722963426828,-0.08774570424673422,-0.0879151779759224
6104.964,0.1298274999999999,0.791317,21.405316,1.457631,0.336989,0.2455804999999999,0.002449,0.2431315,0.0914084999999999,0.3345399999999999,45.0635415,2.65980560007439,2.3921626269418157,2497.0,2,1.0738267959170567,1.777463281971552,0.5235589149477248,-0.08774570424673422,-0.08825298266463538
6105.964,0.141542,0.787773,21.404233,1.459075,0.337211,0.2457349999999999,0.002491,0.243244,0.091476,0.3347199999999999,45.029359,2.659072772390874,2.391228020788666,2498.0,2,1.074404570841625,1.7782857365659661,0.5239455335527672,-0.08774570424673422,-0.08842207547060243
6106.964,0.141739,0.7898734999999999,21.402527,1.4569744999999998,0.337908,0.2463139999999999,0.0025185,0.2437955,0.091594,0.3353895,45.0317165,2.6616682133304215,2.3945380964405563,2499.0,2,1.0765535725749502,1.7823175917554719,0.5246214001512108,-0.08774570424673422,-0.08842207547060243
6107.964,0.141936,0.791974,21.400821,1.454874,0.338605,0.246893,0.002546,0.244347,0.0917119999999999,0.336059,45.034074,2.6642569755650785,2.397839654457502,2500.0,2,1.0787025743082748,1.7863494469449777,0.5252972667496538,-0.08943663230640475,-0.08842207547060243
6108.964,0.1443193333333333,0.7972266666666666,21.401948,1.4560933333333332,0.3384453333333333,0.246703,0.0025163333333333,0.2441866666666666,0.0917423333333333,0.335929,44.99729333333333,2.6616284562002694,2.3944873924902175,2501.0,2,1.0782852924183088,1.7851772968415307,0.5254710064684631,-0.08943663230640475,-0.08859116827656949
6109.964,0.1467026666666666,0.8024793333333333,21.403075,1.4573126666666667,0.3382856666666666,0.2465129999999999,0.0024866666666666,0.2440263333333333,0.0917726666666666,0.335799,44.960512666666666,2.659001674409144,2.3911373465241748,2502.0,2,1.077868010528343,1.7840051467380842,0.525644746187272,-0.08943663230640475,-0.08876026108253654
6110.964,0.149086,0.807732,21.404202,1.458532,0.338126,0.246323,0.002457,0.243866,0.091803,0.335669,44.923732,2.656376628469348,2.3877895143627823,2503.0,2,1.077450728638377,1.782832996634638,0.5258184859060813,-0.08774570424673422,-0.08892935388850359
6111.964,0.1532726666666666,0.81088,21.404883333333338,1.4589316666666663,0.338183,0.246423,0.0024243333333333,0.2439986666666666,0.09176,0.3357586666666666,44.88062266666667,2.659067214466567,2.391220932532623,2504.0,2,1.0777385461470967,1.7838028838304207,0.525572195535462,-0.08943663230640475,-0.08909844669447065
6112.964,0.1574593333333333,0.814028,21.405564666666667,1.459331333333333,0.33824,0.246523,0.0023916666666666,0.2441313333333333,0.091717,0.3358483333333333,44.837513333333334,2.661760323309856,2.3946555681948065,2505.0,2,1.0780263636558172,1.7847727710262042,0.5253259051648428,-0.08943663230640475,-0.0892675395004377
6113.964,0.161646,0.817176,21.406246,1.459731,0.338297,0.246623,0.002359,0.244264,0.091674,0.335938,44.794404,2.664455958549223,2.3980934258768087,2506.0,2,1.0783141811645374,1.7857426582219875,0.5250796147942235,-0.08943663230640475,-0.0892675395004377
6114.964,0.1641253333333333,0.8140986666666666,21.405633333333338,1.4616416666666665,0.3382923333333333,0.246579,0.002359,0.24422,0.0917133333333333,0.3359333333333333,44.75720966666667,2.662833508393816,2.396024246542389,2507.0,2,1.0782992018146411,1.7854209870917277,0.5253049036603711,-0.08943663230640475,-0.0892675395004377
6115.964,0.1666046666666666,0.8110213333333334,21.405020666666665,1.4635523333333331,0.3382876666666666,0.246535,0.002359,0.244176,0.0917526666666666,0.3359286666666666,44.72001533333333,2.661212449275415,2.393956841256323,2508.0,2,1.0782842224647446,1.785099315961468,0.5255301925265188,-0.08943663230640475,-0.08943701408968682
6116.964,0.169084,0.807944,21.404408,1.465463,0.338283,0.246491,0.002359,0.244132,0.091792,0.335924,44.682821,2.6595927794058367,2.3918912077380634,2509.0,2,1.0782692431148486,1.7847776448312083,0.525755481392667,-0.08943663230640475,-0.08987744985294013
6117.964,0.167904,0.8171726666666667,21.404255666666668,1.4667373333333331,0.3384013333333333,0.246699,0.0023686666666666,0.2443303333333333,0.0917023333333333,0.3360326666666666,44.678877666666665,2.6643560757515177,2.397966041118524,2510.0,2,1.0786180479767173,1.7862276018198788,0.5252418991469568,-0.08943663230640475,-0.09069442496774299
6118.964,0.166724,0.8264013333333333,21.40410333333333,1.4680116666666667,0.3385196666666666,0.246907,0.0023783333333333,0.2445286666666666,0.0916126666666666,0.3361413333333333,44.67493433333333,2.6691286962280003,2.4040527659575304,2511.0,2,1.0789668528385865,1.7876775588085494,0.5247283169012468,-0.08943663230640475,-0.09151140008254585
6119.964,0.165544,0.83563,21.403951,1.469286,0.338638,0.247115,0.002388,0.244727,0.091523,0.33625,44.670991,2.6739106682400244,2.4101514172055074,2512.0,2,1.0793156577004557,1.7891275157972208,0.5242147346555371,-0.09113137819889605,-0.09232837519734872
6120.964,0.173593,0.830441,21.40462833333333,1.4697473333333333,0.352903,0.2603136666666666,0.0023733333333333,0.2579403333333333,0.0925893333333333,0.3505296666666667,45.10031466666667,2.785823574095207,2.5528786814475977,2513.0,2,1.125151398429308,1.8857263309752244,0.5303223540013592,-0.09215006187926722,-0.09314535031215158
6121.964,0.181642,0.825252,21.405305666666667,1.4702086666666667,0.367168,0.2735123333333333,0.0023586666666666,0.2711536666666666,0.0936556666666666,0.3648093333333333,45.52963833333333,2.895188098373493,2.692355886834223,2514.0,2,1.1709871391581603,1.9823251461532276,0.5364299733471811,-0.0976063834544334,-0.09396232542695446
6122.964,0.189691,0.820063,21.405983,1.47067,0.381433,0.286711,0.002344,0.284367,0.094722,0.379089,45.958962,3.002090305416846,2.828692794862357,2515.0,3,1.2168228798870129,2.0789239613312316,0.5425375926930038,-0.0976063834544334,-0.09477930054175732
6123.964,0.1902306666666666,0.8260866666666666,21.405749666666665,1.4717493333333334,0.42796,0.330612,0.0023666666666666,0.3282453333333333,0.097348,0.4255933333333333,48.563631666666666,3.371840833838389,3.3002512891254216,2516.0,3,1.3660953114634822,2.399705622177762,0.5575784883498927,-0.0976063834544334,-0.09559627565656018
6124.964,0.1907703333333333,0.8321103333333334,21.405516333333335,1.4728286666666666,0.474487,0.374513,0.0023893333333333,0.3721236666666666,0.099974,0.4720976666666667,51.16830133333333,3.7221672084687834,3.747037338158481,2517.0,3,1.515367743039952,2.720487283024293,0.5726193840067815,-0.0976063834544334,-0.09641325077136305
6125.964,0.19131,0.838134,21.405283,1.473908,0.521014,0.418414,0.002412,0.416002,0.1025999999999999,0.518602,53.772971,4.054560871726397,4.170953041585538,2518.0,3,1.6646401746164214,3.041268943870825,0.5876602796636698,-0.0976063834544334,-0.09706075129691678
6126.964,0.1965746666666666,0.838557,21.405487333333333,1.474302,0.5261626666666667,0.4231936666666667,0.0024316666666666,0.4207619999999999,0.1029689999999999,0.5237310000000001,54.84270866666667,4.086258133436925,4.211377900660891,2519.0,3,1.6811035501059253,3.076067911598925,0.5897737947045655,-0.0976063834544334,-0.0976063834544334
6127.964,0.2018393333333333,0.8389800000000001,21.405691666666662,1.474696,0.5313113333333334,0.4279733333333333,0.0024513333333333,0.425522,0.103338,0.52886,55.91244633333333,4.117729027762992,4.251514063832491,2520.0,3,1.6975669255954289,3.1108668793270255,0.5918873097454618,-0.0976063834544334,-0.0976063834544334
6128.964,0.207104,0.839403,21.405896,1.47509,0.53646,0.432753,0.002471,0.430282,0.103707,0.533989,56.982184,4.148975970995485,4.291364612698345,2521.0,3,1.714030301084933,3.1456658470551258,0.5940008247863574,-0.0976063834544334,-0.0976063834544334
6129.964,0.1959345,0.8455170000000001,21.4068165,1.4762555000000002,0.5599000000000001,0.4546449999999999,0.00243,0.452215,0.105255,0.55747,57.3707335,4.296334650756247,4.47929737223008,2522.0,3,1.789401039994864,3.3060115947821047,0.6028672781286514,-0.0976063834544334,-0.0976063834544334
6130.964,0.184765,0.851631,21.407737,1.477421,0.58334,0.476537,0.002389,0.474148,0.1068029999999999,0.580951,57.759283,4.439421744503952,4.661782397374441,2523.0,3,1.8647717789047953,3.4663573425090846,0.6117337314709448,-0.0976063834544334,-0.0976063834544334
6131.964,0.187862,0.8548145,21.407396,1.479078,0.662676,0.5504395,0.0024095,0.54803,0.1122364999999999,0.6602665,60.1721155,4.882770909900877,5.227204347573821,2524.0,3,2.119363484624767,4.006487034460239,0.6428550972560574,-0.0976063834544334,-0.0976063834544334
6132.964,0.190959,0.857998,21.407055,1.480735,0.742012,0.6243420000000001,0.00243,0.621912,0.1176699999999999,0.739582,62.584948,5.285176466589052,5.740409181127508,2525.0,3,2.3739551903447387,4.546616726411394,0.67397646304117,-0.0976063834544334,-0.0976063834544334
6133.964,0.1955204999999999,0.8650205,21.4055785,1.482113,0.7653995,0.6464890000000001,0.002459,0.64403,0.1189104999999999,0.7629405,65.9065305,5.416044705516292,5.907310983699192,2526.0,3,2.4489327213198946,4.708314955026966,0.6810816538493842,-0.0976063834544334,-0.0976063834544334
6134.964,0.200082,0.872043,21.404102,1.483491,0.788787,0.668636,0.002488,0.666148,0.120151,0.786299,69.228113,5.544210666489113,6.070766456853294,2527.0,3,2.52391025229505,4.870013183642536,0.688186844657599,-0.0976063834544334,-0.0976063834544334
6135.964,0.2133385,0.872174,21.4059065,1.481752,0.783185,0.663186,0.002518,0.660668,0.119999,0.780667,68.8650725,5.5055666666666685,6.02148212872436,2528.0,3,2.5058323168774472,4.829950506510186,0.6873162368358751,-0.0976063834544334,-0.0976063834544334
6136.964,0.226595,0.872305,21.407711,1.480013,0.777583,0.657736,0.002548,0.655188,0.119847,0.775035,68.502032,5.466824644549761,5.97207278861565,2529.0,3,2.4877543814598444,4.789887829377835,0.6864456290141512,-0.0976063834544334,-0.0976063834544334
6137.964,0.2289904999999999,0.8605245,21.4069235,1.480308,0.777306,0.656853,0.0024985,0.6543545,0.1204529999999999,0.7748075,68.32876300000001,5.4324015806864026,5.928171598717091,2530.0,3,2.4870241381524036,4.783794354671665,0.6899166049349711,-0.0976063834544334,-0.0976063834544334
6138.964,0.231386,0.848744,21.406136,1.480603,0.777029,0.65597,0.002449,0.653521,0.1210589999999999,0.7745799999999999,68.155494,5.398323145547666,5.8847099284134226,2531.0,3,2.4862938948449633,4.7777008799654945,0.6933875808557917,-0.0976063834544334,-0.0976063834544334
6139.964,0.220492,0.8602295,21.4094175,1.4843115,0.777584,0.6569975,0.0023924999999999,0.654605,0.1205864999999999,0.7751915,68.170817,5.42846480771224,5.923150865565264,2532.0,3,2.4882567246581497,4.785625686901894,0.6906812506204985,-0.0976063834544334,-0.0976063834544334
6140.964,0.209598,0.871715,21.412699,1.48802,0.778139,0.658025,0.002336,0.655689,0.120114,0.775803,68.18614,5.458843608208797,5.961894235265989,2533.0,3,2.4902195544713357,4.793550493838293,0.6879749203852058,-0.0976063834544334,-0.0976063834544334
6141.964,0.2145593333333333,0.874401,21.410739666666668,1.485736333333333,0.7778853333333333,0.657999,0.0023356666666666,0.6556633333333333,0.1198863333333333,0.7755496666666667,68.062389,5.468995890586163,5.974841870558469,2534.0,3,2.489406389762684,4.793362852345641,0.6866709178802989,-0.0976063834544334,-0.0976063834544334
6142.964,0.2195206666666666,0.8770870000000001,21.408780333333333,1.4834526666666663,0.7776316666666667,0.6579729999999999,0.0023353333333333,0.6556376666666667,0.1196586666666667,0.7752963333333334,67.938638,5.479186804799159,5.987838774665571,2535.0,3,2.4885932250540326,4.79317521085299,0.6853669153753925,-0.0976063834544334,-0.0976063834544334
6143.964,0.224482,0.879773,21.406821,1.481169,0.777378,0.657947,0.002335,0.655612,0.119431,0.775043,67.814887,5.489416571773056,6.000885229342636,2536.0,3,2.487780060345381,4.7929875693603385,0.6840629128704856,-0.0976063834544334,-0.0976063834544334
6144.964,0.2332203333333333,0.875333,21.408418,1.480419,0.777324,0.6574386666666666,0.0023153333333333,0.6551233333333333,0.1198853333333334,0.7750086666666667,67.67990966666666,5.4645372422211,5.969155567638355,2537.0,3,2.487669855128287,4.789415070292454,0.6866651901972618,-0.0976063834544334,-0.0976063834544334
6145.964,0.2419586666666666,0.870893,21.410015,1.479669,0.77727,0.6569303333333333,0.0022956666666666,0.6546346666666667,0.1203396666666667,0.7749743333333334,67.54493233333334,5.439845771171837,5.937665489831471,2538.0,3,2.487559649911194,4.785842571224569,0.6892674675240373,-0.0976063834544334,-0.0976063834544334
6146.964,0.250697,0.866453,21.411612,1.478919,0.777216,0.656422,0.002276,0.654146,0.120794,0.7749400000000001,67.409955,5.415340038908893,5.906412292558002,2539.0,3,2.4874494446941,4.782270072156684,0.6918697448508129,-0.0976063834544334,-0.0976063834544334
6147.964,0.2526456666666666,0.8685643333333334,21.410071,1.47633,0.776947,0.6570583333333333,0.0023143333333333,0.654744,0.1198886666666667,0.7746326666666667,66.94417433333334,5.461221289574577,5.964926592919326,2540.0,3,2.486462947508078,4.7866418752452145,0.6866842824740538,-0.0976063834544334,-0.0976063834544334
6148.964,0.2545943333333333,0.8706756666666666,21.40853,1.473741,0.776678,0.6576946666666666,0.0023526666666666,0.655342,0.1189833333333333,0.7743253333333333,66.47839366666666,5.50780074687704,6.024331345747965,2541.0,3,2.4854764503220554,4.791013678333744,0.681498820097294,-0.0976063834544334,-0.0976063834544334
6149.964,0.256543,0.872787,21.406989,1.471152,0.776409,0.658331,0.002391,0.65594,0.118078,0.774018,66.012613,5.555094470651004,6.084647032830683,2542.0,3,2.4844899531360336,4.795385481422275,0.6763133577205349,-0.0976063834544334,-0.0976063834544334
6150.964,0.269712,0.878256,21.403766333333333,1.467768,0.7769796666666666,0.6609613333333334,0.002444,0.6585173333333333,0.1160183333333332,0.7745356666666666,64.276516,5.675927575289182,6.238750604023824,2543.0,3,2.486151591020949,4.81422761156749,0.6645162398906387,-0.0976063834544334,-0.0976063834544334
6151.964,0.282881,0.883725,21.400543666666668,1.464384,0.7775503333333333,0.6635916666666667,0.002497,0.6610946666666667,0.1139586666666665,0.7750533333333333,62.540419,5.801128469429243,6.398424601984328,2544.0,3,2.487813228905865,4.8330697417127055,0.652719122060743,-0.0976063834544334,-0.0976063834544334
6152.964,0.29605,0.889194,21.397321,1.461,0.778121,0.6662220000000001,0.00255,0.663672,0.1118989999999998,0.7755709999999999,60.804322,5.930938337801616,6.563976619804233,2545.0,3,2.4894748667907804,4.85191187185792,0.6409220042308474,-0.0976063834544334,-0.0976063834544334
6153.964,0.297811,0.8962715,21.399957,1.460628,0.778667,0.6664755,0.002532,0.6639435,0.1121914999999999,0.776135,59.0696655,5.917895581255432,6.547342640498742,2546.0,3,2.491285228221095,4.853896728945773,0.6425973515193628,-0.0976063834544334,-0.0976063834544334
6154.964,0.299572,0.903349,21.402593,1.460256,0.779213,0.666729,0.002514,0.664215,0.112484,0.776699,57.335009,5.9049206560874765,6.530795169420076,2547.0,3,2.493095589651409,4.855881586033625,0.6442726988078782,-0.0976063834544334,-0.0976063834544334
6155.964,0.3000315,0.89252,21.407416,1.4624549999999998,0.778063,0.6646475000000001,0.0024955,0.6621520000000001,0.1134155,0.7755675,57.1546675,5.838233414009432,6.445746107840298,2548.0,3,2.4894636322783588,4.840799596448948,0.6496080355574563,-0.0976063834544334,-0.0976063834544334
6156.964,0.300491,0.881691,21.412239,1.464654,0.776913,0.662566,0.002477,0.660089,0.1143469999999999,0.774436,56.974326,5.772632665197468,6.362082697095875,2549.0,3,2.4858316749053087,4.825717606864268,0.6549433723070337,-0.0976063834544334,-0.0976063834544334
6157.964,0.301246,0.8863835,21.4111565,1.461339,0.7761665,0.6620955,0.0024865,0.659609,0.1140709999999999,0.7736799999999999,56.823452,5.782391822708463,6.374528963611859,2550.0,3,2.4834050202221216,4.822208467261435,0.6533625317886402,-0.0976063834544334,-0.0976063834544334
6158.964,0.302001,0.891076,21.410074,1.458024,0.77542,0.661625,0.002496,0.659129,0.1137949999999999,0.7729239999999999,56.672578,5.792198319800345,6.387035604298444,2551.0,3,2.480978365538935,4.8186993276586,0.6517816912702468,-0.0976063834544334,-0.0976063834544334
6159.964,0.3055775,0.886482,21.41283,1.4599275,0.7749435,0.660952,0.0024475,0.6585045,0.1139914999999999,0.772496,56.865885000000006,5.776735311533652,6.367314975564938,2552.0,3,2.4796045451627395,4.814133790821164,0.6529071809871465,-0.0976063834544334,-0.0976063834544334
6160.964,0.309154,0.881888,21.415586,1.461831,0.774467,0.6602790000000001,0.002399,0.65788,0.1141879999999999,0.772068,57.059192,5.76132552172276,6.347662218579964,2553.0,3,2.478230724786544,4.809568253983728,0.6540326707040462,-0.0976063834544334,-0.0976063834544334
6161.964,0.3111555,0.880247,21.415619,1.4615360000000002,0.7741035,0.6596565000000001,0.0024015,0.657255,0.1144469999999999,0.771702,57.087481,5.74282643646023,6.324069552387212,2554.0,3,2.477055915773255,4.804999061792538,0.6555161406107995,-0.0976063834544334,-0.0976063834544334
6162.964,0.313157,0.878606,21.415652,1.461241,0.77374,0.659034,0.002404,0.65663,0.1147059999999999,0.771336,57.11577,5.724410890355429,6.3005834272171315,2555.0,3,2.4758811067599664,4.8004298696013485,0.6569996105175528,-0.0976063834544334,-0.0976063834544334
6163.964,0.3182595,0.8960325,21.4134975,1.457889,0.773099,0.6588309999999999,0.002457,0.656374,0.1142679999999999,0.770642,57.214974,5.744112576464305,6.325709821155244,2556.0,3,2.4736534634396867,4.798558328479837,0.6544908853470588,-0.0976063834544334,-0.0976063834544334
6164.964,0.323362,0.913459,21.411343,1.454537,0.772458,0.658628,0.00251,0.656118,0.1138299999999999,0.769948,57.314178,5.7639658792420345,6.351029578246548,2557.0,3,2.4714258201194066,4.796686787358325,0.6519821601765649,-0.0976063834544334,-0.0976063834544334
6165.964,0.322311,0.9088245,21.411550499999997,1.452936,0.772726,0.658457,0.0024879999999999,0.655969,0.114269,0.770238,57.349188,5.74051807123479,6.321125596540646,2558.0,3,2.4723566797200998,4.795597491939946,0.654496613030097,-0.0976063834544334,-0.0976063834544334
6166.964,0.32126,0.90419,21.411758,1.451335,0.772994,0.6582859999999999,0.002466,0.65582,0.114708,0.770528,57.384198,5.717249736289217,6.291450504424391,2559.0,3,2.473287539320793,4.794508196521566,0.6570110658836288,-0.0976063834544334,-0.0976063834544334
6167.964,0.3217695,0.9041305,21.4136065,1.4540890000000002,0.773271,0.6588054999999999,0.0024495,0.6563559999999999,0.1144655,0.7708215,57.4692225,5.734044458422328,6.312869524200956,2560.0,3,2.4742296334339087,4.79842673574473,0.6556221027469967,-0.0976063834544334,-0.0976063834544334
6168.964,0.322279,0.904071,21.415455,1.456843,0.773548,0.659325,0.002433,0.656892,0.1142229999999999,0.771115,57.554247,5.750910491665501,6.334379490053593,2561.0,3,2.475171727547024,4.802345274967895,0.6542331396103642,-0.0976063834544334,-0.0976063834544334
6169.964,0.330909,0.901774,21.4124035,1.4514605,0.7733745000000001,0.6590585,0.0024419999999999,0.6566164999999999,0.114316,0.7709325,57.567212999999995,5.743822003726475,6.325339241447597,2562.0,3,2.474585927970726,4.800331175050018,0.6547658141328669,-0.0976063834544334,-0.0976063834544334
6170.964,0.339539,0.899477,21.409352,1.446078,0.773201,0.6587919999999999,0.002451,0.656341,0.1144090000000001,0.77075,57.580179,5.736745039769246,6.316313689863204,2563.0,3,2.4740001283944277,4.798317075132141,0.6552984886553697,-0.0976063834544334,-0.0976063834544334
6171.964,0.340786,0.903677,21.411156499999997,1.448671,0.773058,0.658515,0.0024289999999999,0.656086,0.114543,0.770629,57.531852,5.727807654700373,6.304915464514566,2564.0,3,2.4736117352506897,4.796452844718136,0.6560659981824153,-0.0976063834544334,-0.0976063834544334
6172.964,0.342033,0.907877,21.412961,1.451264,0.772915,0.6582380000000001,0.002407,0.655831,0.1146769999999999,0.770508,57.483525,5.718891156106668,6.293543876571485,2565.0,3,2.473223342106952,4.794588614304132,0.6568335077094608,-0.0976063834544334,-0.0976063834544334
6173.964,0.347769,0.9051205,21.414031,1.4494985,0.7726200000000001,0.657954,0.0023825,0.6555715,0.1146659999999999,0.7702375,57.4778675,5.717176694253794,6.291357350825967,2566.0,3,2.472355074789754,4.792691485706349,0.6567705031960466,-0.0976063834544334,-0.0976063834544334
6174.964,0.353505,0.902364,21.415101,1.447733,0.772325,0.65767,0.002358,0.655312,0.114655,0.7699670000000001,57.47221,5.715461903432875,6.2891704055335795,2567.0,3,2.4714868074725556,4.790794357108568,0.6567074986826329,-0.0976063834544334,-0.0976063834544334
6175.964,0.3573826666666667,0.909961,21.415737333333333,1.4477593333333334,0.772375,0.6576103333333333,0.0023833333333333,0.655227,0.1147646666666667,0.7699916666666667,57.450797,5.709259737958794,6.2812605214703625,2568.0,3,2.471565984036293,4.790172946970566,0.6573356345890962,-0.0976063834544334,-0.0976063834544334
6176.964,0.3612603333333333,0.917558,21.41637366666667,1.4477856666666666,0.772425,0.6575506666666667,0.0024086666666666,0.655142,0.1148743333333333,0.7700163333333333,57.429384,5.703069414379649,6.273365739876826,2569.0,3,2.4716451606000294,4.789551536832564,0.6579637704955589,-0.0976063834544334,-0.0976063834544334
6177.964,0.365138,0.925155,21.41701,1.447812,0.772475,0.657491,0.002434,0.655057,0.1149839999999999,0.770041,57.407971,5.69689089881289,6.265486017541121,2570.0,3,2.4717243371637667,4.788930126694562,0.6585919064020217,-0.0976063834544334,-0.0976063834544334
6178.964,0.351017,0.906546,21.4186175,1.4501995,0.7728045,0.6575945000000001,0.0024405,0.655154,0.1152099999999999,0.770364,57.412801,5.6865577071633835,6.252307660999011,2571.0,3,2.472761122167298,4.789639265322635,0.6598863627685323,-0.0976063834544334,-0.0976063834544334
6179.964,0.336896,0.887937,21.420225,1.452587,0.773134,0.657698,0.002447,0.655251,0.1154359999999999,0.770687,57.417631,5.676264975701033,6.2391809050455835,2572.0,3,2.4737979071708285,4.790348403950707,0.6611808191350429,-0.0976063834544334,-0.0976063834544334
6180.964,0.345873,0.8941586666666667,21.419397,1.450476,0.7727963333333333,0.6575783333333334,0.0024433333333333,0.655135,0.1152179999999999,0.770353,57.33994633333333,5.685997969084964,6.2515938033432334,2573.0,3,2.472725813699685,4.789500361880022,0.6599321842328336,-0.0976063834544334,-0.0976063834544334
6181.964,0.35485,0.9003803333333333,21.418569,1.448365,0.7724586666666666,0.6574586666666666,0.0024396666666666,0.655019,0.1149999999999999,0.770019,57.26226166666667,5.695767862888149,6.264053762306937,2574.0,3,2.471653720228542,4.788652319809338,0.6586835493306241,-0.0976063834544334,-0.0976063834544334
6182.964,0.363827,0.906602,21.417741,1.446254,0.772121,0.657339,0.002436,0.654903,0.1147819999999999,0.769685,57.184577,5.7055748673584095,6.276561050074637,2575.0,3,2.470581626757398,4.787804277738653,0.6574349144284148,-0.0976063834544334,-0.0976063834544334
6183.964,0.3632126666666667,0.9088646666666668,21.416957,1.447902,0.7725516666666666,0.6574760000000001,0.0024683333333333,0.6550076666666667,0.1150756666666666,0.7700833333333333,57.23707833333333,5.691924224430095,6.259151807544333,2576.0,3,2.4718602212663967,4.7885694651242705,0.6591169440138072,-0.0976063834544334,-0.0976063834544334
6184.964,0.3625983333333333,0.9111273333333334,21.416173,1.44955,0.7729823333333333,0.657613,0.0025006666666666,0.6551123333333334,0.1153693333333332,0.7704816666666666,57.28957966666667,5.6783430749094945,6.241831192897382,2577.0,3,2.473138815775395,4.789334652509889,0.6607989735991988,-0.0976063834544334,-0.0976063834544334
6185.964,0.361984,0.91339,21.415389,1.451198,0.773413,0.6577500000000001,0.002533,0.655217,0.1156629999999999,0.77088,57.342081,5.664830889472959,6.224598531064937,2578.0,3,2.4744174102843934,4.790099839895507,0.6624810031845912,-0.0976063834544334,-0.0976063834544334
6186.964,0.367803,0.9138713333333334,21.415885,1.449827,0.7728243333333333,0.6572073333333334,0.0024773333333333,0.65473,0.1156169999999999,0.770347,57.28131233333333,5.662872563095713,6.222100994572774,2579.0,3,2.4727065545355327,4.786539525340132,0.6622175297648589,-0.0976063834544334,-0.0976063834544334
6187.964,0.3736219999999999,0.9143526666666668,21.416381,1.448456,0.7722356666666667,0.6566646666666667,0.0024216666666666,0.654243,0.1155709999999999,0.769814,57.22054366666667,5.660912677811235,6.219601469940255,2580.0,3,2.4709956987866724,4.782979210784757,0.6619540563451266,-0.0976063834544334,-0.0976063834544334
6188.964,0.379441,0.914834,21.416877,1.447085,0.771647,0.656122,0.002366,0.653756,0.1155249999999999,0.769281,57.159775,5.658951231757354,6.217099954792473,2581.0,3,2.469284843037812,4.779418896229382,0.6616905829253945,-0.0976063834544334,-0.0976063834544334
6189.964,0.3781583333333333,0.9212746666666668,21.416525666666665,1.446829666666667,0.7716836666666667,0.6559200000000001,0.0024183333333333,0.6535016666666666,0.1157636666666666,0.7692653333333334,57.159955,5.645087447522852,6.199418884135675,2582.0,3,2.469234555220303,4.7775595396203805,0.6630575899437156,-0.0976063834544334,-0.0976063834544334
6190.964,0.3768756666666666,0.9277153333333332,21.416174333333338,1.4465743333333332,0.7717203333333333,0.655718,0.0024706666666666,0.6532473333333334,0.1160023333333332,0.7692496666666666,57.160135,5.631280710324417,6.181810567977823,2583.0,3,2.4691842674027944,4.775700183011379,0.6644245969620362,-0.0976063834544334,-0.0976063834544334
6191.964,0.375593,0.934156,21.415823,1.446319,0.771757,0.6555160000000001,0.002523,0.652993,0.1162409999999999,0.769234,57.160315,5.61753066877721,6.16427455818296,2584.0,3,2.4691339795852856,4.7738408264023775,0.6657916039803573,-0.0976063834544334,-0.0976063834544334
6192.964,0.3792286666666666,0.927671,21.419342666666665,1.4471586666666667,0.7710156666666667,0.6547653333333334,0.002486,0.6522793333333333,0.1162503333333333,0.7685296666666667,57.155377,5.610940663046164,6.155870045029231,2585.0,3,2.4668731677045215,4.768623418145665,0.6658450623553758,-0.0976063834544334,-0.0976063834544334
6193.964,0.3828643333333333,0.921186,21.422862333333335,1.4479983333333333,0.7702743333333334,0.6540146666666666,0.002449,0.6515656666666667,0.1162596666666666,0.7678253333333334,57.150439,5.604351715398152,6.147466881293567,2586.0,3,2.464612355823757,4.763406009888952,0.6658985207303937,-0.0976063834544334,-0.0976063834544334
6194.964,0.3865,0.914701,21.426382,1.448838,0.769533,0.653264,0.002412,0.650852,0.116269,0.767121,57.145501,5.597763825578392,6.139065066651033,2587.0,3,2.462351543942993,4.758188601632238,0.6659519791054123,-0.0976063834544334,-0.0976063834544334
6195.964,0.3880046666666666,0.922699,21.42339966666667,1.4472906666666667,0.769759,0.6530303333333333,0.00235,0.6506803333333333,0.1167286666666667,0.767409,57.146469333333336,5.57424990505127,6.109076768851091,2588.0,3,2.4632759838223017,4.756933596843725,0.6685848040750557,-0.0976063834544334,-0.0976063834544334
6196.964,0.3895093333333333,0.930697,21.420417333333333,1.4457433333333334,0.769985,0.6527966666666667,0.002288,0.6505086666666667,0.1171883333333333,0.7676970000000001,57.14743766666667,5.550920447822327,6.079323724900569,2589.0,3,2.464200423701611,4.755678592055212,0.6712176290446986,-0.0976063834544334,-0.0976063834544334
6197.964,0.391014,0.938695,21.417435,1.444196,0.770211,0.652563,0.002226,0.650337,0.1176479999999999,0.767985,57.148406,5.527773291740687,6.049803177316967,2590.0,3,2.4651248635809204,4.7544235872666984,0.6738504540143415,-0.0976063834544334,-0.0976063834544334
6198.964,0.3961253333333333,0.938238,21.419042666666662,1.444911,0.770243,0.6525206666666666,0.002323,0.6501976666666667,0.1177223333333333,0.76792,57.157434333333335,5.5230993572500475,6.043842310891436,2591.0,3,2.4649162226359373,4.753404962020875,0.6742762117868079,-0.0976063834544334,-0.0976063834544334
6199.964,0.4012366666666666,0.937781,21.420650333333334,1.445626,0.7702749999999999,0.6524783333333334,0.00242,0.6500583333333334,0.1177966666666666,0.767855,57.16646266666667,5.518431321503262,6.037888967383537,2592.0,3,2.4647075816909543,4.752386336775054,0.6747019695592735,-0.0976063834544334,-0.0976063834544334
6200.964,0.406348,0.937324,21.422258,1.446341,0.770307,0.652436,0.002517,0.649919,0.1178709999999999,0.76779,57.175491,5.513769173340576,6.031943132560764,2593.0,3,2.464498940745971,4.75136771152923,0.6751277273317392,-0.0976063834544334,-0.0976063834544334
6201.964,0.404073,0.933313,21.423235,1.447858,0.770154,0.65196,0.0024943333333333,0.6494656666666667,0.1181939999999999,0.7676596666666666,57.28236,5.494865829067782,6.007834897746689,2594.0,3,2.464080588902441,4.748053524126554,0.6769777689529025,-0.0976063834544334,-0.0976063834544334
6202.964,0.401798,0.929302,21.424212,1.449375,0.7700009999999999,0.6514840000000001,0.0024716666666666,0.6490123333333333,0.1185169999999999,0.7675293333333333,57.389229,5.4760655202866575,5.983858068454912,2595.0,3,2.463662237058911,4.744739336723878,0.6788278105740659,-0.0976063834544334,-0.0976063834544334
6203.964,0.399523,0.925291,21.425189,1.450892,0.769848,0.651008,0.002449,0.648559,0.1188399999999999,0.7673989999999999,57.496098,5.457367406871368,5.960011573237408,2596.0,3,2.4632438852153813,4.741425149321202,0.6806778521952295,-0.0976063834544334,-0.0976063834544334
6204.964,0.404615,0.941208,21.4242645,1.4484525,0.7760795,0.65612,0.002368,0.653752,0.1199594999999999,0.7737114999999999,57.69480900000001,5.4497272018706155,5.95026769651762,2597.0,3,2.4835061308339212,4.779389653399358,0.687089993355887,-0.0976063834544334,-0.0976063834544334
6205.964,0.409707,0.957125,21.42334,1.446013,0.782311,0.661232,0.002287,0.658945,0.1210789999999999,0.7800239999999999,57.89352,5.4422282788239205,5.940704002651948,2598.0,3,2.5037683764524616,4.8173541574775145,0.6935021345165447,-0.0976063834544334,-0.0976063834544334
6206.964,0.4011829999999999,0.9489925,21.4246395,1.447727,0.833611,0.707487,0.002274,0.705213,0.126124,0.831337,58.973307000000005,5.591381565906838,6.130925500837396,2599.0,3,2.668475958143416,5.155605972360653,0.722398295441528,-0.0976063834544334,-0.0976063834544334
6207.964,0.392659,0.94086,21.425939,1.449441,0.884911,0.7537419999999999,0.002261,0.751481,0.1311690000000001,0.88265,60.053094,5.7290615232141455,6.306514576085501,2600.0,3,2.833183539834371,5.493857787243791,0.7512944563665112,-0.0976063834544334,-0.0976063834544334
6208.964,0.4060913333333333,0.9450856666666668,21.423337666666665,1.446014,0.9508336666666668,0.8150676666666666,0.0022866666666666,0.812781,0.135766,0.948547,63.006008333333334,5.986587315032369,6.634948115158787,2601.0,3,3.044703729858124,5.94200415735567,0.7776246152906227,-0.0976063834544334,-0.0976063834544334
6209.964,0.4195236666666667,0.9493113333333332,21.420736333333338,1.442587,1.0167563333333334,0.8763933333333332,0.0023123333333333,0.874081,0.140363,1.014444,65.95892266666667,6.227244877603938,6.941868887723277,2602.0,3,3.2562239198818763,6.390150527467548,0.8039547742147346,-0.0976063834544334,-0.0976063834544334
6210.964,0.432956,0.953537,21.418135,1.43916,1.082679,0.937719,0.002338,0.935381,0.1449599999999999,1.080341,68.911837,6.452638985658212,7.229323530894646,2603.0,3,3.4677441099056296,6.8382968975794265,0.830284933138846,-0.0976063834544334,-0.0976063834544334
6211.964,0.4302116666666666,0.9535143333333334,21.41933433333333,1.4410723333333333,1.0845533333333333,0.938288,0.0023703333333333,0.9359176666666666,0.1462653333333333,1.082183,70.06814066666666,6.398722421883372,7.160561455724558,2604.0,3,3.473656673300378,6.842220310607594,0.8377614687306689,-0.0976063834544334,-0.0976063834544334
6212.964,0.4274673333333333,0.9534916666666666,21.420533666666667,1.4429846666666668,1.0864276666666668,0.938857,0.0024026666666666,0.9364543333333334,0.1475706666666667,1.084025,71.22444433333334,6.345759687383523,7.093015839388535,2605.0,3,3.479569236695127,6.8461437236357625,0.8452380043224917,-0.0976063834544334,-0.0976063834544334
6213.964,0.424723,0.953469,21.421733,1.444897,1.088302,0.939426,0.002435,0.936991,0.1488760000000001,1.085867,72.380748,6.293725693021751,7.026654684648667,2606.0,3,3.4854818000898753,6.850067136663931,0.8527145399143143,-0.0976063834544334,-0.0976063834544334
6214.964,0.4205083333333333,0.956415,21.424693333333337,1.445816,1.086766,0.9369823333333334,0.002426,0.9345563333333332,0.1497836666666667,1.08434,72.79460333333333,6.239332463937115,6.95728469803971,2607.0,3,3.4805803428131217,6.832268000789557,0.8579133668848279,-0.0976063834544334,-0.0976063834544334
6215.964,0.4162936666666667,0.959361,21.427653666666664,1.446735,1.08523,0.9345386666666666,0.002417,0.9321216666666668,0.1506913333333333,1.082813,73.20845866666667,6.185594489434323,6.888750385324967,2608.0,3,3.475678885536367,6.814468864915186,0.8631121938553413,-0.0976063834544334,-0.0976063834544334
6216.964,0.412079,0.962307,21.430614,1.447654,1.083694,0.932095,0.002408,0.929687,0.1515989999999999,1.081286,73.622314,6.132500000000003,6.821036736346027,2609.0,3,3.470777428259613,6.796669729040812,0.868311020825855,-0.0976063834544334,-0.0976063834544334
6217.964,0.4186999999999999,0.9619276666666668,21.43102533333333,1.4453173333333331,1.0816646666666667,0.9293423333333334,0.002411,0.9269313333333332,0.1523223333333333,1.0792536666666668,73.96209466666667,6.085287874477537,6.760825114966135,2610.0,3,3.4642539213798123,6.776523856057044,0.8724540448897611,-0.0976063834544334,-0.0976063834544334
6218.964,0.425321,0.9615483333333332,21.431436666666663,1.4429806666666667,1.0796353333333333,0.9265896666666666,0.002414,0.9241756666666668,0.1530456666666666,1.0772213333333334,74.30187533333333,6.038522019427626,6.701182641203072,2611.0,3,3.4577304145000105,6.7563779830732775,0.8765970689536665,-0.0976063834544334,-0.0975721659584345
6219.964,0.431942,0.961169,21.431848,1.440644,1.077606,0.923837,0.002417,0.92142,0.153769,1.0751890000000002,74.641656,5.9921961370878565,6.642101283253951,2612.0,3,3.451206907620209,6.736232110089509,0.8807400930175724,-0.0976063834544334,-0.09743538853008434
6220.964,0.432756,0.9589115,21.431507,1.4415365,1.0761295,0.9210155,0.0024435,0.918572,0.155114,1.073686,75.25929550000001,5.92187731682945,6.552420716356681,2613.0,3,3.4463824870000637,6.715411215112696,0.888443826703222,-0.0976063834544334,-0.09705984360884345
6221.964,0.43357,0.956654,21.431166,1.442429,1.074653,0.918194,0.00247,0.915724,0.1564590000000001,1.072183,75.876935,5.852767480506195,6.464282017828015,2614.0,3,3.441558066379919,6.694590320135883,0.896147560388872,-0.0976063834544334,-0.09633747657635108
6222.964,0.434575,0.95866,21.431529,1.4410703333333332,1.0723986666666667,0.915115,0.0024376666666666,0.9126773333333332,0.1572836666666668,1.0699610000000002,76.23079733333334,5.802710160346202,6.400441799337297,2615.0,3,3.434425755922193,6.672317031267896,0.9008709896672605,-0.09726420849444439,-0.0956151095438587
6223.964,0.43558,0.960666,21.431892,1.4397116666666667,1.0701443333333334,0.912036,0.0024053333333333,0.9096306666666666,0.1581083333333334,1.067739,76.58465966666667,5.753175018130911,6.3372675364745295,2616.0,3,3.4272934454644663,6.6500437423999115,0.9055944189456485,-0.09623860917093174,-0.09455451204673052
6224.964,0.436585,0.962672,21.432255,1.438353,1.06789,0.908957,0.002373,0.906584,0.1589330000000001,1.065517,76.938522,5.704153925528832,6.274748862834631,2617.0,3,3.4201611350067402,6.627770453531926,0.9103178482240369,-0.09385093424202462,-0.09275711335713348
6225.964,0.4344833333333333,0.9661966666666668,21.428674666666662,1.4328913333333333,1.0629123333333332,0.902927,0.00238,0.900547,0.1599853333333334,1.0605323333333334,77.29313833333333,5.628899551836719,6.178773775803775,2618.0,3,3.4041610494104555,6.583635712318787,0.9163452800073317,-0.09038271312950963,-0.09056475433416743
6226.964,0.4323816666666666,0.9697213333333332,21.425094333333337,1.4274296666666666,1.0579346666666667,0.8968969999999999,0.002387,0.8945099999999999,0.1610376666666666,1.0555476666666666,77.64775466666667,5.554628702009452,6.084053018373901,2619.0,3,3.38816096381417,6.539500971105648,0.9223727117906261,-0.09038271312950963,-0.08810698379439155
6227.964,0.43028,0.973246,21.421514,1.421968,1.052957,0.890867,0.002394,0.888473,0.1620899999999999,1.050563,78.002371,5.481322220234314,5.990562160326509,2620.0,3,3.3721608782178847,6.495366229892509,0.9284001435739209,-0.08700040848315149,-0.08526818743293776
6228.964,0.4223833333333333,0.9747603333333332,21.426034666666663,1.4231636666666665,1.049081,0.8862003333333334,0.0023996666666666,0.8838006666666667,0.1628806666666666,1.0466813333333334,78.320144,5.426029121345766,5.920044531680158,2621.0,3,3.3597012689649266,6.461208167522427,0.932928831629029,-0.0796323965584631,-0.08230394672530544
6229.964,0.4144866666666666,0.9762746666666668,21.43055533333333,1.4243593333333333,1.045205,0.8815336666666667,0.0024053333333333,0.8791283333333333,0.1636713333333332,1.0427996666666666,78.637917,5.371270241152548,5.85020821474052,2622.0,3,3.3472416597119676,6.427050105152344,0.9374575196841366,-0.07568279322477289,-0.07937655012326524
6230.964,0.40659,0.977789,21.435076,1.425555,1.041329,0.8768670000000001,0.002411,0.874456,0.1644619999999998,1.038918,78.95569,5.3170378747803495,5.781043383155369,2623.0,3,3.3347820504590096,6.392892042782262,0.9419862077392441,-0.07302867805667457,-0.07658945836322756
6231.964,0.410144,0.9788645,21.4325825,1.4204249999999998,1.036692,0.8712610000000001,0.002439,0.868822,0.1654309999999999,1.034253,79.62944350000001,5.251837613037385,5.697890730515972,2624.0,3,3.3198080503306153,6.351703516694002,0.947536332602735,-0.06921841983989563,-0.07420800765969947
6232.964,0.413698,0.97994,21.430089,1.415295,1.032055,0.865655,0.002467,0.863188,0.1664,1.029588,80.303197,5.187396710356308,5.615706520619192,2625.0,3,3.3048340502022207,6.310514990605742,0.9530864574662257,-0.06762180141812113,-0.07230035530180358
6233.964,0.4194753333333333,0.9770643333333332,21.430161333333334,1.412099,1.0289453333333334,0.8619439999999999,0.0024923333333333,0.8594516666666666,0.1670013333333333,1.026453,80.58134033333333,5.146345260645057,5.5633518697799005,2626.0,3,3.294771136932657,6.2831997504611845,0.956530704199537,-0.06696464315052963,-0.07263858576643939
6234.964,0.4252526666666666,0.9741886666666668,21.430233666666663,1.408903,1.0258356666666666,0.858233,0.0025176666666666,0.8557153333333334,0.1676026666666666,1.023318,80.85948366666666,5.105588382115749,5.511372898033221,2627.0,3,3.2847082236630922,6.255884510316628,0.9599749509328482,-0.06598001664164788,-0.07429920702768625
6235.964,0.43103,0.971313,21.430306,1.405707,1.022726,0.854522,0.002543,0.851979,0.168204,1.020183,81.137627,5.065122915490027,5.4597655762177855,2628.0,3,3.2746453103935287,6.228569270172072,0.96341919766616,-0.06656820609422875,-0.0764915660506523
6236.964,0.4208193333333333,0.97829,21.431671333333338,1.403382,0.983871,0.8189460000000001,0.0025053333333333,0.8164406666666667,0.164925,0.9813656666666668,80.790221,4.950345407435254,5.313384963579771,2629.0,3,3.150047077956817,5.968758909924774,0.9446381249856807,-0.07130618955055068,-0.07894933659042819
6237.964,0.4106086666666667,0.985267,21.433036666666663,1.401057,0.945016,0.78337,0.0024676666666666,0.7809023333333334,0.1616459999999999,0.9425483333333332,80.442815,4.830911389220546,5.161065706502453,2630.0,3,3.0254488455201036,5.708948549677477,0.9258570523052009,-0.09038271312950963,-0.08178813295188196
6238.964,0.400398,0.992244,21.434402,1.398732,0.906161,0.7477940000000001,0.00243,0.745364,0.1583669999999999,0.903731,80.095409,4.7065316225500125,5.0024389271484555,2631.0,3,2.9008506130833918,5.4491381894301805,0.9070759796247216,-0.09623860917093174,-0.0847865911555132
6239.964,0.4033193333333333,0.989735,21.434889,1.394131,0.7988386666666667,0.6526620000000001,0.0024096666666666,0.6502523333333333,0.1461766666666666,0.7964289999999999,76.35550266666667,4.448369906027598,4.673194366391839,2632.0,3,2.5564261411054754,4.753804614031198,0.8372536141679964,-0.0976063834544334,-0.0846613740276551
6240.964,0.4062406666666667,0.987226,21.435376,1.3895300000000002,0.6915163333333333,0.5575300000000001,0.0023893333333333,0.5551406666666667,0.1339863333333333,0.689127,72.61559633333334,4.143232444857976,4.284039650787603,2633.0,3,2.21200166912756,4.0584710386322165,0.767431248711271,-0.0976063834544334,-0.08380134690971042
6241.964,0.409162,0.984717,21.435863,1.384929,0.584194,0.462398,0.002369,0.460029,0.1217959999999999,0.581825,68.87569,3.777014212172715,3.816986042740128,2634.0,3,1.8675771971496435,3.3631374632332345,0.6976088832545453,-0.0976063834544334,-0.081434787322432
6242.964,0.410946,0.982644,21.437044,1.379523,0.413517,0.3085665,0.0023899999999999,0.3061765,0.1049504999999999,0.411127,53.700077500000006,2.917314187982068,2.720574225140028,2635.0,3,1.3196603967387814,2.238366836681232,0.6011231986436841,-0.0976063834544334,-0.07891561153378844
6243.964,0.41273,0.980571,21.438225,1.374117,0.24284,0.1547349999999999,0.002411,0.152324,0.088105,0.240429,38.524465,1.728872040496674,1.2049036675362408,2636.0,3,0.7717435963279193,1.1135962101292292,0.5046375140328234,-0.06571247187194873,-0.07448878338724899
6244.964,0.410588,0.983088,21.436884,1.3698656666666666,0.2051263333333333,0.1200856666666666,0.002419,0.1176666666666666,0.0850406666666666,0.2027073333333333,26.385153333333335,1.3836354728074467,0.7646088646618083,2637.0,3,0.6506623012561252,0.8602265831946326,0.48708598397776093,-0.05737974546220104,-0.06947636563656731
6245.964,0.408446,0.985605,21.435543,1.3656143333333337,0.1674126666666666,0.0854363333333333,0.002427,0.0830093333333333,0.0819763333333333,0.1649856666666667,14.245841666666667,1.0125888456971843,0.2913974008988007,2638.0,3,0.5295810061843317,0.6068569562600369,0.469534453922699,-0.042902610221444704,-0.06432717045753547
6246.964,0.406304,0.988122,21.434202,1.361363,0.129699,0.050787,0.002435,0.048352,0.078912,0.127264,2.10653,0.612725406460279,0.2185653627038906,2639.0,3,0.40849971111253763,0.3534873293254411,0.45198292386763705,-0.046114431664114997,-0.05940538755818958
6247.964,0.3997423333333333,0.9903143333333332,21.435649333333338,1.359169,0.129603,0.0506843333333333,0.002438,0.0482463333333333,0.0789186666666666,0.127165,2.062219333333333,0.6113347327873491,0.2203389476829781,2640.0,3,0.4081819349040251,0.35271483123231706,0.452021108421221,-0.046114431664114997,-0.05454764395251767
6248.964,0.3931806666666667,0.9925066666666666,21.437096666666665,1.356975,0.129507,0.0505816666666666,0.002441,0.0481406666666666,0.0789253333333333,0.127066,2.0179086666666666,0.609944294046347,0.2221122330434373,2641.0,3,0.4078641586955126,0.35194233313919304,0.4520592929748057,-0.046114431664114997,-0.050790344545754006
6249.964,0.386619,0.994699,21.438544,1.354781,0.129411,0.050479,0.002444,0.048035,0.078932,0.126967,1.973598,0.6085540901777456,0.2238852188611856,2642.0,3,0.407546382487,0.35116983504606974,0.4520974775283902,-0.046114431664114997,-0.05189878467900264
6250.964,0.393049,0.9992205,21.438973,1.351415,0.1288695,0.0501085,0.0024285,0.04768,0.078761,0.126441,2.0427125,0.6053680708971332,0.2279484840607578,2643.0,3,0.4058579957629838,0.348574533881474,0.45111804372895076,-0.048388554460974564,-0.054869727855097014
6251.964,0.399479,1.003742,21.439402,1.348049,0.128328,0.049738,0.002413,0.047325,0.07859,0.125915,2.111827,0.6021681871970074,0.2320294311411849,2644.0,3,0.40416960903896765,0.3459792327168783,0.45013860992951127,-0.04902894739771424,-0.05955887891254589
6252.964,0.396857,0.988794,21.4385,1.345059,0.111246,0.0362445,0.0024095,0.033835,0.0750015,0.1088365,2.054033,0.4511182960567981,0.4246697487324844,2645.0,3,0.34935000320986065,0.24735778846224143,0.429584819348877,-0.06003338938679681,-0.0643003749032706
6253.964,0.394235,0.973846,21.437598,1.342069,0.094164,0.022751,0.002406,0.020345,0.071413,0.0917579999999999,1.996239,0.2848881171759039,0.6366701296076323,2646.0,3,0.2945303973807533,0.14873634420760462,0.4090310287682427,-0.07679687320443507,-0.07679687320443507
6254.964,0.3866193333333333,0.9853316666666666,21.43726566666667,1.3415786666666667,0.0883456666666666,0.0173606666666666,0.002441,0.0149196666666666,0.070985,0.0859046666666666,1.98995,0.2101775937039228,0.7319516214406541,2647.0,3,0.2757420127966444,0.10907331908557624,0.40657958042812525,-0.0870891772231448,-0.0870891772231448
6255.964,0.3790036666666667,0.9968173333333332,21.436933333333332,1.3410883333333332,0.0825273333333333,0.0119703333333333,0.002476,0.0094943333333333,0.070557,0.0800513333333333,1.983661,0.1345606923854606,0.8283890552931359,2648.0,3,0.2569536282125354,0.06941029396354859,0.40412813208800774,-0.08979412079593341,-0.08979412079593341
6256.964,0.371388,1.008303,21.436601,1.340598,0.076709,0.00658,0.002511,0.004069,0.070129,0.074198,1.977372,0.0580208184799657,0.9260035951398816,2649.0,3,0.2381652436284265,0.029747268841520923,0.4016766837478903,-0.0935293915713622,-0.0935293915713622
