elapsed_runtime_s,Temperature TS inlet (Mean),Temperature TS outlet (Mean),Tank temperature (Mean),Bypass temperature (Mean),Pump outlet pressure (Mean),TS inlet pressure (Mean),TS outlet pressure (Mean),Differential pressure (Mean),Pump to inlet DP,Total system DP,Flow rate (Mean),Pressure_Ratio,Relative_Ratio_Dev,run_specific_time_s,label,rel_tot_dp_change,rel_ts_dp_change,rel_p_ts_dp_change,anomaly_score,smooth_score
6734.0,-1.93116,21.109799,-2.239753,23.151996,0.126079,0.074484,0.073747,0.000737,0.051595,0.052332,3.73471,0.0142840530273664,0.3160266358742721,0.0,0,0.9676775147929003,0.6654627539503988,0.9747503849314689,0.09497679549788529,0.09497679549788529
6735.0,-1.930897,21.104024,-2.243165,23.151339,0.126318,0.073602,0.073485,0.000117,0.052716,0.052833,3.805433,0.0022193979171805,0.8937270075349566,1.0,0,0.9769415680473382,0.10564334085779736,0.9959287003013337,-0.036020259082283346,-0.036020259082283346
6736.0,-1.931029,21.105861,-2.233584,23.151471,0.125868,0.073088,0.073259,-0.000171,0.05278,0.052609,3.475396,-0.0032398022015498,1.15513372896688,2.0,0,0.9727995562130187,-0.15440180586908847,0.997137810188641,-0.042097414258314814,-0.042097414258314814
6737.0,-1.929847,21.102711,-2.238178,23.154359,0.125849,0.074269,0.072681,0.001588,0.0515799999999999,0.0531679999999999,3.720566,0.0307865299238092,0.4741730796855958,3.0,0,0.9831360946745553,1.4338600451468566,0.9744669998016293,0.10115821787076906,0.10115821787076906
6738.0,-1.92381,21.10258,-2.230565,23.15554,0.125794,0.073492,0.0736,-0.0001079999999999,0.0523019999999999,0.0521939999999999,3.640414,-0.0020648911152323,1.0988746345265548,4.0,0,0.9651257396449695,-0.0975169300224919,0.9881072707178135,-0.03909551340160722,-0.03909551340160722
6739.0,-1.92486,21.107174,-2.240147,23.16171,0.12641,0.073933,0.07307,0.000863,0.0524769999999999,0.05334,3.390529,0.016444986470521,0.2125531389659021,5.0,0,0.9863165680473382,0.7792325056434114,0.9914134305659191,0.1744400804466334,0.06769456826852369
6740.0,-1.917903,21.106911,-2.240672,23.161054,0.126272,0.07502,0.073516,0.001504,0.0512519999999999,0.052756,3.711136,0.0293446237293427,0.4051292705724898,6.0,0,0.9755177514792909,1.3580135440181815,0.9682703116291802,0.10404357975527534,0.07434626843347023
6741.0,-1.920922,21.106911,-2.221378,23.16066,0.125748,0.073912,0.073049,0.000863,0.0518359999999999,0.0526989999999999,3.696992,0.0166483399888111,0.202815819330837,7.0,0,0.9744637573964487,0.7792325056434114,0.9793034393508582,0.18352240762039368,0.07959743247479867
6742.0,-1.917903,21.10993,-2.248678,23.156197,0.125436,0.073938,0.07317,0.000768,0.0514979999999999,0.0522659999999999,3.546118,0.0149129109303094,0.2859145903218743,8.0,0,0.9664571005917151,0.6934537246050289,0.9729178277585171,0.10574644118434995,0.09019090271191288
6743.0,-1.917116,21.109668,-2.238703,23.16276,0.125509,0.073744,0.073164,0.0005799999999999,0.051765,0.052345,3.414103,0.0112042653479117,0.4634982768625744,9.0,0,0.967917899408285,0.5237020316026659,0.9779620830696286,0.030271347052135522,0.0988717808613311
6744.0,-1.912522,21.110718,-2.23739,23.162892,0.125794,0.074017,0.073175,0.0008419999999999,0.0517769999999999,0.0526189999999999,3.942162,0.0162617327822626,0.2213280042934383,10.0,0,0.9729844674556204,0.7602708803611523,0.9781887911734969,0.1614937971473508,0.12791323716211395
6745.0,-1.910816,21.114524,-2.234765,23.164073,0.125528,0.073292,0.072786,0.0005059999999999,0.052236,0.052742,3.432963,0.0096866205945975,0.5361687286932488,11.0,0,0.9752588757396459,0.45688487584645215,0.9868603761465299,0.01649138133100092,0.1279402551768754
6746.0,-1.908322,21.111768,-2.233059,23.165517,0.125326,0.073198,0.072508,0.0006899999999999,0.0521279999999999,0.0528179999999999,3.574407,0.0132363943294518,0.3661924146413621,12.0,0,0.976664201183431,0.6230248306997404,0.984820003211697,0.0638372881128273,0.11315594841975055
6747.0,-1.899659,21.102317,-2.234109,23.165648,0.125206,0.074038,0.072918,0.00112,0.051168,0.052288,3.994025,0.0218882526529736,0.04809060658104,13.0,0,0.9668639053254448,1.011286681715667,0.9666833549020913,0.18796699936495126,0.11238786444282453
6748.0,-1.896509,21.099561,-2.230565,23.170374,0.125877,0.073739,0.072755,0.0009839999999999,0.0521379999999999,0.0531219999999999,3.838436,0.0188726289341951,0.0963086263200565,14.0,0,0.982285502958579,0.888487584650103,0.9850089266315889,0.2513190496062212,0.12872768616628488
6749.0,-1.891127,21.119381,-2.239884,23.166436,0.12686,0.07418,0.07287,0.0013099999999999,0.05268,0.0539899999999999,3.48954,0.0248666502154475,0.1907073132402912,15.0,0,0.9983357988165672,1.1828442437923419,0.9952485759897235,0.17471026059424816,0.14991883959136137
6750.0,-1.88824,21.115575,-2.23214,23.173393,0.125932,0.072799,0.072813,-1.4000000000000123e-05,0.0531329999999999,0.0531189999999999,3.701707,-0.0002634847743441,1.0126166268886554,16.0,0,0.982230029585798,-0.01264108352144595,1.0038068069108177,-0.043799487815973315,0.1447810298437835
6751.0,-1.889027,21.113212,-2.240934,23.168405,0.126125,0.073723,0.07244,0.0012829999999999,0.0524019999999999,0.0536849999999999,3.423533,0.0244833311069975,0.1723525745930805,17.0,0,0.9926960059171589,1.1584650112866963,0.9899965049167311,0.17584156785113364,0.15342991238630202
6752.0,-1.88719,21.111112,-2.226365,23.166698,0.126685,0.073933,0.072834,0.001099,0.0527519999999999,0.0538509999999999,3.645129,0.0208329384110856,0.0024417479860445,18.0,0,0.9957655325443778,0.9923250564334983,0.9966088246129422,0.26914465841895335,0.17289631623724028
6753.0,-1.876952,21.111112,-2.232665,23.169718,0.126428,0.073229,0.072088,0.001141,0.053199,0.05434,3.428248,0.0214473684210526,0.0269794366127373,19.0,0,1.0048076923076932,1.0302483069978359,1.0050537014821053,0.24218288130290022,0.15095511260728556
6754.0,-1.875114,21.106649,-2.224528,23.171293,0.126584,0.074075,0.073296,0.000779,0.052509,0.053288,3.588551,0.0148352694724814,0.2896323508905637,20.0,0,0.9853550295857998,0.7033860045147363,0.9920179855095747,0.11011569967157231,0.1486828523420113
6755.0,-1.872621,21.11098,-2.224659,23.176675,0.126309,0.074894,0.073416,0.001478,0.051415,0.052893,3.772429,0.0287459156682746,0.3764609111178278,21.0,0,0.9780510355029596,1.3345372460497822,0.9713497633734175,0.10298020675618591,0.15756176009430983
6756.0,-1.873933,21.114131,-2.230434,23.177988,0.126153,0.073508,0.07254,0.000968,0.0526449999999999,0.0536129999999999,3.687562,0.0183869619724197,0.119564159259747,22.0,0,0.9913646449704132,0.8740406320542552,0.9945873440201005,0.25850132662221015,0.1834561382298104
6757.0,-1.861858,21.113606,-2.229122,23.179563,0.12607,0.073481,0.073296,0.000185,0.0525889999999999,0.0527739999999999,3.890299,0.0035177790454459,0.8315557101786897,23.0,0,0.9758505917159754,0.1670428893905343,0.9935293728687067,-0.031445036934595993,0.17942712883440468
6758.0,-1.858708,21.109668,-2.215078,23.1772,0.127007,0.073823,0.072897,0.0009259999999999,0.053184,0.05411,3.635699,0.0174109241327441,0.1663004660655217,24.0,0,1.0005547337278116,0.8361173814898273,1.0047703163522677,0.22859644695347875,0.16832693591070386
6759.0,-1.85582,21.112424,-2.23319,23.178382,0.126713,0.074038,0.072928,0.0011099999999999,0.0526749999999999,0.0537849999999999,3.857295,0.0210722150504973,0.0090157037401266,25.0,0,0.9945451183431945,1.0022573363431155,0.9951541142797757,0.2634993381172334,0.15436044036587665
6760.0,-1.845976,21.113737,-2.220459,23.17615,0.126989,0.074159,0.072939,0.0012199999999999,0.0528299999999999,0.0540499999999999,3.541403,0.0230925025079971,0.1057545499317327,26.0,0,0.9994452662721884,1.10158013544019,0.9980824272880978,0.2151442935390323,0.15041724244105686
6761.0,-1.842301,21.114524,-2.224134,23.175888,0.127577,0.074484,0.073007,0.0014769999999999,0.053093,0.0545699999999999,3.494255,0.0278185859042451,0.3320569273786218,27.0,0,1.0090606508875732,1.3336343115124458,1.0030511132312527,0.13555147389707656,0.1539398299534484
6762.0,-1.838232,21.110193,-2.227415,23.176413,0.127531,0.074558,0.073196,0.001362,0.052973,0.054335,3.607411,0.0257107260165364,0.2311247888784604,28.0,0,1.0047152366863916,1.229796839729231,1.0007840321925516,0.15814272918194472,0.14528228664436854
6763.0,-1.836919,21.118987,-2.219934,23.178644,0.126998,0.074117,0.072445,0.001672,0.052881,0.054553,3.890299,0.0316175636322379,0.5139660516219811,29.0,0,1.0087463017751488,1.5097065462755317,0.9990459367295476,0.10251792585462827,0.15532907502138446
6764.0,-1.829175,21.113343,-2.220984,23.178119,0.127769,0.07429,0.072519,0.0017709999999999,0.053479,0.0552499999999999,3.574407,0.0331151832460732,0.5856776256054352,30.0,0,1.0216346153846145,1.5990970654628083,1.010343557239074,0.07068372042337456,0.14158723113246285
6765.0,-1.826944,21.115706,-2.225709,23.179957,0.127567,0.074715,0.073301,0.0014139999999999,0.052852,0.054266,3.696992,0.0267534482432406,0.2810541911203279,31.0,0,1.003439349112427,1.2767494356659395,0.9984980588118616,0.1382060818801013,0.13834321644474407
6766.0,-1.8192,21.108486,-2.217309,23.183633,0.127237,0.075051,0.073779,0.001272,0.0521859999999999,0.0534579999999999,3.777144,0.0243738862168741,0.1671119478927543,32.0,0,0.9884985207100583,1.148532731377079,0.9859157590470693,0.1719258935314113,0.13131524905988418
6767.0,-1.806862,21.116625,-2.208647,23.180613,0.128155,0.074915,0.073138,0.001777,0.0532399999999999,0.0550169999999999,3.814862,0.0333765331229691,0.5981920256970545,33.0,0,1.0173261834319518,1.6045146726863753,1.0058282875036595,0.06902284683556337,0.1386485438721007
6768.0,-1.80975,21.11925,-2.205497,23.173262,0.128008,0.075282,0.073584,0.001698,0.052726,0.054424,3.847866,0.0322036148462837,0.5420283543628717,34.0,0,1.0063609467455632,1.533182844243931,0.9961176237212256,0.0911780080642629,0.1417733271326999
6769.0,-1.795837,21.113343,-2.207466,23.17825,0.127742,0.074259,0.073301,0.000958,0.0534829999999999,0.0544409999999999,3.758284,0.017911898885648,0.1423119393897052,35.0,0,1.0066752958579872,0.8650112866817938,1.0104191266070288,0.2310591912400451,0.14413320837254676
6770.0,-1.793212,21.111505,-2.214028,23.179563,0.127944,0.074957,0.073495,0.0014619999999999,0.052987,0.054449,3.687562,0.0275911527138218,0.3211665838556972,36.0,0,1.0068232248520719,1.3200902934537537,1.0010485249804002,0.14486461969043385,0.1403706143635864
6771.0,-1.787961,21.105992,-2.215603,23.179957,0.127907,0.074547,0.073359,0.001188,0.0533599999999999,0.054548,3.847866,0.0222634508348795,0.066056485187089,37.0,0,1.008653846153847,1.0726862302484041,1.0080953685423604,0.20888442201924173,0.15236456196715703
6772.0,-1.779299,21.112162,-2.207991,23.182189,0.127365,0.074689,0.073416,0.001273,0.052676,0.053949,3.701707,0.0241661446171955,0.1571645106682648,38.0,0,0.9975776627218944,1.1494356659143252,0.9951730066217668,0.18939056178793678,0.14777509867739158
6773.0,-1.77943,21.082365,-2.205891,23.18232,0.128275,0.074925,0.074094,0.000831,0.0533499999999999,0.054181,3.857295,0.0155760904200485,0.2541591000736202,39.0,0,1.001867603550297,0.7503386004515352,1.0079064451224686,0.12611673825309666,0.16282366896103556
6774.0,-1.772867,21.098117,-2.195653,23.174706,0.127852,0.074148,0.073537,0.000611,0.0537039999999999,0.0543149999999999,3.654559,0.0113769667628712,0.4552286934640216,40.0,0,1.0043454142011825,0.5516930022573863,1.0145943341866364,0.033057780333770825,0.1647865429426992
6775.0,-1.767617,21.124107,-2.199984,23.176019,0.128073,0.075183,0.074052,0.0011309999999999,0.0528899999999999,0.0540209999999999,3.513114,0.0213836002344442,0.0239259796537651,41.0,0,0.9989090236686382,1.0212189616252842,0.9992159678074484,0.25814555791580773,0.16479695739427536
6776.0,-1.756985,21.104024,-2.192241,23.174312,0.128569,0.075529,0.073899,0.0016299999999999,0.0530399999999999,0.0546699999999999,3.569692,0.0307309439867271,0.4715114191392977,42.0,0,1.0109097633136086,1.471783295711104,1.0020498191058245,0.12603126063375703,0.14741760680978638
6777.0,-1.756198,21.115575,-2.201559,23.17615,0.12855,0.074999,0.073878,0.0011209999999999,0.053551,0.054672,3.640414,0.0209329250074693,0.0023459805784584,43.0,0,1.010946745562131,1.012189616252823,1.0117038058622947,0.21950854967200323,0.14041960124155856
6778.0,-1.747404,21.107305,-2.191191,23.170899,0.12901,0.075261,0.073668,0.0015929999999999,0.053749,0.055342,3.711136,0.0296372093023255,0.4191393514832962,44.0,0,1.023335798816569,1.438374717832997,1.0154444895761512,0.11080674788089906,0.11859547271813912
6779.0,-1.743598,21.105336,-2.190797,23.179038,0.128339,0.074794,0.073815,0.0009789999999999,0.053545,0.054524,3.852581,0.0182833451611697,0.124525715957618,45.0,0,1.0082100591715986,0.8839729119638724,1.0115904518103596,0.23116333575580666,0.10509885288453043
6780.0,-1.734804,21.092735,-2.196309,23.172343,0.128541,0.074579,0.07422,0.000359,0.0539619999999999,0.0543209999999999,3.75357,0.0066527064840726,0.6814437732949854,46.0,0,1.0044563609467447,0.32415349887136113,1.0194685584198435,-0.02892888615445588,0.12037126486253369
6781.0,-1.726534,21.109405,-2.182397,23.176544,0.12822,0.074889,0.073474,0.0014149999999999,0.053331,0.054746,3.946877,0.0265319132978324,0.2704462774146055,47.0,0,1.0123150887573975,1.2776523702031857,1.0075474906246762,0.13890436633696335,0.11903882955281805
6782.0,-1.723647,21.112949,-2.182659,23.176413,0.128413,0.074537,0.074188,0.000349,0.0538759999999999,0.0542249999999999,3.597981,0.0064777177645377,0.6898228813083067,48.0,0,1.0026812130177505,0.3151241534988999,1.0178438170087747,-0.028850723446257387,0.1201388947495238
6783.0,-1.720234,21.10888,-2.184234,23.169718,0.128798,0.075786,0.073763,0.002023,0.0530119999999999,0.055035,3.715851,0.0381604512100807,0.8272637423502165,49.0,0,1.01765902366864,1.826636568848924,1.0015208335301276,-0.008849460082990368,0.09389993730096445
6784.0,-1.714853,21.109668,-2.184628,23.173656,0.128468,0.074747,0.073574,0.0011729999999999,0.053721,0.054894,3.758284,0.0218346301329063,0.0455229617135015,50.0,0,1.01505177514793,1.059142212189622,1.0149155040004543,0.18578190011380358,0.10548279588894234
6785.0,-1.70619,21.114131,-2.177016,23.172737,0.128357,0.07502,0.073973,0.001047,0.0533369999999999,0.054384,3.847866,0.0196295324159137,0.0600652842015624,51.0,0,1.005621301775149,0.9453724604966995,1.0076608446766093,0.24482120481865144,0.10080621852755298
6786.0,-1.701071,21.105861,-2.173735,23.169586,0.128339,0.07449,0.073637,0.000853,0.053849,0.054702,3.602696,0.0158402971216342,0.2415079046347685,52.0,0,1.0115014792899417,0.77020316027095,1.0173337237750688,0.13703191260081438,0.11705280604247989
6787.0,-1.686633,21.095229,-2.173735,23.167486,0.128495,0.075078,0.074829,0.0002489999999999,0.0534169999999999,0.0536659999999999,3.725281,0.0046613501067055,0.7767972922151039,53.0,0,0.9923446745562121,0.22483069977419642,1.0091722320357435,-0.04288102481359024,0.1171506324767094
6788.0,-1.688602,21.112818,-2.167041,23.165123,0.128707,0.075172,0.074136,0.001036,0.0535349999999999,0.0545709999999999,3.409389,0.0193514644351466,0.0733802090269283,54.0,0,1.0090791420118335,0.9354401805869921,1.011401528390466,0.22663533376067785,0.12739809508567063
6789.0,-1.67902,21.10573,-2.173472,23.164073,0.128991,0.074999,0.073894,0.0011049999999999,0.053992,0.0550969999999999,3.800718,0.0204656159131738,0.0200305096725551,55.0,0,1.0188054733727803,0.9977426636568848,1.0200353286795207,0.18439756214191322,0.1416255076471241
6790.0,-1.678889,21.106517,-2.168091,23.16381,0.128422,0.075004,0.073506,0.0014979999999999,0.053418,0.054916,3.866725,0.0280424568037589,0.3427766952188096,56.0,0,1.0154585798816578,1.3525959367946145,1.0091911243777345,0.13353698899481303,0.1396012205109703
6791.0,-1.672458,21.106517,-2.166122,23.160791,0.128707,0.074847,0.073474,0.0013729999999999,0.0538599999999999,0.0552329999999999,3.630985,0.0254915430459887,0.220629496440287,57.0,0,1.0213202662721885,1.239729119638848,1.0175415395369478,0.13988263067925855,0.1379372912558464
6792.0,-1.664845,21.104286,-2.169666,23.161054,0.12901,0.075477,0.073716,0.0017609999999999,0.053533,0.055294,3.762999,0.0328949826278626,0.5751336044280078,58.0,0,1.022448224852072,1.590067720090347,1.0113637437064895,0.07362390264335461,0.14352636784546263
6793.0,-1.656838,21.096673,-2.163497,23.160529,0.128091,0.074878,0.074046,0.0008319999999999,0.053213,0.054045,3.484826,0.0156349832750779,0.2513390920478699,59.0,0,0.9993528106508885,0.751241534988691,1.0053181942699536,0.13342466553154442,0.16119419933113754
6794.0,-1.65382,21.100742,-2.161397,23.161841,0.128615,0.075351,0.07402,0.0013309999999999,0.053264,0.054595,3.729996,0.0249882662160893,0.1965307377915111,60.0,0,1.0095229289940837,1.2018058690745106,1.0062817037114016,0.1655390287522655,0.15848588933920732
6795.0,-1.650407,21.104024,-2.152603,23.15961,0.128826,0.075298,0.07434,0.000958,0.0535279999999999,0.0544859999999999,3.597981,0.0178968409647107,0.1430329684156064,61.0,0,1.0075073964497032,0.8650112866817938,1.0112692819965419,0.22818191226741263,0.15413420501470984
6796.0,-1.637413,21.097198,-2.157328,23.158428,0.128881,0.075387,0.074146,0.0012409999999999,0.053494,0.0547349999999999,3.86201,0.0231984297597904,0.1108267390802084,62.0,0,1.0121116863905317,1.1205417607223587,1.0106269423689116,0.1929226784969767,0.15615696966689824
6797.0,-1.629144,21.106649,-2.157853,23.157772,0.12878,0.075015,0.073584,0.001431,0.053765,0.055196,3.833721,0.0266153331101439,0.2744407269977982,63.0,0,1.0206360946745572,1.292099322799214,1.015746767047978,0.1337972900431591,0.15495628585155502
6798.0,-1.628619,21.110587,-2.152866,23.15961,0.128394,0.074416,0.073443,0.000973,0.053978,0.054951,3.451822,0.0180255284462476,0.1368709351678274,64.0,0,1.0161057692307702,0.8785553047404858,1.0197708358916722,0.19955223384137555,0.16372859010584828
6799.0,-1.623369,21.113212,-2.147222,23.15961,0.128119,0.074537,0.073096,0.001441,0.053582,0.055023,3.612125,0.02689285780938,0.2877296374912557,65.0,0,1.0174371301775158,1.3011286681716754,1.012289468463959,0.1408807188969382,0.17482787718526818
6800.0,-1.611949,21.095098,-2.144597,23.164073,0.128302,0.075188,0.074335,0.000853,0.0531139999999999,0.053967,3.602696,0.0160594935517275,0.2310119677037048,66.0,0,0.9979105029585809,0.77020316027095,1.0034478524130235,0.15376463551669706,0.17353750288740447
6801.0,-1.605912,21.099561,-2.142497,23.160397,0.128615,0.074952,0.074115,0.000837,0.053663,0.0545,3.965736,0.0155970483005367,0.2531555591321961,67.0,0,1.00776627218935,0.755756207675012,1.0138197481650824,0.12787579252582648,0.1522158247789787
6802.0,-1.601055,21.105467,-2.139085,23.158822,0.129037,0.075209,0.073915,0.001294,0.053828,0.055122,3.536688,0.0240390867376321,0.1510805087986875,68.0,0,1.019267751479291,1.168397291196494,1.016936984593296,0.16134694518628706,0.1399754537239966
6803.0,-1.591474,21.099954,-2.144466,23.159085,0.128523,0.075209,0.074151,0.001058,0.053314,0.054372,3.767714,0.0198443214855107,0.0497803880150093,69.0,0,1.0053994082840245,0.9553047404064069,1.0072263208108603,0.24441753632574342,0.1334712941021391
6804.0,-1.587142,21.090241,-2.138166,23.151865,0.128624,0.074721,0.073458,0.001263,0.0539029999999999,0.0551659999999999,3.602696,0.0234305431878895,0.1219411897176803,70.0,0,1.0200813609467447,1.140406320541864,1.0183539102424823,0.1526352857736285,0.1143003150362717
6805.0,-1.580055,21.102448,-2.131997,23.153702,0.128881,0.07482,0.072975,0.0018449999999999,0.054061,0.055906,3.829007,0.0341274832599607,0.6341502996200636,71.0,0,1.0337647928994091,1.665914221219022,1.0213389002767737,0.0149651311831549,0.12524414737724537
6806.0,-1.574805,21.103761,-2.130422,23.158691,0.128394,0.075429,0.073647,0.0017819999999999,0.052965,0.054747,3.564977,0.033644224596911,0.6110100849431968,72.0,0,1.0123335798816577,1.6090293453725157,1.0006328934566382,0.07051896794715595,0.11195340256461864
6807.0,-1.567192,21.099823,-2.137641,23.155671,0.128982,0.075823,0.074041,0.001782,0.053159,0.054941,3.781858,0.0335214446952596,0.6051309285007906,73.0,0,1.0159208579881667,1.6090293453726061,1.004298007802538,0.0687556938245838,0.10550561819673658
6808.0,-1.564042,21.091816,-2.130947,23.154227,0.128734,0.074269,0.073663,0.0006059999999999,0.0544649999999999,0.0550709999999999,3.975166,0.0111262071751183,0.4672359912872333,74.0,0,1.018324704142011,0.5471783295710654,1.0289714064403985,0.007842443182701553,0.1048766484700687
6809.0,-1.559448,21.112556,-2.130816,23.161448,0.128027,0.074915,0.07391,0.0010049999999999,0.053112,0.054117,3.758284,0.0189219211869032,0.0939483306920915,75.0,0,1.000684171597634,0.9074492099322717,1.003410067729047,0.2503190423066749,0.08274207292514946
6810.0,-1.55761,21.104286,-2.127535,23.16276,0.128413,0.075146,0.073248,0.001898,0.0532669999999999,0.055165,3.546118,0.0356311481564919,0.7061513441294722,76.0,0,1.020062869822486,1.7137697516931574,1.0063383807373671,0.020857187390429743,0.081661515170292
6811.0,-1.543829,21.092866,-2.128454,23.161316,0.128523,0.075771,0.073978,0.001793,0.0527519999999999,0.0545449999999999,3.796003,0.0339885883267302,0.6274994957789088,77.0,0,1.0085983727810641,1.6189616252823136,0.9966088246129422,0.063397948847006,0.10041754954772697
6812.0,-1.542253,21.104024,-2.115197,23.15449,0.12856,0.07554,0.074172,0.0013679999999999,0.05302,0.054388,3.621555,0.0258010976782783,0.2354521187605875,78.0,0,1.0056952662721903,1.2352144469526174,1.0016719722660428,0.1550572479196083,0.11163960878201158
6813.0,-1.532803,21.098379,-2.106404,23.154227,0.12946,0.075823,0.073952,0.0018709999999999,0.0536369999999999,0.0555079999999999,3.409389,0.0348819866512546,0.6702787165195845,79.0,0,1.0264053254437862,1.6893905191874214,1.0133285472733617,0.02307178087655104,0.11588044565161473
6814.0,-1.528341,21.100217,-2.106273,23.156459,0.129028,0.075004,0.073731,0.0012729999999999,0.054024,0.055297,3.597981,0.0235631652012956,0.1282916229240445,80.0,1,1.022503698224853,1.149435665914235,1.0206398836231743,0.1418297082250538,0.11416067583565911
6815.0,-1.515871,21.111768,-2.105879,23.153571,0.128523,0.075377,0.074125,0.001252,0.053146,0.054398,3.880869,0.023557303328504,0.1280109347436191,81.0,1,1.0058801775147939,1.1304740406321565,1.0040524073566788,0.20252547495750461,0.10666571243849463
6816.0,-1.508915,21.101005,-2.102335,23.151602,0.128835,0.075167,0.073947,0.0012199999999999,0.053668,0.054888,3.579122,0.0227319309098361,0.0884890463292282,82.0,1,1.0149408284023678,1.10158013544019,1.013914209875028,0.18273956029000216,0.10529926176195832
6817.0,-1.498415,21.107699,-2.108635,23.153571,0.129065,0.074726,0.073448,0.001278,0.054339,0.055617,3.772429,0.0235185866764814,0.1261570380463132,83.0,1,1.0284208579881666,1.1539503386005558,1.0265909713497643,0.11116406252061506,0.1112111433092128
6818.0,-1.502746,21.098248,-2.100366,23.158297,0.128385,0.075424,0.073369,0.002055,0.0529609999999999,0.0550159999999999,3.74414,0.0388014047807862,0.8579549732749354,84.0,1,1.0173076923076914,1.8555304740407998,1.0005573240886796,-0.00935525497685441,0.08985346096611221
6819.0,-1.496446,21.100611,-2.095641,23.164598,0.128183,0.074164,0.073096,0.0010679999999999,0.054019,0.055087,3.729996,0.0197704553868937,0.0533173704015279,85.0,1,1.0186205621301785,0.964334085778778,1.0205454219132284,0.17536940833503012,0.09147998888995072
6820.0,-1.486733,21.096542,-2.097348,23.156853,0.128459,0.075534,0.073579,0.0019549999999999,0.0529249999999999,0.0548799999999999,3.49897,0.0369383667762536,0.7687458133108183,86.0,1,1.014792899408283,1.7652370203160965,0.9998771997770695,0.007192680625066616,0.09085562538423353
6821.0,-1.484502,21.092604,-2.09446,23.15554,0.129267,0.074768,0.073637,0.001131,0.0544989999999999,0.05563,3.701707,0.0207522935779817,0.0063033212868264,87.0,1,1.0286612426035513,1.0212189616253746,1.0296137460680304,0.12251676431955083,0.08722994229792314
6822.0,-1.480695,21.100348,-2.091179,23.158559,0.129331,0.075498,0.073023,0.0024749999999999,0.053833,0.056308,3.569692,0.0459746628524722,1.2014371380101965,88.0,1,1.041198224852072,2.234762979684085,1.017031446303242,-0.05851957551139775,0.08220562026051989
6823.0,-1.470982,21.097985,-2.084748,23.161973,0.128293,0.075508,0.073663,0.0018449999999999,0.0527849999999999,0.0546299999999999,3.522544,0.0349524495131284,0.6736527393259559,89.0,1,1.0101701183431944,1.665914221219022,0.997232271898585,0.039337060114936095,0.08465629840077518
6824.0,-1.465207,21.095885,-2.092754,23.165254,0.128578,0.075114,0.073616,0.0014979999999999,0.053464,0.054962,3.640414,0.0280183297484335,0.3416214024482109,90.0,1,1.016309171597634,1.3525959367946145,1.0100601721092364,0.13558607316788207,0.09658571470107949
6825.0,-1.455626,21.109274,-2.084223,23.161448,0.128422,0.075408,0.074078,0.0013299999999999,0.053014,0.054344,4.027029,0.0250872394605299,0.2012699433117382,91.0,1,1.0048816568047347,1.2009029345372644,1.0015586182141079,0.16626864409440045,0.07704464297852871
6826.0,-1.451294,21.091029,-2.079104,23.163679,0.128753,0.075587,0.074062,0.0015249999999999,0.053166,0.054691,3.692277,0.0286832057479263,0.3734581278669886,92.0,1,1.011298076923078,1.3769751693002599,1.0044302541964623,0.13249633991596987,0.08835113120236011
6827.0,-1.442894,21.091291,-2.074904,23.161448,0.128743,0.075666,0.074172,0.0014939999999999,0.053077,0.0545709999999999,3.574407,0.0281472549832321,0.3477948202027481,93.0,1,1.0090791420118335,1.34898419864563,1.0027488357594259,0.13567084392316786,0.09224076528099719
6828.0,-1.438563,21.098773,-2.074379,23.159085,0.128707,0.075177,0.073516,0.0016609999999999,0.0535299999999999,0.0551909999999999,3.61684,0.0310287496964375,0.4857714595309301,94.0,1,1.0205436390532536,1.4997742663657339,1.01130706668052,0.10993890802618866,0.09923243847248134
6829.0,-1.433706,21.100348,-2.071754,23.158428,0.129001,0.075792,0.073679,0.002113,0.053209,0.055322,3.5084,0.0397105807179102,0.9014896845438908,95.0,1,1.022965976331362,1.9079006772010754,1.005242624901997,-0.020041308890477616,0.10876904144557469
6830.0,-1.429506,21.108224,-2.07136,23.156459,0.128256,0.074694,0.073117,0.0015769999999999,0.053562,0.055139,3.847866,0.0294419655359108,0.4097903568048711,96.0,1,1.019582100591717,1.423927765237059,1.0119116216241755,0.12025756286338052,0.09535551880851179
6831.0,-1.414937,21.088797,-2.064273,23.16381,0.1289,0.075062,0.073758,0.0013039999999999,0.0538379999999999,0.0551419999999999,3.786573,0.0242203607050651,0.1597605777606245,97.0,1,1.0196375739644963,1.177426636568865,1.0171259080131858,0.16141310510592166,0.09260230875370334
6832.0,-1.414412,21.094704,-2.065192,23.158428,0.129377,0.075261,0.073411,0.0018499999999999,0.054116,0.0559659999999999,3.758284,0.0341851913446789,0.6369135764551692,98.0,1,1.0348742603550287,1.6704288939052527,1.0223779790861782,0.011397156403443853,0.08466261755441107
6833.0,-1.405224,21.098248,-2.060729,23.160529,0.128642,0.075198,0.073653,0.001545,0.053444,0.054989,3.597981,0.0289082234072411,0.3842328068138125,99.0,1,1.0168084319526638,1.395033860045273,1.009682325269453,0.13470308984586954,0.07614127333218428
6834.0,-1.396561,21.101136,-2.060204,23.156197,0.1289,0.075445,0.073485,0.00196,0.0534549999999999,0.0554149999999999,3.659273,0.0366656689613888,0.7556880319188404,100.0,1,1.0246856508875732,1.7697516930024173,1.009890141031332,0.001450846797253047,0.06425890385001702
6835.0,-1.398793,21.097985,-2.054954,23.16066,0.128872,0.075939,0.074367,0.001572,0.0529329999999999,0.0545049999999999,3.678133,0.0296973589753278,0.4220195406085851,101.0,1,1.0078587278106501,1.4194130925509185,1.0000283385129827,0.13873654354631604,0.06367686387194307
6836.0,-1.388948,21.103236,-2.05771,23.159085,0.12867,0.074836,0.073038,0.0017979999999999,0.053834,0.055632,3.659273,0.0333983468004085,0.5992365453661976,102.0,1,1.028698224852072,1.6234762979684538,1.0170503386452312,0.053099427923047005,0.06364675067895571
6837.0,-1.388423,21.101792,-2.046817,23.160529,0.128174,0.075156,0.073327,0.0018289999999999,0.053018,0.054847,3.729996,0.0344970670891566,0.6518473422239572,103.0,1,1.0141826923076933,1.6514672686230838,1.0016341875820647,0.050457401700900184,0.06062482403746152
6838.0,-1.376086,21.089847,-2.049179,23.16066,0.12912,0.076023,0.073978,0.0020449999999999,0.053097,0.055142,3.876155,0.0385136916644692,0.8441782036358572,104.0,1,1.019637573964498,1.8465011286682484,1.0031266825992093,-0.008884786795484101,0.07168641709420484
6839.0,-1.36926,21.105861,-2.049704,23.161316,0.128504,0.075093,0.072981,0.0021119999999999,0.053411,0.055523,3.805433,0.0395416760278586,0.8934019023962168,105.0,1,1.0266826923076933,1.906997742663739,1.00905887798381,-0.025861708671217065,0.06537862808474486
6840.0,-1.362566,21.098248,-2.040123,23.164467,0.128413,0.074337,0.07349,0.000847,0.054076,0.054923,3.810147,0.0156628511196996,0.2500046764306542,106.0,1,1.0155880177514802,0.7647855530474732,1.0216222854066113,0.11995643093350694,0.07313859871584319
6841.0,-1.351147,21.099167,-2.039992,23.161448,0.128578,0.075083,0.073532,0.0015509999999999,0.053495,0.055046,3.61684,0.0289928218932256,0.388283695658026,107.0,1,1.0178624260355038,1.4004514672686594,1.0106458347109009,0.13119383869097978,0.0728181933156857
6842.0,-1.350228,21.099429,-2.041567,23.155409,0.128936,0.075004,0.073506,0.0014979999999999,0.0539319999999999,0.0554299999999999,3.329237,0.0277752025661468,0.3299795724675727,108.0,1,1.0249630177514786,1.3525959367946145,1.0189017881601683,0.1220130869708771,0.0637305926602017
6843.0,-1.342616,21.102711,-2.025686,23.154096,0.128633,0.074805,0.073075,0.0017299999999999,0.053828,0.0555579999999999,3.593266,0.0321388099351649,0.538925255194528,109.0,1,1.027329881656804,1.562076749435717,1.016936984593296,0.07162519975126969,0.06993034780972261
6844.0,-1.335922,21.102186,-2.028179,23.159085,0.129102,0.074936,0.07329,0.001646,0.0541659999999999,0.055812,3.74414,0.0303875053076598,0.4550663031597843,110.0,1,1.032026627218936,1.4862302483071321,1.0233225961856351,0.07905055310823639,0.06747031049078998
6845.0,-1.32739,21.102973,-2.031067,23.160003,0.128293,0.075046,0.073621,0.0014249999999999,0.0532469999999999,0.0546719999999999,3.918588,0.0267615685096153,0.281443019550132,111.0,1,1.0109467455621293,1.286681715575647,1.0059605338975837,0.13553248954474117,0.07855584931285112
6846.0,-1.32109,21.100742,-2.034086,23.153046,0.129111,0.075907,0.073569,0.002338,0.053204,0.055542,3.583837,0.0439432384174421,1.104165012085378,112.0,1,1.0270340236686402,2.111060948081455,1.0051481631920511,-0.03777657863179307,0.08459375836497574
6847.0,-1.318465,21.107568,-2.022929,23.160003,0.128293,0.075419,0.073758,0.0016609999999999,0.0528739999999999,0.0545349999999999,3.574407,0.0314137115839242,0.5042048605229357,113.0,1,1.0084134615384608,1.4997742663657339,0.9989136903356215,0.11245495319610932,0.08913501014985278
6848.0,-1.305208,21.107174,-2.018861,23.161316,0.128697,0.075708,0.07317,0.0025379999999999,0.052989,0.055527,3.692277,0.0478958294017738,1.29342970799395,114.0,1,1.0267566568047348,2.291647855530591,1.0010863096643785,-0.033485159984810386,0.08650777955327585
6849.0,-1.302714,21.104155,-2.025554,23.156853,0.128321,0.075419,0.073684,0.001735,0.0529019999999999,0.0546369999999999,3.758284,0.0327958716896962,0.5703878056222036,115.0,1,1.0102995562130168,1.5665914221220378,0.9994426759113184,0.08499367954939419,0.07720609412178318
6850.0,-1.297727,21.101267,-2.014136,23.156459,0.128532,0.074873,0.073663,0.0012099999999999,0.053659,0.054869,3.645129,0.022549385016772,0.0797480728571189,116.0,1,1.014589497041421,1.0925507900677287,1.0137441787971255,0.18033552145475318,0.08142024304830955
6851.0,-1.286308,21.107305,-2.016892,23.153046,0.128863,0.074747,0.073773,0.0009739999999999,0.054116,0.05509,3.781858,0.0179980412809281,0.138187122450095,117.0,1,1.0186760355029596,0.8794582392776417,1.0223779790861782,0.1766063565397502,0.06243580993993479
6852.0,-1.284339,21.100873,-2.009279,23.156459,0.128927,0.074794,0.07328,0.001514,0.054133,0.055647,3.456537,0.0279676358665533,0.3391939916241449,118.0,1,1.0289755917159773,1.3670428893906428,1.0226991488999944,0.09574078100510774,0.07245091512201954
6853.0,-1.279876,21.102186,-2.012298,23.150421,0.128798,0.075786,0.073621,0.002165,0.0530119999999999,0.0551769999999999,3.48954,0.040839039480882,0.9555244696926336,119.0,1,1.0202847633136085,1.9548532731378743,1.0015208335301276,-0.02139165456365688,0.05583875130513316
6854.0,-1.263207,21.106124,-2.011379,23.151339,0.129028,0.075408,0.073847,0.001561,0.05362,0.055181,3.796003,0.0291117286137895,0.3939773898445029,120.0,1,1.0203587278106518,1.409480812641211,1.0130073774595478,0.12119204237350012,0.0563543302830246
6855.0,-1.263732,21.113606,-2.007967,23.15239,0.129497,0.075792,0.073416,0.002376,0.053705,0.056081,3.48954,0.0442408669422411,1.118416568207199,121.0,1,1.0370007396449714,2.1453724604968083,1.0146132265286276,-0.05431184153900648,0.05746281843537476
6856.0,-1.257038,21.098904,-2.005473,23.158953,0.128459,0.075671,0.073878,0.001793,0.0527879999999999,0.0545809999999999,3.635699,0.0339654094603042,0.6263896058047087,122.0,1,1.009264053254437,1.6189616252823136,0.9972889489245524,0.062374473189054314,0.04246919098632235
6857.0,-1.250344,21.115312,-2.008229,23.149764,0.129267,0.075524,0.073259,0.0022649999999999,0.053743,0.0560079999999999,3.984595,0.0421442393569512,1.0180222739489744,123.0,1,1.0356508875739636,2.0451467268623973,1.0153311355242163,-0.0536666849727544,0.033211355006354526
6858.0,-1.23945,21.106386,-1.999436,23.150814,0.128707,0.075104,0.07307,0.002034,0.0536029999999999,0.0556369999999999,3.682848,0.0379449294828745,0.8169437638037229,124.0,1,1.028790680473372,1.836568848758631,1.01268620764573,-0.028329370205895987,0.022825057773502376
6859.0,-1.234725,21.110849,-1.998386,23.150289,0.129203,0.074763,0.073437,0.0013259999999999,0.05444,0.055766,3.73471,0.0243566429712899,0.1662862774287699,125.0,1,1.0311760355029596,1.1972911963882797,1.028499097890671,0.09607856107289581,0.04724112502181866
6860.0,-1.231312,21.104417,-2.00403,23.151996,0.129019,0.07533,0.073485,0.0018449999999999,0.053689,0.055534,3.607411,0.0343639411436021,0.6454727788798635,126.0,1,1.0268860946745573,1.665914221219022,1.0143109490568007,0.03039924696422902,0.031125686884098086
6861.0,-1.226324,21.115968,-2.002192,23.155409,0.129019,0.074684,0.073143,0.001541,0.0543349999999999,0.0558759999999999,3.86201,0.0283605712603062,0.3580091936283878,127.0,1,1.0332100591715967,1.3914221218962886,1.0265154019818057,0.084027996740072,0.03958649313572737
6862.0,-1.221468,21.108355,-2.004423,23.152652,0.128504,0.075419,0.073411,0.0020079999999999,0.053085,0.055093,3.748855,0.0378254153637493,0.8112209851244487,128.0,1,1.0187315088757407,1.8130925507901414,1.0028999744953393,-0.008122191323413741,0.025087093775645858
6863.0,-1.210968,21.092604,-1.997205,23.151602,0.128661,0.07524,0.074094,0.001146,0.0534209999999999,0.054567,3.909158,0.0214518363221146,0.0271933762637641,129.0,1,1.009005177514794,1.0347629796840667,1.0092478014037,0.22276901791950593,0.027882208157457317
6864.0,-1.203092,21.103367,-1.997336,23.146614,0.129074,0.075545,0.073364,0.002181,0.0535289999999999,0.0557099999999999,3.607411,0.0407435083130955,0.9509500835513448,130.0,1,1.0301405325443778,1.9693002257338126,1.011288174338531,-0.039962339003705605,0.037302995982022066
6865.0,-1.197055,21.102317,-1.998123,23.150552,0.129203,0.075256,0.073443,0.001813,0.053947,0.05576,3.409389,0.0336064358270929,0.6092006186825234,131.0,1,1.0310650887573973,1.637020316027236,1.019185173290008,0.030296220977286348,0.040216014721716604
6866.0,-1.191804,21.112687,-1.996417,23.150946,0.130103,0.075188,0.072912,0.002276,0.0549149999999999,0.0571909999999999,3.729996,0.0414451161774346,0.9845456667061891,132.0,1,1.0575258875739637,2.055079006772195,1.037472960335527,-0.0826195204117608,0.035740277589359035
6867.0,-1.181698,21.111374,-1.997598,23.146351,0.128697,0.07597,0.073579,0.0023909999999999,0.052727,0.055118,3.503685,0.0453459262630858,1.171330901400205,133.0,1,1.0191937869822496,2.15891647855541,0.9961365160632147,-0.02571554115463981,0.04046487605347297
6868.0,-1.179335,21.112293,-1.995892,23.147533,0.12923,0.074784,0.073212,0.001572,0.054446,0.056018,3.762999,0.0288721141660698,0.382503762605374,134.0,1,1.035835798816569,1.4194130925509185,1.028612451942606,0.06587850803975148,0.055483729812109736
6869.0,-1.171329,21.111374,-1.993398,23.155803,0.128504,0.075277,0.073668,0.0016089999999999,0.053227,0.054836,3.777144,0.0302284511911024,0.4474502029554947,135.0,1,1.0139792899408295,1.4528216704289352,1.005582687057802,0.1252087484698412,0.03629620508844188
6870.0,-1.171985,21.092735,-1.999961,23.152521,0.128183,0.076227,0.074225,0.002002,0.0519559999999999,0.0539579999999999,3.602696,0.0385318628866178,0.8450483090547758,136.0,1,0.9977440828402359,1.807674943566755,0.981570520389559,-0.014358124359346691,0.05329811976057649
6871.0,-1.162535,21.100873,-1.995236,23.152652,0.128642,0.074978,0.07349,0.001488,0.053664,0.055152,3.781858,0.0277275691791671,0.3276987094747772,137.0,1,1.0198224852071016,1.3435665914222434,1.0138386405070714,0.13127398138121138,0.07053188899377998
6872.0,-1.15571,21.109536,-1.99878,23.149764,0.129074,0.075051,0.073747,0.001304,0.0540229999999999,0.055327,3.635699,0.0241374204057458,0.15578908903552,138.0,1,1.0230584319526637,1.1774266365689554,1.0206209912811832,0.142066346262954,0.1041793178802598
6873.0,-1.147047,21.108093,-1.997861,23.154359,0.129111,0.075545,0.073684,0.001861,0.053566,0.055427,3.663988,0.0347415386338604,0.6635535452563661,139.0,1,1.0249075443786992,1.6803611738150506,1.0119871909921323,0.030893770682827282,0.11175945929108129
6874.0,-1.139172,21.115181,-1.999567,23.144776,0.128835,0.07513,0.073637,0.001493,0.053705,0.055198,3.725281,0.0277995009868545,0.3311430708473744,140.0,1,1.0206730769230778,1.348081264108474,1.0146132265286276,0.1300568077176405,0.11221027264631403
6875.0,-1.136284,21.115312,-2.000748,23.152521,0.128486,0.075125,0.07392,0.0012049999999999,0.0533609999999999,0.0545659999999999,3.777144,0.0225816123833439,0.0812912385320736,141.0,1,1.0089866863905317,1.0880361173814979,1.0081142608843496,0.20263391330932123,0.11000012502180076
6876.0,-1.128409,21.099298,-1.996811,23.161316,0.128495,0.075461,0.074409,0.0010519999999999,0.053034,0.0540859999999999,3.866725,0.0198359573866314,0.0501808920482405,142.0,1,1.0001109467455611,0.9498871331828399,1.0019364650538913,0.25385476845303745,0.1239426313595473
6877.0,-1.113839,21.102448,-2.001798,23.147401,0.129442,0.075897,0.074083,0.001814,0.0535449999999999,0.055359,3.447107,0.0338774138124231,0.6221760482664964,143.0,1,1.023650147928995,1.6379232505644823,1.0115904518103578,0.05008587295357503,0.11415575336180903
6878.0,-1.112133,21.113868,-1.99458,23.151865,0.128771,0.075015,0.073259,0.0017559999999999,0.053756,0.0555119999999999,3.824292,0.0326655133284966,0.5641457644675825,144.0,1,1.0264792899408275,1.5855530474041164,1.0155767359700754,0.07038664159207908,0.09747044933016345
6879.0,-1.107802,21.109143,-1.999567,23.146482,0.129212,0.075067,0.073595,0.001472,0.054145,0.055617,3.465966,0.0271857570272965,0.3017547368831685,145.0,1,1.0284208579881666,1.3291196388263053,1.0229258570038644,0.10310727222470839,0.10581485307034577
6880.0,-1.098614,21.114524,-1.995367,23.147926,0.128771,0.075456,0.073836,0.0016199999999999,0.053315,0.054935,3.814862,0.0303848750844023,0.4549403583284155,146.0,1,1.0158099112426044,1.4627539503386424,1.0072452131528495,0.1250669390181186,0.10539293800607355
6881.0,-1.093626,21.116362,-2.001667,23.14937,0.128789,0.075209,0.073364,0.0018449999999999,0.0535799999999999,0.0554249999999999,3.682848,0.0344338478191896,0.6488201694268474,147.0,1,1.0248705621301766,1.665914221219022,1.0122516837799789,0.03340520140382863,0.08384701012880638
6882.0,-1.091132,21.115968,-2.004555,23.148714,0.129129,0.076285,0.07402,0.002265,0.0528439999999999,0.0551089999999999,3.880869,0.0428611978427477,1.0523529017147202,148.0,1,1.0190273668639045,2.0451467268624874,0.9983469200759462,-0.024786694053501646,0.07837145496836637
6883.0,-1.080238,21.116231,-2.004161,23.152652,0.129506,0.075408,0.07401,0.0013979999999999,0.054098,0.055496,3.49897,0.0258415127821215,0.2373873436217826,149.0,1,1.0261834319526637,1.2623024830700014,1.0220379169303733,0.11433780808465055,0.07795346674619226
6884.0,-1.077482,21.109536,-2.004292,23.146614,0.128716,0.075188,0.073626,0.001562,0.0535279999999999,0.05509,3.640414,0.0291804442451756,0.3972677487837459,150.0,1,1.0186760355029596,1.4103837471784573,1.0112692819965419,0.125837657074918,0.07536924071782936
6885.0,-1.0679,21.106517,-2.00508,23.146089,0.128771,0.075666,0.073584,0.002082,0.053105,0.055187,3.720566,0.0392046096486272,0.8772619157345256,151.0,1,1.020469674556214,1.8799097065464456,1.0032778213351228,-0.012825365463350336,0.06418344988155926
6886.0,-1.061469,21.100873,-2.004423,23.150814,0.129111,0.075792,0.07455,0.0012419999999999,0.053319,0.054561,3.696992,0.0232933233308325,0.1153705947278465,152.0,1,1.0088942307692317,1.1214446952596049,1.0073207825208061,0.19909921684863746,0.047787560713864266
6887.0,-1.058844,21.115181,-2.003111,23.147926,0.129157,0.074763,0.073075,0.0016879999999999,0.054394,0.0560819999999999,3.696992,0.0310322639948523,0.4859397371552683,153.0,1,1.03701923076923,1.5241534988713794,1.0276300501591689,0.04590599073183388,0.04837997472159183
6888.0,-1.054644,21.125813,-2.004948,23.145826,0.128697,0.075309,0.073479,0.0018299999999999,0.053388,0.055218,3.800718,0.0342767236696697,0.6412964831925121,154.0,1,1.021042899408285,1.6523702031603302,1.008624354118059,0.044544381308449954,0.0627012777170546
6889.0,-1.047294,21.110718,-2.000748,23.145957,0.129074,0.076086,0.074057,0.002029,0.0529879999999999,0.0550169999999999,3.62627,0.0382909660495575,0.8335132762643107,155.0,1,1.0173261834319518,1.8320541760724005,1.0010674173223875,-0.008750636137992429,0.057437559396444585
6890.0,-1.03955,21.117543,-2.005211,23.149502,0.128569,0.07524,0.072944,0.002296,0.0533289999999999,0.0556249999999999,3.37167,0.0430526907931747,1.0615222934314104,156.0,1,1.0285687869822475,2.0731376975171174,1.0075097059406959,-0.038891952658831386,0.053170446752051514
6891.0,-1.034431,21.10783,-2.010329,23.153309,0.128835,0.075477,0.073637,0.00184,0.053358,0.055198,3.536688,0.0344834048614106,0.6511931441574124,157.0,1,1.0206730769230778,1.6613995485328819,1.008057583858384,0.03932934148110423,0.04983542756196569
6892.0,-1.028655,21.11925,-2.012036,23.148845,0.129359,0.075849,0.07422,0.001629,0.05351,0.055139,3.555548,0.0304423389583451,0.4576919414470877,158.0,1,1.019582100591717,1.470880361173948,1.0109292198407385,0.11842633590112606,0.026587235634870955
6893.0,-1.022749,21.112162,-2.015711,23.141363,0.129065,0.074883,0.073196,0.001687,0.054182,0.055869,3.484826,0.0311352269161915,0.4908699831823344,159.0,1,1.0330806213017762,1.5232505643342236,1.023624873657464,0.061700624878550436,0.027691433766763106
6894.0,-1.016843,21.109536,-2.005473,23.1411,0.12867,0.07523,0.073495,0.001735,0.05344,0.055175,3.494255,0.0324657098482438,0.5545784338023507,160.0,1,1.0202477810650898,1.5665914221220378,1.0096067559014963,0.08316653063098733,0.03661805020183125
6895.0,-1.015399,21.121088,-2.008886,23.136506,0.129249,0.075298,0.073185,0.002113,0.053951,0.056064,3.833721,0.0391644424673784,0.8753385623254086,161.0,1,1.0366863905325454,1.9079006772010754,1.0192607426579645,-0.04617555736420864,0.04705351701576297
6896.0,-1.004373,21.120169,-2.007442,23.13493,0.128753,0.075933,0.073233,0.0026999999999999,0.05282,0.05552,3.805433,0.0511160333958083,1.4476250021972883,162.0,1,1.0266272189349122,2.4379232505644644,0.997893503868208,-0.033382702422309896,0.0687651441601594
6897.0,-0.999648,21.116493,-2.009936,23.130467,0.129221,0.07524,0.07349,0.00175,0.053981,0.055731,3.729996,0.0324182134785669,0.5523041317054995,163.0,1,1.030528846153847,1.58013544018073,1.0198275129176397,0.05694797205075541,0.0831954231168321
6898.0,-0.988229,21.117018,-2.009673,23.136374,0.129148,0.075508,0.074062,0.001446,0.05364,0.055086,3.574407,0.0269569918532466,0.2908006130508094,164.0,1,1.0186020710059183,1.305643340857906,1.0133852242993313,0.13381054565913142,0.07980052123219827
6899.0,-0.984554,21.115312,-2.011117,23.131911,0.129736,0.075855,0.074204,0.0016509999999999,0.0538809999999999,0.0555319999999999,3.739425,0.0306410303997624,0.4672060235741166,165.0,1,1.0268491124260346,1.4907449209932726,1.0179382787187203,0.09560403200132472,0.06999733515303937
6900.0,-0.986523,21.1182,-2.008361,23.13283,0.128835,0.075183,0.073926,0.0012569999999999,0.053652,0.054909,3.824292,0.0234283264682309,0.121835044970153,166.0,1,1.0153291420118353,1.1349887133182968,1.0136119324032014,0.17822431878513295,0.059329273600294975
6901.0,-0.980485,21.102711,-2.016498,23.12876,0.128119,0.075162,0.073863,0.001299,0.052957,0.054256,3.687562,0.0245288719362515,0.1745332381715649,167.0,1,1.0032544378698234,1.1729119638827246,1.0004817547207248,0.18363213104783122,0.05981928067634301
6902.0,-0.968147,21.108749,-2.015579,23.132042,0.12889,0.075702,0.073973,0.001729,0.053188,0.054917,3.517829,0.0325067213145576,0.5565422147074375,168.0,1,1.0154770710059182,1.5611738148985612,1.0048458857202243,0.08447731705478778,0.06026969458819122
6903.0,-0.96421,21.107568,-2.008754,23.124428,0.129212,0.075555,0.073458,0.002097,0.0536569999999999,0.055754,3.725281,0.0390808453539081,0.8713356229060449,169.0,1,1.0309541420118353,1.8934537246051373,1.0137063941131452,-0.03633123591303866,0.052219878903208415
6904.0,-0.959878,21.11203,-2.013217,23.121409,0.128909,0.076023,0.073831,0.0021919999999999,0.052886,0.055078,3.706422,0.0414468583962032,0.984629090593646,170.0,1,1.0184541420118354,1.97923250564343,0.9991403984394935,-0.023514084896456566,0.045210667692787275
6905.0,-0.954628,21.119512,-2.018729,23.124691,0.128523,0.07524,0.072844,0.0023959999999999,0.053283,0.0556789999999999,3.61684,0.0449665940995419,1.153167072441919,171.0,1,1.0295673076923069,2.16343115124164,1.0066406582091958,-0.04127548660372826,0.03641886379143786
6906.0,-0.948065,21.112556,-2.017023,23.125347,0.128348,0.075713,0.073416,0.002297,0.0526349999999999,0.0549319999999999,3.682848,0.0436393342959192,1.0896129571489124,172.0,1,1.0157544378698216,2.0740406320543636,0.9943984206002087,-0.028878563303827876,0.016862094182660475
6907.0,-0.945309,21.109405,-2.024504,23.122328,0.128716,0.075828,0.073574,0.002254,0.0528879999999999,0.055142,3.805433,0.0426175575261397,1.0406865009622353,173.0,1,1.019637573964498,2.03521444695278,0.99917818312347,-0.02355018479907256,-0.005643400181568415
6908.0,-0.93809,21.116887,-2.020698,23.124035,0.12889,0.075277,0.073495,0.0017819999999999,0.053613,0.055395,3.550833,0.0332375871973736,0.5915387801525978,174.0,1,1.024315828402368,1.6090293453725157,1.0128751310656234,0.06371843355492002,-0.007261076991224691
6909.0,-0.924571,21.110193,-2.011904,23.123772,0.12934,0.076395,0.074456,0.001939,0.052945,0.054884,3.781858,0.0366222188645036,0.7536074803498112,175.0,1,1.0148668639053264,1.7507900677202486,1.0002550466168547,0.00768599298783057,-0.004506952765879213
6910.0,-0.922339,21.111374,-2.018729,23.115108,0.129579,0.075897,0.07391,0.001987,0.0536819999999999,0.0556689999999999,3.895014,0.037013579717974,0.7723472875335604,176.0,1,1.0293823964497033,1.794130925508063,1.0141787026628748,-0.017343377302640905,0.005203188093095901
6911.0,-0.918271,21.113606,-2.012036,23.117996,0.129157,0.076002,0.073453,0.0025489999999999,0.0531549999999999,0.0557039999999999,3.564977,0.0479531943712844,1.2961765552020874,177.0,1,1.0300295857988158,2.3015801354402985,1.0042224384345795,-0.04142281259445768,0.016456986783901385
6912.0,-0.910527,21.127257,-2.013873,23.118784,0.129487,0.075167,0.073516,0.0016509999999999,0.0543199999999999,0.0559709999999999,3.74414,0.0303934021833176,0.4553486674070901,178.0,1,1.0349667159763305,1.4907449209932726,1.026232016851968,0.06830054895822502,0.0320665387452249
6913.0,-0.904358,21.095885,-2.018204,23.123772,0.129157,0.076537,0.074556,0.0019809999999999,0.05262,0.054601,3.824292,0.0376465669599588,0.8026570611335,179.0,1,1.009633875739646,1.7887133182844959,0.994115035470373,-0.008789993659583883,0.030500763198324454
6914.0,-0.904095,21.115706,-2.018992,23.11944,0.129414,0.075702,0.073957,0.001745,0.0537119999999999,0.055457,3.876155,0.0324874797535049,0.555620857497473,180.0,1,1.02546227810651,1.5756207674944993,1.0147454729225498,0.07358732369329457,0.018288509343690564
6915.0,-0.895957,21.112818,-2.011248,23.12771,0.128808,0.075792,0.07402,0.0017719999999999,0.053016,0.054788,3.800718,0.0334232416017502,0.6004286006596316,181.0,1,1.0130917159763324,1.6000000000000545,1.0015964028980862,0.07126250030432657,0.013183537716945215
6916.0,-0.889263,21.119512,-2.020304,23.11944,0.128808,0.075639,0.074036,0.0016029999999999,0.053169,0.054772,3.668703,0.0301485800263305,0.4436256757599564,182.0,1,1.0127958579881666,1.4474040632054583,1.00448693122243,0.12721695630940733,0.012354538416404581
6917.0,-0.882438,21.123056,-2.018729,23.121015,0.129781,0.076794,0.074141,0.002653,0.052987,0.05564,3.569692,0.0500679399109232,1.3974384042196917,183.0,1,1.0288461538461549,2.3954853273139864,1.0010485249804002,-0.03920794026807706,0.014450551921794319
6918.0,-0.877057,21.113737,-2.009673,23.117865,0.129331,0.075282,0.073091,0.0021909999999999,0.054049,0.05624,3.725281,0.040536540240518,0.9410396856694384,184.0,1,1.039940828402368,1.9783295711061835,1.0211121921729036,-0.058404104991418904,0.01572577534594031
6919.0,-0.871807,21.117806,-2.012429,23.119309,0.129515,0.076122,0.07359,0.0025319999999999,0.0533929999999999,0.0559249999999999,3.517829,0.0474210585459039,1.2706959209619288,185.0,1,1.0341161242603543,2.2862302483071146,1.0087188158280032,-0.0433637232796229,0.01352688701851883
6920.0,-0.867344,21.114393,-2.018467,23.11839,0.128762,0.075996,0.073768,0.0022279999999999,0.0527659999999999,0.0549939999999999,3.781858,0.0422233592965299,1.0218108296998771,186.0,1,1.0169008875739636,2.0117381489842905,0.9968733174007907,-0.025633370308047243,0.0045113806140158145
6921.0,-0.85855,21.113474,-2.024767,23.120621,0.128468,0.075634,0.07349,0.002144,0.0528339999999999,0.054978,3.880869,0.0405791615406455,0.9430805513800172,187.0,1,1.0166050295857998,1.9358916478557058,0.9981579966560545,-0.020462677540560303,-0.00230886943223122
6922.0,-0.855268,21.114787,-2.026211,23.117996,0.129083,0.075403,0.073679,0.001724,0.05368,0.055404,3.437677,0.0321156461317785,0.5378160864944528,188.0,1,1.024482248520711,1.5566591422123306,1.0141409179788983,0.0810527831996849,-0.01791842139355474
6923.0,-0.850281,21.110324,-2.027523,23.121934,0.129469,0.0766,0.074041,0.002559,0.052869,0.055428,3.583837,0.0484017401172688,1.31765458684041,189.0,1,1.0249260355029595,2.3106094808128503,0.9988192286256775,-0.03077887693379866,-0.01698532777693269
6924.0,-0.85015,21.106124,-2.017154,23.121147,0.129423,0.075009,0.073112,0.001897,0.054414,0.056311,3.48954,0.0348617109252965,0.6693078396636161,190.0,1,1.041253698224853,1.7128668171559112,1.0280078969989523,-0.016567740351735583,-0.013288537948057243
6925.0,-0.841749,21.113212,-2.016761,23.114977,0.129497,0.075272,0.073422,0.00185,0.0542249999999999,0.056075,3.569692,0.0341164754914617,0.6336232068938346,191.0,1,1.0368897928994092,1.670428893905343,1.0244372443629965,0.0030599998418562313,-0.011183059946206641
6926.0,-0.832824,21.103498,-2.013742,23.11327,0.128661,0.076101,0.073731,0.0023699999999999,0.0525599999999999,0.0549299999999999,3.579122,0.0450904663153288,1.1590985329308352,192.0,1,1.015717455621301,2.139954853273241,0.9929814949510206,-0.028878563303827876,-0.002427015989030545
6927.0,-0.83138,21.117806,-2.018861,23.113533,0.128403,0.075781,0.073196,0.002585,0.0526219999999999,0.0552069999999999,3.895014,0.0491230070501492,1.35219151901013,193.0,1,1.0208394970414192,2.3340857787812497,0.9941528201543495,-0.029877004101856564,0.010433802323530583
6928.0,-0.81983,21.1245,-2.017942,23.118652,0.129129,0.075818,0.073716,0.0021019999999999,0.053311,0.0554129999999999,3.706422,0.0394282713085232,0.887971664406833,194.0,1,1.0246486686390524,1.8979683972912778,1.0071696437848927,-0.02143620670266444,-0.004182408041515928
6929.0,-0.822061,21.115181,-2.018073,23.111039,0.12935,0.075802,0.073758,0.0020439999999999,0.053548,0.0555919999999999,3.395244,0.0381706474443965,0.8277519758139975,195.0,1,1.027958579881656,1.8455981941310022,1.0116471288363271,-0.022308943261116876,0.007267878353094459
6930.0,-0.813923,21.102842,-2.016892,23.110907,0.130048,0.076364,0.074587,0.001777,0.0536839999999999,0.0554609999999999,3.612125,0.0331004936201918,0.5849742319109041,196.0,1,1.0255362426035495,1.6045146726863753,1.0142164873468529,0.06192706926371372,0.0029819836037448645
6931.0,-0.809198,21.107305,-2.020304,23.110382,0.129175,0.074962,0.073584,0.001378,0.054213,0.055591,3.654559,0.0254177887630502,0.2170978682025943,197.0,1,1.0279400887573975,1.244243792325169,1.0242105362591283,0.10814550558505098,-0.0006784579726920925
6932.0,-0.804998,21.110324,-2.022929,23.103425,0.129515,0.07565,0.073091,0.0025589999999999,0.0538649999999999,0.0564239999999999,3.720566,0.0475067760739611,1.27480039368529,198.0,1,1.0433431952662713,2.3106094808127597,1.0176360012468937,-0.06510932045078022,0.0009018880298851783
6933.0,-0.80001,21.117412,-2.022667,23.11327,0.129469,0.075151,0.073632,0.0015189999999999,0.054318,0.055837,3.5084,0.0279644323349103,0.3390405946638559,199.0,1,1.0324889053254447,1.3715575620767833,1.0261942321679915,0.08372398701230521,-0.0021458276078211713
6934.0,-0.793316,21.120825,-2.018992,23.107625,0.129543,0.075613,0.073149,0.0024639999999999,0.0539299999999999,0.0563939999999999,3.678133,0.0456880087519236,1.1877110779684823,200.0,1,1.0427884615384608,2.2248306997743774,1.01886400347619,-0.05942668784523153,0.009168191760584931
6935.0,-0.792398,21.10888,-2.032248,23.11327,0.129487,0.076023,0.073873,0.0021499999999999,0.053464,0.055614,3.932732,0.040213223604227,0.925558087625937,201.0,1,1.0283653846153855,1.941309255079092,1.0100601721092364,-0.03354441592251334,0.01779215754549409
6936.0,-0.785179,21.115049,-2.027654,23.111957,0.128909,0.075902,0.073805,0.002097,0.053007,0.055104,3.546118,0.0395600664050709,0.8942825017712903,202.0,1,1.0189349112426045,1.8934537246051373,1.0014263718201837,-0.013075103278055167,0.0063342230187513945
6937.0,-0.782554,21.113999,-2.023454,23.108544,0.129497,0.075498,0.073154,0.0023439999999999,0.053999,0.056343,3.48954,0.0434074074074073,1.0785074387177789,203.0,1,1.0418454142011844,2.1164785553048415,1.020167575073445,-0.06035416047892006,-0.009314702016391507
6938.0,-0.769953,21.122138,-2.028967,23.113664,0.129313,0.075739,0.074052,0.0016869999999999,0.053574,0.055261,3.451822,0.0314885674288379,0.5077892356279563,204.0,1,1.0218380177514803,1.5232505643341332,1.0121383297280455,0.09170398698139659,-0.010098346646862589
6939.0,-0.769822,21.112687,-2.036448,23.112351,0.129313,0.075755,0.073962,0.001793,0.053558,0.055351,3.621555,0.0334771000205381,0.6030075412316278,205.0,1,1.0235022189349121,1.6189616252823136,1.0118360522562189,0.06393071458797472,-0.024380918372258108
6940.0,-0.759322,21.112556,-2.018992,23.106707,0.129386,0.075246,0.073128,0.0021179999999999,0.05414,0.056258,3.531974,0.0391200753587852,0.8732141008393812,206.0,1,1.0402736686390543,1.9124153498872158,1.0228313952939185,-0.05265227600371325,-0.021538575548403095
6941.0,-0.755384,21.111112,-2.024898,23.103819,0.129717,0.07502,0.073044,0.001976,0.0546969999999999,0.056673,3.692277,0.0361256353065926,0.7298292203543346,207.0,1,1.0479474852071016,1.7841986455983554,1.0333544297818869,-0.04834374476637804,-0.015738545309939768
6942.0,-0.754203,21.127519,-2.028704,23.108413,0.129607,0.075377,0.072912,0.0024649999999999,0.05423,0.0566949999999999,3.531974,0.0454537072891887,1.1764918561286208,208.0,1,1.0483542899408276,2.2257336343116236,1.0245317060729442,-0.07294576675549103,-0.011268838109405765
6943.0,-0.748427,21.110718,-2.027654,23.100537,0.129625,0.075681,0.073233,0.0024479999999999,0.0539439999999999,0.0563919999999999,3.494255,0.045379553248679,1.1729410860178024,209.0,1,1.04275147928994,2.2103837471784393,1.0191284962640386,-0.05910173024165,-0.007749213093887086
6944.0,-0.740815,21.116625,-2.024111,23.107888,0.129331,0.075471,0.073437,0.0020339999999999,0.05386,0.055894,3.904444,0.0377638736748295,0.8082741411212948,210.0,1,1.033542899408285,1.836568848758541,1.0175415395369496,-0.031003259606681377,-0.023975918476140102
6945.0,-0.733596,21.108093,-2.026342,23.107625,0.130388,0.075755,0.074015,0.00174,0.054633,0.056373,3.777144,0.0318482995936597,0.5250145440530913,211.0,1,1.042400147928995,1.5711060948082685,1.0321453198945818,0.024455886462119936,-0.03652770299259148
6946.0,-0.732546,21.113474,-2.022011,23.104081,0.129818,0.07533,0.073595,0.001735,0.0544879999999999,0.0562229999999999,3.527259,0.0318412890675182,0.5246788540958989,212.0,1,1.03962647928994,1.5665914221220378,1.0294059303061494,0.031621968727284844,-0.022627896468452823
6947.0,-0.727689,21.11925,-2.018336,23.099486,0.129708,0.075765,0.073763,0.002002,0.0539429999999999,0.0559449999999999,3.574407,0.0371125611745514,0.7770868862813096,213.0,1,1.0344859467455612,1.807674943566755,1.0191096039220493,-0.025157910323733268,-0.023796400454429534
6948.0,-0.731102,21.124369,-2.023979,23.09778,0.130103,0.076059,0.07349,0.002569,0.0540439999999999,0.056613,3.659273,0.0475344620223887,1.276126099439026,214.0,1,1.0468380177514802,2.3196388261853116,1.021017730462956,-0.07056306684113356,-0.00891137248183881
6949.0,-0.72152,21.133689,-2.020698,23.096861,0.130057,0.075025,0.073002,0.0020229999999999,0.055032,0.057055,3.74414,0.0367597623244234,0.7601935706432748,215.0,1,1.0550110946745572,1.8266365688488333,1.0396833643482624,-0.061587130576539084,-0.009934366787867188
6950.0,-0.714301,21.131063,-2.015711,23.102768,0.129653,0.075529,0.073931,0.001598,0.0541239999999999,0.0557219999999999,3.390529,0.0295242494226328,0.4137304140636006,216.0,1,1.030362426035502,1.4428893905193179,1.0225291178220899,0.08634578923767333,-0.008880212033712354
6951.0,-0.712989,21.122138,-2.025161,23.095286,0.129644,0.07565,0.073301,0.0023489999999999,0.053994,0.056343,3.418818,0.0435040281507545,1.0831339977724703,217.0,1,1.0418454142011844,2.1209932279910726,1.020073113363499,-0.06002878462614514,-0.00020827170386059635
6952.0,-0.707476,21.136576,-2.025948,23.097649,0.129515,0.075692,0.073968,0.0017239999999999,0.0538229999999999,0.0555469999999999,3.315092,0.0320303210463731,0.5337304053787912,218.0,1,1.02712647928994,1.5566591422122402,1.0168425228833482,0.07590451297041623,-0.010071411146591557
6953.0,-0.699076,21.121088,-2.026998,23.09371,0.129644,0.075487,0.073096,0.002391,0.054157,0.056548,3.517829,0.0441486022378965,1.1139985924338172,219.0,1,1.0456360946745573,2.1589164785555,1.0231525651077344,-0.0693316733019338,-0.0064856079281890525
6954.0,-0.692382,21.129094,-2.027523,23.089904,0.128936,0.075424,0.073395,0.002029,0.0535119999999999,0.0555409999999999,3.640414,0.0379160204062564,0.8155594901420136,220.0,1,1.027015532544378,1.8320541760724005,1.010967004524715,-0.02046171206513303,-0.0031292915229478415
6955.0,-0.694482,21.123844,-2.029098,23.091873,0.128982,0.075566,0.07391,0.0016559999999999,0.053416,0.055072,3.786573,0.0310013666061364,0.4844602557460173,221.0,1,1.0183431952662731,1.4952595936795032,1.009153339693756,0.11117528976063751,-0.0016567111733657436
6956.0,-0.685163,21.121088,-2.020042,23.086884,0.129148,0.07524,0.072571,0.002669,0.053908,0.056577,3.796003,0.0495093583631676,1.3706914508427332,222.0,1,1.0461723372781075,2.4099322799099245,1.01844837195243,-0.06700942570002477,-0.015717686994167257
6957.0,-0.680569,21.128438,-2.021486,23.091216,0.129377,0.075072,0.073248,0.001824,0.0543049999999999,0.056129,3.607411,0.033587448900674,0.6082914543219442,223.0,1,1.0378883136094685,1.6469525959369438,1.0259486317221305,0.01070012186029179,-0.01730800682792085
6958.0,-0.679125,21.126732,-2.026736,23.094367,0.129193,0.075734,0.073574,0.0021599999999999,0.053459,0.055619,3.574407,0.0404040404040403,0.9346951027469208,224.0,1,1.0284578402366875,1.9503386004515533,1.0099657103992905,-0.03699990278872145,-0.031168819900635213
6959.0,-0.667837,21.121613,-2.020304,23.091216,0.129708,0.075786,0.073668,0.002118,0.0539219999999999,0.0560399999999999,3.814862,0.0392782300688019,0.8807871341272862,225.0,1,1.036242603550295,1.9124153498873062,1.0187128647402766,-0.04686132708071811,-0.02855433946853043
6960.0,-0.668362,21.116231,-2.031592,23.090822,0.129533,0.075445,0.073301,0.0021439999999999,0.054088,0.056232,3.597981,0.0396383737913437,0.89803214946038,226.0,1,1.039792899408285,1.9358916478556152,1.0218489935104815,-0.0542639689703418,-0.03239259530906387
6961.0,-0.666919,21.126994,-2.027654,23.090297,0.130039,0.075734,0.072933,0.0028009999999999,0.0543049999999999,0.0571059999999999,3.640414,0.0515780945015283,1.469750199317844,227.0,1,1.0559541420118335,2.5291196388263235,1.0259486317221305,-0.07593198296368109,-0.034820691010560456
6962.0,-0.653268,21.137233,-2.026604,23.088853,0.12957,0.075403,0.073159,0.0022439999999999,0.0541669999999999,0.0564109999999999,3.913873,0.0414266725742134,0.9836625186726722,228.0,1,1.0431028106508866,2.0261851015802286,1.0233414885276244,-0.06270361775672739,-0.027542561018908708
6963.0,-0.664162,21.134214,-2.028442,23.084259,0.129056,0.074668,0.072655,0.002013,0.054388,0.056401,3.715851,0.0370111603449226,0.7722314389910028,229.0,1,1.042917899408285,1.8176072234764624,1.027516696107234,-0.04318686898088597,-0.03219758701102652
6964.0,-0.657731,21.12345,-2.017811,23.087016,0.129423,0.075566,0.073028,0.0025379999999999,0.053857,0.056395,3.503685,0.0471239184522261,1.256467752731245,230.0,1,1.0428069526627228,2.291647855530591,1.0174848625109822,-0.058844270470467364,-0.025967007375834794
6965.0,-0.652612,21.121219,-2.021354,23.086753,0.128642,0.074374,0.072823,0.0015509999999999,0.054268,0.055819,3.687562,0.0285798522176564,0.3685091780375857,231.0,1,1.0321560650887585,1.4004514672686594,1.0252496150685328,0.0868943327456716,-0.024541372884434542
6966.0,-0.648674,21.126994,-2.026342,23.09371,0.128651,0.075408,0.073469,0.0019389999999999,0.0532429999999999,0.0551819999999999,3.739425,0.0364172488918938,0.743792758894908,232.0,1,1.0203772189349103,1.7507900677201584,1.005884964529627,0.005771874216492723,-0.005781649832434144
6967.0,-0.642374,21.121481,-2.032773,23.08649,0.128789,0.075482,0.073254,0.0022279999999999,0.0533069999999999,0.0555349999999999,3.772429,0.0417948525549635,1.0012923398134133,233.0,1,1.0269045857988157,2.0117381489842905,1.007094074416934,-0.03585013806088633,-0.000462025711104963
6968.0,-0.63673,21.123056,-2.024636,23.088197,0.128982,0.075555,0.073674,0.0018809999999999,0.053427,0.055308,3.692277,0.0352062588904692,0.6858060723704253,234.0,1,1.022707100591717,1.6984198645598827,1.009361155455637,0.02530589356319579,-0.00017358739012617307
6969.0,-0.63358,21.115706,-2.031329,23.089378,0.128743,0.075309,0.073175,0.0021339999999999,0.0534339999999999,0.0555679999999999,3.61684,0.0399363712922241,0.9123013735235864,235.0,1,1.0275147928994075,1.926862302483154,1.0094934018495594,-0.03260498216671559,-0.003614524253642859
6970.0,-0.629511,21.13067,-2.026079,23.090166,0.128707,0.074757,0.073432,0.001325,0.0539499999999999,0.0552749999999999,3.796003,0.0245593223480567,0.1759913166708184,236.0,1,1.0220968934911234,1.1963882618511241,1.0192418503159735,0.13333326154966219,-0.005423105738248235
6971.0,-0.627149,21.122794,-2.028967,23.077958,0.129322,0.075156,0.073191,0.0019649999999999,0.0541659999999999,0.0561309999999999,3.621555,0.0362766998356932,0.7370627495194129,237.0,1,1.0379252958579874,1.7742663656885578,1.0233225961856351,-0.022735741750389282,-0.02039692726268084
6972.0,-0.621242,21.130801,-2.026079,23.082815,0.129184,0.075571,0.072771,0.0027999999999999,0.0536129999999999,0.0564129999999999,3.659273,0.0522251650688252,1.5007343346954487,238.0,1,1.0431397928994075,2.5282167042890773,1.0128751310656214,-0.05981923454693949,-0.0233740737462091
6973.0,-0.617961,21.132113,-2.031198,23.079927,0.129442,0.074973,0.072676,0.0022969999999999,0.054469,0.056766,3.786573,0.0421700018358728,1.0192558768586275,239.0,1,1.0496671597633145,2.0740406320542735,1.029046975808357,-0.07759623761605283,-0.02724938784321911
6974.0,-0.613367,21.131982,-2.030804,23.079402,0.129644,0.075277,0.072891,0.0023859999999999,0.054367,0.056753,3.574407,0.0438861094761624,1.1014294667831352,240.0,2,1.04942677514793,2.154401805869179,1.0271199569254612,-0.07693008531652112,-0.035596699093848716
6975.0,-0.60641,21.131195,-2.029886,23.07822,0.130103,0.07512,0.07307,0.00205,0.0549829999999999,0.057033,3.866725,0.037283573403172,0.7852755851815552,241.0,2,1.0546042899408294,1.8510158013545694,1.038757639590791,-0.06284388249865447,-0.038626044321619604
6976.0,-0.598798,21.142221,-2.035398,23.08334,0.129442,0.075036,0.073107,0.001929,0.0544059999999999,0.0563349999999999,3.75357,0.0354549965997022,0.6977165551614826,242.0,2,1.0416974852070997,1.7417607223477873,1.0278567582630371,-0.023999590618789868,-0.05965237900823793
6977.0,-0.594335,21.127388,-2.038154,23.082027,0.129552,0.075293,0.072639,0.002654,0.054259,0.056913,3.762999,0.0489126428308146,1.3421185010428691,243.0,2,1.0523853550295867,2.3963882618512327,1.0250795839906304,-0.0746032790309864,-0.06115945731955606
6978.0,-0.591579,21.123319,-2.022142,23.083209,0.129469,0.0766,0.072902,0.003698,0.052869,0.056567,3.546118,0.0699451484773975,2.3492327714481567,244.0,2,1.045987426035504,3.339051918736194,0.9988192286256775,-0.058167218943100285,-0.059604586010502225
6979.0,-0.595122,21.125944,-2.023192,23.082421,0.129368,0.075981,0.072807,0.003174,0.053387,0.056561,3.414103,0.0594515621487976,1.84676099196335,245.0,2,1.0458764792899418,2.8659142212192212,1.00860546177607,-0.06289843444442444,-0.05689765525880132
6980.0,-0.585672,21.130145,-2.030279,23.082158,0.130039,0.075723,0.073065,0.0026579999999999,0.0543159999999999,0.0569739999999999,3.729996,0.0489349559069903,1.343186933773176,246.0,2,1.0535133136094665,2.400000000000127,1.0261564474840115,-0.07693008531652112,-0.05357280478067261
6981.0,-0.579634,21.116362,-2.034086,23.088066,0.129579,0.075345,0.073338,0.0020069999999999,0.054234,0.056241,3.767714,0.0370056236747486,0.7719663227163909,247.0,2,1.0399593195266281,1.8121896162528952,1.024607275440901,-0.03780652486357061,-0.05157456579902627
6982.0,-0.580291,21.121613,-2.034742,23.089772,0.129322,0.075776,0.073359,0.002417,0.0535459999999999,0.055963,3.399959,0.0451379162231311,1.1613706102610468,248.0,2,1.0348187869822496,2.1823927765238995,1.0116093441523468,-0.04427052145640109,-0.05329324891662324
6983.0,-0.577666,21.124107,-2.033036,23.090035,0.129166,0.075765,0.073075,0.0026899999999999,0.053401,0.056091,3.649844,0.0503726452192801,1.4120288229492028,249.0,2,1.037185650887575,2.428893905192003,1.0088699545639184,-0.05052693009904374,-0.05117033487694865
6984.0,-0.573859,21.120169,-2.034217,23.087672,0.128973,0.075592,0.073175,0.002417,0.053381,0.055798,3.857295,0.0452774343411637,1.1680512544986748,250.0,2,1.031767751479291,2.1823927765238995,1.008492107724135,-0.04368158053523408,-0.050167606279240363
6985.0,-0.567165,21.126863,-2.030017,23.084259,0.128936,0.075498,0.073254,0.0022439999999999,0.053438,0.0556819999999999,3.781858,0.0419918037388423,1.0107230919639458,251.0,2,1.029622781065088,2.0261851015802286,1.009568971217518,-0.04286149268219108,-0.04560440325306929
6986.0,-0.567953,21.13067,-2.029098,23.081896,0.128991,0.076191,0.07308,0.0031109999999999,0.0528,0.0559109999999999,3.513114,0.058919338648889,1.821276159542057,252.0,2,1.0338572485207091,2.809029345372624,0.9975156570284245,-0.04118642179475951,-0.04464031540090909
6987.0,-0.565984,21.126075,-2.032117,23.082421,0.129001,0.075487,0.072818,0.002669,0.053514,0.056183,3.838436,0.0498738671400542,1.3881454811451164,253.0,2,1.0388868343195277,2.4099322799099245,1.011004789208695,-0.053374138634240564,-0.04760027322570002
6988.0,-0.56559,21.133032,-2.030936,23.07927,0.129791,0.075891,0.073747,0.002144,0.0538999999999999,0.056044,3.414103,0.0397766275208253,0.9046522500911524,254.0,2,1.0363165680473383,1.9358916478557058,1.0182972332165148,-0.048139932966017374,-0.04821342144541559
6989.0,-0.561128,21.123188,-2.035529,23.081371,0.12957,0.074941,0.073086,0.0018549999999999,0.054629,0.0564839999999999,3.5084,0.0339557019952406,0.6259247764230198,255.0,2,1.0444526627218926,1.6749435665914834,1.032069750526625,-0.017266404182713746,-0.04856263155260648
6990.0,-0.552071,21.122925,-2.033036,23.077039,0.129295,0.075309,0.072713,0.002596,0.0539859999999999,0.0565819999999999,3.484826,0.048085650249134,1.302519033222679,256.0,2,1.0462647928994075,2.3440180586909567,1.0199219746275838,-0.06728920679491912,-0.05145594476352594
6991.0,-0.545246,21.129226,-2.028573,23.082946,0.129423,0.075555,0.072991,0.0025639999999999,0.053868,0.056432,3.725281,0.0475969481519982,1.279118166760418,257.0,2,1.0434911242603562,2.315124153498991,1.017692678272863,-0.06740610311147988,-0.055130416600849275
6992.0,-0.544327,21.130407,-2.039861,23.079664,0.130048,0.075907,0.0738,0.0021069999999999,0.0541409999999999,0.0562479999999999,3.86201,0.0389161833696575,0.8634509972262245,258.0,2,1.040088757396449,1.9024830699775086,1.0228502876359058,-0.05040200365355685,-0.05689620146842006
6993.0,-0.538289,21.128569,-2.039336,23.077695,0.129478,0.075991,0.073269,0.002722,0.053487,0.056209,3.673418,0.0508899192342207,1.43679781866043,259.0,2,1.039367603550297,2.4577878103839694,1.0104946959749874,-0.054019031170952636,-0.05925179613664812
6994.0,-0.534089,21.135526,-2.036842,23.074413,0.129616,0.075398,0.072949,0.002449,0.054218,0.056667,3.805433,0.0451686678101773,1.1628431101463326,260.0,2,1.0478365384615396,2.2112866817157757,1.0243049979690741,-0.07261471264442865,-0.06046623131258398
6995.0,-0.530283,21.128569,-2.036186,23.074282,0.129414,0.074873,0.072429,0.002444,0.054541,0.056985,3.654559,0.0448095046019581,1.145645045470625,261.0,2,1.0537167159763323,2.206772009029545,1.0304072244315776,-0.07960621105542443,-0.06819788340111077
6996.0,-0.531333,21.128176,-2.031723,23.079795,0.12969,0.075807,0.073485,0.002322,0.053883,0.056205,3.852581,0.0430925692227749,1.0634318203421174,262.0,2,1.0392936390532554,2.0966139954855167,1.0179760634027006,-0.058844270470467364,-0.0694295838271613
6997.0,-0.530545,21.129751,-2.033954,23.074938,0.130075,0.075739,0.07296,0.002779,0.0543359999999999,0.057115,3.522544,0.0511437878425383,1.4489539879034434,263.0,2,1.0561205621301786,2.5092550790069987,1.026534294323795,-0.07693008531652112,-0.07048271636026228
6998.0,-0.525426,21.135132,-2.037629,23.076776,0.13003,0.075272,0.073238,0.002034,0.054758,0.056792,3.645129,0.0371445789733195,0.7786200170736266,264.0,2,1.0501479289940838,1.836568848758631,1.0345068626432286,-0.06028428472537606,-0.06837614768755731
6999.0,-0.520308,21.13067,-2.037761,23.076251,0.130728,0.074799,0.072366,0.002433,0.055929,0.058362,3.659273,0.04350080457715,1.082979641128842,265.0,2,1.0791789940828411,2.1968397291198376,1.056629795112552,-0.0945829250679816,-0.07030194159293099
7000.0,-0.514532,21.128176,-2.034086,23.071788,0.129864,0.075366,0.072802,0.0025639999999999,0.054498,0.057062,3.418818,0.0470467348024733,1.2527719137088198,266.0,2,1.0551405325443797,2.315124153498991,1.029594853726043,-0.07960621105542443,-0.06704216686490574
7001.0,-0.507313,21.126469,-2.026342,23.071919,0.13014,0.075561,0.073322,0.002239,0.054579,0.056818,3.74414,0.041022352510077,0.9643021764840012,267.0,2,1.0506286982248532,2.021670428894088,1.0311251334271663,-0.07793742844248963,-0.06734349780053939
7002.0,-0.511251,21.130932,-2.037498,23.07717,0.129625,0.07491,0.073028,0.001882,0.0547149999999999,0.0565969999999999,3.442392,0.0343957891658748,0.6469977801447628,268.0,2,1.0465421597633127,1.6993227990972193,1.0336944919376923,-0.029336316926507178,-0.0697881515087214
7003.0,-0.507313,21.130145,-2.040254,23.06995,0.129717,0.075634,0.072471,0.003163,0.0540829999999999,0.057246,3.352811,0.0584831003623994,1.8003874546486327,269.0,2,1.058542899408285,2.8559819413095133,1.0217545318005337,-0.07327697022468949,-0.07087472469816117
7004.0,-0.503507,21.116231,-2.033692,23.07717,0.129414,0.075083,0.073101,0.0019819999999999,0.054331,0.056313,3.880869,0.0364794228079216,0.7467698762736312,270.0,2,1.041290680473374,1.789616252821742,1.0264398326138509,-0.040016965364176205,-0.07379498206735187
7005.0,-0.498519,21.11203,-2.035792,23.074938,0.13002,0.075272,0.072828,0.002444,0.0547479999999999,0.0571919999999999,3.758284,0.0446400847504064,1.1375325954822713,271.0,2,1.0575443786982242,2.206772009029545,1.0343179392233348,-0.0826195204117608,-0.07259864160172978
7006.0,-0.498126,21.120431,-2.034479,23.074938,0.130048,0.07523,0.072471,0.002759,0.0548179999999999,0.057577,3.75357,0.0503292654006824,1.409951636564878,272.0,2,1.0646634615384627,2.4911963882620767,1.0356404031625772,-0.08329080755228757,-0.07206516824169698
7007.0,-0.489725,21.124369,-2.029886,23.068243,0.130268,0.075156,0.072771,0.0023849999999999,0.0551119999999999,0.0574969999999999,3.829007,0.0432747264710685,1.072154184063152,273.0,2,1.0631841715976325,2.1534988713319327,1.0411947517073945,-0.08779581721091867,-0.07322011123917634
7008.0,-0.496288,21.133164,-2.032642,23.066799,0.129892,0.074595,0.072251,0.0023439999999999,0.055297,0.057641,3.767714,0.0423885131469492,1.029719007753627,274.0,2,1.0658468934911252,2.1164785553048415,1.0446898349753937,-0.0894868584172831,-0.07712381790708246
7009.0,-0.484344,21.137101,-2.040123,23.061155,0.13025,0.075345,0.072435,0.0029099999999999,0.054905,0.057815,3.612125,0.0529996721669762,1.5378206031688744,275.0,2,1.069064349112427,2.627539503386152,1.0372840369156373,-0.0826195204117608,-0.07805807292578959
7010.0,-0.483556,21.136314,-2.039467,23.059054,0.130048,0.075813,0.072618,0.003195,0.0542349999999999,0.0574299999999999,3.376385,0.0589092115937754,1.8207912386347025,276.0,2,1.0619452662721884,2.8848758465013895,1.0246261677828883,-0.07427147745509644,-0.08231832843054805
7011.0,-0.478962,21.131457,-2.039336,23.061023,0.130765,0.07554,0.073049,0.0024909999999999,0.0552249999999999,0.0577159999999999,3.767714,0.0451055662188098,1.159821572236425,277.0,2,1.06723372781065,2.249209932280023,1.0433295863521712,-0.0894868584172831,-0.08221774883713343
7012.0,-0.480406,21.146815,-2.026604,23.056166,0.130057,0.076348,0.073059,0.003289,0.053709,0.056998,3.682848,0.0612362688512381,1.9322193590603665,278.0,2,1.053957100591717,2.969751693002526,1.0146887958965842,-0.06837338360556844,-0.08283735392363298
7013.0,-0.473844,21.128438,-2.037629,23.052622,0.130507,0.075555,0.072828,0.0027269999999999,0.054952,0.057679,3.470681,0.0496242243371607,1.3761916591173105,279.0,2,1.0665495562130187,2.46230248307011,1.0381719769891284,-0.0826195204117608,-0.08201839330808355
7014.0,-0.474237,21.12555,-2.042092,23.054066,0.130369,0.075408,0.073117,0.002291,0.054961,0.057252,3.437677,0.0416833448564462,0.9959529382069774,280.0,2,1.058653846153847,2.068623024830887,1.0383420080670311,-0.0826195204117608,-0.08133165950753132
7015.0,-0.467937,21.128176,-2.036973,23.059054,0.129984,0.075377,0.072933,0.002444,0.0546069999999999,0.0570509999999999,3.668703,0.0447553472018752,1.143051788566856,281.0,2,1.054937130177514,2.206772009029545,1.0316541190028612,-0.08161372447761461,-0.08036428414190436
7016.0,-0.467675,21.131195,-2.037236,23.050128,0.13093,0.075671,0.07338,0.002291,0.0552589999999999,0.0575499999999999,3.777144,0.0414585595367354,0.9851893845409329,282.0,2,1.0641642011834311,2.068623024830887,1.043971925979803,-0.0894868584172831,-0.08023171307194381
7017.0,-0.464131,21.129094,-2.039992,23.050259,0.130443,0.075897,0.073238,0.002659,0.054546,0.057205,3.621555,0.0487469521696886,1.3341846185042487,283.0,2,1.0577847633136104,2.4009029345374633,1.0305016861415235,-0.07960621105542443,-0.08009639927204198
7018.0,-0.459012,21.125288,-2.041567,23.047371,0.130746,0.076033,0.072561,0.003472,0.054713,0.058185,3.739425,0.0634572504295062,2.038568183083835,284.0,2,1.0759060650887584,3.134988713318568,1.0336567072537157,-0.0826195204117608,-0.08059998334548456
7019.0,-0.455468,21.132113,-2.042092,23.048552,0.129993,0.075828,0.07296,0.002868,0.0541649999999999,0.057033,3.748855,0.0529483439796183,1.535362819449202,285.0,2,1.0546042899408294,2.5896162528219047,1.023303703843646,-0.07294576675549103,-0.0799644846735134
7020.0,-0.456124,21.137364,-2.038154,23.054066,0.130526,0.076359,0.073259,0.0030999999999999,0.054167,0.057267,3.541403,0.0572293605080488,1.7403537468294457,286.0,2,1.0589312130177524,2.799097065462917,1.0233414885276262,-0.07294576675549103,-0.07896400389678018
7021.0,-0.44733,21.131063,-2.041829,23.052228,0.130893,0.075744,0.073353,0.002391,0.055149,0.05754,3.49897,0.0433544877606528,1.075973450027755,287.0,2,1.0639792899408294,2.1589164785555,1.0418937683609957,-0.08813372041826484,-0.07750436665860264
7022.0,-0.449168,21.122006,-2.037892,23.047634,0.130553,0.075356,0.073269,0.002087,0.0551969999999999,0.057284,4.083606,0.0378093409181493,0.810451281132702,288.0,2,1.0592455621301786,1.884424379232676,1.0428006007764743,-0.0734092243399942,-0.07676315289284869
7023.0,-0.449561,21.131195,-2.04196,23.046846,0.13003,0.075624,0.072613,0.003011,0.054406,0.057417,3.531974,0.0553421434741852,1.649986805386844,289.0,2,1.0617048816568058,2.7187358916481013,1.0278567582630391,-0.07626453369204922,-0.07706448382848233
7024.0,-0.443786,21.136576,-2.039729,23.048946,0.130232,0.076112,0.073007,0.0031049999999999,0.0541199999999999,0.0572249999999999,3.423533,0.0573714454647918,1.7471573008115635,290.0,2,1.0581545857988157,2.8036117381491477,1.022453548454133,-0.07261471264442865,-0.07706448382848233
7025.0,-0.439849,21.135789,-2.040386,23.040545,0.130342,0.075461,0.073364,0.002097,0.054881,0.056978,3.395244,0.0382092489340767,0.8296003581118134,291.0,2,1.0535872781065099,1.8934537246051373,1.036830620707897,-0.06701735209583903,-0.0780318591941093
7026.0,-0.435649,21.139858,-2.04196,23.049865,0.130195,0.074931,0.072776,0.002155,0.055264,0.057419,3.767714,0.0389939382972949,0.8671741911496587,292.0,2,1.0617418639053264,1.9458239277654128,1.044066387689751,-0.08207472075974365,-0.07899923455973627
7027.0,-0.434992,21.140908,-2.038286,23.043827,0.130728,0.075828,0.072555,0.003273,0.0549,0.058173,3.696992,0.0596164004298648,1.854654059387717,293.0,2,1.0756841715976342,2.955304740406588,1.0371895752056912,-0.0826195204117608,-0.07844781455908587
7028.0,-0.433286,21.134082,-2.039992,23.049865,0.130471,0.075723,0.072944,0.002779,0.054748,0.057527,3.800718,0.0507589179711045,1.4305249929808652,294.0,2,1.063738905325445,2.5092550790069987,1.0343179392233368,-0.0826195204117608,-0.07879990065673856
7029.0,-0.422654,21.136051,-2.036973,23.046977,0.130719,0.075797,0.073437,0.00236,0.054922,0.057282,3.762999,0.0429692478560894,1.0575267365484031,295.0,2,1.0592085798816577,2.13092550790087,1.0376052067294532,-0.0826195204117608,-0.0793683311451759
7030.0,-0.429086,21.144715,-2.05666,23.047634,0.130792,0.075923,0.073038,0.0028849999999999,0.0548689999999999,0.0577539999999999,3.729996,0.0525788226717696,1.5176687705989744,296.0,2,1.0679363905325436,2.6049661399549984,1.036603912604025,-0.0826195204117608,-0.07979986841238515
7031.0,-0.422917,21.139595,-2.044585,23.046977,0.130461,0.07554,0.072492,0.0030479999999999,0.054921,0.0579689999999999,3.857295,0.0554968864935726,1.657396474291219,297.0,2,1.07191198224852,2.7521444695261184,1.037586314387464,-0.0826195204117608,-0.0818777149238931
7032.0,-0.420817,21.137626,-2.040517,23.04619,0.13036,0.075986,0.072592,0.0033939999999999,0.054374,0.057768,3.74414,0.0624183908045975,1.988823736522217,298.0,2,1.0681952662721903,3.0645598194132795,1.0272522033193854,-0.07693008531652112,-0.08129669621712367
7033.0,-0.417142,21.128963,-2.041436,23.037657,0.130333,0.075676,0.072146,0.0035299999999999,0.054657,0.058187,3.984595,0.0645834095649308,2.0924928535482743,299.0,2,1.0759430473372793,3.1873589164787535,1.032598736102322,-0.08194883857642254,-0.07952213269004098
7034.0,-0.419767,21.13907,-2.039729,23.036607,0.130829,0.076495,0.073191,0.0033039999999999,0.054334,0.0576379999999999,3.522544,0.0608079506763593,1.91170989844532,300.0,2,1.0657914201183423,2.983295711061128,1.0264965096398184,-0.07693008531652112,-0.07952213269004098
7035.0,-0.418192,21.15049,-2.045373,23.04422,0.130489,0.075429,0.072545,0.0028839999999999,0.05506,0.0579439999999999,3.692277,0.0523782713717512,1.508065631553598,301.0,2,1.071449704142011,2.6040632054177526,1.0402123499239593,-0.08779581721091867,-0.08003976236995677
7036.0,-0.418323,21.155084,-2.037367,23.041857,0.130213,0.075792,0.072419,0.003373,0.054421,0.057794,3.451822,0.0619786115909007,1.967765478919246,302.0,2,1.0686760355029596,3.0455981941312014,1.0281401433928765,-0.07626453369204922,-0.08010689108400945
7037.0,-0.407429,21.137364,-2.042748,23.04212,0.130645,0.075713,0.073647,0.0020659999999999,0.054932,0.056998,3.852581,0.037609451513662,0.8008798360968781,303.0,2,1.053957100591717,1.865462753950417,1.037794130149345,-0.06487388514093395,-0.08010689108400945
7038.0,-0.40336,21.122269,-2.040123,23.046715,0.129947,0.075099,0.072634,0.0024649999999999,0.054848,0.057313,3.899729,0.0449415668471621,1.1519686749022084,304.0,2,1.0597818047337288,2.2257336343116236,1.0362071734222542,-0.0826195204117608,-0.08156599740233035
7039.0,-0.402179,21.138677,-2.040386,23.045008,0.130425,0.07533,0.072382,0.0029479999999999,0.055095,0.058043,3.715851,0.0535066066502103,1.5620945038065104,305.0,2,1.073280325443788,2.661851015801505,1.0408735818935804,-0.08779581721091867,-0.07321844870859737
7040.0,-0.393122,21.145896,-2.035923,23.038182,0.130186,0.075361,0.073028,0.002333,0.054825,0.057158,3.852581,0.0425528034144384,1.0375858342581503,306.0,2,1.056915680473374,2.1065462753952247,1.0357726495565032,-0.08329080755228757,-0.07315189354615018
7041.0,-0.393253,21.14734,-2.045373,23.040939,0.130452,0.075545,0.072167,0.003378,0.054907,0.058285,3.668703,0.0615210898229767,1.945857642105127,307.0,2,1.0777551775147938,3.0501128668174315,1.0373218215996156,-0.0826195204117608,-0.07140051465986937
7042.0,-0.397191,21.141827,-2.045373,23.037,0.130553,0.075051,0.072524,0.002527,0.0555019999999999,0.058029,3.48954,0.0455290705006936,1.1801005258252115,308.0,2,1.073021449704143,2.281715575620974,1.0485627650831726,-0.09152114849973014,-0.07292617614063746
7043.0,-0.390628,21.146421,-2.048523,23.036607,0.130663,0.074537,0.072897,0.00164,0.0561259999999999,0.057766,3.739425,0.0292194487501559,0.3991354289468138,309.0,2,1.0681582840236696,1.4808126410836553,1.0603515864844175,0.0015266483609072123,-0.07538747346827238
7044.0,-0.392728,21.136576,-2.045242,23.035163,0.130471,0.076017,0.073259,0.0027579999999999,0.054454,0.057212,3.715851,0.0506473234781011,1.4251814353329595,310.0,2,1.057914201183433,2.49029345372474,1.0287635906785195,-0.07626453369204922,-0.07538747346827238
7045.0,-0.391547,21.134607,-2.037236,23.040545,0.130259,0.076353,0.073343,0.0030099999999999,0.053906,0.056916,3.62627,0.055836904298143,1.6736777861296117,311.0,2,1.0524408284023679,2.717832957110765,1.0184105872684517,-0.07028202834811048,-0.07538747346827238
7046.0,-0.383934,21.142221,-2.051542,23.0349,0.131086,0.075513,0.072912,0.0026009999999999,0.055573,0.058174,3.654559,0.0468024615827543,1.241075207211236,312.0,2,1.0757026627218944,2.348532731377097,1.0499041213644058,-0.09152114849973014,-0.07600707855477193
7047.0,-0.388397,21.147077,-2.047604,23.04002,0.130562,0.075246,0.072324,0.0029219999999999,0.055316,0.058238,3.678133,0.0528228211942078,1.5293523235733306,313.0,2,1.0768860946745573,2.6383747178331056,1.045048789473188,-0.0894868584172831,-0.07600707855477193
7048.0,-0.38144,21.152459,-2.039729,23.038707,0.130213,0.075261,0.072235,0.003026,0.054952,0.057978,3.701707,0.0550652375666478,1.6367275249317943,314.0,2,1.072078402366865,2.7322799097067936,1.0381719769891284,-0.0826195204117608,-0.07528485114534643
7049.0,-0.379209,21.136839,-2.045242,23.033719,0.130728,0.075613,0.072839,0.0027739999999999,0.055115,0.057889,3.480111,0.0503302126424268,1.4099969940079866,315.0,2,1.0704326923076934,2.504740406320678,1.0412514287333638,-0.08779581721091867,-0.08421709770252903
7050.0,-0.373303,21.141302,-2.04826,23.033719,0.130618,0.075261,0.072503,0.0027579999999999,0.055357,0.058115,3.866725,0.0498211640593951,1.3856218624418566,316.0,2,1.0746116863905335,2.49029345372474,1.0458233754947441,-0.0894868584172831,-0.08485259637450018
7051.0,-0.370678,21.15154,-2.038679,23.031224,0.130241,0.075366,0.072713,0.002653,0.0548749999999999,0.0575279999999999,3.829007,0.0483453604490123,1.314954919505669,317.0,2,1.0637573964497034,2.3954853273139864,1.03671726665596,-0.0826195204117608,-0.086603975260781
7052.0,-0.373565,21.162304,-2.044192,23.034375,0.130663,0.07566,0.072062,0.003598,0.0550029999999999,0.058601,3.640414,0.0654134244782198,2.1322370417999648,318.0,2,1.083598372781066,3.248758465011581,1.0391354864305744,-0.08429887440547523,-0.086603975260781
7053.0,-0.372253,21.149177,-2.046948,23.040282,0.13036,0.075256,0.072009,0.003247,0.055104,0.058351,3.470681,0.0589238726068414,1.8214932622416629,319.0,2,1.0789755917159773,2.9318284424381886,1.041043612971483,-0.08779581721091867,-0.08498298644152164
7054.0,-0.368971,21.140252,-2.050754,23.028993,0.131334,0.076427,0.07266,0.0037669999999999,0.054907,0.058674,3.715851,0.0686056676622712,2.285093468860264,320.0,2,1.084948224852072,3.4013544018060866,1.0373218215996156,-0.0826195204117608,-0.08336910440434243
7055.0,-0.373959,21.143927,-2.051148,23.040282,0.131536,0.076464,0.072939,0.003525,0.0550719999999999,0.0585969999999999,3.819577,0.0640059557314837,2.064842225233366,321.0,2,1.0835244082840227,3.182844243792613,1.0404390580278275,-0.08779581721091867,-0.08336910440434243
7056.0,-0.361621,21.147865,-2.04406,23.036475,0.13116,0.075687,0.071825,0.003862,0.0554729999999999,0.059335,3.5084,0.0696181995168908,2.333577244267832,322.0,2,1.0971708579881667,3.487133182844559,1.0480148871654864,-0.09152114849973014,-0.08135654365714681
7057.0,-0.364509,21.140252,-2.041698,23.04107,0.129984,0.075902,0.073059,0.0028429999999999,0.0540819999999999,0.0569249999999999,3.711136,0.0525673501839764,1.517119425391718,323.0,2,1.0526072485207092,2.567042889390661,1.0217356394585446,-0.07327697022468949,-0.08032297239838558
7058.0,-0.360571,21.144977,-2.046948,23.04212,0.129892,0.076422,0.072797,0.003625,0.05347,0.057095,3.781858,0.0677937573638047,2.2462161966220164,324.0,2,1.0557507396449715,3.2731376975172264,1.0101735261611715,-0.06648070003996875,-0.08104519980781108
7059.0,-0.359652,21.141433,-2.044979,23.040151,0.13082,0.075729,0.072655,0.003074,0.0550909999999999,0.0581649999999999,3.480111,0.0557975749655123,1.6717945520155482,325.0,2,1.0755362426035495,2.775620767494608,1.0407980125256218,-0.08779581721091867,-0.07995862661837132
7060.0,-0.360965,21.147471,-2.048129,23.043039,0.129653,0.076017,0.072424,0.0035929999999999,0.0536359999999999,0.0572289999999999,3.739425,0.0669873408281596,2.2076019860954217,326.0,2,1.058228550295857,3.2442437923252596,1.0133096549313727,-0.06936125094532697,-0.08047625629828711
7061.0,-0.352696,21.145371,-2.050229,23.035556,0.13003,0.075933,0.072204,0.0037289999999999,0.054097,0.057826,3.678133,0.0689304595363968,2.300645706755261,327.0,2,1.069267751479291,3.3670428893907336,1.022019024588384,-0.07228380782414845,-0.0798580470249567
7062.0,-0.35204,21.146815,-2.049967,23.033587,0.130177,0.074757,0.07193,0.002827,0.0554199999999999,0.0582469999999999,3.484826,0.0510095451182766,1.4425259490585352,328.0,2,1.0770525147928987,2.5525959367948134,1.0470135930400604,-0.09152114849973014,-0.07880032713266585
7063.0,-0.354402,21.141827,-2.046292,23.0349,0.130186,0.075865,0.072886,0.0029789999999999,0.0543209999999999,0.0572999999999999,3.564977,0.0548396598063399,1.6259260262749216,329.0,2,1.0595414201183424,2.689841986456135,1.0262509091939573,-0.07693008531652112,-0.07916563864184901
7064.0,-0.349808,21.13802,-2.053773,23.033587,0.131279,0.076149,0.072555,0.003594,0.05513,0.058724,3.550833,0.0651901833814006,2.121547431245453,330.0,2,1.0858727810650899,3.245146726862596,1.0415348138632015,-0.08779581721091867,-0.08021057716950425
7065.0,-0.350333,21.135132,-2.05246,23.037263,0.130562,0.075928,0.073185,0.0027429999999999,0.054634,0.057377,3.673418,0.0502059119611969,1.4040450170067071,331.0,2,1.0609652366863915,2.476749435666048,1.0321642122365708,-0.08161372447761461,-0.07905744881761731
7066.0,-0.342852,21.144452,-2.047342,23.033719,0.130195,0.075592,0.072172,0.00342,0.054603,0.058023,3.819577,0.0626327741557396,1.9990892054064495,332.0,2,1.0729105029585808,3.088036117381769,1.0315785496349064,-0.0809439495768216,-0.08107000956481292
7067.0,-0.344296,21.152459,-2.054692,23.033456,0.129984,0.075639,0.072445,0.003194,0.0543449999999999,0.0575389999999999,3.678133,0.0587715747249108,1.8142006755749955,333.0,2,1.0639607988165674,2.8839729119641433,1.0267043254016974,-0.07693008531652112,-0.08180224988794052
7068.0,-0.34167,21.143796,-2.048785,23.029518,0.13014,0.075818,0.072151,0.0036669999999999,0.054322,0.057989,3.663988,0.0675036356607696,2.232324094929967,334.0,2,1.0722818047337288,3.311060948081473,1.0262698015359484,-0.07693008531652112,-0.08091208707914357
7069.0,-0.338127,21.132639,-2.045898,23.032668,0.129873,0.07544,0.072555,0.0028849999999999,0.0544329999999999,0.0573179999999999,3.805433,0.0529999632582576,1.5378345416975736,335.0,2,1.0598742603550286,2.6049661399549984,1.0283668514967448,-0.07626453369204922,-0.08048054981193434
7070.0,-0.336552,21.14944,-2.052723,23.032406,0.130425,0.075225,0.072172,0.003053,0.0552,0.058253,3.588551,0.0553069690766471,1.648302524954031,336.0,2,1.0771634615384627,2.756659142212439,1.0428572778024436,-0.0894868584172831,-0.07989585194848473
7071.0,-0.334583,21.13802,-2.057448,23.030568,0.13003,0.075519,0.072361,0.003158,0.054511,0.057669,3.847866,0.057932198415028,1.7740082289817185,337.0,2,1.0663646449704152,2.851467268623283,1.0298404541719024,-0.07960621105542443,-0.07999643154189934
7072.0,-0.333533,21.144715,-2.048785,23.032406,0.130278,0.075529,0.072156,0.003373,0.054749,0.058122,3.564977,0.061607305936073,1.949985988926816,338.0,2,1.0747411242603562,3.0455981941312014,1.0343368315653259,-0.0826195204117608,-0.08085072242594549
7073.0,-0.330776,21.156791,-2.043142,23.037132,0.129717,0.075608,0.072256,0.0033519999999999,0.054109,0.057461,3.560263,0.0619478839401218,1.9662941251910944,339.0,2,1.0625184911242613,3.026636568848942,1.022245732692254,-0.07261471264442865,-0.08135259775193562
7074.0,-0.328808,21.150228,-2.057185,23.034769,0.130572,0.075933,0.072387,0.0035459999999999,0.0546389999999999,0.0581849999999999,3.517829,0.0648975109809662,2.1075331927146688,340.0,2,1.0759060650887566,3.2018058690746916,1.032258673946515,-0.08194883857642254,-0.08192154126145959
7075.0,-0.328151,21.142614,-2.059942,23.034506,0.130351,0.07565,0.071988,0.0036619999999999,0.054701,0.058363,3.390529,0.0669445358487806,2.205552325141972,341.0,2,1.0791974852071016,3.306546275395243,1.0334299991498455,-0.0826195204117608,-0.08238948284993683
7076.0,-0.329726,21.144846,-2.059679,23.041726,0.130195,0.074936,0.072161,0.0027749999999999,0.055259,0.058034,3.824292,0.0502171552660151,1.404583388084279,342.0,2,1.0731139053254448,2.505643340857924,1.043971925979805,-0.0894868584172831,-0.08031104942837389
7077.0,-0.32592,21.152328,-2.049835,23.036607,0.129974,0.075293,0.071888,0.003405,0.054681,0.058086,3.767714,0.062269119637175,1.981676080156522,343.0,2,1.0740754437869833,3.074492099323077,1.033052152310062,-0.08194883857642254,-0.07997688169203636
7078.0,-0.323557,21.136708,-2.056792,23.034112,0.130333,0.075613,0.072177,0.0034359999999999,0.05472,0.058156,3.475396,0.0627912501599019,2.006677623448055,344.0,2,1.0753698224852082,3.102483069977617,1.03378895364764,-0.0826195204117608,-0.08012382203782942
7079.0,-0.315813,21.14944,-2.047604,23.033587,0.13116,0.076569,0.072608,0.0039609999999999,0.054591,0.0585519999999999,3.696992,0.0725564185228603,2.474270052828597,345.0,2,1.082692307692307,3.576523702031836,1.0313518415310363,-0.0809439495768216,-0.08181103661511487
7080.0,-0.322901,21.145108,-2.050623,23.040676,0.129092,0.075288,0.0715,0.0037879999999999,0.053804,0.057592,3.678133,0.070402378961063,2.371126660493122,346.0,2,1.0649408284023678,3.4203160270882553,1.0164835683855558,-0.06870252420165357,-0.08187810479864868
7081.0,-0.321589,21.153247,-2.050229,23.035688,0.129616,0.075209,0.07223,0.0029789999999999,0.054407,0.057386,3.569692,0.0547529775033082,1.62177535655246,347.0,2,1.0611316568047346,2.689841986456135,1.0278756506050282,-0.07626453369204922,-0.08048640517763797
7082.0,-0.314632,21.147734,-2.052198,23.038313,0.130121,0.07449,0.072277,0.002213,0.0556309999999999,0.0578439999999999,3.890299,0.0397792637331033,0.9047784816990088,348.0,2,1.0696005917159757,1.9981941309256888,1.0509998771997762,-0.08408892386969136,-0.07969909178367111
7083.0,-0.313845,21.150359,-2.051542,23.03595,0.129818,0.074579,0.07214,0.002439,0.0552389999999999,0.0576779999999999,3.73471,0.0441527878349024,1.1141990143210423,349.0,2,1.0665310650887567,2.2022573363433144,1.0435940791400196,-0.0894868584172831,-0.07913066129523379
7084.0,-0.315945,21.15049,-2.052198,23.03595,0.130112,0.075361,0.072802,0.0025589999999999,0.054751,0.05731,3.74414,0.0467380187025129,1.2379894434221907,350.0,2,1.0597263313609477,2.3106094808127597,1.0343746162493044,-0.0826195204117608,-0.07856171778570982
7085.0,-0.312401,21.155872,-2.048917,23.043039,0.12934,0.075576,0.07192,0.003656,0.053764,0.05742,3.687562,0.0679996280107878,2.256074045701824,351.0,2,1.0617603550295869,3.3011286681718564,1.0157278747059888,-0.06870252420165357,-0.07776189950357676
7086.0,-0.313057,21.14839,-2.049179,23.039232,0.129276,0.074658,0.071699,0.002959,0.054618,0.057577,3.62627,0.0541752869880445,1.5941133950355535,352.0,2,1.0646634615384627,2.6717832957113026,1.031861934764744,-0.08161372447761461,-0.07821934410588036
7087.0,-0.313188,21.144321,-2.053773,23.038182,0.129239,0.07481,0.071621,0.0031889999999999,0.0544289999999999,0.0576179999999999,3.73471,0.0585890134117214,1.8054589637301768,353.0,2,1.0654215976331352,2.8794582392778225,1.0282912821287882,-0.07626453369204922,-0.0773973298804109
7088.0,-0.30085,21.15259,-2.04616,23.046715,0.129634,0.075267,0.07245,0.002817,0.054367,0.057184,3.75357,0.0518135668040023,1.481025485300962,354.0,2,1.057396449704143,2.543566591422352,1.0271199569254612,-0.07693008531652112,-0.07694905859898421
7089.0,-0.308069,21.138414,-2.055479,23.042514,0.129736,0.075576,0.072351,0.003225,0.0541599999999999,0.0573849999999999,3.87144,0.0595446908291945,1.8512203381101064,355.0,2,1.0611131656804726,2.9119638826187737,1.0232092421337002,-0.07294576675549103,-0.0749364978517886
7090.0,-0.305444,21.153247,-2.056792,23.044614,0.129239,0.075151,0.072198,0.0029529999999999,0.054088,0.0570409999999999,3.729996,0.0545952042004843,1.614220586453599,356.0,2,1.0547522189349103,2.6663656884877356,1.0218489935104815,-0.07327697022468949,-0.0737638653439267
7091.0,-0.303475,21.145633,-2.06191,23.043433,0.129791,0.076143,0.072062,0.004081,0.0536479999999999,0.0577289999999999,3.550833,0.0760685194505023,2.642442453338881,357.0,2,1.0674741124260347,3.6848758465014626,1.0135363630352427,-0.06804439143735475,-0.07401596020032983
7092.0,-0.302688,21.148127,-2.052854,23.045533,0.129781,0.07523,0.072277,0.002953,0.054551,0.057504,3.536688,0.0541318375128319,1.5920328732345168,358.0,2,1.0633136094674567,2.6663656884878257,1.0305961478514694,-0.07960621105542443,-0.0738152088581108
7093.0,-0.301113,21.160072,-2.054954,23.039495,0.129726,0.075918,0.07234,0.0035779999999999,0.053808,0.057386,3.579122,0.0664944526008659,2.1840006722166407,359.0,2,1.0611316568047346,3.2306997742665677,1.0165591377535126,-0.06936125094532697,-0.07414937659444833
7094.0,-0.295863,21.154953,-2.056529,23.045139,0.129487,0.075529,0.071878,0.003651,0.0539579999999999,0.0576089999999999,3.574407,0.0676624844789562,2.2399303646878828,360.0,2,1.065255177514792,3.2966139954856257,1.019392989051887,-0.07089319533314187,-0.07306675771912947
7095.0,-0.299669,21.162435,-2.057185,23.043433,0.129506,0.075487,0.071951,0.0035359999999999,0.054019,0.057555,3.621555,0.0654572380599777,2.134334998370969,361.0,2,1.0642566568047347,3.1927765237022303,1.0205454219132284,-0.07122347276568475,-0.07260951940413721
7096.0,-0.294025,21.148915,-2.05771,23.042908,0.129589,0.075025,0.071815,0.0032099999999999,0.054564,0.057774,3.682848,0.0588289196371298,1.8169465623657264,362.0,2,1.0683062130177525,2.8984198645599912,1.0308417482973287,-0.07960621105542443,-0.07225090610436176
7097.0,-0.288906,21.144583,-2.058235,23.045533,0.129377,0.074883,0.071857,0.003026,0.0544939999999999,0.0575199999999999,3.61684,0.0555280300945041,1.6588877452532698,363.0,2,1.0636094674556205,2.7322799097067936,1.0295192843580845,-0.07960621105542443,-0.07370841900180236
7098.0,-0.295075,21.140777,-2.057317,23.043564,0.129331,0.075818,0.072666,0.003152,0.053513,0.056665,3.555548,0.0589004746421497,1.8203728810310056,364.0,2,1.0477995562130187,2.846049661399806,1.010985896866706,-0.0661038965633326,-0.07239099922218653
7099.0,-0.288775,21.14734,-2.062173,23.04619,0.129046,0.075382,0.071888,0.003494,0.0536639999999999,0.057158,3.852581,0.0651076120376411,2.117593609479084,365.0,2,1.056915680473374,3.154853273137983,1.0138386405070694,-0.06837338360556844,-0.07252292297921369
7100.0,-0.287069,21.152722,-2.063354,23.038707,0.129791,0.075954,0.071883,0.0040709999999999,0.0538369999999999,0.0579079999999999,3.899729,0.0756157360971802,2.6207615093660097,366.0,2,1.0707840236686381,3.6758465011289108,1.0171070156711968,-0.06969083722693492,-0.07269507471034237
7101.0,-0.287856,21.148652,-2.055085,23.039626,0.129855,0.075125,0.071348,0.003777,0.05473,0.058507,3.711136,0.0690102501324661,2.3044663760229076,367.0,2,1.0818602071005927,3.410383747178638,1.0339778770675316,-0.0826195204117608,-0.07192115585133488
7102.0,-0.295731,21.144846,-2.057317,23.039363,0.129285,0.07576,0.072125,0.0036349999999999,0.053525,0.05716,3.418818,0.0679109217950154,2.2518264635411853,368.0,2,1.0569526627218946,3.282167042889597,1.011212604970576,-0.06643201325926618,-0.07086371607504993
7103.0,-0.287725,21.142483,-2.053642,23.048421,0.129451,0.075571,0.072382,0.0031889999999999,0.05388,0.057069,3.767714,0.0591859839275439,1.8340441230829696,369.0,2,1.0552699704142023,2.8794582392778225,1.017919386376733,-0.0706804885155985,-0.0701976716450566
7104.0,-0.283919,21.15259,-2.052067,23.044745,0.129386,0.075272,0.072251,0.003021,0.0541139999999999,0.057135,3.800718,0.055825556684838,1.6731344203753564,370.0,2,1.0564903846153857,2.7277652370205625,1.0223401944021981,-0.07261471264442865,-0.07023535199272021
7105.0,-0.2788,21.149177,-2.054167,23.041989,0.128817,0.075697,0.071783,0.003914,0.0531199999999999,0.0570339999999999,3.786573,0.0736808418516218,2.528111606440934,371.0,2,1.0546227810650879,3.534085778781358,1.0035612064649586,-0.06348428417560992,-0.06998047070345985
7106.0,-0.280375,21.14524,-2.061254,23.042514,0.129295,0.075708,0.07223,0.0034779999999999,0.0535869999999999,0.0570649999999999,3.560263,0.064902590132119,2.107776401283991,372.0,2,1.055196005917159,3.140406320541955,1.012383930173903,-0.0690318132925749,-0.06998047070345985
7107.0,-0.280637,21.141433,-2.055479,23.044089,0.129524,0.075372,0.072424,0.0029479999999999,0.054152,0.0571,3.621555,0.0544383505992279,1.6067098550721757,373.0,2,1.0558431952662732,2.661851015801505,1.0230581033977886,-0.07294576675549103,-0.06688252868241795
7108.0,-0.273418,21.145108,-2.059154,23.036213,0.129543,0.076075,0.072545,0.00353,0.0534679999999999,0.0569979999999999,3.659273,0.0660195627372871,2.16126118665474,374.0,2,1.0539571005917152,3.1873589164788436,1.0101357414771912,-0.06648070003996875,-0.0665945196433648
7109.0,-0.273156,21.157053,-2.047735,23.039888,0.129037,0.075692,0.072035,0.0036569999999999,0.053345,0.057002,3.607411,0.0685524687886625,2.2825461097542625,375.0,2,1.0540310650887583,3.302031602709012,1.0078119834125245,-0.06582457071296488,-0.06682104746735404
7110.0,-0.278143,21.149702,-2.054954,23.040413,0.129579,0.075729,0.072119,0.00361,0.0538499999999999,0.05746,3.678133,0.0670368238287126,2.209971415436687,376.0,2,1.0625000000000009,3.259593679458534,1.017352616117056,-0.06969083722693492,-0.06544121993699017
7111.0,-0.271449,21.151671,-2.061385,23.041332,0.128771,0.07575,0.072456,0.0032939999999999,0.053021,0.0563149999999999,3.777144,0.0621251555957902,1.974782548642013,377.0,2,1.0413276627218926,2.974266365688666,1.001690864608032,-0.0516401002013418,-0.06605503865260995
7112.0,-0.273812,21.159416,-2.061648,23.045008,0.129221,0.07576,0.072639,0.0031209999999999,0.053461,0.056582,3.729996,0.0583779132842018,1.7953507077533666,378.0,2,1.0462647928994093,2.8180586907450857,1.010003495083269,-0.06355192286873457,-0.06644643399890156
7113.0,-0.272499,21.153115,-2.061517,23.043564,0.129377,0.075219,0.071836,0.0033829999999999,0.054158,0.0575409999999999,3.541403,0.0624642257057921,1.9910184813543983,379.0,2,1.0639977810650878,3.054627539503572,1.0231714574497237,-0.07294576675549103,-0.06684486585500457
7114.0,-0.270793,21.152328,-2.059154,23.044745,0.128688,0.075765,0.072041,0.003724,0.052923,0.056647,3.786573,0.0703650517723529,2.3693392964454993,380.0,2,1.0474667159763325,3.362528216704593,0.9998394150930929,-0.058816437340789895,-0.06706704827117305
7115.0,-0.271449,21.150753,-2.056135,23.040151,0.129267,0.075335,0.071883,0.0034519999999999,0.0539319999999999,0.0573839999999999,3.73471,0.0640053399588377,2.064812739758384,381.0,2,1.0610946745562122,3.116930022573555,1.0189017881601683,-0.06962247133180766,-0.0678122882223455
7116.0,-0.270006,21.159547,-2.058629,23.034769,0.129616,0.075461,0.07182,0.003641,0.054155,0.057796,3.659273,0.0672317010118916,2.2193028567520443,382.0,2,1.0687130177514803,3.2875846501131645,1.0231147804237561,-0.07294576675549103,-0.06719354770475201
7117.0,-0.26633,21.14839,-2.053773,23.038576,0.129607,0.075209,0.0713,0.0039089999999999,0.054398,0.058307,3.579122,0.071857938565047,2.4408242454233284,383.0,2,1.0781619822485218,3.5295711060950374,1.0277056195271257,-0.07693008531652112,-0.06896566277915053
7118.0,-0.266593,21.157184,-2.056135,23.041201,0.129295,0.075529,0.07233,0.0031989999999999,0.0537659999999999,0.0569649999999999,3.86201,0.0594974612680639,1.8489588117946547,384.0,2,1.0533468934911234,2.8884875846502838,1.0157656593899653,-0.06870252420165357,-0.06944780885283391
7119.0,-0.274337,21.151015,-2.064535,23.041201,0.129239,0.075009,0.072288,0.002721,0.0542299999999999,0.0569509999999999,3.62627,0.0501742545776401,1.4025291442296122,385.0,2,1.0530880177514783,2.456884875846723,1.0245317060729424,-0.07327697022468949,-0.06918143501209587
7120.0,-0.266987,21.158891,-2.057054,23.041595,0.12889,0.075351,0.072309,0.003042,0.053539,0.056581,3.909158,0.0568173328352634,1.7206243357912734,386.0,2,1.0462463017751489,2.7467268623027317,1.0114770977584246,-0.06350343205099995,-0.07013712963857371
7121.0,-0.268168,21.15469,-2.062829,23.036738,0.129405,0.075592,0.072309,0.003283,0.0538129999999999,0.0570959999999999,3.904444,0.0610064295536479,1.9212138022145684,387.0,2,1.05576923076923,2.964334085779049,1.0166535994634567,-0.06936125094532697,-0.07011100759992564
7122.0,-0.271712,21.157316,-2.062304,23.037788,0.129304,0.075592,0.071773,0.003819,0.0537119999999999,0.057531,3.645129,0.0711001061195614,2.404536421078979,388.0,2,1.0638128698224862,3.4483069977429754,1.0147454729225498,-0.06837338360556844,-0.07017726323631737
7123.0,-0.265543,21.154953,-2.055479,23.034375,0.129368,0.07544,0.071894,0.0035459999999999,0.053928,0.057474,3.451822,0.065753119842756,2.1485029140152685,389.0,2,1.062758875739646,3.2018058690746916,1.0188262187922135,-0.07028202834811048,-0.07129762674649175
7124.0,-0.263837,21.157184,-2.056923,23.031224,0.12946,0.075718,0.071684,0.0040339999999999,0.053742,0.0577759999999999,3.86201,0.0750609381686916,2.594195729693299,390.0,2,1.0683431952662714,3.642437923250803,1.015312243182227,-0.06837338360556844,-0.07133055565558388
7125.0,-0.260555,21.150884,-2.059023,23.030043,0.129515,0.075702,0.071579,0.004123,0.0538129999999999,0.0579359999999999,3.654559,0.0766157505481845,2.668645905126604,391.0,2,1.0713017751479281,3.7227990970657996,1.0166535994634567,-0.06936125094532697,-0.07084019699367178
7126.0,-0.255043,21.163616,-2.04826,23.035031,0.129267,0.075088,0.072356,0.0027319999999999,0.0541789999999999,0.0569109999999999,3.909158,0.0504245108896271,1.4145123433451237,392.0,2,1.0523483727810643,2.4668171557563405,1.0235681966314945,-0.07360832311940835,-0.0711330551144984
7127.0,-0.257668,21.166635,-2.056135,23.031749,0.129965,0.074773,0.07171,0.003063,0.0551919999999999,0.058255,3.597981,0.055496167992318,1.6573620697899707,393.0,2,1.0772004437869833,2.7656884875849004,1.0427061390665284,-0.08813372041826484,-0.07188993855161782
7128.0,-0.256618,21.155872,-2.064142,23.02663,0.129616,0.075792,0.071999,0.003793,0.053824,0.057617,3.61684,0.0704691128657687,2.3743221270189987,394.0,2,1.0654031065088767,3.424830699774576,1.0168614152253392,-0.0690318132925749,-0.0726125584111613
7129.0,-0.25058,21.162304,-2.049835,23.035163,0.130094,0.076348,0.07245,0.0038979999999999,0.0537459999999999,0.0576439999999999,3.937447,0.0725249781383146,2.472764570767875,395.0,2,1.0659023668639045,3.5196388261853295,1.0153878125501818,-0.06837338360556844,-0.07242169393690709
7130.0,-0.250711,21.154428,-2.055085,23.036869,0.128872,0.075314,0.072104,0.00321,0.0535579999999999,0.0567679999999999,3.282089,0.0599339046658825,1.869857338178208,396.0,2,1.0497041420118336,2.898419864560082,1.0118360522562169,-0.06643201325926618,-0.0730446834794489
7131.0,-0.252155,21.160991,-2.057185,23.027943,0.129984,0.075639,0.071699,0.0039399999999999,0.0543449999999999,0.0582849999999999,3.687562,0.0724984359474478,2.4714936323623893,397.0,2,1.077755177514792,3.5575620767496674,1.0267043254016974,-0.07693008531652112,-0.07275175971084281
7132.0,-0.248086,21.153772,-2.05246,23.025054,0.129781,0.075508,0.071978,0.00353,0.054273,0.057803,3.729996,0.0650403508125438,2.1143728928997723,398.0,2,1.0688424556213028,3.1873589164788436,1.025344076778479,-0.07559958220100327,-0.0730839359305541
7133.0,-0.250711,21.169392,-2.056135,23.033719,0.12935,0.075618,0.071846,0.003772,0.0537319999999999,0.057504,3.739425,0.0701989466435898,2.3613855676613125,399.0,2,1.0633136094674567,3.405869074492408,1.0151233197623333,-0.06837338360556844,-0.07186376218509571
7134.0,-0.243886,21.163091,-2.051279,23.027549,0.12912,0.074868,0.071642,0.003226,0.054252,0.057478,3.602696,0.0594621495585498,1.8472679563558592,400.0,2,1.0628328402366873,2.91286681715602,1.0249473375967062,-0.0746032790309864,-0.07189670595037093
7135.0,-0.246642,21.156791,-2.056923,23.035163,0.12935,0.075781,0.072119,0.0036619999999999,0.0535689999999999,0.0572309999999999,3.682848,0.0683591562441665,2.2732895891341456,401.0,2,1.058265532544378,3.306546275395243,1.0120438680180979,-0.06643201325926618,-0.07214868712312826
7136.0,-0.242442,21.16716,-2.055479,23.033456,0.128955,0.074626,0.071741,0.0028849999999999,0.0543289999999999,0.0572139999999999,3.781858,0.0531014172648628,1.5426925352984675,402.0,2,1.0579511834319517,2.6049661399549984,1.0264020479298706,-0.07693008531652112,-0.07276695706164452
7137.0,-0.245199,21.15876,-2.043142,23.031093,0.129138,0.074841,0.072014,0.002827,0.054297,0.057124,3.796003,0.0520645327636378,1.4930426649742723,403.0,2,1.0562869822485217,2.5525959367948134,1.025797492986219,-0.07593198296368109,-0.07266714682636051
7138.0,-0.243886,21.154559,-2.049179,23.036081,0.129864,0.076238,0.072177,0.0040609999999999,0.053626,0.057687,3.607411,0.075726779420814,2.626078674983078,404.0,2,1.0666974852071016,3.666817155756449,1.0131207315114827,-0.06936125094532697,-0.07229563607837895
7139.0,-0.250317,21.157447,-2.050098,23.028205,0.130048,0.076065,0.072471,0.003594,0.053983,0.057577,3.645129,0.0665752815649081,2.1878710623887287,405.0,2,1.0646634615384627,3.245146726862596,1.0198652976016183,-0.07089319533314187,-0.07180672613538311
7140.0,-0.242442,21.157841,-2.038548,23.028468,0.129938,0.075823,0.072723,0.0031,0.0541149999999999,0.057215,3.324522,0.0572843521324563,1.742986949483667,406.0,2,1.0579696745562142,2.799097065463007,1.0223590867441872,-0.07261471264442865,-0.0717072305442253
7141.0,-0.24113,21.145633,-2.042223,23.031487,0.129304,0.075025,0.071941,0.0030839999999999,0.054279,0.057363,3.597981,0.0568165070007367,1.7205847917754151,407.0,2,1.0607063609467466,2.784650112866979,1.0254574308304139,-0.07593198296368109,-0.07167441887463194
7142.0,-0.245724,21.154165,-2.04301,23.029912,0.128991,0.07492,0.072303,0.0026169999999999,0.0540709999999999,0.0566879999999999,3.645129,0.0483984317206686,1.3174961685575743,408.0,2,1.0482248520710051,2.3629796839730353,1.0215278236966636,-0.07188447472118775,-0.07134224265492066
7143.0,-0.239817,21.152459,-2.044979,23.029387,0.129543,0.076411,0.072377,0.004034,0.0531319999999999,0.0571659999999999,3.630985,0.0759226845839687,2.635459339787094,409.0,2,1.0570636094674548,3.642437923250894,1.0037879145688287,-0.06348428417560992,-0.0707772471933636
7144.0,-0.233911,21.15259,-2.048785,23.022035,0.129754,0.07554,0.072314,0.0032259999999999,0.054214,0.05744,3.796003,0.0595038273540531,1.8492636435704832,410.0,2,1.062130177514794,2.9128668171559293,1.0242294286011175,-0.07360832311940835,-0.07106264203669398
7145.0,-0.235617,21.145108,-2.037761,23.024792,0.129239,0.075755,0.072603,0.003152,0.0534839999999999,0.0566359999999999,3.503685,0.0589324109563429,1.8219021100400723,411.0,2,1.0472633136094667,2.846049661399806,1.010438018949018,-0.0661038965633326,-0.0715665207997479
7146.0,-0.238898,21.154034,-2.037892,23.024792,0.129258,0.075062,0.071432,0.00363,0.054196,0.057826,4.074177,0.0669778770042623,2.207148823155175,412.0,2,1.069267751479291,3.277652370203457,1.0238893664453124,-0.07360832311940835,-0.07088750660660152
7147.0,-0.235223,21.157053,-2.031198,23.026367,0.129295,0.075398,0.071789,0.003609,0.0538969999999999,0.0575059999999999,3.687562,0.0669598129800735,2.2062838507716056,413.0,2,1.0633505917159756,3.258690744921288,1.0182405561905472,-0.07028202834811048,-0.0696427367277944
7148.0,-0.234829,21.167685,-2.031067,23.029124,0.129442,0.075377,0.0716,0.003777,0.054065,0.057842,3.696992,0.0698590611474864,2.345110591242366,414.0,2,1.0695636094674565,3.410383747178638,1.0214144696447305,-0.07221519937863075,-0.0696758091935387
7149.0,-0.231548,21.164929,-2.039336,23.033981,0.129781,0.075498,0.071668,0.00383,0.054283,0.058113,3.75357,0.0705548596271461,2.3784279995419992,415.0,2,1.0745747041420128,3.4582392776526834,1.0255330001983705,-0.07593198296368109,-0.0702305621052352
7150.0,-0.231942,21.161122,-2.026736,23.026892,0.129212,0.07587,0.072298,0.003572,0.0533419999999999,0.0569139999999999,3.692277,0.0669628629810848,2.2064298961165987,416.0,2,1.0524038461538454,3.2252821670431815,1.0077553063865554,-0.06582457071296488,-0.07046292808966248
7151.0,-0.231942,21.145108,-2.035923,23.029255,0.128716,0.075561,0.07192,0.003641,0.0531549999999999,0.056796,3.593266,0.0684965008653775,2.279866158293773,417.0,2,1.0502218934911252,3.2875846501131645,1.0042224384345795,-0.06348428417560992,-0.07181315953887166
7152.0,-0.232992,21.163091,-2.030542,23.033325,0.129221,0.075151,0.072119,0.0030319999999999,0.05407,0.057102,3.706422,0.05607442066912,1.6850509496834607,418.0,2,1.055880177514794,2.73769751693018,1.0215089313546764,-0.07221519937863075,-0.07191265513002947
7153.0,-0.226167,21.164141,-2.026998,23.029518,0.129322,0.075503,0.072314,0.0031889999999999,0.0538189999999999,0.0570079999999999,3.588551,0.0592530657748048,1.8372562503870964,419.0,2,1.0541420118343188,2.8794582392778225,1.0167669535153916,-0.0690318132925749,-0.07403656714519144
7154.0,-0.225773,21.162041,-2.030017,23.024923,0.129276,0.074983,0.072188,0.0027949999999999,0.054293,0.057088,3.885584,0.0514789847865324,1.465004459081972,420.0,2,1.055621301775149,2.5237020316028467,1.0257219236182622,-0.07593198296368109,-0.07450805573898048
7155.0,-0.226035,21.160203,-2.028573,23.030568,0.129671,0.075135,0.072272,0.0028629999999999,0.054536,0.057399,3.461252,0.0524964702862275,1.5137254333630303,421.0,2,1.0613720414201193,2.585101580135584,1.0303127627216317,-0.07960621105542443,-0.07517680948378844
7156.0,-0.225248,21.162304,-2.022142,23.023742,0.129736,0.075492,0.071794,0.003698,0.0542439999999999,0.0579419999999999,3.74414,0.068172181767905,2.264336558695992,422.0,2,1.0714127218934903,3.339051918736194,1.024796198860791,-0.0746032790309864,-0.07558467805350075
7157.0,-0.223542,21.158497,-2.026079,23.024398,0.130553,0.075099,0.071951,0.0031479999999999,0.055454,0.058602,3.857295,0.0567667478135424,1.718202137594826,423.0,2,1.0836168639053265,2.8424379232507313,1.0476559326676942,-0.09152114849973014,-0.07659708194788059
7158.0,-0.221048,21.166635,-2.024636,23.023742,0.129745,0.075393,0.071946,0.003447,0.054352,0.057799,3.692277,0.0634187625338068,2.036725240086553,424.0,2,1.0687684911242614,3.112415349887415,1.0268365717956236,-0.07693008531652112,-0.07746995696769968
7159.0,-0.224854,21.161647,-2.022536,23.028599,0.129901,0.075193,0.072419,0.0027739999999999,0.0547079999999999,0.0574819999999999,3.49897,0.0507046372626076,1.427925831613523,425.0,2,1.0629068047337271,2.504740406320678,1.0335622455437679,-0.0826195204117608,-0.07971889048841521
7160.0,-0.224592,21.16611,-2.023586,23.032012,0.129267,0.075309,0.072629,0.00268,0.0539579999999999,0.0566379999999999,3.74414,0.0496673400174206,1.3782561975797116,426.0,2,1.0473002958579873,2.419864559819632,1.019392989051887,-0.06990325641008799,-0.08028706463980856
7161.0,-0.224198,21.164666,-2.023586,23.02663,0.129497,0.075288,0.072624,0.0026639999999999,0.054209,0.056873,3.75357,0.049142224681793,1.3531117303913622,427.0,2,1.0516457100591725,2.4054176072236038,1.0241349668911717,-0.07360832311940835,-0.07932850075471153
7162.0,-0.222229,21.160597,-2.023979,23.025054,0.129974,0.075382,0.072424,0.002958,0.054592,0.05755,3.442392,0.0541827706848863,1.5944717421584067,428.0,2,1.064164201183433,2.670880361174057,1.0313707338730256,-0.0809439495768216,-0.07889637568642394
7163.0,-0.220785,21.160728,-2.024767,23.024398,0.130287,0.074815,0.071647,0.003168,0.0554719999999999,0.0586399999999999,3.824292,0.0571088637715646,1.7345839167916135,429.0,2,1.084319526627218,2.860496613995744,1.0479959948234974,-0.09152114849973014,-0.07677246367126198
7164.0,-0.217635,21.158103,-2.023454,23.026761,0.13002,0.075408,0.072765,0.002643,0.0546119999999999,0.057255,3.75357,0.0483950707706957,1.317335233824609,430.0,2,1.0587093195266282,2.386455981941525,1.031748580712807,-0.08161372447761461,-0.07785903686070172
7165.0,-0.220785,21.163485,-2.024898,23.021773,0.12968,0.075818,0.072303,0.0035149999999999,0.0538619999999999,0.0573769999999999,3.612125,0.0652581549486659,2.1248021616387276,431.0,2,1.0609652366863898,3.1738148984200616,1.0175793242209261,-0.07002057220445412,-0.0779261655747544
7166.0,-0.219866,21.164141,-2.016367,23.02663,0.129377,0.075471,0.072424,0.0030469999999999,0.0539059999999999,0.0569529999999999,3.758284,0.0565232715602796,1.7065435928029626,432.0,2,1.0531249999999992,2.751241534988872,1.0184105872684497,-0.07028202834811048,-0.0778390212630031
7167.0,-0.215666,21.154428,-2.015186,23.024004,0.130241,0.076327,0.072797,0.00353,0.0539139999999999,0.0574439999999999,3.829007,0.0654734303997033,2.1351103475701065,433.0,2,1.0622041420118336,3.1873589164788436,1.0185617260043631,-0.07028202834811048,-0.07702188779450883
7168.0,-0.211466,21.160203,-2.022011,23.025973,0.130985,0.075855,0.072681,0.003174,0.0551299999999999,0.0583039999999999,3.640414,0.0575719649561954,1.756758916742656,434.0,2,1.078106508875739,2.8659142212192212,1.0415348138631997,-0.08779581721091867,-0.07688811394236912
7169.0,-0.213435,21.16821,-2.021354,23.023479,0.129984,0.075188,0.072225,0.002963,0.0547959999999999,0.0577589999999999,3.536688,0.054072303228279,1.589182151187457,435.0,2,1.0680288461538454,2.675395033860287,1.0352247716388152,-0.08329080755228757,-0.07536245246160103
7170.0,-0.21711,21.156791,-2.017548,23.015078,0.12935,0.07576,0.071752,0.0040079999999999,0.05359,0.0575979999999999,3.48954,0.0747886772032617,2.581158866270258,436.0,2,1.0650517751479283,3.6189616252824037,1.0124406071998724,-0.0690318132925749,-0.07442946079625441
7171.0,-0.214091,21.156003,-2.014923,23.020329,0.128982,0.075393,0.072487,0.002906,0.053589,0.056495,3.701707,0.0542265348012689,1.5965673301440328,437.0,2,1.0446560650887584,2.6239277652372577,1.0124217148578833,-0.06543698843446577,-0.07478823588774983
7172.0,-0.213697,21.161516,-2.010329,23.020591,0.129625,0.075125,0.07233,0.0027949999999999,0.0544999999999999,0.0572949999999999,3.635699,0.0512834626887578,1.4556421368671515,438.0,2,1.0594489644970406,2.5237020316028467,1.0296326384100196,-0.07960621105542443,-0.07572065415848123
7173.0,-0.214616,21.156266,-2.008492,23.018491,0.129984,0.075566,0.07161,0.003956,0.0544179999999999,0.0583739999999999,3.569692,0.072695198368217,2.480915345836092,439.0,2,1.0794008875739636,3.572009029345696,1.0280834663669072,-0.07626453369204922,-0.07615277922676882
7174.0,-0.208185,21.152328,-2.008229,23.021248,0.129129,0.07503,0.072077,0.0029529999999999,0.0540989999999999,0.0570519999999999,3.994025,0.0545841035120147,1.6136890443750227,440.0,2,1.0549556213017743,2.6663656884877356,1.0220568092723605,-0.07228380782414845,-0.07506620603732907
7175.0,-0.210679,21.162041,-2.010854,23.025448,0.12968,0.075487,0.072634,0.0028529999999999,0.0541929999999999,0.0570459999999999,3.739425,0.0526442041554414,1.520799478196663,441.0,2,1.0548446745562123,2.576072234763122,1.023832689419343,-0.07360832311940835,-0.07385947255866879
7176.0,-0.200966,21.163222,-2.007836,23.019541,0.129938,0.07544,0.07233,0.0031099999999999,0.054498,0.0576079999999999,3.711136,0.0570652672526099,1.73249635399158,442.0,2,1.0652366863905318,2.8081264108353783,1.029594853726043,-0.07960621105542443,-0.07330663443451128
7177.0,-0.203328,21.163747,-2.002848,23.014815,0.130112,0.075844,0.072881,0.0029629999999999,0.054268,0.057231,3.555548,0.0545983895041366,1.614373110590178,443.0,2,1.0582655325443797,2.6753950338601973,1.0252496150685328,-0.0746032790309864,-0.07369906068559741
7178.0,-0.20661,21.158234,-2.010592,23.017309,0.12969,0.075293,0.07202,0.0032729999999999,0.054397,0.05767,3.810147,0.0601676532225449,1.8810500848274645,444.0,2,1.0663831360946756,2.955304740406498,1.0276867271851364,-0.07693008531652112,-0.07264162090931245
7179.0,-0.206741,21.16401,-2.015448,23.011796,0.129965,0.075954,0.072056,0.0038979999999999,0.054011,0.057909,3.5084,0.0721691475968303,2.455726086518939,445.0,2,1.0708025147929006,3.5196388261853295,1.0203942831773152,-0.07122347276568475,-0.07158484810016139
7180.0,-0.198603,21.156791,-2.00508,23.014159,0.129432,0.07587,0.072876,0.002994,0.0535619999999999,0.0565559999999999,3.522544,0.0558967944289903,1.676545547415227,446.0,2,1.0457840236686382,2.7033860045149174,1.0119116216241737,-0.06350343205099995,-0.07204947584939866
7181.0,-0.204378,21.157447,-2.011773,23.01324,0.129469,0.075849,0.072319,0.00353,0.05362,0.05715,3.678133,0.0658324164040209,2.152299927066676,447.0,2,1.056767751479291,3.1873589164788436,1.0130073774595478,-0.06936125094532697,-0.07231509690666274
7182.0,-0.199391,21.161385,-2.00718,23.012584,0.129589,0.075996,0.072351,0.0036449999999999,0.053593,0.057238,3.409389,0.0680113445534946,2.2566350771622785,448.0,2,1.0583949704142022,3.2911963882620587,1.01249728422584,-0.0690318132925749,-0.0716490524766694
7183.0,-0.198866,21.155084,-2.006655,23.009827,0.129184,0.075246,0.072671,0.0025749999999999,0.053938,0.0565129999999999,3.465966,0.0477391127013847,1.285925531933104,449.0,2,1.0449889053254429,2.325056433408698,1.0190151422121052,-0.06569680560053859,-0.07141024451143384
7184.0,-0.195584,21.162435,-2.00298,23.005626,0.12923,0.074847,0.071831,0.0030159999999999,0.054383,0.057399,3.720566,0.0554574874963222,1.6555099043771424,450.0,2,1.0613720414201193,2.7232505643342417,1.027422234397288,-0.07693008531652112,-0.07032651277577093
7185.0,-0.192697,21.168604,-2.000617,23.012058,0.129239,0.074778,0.072004,0.0027739999999999,0.0544609999999999,0.0572349999999999,4.017599,0.0509345965994638,1.4389371363839785,451.0,2,1.0583394970414193,2.504740406320678,1.0288958370724417,-0.07626453369204922,-0.07042568543706554
7186.0,-0.195059,21.157709,-2.002323,23.010089,0.129148,0.074988,0.071794,0.003194,0.05416,0.057354,3.687562,0.0589723232584332,1.8238132588910592,452.0,2,1.0605399408284035,2.8839729119641433,1.023209242133702,-0.07294576675549103,-0.06995976927901228
7187.0,-0.190072,21.150753,-2.009017,23.00707,0.129405,0.075351,0.071941,0.0034099999999999,0.0540539999999999,0.0574639999999999,3.612125,0.0630838960318193,2.0206905916951894,453.0,2,1.0625739644970404,3.0790067720092176,1.0212066538828477,-0.07221519937863075,-0.07011296371779377
7188.0,-0.196897,21.160203,-2.004555,23.007989,0.129221,0.075366,0.072723,0.002643,0.053855,0.056498,3.956306,0.0490753119429591,1.3499077006250628,454.0,2,1.0447115384615395,2.386455981941525,1.0174470778270037,-0.06609276795989205,-0.07011296371779377
7189.0,-0.18784,21.153509,-1.993792,23.009696,0.129267,0.075209,0.072219,0.0029899999999999,0.0540579999999999,0.0570479999999999,3.932732,0.0553099391405685,1.6484447426150872,455.0,2,1.0548816568047328,2.6997742663658424,1.0212822232508043,-0.07221519937863075,-0.07180523519891599
7190.0,-0.189153,21.14944,-1.994186,23.010746,0.129074,0.075461,0.072771,0.0026899999999999,0.0536129999999999,0.0563029999999999,3.772429,0.0501734621554071,1.4024912001181282,456.0,2,1.0411057692307684,2.428893905192003,1.0128751310656214,-0.058844270470467364,-0.07104835176179657
7191.0,-0.192566,21.162566,-1.999173,23.005495,0.129589,0.075618,0.072576,0.003042,0.053971,0.057013,3.541403,0.0563625583635959,1.6988480496973386,457.0,2,1.0542344674556223,2.7467268623027317,1.019638589497748,-0.07089319533314187,-0.06876930169959168
7192.0,-0.190203,21.172411,-1.993923,23.001163,0.129763,0.075944,0.072492,0.0034519999999999,0.0538189999999999,0.0572709999999999,3.74414,0.0641397250092901,2.0712475937084527,458.0,2,1.059005177514792,3.116930022573555,1.0167669535153916,-0.0690318132925749,-0.06963609747180403
7193.0,-0.191122,21.162041,-1.995498,22.998406,0.130094,0.075183,0.071983,0.0031999999999999,0.0549109999999999,0.0581109999999999,3.48954,0.0582750582750581,1.7904256289619074,459.0,2,1.0745377218934904,2.88939051918753,1.0373973909675702,-0.0826195204117608,-0.07010758606559307
7194.0,-0.18784,21.157447,-1.992873,22.999981,0.129396,0.075792,0.072088,0.0037039999999999,0.053604,0.057308,3.541403,0.0690980319000093,2.3086696921783703,460.0,2,1.059689349112427,3.3444695259595805,1.012705099987721,-0.06936125094532697,-0.06984673768716486
7195.0,-0.185215,21.147209,-1.977123,23.007858,0.128165,0.075513,0.071752,0.003761,0.052652,0.056413,3.409389,0.0714299280192961,2.420329515230317,461.0,2,1.0431397928994093,3.3959367945827,0.9947195904140266,-0.053474033070000315,-0.06958746488248255
7196.0,-0.186003,21.145108,-1.994317,23.001031,0.129377,0.074773,0.072119,0.002654,0.0546039999999999,0.0572579999999999,3.86201,0.04860360772823,1.3273207557290747,462.0,2,1.0587647928994075,2.3963882618512327,1.0315974419768938,-0.08161372447761461,-0.07054037619599265
7197.0,-0.181934,21.154428,-1.996155,22.991055,0.129846,0.075498,0.072214,0.0032839999999999,0.0543479999999999,0.0576319999999999,3.687562,0.0604242948352314,1.8933390357903024,463.0,2,1.0656804733727803,2.965237020316205,1.026761002427665,-0.07693008531652112,-0.07114406519433059
7198.0,-0.183772,21.151409,-1.98618,22.999587,0.128707,0.075534,0.072072,0.003462,0.0531729999999999,0.0566349999999999,3.597981,0.0651070071839622,2.117564646844685,464.0,2,1.0472448224852062,3.1259593679461064,1.0045625005903847,-0.06348428417560992,-0.07200050762667838
7199.0,-0.187578,21.158628,-1.994842,22.994074,0.129423,0.075519,0.072786,0.0027329999999999,0.053904,0.056637,3.62627,0.0507003060940543,1.427718439221441,465.0,2,1.047281804733729,2.4677200902935867,1.0183728025844734,-0.06962247133180766,-0.07189992803326375
7200.0,-0.186659,21.156266,-1.990117,22.99368,0.129846,0.076107,0.072293,0.0038139999999999,0.0537389999999999,0.0575529999999999,3.423533,0.0709713435057684,2.3983707902205076,466.0,2,1.0642196745562122,3.4437923250566547,1.0152555661562577,-0.06837338360556844,-0.07022433385804251
7201.0,-0.179834,21.163485,-1.988673,22.989611,0.129671,0.075345,0.072246,0.0030989999999999,0.054326,0.057425,3.61684,0.0570434590535091,1.731452096645579,467.0,2,1.0618528106508887,2.798194130925671,1.026345370903905,-0.07693008531652112,-0.07256993908269459
7202.0,-0.17944,21.167292,-1.988805,22.996174,0.129901,0.075429,0.071384,0.0040449999999999,0.0544719999999999,0.0585169999999999,3.536688,0.0742569713436013,2.5556988203812843,468.0,2,1.0820451183431945,3.6523702031605114,1.0291036528343227,-0.07759623761605283,-0.07240260857952432
7203.0,-0.17419,21.156528,-1.980667,22.994993,0.129699,0.075093,0.071883,0.0032099999999999,0.054606,0.057816,3.810147,0.0587836724229492,1.8147799581644453,469.0,2,1.0690828402366874,2.8984198645599912,1.031635226660874,-0.08161372447761461,-0.07193111998573529
7204.0,-0.174059,21.152065,-1.979486,22.996174,0.129019,0.075912,0.072697,0.0032149999999999,0.053107,0.056322,3.772429,0.060537018904873,1.898736681751357,470.0,2,1.041457100591717,2.902934537246222,1.003315606019101,-0.05260530919311446,-0.07291038859064324
7205.0,-0.17419,21.166241,-1.974892,22.999062,0.129589,0.075219,0.072503,0.0027159999999999,0.05437,0.057086,3.975166,0.0499530999981607,1.3919394438533566,471.0,2,1.0555843195266281,2.4523702031604024,1.0271766339514288,-0.07693008531652112,-0.07364114998911458
7206.0,-0.179703,21.163222,-1.976205,22.996568,0.129837,0.075256,0.072093,0.0031629999999999,0.054581,0.057744,3.687562,0.0579495071635337,1.7748370359681935,472.0,2,1.0677514792899419,2.855981941309423,1.0311629181111446,-0.0799404194459119,-0.07380586884900316
7207.0,-0.174452,21.16506,-1.979748,22.990136,0.13025,0.076201,0.072398,0.003803,0.054049,0.057852,3.645129,0.0703607770582793,2.369134607303003,473.0,2,1.0697485207100603,3.4338600451470374,1.0211121921729036,-0.07221519937863075,-0.07311491753779645
7208.0,-0.176946,21.170442,-1.982373,22.991449,0.129984,0.075755,0.072534,0.003221,0.0542289999999999,0.0574499999999999,3.249085,0.0593951687257975,1.8440606660005407,474.0,2,1.0623150887573956,2.908352144469789,1.0245128137309532,-0.07327697022468949,-0.07271612608813201
7209.0,-0.173271,21.15876,-1.982242,22.990398,0.129855,0.075529,0.071846,0.003683,0.054326,0.058009,3.932732,0.0677931783459422,2.2461884711021995,475.0,2,1.072651627218936,3.325507900677502,1.026345370903905,-0.07693008531652112,-0.07218120700957546
7210.0,-0.16789,21.158234,-1.981455,22.988561,0.129726,0.07586,0.072303,0.0035569999999999,0.053866,0.057423,3.645129,0.0660330072214897,2.1619049583539485,476.0,2,1.061815828402368,3.211738148984399,1.0176548935888847,-0.07002057220445412,-0.07421525276581312
7211.0,-0.17104,21.151278,-1.981323,22.98541,0.129653,0.075792,0.07171,0.004082,0.0538609999999999,0.0579429999999999,3.612125,0.0757862686123798,2.6289272378108985,477.0,2,1.0714312130177506,3.685778781038708,1.017560431878937,-0.07002057220445412,-0.07398257213725964
7212.0,-0.17419,21.161516,-1.973449,22.985147,0.130094,0.075876,0.071684,0.004192,0.0542179999999999,0.0584099999999999,3.513114,0.0773160700123573,2.7021797949095165,478.0,2,1.0800665680473365,3.785101580135783,1.0243049979690724,-0.07360832311940835,-0.0739491512982109
7213.0,-0.169727,21.155084,-1.975811,22.985541,0.129442,0.075015,0.07171,0.003305,0.054427,0.057732,3.588551,0.0607224222826486,1.9076144821749863,479.0,2,1.0675295857988176,2.984198645598464,1.0282534974448119,-0.07626453369204922,-0.07381695089366201
7214.0,-0.168021,21.155609,-1.973711,22.989217,0.129184,0.075036,0.071873,0.0031629999999999,0.0541479999999999,0.0573109999999999,3.833721,0.0584128977451107,1.7970258933168846,480.0,2,1.0597448224852062,2.855981941309423,1.02298253402983,-0.07294576675549103,-0.07313732387518994
7215.0,-0.160146,21.161385,-1.980011,22.986723,0.130112,0.075844,0.07181,0.0040339999999999,0.054268,0.058302,3.541403,0.0743334131824797,2.5593591387515326,481.0,2,1.07806952662722,3.642437923250803,1.0252496150685328,-0.0746032790309864,-0.07270578660798069
7216.0,-0.166183,21.147209,-1.982242,22.983047,0.129634,0.075141,0.071621,0.0035199999999999,0.054493,0.0580129999999999,3.470681,0.0645942672587807,2.093012760144455,482.0,2,1.0727255917159755,3.178329571106292,1.0295003920160972,-0.07960621105542443,-0.07282607666410376
7217.0,-0.166446,21.157972,-1.978305,22.982522,0.129432,0.07544,0.071531,0.0039089999999999,0.053992,0.0579009999999999,3.781858,0.0723982738503138,2.4666975001719416,483.0,2,1.0706545857988157,3.5295711060950374,1.0200353286795207,-0.07089319533314187,-0.07275331103167822
7218.0,-0.16159,21.165716,-1.963474,22.987248,0.129019,0.075587,0.071936,0.003651,0.0534319999999999,0.0570829999999999,3.484826,0.0683285610016282,2.271824575602969,484.0,2,1.0555288461538452,3.2966139954856257,1.009455617165581,-0.06648070003996875,-0.07355385116749884
7219.0,-0.162115,21.153509,-1.967805,22.989611,0.129598,0.075471,0.071999,0.003472,0.0541269999999999,0.057599,3.305663,0.0641442506650902,2.071464298870251,485.0,2,1.0650702662721903,3.134988713318568,1.0225857948480574,-0.07261471264442865,-0.07299544664985377
7220.0,-0.158439,21.15981,-1.976205,22.987773,0.129616,0.075587,0.072461,0.003126,0.054029,0.057155,3.833721,0.0578567462520822,1.7703952999606822,486.0,2,1.0568602071005926,2.8225733634314065,1.0207343453331201,-0.07122347276568475,-0.07282321725087314
7221.0,-0.160408,21.168342,-1.97148,22.98029,0.129497,0.075566,0.071736,0.00383,0.053931,0.057761,3.362241,0.0710153526663205,2.4004781118285603,487.0,2,1.0680658284023679,3.4582392776526834,1.018882895818181,-0.0692929158801987,-0.0722990144423072
7222.0,-0.153714,21.16926,-1.971611,22.985541,0.12991,0.075282,0.071705,0.0035769999999999,0.0546279999999999,0.0582049999999999,3.663988,0.0654780427977813,2.1353312062734484,488.0,2,1.0762758875739638,3.2297968397293215,1.032050858184634,-0.08161372447761461,-0.0711757316973216
7223.0,-0.149383,21.171361,-1.961111,22.984754,0.129993,0.076112,0.072188,0.0039239999999999,0.053881,0.0578049999999999,3.87144,0.0728258045358375,2.4871692528799696,489.0,2,1.0688794378698216,3.543115124153729,1.0179382787187223,-0.0706804885155985,-0.07204703326954985
7224.0,-0.152664,21.15364,-1.965836,22.984754,0.128835,0.074836,0.072046,0.00279,0.053999,0.056789,3.800718,0.0516666666666666,1.4739913626376313,490.0,2,1.0500924556213027,2.5191873589167066,1.020167575073445,-0.07122347276568475,-0.0730254166347579
7225.0,-0.154502,21.161385,-1.967674,22.981209,0.129506,0.07587,0.072188,0.003682,0.053636,0.057318,3.687562,0.06864664317542,2.2870555281946445,491.0,2,1.0598742603550306,3.3246049661402557,1.0133096549313745,-0.06936125094532697,-0.07375798731490622
7226.0,-0.155552,21.167554,-1.95783,22.978059,0.129423,0.075713,0.071762,0.0039509999999999,0.05371,0.057661,3.286804,0.0735603507661372,2.522342046993894,492.0,2,1.0662167159763323,3.5674943566593744,1.0147076882385735,-0.06837338360556844,-0.0739633370608067
7227.0,-0.151483,21.16506,-1.967936,22.973202,0.129763,0.07523,0.071421,0.003809,0.0545329999999999,0.0583419999999999,3.517829,0.0698463343968901,2.344501187286566,493.0,2,1.0788091715976325,3.439277652370514,1.0302560856956624,-0.07960621105542443,-0.07367724679871344
7228.0,-0.14912,21.165979,-1.961242,22.976746,0.129708,0.075251,0.072177,0.0030739999999999,0.0544569999999999,0.0575309999999999,3.579122,0.056447170296375,1.7028995824238846,494.0,2,1.0638128698224845,2.7756207674945177,1.028820267704485,-0.07626453369204922,-0.07314232772015691
7229.0,-0.148989,21.159416,-1.958486,22.983703,0.129203,0.074516,0.072277,0.002239,0.054687,0.056926,3.715851,0.0409413399648918,0.9604229957668368,495.0,2,1.0526257396449714,2.021670428894088,1.033165506361997,-0.0799404194459119,-0.07265673593989355
7230.0,-0.142951,21.160072,-1.960586,22.974777,0.129653,0.075566,0.072256,0.0033099999999999,0.0540869999999999,0.0573969999999999,3.890299,0.0611965685549473,1.930318361832286,496.0,2,1.0613350591715969,2.988713318284604,1.0218301011684905,-0.07327697022468949,-0.07322739719497719
7231.0,-0.148202,21.160203,-1.957174,22.972545,0.129451,0.075881,0.072098,0.003783,0.05357,0.057353,3.574407,0.0706165649325196,2.38138267810696,497.0,2,1.060521449704143,3.415801354402115,1.012062760360089,-0.06643201325926618,-0.07331947493525554
7232.0,-0.14387,21.162697,-1.958092,22.971626,0.129258,0.074831,0.071547,0.0032839999999999,0.054427,0.057711,3.781858,0.0603365914602776,1.88913947336237,498.0,2,1.06714127218935,2.965237020316205,1.0282534974448119,-0.07626453369204922,-0.07374360783914155
7233.0,-0.145183,21.157709,-1.960455,22.968082,0.128964,0.075571,0.072277,0.003294,0.0533929999999999,0.056687,3.696992,0.0616923249803349,1.9540570156590156,499.0,2,1.0482063609467467,2.9742663656887567,1.0087188158280032,-0.06582457071296488,-0.07314381904553995
7234.0,-0.142426,21.161647,-1.957174,22.96375,0.129754,0.075387,0.072309,0.0030779999999999,0.054367,0.057445,3.503685,0.0566141848145967,1.71089685614354,500.0,2,1.0622226331360958,2.7792325056435017,1.0271199569254612,-0.07693008531652112,-0.07216056700226164
7235.0,-0.13862,21.15981,-1.961374,22.969132,0.129497,0.075592,0.072267,0.003325,0.0539049999999999,0.05723,3.918588,0.0616814454791676,1.9535360648477016,501.0,2,1.0582470414201195,3.0022573363433867,1.0183916949264606,-0.07028202834811048,-0.07110265015220316
7236.0,-0.13757,21.146158,-1.953761,22.964931,0.129644,0.075524,0.072466,0.0030579999999999,0.05412,0.057178,3.692277,0.0565030210084808,1.7055739213789836,502.0,2,1.0572855029585808,2.7611738148985796,1.022453548454135,-0.07261471264442865,-0.07099647306759728
7237.0,-0.145051,21.158497,-1.95468,22.95968,0.129708,0.075524,0.071862,0.0036619999999999,0.0541839999999999,0.0578459999999999,3.876155,0.0675832795053981,2.2361377371950937,503.0,2,1.069637573964496,3.306546275395243,1.0236626583414403,-0.07360832311940835,-0.0714213205932305
7238.0,-0.139014,21.158628,-1.957567,22.95758,0.129295,0.07576,0.071762,0.0039979999999999,0.053535,0.0575329999999999,3.579122,0.0746787208607289,2.5758937493342615,504.0,2,1.0638498520710051,3.609932279909943,1.0114015283904678,-0.06643201325926618,-0.07178890916861677
7239.0,-0.140195,21.151409,-1.961505,22.954692,0.129671,0.076033,0.072309,0.003724,0.053638,0.057362,3.546118,0.0694270959563005,2.3244264979787386,505.0,2,1.0606878698224862,3.362528216704593,1.0133474396153528,-0.06936125094532697,-0.07246792336176315
7240.0,-0.130614,21.165191,-1.960061,22.960862,0.129285,0.075214,0.072267,0.002947,0.054071,0.057018,3.564977,0.054501405533363,1.6097291588609846,506.0,2,1.054326923076924,2.660948081264349,1.0215278236966656,-0.07221519937863075,-0.07189726210667952
7241.0,-0.129826,21.162172,-1.946805,22.956399,0.129451,0.075571,0.071967,0.0036039999999999,0.05388,0.057484,4.045888,0.0668881423878546,2.2028519973631298,507.0,2,1.0629437869822496,3.254176072234967,1.017919386376733,-0.0706804885155985,-0.07246225756823657
7242.0,-0.13442,21.154165,-1.95993,22.952067,0.129938,0.075356,0.071962,0.003394,0.0545819999999999,0.057976,3.87144,0.062180532400198,1.977434195141276,508.0,2,1.0720414201183441,3.0645598194133696,1.0311818104531318,-0.0799404194459119,-0.07184885630779059
7243.0,-0.129826,21.159678,-1.93893,22.957449,0.129212,0.075078,0.07181,0.003268,0.0541339999999999,0.0574019999999999,3.777144,0.0603675995197193,1.8906242540958704,509.0,2,1.0614275147928987,2.9507900677203573,1.0227180412419816,-0.07261471264442865,-0.0717164047782646
7244.0,-0.129301,21.160203,-1.944311,22.959418,0.129129,0.075125,0.071558,0.003567,0.0540039999999999,0.057571,3.777144,0.066049439866679,2.1626918142687255,510.0,2,1.0645525147929005,3.2207674943569504,1.020262036783389,-0.07122347276568475,-0.07303382455788042
7245.0,-0.13442,21.157972,-1.952449,22.951804,0.129781,0.075503,0.072125,0.003378,0.054278,0.057656,3.49897,0.0622340131542586,1.9799950517273408,511.0,2,1.0661242603550305,3.0501128668174315,1.0254385384884246,-0.07593198296368109,-0.0749110715051742
7246.0,-0.136126,21.155609,-1.952711,22.953773,0.129791,0.076327,0.072366,0.003961,0.0534639999999999,0.0574249999999999,3.668703,0.0740858505564389,2.5475049232959788,512.0,2,1.0618528106508867,3.5765237020319263,1.0100601721092346,-0.06648070003996875,-0.07471775440212218
7247.0,-0.126282,21.16926,-1.939718,22.955348,0.129184,0.075093,0.071694,0.0033989999999999,0.054091,0.05749,3.678133,0.0628373881535162,2.0088868814678835,513.0,2,1.0630547337278116,3.06907449209951,1.021905670536449,-0.07228380782414845,-0.07445414469429781
7248.0,-0.128907,21.163485,-1.948117,22.955086,0.129791,0.075246,0.072114,0.0031319999999999,0.0545449999999999,0.0576769999999999,3.829007,0.0574194258057418,1.7494547772455036,514.0,2,1.0665125739644963,2.827990970654793,1.0304827937995324,-0.07960621105542443,-0.0735494222830208
7249.0,-0.127726,21.156528,-1.948905,22.951804,0.130241,0.075067,0.071547,0.0035199999999999,0.055174,0.0586939999999999,3.781858,0.0637970095151788,2.054837106503161,515.0,2,1.0853180473372772,3.178329571106292,1.0423660769107252,-0.08813372041826484,-0.07388114931494605
7250.0,-0.124576,21.15049,-1.952842,22.95653,0.129478,0.075582,0.072093,0.0034889999999999,0.053896,0.057385,3.300948,0.0647345863406125,2.0997317574953924,516.0,2,1.0611131656804744,3.1503386004516623,1.01822166384856,-0.07028202834811048,-0.07492017448613904
7251.0,-0.128513,21.147471,-1.939061,22.958368,0.12912,0.075477,0.072156,0.003321,0.053643,0.056964,3.687562,0.061908135112967,1.9643908041254945,517.0,2,1.053328402366865,2.9986455981944022,1.0134419013252989,-0.06804439143735475,-0.074548496127634
7252.0,-0.126938,21.151803,-1.945492,22.951804,0.129644,0.07566,0.072519,0.003141,0.053984,0.057125,3.673418,0.0581828285634899,1.786009328772261,518.0,2,1.0563054733727821,2.836117381490099,1.0198841899436073,-0.07089319533314187,-0.07496847497519697
7253.0,-0.118932,21.155215,-1.945755,22.951804,0.12991,0.075613,0.072303,0.0033099999999999,0.054297,0.0576069999999999,3.621555,0.0609598880253415,1.918985221459072,519.0,2,1.0652181952662714,2.988713318284604,1.025797492986219,-0.07593198296368109,-0.07570071529832458
7254.0,-0.12287,21.157053,-1.941161,22.954955,0.129708,0.075072,0.072041,0.003031,0.0546359999999999,0.0576669999999999,3.517829,0.055475227409997,1.6563593571488568,520.0,2,1.0663276627218927,2.736794582393024,1.0322019969205474,-0.08161372447761461,-0.07409043739788213
7255.0,-0.127463,21.166504,-1.930661,22.958893,0.129616,0.075555,0.071941,0.0036139999999999,0.054061,0.057675,3.649844,0.0668491731715436,2.2009860069522484,521.0,2,1.0664755917159774,3.2632054176074283,1.0213389002767737,-0.07221519937863075,-0.0725385366204985
7256.0,-0.121688,21.156134,-1.941161,22.958499,0.129745,0.075876,0.071957,0.003919,0.053869,0.057788,3.805433,0.0727492110636719,2.483501673746315,522.0,2,1.0685650887573974,3.5386004514675884,1.0177115706148523,-0.0706804885155985,-0.07367170623344892
7257.0,-0.121032,21.149177,-1.935911,22.961124,0.12946,0.074952,0.071978,0.002974,0.0545079999999999,0.0574819999999999,3.607411,0.0545597974646389,1.6125251808021024,523.0,2,1.0629068047337271,2.685327313769995,1.0297837771459328,-0.07960621105542443,-0.07395658662302763
7258.0,-0.117357,21.143664,-1.938668,22.967557,0.129285,0.07576,0.07275,0.0030099999999999,0.053525,0.056535,3.819577,0.0562343533983484,1.6927091211166343,524.0,2,1.0453957100591726,2.717832957110765,1.011212604970576,-0.06350343205099995,-0.07408878702757651
7259.0,-0.114469,21.159416,-1.940505,22.966244,0.129533,0.075403,0.072209,0.003194,0.05413,0.057324,3.762999,0.0590050063734274,1.8253782474884752,525.0,2,1.0599852071005929,2.8839729119641433,1.0226424718740268,-0.07261471264442865,-0.07313879005713503
7260.0,-0.117882,21.156397,-1.938274,22.964931,0.129928,0.075324,0.071453,0.0038709999999999,0.0546039999999999,0.0584749999999999,3.607411,0.0708909440527424,2.39452096662669,526.0,2,1.0812684911242596,3.4952595936796844,1.0315974419768938,-0.08161372447761461,-0.07181475596993041
7261.0,-0.109613,21.154559,-1.924361,22.962437,0.129919,0.075944,0.072009,0.0039349999999999,0.053975,0.05791,3.62627,0.0729027716021934,2.490854721087171,527.0,2,1.0708210059171608,3.5530474040634368,1.0197141588657048,-0.07089319533314187,-0.07156231975476082
7262.0,-0.109088,21.162435,-1.932761,22.972283,0.129699,0.075629,0.071783,0.003846,0.05407,0.057916,3.829007,0.0711287011521888,2.4059056571512603,528.0,2,1.070931952662723,3.472686230248621,1.0215089313546764,-0.07221519937863075,-0.0721207242724059
7263.0,-0.112763,21.14629,-1.93053,22.973464,0.12923,0.075697,0.07192,0.003777,0.053533,0.05731,3.630985,0.0705532932342063,2.3783529948464475,529.0,2,1.0597263313609477,3.410383747178638,1.0113637437064895,-0.06643201325926618,-0.0711883060016745
7264.0,-0.109088,21.151671,-1.927511,22.977271,0.129552,0.075828,0.072571,0.003257,0.0537239999999999,0.056981,3.767714,0.0606235458352724,1.9028799116567183,530.0,2,1.053642751479291,2.94085778781065,1.0149721810264198,-0.06837338360556844,-0.0717740878911072
7265.0,-0.105019,21.14944,-1.928824,22.974252,0.129791,0.075944,0.072534,0.0034099999999999,0.0538469999999999,0.0572569999999999,3.612125,0.063326400237706,2.032302591258422,531.0,2,1.058746301775147,3.0790067720092176,1.0172959390910885,-0.06969083722693492,-0.07210581492303245
7266.0,-0.105806,21.150753,-1.920555,22.981472,0.129671,0.075272,0.071936,0.003336,0.054399,0.057735,3.805433,0.0613235294117648,1.9363977178934355,532.0,2,1.0675850591715987,3.012189616253094,1.027724511869115,-0.07626453369204922,-0.07117282325768584
7267.0,-0.103444,21.16296,-1.926855,22.985279,0.129331,0.075403,0.072214,0.0031889999999999,0.053928,0.057117,3.5084,0.0591333049008881,1.8315216561744796,533.0,2,1.0561575443786992,2.8794582392778225,1.0188262187922135,-0.07028202834811048,-0.07092084208492849
7268.0,-0.104494,21.158366,-1.923968,22.974252,0.129111,0.075482,0.072414,0.0030679999999999,0.053629,0.056697,3.838436,0.0572067872459441,1.739272855433184,534.0,2,1.04839127218935,2.7702031602710404,1.0131774085374503,-0.06936125094532697,-0.0702817792183619
7269.0,-0.101213,21.153115,-1.914386,22.97819,0.129524,0.075214,0.071967,0.003247,0.05431,0.057557,3.692277,0.0597853105264127,1.862742100418458,535.0,2,1.0642936390532554,2.9318284424381886,1.0260430934320781,-0.07593198296368109,-0.07066678072724633
7270.0,-0.10095,21.168342,-1.92948,22.989217,0.129056,0.074957,0.072051,0.0029059999999999,0.054099,0.057005,3.399959,0.0537153419593344,1.5720895235197427,536.0,2,1.0540865384615394,2.6239277652371675,1.0220568092723625,-0.07228380782414845,-0.07079168949987026
7271.0,-0.096225,21.163879,-1.933024,22.980553,0.129791,0.076091,0.0715,0.004591,0.0536999999999999,0.0582909999999999,3.635699,0.085491890281373,3.0936683509357588,537.0,2,1.0778661242603542,4.145372460496989,1.0145187648186798,-0.06837338360556844,-0.07208455781835285
7272.0,-0.095962,21.159941,-1.932368,22.984622,0.129892,0.076506,0.072193,0.004313,0.053386,0.057699,3.522544,0.0807874576207693,2.8684026909013594,538.0,2,1.0669193786982258,3.8943566591425647,1.008586569434081,-0.06582457071296488,-0.07215111298080004
7273.0,-0.097012,21.150228,-1.923574,22.990005,0.12946,0.075545,0.072293,0.003252,0.0539149999999999,0.0571669999999999,3.75357,0.0603160471845093,1.8881557373468367,539.0,2,1.057082100591715,2.9363431151244193,1.0185806183463524,-0.07028202834811048,-0.0728159186776411
7274.0,-0.0936,21.16086,-1.928693,22.989217,0.129901,0.07596,0.072298,0.0036619999999999,0.0539409999999999,0.0576029999999999,3.5084,0.0678877312669163,2.2507160151628818,540.0,2,1.0651442307692298,3.306546275395243,1.0190718192380708,-0.06962247133180766,-0.07414174562428448
7275.0,-0.093994,21.158891,-1.919768,22.981209,0.130471,0.075744,0.071967,0.003777,0.054727,0.058504,3.673418,0.0690140330361058,2.3046475154602724,541.0,2,1.0818047337278116,3.410383747178638,1.033921200041564,-0.0826195204117608,-0.0739093796398572
7276.0,-0.092156,21.162829,-1.922918,22.987248,0.129873,0.075545,0.071537,0.0040079999999999,0.0543279999999999,0.0583359999999999,3.758284,0.0737727548822912,2.532512742776223,542.0,2,1.0786982248520702,3.6189616252824037,1.0263831555878815,-0.07693008531652112,-0.07326345592873885
7277.0,-0.089006,21.168735,-1.919768,22.987773,0.129965,0.075587,0.071673,0.003914,0.0543779999999999,0.058292,3.819577,0.0719763143860681,2.4464925181733546,543.0,2,1.0778846153846164,3.534085778781358,1.0273277726873402,-0.07693008531652112,-0.07283994770240786
7278.0,-0.087037,21.164273,-1.926986,22.989611,0.130039,0.075277,0.071888,0.003389,0.0547619999999999,0.0581509999999999,3.715851,0.0618848492595366,1.963275791217265,544.0,2,1.0752773668639044,3.0600451467271395,1.0345824320111834,-0.0826195204117608,-0.07267021091270569
7279.0,-0.089662,21.173461,-1.910449,22.991974,0.129855,0.07565,0.072429,0.003221,0.054205,0.057426,3.432963,0.0594214662583478,1.8453198892596625,545.0,2,1.0618713017751489,2.908352144469789,1.024059397523215,-0.07360832311940835,-0.0738368919355369
7280.0,-0.084675,21.154297,-1.925018,22.989611,0.129634,0.076243,0.071736,0.004507,0.0533909999999999,0.057898,3.569692,0.0844133952652084,3.042026015039524,546.0,2,1.0705991124260366,4.069525959368314,1.0086810311440249,-0.06582457071296488,-0.07387670202280154
7281.0,-0.084543,21.159941,-1.916355,22.997487,0.129469,0.076254,0.072713,0.003541,0.053215,0.056756,3.640414,0.0665401383042694,2.1861882729059863,547.0,2,1.0494822485207111,3.197291196388551,1.005355978953932,-0.06413830134225851,-0.07264295281643651
7282.0,-0.084281,21.158103,-1.919636,22.992761,0.129322,0.075498,0.072897,0.0026009999999999,0.053824,0.0564249999999999,3.484826,0.0483232698560147,1.3138971400939576,548.0,2,1.0433616863905317,2.348532731377097,1.0168614152253392,-0.0641272028159432,-0.0718860693793171
7283.0,-0.086381,21.162435,-1.91268,22.991186,0.12935,0.07471,0.071836,0.002874,0.0546399999999999,0.0575139999999999,3.597981,0.0525978660712652,1.5185806390996324,549.0,2,1.0634985207100582,2.5950338600453815,1.032277566288504,-0.08194883857642254,-0.0708362621735916
7284.0,-0.079031,21.157316,-1.921605,22.994205,0.129331,0.075466,0.071789,0.0036769999999999,0.0538649999999999,0.0575419999999999,3.522544,0.0682619834403891,2.268636595381335,550.0,2,1.0640162721893482,3.3200902934539345,1.0176360012468937,-0.07002057220445412,-0.06941164849297236
7285.0,-0.080606,21.15469,-1.919111,22.995255,0.129396,0.075471,0.072545,0.0029259999999999,0.053925,0.056851,3.5084,0.054259540852279,1.598147782113973,551.0,2,1.0512389053254447,2.64198645598209,1.0187695417662461,-0.07028202834811048,-0.06869401750695815
7286.0,-0.079162,21.165585,-1.922786,22.997487,0.12935,0.07554,0.071642,0.0038979999999999,0.05381,0.0577079999999999,3.484826,0.0724387207076619,2.468634245508557,552.0,2,1.0670857988165672,3.5196388261853295,1.016596922437491,-0.06936125094532697,-0.0691397632704727
7287.0,-0.077193,21.170836,-1.914124,22.9988,0.129276,0.075723,0.07193,0.003793,0.053553,0.057346,3.602696,0.0708257086305412,2.391397252993196,553.0,2,1.0603920118343206,3.424830699774576,1.011741590546273,-0.06643201325926618,-0.07008676544818769
7288.0,-0.075618,21.163747,-1.91373,22.997225,0.129304,0.075587,0.072161,0.0034259999999999,0.053717,0.057143,3.701707,0.0637775047470121,2.053903145961714,554.0,2,1.0566383136094684,3.0934537246051557,1.0148399346324977,-0.06837338360556844,-0.07113437306969202
7289.0,-0.081524,21.163485,-1.908611,22.990005,0.129579,0.076044,0.072372,0.0036719999999999,0.053535,0.0572069999999999,3.357526,0.0685893604303645,2.2843126181979567,555.0,2,1.0578217455621293,3.3155756207677043,1.0114015283904678,-0.06643201325926618,-0.0702671862345187
7290.0,-0.076143,21.165585,-1.905593,22.98436,0.12969,0.075765,0.072603,0.0031619999999999,0.053925,0.057087,3.602696,0.0586359084671586,1.8077044726740883,556.0,2,1.0556028106508886,2.855079006772177,1.0187695417662461,-0.07028202834811048,-0.07029333184888434
7291.0,-0.076274,21.16086,-1.905987,22.986854,0.130158,0.075954,0.071888,0.004066,0.054204,0.05827,3.74414,0.0750115303016326,2.5918298980220036,557.0,2,1.0774778106508887,3.6713318284427703,1.0240405051812258,-0.07360832311940835,-0.07035444854738748
7292.0,-0.073649,21.155215,-1.91793,22.989479,0.12968,0.075419,0.072482,0.0029369999999999,0.0542609999999999,0.0571979999999999,3.338667,0.0541262762153992,1.591766577715544,558.0,2,1.0576553254437862,2.6519187358917975,1.025117368674607,-0.0746032790309864,-0.0707129001284039
7293.0,-0.072862,21.149571,-1.893255,22.997356,0.129451,0.075256,0.072718,0.0025379999999999,0.054195,0.056733,3.550833,0.046830024356041,1.242395014883006,559.0,2,1.049056952662723,2.291647855530591,1.023870474103323,-0.07327697022468949,-0.07129121874034035
7294.0,-0.069187,21.153772,-1.905724,22.99263,0.129175,0.075261,0.071978,0.0032829999999999,0.053914,0.057197,3.574407,0.0608921450431233,1.9157414365644816,560.0,2,1.0576368343195277,2.964334085778959,1.0185617260043651,-0.07028202834811048,-0.07278296113501226
7295.0,-0.070105,21.15876,-1.904805,22.989873,0.130085,0.076101,0.072566,0.0035349999999999,0.053984,0.057519,3.470681,0.0654811521718995,2.1354800946227055,561.0,2,1.063590976331362,3.191873589164984,1.0198841899436073,-0.07089319533314187,-0.0742341547667678
7296.0,-0.066561,21.155215,-1.912024,22.990005,0.129607,0.07545,0.07193,0.00352,0.054157,0.057677,3.49897,0.0649950145869494,2.1122020265023185,562.0,2,1.066512573964498,3.1783295711063824,1.0231525651077344,-0.07294576675549103,-0.07489896046360886
7297.0,-0.062624,21.16086,-1.912155,22.993811,0.129754,0.075718,0.072172,0.0035459999999999,0.054036,0.057582,3.564977,0.0656217036475006,2.1422102198480566,563.0,2,1.0647559171597645,3.2018058690746916,1.0208665917270443,-0.07221519937863075,-0.07486582517413698
7298.0,-0.06538,21.153509,-1.90743,22.990661,0.130232,0.075456,0.071778,0.003678,0.0547759999999999,0.0584539999999999,3.701707,0.0671449696040309,2.2151498357084916,564.0,2,1.080880177514792,3.320993227991271,1.0348469247990317,-0.08329080755228757,-0.07420993641477382
7299.0,-0.059999,21.161385,-1.897455,22.989086,0.130002,0.075414,0.071615,0.0037989999999999,0.054588,0.058387,3.5084,0.0695927751012108,2.3323598290782974,565.0,2,1.0796412721893502,3.430248306997963,1.0312951645050688,-0.0809439495768216,-0.07375249181247022
7300.0,-0.06538,21.160335,-1.899818,22.990398,0.129763,0.075414,0.07161,0.003804,0.0543489999999999,0.0581529999999999,3.475396,0.0699908003679853,2.3514187530546526,566.0,2,1.0753143491124253,3.4347629796842836,1.026779894769654,-0.07693008531652112,-0.07330674604895566
7301.0,-0.062886,21.153903,-1.904018,22.996043,0.129524,0.075298,0.072235,0.003063,0.0542259999999999,0.057289,3.630985,0.056484776956129,1.7047003285801878,567.0,2,1.0593380177514804,2.7656884875849004,1.0244561367049856,-0.07327697022468949,-0.07305476487619832
7302.0,-0.058686,21.153903,-1.906512,22.996568,0.129295,0.075645,0.072345,0.0032999999999999,0.0536499999999999,0.0569499999999999,3.928018,0.0615086391679558,1.9452614586280783,568.0,2,1.053069526627218,2.979683972912143,1.013574147719221,-0.06804439143735475,-0.0723426452719457
7303.0,-0.05698,21.161122,-1.903755,22.993811,0.129855,0.076075,0.072382,0.003693,0.0537799999999999,0.0574729999999999,3.612125,0.0686673732359011,2.288048160270335,569.0,2,1.0627403846153838,3.334537246049963,1.0160301521778137,-0.06870252420165357,-0.07205725042861533
7304.0,-0.053042,21.154297,-1.90323,22.991711,0.129423,0.07608,0.072566,0.0035139999999999,0.053343,0.056857,3.645129,0.0658743251349727,2.154306672325915,570.0,2,1.051349852071007,3.1729119638828154,1.0077741987285465,-0.06582457071296488,-0.0702729803737018
7305.0,-0.055405,21.163879,-1.897193,22.997881,0.129607,0.075939,0.072119,0.00382,0.0536679999999999,0.057488,3.583837,0.0711770295701429,2.408219800801361,571.0,2,1.063017751479291,3.4492099322802217,1.0139142098750262,-0.06837338360556844,-0.06953941772796048
7306.0,-0.056324,21.168998,-1.892993,22.997093,0.128973,0.075597,0.07203,0.003567,0.053376,0.056943,3.286804,0.0668265357738351,2.199902044505733,572.0,2,1.0529400887573974,3.2207674943569504,1.008397646014189,-0.06582457071296488,-0.0698070303018508
7307.0,-0.05593,21.155609,-1.885774,22.992105,0.129249,0.075624,0.071925,0.0036989999999999,0.053625,0.057324,3.772429,0.0689777346809382,2.302909415773252,573.0,2,1.0599852071005929,3.3399548532733494,1.0131018391694935,-0.06936125094532697,-0.06960168055595033
7308.0,-0.055011,21.155872,-1.895749,22.988954,0.129221,0.075975,0.071972,0.004003,0.053246,0.057249,3.62627,0.0751779442973314,2.599798416499049,574.0,2,1.0585983727810662,3.6144469525962633,1.0059416415555964,-0.06544810700315229,-0.06970042274147234
7309.0,-0.05173,21.151409,-1.896012,22.996699,0.129579,0.075398,0.071841,0.003557,0.0541809999999999,0.057738,3.239656,0.0656491085600384,2.143522468562491,575.0,2,1.0676405325443796,3.211738148984489,1.023605981315473,-0.07360832311940835,-0.06924400045553283
7310.0,-0.052648,21.145502,-1.902443,22.98751,0.13003,0.07555,0.072104,0.003446,0.05448,0.057926,3.305663,0.0632514087480039,2.028711720978531,576.0,2,1.0711168639053263,3.1115124153501683,1.029254791570238,-0.07960621105542443,-0.06988306332209943
7311.0,-0.049892,21.169523,-1.900868,22.991317,0.130112,0.076096,0.071747,0.0043489999999999,0.054016,0.058365,3.621555,0.0805116907640185,2.855197952416784,577.0,2,1.0792344674556225,3.9268623024833347,1.0204887448872608,-0.07122347276568475,-0.07013504449485677
7312.0,-0.049367,21.152065,-1.899424,22.994862,0.129561,0.075729,0.072004,0.003725,0.053832,0.057557,3.612125,0.0691954748945815,2.3133356236671676,578.0,2,1.0642936390532554,3.3634311512418393,1.0170125539612527,-0.0690318132925749,-0.07114578571992838
7313.0,-0.046742,21.156922,-1.891549,22.994205,0.129313,0.076117,0.072151,0.0039659999999999,0.053196,0.057162,3.447107,0.0745530763012951,2.56987742246713,579.0,2,1.0569896449704153,3.5810383747180667,1.0049970244561377,-0.06413830134225851,-0.07085286195132232
7314.0,-0.048711,21.169129,-1.892862,22.996699,0.130112,0.076038,0.072025,0.0040129999999999,0.054074,0.058087,3.480111,0.0742117429496068,2.5535331173602196,580.0,3,1.0740939349112437,3.6234762979686352,1.021584500722633,-0.07221519937863075,-0.07095612125500396
7315.0,-0.043067,21.162041,-1.888793,22.999325,0.130287,0.076301,0.072645,0.0036559999999999,0.0539859999999999,0.0576419999999999,3.810147,0.0677200066682718,2.242684740162594,581.0,3,1.0658653846153838,3.301128668171766,1.0199219746275838,-0.07089319533314187,-0.07105561684616177
7316.0,-0.041886,21.165191,-1.895749,22.998406,0.130002,0.075723,0.071521,0.0042019999999999,0.054279,0.058481,3.484826,0.0774134119380986,2.706840886848355,582.0,3,1.0813794378698236,3.794130925508154,1.0254574308304139,-0.07593198296368109,-0.06996524816078467
7317.0,-0.037817,21.165323,-1.882755,23.002869,0.129772,0.076222,0.072482,0.0037399999999999,0.05355,0.0572899999999999,3.234941,0.0698399656402306,2.344196227629154,583.0,3,1.0593565088757388,3.376975169300441,1.0116849135203054,-0.06643201325926618,-0.06902808290186462
7318.0,-0.035979,21.167948,-1.88328,22.999719,0.129285,0.075839,0.072146,0.003693,0.053446,0.057139,3.451822,0.0690964881097161,2.308595769781257,584.0,3,1.056564349112427,3.334537246049963,1.0097201099534314,-0.06648070003996875,-0.06909398529530061
7319.0,-0.030467,21.163616,-1.893124,23.004838,0.12968,0.075414,0.072041,0.003373,0.0542659999999999,0.0576389999999999,3.786573,0.0621556378646323,1.9762421525741831,585.0,3,1.0658099112426027,3.0455981941312014,1.0252118303845525,-0.0746032790309864,-0.06960944674909464
7320.0,-0.03716,21.165585,-1.894437,23.00917,0.129405,0.075713,0.071589,0.004124,0.0536919999999999,0.0578159999999999,3.442392,0.0768070325740786,2.6778051969954384,586.0,3,1.0690828402366856,3.723702031603046,1.0143676260827663,-0.06870252420165357,-0.06925817923139692
7321.0,-0.033354,21.167423,-1.89063,22.999062,0.129543,0.076485,0.07244,0.0040449999999999,0.0530579999999999,0.0571029999999999,3.437677,0.0762358883507038,2.650456696180284,587.0,3,1.0558986686390524,3.6523702031605114,1.0023898812616296,-0.06185182017648416,-0.0709484414191746
7322.0,-0.033748,21.16611,-1.887218,23.003526,0.129423,0.075582,0.072209,0.003373,0.053841,0.057214,3.62627,0.0626462612830132,1.9997350190138392,588.0,3,1.0579511834319537,3.0455981941312014,1.0171825850391554,-0.06969083722693492,-0.07045631012115505
7323.0,-0.031123,21.164666,-1.888924,22.995124,0.129423,0.075492,0.071862,0.00363,0.053931,0.057561,3.461252,0.067306979158941,2.2229074532474415,589.0,3,1.064367603550297,3.277652370203457,1.018882895818181,-0.0692929158801987,-0.07046117879922531
7324.0,-0.038342,21.163485,-1.888662,23.001557,0.129543,0.075776,0.071479,0.0042969999999999,0.0537669999999999,0.0580639999999999,3.503685,0.0799174230025293,2.826742210951911,590.0,3,1.0736686390532537,3.879909706546536,1.0157845517319544,-0.06870252420165357,-0.07090242832854263
7325.0,-0.025085,21.155084,-1.883543,22.996043,0.13036,0.075246,0.071458,0.0037879999999999,0.055114,0.058902,3.621555,0.0687290211376213,2.291000090135761,591.0,3,1.089164201183433,3.4203160270882553,1.0412325363913748,-0.08779581721091867,-0.07024653956917945
7326.0,-0.02771,21.142352,-1.881968,23.003526,0.129506,0.075639,0.072429,0.00321,0.053867,0.057077,3.61684,0.059590109155714,1.8533951358039376,592.0,3,1.055417899408285,2.898419864560082,1.0176737859308738,-0.0710106699834856,-0.07070398417148305
7327.0,-0.022197,21.168867,-1.885643,23.003394,0.129432,0.075986,0.072209,0.003777,0.0534459999999999,0.0572229999999999,3.574407,0.0706681385297585,2.383852212960686,593.0,3,1.058117603550295,3.410383747178638,1.0097201099534294,-0.06648070003996875,-0.07152085937428004
7328.0,-0.02036,21.16191,-1.886562,23.004313,0.129947,0.075975,0.072303,0.0036719999999999,0.053972,0.057644,3.701707,0.0680340170085041,2.257720718282211,594.0,3,1.0659023668639063,3.3155756207677043,1.0196574818397373,-0.07089319533314187,-0.07008762619752726
7329.0,-0.02351,21.162304,-1.882887,23.001425,0.13025,0.076605,0.072429,0.004176,0.053645,0.057821,3.579122,0.0778436416508223,2.727441878975354,595.0,3,1.0691752958579892,3.7706546275398445,1.013479686009277,-0.06804439143735475,-0.06999567297006423
7330.0,-0.016422,21.165848,-1.876587,23.003001,0.129873,0.075792,0.072671,0.0031209999999999,0.0540809999999999,0.0572019999999999,3.461252,0.0577086646203912,1.7633046029716084,596.0,3,1.0577292899408275,2.8180586907450857,1.0217167471165554,-0.07327697022468949,-0.07021474008321306
7331.0,-0.019704,21.160597,-1.879474,23.008252,0.129552,0.075692,0.07182,0.003872,0.05386,0.057732,3.319807,0.0718887506730287,2.442299643275159,597.0,3,1.0675295857988176,3.496162528217021,1.0175415395369496,-0.07002057220445412,-0.06741429473499508
7332.0,-0.024035,21.165191,-1.876062,23.00707,0.128743,0.075419,0.072393,0.003026,0.0533239999999999,0.05635,3.786573,0.0567463666197843,1.7172262105499656,598.0,3,1.0419748520710068,2.7322799097067936,1.00741524423075,-0.055358505459407015,-0.06767406004858735
7333.0,-0.02351,21.160991,-1.871337,23.001819,0.129616,0.075897,0.071951,0.003946,0.053719,0.057665,3.932732,0.0734549516008936,2.517295144585342,599.0,3,1.0662906804733738,3.5629796839732344,1.014877719316476,-0.06837338360556844,-0.06766919137051709
7334.0,-0.013928,21.168079,-1.88013,23.001294,0.129579,0.075597,0.072361,0.003236,0.053982,0.057218,3.701707,0.0599447974362299,1.8703789243670064,600.0,3,1.058025147928995,2.921896162528481,1.019846405259629,-0.07089319533314187,-0.0675489555598964
7335.0,-0.013928,21.150228,-1.877112,23.007464,0.12923,0.076348,0.072351,0.003997,0.052882,0.056879,3.451822,0.0755819450485033,2.6191434688003072,601.0,3,1.0517566568047347,3.609029345372787,0.9990648290715367,-0.05979136372873883,-0.06722866500372021
7336.0,-0.013797,21.160728,-1.879605,23.006414,0.129046,0.074841,0.071726,0.003115,0.0542049999999999,0.0573199999999999,3.75357,0.0574659631775081,1.7516831589704642,602.0,3,1.0599112426035495,2.8126410835216995,1.024059397523213,-0.07360832311940835,-0.06654903798524814
7337.0,-0.013928,21.158628,-1.876587,23.000113,0.129598,0.076065,0.072051,0.0040139999999999,0.053533,0.0575469999999999,3.635699,0.074980386296559,2.5903386077081283,603.0,3,1.06410872781065,3.6243792325058806,1.0113637437064895,-0.06643201325926618,-0.06657518359961377
7338.0,-0.00776,21.163747,-1.878162,23.003788,0.129157,0.075303,0.072293,0.0030099999999999,0.053854,0.056864,3.428248,0.0558908179370531,1.6762593708455855,604.0,3,1.0514792899408294,2.717832957110765,1.0174281854850147,-0.06969083722693492,-0.06920070550143453
7339.0,-0.008941,21.170836,-1.876324,23.005101,0.129276,0.076002,0.072198,0.003804,0.053274,0.057078,3.687562,0.0714030971374941,2.419044753233606,605.0,3,1.0554363905325452,3.4347629796842836,1.0064706271312933,-0.06484148587559291,-0.06972419945281852
7340.0,-0.012091,21.159678,-1.869106,23.005232,0.129377,0.075965,0.071888,0.004077,0.0534119999999999,0.057489,3.465966,0.0763297324621349,2.6549502998147667,606.0,3,1.0630362426035513,3.6812641083524773,1.0090777703257974,-0.06648070003996875,-0.07089683196068042
7341.0,-0.006447,21.151409,-1.867793,23.002344,0.129533,0.075608,0.072004,0.0036039999999999,0.053925,0.057529,3.663988,0.0668323257797721,2.2001792914349805,607.0,3,1.0637758875739656,3.254176072234967,1.0187695417662461,-0.07028202834811048,-0.07150015265910302
7342.0,-0.004741,21.151934,-1.870549,22.999325,0.130562,0.075949,0.07307,0.002879,0.054613,0.057492,3.673418,0.0527154209543341,1.524209602299926,608.0,3,1.0630917159763325,2.599548532731612,1.0317674730547983,-0.08161372447761461,-0.07295269238898867
7343.0,-0.007628,21.14629,-1.879605,23.006151,0.129919,0.075702,0.071762,0.0039399999999999,0.054217,0.058157,3.692277,0.0726695931240547,2.4796892719090775,609.0,3,1.0753883136094684,3.5575620767496674,1.024286105627085,-0.07360832311940835,-0.07321267239231954
7344.0,-0.005266,21.163091,-1.864118,22.999981,0.129561,0.07471,0.07087,0.0038399999999999,0.054851,0.058691,3.607411,0.0700065631152919,2.3521735317776487,610.0,3,1.085262573964498,3.467268623025054,1.0362638504482218,-0.0826195204117608,-0.07420420977516849
7345.0,-0.004216,21.157184,-1.871731,22.998537,0.129221,0.075865,0.072429,0.003436,0.053356,0.056792,3.49897,0.0643964240868116,2.0835392963004233,611.0,3,1.0501479289940838,3.102483069977707,1.0080197991744055,-0.06582457071296488,-0.07459031360777456
7346.0,0.004316,21.153247,-1.876324,23.004576,0.129938,0.074773,0.071705,0.003068,0.0551649999999999,0.0582329999999999,3.612125,0.0556139651234456,1.663002632724547,612.0,3,1.0767936390532538,2.770203160271131,1.0421960458328208,-0.08813372041826484,-0.07563525213542979
7347.0,-1.6e-05,21.150753,-1.867399,23.00707,0.129506,0.075912,0.072161,0.0037509999999999,0.053594,0.057345,3.904444,0.0699878720029851,2.351278532092387,613.0,3,1.0603735207100602,3.386907449210148,1.0125161765678292,-0.0690318132925749,-0.07596788161255959
7348.0,0.002872,21.157053,-1.87593,23.007989,0.130066,0.075492,0.072104,0.003388,0.0545739999999999,0.0579619999999999,3.432963,0.0620797068254695,1.9726062931862225,614.0,3,1.0717825443786975,3.059142212189893,1.0310306717172184,-0.07960621105542443,-0.07613558992002688
7349.0,0.001297,21.154953,-1.87698,23.009302,0.129781,0.076012,0.071999,0.004013,0.053769,0.057782,3.739425,0.074632694811233,2.5736898516134374,615.0,3,1.0684541420118354,3.6234762979687254,1.0158223364159347,-0.06870252420165357,-0.07693613005584751
7350.0,0.00786,21.161122,-1.871074,23.003001,0.130121,0.07576,0.07118,0.00458,0.0543609999999999,0.0589409999999999,3.810147,0.0842500275928038,3.03420336580475,616.0,3,1.089885355029585,4.135440180587281,1.0270066028735243,-0.07693008531652112,-0.07554443043483679
7351.0,0.006678,21.168867,-1.867268,23.006414,0.129919,0.075723,0.072261,0.0034619999999999,0.054196,0.057658,3.640414,0.063878074432164,2.0587187949760795,617.0,3,1.0661612426035514,3.1259593679460167,1.0238893664453124,-0.07360832311940835,-0.07628967038600924
7352.0,0.006285,21.160728,-1.870812,23.001163,0.131022,0.076191,0.072456,0.0037349999999999,0.054831,0.0585659999999999,3.546118,0.0681171578640207,2.2617018103808655,618.0,3,1.0829511834319518,3.37246049661421,1.0358860036084383,-0.08329080755228757,-0.07477087501973187
7353.0,0.004841,21.171886,-1.871206,23.008777,0.129653,0.07502,0.070954,0.004066,0.0546329999999999,0.0586989999999999,3.564977,0.0744225207746092,2.563625940298766,619.0,3,1.085410502958579,3.6713318284427703,1.0321453198945798,-0.08161372447761461,-0.0754941470596793
7354.0,0.008254,21.157972,-1.868056,23.007333,0.12957,0.075876,0.072823,0.003053,0.0536939999999999,0.0567469999999999,3.673418,0.0568581804637303,1.7225802715334295,620.0,3,1.049315828402366,2.756659142212439,1.0144054107667448,-0.06870252420165357,-0.07411598302543335
7355.0,0.011929,21.156134,-1.870287,23.01324,0.129919,0.075834,0.072046,0.0037879999999999,0.054085,0.057873,3.748855,0.0700366083644565,2.3536122095890333,621.0,3,1.0701368343195277,3.4203160270882553,1.021792316484514,-0.07327697022468949,-0.07431377945682784
7356.0,0.010747,21.164273,-1.870287,23.009302,0.129818,0.07566,0.072314,0.003346,0.0541579999999999,0.0575039999999999,3.786573,0.0617810520873724,1.958305598170805,622.0,3,1.063313609467455,3.0212189616255554,1.023171457449722,-0.07294576675549103,-0.07458139203071816
7357.0,0.012716,21.154953,-1.87488,23.003394,0.129984,0.07555,0.072482,0.003068,0.0544339999999999,0.0575019999999999,3.640414,0.056360797281161,1.6987637225476693,623.0,3,1.063276627218934,2.770203160271131,1.028385743838734,-0.07626453369204922,-0.07418964344147082
7358.0,0.013635,21.149702,-1.869237,23.009433,0.129497,0.076122,0.072692,0.0034299999999999,0.053375,0.0568049999999999,3.706422,0.0642610911270981,2.0770590529440724,624.0,3,1.0503883136094665,3.0970654627541405,1.0083787536722,-0.06582457071296488,-0.07253659048505144
7359.0,0.015604,21.166766,-1.871731,23.010483,0.130232,0.076348,0.072146,0.0042019999999999,0.0538839999999999,0.0580859999999999,3.583837,0.0779808852185209,2.7340136093185263,625.0,3,1.0740754437869815,3.794130925508154,1.017994955744688,-0.0706804885155985,-0.07117965718102545
7360.0,0.014554,21.156922,-1.873831,23.007464,0.130498,0.075939,0.072161,0.003778,0.0545589999999999,0.058337,3.668703,0.0692448680351906,2.3157007501815032,626.0,3,1.0787167159763325,3.4112866817158842,1.0307472865873808,-0.07960621105542443,-0.07153092469872317
7361.0,0.018491,21.154953,-1.867793,23.012584,0.129616,0.075765,0.072135,0.0036299999999999,0.053851,0.057481,3.777144,0.0674069672435563,2.227695253073987,627.0,3,1.0628883136094684,3.2776523702033664,1.0173715084590471,-0.06969083722693492,-0.07149780435180333
7362.0,0.020985,21.16821,-1.875668,23.010614,0.129965,0.076464,0.071894,0.00457,0.0535009999999999,0.058071,3.673418,0.085417367575044,3.0900999277400487,628.0,3,1.073798076923078,4.126410835214821,1.010759188762834,-0.06676027798809381,-0.0708792554750636
7363.0,0.022429,21.160991,-1.867924,23.018753,0.129763,0.076112,0.072351,0.003761,0.0536509999999999,0.0574119999999999,3.748855,0.0700999030791023,2.3566429949567937,629.0,3,1.0616124260355022,3.3959367945827,1.0135930400612103,-0.06804439143735475,-0.07051427337030156
7364.0,0.01941,21.158366,-1.870943,23.013896,0.129102,0.075067,0.071369,0.0036979999999999,0.054035,0.0577329999999999,3.772429,0.0684358575764303,2.276962333008797,630.0,3,1.067548076923076,3.3390519187361036,1.0208476993850553,-0.07221519937863075,-0.07080206871917041
7365.0,0.01941,21.154428,-1.870681,23.010877,0.130048,0.075891,0.072834,0.003057,0.054157,0.057214,3.692277,0.0564459544296319,1.7028413622209024,631.0,3,1.0579511834319537,2.7602708803614235,1.0231525651077344,-0.07294576675549103,-0.07057135822816742
7366.0,0.031223,21.163091,-1.869893,23.016916,0.12946,0.075975,0.071867,0.004108,0.0534849999999999,0.0575929999999999,3.536688,0.0768051452716599,2.6777148259654524,632.0,3,1.0649593195266265,3.7092550790071073,1.0104569112910073,-0.06676027798809381,-0.06983225706048804
7367.0,0.026235,21.161647,-1.881049,23.011008,0.129772,0.07566,0.071993,0.003667,0.0541119999999999,0.057779,3.692277,0.0677656016114428,2.244867994915849,633.0,3,1.0683986686390543,3.311060948081564,1.0223024097182198,-0.07261471264442865,-0.06951124334179143
7368.0,0.022691,21.158628,-1.872387,23.010221,0.129533,0.075849,0.071841,0.0040079999999999,0.053684,0.057692,3.645129,0.0746577256216819,2.5748884195266712,634.0,3,1.0667899408284034,3.6189616252824037,1.0142164873468549,-0.06870252420165357,-0.07012979221853115
7369.0,0.027679,21.162172,-1.87803,23.012584,0.130112,0.076364,0.07275,0.003614,0.053748,0.057362,3.607411,0.0672384602504233,2.2196265141277634,635.0,3,1.0606878698224862,3.263205417607519,1.015425597234162,-0.06837338360556844,-0.06990781014609217
7370.0,0.028204,21.163616,-1.874093,23.01324,0.129736,0.075681,0.072382,0.0032989999999999,0.0540549999999999,0.0573539999999999,3.409389,0.0610293029450939,1.9223090649153096,636.0,3,1.0605399408284015,2.978781038374897,1.0212255462248367,-0.07221519937863075,-0.06919833360877742
7371.0,0.032536,21.159416,-1.870943,23.011665,0.129184,0.075713,0.07214,0.003573,0.0534709999999999,0.057044,3.74414,0.0668200179533215,2.19958994711888,637.0,3,1.0548076923076932,3.2261851015804273,1.0101924185031588,-0.06648070003996875,-0.06877400935339367
7372.0,0.036998,21.164929,-1.877112,23.012058,0.129276,0.07512,0.07223,0.00289,0.0541559999999999,0.057046,3.640414,0.053363369462858,1.555235776755191,638.0,3,1.0548446745562141,2.6094808126413196,1.0231336727657434,-0.07294576675549103,-0.06922032883115277
7373.0,0.037261,21.160728,-1.878687,23.012846,0.129515,0.076149,0.072119,0.0040299999999999,0.053366,0.0573959999999999,3.692277,0.0755148312627652,2.6159298121636,639.0,3,1.0613165680473364,3.638826185101819,1.0082087225942973,-0.06582457071296488,-0.06847090096725823
7374.0,0.038442,21.165585,-1.872387,23.007989,0.129046,0.075792,0.072172,0.0036199999999999,0.0532539999999999,0.0568739999999999,3.86201,0.0679748380433761,2.2548870102452483,640.0,3,1.051664201183431,3.2686230248309056,1.0060927802915078,-0.06512043400548329,-0.06847090096725823
7375.0,0.037786,21.164929,-1.874487,23.009958,0.129092,0.075309,0.071899,0.0034099999999999,0.053783,0.057193,3.673418,0.0634017551688233,2.035910864459382,641.0,3,1.0575628698224862,3.0790067720092176,1.0160868292037832,-0.06870252420165357,-0.06982844646434364
7376.0,0.046317,21.173986,-1.879737,23.006545,0.129809,0.075813,0.071631,0.004182,0.053996,0.058178,3.418818,0.0774487471526196,2.70853286779394,642.0,3,1.075776627218936,3.7760722347633213,1.0201108980474773,-0.07122347276568475,-0.07086887856765664
7377.0,0.041986,21.163485,-1.882755,23.012977,0.129414,0.076159,0.072319,0.00384,0.053255,0.057095,3.555548,0.0721045515998199,2.452632990931882,643.0,3,1.0557507396449715,3.4672686230251446,1.0061116726334989,-0.06512043400548329,-0.07079728898852025
7378.0,0.047367,21.174248,-1.879737,23.011008,0.12969,0.075902,0.072618,0.0032839999999999,0.053788,0.057072,3.791288,0.0610533752254177,1.923461734855958,644.0,3,1.0553254437869832,2.965237020316205,1.016181290913729,-0.06870252420165357,-0.07062505958953962
7379.0,0.052486,21.173723,-1.876324,23.01114,0.1298,0.075104,0.072067,0.0030369999999999,0.0546959999999999,0.0577329999999999,3.640414,0.0555240689617346,1.6586980715450506,645.0,3,1.067548076923076,2.7422121896164104,1.0333355374398978,-0.08194883857642254,-0.07101168624093662
7380.0,0.053799,21.173198,-1.874618,23.010483,0.130351,0.075487,0.071936,0.0035509999999999,0.0548639999999999,0.0584149999999999,3.73471,0.0647225006834958,2.0991530514698744,646.0,3,1.0801590236686383,3.206320541760922,1.036509450894079,-0.0826195204117608,-0.07266101528814975
7381.0,0.053142,21.156791,-1.875012,23.010614,0.129616,0.075828,0.07307,0.002758,0.053788,0.056546,3.61684,0.0512744241387646,1.4552093376165574,647.0,3,1.0455991124260364,2.4902934537248305,1.016181290913729,-0.06576480424860476,-0.07262810122854124
7382.0,0.048942,21.165716,-1.874224,23.011796,0.129965,0.07596,0.072508,0.0034519999999999,0.054005,0.0574569999999999,3.62627,0.0639188238343887,2.0606700272819483,648.0,3,1.062444526627218,3.116930022573555,1.0202809291253798,-0.07122347276568475,-0.07218178175078215
7383.0,0.04868,21.160335,-1.875668,23.011796,0.129809,0.07597,0.071563,0.0044069999999999,0.053839,0.058246,3.583837,0.0818536404160474,2.919455472059635,649.0,3,1.07703402366864,3.97923250564361,1.0171448003551768,-0.06969083722693492,-0.0734293621118391
7384.0,0.051567,21.173198,-1.873699,23.010746,0.130057,0.075445,0.071831,0.0036139999999999,0.054612,0.058226,3.546118,0.0661747203046892,2.1686907056534612,650.0,3,1.076664201183433,3.2632054176074283,1.031748580712809,-0.08161372447761461,-0.07368145696824221
7385.0,0.056686,21.170573,-1.871206,23.011402,0.129589,0.075928,0.071715,0.0042129999999999,0.053661,0.057874,3.564977,0.0785099325407177,2.7593463545870707,651.0,3,1.070155325443788,3.804063205417861,1.0137819634811038,-0.06837338360556844,-0.07213464311459684
7386.0,0.054193,21.157841,-1.88433,23.009958,0.129598,0.076101,0.072471,0.00363,0.0534969999999999,0.057127,3.796003,0.0678530038506114,2.249053137847042,652.0,3,1.0563424556213028,3.277652370203457,1.0106836193948774,-0.06676027798809381,-0.07099503834998924
7387.0,0.058786,21.167029,-1.876324,23.009039,0.129699,0.075225,0.072246,0.0029789999999999,0.054474,0.057453,3.630985,0.0546856356126662,1.6185507774081,653.0,3,1.0623705621301784,2.689841986456135,1.029141437518303,-0.07759623761605283,-0.07138764164782226
7388.0,0.056293,21.168867,-1.87698,23.017834,0.129157,0.075156,0.071652,0.003504,0.0540009999999999,0.057505,3.682848,0.0648864856857154,2.1070052607426524,654.0,3,1.0633321005917171,3.1638826185104443,1.0202053597574214,-0.07122347276568475,-0.07138764164782226
7389.0,0.056424,21.16716,-1.879605,23.009696,0.129552,0.076143,0.072324,0.003819,0.053409,0.057228,3.833721,0.0715034637708294,2.423850679374934,655.0,3,1.0582100591715986,3.4483069977429754,1.0090210932998318,-0.06648070003996875,-0.07148660677668861
7390.0,0.059705,21.171098,-1.870024,23.012977,0.129984,0.075954,0.072114,0.0038399999999999,0.0540299999999999,0.0578699999999999,3.404674,0.0710703114878495,2.4031097437594644,656.0,3,1.0700813609467448,3.467268623025054,1.0207532376751074,-0.07122347276568475,-0.07054675426679022
7391.0,0.059311,21.171361,-1.872256,23.011271,0.130066,0.076212,0.071516,0.004696,0.0538539999999999,0.0585499999999999,3.404674,0.087197103333024,3.175320267604948,657.0,3,1.0826553254437863,4.240180586907832,1.0174281854850127,-0.06969083722693492,-0.07012324604045923
7392.0,0.062462,21.172411,-1.884593,23.022429,0.129855,0.075844,0.072403,0.0034409999999999,0.054011,0.057452,3.791288,0.0637080648744723,2.0505781076735943,658.0,3,1.0623520710059182,3.1069977426638475,1.0203942831773152,-0.07122347276568475,-0.0716085906894113
7393.0,0.064824,21.177924,-1.87803,23.015734,0.13002,0.076149,0.072198,0.0039509999999999,0.053871,0.057822,3.612125,0.0733405108405107,2.511815297113326,659.0,3,1.0691937869822494,3.5674943566593744,1.0177493552988306,-0.0706804885155985,-0.07120979923974687
7394.0,0.064168,21.179236,-1.880524,23.013634,0.130002,0.075965,0.071568,0.0043969999999999,0.054037,0.058434,3.696992,0.0813686664939486,2.8962331244265354,660.0,3,1.080510355029587,3.9702031602711494,1.0208854840690336,-0.07221519937863075,-0.07092479032373523
7395.0,0.069549,21.171754,-1.874224,23.016522,0.129763,0.076532,0.072713,0.003819,0.0532309999999999,0.0570499999999999,3.86201,0.0717425608656448,2.435299533840834,661.0,3,1.0549186390532537,3.4483069977429754,1.005658256425757,-0.06413830134225851,-0.07153819158418122
7396.0,0.06758,21.169392,-1.879605,23.01639,0.130057,0.075435,0.072235,0.0032,0.054622,0.057822,3.772429,0.0585833806272084,1.805189245145028,662.0,3,1.0691937869822494,2.8893905191876206,1.0319375041327008,-0.08161372447761461,-0.07093274760993505
7397.0,0.066662,21.178055,-1.879343,23.013896,0.130048,0.07587,0.072156,0.003714,0.0541779999999999,0.057892,3.555548,0.068550545414275,2.28245401146481,663.0,3,1.0704881656804743,3.353498871332132,1.0235493042895054,-0.07360832311940835,-0.07222561592841764
7398.0,0.067974,21.170048,-1.878949,23.020066,0.129928,0.076206,0.072466,0.0037399999999999,0.0537219999999999,0.0574619999999999,3.560263,0.0696163654300763,2.333489421398076,664.0,3,1.06253698224852,3.376975169300441,1.0149343963424418,-0.06837338360556844,-0.0707685142567345
7399.0,0.074274,21.166635,-1.878424,23.02046,0.130544,0.076311,0.072408,0.003903,0.0542329999999999,0.0581359999999999,3.843151,0.0719659254342295,2.445995056680793,665.0,3,1.0749999999999993,3.5241534988716503,1.02458838309891,-0.07261471264442865,-0.06988564742282308
7400.0,0.068499,21.166898,-1.876062,23.024398,0.129579,0.076275,0.072534,0.0037409999999999,0.053304,0.057045,3.965736,0.0701810336741392,2.3605278283380895,666.0,3,1.0548261834319537,3.377878103837687,1.0070373973909685,-0.06516903302322308,-0.06931219748895687
7401.0,0.070862,21.164404,-1.875799,23.027155,0.129754,0.074847,0.072062,0.0027849999999999,0.054907,0.057692,3.701707,0.0507212063815836,1.428719222398683,667.0,3,1.0667899408284034,2.5146726862303854,1.0373218215996156,-0.0826195204117608,-0.07085898846027347
7402.0,0.076243,21.16716,-1.869631,23.024136,0.129295,0.075855,0.072907,0.002948,0.0534399999999999,0.0563879999999999,3.546118,0.05516363840497,1.641439321526997,668.0,3,1.0426775147928986,2.661851015801595,1.0096067559014943,-0.056652456048853383,-0.06934081733843862
7403.0,0.076374,21.165979,-1.88118,23.022954,0.129019,0.075907,0.072377,0.00353,0.0531119999999999,0.056642,3.800718,0.066462071432606,2.182450141947212,669.0,3,1.0473742603550307,3.1873589164788436,1.0034100677290452,-0.06185182017648416,-0.07030906578172655
7404.0,0.075062,21.170311,-1.876062,23.024923,0.129625,0.076196,0.072429,0.003767,0.0534289999999999,0.057196,3.876155,0.0705034624742655,2.375966913497663,670.0,3,1.0576183431952673,3.4013544018061768,1.0093989401396135,-0.06648070003996875,-0.07049993025598075
7405.0,0.077031,21.175036,-1.883149,23.019804,0.130268,0.075734,0.072119,0.0036149999999999,0.054534,0.0581489999999999,3.357526,0.0662877051434857,2.174100838207491,671.0,3,1.075240384615384,3.2641083521446745,1.0302749780376534,-0.07960621105542443,-0.07020754271423138
7406.0,0.078081,21.172148,-1.879999,23.016128,0.129607,0.076054,0.071573,0.0044809999999999,0.053553,0.058034,3.687562,0.0836725548044963,3.0065518298609257,672.0,3,1.0731139053254448,4.046049661399825,1.011741590546273,-0.06643201325926618,-0.07003906782947006
7407.0,0.080181,21.171361,-1.881312,23.023742,0.129442,0.074652,0.072062,0.0025899999999999,0.05479,0.05738,3.786573,0.0472705371320106,1.2634883981645624,673.0,3,1.0610207100591726,2.33860045146739,1.035111417586882,-0.08329080755228757,-0.06842518579229086
7408.0,0.081887,21.165848,-1.879868,23.02256,0.12969,0.075802,0.072797,0.0030049999999999,0.053888,0.056893,3.503685,0.0557627716231511,1.6701280390789184,674.0,3,1.0520155325443796,2.7133182844245347,1.0180705251126465,-0.07028202834811048,-0.06917377032163137
7409.0,0.079393,21.16821,-1.880918,23.015209,0.13002,0.07617,0.072051,0.0041189999999999,0.0538499999999999,0.0579689999999999,3.645129,0.076488830290988,2.6625684931256783,675.0,3,1.07191198224852,3.7191873589167246,1.017352616117056,-0.06969083722693492,-0.07125054034515903
7410.0,0.076768,21.171492,-1.881049,23.019804,0.129267,0.076122,0.072198,0.0039239999999999,0.053145,0.0570689999999999,3.781858,0.0738343431302449,2.535461816198368,676.0,3,1.0552699704142003,3.543115124153729,1.0040335150146897,-0.06348428417560992,-0.07157155406385565
7411.0,0.085037,21.180155,-1.880524,23.014421,0.129442,0.076033,0.071936,0.004097,0.053409,0.057506,3.663988,0.0767084815577607,2.673086209321578,677.0,3,1.0633505917159773,3.6993227990974002,1.0090210932998318,-0.06648070003996875,-0.0709055096338623
7412.0,0.096194,21.167948,-1.878162,23.01836,0.129708,0.076511,0.072681,0.00383,0.0531969999999999,0.0570269999999999,3.560263,0.0719951877890146,2.447396246609608,678.0,3,1.0544933431952654,3.4582392776526834,1.005015916798125,-0.06413830134225851,-0.0709055096338623
7413.0,0.089369,21.165848,-1.884593,23.012321,0.130324,0.075582,0.071474,0.004108,0.054742,0.05885,3.814862,0.0750415578247447,2.5932677270443376,679.0,3,1.0882026627218946,3.7092550790071073,1.0342045851714017,-0.0826195204117608,-0.06921963020456016
7414.0,0.08635,21.172673,-1.88328,23.018885,0.13036,0.076511,0.072786,0.0037249999999999,0.053849,0.057574,3.602696,0.0691736304549673,2.3122896309911596,680.0,3,1.0646079881656816,3.3634311512417487,1.0173337237750688,-0.06969083722693492,-0.0688674551685585
7415.0,0.089237,21.170442,-1.881574,23.021641,0.129791,0.075571,0.071747,0.0038239999999999,0.0542199999999999,0.0580439999999999,3.531974,0.0705261798933991,2.3770547076663977,681.0,3,1.0732988165680466,3.452821670429116,1.0243427826530507,-0.07294576675549103,-0.06854644144986188
7416.0,0.092256,21.176349,-1.881312,23.016259,0.129864,0.076338,0.072219,0.0041189999999999,0.053526,0.057645,3.527259,0.0769518187083153,2.6847380933605636,682.0,3,1.0659208579881667,3.7191873589167246,1.0112314973125653,-0.06643201325926618,-0.06942639381471574
7417.0,0.0979,21.178317,-1.888662,23.01941,0.129699,0.076149,0.07275,0.0033989999999999,0.05355,0.056949,3.706422,0.0634722040671509,2.039284218639441,683.0,3,1.0530510355029596,3.06907449209951,1.0116849135203054,-0.06643201325926618,-0.06926247239827815
7418.0,0.096719,21.175167,-1.886168,23.019147,0.129469,0.075986,0.072529,0.003457,0.053483,0.05694,3.5084,0.0646361528681475,2.095018398256564,684.0,3,1.0528846153846163,3.1214446952598762,1.0104191266070308,-0.06676027798809381,-0.06987684509886335
7419.0,0.095669,21.170967,-1.88328,23.023217,0.129671,0.076264,0.072508,0.0037559999999999,0.053407,0.057163,3.484826,0.0703265428400238,2.3674953461364714,685.0,3,1.0570081360946755,3.391422121896379,1.0089833086158535,-0.06648070003996875,-0.06960893500227847
7420.0,0.093831,21.171623,-1.883805,23.019672,0.129809,0.075718,0.072377,0.0033409999999999,0.054091,0.057432,3.687562,0.0617651408711084,1.957543710204233,686.0,3,1.061982248520711,3.0167042889392346,1.021905670536449,-0.07228380782414845,-0.06954303260884245
7421.0,0.099738,21.168735,-1.886693,23.020854,0.129947,0.076674,0.072949,0.003725,0.053273,0.056998,3.824292,0.0699215377107032,2.3481022004894436,687.0,3,1.053957100591717,3.3634311512418393,1.006451734789304,-0.06484148587559291,-0.06911870835345871
7422.0,0.098031,21.170573,-1.894962,23.02151,0.130241,0.076348,0.072435,0.003913,0.0538929999999999,0.0578059999999999,3.791288,0.072605484840613,2.4766195298540796,688.0,3,1.068897928994082,3.533182844244112,1.0181649868225906,-0.07028202834811048,-0.07063687947529355
7423.0,0.102625,21.165979,-1.883543,23.027417,0.130103,0.075524,0.072897,0.0026269999999999,0.054579,0.0572059999999999,3.772429,0.0481311835837301,1.3046993379291831,689.0,3,1.057803254437869,2.3720090293454965,1.0311251334271663,-0.0799404194459119,-0.07314579299933996
7424.0,0.103282,21.164141,-1.885512,23.024661,0.129432,0.075597,0.072429,0.003168,0.0538349999999999,0.057003,3.484826,0.0588453822720856,1.817734854301604,690.0,3,1.0540495562130188,2.860496613995744,1.0170692309872182,-0.0690318132925749,-0.07311783520452744
7425.0,0.095013,21.171886,-1.885774,23.014553,0.129928,0.076143,0.072167,0.003976,0.0537849999999999,0.0577609999999999,3.715851,0.0739225820845574,2.539687024149673,691.0,3,1.068065828402366,3.5900677200906186,1.0161246138877598,-0.06870252420165357,-0.07473171724170666
7426.0,0.106038,21.167948,-1.897455,23.015865,0.13082,0.076201,0.073107,0.0030939999999999,0.0546189999999999,0.0577129999999999,3.531974,0.0566459172464298,1.712416322510068,692.0,3,1.0671782544378692,2.79367945823944,1.0318808271067312,-0.08161372447761461,-0.07519634499094392
7427.0,0.101182,21.169129,-1.89063,23.01639,0.130673,0.075282,0.072634,0.0026479999999999,0.055391,0.058039,3.574407,0.0478047371461582,1.2890678734082153,693.0,3,1.0732063609467466,2.3909706546276657,1.0464657151223762,-0.09152114849973014,-0.07554953476394147
7428.0,0.101969,21.16611,-1.894174,23.01324,0.130066,0.0766,0.072524,0.0040759999999999,0.0534659999999999,0.0575419999999999,3.739425,0.0762339386911552,2.6503633392599633,694.0,3,1.0640162721893482,3.680361173815141,1.010097956793213,-0.06648070003996875,-0.07549041565182392
7429.0,0.104463,21.170704,-1.892862,23.016916,0.130314,0.075555,0.072225,0.0033299999999999,0.054759,0.058089,3.814862,0.0608108108108107,1.911846852276199,695.0,3,1.0741309171597644,3.006772009029527,1.0345257549852178,-0.0826195204117608,-0.07518938223888484
7430.0,0.109451,21.166241,-1.894305,23.01324,0.130121,0.075802,0.072182,0.0036199999999999,0.0543189999999999,0.0579389999999999,3.767714,0.066642120765832,2.1910715708875315,696.0,3,1.0713572485207092,3.2686230248309056,1.026213124509979,-0.07693008531652112,-0.07493427091362423
7431.0,0.107351,21.171098,-1.898112,23.012584,0.130103,0.076401,0.072109,0.0042919999999999,0.053702,0.0579939999999999,3.739425,0.0799210472413085,2.8269157529280893,697.0,3,1.0723742603550288,3.8753950338603054,1.01455654950266,-0.06837338360556844,-0.07474004629226824
7432.0,0.105644,21.172148,-1.897849,23.016916,0.129919,0.076075,0.0716,0.004475,0.053844,0.058319,3.706422,0.0831089237626521,2.979563088004726,698.0,3,1.078383875739646,4.040632054176438,1.017239262065123,-0.06969083722693492,-0.07393950615644762
7433.0,0.108401,21.164798,-1.90638,23.009696,0.130057,0.075702,0.072555,0.003147,0.054355,0.057502,3.663988,0.057896092427699,1.7722793405793054,699.0,3,1.0632766272189358,2.8415349887135752,1.0268932488215912,-0.07693008531652112,-0.0716905726357321
7434.0,0.106825,21.171361,-1.902837,23.01114,0.129892,0.076458,0.072555,0.003903,0.053434,0.057337,3.513114,0.0730420136614579,2.4975221466085165,700.0,3,1.0602255917159773,3.5241534988716503,1.0094934018495612,-0.06648070003996875,-0.07240333494367605
7435.0,0.111682,21.167292,-1.905724,23.006807,0.130452,0.076873,0.072629,0.0042439999999999,0.053579,0.057823,3.673418,0.0792086599477416,2.7928040107770458,701.0,3,1.0692122781065099,3.832054176072491,1.0122327914379916,-0.06676027798809381,-0.07160171080559861
7436.0,0.116276,21.178711,-1.907693,23.009564,0.130783,0.0766,0.072403,0.004197,0.054183,0.05838,3.796003,0.0774582902701905,2.7089898276089657,702.0,3,1.0795118343195278,3.7896162528220136,1.023643765999453,-0.07360832311940835,-0.07217065431512258
7437.0,0.108926,21.165848,-1.897193,23.007595,0.130691,0.077099,0.072834,0.004265,0.053592,0.057857,3.541403,0.0795812886011233,2.810646850840357,703.0,3,1.0698409763313619,3.85101580135475,1.012478391883851,-0.0690318132925749,-0.07217065431512258
7438.0,0.110107,21.173855,-1.900737,23.014946,0.130709,0.0765,0.072513,0.003987,0.0542089999999999,0.058196,3.706422,0.0735473159933592,2.5217178937951856,704.0,3,1.0761094674556222,3.6000000000003256,1.02413496689117,-0.07360832311940835,-0.07282802396163401
7439.0,0.109713,21.168473,-1.918061,23.00812,0.130709,0.076464,0.072519,0.003945,0.0542449999999999,0.0581899999999999,3.791288,0.0727242561663533,2.4823067408349293,705.0,3,1.0759985207100584,3.5620767494359877,1.02481509120278,-0.0746032790309864,-0.07346409618521066
7440.0,0.117457,21.168342,-1.912943,23.010089,0.131343,0.07649,0.07234,0.00415,0.0548529999999999,0.0590029999999999,3.522544,0.0756553760892551,2.62265961900488,706.0,3,1.091031804733727,3.747178329571445,1.0363016351321983,-0.0826195204117608,-0.07507797822238986
7441.0,0.116276,21.179761,-1.913074,23.014684,0.130425,0.076689,0.072818,0.0038709999999999,0.053736,0.057607,3.550833,0.072036027318235,2.4493517945298446,707.0,3,1.0652181952662731,3.4952595936796844,1.0151988891302919,-0.06837338360556844,-0.07527220284374583
7442.0,0.12087,21.156659,-1.916093,23.015472,0.130388,0.075928,0.073112,0.0028159999999999,0.05446,0.057276,3.640414,0.0517067259139567,1.4759095477690392,708.0,3,1.0590976331360957,2.542663656885016,1.0288769447304544,-0.07626453369204922,-0.07617332257298108
7443.0,0.118638,21.176742,-1.914649,23.01219,0.130774,0.075996,0.072729,0.0032669999999999,0.054778,0.058045,3.781858,0.0596396429288594,1.8557669963249817,709.0,3,1.0733173076923088,2.949887133183021,1.034884709483012,-0.08329080755228757,-0.07524532044936891
7444.0,0.115357,21.179499,-1.913336,23.012452,0.130663,0.075939,0.071999,0.00394,0.0547239999999999,0.058664,3.357526,0.0719963453631797,2.447451675548051,710.0,3,1.0847633136094685,3.5575620767497576,1.0338645230155947,-0.0826195204117608,-0.07621356889265683
7445.0,0.116932,21.170179,-1.913993,23.008777,0.130379,0.076605,0.072471,0.004134,0.0537739999999999,0.057908,3.597981,0.0768758716875874,2.6811014687160655,711.0,3,1.0707840236686401,3.7327313769755066,1.0159167981258788,-0.06870252420165357,-0.07701519303073427
7446.0,0.121657,21.175167,-1.915174,23.011271,0.130388,0.075671,0.072424,0.003247,0.054717,0.057964,3.522544,0.0593406191746774,1.8414486314526632,712.0,3,1.07181952662722,2.9318284424381886,1.0337322766216723,-0.0826195204117608,-0.07578144382436924
7447.0,0.121788,21.165585,-1.912549,23.015603,0.129754,0.075849,0.073427,0.0024219999999999,0.053905,0.056327,3.786573,0.0449300634437723,1.151417849341683,713.0,3,1.0415495562130188,2.18690744921004,1.0183916949264626,-0.0597517920564532,-0.07720605750498848
7448.0,0.122051,21.163616,-1.923049,23.014946,0.130342,0.075545,0.072692,0.0028529999999999,0.054797,0.05765,3.890299,0.0520639439395597,1.4930144698965275,714.0,3,1.0660133136094685,2.576072234763122,1.0352436639808063,-0.08329080755228757,-0.07852828997751186
7449.0,0.121001,21.164929,-1.923443,23.018753,0.130737,0.075828,0.072608,0.00322,0.0549089999999999,0.0581289999999999,3.758284,0.0586414132216354,1.8079680607069073,715.0,3,1.0748705621301768,2.907449209932543,1.0373596062835921,-0.0826195204117608,-0.07852828997751186
7450.0,0.122839,21.159678,-1.922918,23.010877,0.130222,0.076327,0.072771,0.003556,0.053895,0.057451,4.083606,0.065978922369007,2.159315175297978,716.0,3,1.0623335798816578,3.2108352144472434,1.0182027715065707,-0.07028202834811048,-0.07852828997751186
7451.0,0.127432,21.175692,-1.922524,23.012584,0.131288,0.076364,0.072776,0.003588,0.0549239999999999,0.0585119999999999,3.522544,0.0653254437869824,2.1280242004412493,717.0,3,1.0819526627218927,3.239729119639119,1.0376429914134297,-0.0826195204117608,-0.07991998959852259
7452.0,0.128614,21.180024,-1.919636,23.015209,0.13115,0.075865,0.072314,0.0035509999999999,0.0552849999999999,0.0588359999999999,3.791288,0.0642296422240711,2.075553162986917,718.0,3,1.0879437869822477,3.206320541760922,1.0444631268715217,-0.0894868584172831,-0.08008792499789404
7453.0,0.124807,21.168998,-1.92738,23.02046,0.13048,0.07566,0.072288,0.003372,0.05482,0.058192,3.777144,0.0615092756425457,1.9452919353888132,719.0,3,1.0760355029585809,3.044695259593955,1.0356781878465573,-0.08329080755228757,-0.08289232751334058
7454.0,0.127564,21.171754,-1.930924,23.022954,0.130103,0.075246,0.07161,0.003636,0.054857,0.058493,3.87144,0.0662802143716504,2.1737421523077507,720.0,3,1.0816013313609478,3.2830699774269334,1.036377204500157,-0.0826195204117608,-0.08337661879993831
7455.0,0.126251,21.166898,-1.932761,23.028599,0.13059,0.075881,0.072098,0.003783,0.054709,0.058492,3.668703,0.0691464083348566,2.3109861350551624,721.0,3,1.0815828402366874,3.415801354402115,1.033581137885759,-0.0826195204117608,-0.08392803880058872
7456.0,0.12927,21.169654,-1.935386,23.028074,0.13082,0.075813,0.072366,0.003447,0.0550069999999999,0.0584539999999999,3.909158,0.0626636125654451,2.000565862682236,722.0,3,1.080880177514792,3.112415349887415,1.0392110557985312,-0.08429887440547523,-0.08422753298824662
7457.0,0.129007,21.176874,-1.932368,23.023348,0.130957,0.07586,0.072314,0.0035459999999999,0.0550969999999999,0.0586429999999999,3.796003,0.0643580529238809,2.081701942900459,723.0,3,1.0843749999999992,3.2018058690746916,1.040911366577557,-0.08779581721091867,-0.083087928223639
7458.0,0.130189,21.177661,-1.936305,23.02046,0.130948,0.075792,0.072209,0.003583,0.055156,0.058739,3.696992,0.0649600232064833,2.1105265096047714,724.0,3,1.0861501479289952,3.2352144469528885,1.04202601475492,-0.08813372041826484,-0.083087928223639
7459.0,0.129139,21.182912,-1.937355,23.017047,0.130774,0.075624,0.072188,0.0034359999999999,0.05515,0.058586,3.899729,0.0623016808398758,1.983235231141793,725.0,3,1.0833210059171607,3.102483069977617,1.041912660702985,-0.08813372041826484,-0.08302079950958632
7460.0,0.135701,21.178974,-1.93263,23.022823,0.13036,0.076138,0.072056,0.004082,0.054222,0.058304,3.678133,0.0752817070246943,2.604766960200848,726.0,3,1.0781065088757407,3.685778781038708,1.024380567337031,-0.07327697022468949,-0.08302079950958632
7461.0,0.131501,21.184224,-1.937749,23.020854,0.130388,0.076359,0.072534,0.0038249999999999,0.054029,0.057854,3.564977,0.0707940033314824,2.389879085844396,727.0,3,1.069785502958581,3.453724604966362,1.0207343453331201,-0.07122347276568475,-0.08211967978035109
7462.0,0.137539,21.176611,-1.940243,23.020329,0.131206,0.07596,0.072487,0.003473,0.0552459999999999,0.0587189999999999,3.569692,0.0628631418900574,2.0101200657599865,728.0,3,1.0857803254437863,3.1358916478558143,1.043726325533944,-0.0894868584172831,-0.08211967978035109
7463.0,0.14082,21.174905,-1.935911,23.018228,0.130774,0.075891,0.072188,0.0037029999999999,0.054883,0.058586,3.687562,0.0674695721886159,2.2306930097191993,729.0,3,1.0833210059171607,3.3435665914223343,1.0368684053918753,-0.0826195204117608,-0.08211967978035109
7464.0,0.137933,21.17963,-1.935911,23.026892,0.130379,0.075503,0.072529,0.002974,0.0548759999999999,0.05785,3.564977,0.0541939245950034,1.595005832686586,730.0,3,1.0697115384615394,2.685327313769995,1.0367361589979491,-0.0826195204117608,-0.08156825977970068
7465.0,0.136095,21.176742,-1.93683,23.029912,0.130581,0.076364,0.072639,0.003725,0.054217,0.057942,3.564977,0.0687041204028183,2.289807750726228,731.0,3,1.0714127218934921,3.3634311512418393,1.024286105627085,-0.07360832311940835,-0.08094977159551645
7466.0,0.134651,21.176086,-1.947724,23.025054,0.130829,0.075823,0.07213,0.003693,0.055006,0.058699,3.588551,0.0671369098478375,2.2147639047302867,732.0,3,1.085410502958581,3.334537246049963,1.0391921634565437,-0.08429887440547523,-0.08108240247614615
7467.0,0.140033,21.179893,-1.937224,23.027811,0.131251,0.076133,0.071878,0.004255,0.055118,0.059373,3.654559,0.0771966109689945,2.696459653461738,733.0,3,1.0978735207100603,3.841986455982289,1.0413081057593314,-0.08779581721091867,-0.08228913595480643
7468.0,0.140952,21.184881,-1.948774,23.017703,0.131307,0.076343,0.072188,0.0041549999999999,0.054964,0.059119,3.748855,0.0755935595378875,2.6196996135696913,734.0,3,1.09317677514793,3.7516930022575856,1.0383986850929985,-0.0826195204117608,-0.08153533397072037
7469.0,0.141083,21.169785,-1.944574,23.029649,0.130709,0.076028,0.072634,0.0033939999999999,0.0546809999999999,0.0580749999999999,3.758284,0.0620679565487728,1.972043646417388,735.0,3,1.0738720414201175,3.0645598194132795,1.0330521523100602,-0.08194883857642254,-0.08153533397072037
7470.0,0.14187,21.172805,-1.949824,23.032931,0.13048,0.076222,0.072849,0.003373,0.054258,0.057631,3.663988,0.0621648021526382,1.9766809726265349,736.0,3,1.0656619822485218,3.0455981941312014,1.025060691648641,-0.0746032790309864,-0.08146826578718655
7471.0,0.140689,21.177005,-1.951661,23.026236,0.131141,0.076369,0.072519,0.00385,0.054772,0.058622,3.62627,0.0702901064393041,2.3657506363171263,737.0,3,1.0839866863905336,3.476297968397606,1.034771355431077,-0.08329080755228757,-0.0821014754198369
7472.0,0.146727,21.164929,-1.954549,23.031093,0.130663,0.075991,0.072419,0.003572,0.054672,0.058244,3.550833,0.0653338942439596,2.1284288396200632,738.0,3,1.0769970414201193,3.2252821670431815,1.0328821212321595,-0.08194883857642254,-0.0813645965109415
7473.0,0.144889,21.175692,-1.949561,23.026236,0.131536,0.076684,0.07317,0.003514,0.0548519999999999,0.0583659999999999,3.503685,0.0640621296920862,2.067532042523735,739.0,3,1.079252958579881,3.172911963882906,1.036282742790209,-0.0826195204117608,-0.07987959146539872
7474.0,0.142264,21.173723,-1.948511,23.025186,0.13138,0.076737,0.07297,0.003767,0.054643,0.05841,3.5084,0.0689371202693801,2.300964647320476,740.0,3,1.0800665680473382,3.4013544018061768,1.0323342433144733,-0.08194883857642254,-0.0798125232818649
7475.0,0.147121,21.173067,-1.95258,23.029518,0.131141,0.076558,0.072513,0.004045,0.054583,0.058628,3.786573,0.0741059651179834,2.5484680830029003,741.0,3,1.0840976331360956,3.652370203160601,1.0312007027951229,-0.0799404194459119,-0.0799467201794514
7476.0,0.140952,21.175561,-1.948511,23.038313,0.130875,0.076516,0.072876,0.00364,0.0543589999999999,0.0579989999999999,3.527259,0.0669610007358352,2.20634072491668,742.0,3,1.0724667159763306,3.2866817155759183,1.026968818189546,-0.07693008531652112,-0.08024601603795804
7477.0,0.142002,21.162041,-1.954286,23.033587,0.130829,0.076674,0.073212,0.003462,0.0541549999999999,0.057617,3.588551,0.0639264347440728,2.061034465826857,743.0,3,1.0654031065088767,3.1259593679461064,1.0231147804237541,-0.07294576675549103,-0.08073030732455577
7478.0,0.142658,21.158366,-1.95888,23.029387,0.13127,0.076584,0.073322,0.003262,0.054686,0.057948,3.739425,0.059648545358129,1.8561932776111636,744.0,3,1.0715236686390543,2.9453724604968805,1.0331466140200078,-0.08194883857642254,-0.08096531090746104
7479.0,0.149352,21.167685,-1.958092,23.028468,0.130829,0.076049,0.072251,0.003798,0.0547799999999999,0.058578,3.814862,0.0693306073273582,2.3198062650510733,745.0,3,1.0831730769230778,3.429345372460807,1.0349224941669886,-0.08329080755228757,-0.08096531090746104
7480.0,0.148827,21.165454,-1.964655,23.022823,0.13104,0.076569,0.07275,0.003819,0.0544709999999999,0.0582899999999999,3.61684,0.070109414010868,2.357098413596256,746.0,3,1.0778476331360938,3.4483069977429754,1.0290847604923334,-0.07759623761605283,-0.08109950780504754
7481.0,0.153552,21.175692,-1.96203,23.020591,0.131132,0.075965,0.072466,0.003499,0.0551669999999999,0.0586659999999999,3.696992,0.0634244489559165,2.0369975270384924,747.0,3,1.0848002958579874,3.1593679458242137,1.042233830516799,-0.08813372041826484,-0.08073191922966128
7482.0,0.147777,21.175561,-1.966099,23.024661,0.13093,0.075897,0.07245,0.003447,0.0550329999999999,0.0584799999999999,3.597981,0.06263400806774,1.9991482896831856,748.0,3,1.0813609467455614,3.112415349887415,1.0397022566902496,-0.08429887440547523,-0.08198759653973747
7483.0,0.150533,21.159941,-1.967674,23.028336,0.131049,0.076306,0.072844,0.0034619999999999,0.054743,0.0582049999999999,3.711136,0.063239807102148,2.028156191204855,749.0,3,1.0762758875739638,3.1259593679460167,1.034223477513391,-0.0826195204117608,-0.08364170570591668
7484.0,0.150927,21.164535,-1.970692,23.024004,0.131435,0.076621,0.072981,0.0036399999999999,0.054814,0.0584539999999999,3.668703,0.0664051810635773,2.179726020367966,750.0,3,1.080880177514792,3.2866817155758277,1.0355648337946224,-0.08329080755228757,-0.0842264035693663
7485.0,0.152896,21.171229,-1.97148,23.026367,0.131454,0.077052,0.073075,0.0039769999999999,0.0544019999999999,0.0583789999999999,3.720566,0.0731025862544344,2.5004225867085763,751.0,3,1.0794933431952656,3.590970654627774,1.0277811888950805,-0.07626453369204922,-0.08385794391967998
7486.0,0.151321,21.164798,-1.964917,23.026892,0.131555,0.076259,0.072918,0.0033409999999999,0.055296,0.058637,3.682848,0.060419190914516,1.8930946411625835,752.0,3,1.084264053254439,3.0167042889392346,1.0446709426334044,-0.0894868584172831,-0.08436027219925077
7487.0,0.156702,21.172542,-1.973186,23.021116,0.131233,0.075975,0.072771,0.0032039999999999,0.0552579999999999,0.0584619999999999,3.810147,0.0579815052751587,1.7763692240671816,753.0,3,1.081028106508875,2.893002257336515,1.043953033637814,-0.0894868584172831,-0.08432648187851616
7488.0,0.158671,21.163616,-1.972267,23.014946,0.131251,0.076206,0.072954,0.0032519999999999,0.055045,0.058297,3.682848,0.0590778621516548,1.828866851992721,754.0,3,1.0779770710059182,2.9363431151243287,1.0399289647941217,-0.08779581721091867,-0.08352304780717355
7489.0,0.165234,21.163616,-1.963474,23.020722,0.130636,0.07608,0.072702,0.0033779999999999,0.054556,0.057934,3.767714,0.061916894257382,1.964810224402142,755.0,3,1.0712647928994092,3.0501128668173414,1.0306906095614152,-0.07960621105542443,-0.08322171687153992
7490.0,0.165759,21.179105,-1.966624,23.020854,0.131261,0.076416,0.072891,0.003525,0.0548449999999999,0.0583699999999999,3.569692,0.064270867519965,2.077527182844275,756.0,3,1.0793269230769222,3.182844243792613,1.0361504963962849,-0.0826195204117608,-0.0828532572218536
7491.0,0.16694,21.172805,-1.971874,23.026499,0.130792,0.075676,0.072561,0.0031149999999999,0.055116,0.0582309999999999,3.692277,0.0565161383965018,1.7062020305015206,757.0,3,1.0767566568047329,2.812641083521609,1.0412703210753531,-0.08779581721091867,-0.08282000214901679
7492.0,0.167202,21.169523,-1.979223,23.019672,0.13059,0.076159,0.072744,0.003415,0.054431,0.057846,3.838436,0.0627388300999412,2.0041675568240853,758.0,3,1.069637573964498,3.083521444695539,1.0283290668127685,-0.07626453369204922,-0.08206620016493074
7493.0,0.166152,21.162697,-1.982767,23.027549,0.13115,0.076605,0.072813,0.003792,0.0545449999999999,0.0583369999999999,3.62627,0.069519304806952,2.3288417992704264,759.0,3,1.0787167159763307,3.42392776523733,1.0304827937995324,-0.07960621105542443,-0.08014571715801347
7494.0,0.16589,21.174248,-1.979355,23.020854,0.131086,0.076532,0.072272,0.00426,0.054554,0.058814,3.810147,0.078086334891394,2.739062930219449,760.0,3,1.0875369822485217,3.8465011286685193,1.030652824877437,-0.07960621105542443,-0.07800933676284823
7495.0,0.165102,21.168473,-1.980798,23.018753,0.131077,0.076779,0.07296,0.003819,0.054298,0.058117,3.579122,0.0703327869758191,2.3677943384853353,761.0,3,1.0746486686390544,3.4483069977429754,1.025816385328208,-0.07593198296368109,-0.07800933676284823
7496.0,0.166284,21.164404,-1.970561,23.018622,0.131031,0.076369,0.072865,0.003504,0.054662,0.058166,3.73471,0.0641018604906427,2.0694345003132772,762.0,3,1.0755547337278117,3.1638826185104443,1.0326931978122678,-0.08194883857642254,-0.07770800582721459
7497.0,0.170615,21.16296,-1.977123,23.022954,0.13082,0.07692,0.072687,0.004233,0.0538999999999999,0.0581329999999999,3.522544,0.0785328658095397,2.76044448443835,763.0,3,1.0749445266272182,3.822121896162874,1.0182972332165148,-0.07028202834811048,-0.07774179614794921
7498.0,0.166284,21.166373,-1.976467,23.023873,0.130195,0.076637,0.072519,0.0041179999999999,0.053558,0.057676,3.48954,0.0768871711570416,2.681642529164432,764.0,3,1.0664940828402376,3.718284424379479,1.0118360522562189,-0.06643201325926618,-0.0792674576287173
7499.0,0.17534,21.165191,-1.976598,23.026499,0.131013,0.07649,0.072613,0.003877,0.0545229999999999,0.0583999999999999,3.607411,0.0711063018120461,2.4048330937827123,765.0,3,1.079881656804733,3.500677200903251,1.0300671622757704,-0.07960621105542443,-0.08012020856500134
7500.0,0.175997,21.170704,-1.981323,23.022429,0.131187,0.076621,0.072881,0.0037399999999999,0.054566,0.058306,3.796003,0.0685395935272232,2.281929594549248,766.0,3,1.0781434911242613,3.376975169300441,1.030879532981307,-0.07960621105542443,-0.08042153950063498
7501.0,0.176259,21.170311,-1.991167,23.018753,0.131049,0.075886,0.071799,0.0040869999999999,0.055163,0.05925,3.654559,0.0740881734464504,2.547616151873234,767.0,3,1.0955991124260365,3.6902934537248484,1.0421582611488442,-0.08813372041826484,-0.08125822864481438
7502.0,0.17429,21.172411,-1.980536,23.022954,0.131104,0.075592,0.07266,0.002932,0.0555119999999999,0.0584439999999999,3.847866,0.0528164574063733,1.5290476018416648,768.0,3,1.0806952662721885,2.6474040632056575,1.0487516885030643,-0.09152114849973014,-0.0811577397448543
7503.0,0.169959,21.165191,-1.987098,23.019672,0.131307,0.076143,0.072146,0.003997,0.055164,0.059161,3.654559,0.0724553611891598,2.469431053395571,769.0,3,1.093953402366865,3.609029345372787,1.0421771534908335,-0.08813372041826484,-0.082458617665272
7504.0,0.17219,21.185668,-1.98408,23.02256,0.131123,0.07618,0.072182,0.003998,0.0549429999999999,0.0589409999999999,3.475396,0.0727649970879441,2.4842575670566345,770.0,3,1.089885355029585,3.609932279910033,1.038001945911224,-0.0826195204117608,-0.08407736838052146
7505.0,0.173765,21.172673,-1.995367,23.011402,0.131692,0.076663,0.071957,0.004706,0.055029,0.059735,3.531974,0.0855169907323278,3.0948702534943493,771.0,3,1.1045673076923088,4.249209932280294,1.0396266873222948,-0.08429887440547523,-0.08427811972274049
7506.0,0.182297,21.175298,-1.994448,23.013371,0.131215,0.076626,0.072246,0.0043799999999999,0.054589,0.0589689999999999,3.461252,0.080234475178604,2.841923843437996,772.0,3,1.090403106508875,3.9548532731379646,1.031314056847058,-0.0809439495768216,-0.08509708033828992
7507.0,0.185184,21.175298,-1.993005,23.024267,0.131196,0.076432,0.072387,0.0040449999999999,0.054764,0.058809,3.706422,0.0738610426367204,2.536740287457859,773.0,3,1.08744452662722,3.6523702031605114,1.0346202166951637,-0.08329080755228757,-0.08523239413819174
7508.0,0.17954,21.176217,-1.98828,23.024792,0.131049,0.076301,0.07223,0.0040709999999999,0.054748,0.0588189999999999,3.564977,0.0743575225118265,2.56051358273662,774.0,3,1.0876294378698217,3.6758465011289108,1.0343179392233368,-0.0826195204117608,-0.0843422313293948
7509.0,0.180459,21.18173,-2.001798,23.029649,0.131224,0.0766,0.07286,0.00374,0.054624,0.058364,3.635699,0.068466819221968,2.278444891272667,775.0,3,1.079215976331362,3.376975169300531,1.031975288816679,-0.08161372447761461,-0.08369023173532977
7510.0,0.180197,21.176217,-1.992611,23.023085,0.131095,0.076002,0.07254,0.003462,0.0550929999999999,0.0585549999999999,3.659273,0.0628380585907722,2.008918984486864,776.0,3,1.0827477810650878,3.1259593679461064,1.0408357972096,-0.08779581721091867,-0.08375736044938245
7511.0,0.182034,21.177005,-1.995367,23.023348,0.131215,0.075933,0.07214,0.003793,0.055282,0.059075,3.49897,0.0686106036213665,2.285329820863514,777.0,3,1.0923631656804744,3.424830699774576,1.044406449845556,-0.0894868584172831,-0.08352235686647719
7512.0,0.184397,21.178186,-1.996942,23.018753,0.131178,0.076296,0.072377,0.003919,0.0548819999999999,0.0588009999999999,3.725281,0.0714064464406101,2.419205130271924,778.0,3,1.0872965976331352,3.5386004514675884,1.0368495130498843,-0.0826195204117608,-0.08338858301433746
7513.0,0.187416,21.176217,-2.002192,23.02558,0.130581,0.075965,0.072351,0.003614,0.054616,0.05823,3.541403,0.0661698738488017,2.168458639395301,779.0,3,1.0767381656804744,3.263205417607519,1.0318241500807657,-0.08161372447761461,-0.08400818810083702
7514.0,0.185184,21.174248,-2.007967,23.02663,0.130746,0.07597,0.072666,0.003304,0.054776,0.05808,3.692277,0.0603172864523431,1.8882150780807112,780.0,3,1.073964497041421,2.983295711061218,1.0348469247990337,-0.08329080755228757,-0.08417612350020846
7515.0,0.185972,21.16926,-2.001011,23.027155,0.13081,0.076154,0.072125,0.004029,0.054656,0.058685,3.366955,0.0737142543498546,2.529711520609298,781.0,3,1.0851516272189359,3.637923250564663,1.0325798437603328,-0.08194883857642254,-0.08444463849299452
7516.0,0.197916,21.181599,-2.002455,23.024267,0.130884,0.076364,0.072372,0.0039919999999999,0.05452,0.0585119999999999,3.654559,0.0732194934062103,2.5060205341354984,782.0,3,1.0819526627218927,3.604514672686466,1.0300104852498049,-0.07960621105542443,-0.08399413752713142
7517.0,0.192535,21.172279,-2.002717,23.022954,0.130893,0.075529,0.072288,0.0032409999999999,0.055364,0.058605,3.612125,0.0585387880429873,1.803053987050819,783.0,3,1.0836723372781074,2.9264108352146216,1.0459556218886683,-0.0894868584172831,-0.08382503340649497
7518.0,0.193453,21.17753,-2.009017,23.026367,0.131224,0.076227,0.071962,0.004265,0.054997,0.059262,3.564977,0.0775482744827085,2.7132986049872216,784.0,3,1.095821005917161,3.85101580135475,1.0390221323786413,-0.08429887440547523,-0.08468125313651234
7519.0,0.194241,21.182255,-2.009017,23.021379,0.131279,0.076296,0.072718,0.0035779999999999,0.054983,0.058561,3.564977,0.0650734759202676,2.1159590457461306,785.0,3,1.082858727810652,3.2306997742665677,1.0387576395907927,-0.08429887440547523,-0.08529946240984274
7520.0,0.193322,21.172279,-2.009936,23.02256,0.13115,0.076348,0.072519,0.0038289999999999,0.0548019999999999,0.0586309999999999,3.847866,0.0698684378592412,2.345559582930586,786.0,3,1.084153106508875,3.457336343115347,1.0353381256907503,-0.08329080755228757,-0.08433121396655482
7521.0,0.195291,21.172805,-2.012954,23.026236,0.131206,0.076138,0.072109,0.0040289999999999,0.0550679999999999,0.0590969999999999,3.531974,0.0731627594472387,2.503303902049099,787.0,3,1.0927699704142004,3.637923250564573,1.040363488659871,-0.08779581721091867,-0.08335785004677564
7522.0,0.196997,21.181862,-2.012561,23.025448,0.131307,0.075692,0.071432,0.00426,0.055615,0.059875,3.484826,0.07659666283084,2.6677319145231952,788.0,3,1.1071560650887584,3.8465011286685193,1.0506975997279513,-0.0911817177119344,-0.08434591478296151
7523.0,0.195422,21.179761,-2.005211,23.023742,0.131059,0.075949,0.071615,0.004334,0.05511,0.059444,3.621555,0.0786412875832411,2.7656361205349795,789.0,3,1.0991863905325454,3.9133182844247334,1.041156967023418,-0.08779581721091867,-0.08434591478296151
7524.0,0.209073,21.173723,-2.024242,23.026892,0.131068,0.076857,0.072823,0.0040339999999999,0.0542109999999999,0.0582449999999999,3.310378,0.0744115693942299,2.5631015476445618,790.0,3,1.077015532544378,3.642437923250803,1.024172751575148,-0.07360832311940835,-0.08300534687572816
7525.0,0.201722,21.185537,-2.010592,23.027155,0.131114,0.077046,0.072471,0.004575,0.054068,0.058643,3.517829,0.0846141042001888,3.051636702230728,791.0,3,1.084375000000001,4.130925507901051,1.021471146670698,-0.07221519937863075,-0.08220191280438557
7526.0,0.209335,21.188556,-2.010067,23.023873,0.131986,0.076632,0.072519,0.004113,0.0553539999999999,0.0594669999999999,3.880869,0.0743022310541054,2.5578660229528207,792.0,3,1.0996116863905319,3.713769751693339,1.0457666984687748,-0.0894868584172831,-0.08282151789088513
7527.0,0.206054,21.178449,-2.007442,23.026892,0.131307,0.075944,0.072366,0.0035779999999999,0.055363,0.058941,3.673418,0.0646268333212917,2.0945721438354385,793.0,3,1.0898853550295868,3.2306997742665677,1.0459367295466793,-0.0894868584172831,-0.08319405101976626
7528.0,0.209991,21.176874,-2.012561,23.029912,0.13048,0.076527,0.072204,0.0043229999999999,0.053953,0.058276,3.607411,0.0801238091707749,2.836624745099156,794.0,3,1.0775887573964509,3.9033860045149353,1.0192985273419428,-0.07089319533314187,-0.08302456509030114
7529.0,0.205922,21.182912,-2.017417,23.029518,0.130774,0.076348,0.072109,0.0042389999999999,0.054426,0.0586649999999999,3.484826,0.0778841383871973,2.7293810127045215,795.0,3,1.084781804733727,3.8275395033862605,1.0282346051028226,-0.07626453369204922,-0.08257406412443803
7530.0,0.213666,21.183568,-2.023454,23.028074,0.131206,0.075986,0.073038,0.0029479999999999,0.0552199999999999,0.0581679999999999,3.829007,0.0533854874051537,1.5562948657525864,796.0,3,1.0755917159763306,2.661851015801505,1.0432351246422253,-0.0894868584172831,-0.08402660385432367
7531.0,0.211041,21.183174,-2.015711,23.029912,0.131435,0.075965,0.072818,0.003147,0.0554699999999999,0.058617,3.876155,0.0567323466315734,1.7165548815872933,797.0,3,1.0838942307692319,2.8415349887135752,1.047958210139519,-0.09152114849973014,-0.08561845595828708
7532.0,0.216948,21.179761,-2.015054,23.032931,0.131307,0.076007,0.072251,0.003756,0.0553,0.059056,3.612125,0.0679192058009802,2.2522231324290223,798.0,3,1.0920118343195275,3.3914221218964693,1.0447465120013613,-0.0894868584172831,-0.08544935183765065
7533.0,0.216292,21.182518,-2.019386,23.027943,0.131656,0.076878,0.072424,0.004454,0.0547779999999999,0.0592319999999999,3.781858,0.0813085306413041,2.893353597071167,799.0,3,1.0952662721893485,4.021670428894269,1.0348847094830103,-0.08329080755228757,-0.08419367452757445
7534.0,0.212616,21.179893,-2.017679,23.030043,0.131215,0.076028,0.072182,0.003846,0.055187,0.059033,3.513114,0.0696890628397478,2.3369704426293,800.0,3,1.0915865384615395,3.472686230248621,1.0426116773565846,-0.08813372041826484,-0.08656264750105842
7535.0,0.21616,21.1879,-2.022142,23.027286,0.131702,0.076532,0.072876,0.003656,0.05517,0.058826,3.711136,0.0662666980841385,2.173094942400148,801.0,3,1.0877588757396461,3.3011286681718564,1.0422905075427684,-0.08813372041826484,-0.08788487997358181
7536.0,0.217735,21.184881,-2.020961,23.035294,0.131316,0.076217,0.072629,0.0035879999999999,0.0550989999999999,0.0586869999999999,3.696992,0.0651179673321233,2.118089459332758,802.0,3,1.0851886094674548,3.239729119639029,1.0409491512615352,-0.08779581721091867,-0.08709756657961495
7537.0,0.223117,21.183305,-2.020173,23.030043,0.130985,0.076595,0.072561,0.0040339999999999,0.0543899999999999,0.0584239999999999,3.75357,0.0741666819878288,2.551375431613814,803.0,3,1.0803254437869814,3.642437923250803,1.0275544807912103,-0.07693008531652112,-0.08620740377081802
7538.0,0.224954,21.19525,-2.024504,23.030174,0.131353,0.075561,0.071852,0.003709,0.0557919999999999,0.059501,3.73471,0.0664778735683688,2.183206806735375,804.0,3,1.1002403846153856,3.3489841986459012,1.0540415442600333,-0.0945829250679816,-0.08641083277906272
7539.0,0.221542,21.16821,-2.022011,23.032931,0.13115,0.075918,0.072482,0.0034359999999999,0.0552319999999999,0.0586679999999999,3.663988,0.0622091865370339,1.9788062613419704,805.0,3,1.084837278106508,3.102483069977617,1.0434618327460954,-0.0894868584172831,-0.08627663588147623
7540.0,0.226529,21.170442,-2.028573,23.034112,0.131435,0.0768,0.072792,0.0040079999999999,0.054635,0.058643,3.701707,0.0733582253459257,2.5126635332434546,806.0,3,1.084375000000001,3.6189616252824037,1.03218310457856,-0.08161372447761461,-0.08572521588082582
7541.0,0.23388,21.176874,-2.023192,23.028599,0.131408,0.076668,0.072744,0.0039239999999999,0.05474,0.0586639999999999,3.701707,0.0716830163862552,2.4324483236272356,807.0,3,1.0847633136094665,3.543115124153729,1.0341668004874234,-0.0826195204117608,-0.08487246494454179
7542.0,0.225873,21.186324,-2.025423,23.029255,0.131417,0.07597,0.072077,0.0038929999999999,0.055447,0.05934,3.673418,0.0702099264175442,2.361911319905059,808.0,3,1.0972633136094685,3.515124153499099,1.04752368627377,-0.09152114849973014,-0.08504156906517822
7543.0,0.227317,21.181205,-2.030279,23.029387,0.131022,0.076374,0.072372,0.0040019999999999,0.054648,0.0586499999999999,3.649844,0.0732309831835896,2.5065707072321755,809.0,3,1.0845044378698216,3.6135440180589273,1.0324287050244194,-0.08194883857642254,-0.0853426024781173
7544.0,0.228761,21.186981,-2.021486,23.024529,0.130755,0.076012,0.071726,0.0042859999999999,0.054743,0.059029,3.706422,0.0782916849335086,2.7488958508099444,810.0,3,1.091512573964498,3.869977426636829,1.034223477513391,-0.0826195204117608,-0.08503642482129216
7545.0,0.228367,21.171623,-2.031329,23.025186,0.130994,0.076485,0.072156,0.0043289999999999,0.054509,0.058838,3.800718,0.0794166208035222,2.802761946795782,811.0,3,1.0879807692307704,3.908803611738412,1.029802669487924,-0.07960621105542443,-0.08523985382953686
7546.0,0.235848,21.183437,-2.033823,23.027417,0.131417,0.07608,0.072335,0.0037449999999999,0.055337,0.059082,3.437677,0.0676750153601503,2.240530389691242,812.0,3,1.0924926035502969,3.3814898419866717,1.0454455286549607,-0.0894868584172831,-0.08623059623174842
7547.0,0.23283,21.186456,-2.032642,23.022166,0.131022,0.076443,0.072156,0.0042869999999999,0.054579,0.058866,3.569692,0.078545254672041,2.7610377090606932,813.0,3,1.0884985207100604,3.870880361174075,1.0311251334271663,-0.0799404194459119,-0.08729070427869598
7548.0,0.242017,21.184093,-2.030936,23.025054,0.13183,0.07639,0.072519,0.0038709999999999,0.05544,0.059311,3.640414,0.0698219729081365,2.3433346689751327,814.0,3,1.0967270710059183,3.4952595936796844,1.0473914398798458,-0.09152114849973014,-0.08708727527045126
7549.0,0.237949,21.180943,-2.040386,23.017834,0.131444,0.075986,0.072172,0.0038139999999999,0.055458,0.059272,3.786573,0.068771524910294,2.293035328196506,815.0,3,1.0960059171597643,3.4437923250566547,1.0477315020356508,-0.09152114849973014,-0.08784107725453733
7550.0,0.239392,21.188818,-2.047079,23.019541,0.131297,0.075865,0.071993,0.003872,0.0554319999999999,0.0593039999999999,3.630985,0.0698500892969891,2.3446809858106796,816.0,3,1.0965976331360938,3.496162528217021,1.0472403011439304,-0.09152114849973014,-0.08784107725453733
7551.0,0.238999,21.187375,-2.04196,23.02361,0.131885,0.076196,0.072765,0.003431,0.055689,0.05912,3.48954,0.0616089064463997,1.950062627289217,817.0,3,1.0931952662721904,3.097968397291477,1.0520956330351503,-0.0932206008812364,-0.08933874865579304
7552.0,0.241492,21.188687,-2.047867,23.022298,0.13172,0.076332,0.072534,0.0037979999999999,0.055388,0.059186,3.649844,0.0685695715755835,2.2833650545372213,818.0,3,1.0944156804733738,3.4293453724607166,1.0464090380964086,-0.0894868584172831,-0.08865201485524081
7553.0,0.248186,21.19,-2.047079,23.027811,0.1315,0.07629,0.07266,0.0036299999999999,0.05521,0.05884,3.574407,0.0657477676549961,2.148246631441929,819.0,3,1.088017751479291,3.2776523702033664,1.0430462012223356,-0.0894868584172831,-0.08981008776062263
7554.0,0.248055,21.165323,-2.05351,23.018491,0.131196,0.076348,0.07266,0.0036879999999999,0.054848,0.058536,3.715851,0.0672391474776203,2.2196594211112997,820.0,3,1.082396449704143,3.3300225733636424,1.0362071734222542,-0.0826195204117608,-0.08977614468184306
7555.0,0.256455,21.182518,-2.039992,23.019278,0.131674,0.075918,0.072508,0.0034099999999999,0.055756,0.059166,4.069462,0.0611582402209587,1.9284830592406943,821.0,3,1.094045857988167,3.0790067720092176,1.053361419948425,-0.0945829250679816,-0.08957271567359835
7556.0,0.251861,21.184618,-2.041304,23.022298,0.13093,0.076201,0.072188,0.004013,0.0547289999999999,0.0587419999999999,3.428248,0.0733235885254888,2.511004993993324,822.0,3,1.0862056213017743,3.6234762979687254,1.0339589847255406,-0.0826195204117608,-0.08953877259481878
7557.0,0.250549,21.182518,-2.042354,23.020722,0.130581,0.075099,0.072125,0.002974,0.055482,0.058456,3.602696,0.0536020042175081,1.5666624926615675,823.0,3,1.0809171597633147,2.685327313769995,1.0481849182433909,-0.09152114849973014,-0.08847866454787122
7558.0,0.252912,21.184749,-2.051804,23.017309,0.130985,0.075387,0.071925,0.0034619999999999,0.0555979999999999,0.0590599999999999,3.527259,0.0622673069659525,1.981589282744628,824.0,3,1.0920857988165673,3.1259593679460167,1.0503764299141334,-0.0911817177119344,-0.08868209355611592
7559.0,0.255405,21.180811,-2.04196,23.020985,0.131233,0.075902,0.072335,0.003567,0.0553309999999999,0.0588979999999999,3.701707,0.0644654088050314,2.086842540113905,825.0,3,1.0890902366863897,3.2207674943569504,1.0453321746030237,-0.0894868584172831,-0.08851298943547949
7560.0,0.255143,21.186849,-2.049704,23.018228,0.130948,0.075293,0.072361,0.002932,0.055655,0.058587,3.725281,0.0526807531982176,1.5225495817348764,826.0,3,1.0833394970414212,2.6474040632056575,1.0514532934075183,-0.0911817177119344,-0.08970932990110156
7561.0,0.260918,21.189737,-2.052592,23.015472,0.131472,0.076737,0.072219,0.0045179999999999,0.054735,0.059253,3.630985,0.082541654486992,2.9524001340381516,827.0,3,1.0956545857988176,4.079458239277931,1.0340723387774775,-0.0826195204117608,-0.08919972323603172
7562.0,0.263937,21.185799,-2.054035,23.010877,0.131646,0.076238,0.072671,0.003567,0.055408,0.058975,3.659273,0.0643758234221877,2.0825528601776333,828.0,3,1.0905140532544388,3.2207674943569504,1.046786884936192,-0.09152114849973014,-0.0897173529159475
7563.0,0.265512,21.184618,-2.055873,23.008383,0.131582,0.076479,0.071962,0.004517,0.055103,0.05962,3.687562,0.0819722706155634,2.9251359253941627,829.0,3,1.102440828402368,4.078555304740775,1.0410247206294938,-0.08779581721091867,-0.0895139239077028
7564.0,0.2705,21.188425,-2.053117,23.011796,0.131784,0.075928,0.072624,0.003304,0.055856,0.05916,3.569692,0.0591510464221136,1.832371185921677,830.0,3,1.0939349112426047,2.983295711061218,1.0552506541473423,-0.0945829250679816,-0.08920912417833585
7565.0,0.271287,21.186981,-2.051673,23.005495,0.131656,0.076301,0.07286,0.0034409999999999,0.055355,0.058796,3.791288,0.0621612833297203,1.9765124783522323,831.0,3,1.0872041420118355,3.1069977426638475,1.0457855908107658,-0.0894868584172831,-0.08920912417833585
7566.0,0.270368,21.178974,-2.049442,23.005757,0.131362,0.076317,0.072729,0.0035879999999999,0.055045,0.058633,3.597981,0.0651818479090214,2.1211482979550724,832.0,3,1.0841900887573974,3.239729119639029,1.0399289647941217,-0.08779581721091867,-0.08842003316237115
7567.0,0.278375,21.196169,-2.056923,23.008383,0.131463,0.076133,0.072681,0.003452,0.0553299999999999,0.058782,3.607411,0.0623881729952469,1.98737679589,833.0,3,1.0869452662721903,3.1169300225736456,1.0453132822610345,-0.0894868584172831,-0.08842003316237115
7568.0,0.274831,21.174248,-2.057448,23.001425,0.131931,0.076773,0.072729,0.0040439999999999,0.055158,0.0592019999999999,3.824292,0.073315324788339,2.510609295651419,834.0,3,1.0947115384615378,3.651467268623265,1.0420637994388984,-0.08813372041826484,-0.08804750003349002
7569.0,0.277325,21.178055,-2.054035,23.005626,0.131582,0.076238,0.073138,0.0031,0.055344,0.058444,3.758284,0.0560122865660855,1.6820757386983125,835.0,3,1.0806952662721905,2.799097065463007,1.0455777750488848,-0.0894868584172831,-0.08821660415412645
7570.0,0.269581,21.188818,-2.055479,23.009958,0.13138,0.076616,0.072498,0.0041179999999999,0.0547639999999999,0.0588819999999999,3.715851,0.075194010773304,2.60056773887552,836.0,3,1.0887943786982242,3.718284424379479,1.0346202166951617,-0.08329080755228757,-0.08708739240255706
7571.0,0.277325,21.177924,-2.058498,23.006414,0.131858,0.076989,0.073023,0.0039659999999999,0.054869,0.058835,3.362241,0.0722799343903772,2.4610309685253133,837.0,3,1.0879252958579892,3.5810383747180667,1.036603912604027,-0.0826195204117608,-0.08656859400137626
7572.0,0.281656,21.17543,-2.056923,23.006676,0.131196,0.076112,0.07275,0.003362,0.055084,0.058446,3.49897,0.0610329490786966,1.9224836552967313,838.0,3,1.0807322485207111,3.0356659142214935,1.0406657661316996,-0.08779581721091867,-0.08694112713025741
7573.0,0.279687,21.189737,-2.058104,23.006282,0.131398,0.076191,0.07233,0.0038609999999999,0.0552069999999999,0.0590679999999999,3.630985,0.0699355165917981,2.348771561091147,839.0,3,1.09223372781065,3.486230248307223,1.042989524196366,-0.0894868584172831,-0.08711061305972254
7574.0,0.277587,21.179761,-2.061517,23.012058,0.131215,0.076411,0.072534,0.003877,0.0548039999999999,0.058681,3.843151,0.0707417206459265,2.3873755972157387,840.0,3,1.0850776627218945,3.500677200903251,1.0353759103747286,-0.08329080755228757,-0.08724592685962437
7575.0,0.27995,21.175561,-2.063617,23.010877,0.130967,0.075975,0.072267,0.003708,0.054992,0.0587,3.715851,0.0674267634062517,2.228643166664734,841.0,3,1.0854289940828414,3.348081264108655,1.0389276706686954,-0.08429887440547523,-0.08724592685962437
7576.0,0.284019,21.180811,-2.066635,23.017178,0.131031,0.075566,0.072613,0.0029529999999999,0.055465,0.058418,3.75357,0.0532398225940215,1.5493198950832705,842.0,3,1.0802144970414211,2.6663656884877356,1.047863748429575,-0.09152114849973014,-0.08837513861119377
7577.0,0.282444,21.17333,-2.071229,23.011271,0.131417,0.075839,0.072445,0.003394,0.055578,0.058972,3.564977,0.0610662300509186,1.9240772715125536,843.0,3,1.0904585798816577,3.0645598194133696,1.049998583074352,-0.0911817177119344,-0.08957147907681585
7578.0,0.277981,21.166241,-2.079891,23.010352,0.13149,0.076159,0.072645,0.003514,0.0553309999999999,0.0588449999999999,3.701707,0.0635075543989012,2.0409769234539574,844.0,3,1.0881102071005908,3.172911963882906,1.0453321746030237,-0.0894868584172831,-0.09025018986252215
7579.0,0.288875,21.18383,-2.068473,23.010877,0.131353,0.076107,0.071957,0.00415,0.055246,0.059396,3.569692,0.0751172009339873,2.5968897992812936,845.0,3,1.0982988165680483,3.747178329571445,1.043726325533946,-0.0894868584172831,-0.09025018986252215
7580.0,0.291632,21.177399,-2.06821,23.00707,0.132345,0.076369,0.072335,0.004034,0.0559759999999999,0.0600099999999999,3.654559,0.0720653125390787,2.4507540793702356,846.0,3,1.1096523668639044,3.642437923250894,1.0575177351860414,-0.0945829250679816,-0.0910732239572664
7581.0,0.290188,21.179236,-2.082516,23.007595,0.132042,0.076128,0.072849,0.003279,0.0559139999999999,0.0591929999999999,3.659273,0.0586425824912814,1.8080240496682936,847.0,3,1.0945451183431945,2.9607223476300644,1.0563464099827127,-0.0945829250679816,-0.09159202235844718
7582.0,0.2936,21.178317,-2.070442,23.011402,0.131233,0.075408,0.072592,0.0028159999999999,0.0558249999999999,0.0586409999999999,3.560263,0.0504424461720345,1.4153711510953624,848.0,3,1.0843380177514785,2.542663656885016,1.054664991545676,-0.0945829250679816,-0.09189820001527234
7583.0,0.293075,21.188031,-2.063617,23.01324,0.131077,0.075881,0.07245,0.003431,0.0551959999999999,0.058627,3.729996,0.0621591753174992,1.9764115389194432,849.0,3,1.0840791420118354,3.097968397291477,1.042781708434485,-0.0894868584172831,-0.09223832075087705
7584.0,0.295963,21.179236,-2.07346,23.005495,0.131812,0.07639,0.072928,0.0034619999999999,0.055422,0.058884,3.748855,0.0624650415892317,1.99105754887535,850.0,3,1.0888313609467466,3.1259593679460167,1.0470513777240404,-0.09152114849973014,-0.09206921663024062
7585.0,0.302394,21.187112,-2.074248,23.011008,0.131003,0.075676,0.072571,0.0031049999999999,0.055327,0.058432,3.513114,0.05611986697513,1.6872270871389277,851.0,3,1.080473372781066,2.8036117381491477,1.045256605235069,-0.0894868584172831,-0.09257882329531046
7586.0,0.299901,21.188687,-2.079235,23.003263,0.132198,0.076033,0.072487,0.003546,0.056165,0.059711,3.607411,0.063134280525585,2.0231031878704218,852.0,3,1.1041235207100601,3.2018058690747817,1.0610883878219974,-0.0945829250679816,-0.09257882329531046
7587.0,0.300163,21.183437,-2.067292,22.99985,0.131849,0.075713,0.07182,0.003893,0.0561359999999999,0.060029,3.696992,0.0693482017207903,2.3206487497745956,853.0,3,1.1100036982248531,3.5151241534991895,1.0605405099043095,-0.0945829250679816,-0.09257882329531046
7588.0,0.31027,21.181599,-2.070704,23.003657,0.131821,0.076705,0.072807,0.0038979999999999,0.055116,0.059014,3.541403,0.070722281691674,2.3864447880882653,854.0,3,1.0912352071005926,3.5196388261853295,1.0412703210753531,-0.08779581721091867,-0.09257882329531046
7589.0,0.309745,21.188818,-2.07976,22.998537,0.132409,0.076007,0.072272,0.003735,0.0564019999999999,0.0601369999999999,3.876155,0.0662198819211744,2.1708532111200527,855.0,3,1.1120007396449696,3.3724604966143006,1.0655658728734299,-0.0945829250679816,-0.09308842996038032
7590.0,0.302001,21.185143,-2.078841,22.999062,0.13194,0.076049,0.072597,0.003452,0.0558909999999999,0.059343,3.819577,0.0617619695126316,1.957391853814313,856.0,3,1.0973187869822496,3.1169300225736456,1.0559118861169616,-0.0945829250679816,-0.09308842996038032
7591.0,0.301869,21.189212,-2.084223,22.996831,0.131849,0.076023,0.07255,0.0034729999999999,0.055826,0.0592989999999999,3.805433,0.0622100417360773,1.9788472114396496,857.0,3,1.096505177514792,3.135891647855724,1.054683883887667,-0.0945829250679816,-0.09329185896862502
7592.0,0.308563,21.18173,-2.078973,22.992893,0.131637,0.075629,0.072182,0.003447,0.056008,0.059455,3.621555,0.0615436804799229,1.9469393664308303,858.0,3,1.0993897928994094,3.112415349887415,1.058122290129697,-0.0945829250679816,-0.09298568131179988
7593.0,0.309351,21.191837,-2.075823,22.990267,0.131334,0.075398,0.072051,0.003347,0.055936,0.059283,3.847866,0.0598351717110321,1.8651296386135403,859.0,3,1.0962093195266283,3.0221218961628016,1.0567620415064762,-0.0945829250679816,-0.09148800991054415
7594.0,0.309876,21.195513,-2.075035,22.987904,0.132087,0.076516,0.072739,0.003777,0.055571,0.059348,3.635699,0.0679658820988987,2.254458166452705,860.0,3,1.0974112426035514,3.410383747178638,1.0498663366804275,-0.09152114849973014,-0.09097038023062837
7595.0,0.308957,21.187375,-2.076479,22.993549,0.132005,0.076511,0.073422,0.0030889999999999,0.055494,0.058583,3.654559,0.0556626723128208,1.6653349133531794,861.0,3,1.0832655325443798,2.7891647855532096,1.0484116263472611,-0.09152114849973014,-0.09029166944492208
7596.0,0.312238,21.190787,-2.075298,22.992105,0.131619,0.076191,0.071941,0.0042499999999999,0.055428,0.059678,3.678133,0.0766746648866115,2.671466941857,862.0,3,1.1035133136094686,3.8374717832959675,1.0471647317759756,-0.09152114849973014,-0.08961295865921579
7597.0,0.314339,21.187112,-2.073854,22.996174,0.13059,0.076096,0.072377,0.003719,0.054494,0.058213,3.668703,0.0682447931002844,2.2678134582276614,863.0,3,1.0764238165680484,3.3580135440183625,1.0295192843580865,-0.07960621105542443,-0.08893424787350948
7598.0,0.316701,21.194463,-2.083829,22.998143,0.13149,0.076768,0.072309,0.004459,0.0547219999999999,0.059181,3.701707,0.0814831058238767,2.9017129034030775,864.0,3,1.094323224852072,4.0261851015805,1.0338267383316164,-0.0826195204117608,-0.08859412713790477
7599.0,0.315389,21.193413,-2.075166,22.992893,0.131867,0.076747,0.072729,0.0040179999999999,0.05512,0.059138,3.890299,0.0728941782623681,2.4904432401483825,865.0,3,1.0935281065088769,3.6279909706548654,1.0413458904433097,-0.08779581721091867,-0.08828794948107963
7600.0,0.321426,21.204439,-2.080416,22.992105,0.131821,0.07671,0.072797,0.003913,0.0551109999999999,0.0590239999999999,3.791288,0.0710008709536943,2.39978467379075,866.0,3,1.0914201183431946,3.533182844244112,1.0411758593654055,-0.08779581721091867,-0.08859412713790477
7601.0,0.31237,21.194594,-2.073329,22.992761,0.131784,0.076668,0.073327,0.0033409999999999,0.055116,0.058457,3.701707,0.0606165067039206,1.9025428519761125,867.0,3,1.0809356508875752,3.0167042889392346,1.0412703210753531,-0.08779581721091867,-0.08822159400902362
7602.0,0.323395,21.205751,-2.071098,22.988954,0.131748,0.076128,0.072256,0.003872,0.05562,0.059492,3.833721,0.0696139947142266,2.33337590274255,868.0,3,1.1000739644970425,3.496162528217021,1.0507920614378972,-0.0911817177119344,-0.08852777166584877
7603.0,0.326283,21.199319,-2.081204,22.994074,0.132032,0.076563,0.073254,0.003309,0.055469,0.058778,3.762999,0.0596538669551109,1.8564480953847544,869.0,3,1.086871301775149,2.9878103837474486,1.0479393177975318,-0.09152114849973014,-0.0893467322813982
7604.0,0.323526,21.191181,-2.080679,23.000244,0.13228,0.076521,0.073227,0.003294,0.055759,0.059053,3.994025,0.0590746054519369,1.828710909148089,870.0,3,1.0919563609467466,2.9742663656887567,1.0534180969743925,-0.0945829250679816,-0.09020295201141555
7605.0,0.320639,21.186981,-2.079366,23.001425,0.131692,0.076605,0.072876,0.003729,0.055087,0.058816,3.720566,0.067691693290735,2.2413289907792406,871.0,3,1.0875739644970426,3.3670428893908237,1.040722443157667,-0.08779581721091867,-0.09037205613205199
7606.0,0.314732,21.189737,-2.073329,22.997356,0.132427,0.076317,0.072975,0.0033419999999999,0.0561099999999999,0.0594519999999999,3.593266,0.0595605139812157,1.8519780092345617,872.0,3,1.0993343195266265,3.017607223476481,1.0600493090125909,-0.0945829250679816,-0.08992155516618888
7607.0,0.322083,21.199713,-2.075035,22.996831,0.130985,0.075891,0.072571,0.00332,0.0550939999999999,0.0584139999999999,3.536688,0.0602595516834559,1.8854505235087584,873.0,3,1.0801405325443778,2.997742663657156,1.0408546895515893,-0.08779581721091867,-0.0894039254862731
7608.0,0.322739,21.200894,-2.074117,22.994205,0.131288,0.075639,0.072471,0.003168,0.0556489999999999,0.0588169999999999,3.706422,0.0569272237196766,1.725886318350066,874.0,3,1.087592455621301,2.860496613995744,1.0513399393555813,-0.0911817177119344,-0.08943786856505268
7609.0,0.326676,21.194331,-2.07346,22.991842,0.131031,0.075755,0.072592,0.0031629999999999,0.055276,0.058439,3.942162,0.0572209056207825,1.7399488955119835,875.0,3,1.0806028106508885,2.855981941309423,1.044293095793621,-0.0894868584172831,-0.08943786856505268
7610.0,0.327333,21.195381,-2.077266,22.991974,0.131261,0.076474,0.073185,0.003289,0.0547869999999999,0.0580759999999999,3.668703,0.0600313937358545,1.8745254759278,876.0,3,1.073890532544378,2.969751693002526,1.0350547405609127,-0.08329080755228757,-0.08943786856505268
7611.0,0.326283,21.202601,-2.079891,22.999456,0.131187,0.076479,0.072708,0.003771,0.0547079999999999,0.058479,3.838436,0.0689283298908773,2.300543731440023,877.0,3,1.081342455621303,3.404966139955161,1.0335622455437679,-0.0826195204117608,-0.08987833379960734
7612.0,0.32707,21.195775,-2.081991,23.002082,0.131757,0.076364,0.072839,0.003525,0.055393,0.058918,3.602696,0.0636350507275156,2.047081919888021,878.0,3,1.0894600591715986,3.182844243792613,1.0465034998063545,-0.09152114849973014,-0.0895721561427822
7613.0,0.326283,21.190787,-2.078185,23.002475,0.131665,0.076112,0.073086,0.003026,0.055553,0.058579,3.663988,0.0544695251467041,1.608202607869404,879.0,3,1.0831915680473383,2.7322799097067936,1.0495262745246223,-0.09152114849973014,-0.0890545264628664
7614.0,0.328251,21.18383,-2.085141,22.995518,0.132143,0.075907,0.072891,0.003016,0.056236,0.059252,3.645129,0.0536301723064886,1.5680112850907264,880.0,3,1.0956360946745574,2.7232505643343323,1.0624297441032287,-0.0945829250679816,-0.08871593641276485
7615.0,0.331008,21.194725,-2.07766,23.002607,0.131738,0.07607,0.073217,0.0028529999999999,0.0556679999999999,0.0585209999999999,4.022314,0.0512493488296896,1.4540086389442948,881.0,3,1.0821190828402358,2.576072234763122,1.0516988938533756,-0.09220046955646544,-0.08888542234222997
7616.0,0.333764,21.203388,-2.079366,22.995649,0.131573,0.076133,0.07223,0.003903,0.0554399999999999,0.0593429999999999,3.86201,0.0703991630742592,2.3709726719219733,882.0,3,1.0973187869822478,3.5241534988716503,1.0473914398798438,-0.09152114849973014,-0.08950502742872952
7617.0,0.326939,21.204832,-2.080548,22.993943,0.131141,0.076259,0.072261,0.0039979999999999,0.054882,0.05888,3.74414,0.0728458721279811,2.488130163518011,883.0,3,1.0887573964497053,3.609932279909943,1.0368495130498863,-0.0826195204117608,-0.0907013678943516
7618.0,0.328645,21.197482,-2.09026,22.996043,0.131637,0.076548,0.072361,0.004187,0.055089,0.059276,3.725281,0.0760029043383556,2.639300558744501,884.0,3,1.0960798816568058,3.780586907449552,1.0407602278416452,-0.08779581721091867,-0.08914245134074669
7619.0,0.32497,21.203913,-2.078448,22.999456,0.1324,0.076789,0.072886,0.0039029999999999,0.0556109999999999,0.0595139999999999,3.696992,0.0701826943825072,2.360607349205665,885.0,3,1.1004807692307685,3.5241534988715606,1.0506220303599927,-0.0911817177119344,-0.08831941724600244
7620.0,0.332714,21.19105,-2.07976,22.998931,0.131996,0.076773,0.072545,0.0042279999999999,0.055223,0.059451,3.729996,0.0765609155439663,2.66602020202713,886.0,3,1.0993158284023679,3.8176072234765535,1.0432918016681947,-0.0894868584172831,-0.08764070646029615
7621.0,0.324839,21.209295,-2.082385,22.996043,0.132032,0.075923,0.071909,0.004014,0.056109,0.060123,3.866725,0.071538050258421,2.425506808502006,887.0,3,1.1117418639053265,3.6243792325059716,1.0600304166706036,-0.0945829250679816,-0.08787895201144777
7622.0,0.336127,21.196038,-2.09341,22.998669,0.131555,0.077257,0.072928,0.0043289999999999,0.054298,0.058627,3.696992,0.0797252251422678,2.817539065541504,888.0,3,1.0840791420118354,3.908803611738412,1.025816385328208,-0.07593198296368109,-0.08787895201144777
7623.0,0.339539,21.192888,-2.08816,22.998931,0.131297,0.076495,0.072634,0.0038609999999999,0.054802,0.0586629999999999,3.654559,0.0704523474992243,2.373519339173402,889.0,3,1.0847448224852063,3.486230248307223,1.0353381256907521,-0.08329080755228757,-0.08787895201144777
7624.0,0.336521,21.20247,-2.078054,22.996174,0.131922,0.076784,0.073012,0.003772,0.055138,0.05891,3.531974,0.0684089301583273,2.27567294849644,890.0,3,1.0893121301775157,3.405869074492408,1.041685952599115,-0.08779581721091867,-0.0882514851403289
7625.0,0.339014,21.201682,-2.080548,22.996962,0.132354,0.076301,0.071946,0.0043549999999999,0.056053,0.060408,3.781858,0.077692938951725,2.7202256755709793,891.0,3,1.1170118343195277,3.9322799097068115,1.0589724455192098,-0.0945829250679816,-0.08845537345725911
7626.0,0.336783,21.201813,-2.080416,23.001425,0.131849,0.07629,0.071558,0.004732,0.055559,0.060291,3.536688,0.0851691864650828,3.0782160969836516,892.0,3,1.114848372781066,4.272686230248694,1.0496396285765575,-0.09152114849973014,-0.08896498012232897
7627.0,0.33442,21.194725,-2.079235,22.997487,0.131821,0.077078,0.07223,0.0048479999999999,0.054743,0.0595909999999999,3.480111,0.0885576501534413,3.240468288550301,893.0,3,1.101904585798816,4.3774266365691545,1.034223477513391,-0.0826195204117608,-0.08872673457117734
7628.0,0.344396,21.189081,-2.078316,22.99775,0.132492,0.076989,0.072666,0.004323,0.055503,0.059826,3.767714,0.0778862784664169,2.7294834876239658,894.0,3,1.106250000000001,3.9033860045150255,1.0485816574251636,-0.09152114849973014,-0.0905918287816074
7629.0,0.342558,21.193281,-2.08396,22.998012,0.132859,0.077115,0.073023,0.0040919999999999,0.055744,0.059836,3.767714,0.0734056866086644,2.514936154290076,895.0,3,1.1064349112426046,3.6948081264110795,1.0531347118445549,-0.0932206008812364,-0.09121143386810696
7630.0,0.339671,21.193544,-2.080285,23.002213,0.132115,0.076238,0.072335,0.003903,0.055877,0.05978,3.659273,0.0698485987329539,2.344609612083934,896.0,3,1.1053994082840248,3.5241534988716503,1.055647393329115,-0.0945829250679816,-0.09189014465381325
7631.0,0.346496,21.199976,-2.085929,22.999325,0.132427,0.076752,0.072466,0.0042859999999999,0.0556749999999999,0.0599609999999999,3.546118,0.076981104964437,2.6861404277739003,897.0,3,1.1087463017751473,3.869977426636829,1.0518311402472997,-0.09220046955646544,-0.09189014465381325
7632.0,0.350171,21.210608,-2.078448,23.000769,0.13206,0.075849,0.072088,0.003761,0.056211,0.059972,3.772429,0.0669074219027965,2.203775171945881,898.0,3,1.1089497041420129,3.3959367945827,1.0619574355534993,-0.0945829250679816,-0.09168671564556855
7633.0,0.346365,21.199319,-2.075429,23.001557,0.132143,0.076826,0.07244,0.004386,0.055317,0.059703,3.630985,0.0792870313460356,2.7965567235987994,899.0,3,1.1039755917159775,3.960270880361532,1.0450676818151772,-0.0894868584172831,-0.09168671564556855
7634.0,0.348596,21.195644,-2.07556,22.999062,0.132878,0.076474,0.072618,0.0038559999999999,0.0564039999999999,0.0602599999999999,3.866725,0.0683627338001949,2.2734608957673164,900.0,3,1.1142751479289932,3.481715575620992,1.0656036575574082,-0.0945829250679816,-0.0907965528367716
7635.0,0.35319,21.204439,-2.08606,22.999981,0.132014,0.075886,0.072014,0.003872,0.056128,0.06,3.527259,0.0689839476919239,2.303206917750955,901.0,3,1.109467455621303,3.496162528217021,1.0603893711683978,-0.0945829250679816,-0.09042317859037627
7636.0,0.351877,21.198007,-2.079891,23.000769,0.131104,0.075813,0.071705,0.004108,0.0552909999999999,0.0593989999999999,3.649844,0.0742964624177096,2.5575897992763545,902.0,3,1.0983542899408276,3.7092550790071073,1.0445764809234568,-0.0894868584172831,-0.08991357192530643
7637.0,0.350171,21.199582,-2.075035,23.002082,0.13104,0.076091,0.072503,0.003588,0.0549489999999999,0.0585369999999999,3.550833,0.0652957233848955,2.1266010775111126,903.0,3,1.0824149408284016,3.239729119639119,1.038115299963159,-0.0826195204117608,-0.08947310669075174
7638.0,0.363034,21.195907,-2.08186,23.00497,0.131077,0.07617,0.072702,0.0034679999999999,0.054907,0.0583749999999999,3.909158,0.0631601952356669,2.0243440801718657,904.0,3,1.079419378698224,3.131376975169493,1.0373218215996156,-0.0826195204117608,-0.08879439590504545
7639.0,0.358177,21.193281,-2.073854,23.0009,0.131297,0.075965,0.071972,0.003993,0.0553319999999999,0.059325,3.423533,0.0721630853197912,2.455435802240891,905.0,3,1.0969859467455632,3.6054176072238024,1.045351066945013,-0.0894868584172831,-0.08879439590504545
7640.0,0.362509,21.198269,-2.079235,23.002213,0.131536,0.076269,0.072146,0.004123,0.0552669999999999,0.0593899999999999,3.550833,0.0746001302742998,2.5721305409727706,906.0,3,1.0981878698224845,3.7227990970657996,1.0441230647157165,-0.0894868584172831,-0.08811568511933916
7641.0,0.365396,21.1984,-2.086454,23.002344,0.131692,0.076647,0.072576,0.004071,0.055045,0.059116,3.649844,0.073956327435236,2.5413028765259584,907.0,3,1.093121301775149,3.675846501129001,1.0399289647941217,-0.08779581721091867,-0.08691934465371708
7642.0,0.371565,21.183437,-2.08921,23.006545,0.131049,0.075907,0.072246,0.0036609999999999,0.055142,0.0588029999999999,3.843151,0.0663910197123841,2.1790479224221224,908.0,3,1.087333579881656,3.305643340857997,1.0417615219670715,-0.08779581721091867,-0.08712277366196178
7643.0,0.37419,21.1963,-2.078448,23.005495,0.131555,0.076201,0.072188,0.004013,0.055354,0.059367,3.583837,0.0724957095113359,2.4713630805031985,909.0,3,1.097762573964498,3.6234762979687254,1.0457666984687766,-0.0894868584172831,-0.08780950746251401
7644.0,0.375634,21.184487,-2.084223,23.00497,0.131417,0.07628,0.072949,0.003331,0.055137,0.058468,3.895014,0.0604120570205665,1.892753043897815,910.0,3,1.081139053254439,3.007674943566864,1.0416670602571256,-0.08779581721091867,-0.08886961550946157
7645.0,0.375372,21.189606,-2.077004,23.008514,0.132391,0.077472,0.073527,0.003945,0.054919,0.058864,3.480111,0.0718317552804079,2.43957049277734,911.0,3,1.0884615384615395,3.5620767494359877,1.0375485297034857,-0.0826195204117608,-0.08937922217453143
7646.0,0.379309,21.201157,-2.074117,23.007858,0.132225,0.076731,0.072225,0.0045059999999999,0.055494,0.06,3.796003,0.0811965041895665,2.887989355639183,912.0,3,1.109467455621303,4.068623024830978,1.0484116263472611,-0.09152114849973014,-0.08937922217453143
7647.0,0.379309,21.201813,-2.072935,23.004707,0.132372,0.07701,0.072618,0.0043919999999999,0.0553619999999999,0.0597539999999999,3.895014,0.0793309611112113,2.7986602434621672,913.0,3,1.1049186390532537,3.9656884875849188,1.045917837204688,-0.0894868584172831,-0.08954832629516787
7648.0,0.382591,21.198663,-2.072935,23.005889,0.132133,0.07639,0.071846,0.004544,0.055743,0.060287,3.5084,0.0815154994259473,2.9032640290494136,914.0,3,1.1147744082840247,4.102934537246421,1.0531158195025656,-0.0932206008812364,-0.09022703708087416
7649.0,0.380491,21.203126,-2.074117,23.006282,0.132207,0.076038,0.072503,0.0035349999999999,0.056169,0.0597039999999999,3.678133,0.0629339505073882,2.013510644618244,915.0,3,1.103994082840236,3.191873589164984,1.061163957189954,-0.0945829250679816,-0.09039652301033929
7650.0,0.384035,21.201682,-2.07241,23.01219,0.131729,0.0765,0.072923,0.0035769999999999,0.055229,0.058806,3.517829,0.0647655259822559,2.1012132621313087,916.0,3,1.0873890532544388,3.2297968397293215,1.0434051557201298,-0.0894868584172831,-0.09107523379604558
7651.0,0.383641,21.193281,-2.07451,23.011402,0.13206,0.076758,0.072503,0.004255,0.055302,0.059557,3.857295,0.0769397681861745,2.684161069727818,917.0,3,1.1012758875739654,3.841986455982289,1.0447842966853396,-0.0894868584172831,-0.09114236251009826
7652.0,0.391254,21.196957,-2.069785,23.009696,0.132216,0.075886,0.072403,0.003483,0.05633,0.059813,3.678133,0.0618309634126857,1.9606955372880233,918.0,3,1.1060096153846164,3.1449209932282756,1.0642056242502111,-0.0945829250679816,-0.09121029461577179
7653.0,0.395454,21.196563,-2.072279,23.01324,0.131417,0.075755,0.071988,0.003767,0.055662,0.059429,3.630985,0.0676751163250275,2.2405352242635157,919.0,3,1.09890902366864,3.4013544018061768,1.0515855398014424,-0.0911817177119344,-0.09137978054523692
7654.0,0.393354,21.204307,-2.071229,23.000769,0.131913,0.075991,0.072072,0.003919,0.055922,0.059841,3.357526,0.0700785007957371,2.355618174359637,920.0,3,1.1065273668639064,3.5386004514675884,1.0564975487186279,-0.0945829250679816,-0.09038680121234204
7655.0,0.390597,21.183174,-2.071623,23.003001,0.132133,0.077314,0.073059,0.0042549999999999,0.054819,0.059074,3.645129,0.0776176577891279,2.7166209346799866,921.0,3,1.0923446745562142,3.841986455982199,1.0356592955045683,-0.08329080755228757,-0.0898771945472722
7656.0,0.394141,21.200501,-2.064798,23.007858,0.131895,0.076212,0.072314,0.0038979999999999,0.055683,0.059581,3.574407,0.0700021550175992,2.3519624557334406,922.0,3,1.1017196745562141,3.5196388261853295,1.0519822789832152,-0.09220046955646544,-0.08888912981108632
7657.0,0.403591,21.202207,-2.061385,23.005889,0.131646,0.075996,0.072372,0.0036239999999999,0.05565,0.059274,3.701707,0.0651201236276075,2.1181927107470147,923.0,3,1.0960428994082851,3.2722347629798896,1.0513588316975724,-0.0911817177119344,-0.08790106507490045
7658.0,0.392435,21.187506,-2.065848,23.009958,0.131435,0.076595,0.073007,0.0035879999999999,0.05484,0.0584279999999999,3.909158,0.0654255028172351,2.132815397407686,924.0,3,1.0803994082840227,3.239729119639029,1.0360560346863408,-0.08329080755228757,-0.0875948874180753
7659.0,0.397422,21.187637,-2.066504,23.008908,0.131022,0.075729,0.072219,0.0035099999999999,0.0552929999999999,0.0588029999999999,3.442392,0.0634788584656563,2.0396028558863937,925.0,3,1.087333579881656,3.1693002257338305,1.044614265607435,-0.0894868584172831,-0.0875948874180753
7660.0,0.40346,21.183174,-2.061254,23.010877,0.131077,0.076579,0.072834,0.0037449999999999,0.054498,0.058243,3.838436,0.0687168571900401,2.29041763527283,926.0,3,1.076978550295859,3.3814898419866717,1.029594853726043,-0.07960621105542443,-0.08728870976125017
7661.0,0.40871,21.194331,-2.068735,23.008252,0.131343,0.076789,0.072503,0.0042859999999999,0.0545539999999999,0.0588399999999999,3.885584,0.0785629181559893,2.7618835020940273,927.0,3,1.088017751479289,3.869977426636829,1.030652824877435,-0.07960621105542443,-0.08828168909414505
7662.0,0.404904,21.189343,-2.072673,22.999194,0.132106,0.076574,0.072492,0.004082,0.055532,0.059614,3.796003,0.0735058433724092,2.519732031098097,928.0,3,1.102329881656806,3.685778781038708,1.0491295353428498,-0.09152114849973014,-0.08801032798022682
7663.0,0.411467,21.190919,-2.057842,23.005757,0.131849,0.076212,0.072067,0.0041449999999999,0.0556369999999999,0.0597819999999999,3.711136,0.0744994428268449,2.5673092530631667,929.0,3,1.1054363905325435,3.742663656885124,1.0511132312517113,-0.0911817177119344,-0.08784084205076167
7664.0,0.408579,21.194594,-2.065848,23.00812,0.131867,0.076453,0.072456,0.0039969999999999,0.055414,0.059411,3.725281,0.0721284850672198,2.453779013995596,930.0,3,1.0985761834319536,3.6090293453726967,1.046900238988127,-0.09152114849973014,-0.08897005380233108
7665.0,0.405167,21.205357,-2.054692,23.01219,0.131738,0.076028,0.072461,0.003567,0.0557099999999999,0.0592769999999999,3.517829,0.0640268528656818,2.0658428574174317,931.0,3,1.0960983727810643,3.2207674943569504,1.0524923722169208,-0.0932206008812364,-0.08947966046740094
7666.0,0.399654,21.200501,-2.063879,23.009433,0.131876,0.07649,0.072172,0.004318,0.0553859999999999,0.0597039999999999,3.536688,0.0779605322548613,2.7330390340353405,932.0,3,1.103994082840236,3.898871331828795,1.0463712534124283,-0.0894868584172831,-0.09097733186865666
7667.0,0.408054,21.201945,-2.057054,23.007858,0.132005,0.076632,0.072345,0.0042869999999999,0.055373,0.05966,3.748855,0.0774190053093509,2.7071087181806015,933.0,3,1.1031804733727821,3.870880361174075,1.046125652966571,-0.0894868584172831,-0.09179629248420608
7668.0,0.40766,21.194725,-2.066373,23.011533,0.132427,0.076653,0.072865,0.0037879999999999,0.0557739999999999,0.0595619999999999,3.748855,0.0679157328552218,2.2520568349230388,934.0,3,1.1013683431952654,3.4203160270882553,1.053701482104228,-0.0945829250679816,-0.09090612967540915
7669.0,0.409498,21.199582,-2.066242,23.00917,0.132161,0.076086,0.072314,0.0037719999999999,0.056075,0.059847,3.659273,0.0672658534845566,2.220938203636932,935.0,3,1.1066383136094684,3.4058690744923172,1.0593880770429716,-0.0945829250679816,-0.09124625041101386
7670.0,0.406348,21.193675,-2.06296,23.009302,0.131996,0.076164,0.071836,0.0043279999999999,0.055832,0.06016,3.649844,0.0775168806977951,2.7117953542894897,936.0,3,1.1124260355029596,3.907900677201166,1.0547972379396022,-0.0945829250679816,-0.09124625041101386
7671.0,0.408317,21.199451,-2.055742,23.008777,0.131977,0.076931,0.072534,0.0043969999999999,0.055046,0.059443,3.49897,0.0798771958508183,2.824815985934948,937.0,3,1.0991678994082852,3.9702031602711494,1.0399478571361107,-0.08779581721091867,-0.09107630517286323
7672.0,0.404116,21.193675,-2.05981,23.014159,0.132032,0.077067,0.073437,0.0036299999999999,0.054965,0.058595,3.569692,0.0660408252374193,2.16227931391297,938.0,3,1.083487426035504,3.2776523702033664,1.0384175774349877,-0.0826195204117608,-0.09055750677168245
7673.0,0.408054,21.19735,-2.055217,23.010483,0.132446,0.076684,0.072408,0.004276,0.055762,0.060038,3.480111,0.0766816706418234,2.671802403364416,939.0,3,1.1101701183431965,3.860948081264458,1.0534747740003598,-0.0945829250679816,-0.0910671134367523
7674.0,0.408973,21.203388,-2.05456,23.005232,0.131803,0.076243,0.072088,0.004155,0.05556,0.059715,3.739425,0.0747826712982128,2.5808712812918917,940.0,3,1.1041974852071017,3.7516930022576758,1.0496585209185465,-0.09152114849973014,-0.09082886788560068
7675.0,0.40136,21.206145,-2.051542,23.003657,0.131757,0.076327,0.07181,0.004517,0.05543,0.059947,3.475396,0.0814886976601541,2.9019806612350467,941.0,3,1.108487426035504,4.078555304740775,1.0472025164599539,-0.09152114849973014,-0.09048874714999597
7676.0,0.406479,21.195775,-2.058104,23.003263,0.131821,0.0768,0.072645,0.0041549999999999,0.055021,0.0591759999999999,3.451822,0.0755152484460759,2.6159497884456786,942.0,3,1.0942307692307685,3.7516930022575856,1.0394755485863816,-0.08429887440547523,-0.09018256949317081
7677.0,0.408185,21.192362,-2.049704,23.004445,0.132317,0.076332,0.072035,0.0042969999999999,0.0559849999999999,0.0602819999999999,3.527259,0.0767513306898152,2.67513798446866,943.0,3,1.1146819526627212,3.879909706546536,1.0576877662639441,-0.0945829250679816,-0.09055510262205196
7678.0,0.400441,21.192625,-2.046292,23.001819,0.132143,0.076469,0.07214,0.0043289999999999,0.055674,0.060003,3.663988,0.0777548271216883,2.72318911036979,944.0,3,1.109522928994084,3.908803611738412,1.0518122479053127,-0.09220046955646544,-0.09175144308767405
7679.0,0.402016,21.19315,-2.047867,23.001557,0.132078,0.076495,0.072256,0.0042389999999999,0.055583,0.059822,3.711136,0.0762629533678755,2.651752669445685,945.0,3,1.1061760355029597,3.8275395033862605,1.0500930447842978,-0.0911817177119344,-0.09161521066899952
7680.0,0.400441,21.192362,-2.052198,23.005889,0.132372,0.07681,0.072361,0.004449,0.0555619999999999,0.0600109999999999,3.673418,0.0800712704497599,2.834108996544409,946.0,3,1.109670857988165,4.017155756208038,1.0496963056025232,-0.09152114849973014,-0.09161521066899952
7681.0,0.393222,21.186718,-2.061123,23.005363,0.132519,0.077015,0.073023,0.0039919999999999,0.055504,0.0594959999999999,3.772429,0.0719214485181514,2.4438653372056844,947.0,3,1.100147928994082,3.604514672686466,1.048600549767153,-0.09152114849973014,-0.09192138832582467
7682.0,0.395979,21.202601,-2.051935,23.002869,0.132988,0.077225,0.073049,0.0041759999999999,0.0557629999999999,0.0599389999999999,3.541403,0.0748870238863783,2.585868069713636,948.0,3,1.1083394970414193,3.7706546275397543,1.0534936663423473,-0.0945829250679816,-0.09260967265647059
7683.0,0.395454,21.186456,-2.048654,23.002869,0.132492,0.076805,0.072587,0.0042179999999999,0.055687,0.059905,3.829007,0.0757434276684384,2.6268758547409967,949.0,3,1.107710798816569,3.8085778781040918,1.0520578483511718,-0.0932206008812364,-0.09114542209426361
7684.0,0.400179,21.193938,-2.049179,23.003001,0.132712,0.077162,0.072933,0.0042289999999999,0.05555,0.059779,3.805433,0.0761282425158862,2.6453022149113306,950.0,3,1.1053809171597644,3.8185101580137997,1.049469597498655,-0.09152114849973014,-0.0903552625791646
7685.0,0.397948,21.193019,-2.043404,22.998275,0.13285,0.076689,0.072471,0.0042179999999999,0.056161,0.060379,3.569692,0.0751041629571596,2.5962654926608137,951.0,3,1.1164755917159774,3.8085778781040918,1.0610128184540406,-0.0945829250679816,-0.08943197466561341
7686.0,0.394404,21.190525,-2.049835,22.996306,0.132657,0.077078,0.072461,0.0046169999999999,0.055579,0.060196,3.564977,0.0830694494422453,2.9776729113389355,952.0,3,1.1130917159763325,4.168848758465298,1.050017475416341,-0.0911817177119344,-0.08847474367328265
7687.0,0.395191,21.202076,-2.047735,23.002738,0.131251,0.076668,0.07254,0.004128,0.054583,0.058711,3.409389,0.0756265572328888,2.621279665422984,953.0,3,1.0856323964497052,3.7273137697520298,1.0312007027951229,-0.0799404194459119,-0.08813600086513612
7688.0,0.392435,21.199582,-2.045373,23.002344,0.130967,0.075954,0.071804,0.0041499999999999,0.055013,0.0591629999999999,3.635699,0.0754353437306864,2.6121236547223057,954.0,3,1.0939903846153838,3.747178329571355,1.0393244098504681,-0.08429887440547523,-0.08745729007942983
7689.0,0.387316,21.192231,-2.045242,22.995912,0.13127,0.076579,0.072077,0.0045019999999999,0.054691,0.0591929999999999,3.503685,0.0823155123235572,2.941571609669136,955.0,3,1.0945451183431945,4.065011286681993,1.0332410757299537,-0.08194883857642254,-0.08759352249810434
7690.0,0.38561,21.188425,-2.048654,22.995255,0.130957,0.076306,0.072398,0.0039079999999999,0.0546509999999999,0.0585589999999999,3.423533,0.071506989680158,2.4240195129728215,956.0,3,1.0828217455621294,3.5286681715577912,1.032485382050385,-0.08194883857642254,-0.0872209893692232
7691.0,0.381147,21.202601,-2.041304,22.991449,0.131674,0.076506,0.072377,0.004129,0.055168,0.059297,3.5084,0.0748427558955211,2.5837483543519224,957.0,3,1.0964681952662734,3.7282167042892764,1.0422527228587901,-0.08813372041826484,-0.08671138270415335
7692.0,0.375897,21.18383,-2.043273,22.992367,0.132152,0.077089,0.073049,0.00404,0.0550629999999999,0.0591029999999999,3.701707,0.0733691704198751,2.5131876239224393,958.0,3,1.0928809171597624,3.647855530474371,1.0402690269499248,-0.08779581721091867,-0.08654189677468822
7693.0,0.377997,21.185668,-2.043404,22.987116,0.131839,0.076049,0.07192,0.004129,0.05579,0.059919,3.593266,0.0740083526016742,2.543794034185464,959.0,3,1.1079696745562142,3.7282167042892764,1.0540037595760567,-0.0945829250679816,-0.08769996968007004
7694.0,0.368809,21.20142,-2.04616,22.994468,0.131656,0.076569,0.072792,0.003777,0.055087,0.058864,3.602696,0.0685630264304386,2.283051648745821,960.0,3,1.0884615384615395,3.410383747178638,1.040722443157667,-0.08779581721091867,-0.08872837474632068
7695.0,0.369072,21.204307,-2.041829,23.001031,0.132189,0.076994,0.072419,0.004575,0.0551949999999999,0.05977,3.786573,0.0828864410464528,2.968909791523177,961.0,3,1.105214497041421,4.130925507901051,1.042762816092496,-0.0894868584172831,-0.08999178339547659
7696.0,0.36264,21.195381,-2.050229,22.99985,0.132152,0.076773,0.072608,0.0041649999999999,0.055379,0.0595439999999999,3.560263,0.0752076561935714,2.6012211321377356,962.0,3,1.1010355029585792,3.7607223476300464,1.046239007018506,-0.0894868584172831,-0.09125519204463249
7697.0,0.362771,21.195907,-2.039861,22.994599,0.131885,0.076485,0.071904,0.004581,0.0554,0.059981,3.640414,0.0826880381220555,2.959409524659677,963.0,3,1.109116124260356,4.136343115124528,1.0466357462002787,-0.09152114849973014,-0.09190011250960417
7698.0,0.364084,21.189212,-2.042617,22.994074,0.13229,0.076128,0.072167,0.003961,0.0561619999999999,0.0601229999999999,3.758284,0.0705268593201931,2.37708724113775,964.0,3,1.1117418639053247,3.5765237020319263,1.0610317107960279,-0.0945829250679816,-0.09227264563848532
7699.0,0.353977,21.1921,-2.045767,23.006282,0.132225,0.075928,0.072041,0.003887,0.056297,0.060184,3.640414,0.0690433052683932,2.306049178360478,965.0,3,1.1128698224852083,3.509706546275712,1.0635821769645684,-0.0945829250679816,-0.09193252490288059
7700.0,0.35844,21.193938,-2.035661,22.997618,0.13195,0.07576,0.07181,0.0039499999999999,0.05619,0.06014,3.777144,0.0702959548682172,2.3660306807548537,966.0,3,1.1120562130177525,3.566591422122128,1.0615606963717266,-0.0945829250679816,-0.09077939655099365
7701.0,0.349777,21.195381,-2.038942,23.003394,0.13172,0.075629,0.071558,0.004071,0.056091,0.060162,3.597981,0.0725771946088569,2.4752648887764366,967.0,3,1.1124630177514803,3.675846501129001,1.0596903545147984,-0.0945829250679816,-0.09094888248045878
7702.0,0.340327,21.188031,-2.040648,23.001688,0.131968,0.076453,0.071589,0.0048639999999999,0.055515,0.060379,3.729996,0.0876143814395848,3.1953010888588063,968.0,3,1.1164755917159774,4.391873589165092,1.048808365529034,-0.09152114849973014,-0.09115231148870348
7703.0,0.337964,21.197613,-2.034873,23.008645,0.13161,0.076033,0.072597,0.003436,0.055577,0.059013,3.682848,0.0618230234985067,1.9603153447893351,969.0,3,1.0912167159763324,3.102483069977707,1.0499796907323626,-0.0911817177119344,-0.09077977835982234
7704.0,0.331664,21.176217,-2.042092,23.008908,0.131279,0.076847,0.071841,0.0050059999999999,0.054432,0.059438,3.814862,0.0919662704609335,3.403685653697017,970.0,3,1.0990754437869832,4.520090293454044,1.0283479591547575,-0.07626453369204922,-0.09077977835982234
7705.0,0.33232,21.19105,-2.036973,23.011271,0.131169,0.075545,0.071705,0.0038399999999999,0.055624,0.059464,3.663988,0.0690337078651684,2.3055896191472827,971.0,3,1.0995562130177525,3.467268623025054,1.0508676308058538,-0.0911817177119344,-0.09077977835982234
7706.0,0.336258,21.192231,-2.046423,23.010746,0.131233,0.075765,0.072377,0.003388,0.0554679999999999,0.0588559999999999,4.036458,0.0610791613333574,1.9246964692105148,972.0,3,1.0883136094674548,3.059142212189893,1.0479204254555408,-0.09152114849973014,-0.09077977835982234
7707.0,0.338227,21.188031,-2.035661,23.003657,0.13127,0.076149,0.071741,0.0044079999999999,0.055121,0.059529,3.329237,0.0799680708247159,2.8291674162672584,973.0,3,1.1007581360946757,3.9801354401808564,1.041364782785299,-0.08779581721091867,-0.09077977835982234
7708.0,0.32917,21.19525,-2.033561,23.006545,0.132565,0.076432,0.072897,0.0035349999999999,0.0561329999999999,0.0596679999999999,3.475396,0.0629743114689848,2.0154432769481385,974.0,3,1.1033284023668632,3.191873589164984,1.060483832878342,-0.0945829250679816,-0.09077977835982234
7709.0,0.325626,21.196563,-2.031461,23.012321,0.131867,0.075765,0.071951,0.0038139999999999,0.056102,0.059916,3.781858,0.0679821043437961,2.25523494762223,975.0,3,1.1079142011834329,3.4437923250566547,1.0598981702766792,-0.0945829250679816,-0.09111989909542706
7710.0,0.323789,21.191181,-2.032511,23.00707,0.132262,0.075907,0.072088,0.003819,0.0563549999999999,0.0601739999999999,3.687562,0.0677656327631486,2.244869486574903,976.0,3,1.1126849112426027,3.4483069977429754,1.0646779327999387,-0.0945829250679816,-0.0929517382330203
7711.0,0.320114,21.192625,-2.033429,23.009696,0.132519,0.076301,0.072592,0.0037089999999999,0.056218,0.0599269999999999,3.74414,0.0659741368576458,2.1590860272894585,977.0,3,1.108117603550295,3.3489841986458107,1.0620896819474235,-0.0945829250679816,-0.09329185896862502
7712.0,0.312763,21.188162,-2.031461,23.011008,0.132097,0.076695,0.072671,0.004024,0.0554019999999999,0.0594259999999999,3.772429,0.0726314459505803,2.477862643953889,978.0,3,1.0988535502958572,3.6334085778784324,1.0466735308842552,-0.09152114849973014,-0.09359803662545016
7713.0,0.30817,21.1963,-2.029361,23.011008,0.132666,0.076395,0.072288,0.0041069999999999,0.056271,0.060378,3.73471,0.0729847881717372,2.4947819782093243,979.0,3,1.116457100591717,3.708352144469771,1.06309097607285,-0.0945829250679816,-0.09427674741115646
7714.0,0.313551,21.195381,-2.034611,23.012321,0.131628,0.075461,0.071552,0.0039089999999999,0.0561669999999999,0.0600759999999999,3.74414,0.0695947870673692,2.33245616946987,980.0,3,1.110872781065088,3.5295711060950374,1.0611261725059737,-0.0945829250679816,-0.09376714074608661
7715.0,0.305151,21.186193,-2.031067,23.006414,0.131968,0.076164,0.071663,0.0045009999999999,0.055804,0.060305,3.781858,0.0806558552101064,2.8621010800507363,981.0,3,1.1151072485207112,4.064108352144747,1.0542682523639053,-0.0945829250679816,-0.09376714074608661
7716.0,0.300951,21.183305,-2.036579,23.003394,0.132492,0.075891,0.072256,0.0036349999999999,0.056601,0.060236,3.767714,0.0642203455708278,2.075108004796748,982.0,3,1.1138313609467465,3.282167042889597,1.0693254489292774,-0.0945829250679816,-0.09257080028046452
7717.0,0.289794,21.193281,-2.029492,23.005363,0.131775,0.075739,0.071925,0.0038139999999999,0.056036,0.05985,3.829007,0.0680621732069882,2.259068941350358,983.0,3,1.1066937869822495,3.4437923250566547,1.0586512757053939,-0.0945829250679816,-0.09257080028046452
7718.0,0.299901,21.185274,-2.031986,23.01219,0.131904,0.076558,0.071626,0.004932,0.0553459999999999,0.060278,3.829007,0.0891105208954416,3.2669417873960516,984.0,3,1.1146079881656816,4.45327313769792,1.0456155597328614,-0.0894868584172831,-0.09287697793728968
7719.0,0.297407,21.190919,-2.034086,23.01114,0.132005,0.075734,0.071867,0.0038669999999999,0.056271,0.060138,3.61684,0.0687197895934033,2.2905580496068767,985.0,3,1.1120192307692318,3.4916478555306996,1.06309097607285,-0.0945829250679816,-0.09257080028046452
7720.0,0.287825,21.199057,-2.028311,23.011008,0.131959,0.07701,0.072529,0.0044809999999999,0.054949,0.05943,3.583837,0.0815468607825295,2.9047657269585447,986.0,3,1.0989275147929005,4.046049661399825,1.0381152999631609,-0.0826195204117608,-0.09257080028046452
7721.0,0.285069,21.187637,-2.030148,23.008908,0.132372,0.076479,0.072114,0.004365,0.0558929999999999,0.0602579999999999,3.569692,0.0780942498300355,2.7394419267969026,987.0,3,1.1142381656804727,3.9413092550793634,1.05594967080094,-0.0945829250679816,-0.09192587981549286
7722.0,0.283625,21.179761,-2.022536,23.005626,0.132657,0.076653,0.072645,0.0040079999999999,0.056004,0.0600119999999999,3.678133,0.0715650388358181,2.426799121547887,988.0,3,1.1096893491124253,3.6189616252824037,1.0580467207617401,-0.0945829250679816,-0.09192587981549286
7723.0,0.280475,21.190656,-2.033692,23.005626,0.132363,0.076873,0.072624,0.004249,0.05549,0.059739,3.428248,0.0765709754735002,2.666501908713112,989.0,3,1.1046412721893502,3.8365688487588123,1.0483360569793043,-0.09152114849973014,-0.09192587981549286
7724.0,0.273125,21.182912,-2.026736,23.004445,0.13229,0.075828,0.071825,0.004003,0.0564619999999999,0.0604649999999999,3.918588,0.0708959849813153,2.394762344957316,990.0,3,1.1180658284023661,3.6144469525962633,1.0666994133927803,-0.0945829250679816,-0.09209536574495798
7725.0,0.2726,21.185931,-2.028311,23.006545,0.131996,0.07681,0.07202,0.00479,0.055186,0.059976,3.829007,0.0867958033594868,3.1561045385399646,991.0,3,1.1090236686390544,4.325056433408969,1.0425927850145953,-0.08813372041826484,-0.09209536574495798
7726.0,0.269712,21.183437,-2.037104,22.995912,0.132336,0.076427,0.072345,0.0040819999999999,0.055909,0.059991,3.678133,0.0730101949561793,2.4959985491498817,992.0,3,1.1093010355029598,3.685778781038618,1.0562519482727686,-0.0945829250679816,-0.09329170621058006
7727.0,0.262493,21.183043,-2.034611,22.997487,0.131986,0.076206,0.072603,0.0036029999999999,0.0557799999999999,0.0593829999999999,3.720566,0.0645918861261002,2.09289874269249,993.0,3,1.098058431952662,3.2532731376977213,1.0538148361561632,-0.0945829250679816,-0.09298552855375491
7728.0,0.25698,21.192625,-2.027654,23.001163,0.131904,0.076327,0.072624,0.003703,0.0555769999999999,0.05928,3.555548,0.0666270826586061,2.1903514906155177,994.0,3,1.0961538461538471,3.3435665914224244,1.0499796907323606,-0.0911817177119344,-0.09298552855375491
7729.0,0.255143,21.17753,-2.030936,22.996174,0.131766,0.075666,0.072172,0.0034939999999999,0.0561,0.0595939999999999,3.833721,0.0622805297588277,1.9822224390419845,995.0,3,1.1019600591715968,3.1548532731378924,1.059860385592701,-0.0945829250679816,-0.09329170621058006
7730.0,0.246874,21.189868,-2.021092,22.994205,0.132997,0.076348,0.072009,0.0043389999999999,0.056649,0.060988,3.786573,0.0765931156222417,2.6675620610373834,996.0,3,1.1277366863905336,3.917832957110874,1.0702322813447578,-0.0945829250679816,-0.09329170621058006
7731.0,0.241886,21.185799,-2.023454,22.996174,0.132097,0.076537,0.071752,0.0047849999999999,0.05556,0.0603449999999999,3.588551,0.0861215600871114,3.123819273401123,997.0,3,1.1158468934911234,4.320541760722648,1.0496585209185465,-0.09152114849973014,-0.09393662667555173
7732.0,0.23493,21.19105,-2.016761,22.994468,0.132593,0.076317,0.071778,0.004539,0.0562759999999999,0.0608149999999999,3.630985,0.0806546191161576,2.8620418912942296,998.0,3,1.1245377218934902,4.0984198645601895,1.0631854377827938,-0.0945829250679816,-0.09393662667555173
7733.0,0.234405,21.194856,-2.025029,22.988561,0.132473,0.076222,0.071873,0.0043489999999999,0.056251,0.0606,3.437677,0.0773128066557631,2.702023533308992,999.0,3,1.120562130177516,3.9268623024833347,1.0627131292330665,-0.0945829250679816,-0.09342702001048189
7734.0,0.227448,21.179893,-2.022798,22.99263,0.132354,0.076038,0.071894,0.0041439999999999,0.056316,0.06046,3.583837,0.0735834650283217,2.523448843477731,1000.0,3,1.1179733727810661,3.7417607223478786,1.0639411314623626,-0.0945829250679816,-0.09376714074608661
7735.0,0.219835,21.187243,-2.019517,22.990923,0.132602,0.076548,0.072744,0.003804,0.0560539999999999,0.0598579999999999,3.531974,0.0678619213272679,2.2494801396578428,1001.0,3,1.1068417159763306,3.4347629796842836,1.058991337861197,-0.0945829250679816,-0.09376714074608661
7736.0,0.219835,21.185537,-2.029492,22.985279,0.132106,0.075813,0.07214,0.003673,0.0562929999999999,0.059966,3.640414,0.0652467403275661,2.124255587303079,1002.0,3,1.1088387573964507,3.3164785553050407,1.0635066075966098,-0.0945829250679816,-0.09376714074608661
7737.0,0.213273,21.181862,-2.017942,22.987379,0.132032,0.076684,0.07192,0.004764,0.055348,0.060112,3.621555,0.0860720157545755,3.121446907257356,1003.0,3,1.1115384615384627,4.301580135440569,1.0456533444168417,-0.0894868584172831,-0.09407331840291175
7738.0,0.20986,21.195119,-2.029229,22.982916,0.133061,0.07618,0.071762,0.0044179999999999,0.056881,0.061299,3.597981,0.0776695615484685,2.7191062789179963,1004.0,3,1.1334874260355041,3.989164785553318,1.0746153046862466,-0.0945829250679816,-0.09407331840291175
7739.0,0.200672,21.182124,-2.025029,22.975827,0.132538,0.076222,0.071395,0.0048269999999999,0.0563159999999999,0.0611429999999999,3.588551,0.0857112417209723,3.1041717102960975,1005.0,3,1.1306028106508867,4.358465011286985,1.0639411314623608,-0.0945829250679816,-0.09407331840291175
7740.0,0.199229,21.172411,-2.023979,22.976746,0.132887,0.075776,0.07202,0.0037559999999999,0.057111,0.060867,3.720566,0.0657655133772236,2.14909636234866,1006.0,3,1.1254992603550307,3.391422121896379,1.0789605433437566,-0.0945829250679816,-0.09407331840291175
7741.0,0.197522,21.178974,-2.016498,22.978978,0.132593,0.076758,0.073327,0.003431,0.0558349999999999,0.0592659999999999,3.758284,0.0614478114478115,1.942348802094286,1007.0,3,1.0958949704142005,3.097968397291477,1.0548539149655678,-0.0945829250679816,-0.09407331840291175
7742.0,0.185053,21.182649,-2.029098,22.972283,0.133273,0.076175,0.071957,0.004218,0.0570979999999999,0.061316,3.324522,0.0738716965270847,2.53725043518831,1008.0,3,1.1338017751479301,3.8085778781041824,1.0787149428978955,-0.0945829250679816,-0.09407331840291175
7743.0,0.180722,21.186981,-2.023979,22.974908,0.132868,0.07544,0.071248,0.0041919999999999,0.057428,0.06162,3.630985,0.0729944801406952,2.4952460655800786,1009.0,3,1.139423076923078,3.785101580135692,1.084949415754325,-0.0945829250679816,-0.0945829250679816
7744.0,0.172715,21.194069,-2.018336,22.969657,0.132556,0.076201,0.071752,0.004449,0.056355,0.060804,3.678133,0.0789445666832281,2.7801582471253616,1010.0,3,1.1243343195266282,4.017155756208038,1.0646779327999405,-0.0945829250679816,-0.0945829250679816
7745.0,0.170353,21.185668,-2.020436,22.973858,0.132473,0.076311,0.072046,0.004265,0.056162,0.060427,3.588551,0.0759396755871304,2.636272931949633,1011.0,3,1.1173631656804746,3.85101580135475,1.0610317107960296,-0.0945829250679816,-0.0945829250679816
7746.0,0.16694,21.177661,-2.030279,22.961781,0.133374,0.076374,0.072182,0.004192,0.0569999999999999,0.0611919999999999,3.739425,0.0735425694286065,2.5214906106945327,1012.0,3,1.1315088757396443,3.785101580135783,1.0768634933829564,-0.0945829250679816,-0.0945829250679816
7747.0,0.159196,21.17753,-2.020436,22.972676,0.132271,0.075933,0.071657,0.004276,0.056338,0.060614,3.649844,0.0758976907648343,2.6342625431550073,1013.0,3,1.1208210059171608,3.860948081264458,1.0643567629861246,-0.0945829250679816,-0.09444669264930708
7748.0,0.157096,21.179105,-2.021223,22.971626,0.132639,0.076332,0.071978,0.0043539999999999,0.056307,0.060661,3.61684,0.0773247140726006,2.7025937045297757,1014.0,3,1.1216900887573975,3.9313769751695653,1.06377110038446,-0.0945829250679816,-0.09444669264930708
7749.0,0.156177,21.186324,-2.017679,22.970839,0.133089,0.077052,0.073023,0.0040289999999999,0.056037,0.060066,3.98931,0.071897640886541,2.4427253396256416,1015.0,3,1.1106878698224862,3.637923250564573,1.058670168047383,-0.0945829250679816,-0.09444669264930708
7750.0,0.151189,21.179236,-2.021879,22.963225,0.1333,0.076605,0.072419,0.004186,0.0566949999999999,0.060881,3.909158,0.0738323691265699,2.5353672935911096,1016.0,3,1.1257581360946756,3.7796839729123053,1.071101329076258,-0.0945829250679816,-0.09444669264930708
7751.0,0.145808,21.181468,-2.020436,22.960993,0.132657,0.07691,0.072624,0.004286,0.0557469999999999,0.060033,3.630985,0.0768816818540577,2.6813796810063204,1017.0,3,1.1100776627218947,3.8699774266369187,1.0531913888705204,-0.0932206008812364,-0.09410657191370236
7752.0,0.142527,21.169785,-2.027261,22.962568,0.133365,0.076416,0.071579,0.0048369999999999,0.056949,0.061786,3.913873,0.0849341527655837,3.066961812935467,1018.0,3,1.142492603550297,4.3674943566594475,1.0758999839415102,-0.0945829250679816,-0.09410657191370236
7753.0,0.138064,21.182124,-2.011773,22.962831,0.133383,0.076369,0.071873,0.004496,0.0570139999999999,0.0615099999999999,3.706422,0.0788564412873805,2.7759384767739523,1019.0,3,1.137389053254437,4.059593679458606,1.0771279861708047,-0.0945829250679816,-0.09410657191370236
7754.0,0.134783,21.181862,-2.016367,22.968213,0.133181,0.076017,0.072172,0.003845,0.0571639999999999,0.0610089999999999,3.682848,0.067261436193475,2.220726687379215,1020.0,3,1.1281249999999992,3.471783295711375,1.079961837469181,-0.0945829250679816,-0.09410657191370236
7755.0,0.132814,21.176611,-2.022929,22.969526,0.132483,0.076905,0.072566,0.0043389999999999,0.0555779999999999,0.0599169999999999,3.645129,0.0780690548588495,2.7382354982595554,1021.0,3,1.1079326923076915,3.917832957110874,1.04999858307435,-0.0911817177119344,-0.09410657191370236
7756.0,0.129664,21.171754,-2.021486,22.967819,0.132868,0.077015,0.072555,0.00446,0.055853,0.060313,3.819577,0.0798510402119813,2.82356355707236,1022.0,3,1.1152551775147939,4.027088036117746,1.0551939771213747,-0.0945829250679816,-0.09410657191370236
7757.0,0.121788,21.170048,-2.017811,22.965588,0.132924,0.076238,0.071699,0.004539,0.0566859999999999,0.0612249999999999,3.720566,0.0800712685448163,2.834108905328654,1023.0,3,1.1321190828402359,4.0984198645601895,1.0709312979983556,-0.0945829250679816,-0.09424280433237689
7758.0,0.117063,21.176217,-2.015579,22.968869,0.133089,0.076401,0.072025,0.0043759999999999,0.056688,0.061064,3.404674,0.0771931062463615,2.6962918343613045,1024.0,3,1.1291420118343207,3.9512415349889807,1.0709690826823357,-0.0945829250679816,-0.09393662667555173
7759.0,0.117851,21.171623,-2.015579,22.970314,0.132648,0.076758,0.072597,0.004161,0.0558899999999999,0.0600509999999999,3.5084,0.0744484800772935,2.5648689678591734,1025.0,3,1.1104105029585791,3.757110609481152,1.0558929937749724,-0.0945829250679816,-0.09393662667555173
7760.0,0.117063,21.163485,-2.012823,22.966375,0.133052,0.0767,0.07245,0.00425,0.056352,0.060602,3.904444,0.0754174578105869,2.611267210622192,1026.0,3,1.1205991124260366,3.8374717832960585,1.064621255773973,-0.0945829250679816,-0.09393662667555173
7761.0,0.108926,21.180024,-2.020304,22.968082,0.13308,0.076138,0.071794,0.004344,0.056942,0.061286,3.522544,0.0762868131289184,2.652895163176035,1027.0,3,1.1332470414201194,3.922347629797194,1.075767737547586,-0.0945829250679816,-0.09427674741115646
7762.0,0.106825,21.169654,-2.017417,22.967688,0.132473,0.077057,0.072219,0.0048379999999999,0.055416,0.060254,3.663988,0.0873017305159065,3.1803302046387927,1028.0,3,1.1141642011834332,4.368397291196693,1.0469380236721055,-0.09152114849973014,-0.09427674741115646
7763.0,0.098688,21.179893,-2.007836,22.973727,0.132694,0.076679,0.071631,0.0050479999999999,0.056015,0.061063,3.838436,0.0901171093973149,3.3151409730611823,1029.0,3,1.1291235207100603,4.55801354401838,1.0582545365236211,-0.0945829250679816,-0.09427674741115646
7764.0,0.101969,21.16821,-2.011117,22.97202,0.13285,0.076327,0.072456,0.0038709999999999,0.0565229999999999,0.0603939999999999,3.569692,0.0684841837095747,2.2792763672537393,1030.0,3,1.1167529585798808,3.4952595936796844,1.06785184625412,-0.0945829250679816,-0.09427674741115646
7765.0,0.098688,21.177792,-2.005998,22.973727,0.133199,0.076532,0.071988,0.004544,0.056667,0.061211,3.550833,0.0801863485565046,2.8396193625208315,1031.0,3,1.1318602071005928,4.102934537246421,1.0705723435005632,-0.0945829250679816,-0.09427674741115646
7766.0,0.100132,21.174511,-2.017548,22.97307,0.133355,0.077052,0.071915,0.0051369999999999,0.056303,0.0614399999999999,3.574407,0.091236857061665,3.3687586385438086,1032.0,3,1.1360946745562122,4.638374717833287,1.0636955310165035,-0.0945829250679816,-0.09427674741115646
7767.0,0.097638,21.178843,-2.011379,22.97307,0.133181,0.076338,0.071579,0.0047589999999999,0.0568429999999999,0.0616019999999999,3.73471,0.0837203574695658,3.0088407985156262,1033.0,3,1.1390902366863898,4.297065462754248,1.073897395690656,-0.0945829250679816,-0.09427674741115646
7768.0,0.096456,21.171492,-2.008754,22.973858,0.133218,0.076689,0.071768,0.0049209999999999,0.056529,0.06145,3.739425,0.0870511232973641,3.168330202817722,1034.0,3,1.1362795857988177,4.443340857788122,1.067965200306057,-0.0945829250679816,-0.0945829250679816
7769.0,0.091469,21.178974,-2.010723,22.97609,0.133328,0.0768,0.071915,0.0048849999999999,0.056528,0.0614129999999999,3.635699,0.0864158219674854,3.1379096221185208,1035.0,3,1.1355954142011826,4.410835214447261,1.0679463079640679,-0.0945829250679816,-0.0945829250679816
7770.0,0.09055,21.182518,-2.017023,22.978846,0.133704,0.07733,0.071883,0.0054469999999999,0.0563739999999999,0.0618209999999999,3.645129,0.0966208425720619,3.6265638059493863,1036.0,3,1.1431397928994076,4.918284424379587,1.065036887297733,-0.0945829250679816,-0.0945829250679816
7771.0,0.084118,21.168867,-2.018467,22.977665,0.133732,0.076159,0.071962,0.004197,0.0575729999999999,0.0617699999999999,3.762999,0.0728974884496475,2.4906017441755703,1037.0,3,1.1421967455621294,3.7896162528220136,1.0876888053427536,-0.0945829250679816,-0.0945829250679816
7772.0,0.089369,21.169785,-2.012429,22.981734,0.133521,0.077131,0.072991,0.00414,0.0563899999999999,0.06053,3.880869,0.0734159706336118,2.515428591494458,1038.0,3,1.119267751479291,3.7381489841989834,1.0653391647695598,-0.0945829250679816,-0.0945829250679816
7773.0,0.091994,21.174248,-2.009804,22.98331,0.133631,0.076343,0.07244,0.0039029999999999,0.057288,0.0611909999999999,3.560263,0.0681282619700115,2.2622335161030116,1039.0,3,1.1314903846153839,3.5241534988715606,1.0823044878758405,-0.0945829250679816,-0.0945829250679816
7774.0,0.087269,21.178843,-2.00508,22.980553,0.133107,0.076038,0.071332,0.0047059999999999,0.057069,0.061775,3.484826,0.0824601366742594,2.948496759239415,1040.0,3,1.142289201183433,4.249209932280205,1.0781670649802113,-0.0945829250679816,-0.0945829250679816
7775.0,0.076112,21.171623,-2.010986,22.986198,0.133218,0.076821,0.072802,0.0040189999999999,0.056397,0.060416,3.432963,0.0712613922479519,2.412259398276749,1041.0,3,1.1171597633136106,3.6288939051921116,1.065471411163486,-0.0945829250679816,-0.0945829250679816
7776.0,0.0769,21.18895,-2.010592,22.980947,0.134403,0.077545,0.072519,0.005026,0.0568579999999999,0.0618839999999999,3.711136,0.0883940976802265,3.232636790368277,1042.0,3,1.1443047337278098,4.538148984199056,1.0741807808204935,-0.0945829250679816,-0.0945829250679816
7777.0,0.083068,21.1963,-2.005998,22.977665,0.13364,0.076836,0.072324,0.004512,0.056804,0.061316,3.48954,0.0794296276736203,2.80338476391083,1043.0,3,1.1338017751479301,4.074040632054545,1.07316059435308,-0.0945829250679816,-0.0945829250679816
7778.0,0.079393,21.186062,-2.016498,22.979109,0.133842,0.076884,0.072077,0.0048069999999999,0.0569579999999999,0.0617649999999999,3.725281,0.084394037816675,3.0410991087077592,1044.0,3,1.1421042899408278,4.340406320542063,1.076070015019411,-0.0945829250679816,-0.0945829250679816
7779.0,0.077425,21.183699,-2.009279,22.983835,0.133704,0.077666,0.072246,0.0054199999999999,0.0560379999999999,0.0614579999999999,3.513114,0.0967183568586162,3.631233151162335,1045.0,3,1.1364275147928986,4.893905191873942,1.0586890603893702,-0.0945829250679816,-0.0945829250679816
7780.0,0.077687,21.180286,-2.005736,22.981472,0.13353,0.076101,0.07244,0.0036609999999999,0.057429,0.06109,3.701707,0.0637471704683962,2.0524506283496966,1046.0,3,1.1296227810650898,3.305643340857997,1.0849683080963142,-0.0945829250679816,-0.0945829250679816
7781.0,0.073224,21.186981,-2.002061,22.98751,0.133245,0.076894,0.071673,0.005221,0.056351,0.061572,3.564977,0.0926497728563316,3.4364142799400588,1047.0,3,1.138535502958581,4.714221218962051,1.064602363431984,-0.0945829250679816,-0.0945829250679816
7782.0,0.074668,21.182124,-2.003505,22.986985,0.133557,0.076332,0.071495,0.0048369999999999,0.057225,0.062062,3.649844,0.0845245168280151,3.04734692703797,1048.0,3,1.147596153846155,4.3674943566594475,1.0811142703305225,-0.0945829250679816,-0.0945829250679816
7783.0,0.074406,21.185931,-2.006261,22.986198,0.133355,0.07649,0.072119,0.004371,0.056865,0.061236,3.630985,0.0768649104913305,2.6805766060412823,1049.0,3,1.1323224852071017,3.94672686230284,1.0743130272144197,-0.0945829250679816,-0.0945829250679816
7784.0,0.066399,21.182387,-2.003373,22.98029,0.134118,0.076705,0.072246,0.0044589999999999,0.0574129999999999,0.0618719999999999,3.612125,0.07766398439405,2.7188392241078123,1050.0,3,1.1440828402366856,4.026185101580409,1.0846660306244855,-0.0945829250679816,-0.0945829250679816
7785.0,0.06758,21.192888,-2.010198,22.990923,0.133309,0.076238,0.071993,0.0042449999999999,0.057071,0.061316,3.800718,0.0743797308662741,2.561577001002719,1051.0,3,1.1338017751479301,3.8329571106097373,1.0782048496641896,-0.0945829250679816,-0.0945829250679816
7786.0,0.070599,21.185274,-2.005867,22.987116,0.133539,0.077283,0.072592,0.004691,0.0562559999999999,0.0609469999999999,3.357526,0.0833851787333132,2.9927911991911995,1052.0,3,1.1269785502958571,4.235665914221602,1.0628075909430104,-0.0945829250679816,-0.0945829250679816
7787.0,0.064693,21.192888,-2.002455,22.986985,0.133796,0.076201,0.071899,0.004302,0.0575949999999999,0.0618969999999999,3.654559,0.0746926869921522,2.5765624994344667,1053.0,3,1.1445451183431945,3.884424379232857,1.0881044368665154,-0.0945829250679816,-0.0945829250679816
7788.0,0.061805,21.185799,-2.005867,22.981078,0.133401,0.076794,0.072156,0.004638,0.0566069999999999,0.0612449999999999,3.461252,0.081931882419446,2.9232019889745464,1054.0,3,1.132488905325443,4.187810383747557,1.0694388029812107,-0.0945829250679816,-0.0945829250679816
7789.0,0.063905,21.190919,-2.003898,22.985541,0.133521,0.076385,0.072246,0.0041389999999999,0.057136,0.0612749999999999,3.640414,0.0724399250923217,2.468691915906859,1055.0,3,1.1330436390532537,3.737246049661647,1.079432851893486,-0.0945829250679816,-0.0945829250679816
7790.0,0.070468,21.189737,-2.002455,22.985672,0.133851,0.077215,0.072324,0.004891,0.0566359999999999,0.061527,3.654559,0.08635697512227,3.1350918172130733,1056.0,3,1.137703402366865,4.416252821670829,1.0699866808988967,-0.0945829250679816,-0.0945829250679816
7791.0,0.064562,21.193281,-2.004423,22.986854,0.13398,0.077887,0.073033,0.0048539999999999,0.0560929999999999,0.0609469999999999,3.909158,0.0865333190715584,3.143535818646485,1057.0,3,1.1269785502958571,4.382844243792631,1.059728139198775,-0.0945829250679816,-0.0945829250679816
7792.0,0.066924,21.189212,-2.00403,22.98751,0.1341,0.07681,0.071978,0.004832,0.0572899999999999,0.062122,3.692277,0.0843413450629244,3.0385759844951297,1058.0,3,1.1487056213017761,4.362979683973307,1.0823422725598169,-0.0945829250679816,-0.09424280433237689
7793.0,0.063643,21.194463,-2.004555,22.993024,0.133365,0.076773,0.072009,0.0047639999999999,0.056592,0.061356,3.494255,0.0841800222642374,3.0308512513877455,1059.0,3,1.1345414201183444,4.30158013544048,1.069155417851375,-0.0945829250679816,-0.09424280433237689
7794.0,0.060886,21.180943,-2.012298,22.988954,0.133218,0.076821,0.072256,0.004565,0.056397,0.060962,3.696992,0.0809425866165466,2.8758308417848664,1060.0,3,1.1272559171597645,4.121896162528589,1.065471411163486,-0.0945829250679816,-0.09390268359677216
7795.0,0.060755,21.187112,-2.006392,22.989873,0.133539,0.076884,0.07318,0.0037039999999999,0.056655,0.0603589999999999,3.810147,0.0653770121434622,2.130493484348023,1061.0,3,1.1161057692307685,3.3444695259595805,1.070345635396693,-0.0945829250679816,-0.09390268359677216
7796.0,0.060361,21.191837,-1.995892,22.994993,0.13262,0.077004,0.072729,0.004275,0.0556159999999999,0.0598909999999999,3.682848,0.0768649873240196,2.6805802850750124,1062.0,3,1.1074519230769224,3.8600451467272117,1.0507164920699386,-0.0911817177119344,-0.09390268359677216
7797.0,0.06023,21.182387,-1.997992,22.989086,0.1333,0.076915,0.072198,0.0047169999999999,0.056385,0.061102,3.673418,0.083655517326996,3.0057360123349204,1063.0,3,1.129844674556214,4.259142212189912,1.0652447030596157,-0.0945829250679816,-0.09390268359677216
7798.0,0.064168,21.183043,-2.006523,22.990398,0.132795,0.077209,0.072613,0.004596,0.0555859999999999,0.060182,3.777144,0.0826812024394193,2.9590822068571008,1064.0,3,1.1128328402366874,4.14988713318322,1.0501497218102633,-0.0911817177119344,-0.09390268359677216
7799.0,0.058261,21.1879,-1.988805,22.991317,0.132455,0.076558,0.072177,0.0043809999999999,0.0558969999999999,0.0602779999999999,3.531974,0.0783748971340655,2.7528803591733744,1065.0,3,1.1146079881656796,3.955756207675211,1.0560252401688965,-0.0945829250679816,-0.09390268359677216
7800.0,0.05603,21.186062,-1.999698,22.991711,0.133208,0.077031,0.072986,0.004045,0.0561769999999999,0.060222,3.362241,0.0720032753034997,2.4477835067576343,1066.0,3,1.1135724852071016,3.652370203160601,1.0613150959258655,-0.0945829250679816,-0.09390268359677216
7801.0,0.053274,21.197875,-1.997861,22.992499,0.132868,0.076348,0.071689,0.0046589999999999,0.05652,0.061179,3.97988,0.0824295394632082,2.9470316514485484,1067.0,3,1.1312684911242614,4.206772009029636,1.0677951692281544,-0.0945829250679816,-0.09390268359677216
7802.0,0.055768,21.182255,-1.996811,22.995255,0.13228,0.076369,0.071862,0.004507,0.055911,0.060418,3.748855,0.0806088138503364,2.8598485655134893,1068.0,3,1.1171967455621312,4.069525959368314,1.056289732956747,-0.0945829250679816,-0.09424280433237689
7803.0,0.051961,21.185274,-1.999436,22.994205,0.132795,0.076668,0.072119,0.0045489999999999,0.0561269999999999,0.0606759999999999,3.673418,0.0810468928164195,2.880825408963352,1069.0,3,1.1219674556213008,4.107449209932562,1.0603704788264068,-0.0945829250679816,-0.09424280433237689
7804.0,0.049861,21.178055,-1.99038,22.994468,0.132602,0.076175,0.071673,0.004502,0.0564269999999999,0.060929,3.829007,0.0797830864110017,2.8203096773946466,1070.0,3,1.1266457100591727,4.065011286682084,1.0660381814231592,-0.0945829250679816,-0.0945829250679816
7805.0,0.053668,21.177792,-2.001405,22.992236,0.1333,0.077272,0.072456,0.0048159999999999,0.056028,0.0608439999999999,3.824292,0.0859554873369145,3.115867095022611,1071.0,3,1.1250739644970407,4.348532731377278,1.0585001369694804,-0.0945829250679816,-0.0945829250679816
7806.0,0.051567,21.191969,-2.002061,22.991449,0.133861,0.077388,0.072702,0.0046859999999999,0.056473,0.061159,3.315092,0.0829762368523567,2.973209547294933,1072.0,3,1.1308986686390543,4.231151241535281,1.0669072291546633,-0.0945829250679816,-0.0945829250679816
7807.0,0.053799,21.189081,-2.003111,22.996174,0.133043,0.076616,0.072151,0.0044649999999999,0.0564269999999999,0.0608919999999999,3.475396,0.0791273835684411,2.7889121967052555,1073.0,3,1.1259615384615376,4.031602708803886,1.0660381814231592,-0.0945829250679816,-0.09407331840291175
7808.0,0.057736,21.191837,-2.003242,22.996174,0.13319,0.07681,0.072855,0.003955,0.05638,0.060335,3.654559,0.0701477448076479,2.3589338341154154,1074.0,3,1.1156619822485219,3.57110609480845,1.0651502413496698,-0.0945829250679816,-0.0935637117378419
7809.0,0.053274,21.188556,-2.003505,22.991842,0.133291,0.076905,0.072723,0.004182,0.0563859999999999,0.060568,3.696992,0.0741660311773991,2.5513442683999754,1075.0,3,1.1199704142011844,3.7760722347633213,1.065263595401603,-0.0945829250679816,-0.0935637117378419
7810.0,0.054061,21.1921,-2.002323,22.991317,0.133006,0.076894,0.072718,0.0041759999999999,0.056112,0.060288,3.687562,0.0744212571061964,2.563565431174793,1076.0,3,1.1147928994082852,3.7706546275397543,1.0600870936965712,-0.0945829250679816,-0.09305410507277205
7811.0,0.050517,21.186981,-1.992348,22.999587,0.13217,0.076873,0.072739,0.0041339999999999,0.055297,0.059431,3.527259,0.0747585807804983,2.5797177380774294,1077.0,3,1.0989460059171607,3.7327313769754165,1.0446898349753937,-0.0894868584172831,-0.09305410507277205
7812.0,0.046842,21.179105,-2.002717,22.999981,0.131931,0.076721,0.072928,0.0037929999999999,0.0552099999999999,0.0590029999999999,3.75357,0.0687000778830304,2.289614179906124,1078.0,3,1.091031804733727,3.424830699774486,1.0430462012223336,-0.0894868584172831,-0.09305410507277205
7813.0,0.054849,21.187637,-1.99773,22.996437,0.132574,0.076553,0.072519,0.0040339999999999,0.056021,0.060055,3.659273,0.0720074256542072,2.4479822409215477,1079.0,3,1.1104844674556222,3.642437923250803,1.0583678905755562,-0.0945829250679816,-0.09274792741594691
7814.0,0.054193,21.18173,-1.99983,22.991842,0.132694,0.077346,0.072608,0.0047379999999999,0.055348,0.060086,3.522544,0.0856022692370231,3.098953704153087,1080.0,3,1.1110576923076934,4.27810383747208,1.0456533444168417,-0.0894868584172831,-0.09274792741594691
7815.0,0.053274,21.191575,-2.004161,22.986591,0.133475,0.076411,0.072225,0.004186,0.057064,0.06125,3.456537,0.0733549461140805,2.5125065114771137,1081.0,3,1.1325813609467466,3.7796839729123053,1.0780726032702654,-0.0945829250679816,-0.09274792741594691
7816.0,0.052617,21.190656,-2.00193,22.995649,0.133466,0.077046,0.072813,0.004233,0.05642,0.060653,3.814862,0.0750252565534109,2.592487161796343,1082.0,3,1.1215421597633146,3.822121896162874,1.0659059350292368,-0.0945829250679816,-0.09261169499727238
7817.0,0.047761,21.186456,-2.002061,22.999062,0.132179,0.07671,0.072666,0.004044,0.0554689999999999,0.0595129999999999,3.645129,0.0729042725797729,2.49092659345299,1083.0,3,1.100462278106508,3.651467268623355,1.0479393177975298,-0.09152114849973014,-0.09261169499727238
7818.0,0.048155,21.199451,-1.99038,22.9988,0.132437,0.076668,0.072702,0.0039659999999999,0.055769,0.0597349999999999,3.404674,0.0711135018827326,2.405177859834749,1084.0,3,1.1045673076923068,3.5810383747180667,1.0536070203942842,-0.0945829250679816,-0.09278118092673751
7819.0,0.049861,21.18278,-1.998386,22.998537,0.133181,0.076889,0.073516,0.003373,0.0562919999999999,0.0596649999999999,3.866725,0.0599186399729984,1.869126408145652,1085.0,3,1.1032729289940821,3.0455981941312014,1.0634877152546205,-0.0945829250679816,-0.09278118092673751
7820.0,0.050386,21.185799,-2.000617,22.990661,0.133089,0.077346,0.072876,0.00447,0.055743,0.060213,3.531974,0.0801880022962112,2.8396985497030935,1086.0,3,1.1134060650887585,4.036117381490207,1.0531158195025656,-0.0932206008812364,-0.09329078759180737
7821.0,0.053799,21.180418,-1.99983,22.987773,0.132969,0.077603,0.07296,0.004643,0.055366,0.060009,3.654559,0.0838586161431901,3.0154611358902645,1087.0,3,1.109633875739646,4.192325056433789,1.0459934065726468,-0.0894868584172831,-0.09315455517313284
7822.0,0.051042,21.191575,-1.989855,22.991711,0.133245,0.077593,0.073264,0.0043289999999999,0.055652,0.059981,3.607411,0.0777855641205325,2.7246609117179323,1088.0,3,1.109116124260356,3.908803611738412,1.0513966163815507,-0.0911817177119344,-0.09301832275445833
7823.0,0.053536,21.1879,-1.999567,22.997225,0.133236,0.077293,0.073416,0.003877,0.0559429999999999,0.05982,3.668703,0.0693014443014444,2.31840983135651,1089.0,3,1.1061390532544388,3.500677200903251,1.0568942879003986,-0.0945829250679816,-0.09301832275445833
7824.0,0.056424,21.189868,-2.003242,22.997487,0.132914,0.076542,0.072508,0.0040339999999999,0.056372,0.060406,3.470681,0.0715590797012753,2.426513776114575,1090.0,3,1.116974852071007,3.642437923250803,1.0649991026137564,-0.0945829250679816,-0.09301832275445833
7825.0,0.04973,21.190787,-2.004817,22.995387,0.13296,0.077236,0.072419,0.004817,0.0557239999999999,0.060541,3.800718,0.0864423508299686,3.13917992231163,1091.0,3,1.1194711538461548,4.349435665914615,1.0527568650047694,-0.0932206008812364,-0.09301832275445833
7826.0,0.053142,21.202995,-1.994055,22.993943,0.132731,0.076978,0.072823,0.004155,0.0557529999999999,0.0599079999999999,3.711136,0.0745238009828892,2.5684756117921377,1092.0,3,1.1077662721893484,3.7516930022576758,1.0533047429224556,-0.0932206008812364,-0.09281443443752813
7827.0,0.05078,21.189868,-2.004555,22.997881,0.133567,0.078097,0.073679,0.004418,0.0554699999999999,0.059888,3.692277,0.0796452200248779,2.813708124198486,1093.0,3,1.107396449704143,3.9891647855534083,1.047958210139519,-0.09152114849973014,-0.09332404110259798
7828.0,0.051305,21.191969,-1.995367,22.992367,0.133925,0.07723,0.072492,0.0047379999999999,0.0566949999999999,0.0614329999999999,3.470681,0.0835685057146887,3.0015695740646473,1094.0,3,1.1359652366863897,4.27810383747208,1.071101329076258,-0.0945829250679816,-0.0936641618382027
7829.0,0.058655,21.19,-1.995236,22.99368,0.133916,0.077377,0.073311,0.004066,0.056539,0.060605,3.663988,0.071913689423417,2.443493803011721,1095.0,3,1.1206545857988177,3.6713318284427703,1.0681541237259486,-0.0945829250679816,-0.0936641618382027
7830.0,0.054324,21.181468,-1.989986,22.994993,0.133346,0.077713,0.07317,0.004543,0.0556329999999999,0.0601759999999999,3.86201,0.0816586979185391,2.9101209032522832,1096.0,3,1.1127218934911236,4.102031602709175,1.0510376618837545,-0.0911817177119344,-0.0936641618382027
7831.0,0.05288,21.179893,-2.001798,22.996306,0.134265,0.077965,0.073149,0.004816,0.0562999999999999,0.0611159999999999,3.541403,0.0855402213104563,3.095982619616394,1097.0,3,1.1301035502958572,4.348532731377369,1.063638853990534,-0.0945829250679816,-0.09380039425687722
7832.0,0.057736,21.19315,-2.005605,23.000375,0.133548,0.077236,0.072907,0.0043289999999999,0.056312,0.060641,3.786573,0.0768739012306217,2.681007115938382,1098.0,3,1.1213202662721904,3.908803611738412,1.063865562094406,-0.0945829250679816,-0.09393662667555173
7833.0,0.058393,21.182387,-1.992873,23.00602,0.133107,0.076926,0.073175,0.0037509999999999,0.056181,0.059932,3.937447,0.0667651560998182,2.1969629583761976,1099.0,3,1.1082100591715986,3.386907449210148,1.061390665293824,-0.0945829250679816,-0.09424280433237689
7834.0,0.053536,21.185274,-1.993398,23.002869,0.133998,0.077288,0.0737,0.0035879999999999,0.05671,0.060298,3.829007,0.063268149036342,2.02951330798672,1100.0,3,1.1149778106508885,3.239729119639029,1.0713847142060977,-0.0945829250679816,-0.09390268359677216
7835.0,0.057868,21.184749,-1.993267,23.004313,0.134182,0.077729,0.073075,0.004654,0.0564529999999999,0.0611069999999999,3.706422,0.0824387997307543,2.9474750673567685,1101.0,3,1.129937130177514,4.202257336343496,1.0665293823148778,-0.0945829250679816,-0.09390268359677216
7836.0,0.052486,21.182518,-1.995236,22.999194,0.134311,0.078049,0.073301,0.0047479999999999,0.056262,0.06101,3.805433,0.0843893855642249,3.0408763416294686,1102.0,3,1.1281434911242614,4.287133182844541,1.0629209449949473,-0.0945829250679816,-0.09400455878122527
7837.0,0.054061,21.191706,-1.999961,22.998537,0.134164,0.078406,0.073737,0.004669,0.055758,0.060427,3.796003,0.0837353611076239,3.0095592282762205,1103.0,3,1.1173631656804746,4.2158013544021875,1.0533992046324032,-0.0945829250679816,-0.09400455878122527
7838.0,0.050255,21.190131,-1.992217,23.002869,0.133355,0.077703,0.073364,0.0043389999999999,0.055652,0.059991,3.475396,0.0779652489533357,2.7332648870279725,1104.0,3,1.1093010355029598,3.917832957110874,1.0513966163815507,-0.0911817177119344,-0.09400455878122527
7839.0,0.051042,21.189737,-1.993792,23.000769,0.133319,0.077446,0.073784,0.0036619999999999,0.0558729999999999,0.0595349999999999,3.602696,0.065540322869313,2.13831340677088,1105.0,3,1.1008690828402359,3.306546275395243,1.0555718239611565,-0.0945829250679816,-0.09400455878122527
7840.0,0.050386,21.181993,-1.996548,23.00195,0.133025,0.077362,0.07339,0.003972,0.055663,0.059635,3.885584,0.071356711698764,2.416823646625146,1106.0,3,1.1027181952662732,3.5864559819416337,1.0516044321434317,-0.09220046955646544,-0.09400455878122527
7841.0,0.051699,21.187637,-1.994317,23.001031,0.133723,0.077157,0.073721,0.003436,0.056566,0.060002,3.630985,0.0607421288030125,1.9085581033588783,1107.0,3,1.1095044378698236,3.102483069977707,1.0686642169596563,-0.0945829250679816,-0.09400455878122527
7842.0,0.056424,21.197744,-1.999042,22.994599,0.134614,0.077908,0.073642,0.004266,0.056706,0.060972,3.564977,0.075228807730968,2.6022339460892,1108.0,3,1.127440828402368,3.851918735891996,1.0713091448381409,-0.0945829250679816,-0.09369838112440013
7843.0,0.051042,21.185668,-1.994317,23.004576,0.134375,0.07795,0.073065,0.004885,0.0564249999999999,0.0613099999999999,3.838436,0.0865735653776628,3.145462960846749,1109.0,3,1.1336908284023661,4.410835214447351,1.066000396739181,-0.0945829250679816,-0.0934601355732485
7844.0,0.054061,21.193544,-1.99248,23.00195,0.134274,0.077845,0.072954,0.0048909999999999,0.056429,0.06132,3.777144,0.0866737550948075,3.1502604155856124,1110.0,3,1.1338757396449715,4.416252821670738,1.0660759661071395,-0.0945829250679816,-0.09349407865202808
7845.0,0.054455,21.19315,-1.99143,23.005232,0.134449,0.078175,0.073663,0.0045119999999999,0.056274,0.060786,3.786573,0.0801776988005328,2.8392051801679963,1111.0,3,1.124001479289942,4.074040632054454,1.0631476530988173,-0.0945829250679816,-0.09349407865202808
7846.0,0.049992,21.190919,-1.987755,23.008908,0.133668,0.07816,0.073542,0.0046179999999999,0.055508,0.060126,3.843151,0.083193716334288,2.983623270388784,1112.0,3,1.1117973372781076,4.169751693002544,1.0486761191351095,-0.09152114849973014,-0.0937323242031797
7847.0,0.053142,21.179499,-1.994973,23.007726,0.133374,0.077703,0.073164,0.0045389999999999,0.055671,0.0602099999999999,3.866725,0.0815311107917802,2.90401155906676,1113.0,3,1.1133505917159756,4.0984198645601,1.051755570879345,-0.09220046955646544,-0.0937323242031797
7848.0,0.058393,21.193938,-1.994186,23.011402,0.133484,0.077997,0.073626,0.004371,0.0554869999999999,0.0598579999999999,3.899729,0.0787737889273356,2.7719807756477723,1114.0,3,1.1068417159763306,3.94672686230284,1.048279379953335,-0.09152114849973014,-0.0937323242031797
7849.0,0.056818,21.188818,-1.997992,23.010089,0.13375,0.077404,0.073553,0.003851,0.056346,0.060197,3.5084,0.0683443661596891,2.272581385109961,1115.0,3,1.1131102071005927,3.4772009029348516,1.064507901722038,-0.0945829250679816,-0.0937323242031797
7850.0,0.055505,21.185537,-2.002455,23.00707,0.133622,0.077472,0.072933,0.004539,0.0561499999999999,0.0606889999999999,3.404674,0.0808356039963669,2.870708117689184,1116.0,3,1.1222078402366857,4.0984198645601895,1.0608050026921578,-0.0945829250679816,-0.0937323242031797
7851.0,0.066268,21.20142,-1.996548,23.008908,0.134237,0.07774,0.073107,0.0046329999999999,0.0564969999999999,0.0611299999999999,3.536688,0.0820029027576197,2.9266027058109305,1117.0,3,1.1303624260355023,4.183295711061237,1.0673606453624014,-0.0945829250679816,-0.0937323242031797
7852.0,0.05498,21.182518,-1.99143,23.003526,0.134182,0.077866,0.073311,0.004555,0.0563159999999999,0.0608709999999999,3.758284,0.0808814389971057,2.8729028672879107,1118.0,3,1.1255732248520702,4.112866817156128,1.0639411314623608,-0.0945829250679816,-0.09403850186000484
7853.0,0.065874,21.182255,-1.987886,23.002869,0.134715,0.077803,0.072902,0.004901,0.056912,0.061813,3.555548,0.0861138931351361,3.123452151343743,1119.0,3,1.1429918639053265,4.42528216704329,1.0752009672879108,-0.0945829250679816,-0.09427674741115646
7854.0,0.065612,21.18278,-1.994448,23.009302,0.135101,0.078359,0.074062,0.0042969999999999,0.056742,0.0610389999999999,3.74414,0.0757274024989865,2.6261085102737316,1120.0,3,1.1286797337278098,3.879909706546536,1.0719892691497512,-0.0945829250679816,-0.0945829250679816
7855.0,0.054718,21.204045,-1.988936,23.003263,0.135202,0.077367,0.072928,0.0044389999999999,0.0578349999999999,0.0622739999999999,3.715851,0.0767515042534061,2.6751462953362375,1121.0,3,1.1515162721893484,4.008126410835486,1.0926385989439171,-0.0945829250679816,-0.0945829250679816
7856.0,0.062593,21.192625,-1.996548,23.006939,0.135055,0.077929,0.07412,0.0038089999999999,0.057126,0.060935,3.847866,0.0666760025907187,2.1926939581543725,1122.0,3,1.126756656804735,3.439277652370424,1.0792439284735942,-0.0945829250679816,-0.0945829250679816
7857.0,0.06128,21.19,-1.996023,23.006545,0.133888,0.07795,0.073642,0.004308,0.055938,0.060246,3.470681,0.0770124600010727,2.6876418230605785,1123.0,3,1.1140162721893503,3.889841986456334,1.0567998261904548,-0.0945829250679816,-0.0945829250679816
7858.0,0.058393,21.195775,-1.995761,23.007726,0.134302,0.078186,0.072912,0.005274,0.056116,0.06139,3.659273,0.0939822157278543,3.5002165797211244,1124.0,3,1.1351701183431964,4.762076749436097,1.0601626630645278,-0.0945829250679816,-0.0945829250679816
7859.0,0.062068,21.197088,-1.985917,23.007464,0.134522,0.078685,0.073689,0.004996,0.055837,0.060833,3.687562,0.0894731186647086,3.2843043115756307,1125.0,3,1.1248705621301787,4.5110609480816715,1.054891699649548,-0.0945829250679816,-0.0945829250679816
7860.0,0.06233,21.187506,-1.992086,23.002213,0.134513,0.078212,0.073558,0.004654,0.0563009999999999,0.0609549999999999,3.319807,0.0826613619409613,2.958132170305833,1126.0,3,1.12712647928994,4.202257336343496,1.0636577463325232,-0.0945829250679816,-0.0945829250679816
7861.0,0.06233,21.191575,-1.985392,23.00707,0.135165,0.078632,0.073968,0.0046639999999999,0.056533,0.061197,3.546118,0.0824990271341137,2.950358978499451,1127.0,3,1.1316013313609479,4.211286681715866,1.0680407696740137,-0.0945829250679816,-0.0945829250679816
7862.0,0.063249,21.190656,-1.999698,23.006282,0.13432,0.077356,0.073742,0.0036139999999999,0.056964,0.0605779999999999,3.678133,0.0634424646712892,2.037860186217019,1128.0,3,1.1201553254437864,3.2632054176074283,1.076183369071348,-0.0945829250679816,-0.0945829250679816
7863.0,0.067187,21.199451,-1.994842,23.00707,0.133943,0.077834,0.073747,0.004087,0.056109,0.060196,3.399959,0.0728390661201213,2.48780426665364,1129.0,3,1.1130917159763325,3.690293453724939,1.0600304166706036,-0.0945829250679816,-0.0945829250679816
7864.0,0.065612,21.193675,-1.989198,23.009696,0.13454,0.078653,0.073805,0.004848,0.0558869999999999,0.060735,3.546118,0.0867449184082451,3.153667978607185,1130.0,3,1.1230584319526637,4.377426636569245,1.055836316749005,-0.0945829250679816,-0.0945829250679816
7865.0,0.064299,21.199188,-1.988936,23.004313,0.134614,0.078275,0.073338,0.0049369999999999,0.056339,0.061276,3.216082,0.087628682996095,3.19598590035452,1131.0,3,1.133062130177516,4.45778781038406,1.0643756553281138,-0.0945829250679816,-0.0945829250679816
7866.0,0.068368,21.197613,-1.987361,23.00497,0.134623,0.078002,0.073117,0.004885,0.0566209999999999,0.0615059999999999,3.517829,0.0862738864752216,3.1311132250492495,1132.0,3,1.1373150887573957,4.410835214447351,1.069703295769059,-0.0945829250679816,-0.0945829250679816
7867.0,0.06653,21.185274,-1.986705,23.008908,0.134495,0.078338,0.073952,0.004386,0.056157,0.060543,3.62627,0.0781010719754977,2.7397685963894443,1133.0,3,1.1195081360946757,3.960270880361532,1.060937249086084,-0.0945829250679816,-0.0945829250679816
7868.0,0.070206,21.196038,-1.991036,23.008777,0.135579,0.077719,0.073275,0.0044439999999999,0.05786,0.062304,3.98931,0.0768047562261279,2.677696197024438,1134.0,3,1.1520710059171608,4.012641083521718,1.0931109074936485,-0.0945829250679816,-0.0945829250679816
7869.0,0.067449,21.192625,-1.988017,23.007333,0.135579,0.078947,0.074083,0.004864,0.056632,0.061496,3.536688,0.0858863206964138,3.1125551400965197,1135.0,3,1.137130177514794,4.391873589165183,1.0699111115309419,-0.0945829250679816,-0.0945829250679816
7870.0,0.070599,21.198663,-1.99353,23.012058,0.136249,0.078973,0.074067,0.004906,0.057276,0.062182,3.682848,0.0856539274054159,3.101427288586895,1136.0,3,1.1498150887573977,4.42979683972952,1.0820777797719705,-0.0945829250679816,-0.0945829250679816
7871.0,0.070468,21.178317,-2.003767,23.010483,0.13568,0.077498,0.073815,0.0036829999999999,0.058182,0.0618649999999999,3.781858,0.0633002767131291,2.03105170014555,1137.0,3,1.1439534023668632,3.3255079006774113,1.0991942416141627,-0.0945829250679816,-0.0945829250679816
7872.0,0.069943,21.189081,-1.999436,23.016916,0.134596,0.078422,0.073747,0.004675,0.0561739999999999,0.060849,3.536688,0.0832220738762797,2.98498113452981,1138.0,3,1.1251664201183442,4.221218961625665,1.061258418899898,-0.0945829250679816,-0.0945829250679816
7873.0,0.075062,21.191312,-1.995761,23.011665,0.134559,0.078207,0.074687,0.0035199999999999,0.056352,0.059872,3.715851,0.0624634003513565,1.9909789603270789,1139.0,3,1.1071005917159775,3.178329571106292,1.064621255773973,-0.0945829250679816,-0.0945829250679816
7874.0,0.072699,21.18383,-1.991955,23.004838,0.134917,0.078643,0.074545,0.004098,0.056274,0.060372,3.494255,0.0728209684584629,2.486937683583447,1140.0,3,1.116346153846155,3.7002257336346465,1.0631476530988173,-0.0945829250679816,-0.0933195164188257
7875.0,0.069549,21.194331,-1.991955,23.016653,0.135147,0.07848,0.074283,0.0041969999999999,0.0566669999999999,0.0608639999999999,3.673418,0.0740629632243946,2.546408993067756,1141.0,3,1.1254437869822478,3.7896162528219226,1.0705723435005612,-0.0945829250679816,-0.0945829250679816
7876.0,0.077818,21.201157,-1.994055,23.00917,0.135937,0.078427,0.074115,0.0043119999999999,0.05751,0.061822,3.564977,0.0749769609292134,2.590174588432772,1142.0,3,1.1431582840236698,3.8934537246052283,1.0864985877974374,-0.0945829250679816,-0.0945829250679816
7877.0,0.07795,21.189868,-1.999436,23.015865,0.135349,0.078128,0.074598,0.00353,0.0572209999999999,0.060751,3.546118,0.0616895599594562,1.9539246162182775,1143.0,3,1.1233542899408295,3.1873589164788436,1.081038700962564,-0.0945829250679816,-0.0945829250679816
7878.0,0.075193,21.186718,-1.993923,23.016916,0.135321,0.080664,0.074482,0.0061819999999999,0.054657,0.0608389999999999,3.649844,0.1131032968641368,4.415804765052538,1144.0,3,1.124981508875739,5.581941309255494,1.032598736102322,-0.08194883857642254,-0.08194883857642254
